timestamp,open,high,low,close,volume
1772323200000000,66973.26,67121.8,66620.5,66791.29,560.35194
1772326800000000,66791.29,67703.32,66042.72,67339.36,1630.19028
1772330400000000,67339.36,68199.99,67339.36,67620.65,1861.8227
1772334000000000,67620.65,67813.33,67400.0,67502.16,637.99716
1772337600000000,67502.16,67612.14,67079.36,67346.5,631.60541
1772341200000000,67346.5,67574.65,67200.0,67292.09,437.89406
1772344800000000,67292.08,67345.8,66749.35,66926.68,1159.96329
1772348400000000,66926.69,67235.72,66784.58,67141.39,937.93278
1772352000000000,67141.4,67292.3,66389.33,66560.14,1475.81311
1772355600000000,66560.14,66771.1,66246.95,66410.08,815.73368
1772359200000000,66410.09,66731.47,66215.71,66467.06,621.17753
1772362800000000,66467.07,66661.61,66372.27,66468.03,338.19615
1772366400000000,66468.04,66550.0,66241.97,66296.48,388.82935
1772370000000000,66296.48,67360.57,66132.27,66934.79,1311.02111
1772373600000000,66934.8,67320.19,66752.58,66847.8,911.62631
1772377200000000,66847.8,67243.69,66828.6,66842.42,1028.55576
1772380800000000,66842.42,67112.37,65730.28,66135.45,1500.74296
1772384400000000,66135.45,66219.77,65699.98,65979.61,952.1973
1772388000000000,65979.61,66657.44,65979.61,66316.83,906.08265
1772391600000000,66316.84,66345.95,65772.29,65962.17,541.15631
1772395200000000,65962.16,65962.16,65084.02,65300.0,961.21349
1772398800000000,65300.01,65756.5,65281.83,65666.2,996.50526
1772402400000000,65666.19,66491.43,65056.0,65268.71,1763.29476
1772406000000000,65268.71,66080.0,65125.67,65776.47,831.95524
1772409600000000,65776.48,66796.44,65761.04,66501.52,990.0826
1772413200000000,66501.52,67079.0,66358.45,66532.02,886.93071
1772416800000000,66532.02,66609.94,65890.5,66276.77,554.16265
1772420400000000,66276.77,67037.22,66101.07,66820.03,509.4124
1772424000000000,66820.03,66975.74,66633.13,66862.12,750.65203
1772427600000000,66862.11,66995.64,66547.81,66730.78,887.19458
1772431200000000,66730.78,66739.45,66062.83,66204.9,677.75967
1772434800000000,66204.9,66209.46,65542.6,66007.52,1294.85905
1772438400000000,66007.8,66306.0,65654.54,66282.0,1104.41132
1772442000000000,66281.99,66720.84,66164.96,66168.62,1786.28426
1772445600000000,66168.61,66381.74,66079.24,66316.4,436.29038
1772449200000000,66316.39,66462.4,66003.59,66359.68,1034.77975
1772452800000000,66359.67,66391.38,65874.92,65963.43,763.09374
1772456400000000,65963.43,66157.28,65350.0,65440.01,1576.81345
1772460000000000,65440.01,67220.81,65259.21,67177.06,3015.13713
1772463600000000,67177.05,69617.74,66975.29,69130.2,5476.56874
1772467200000000,69130.2,70096.0,68933.69,69428.62,3440.03188
1772470800000000,69428.62,69578.0,68793.88,69198.0,1445.4415
1772474400000000,69198.0,69268.15,68727.83,68877.67,1055.7431
1772478000000000,68877.67,69049.32,68576.18,68966.53,886.89114
1772481600000000,68966.52,69505.0,68584.9,69106.58,1028.13825
1772485200000000,69106.58,69539.77,69000.71,69413.82,441.38382
1772488800000000,69413.82,69501.62,69136.36,69440.49,1330.59238
1772492400000000,69440.48,69479.58,68740.0,68830.06,637.72978
1772496000000000,68830.06,69166.61,68644.38,69092.88,602.91075
1772499600000000,69092.89,69258.08,68755.0,68760.01,452.46998
1772503200000000,68760.01,68774.13,68210.71,68512.17,848.26905
1772506800000000,68512.17,68550.0,68231.47,68377.94,458.44735
1772510400000000,68377.94,68454.63,68050.11,68123.2,436.46143
1772514000000000,68123.19,68617.42,67845.84,67947.75,913.85345
1772517600000000,67947.75,68250.24,67800.0,68106.73,821.19287
1772521200000000,68106.73,68275.2,67951.24,68172.8,1165.60519
1772524800000000,68172.79,68311.83,66905.0,67003.3,1883.4522
1772528400000000,67003.3,67184.71,66340.14,66647.98,1767.88336
1772532000000000,66647.98,67030.75,66440.46,66860.3,1159.50732
1772535600000000,66860.3,67166.5,66779.37,67026.61,1271.91624
1772539200000000,67026.6,67973.2,67025.93,67399.85,1323.51079
1772542800000000,67399.85,67435.0,66635.3,66931.31,709.75818
1772546400000000,66931.32,67603.94,66158.0,66568.95,1714.82463
1772550000000000,66568.95,67834.93,66471.79,67725.81,1695.1952
1772553600000000,67725.82,68999.0,67473.09,68175.9,2581.91143
1772557200000000,68175.89,68400.0,67626.53,68318.66,982.14848
1772560800000000,68318.66,68914.01,67976.47,68628.49,974.13002
1772564400000000,68628.5,68888.88,68312.83,68435.0,946.51026
1772568000000000,68435.0,68591.24,68092.1,68266.0,592.99873
1772571600000000,68265.99,68265.99,67832.3,68024.62,519.92364
1772575200000000,68024.63,68524.54,68024.62,68327.2,573.87256
1772578800000000,68327.2,68860.0,68245.64,68338.0,575.48869
1772582400000000,68338.01,68413.9,67857.61,68093.19,767.61923
1772586000000000,68093.2,68909.34,67963.28,68405.0,1294.62328
1772589600000000,68405.0,68447.72,67984.56,68323.33,798.11328
1772593200000000,68323.33,68383.63,67400.0,67732.2,954.50771
1772596800000000,67732.19,67954.89,67467.6,67786.0,1066.3898
1772600400000000,67786.0,68397.84,67682.64,68206.59,666.28769
1772604000000000,68206.58,68678.76,68048.63,68508.02,1288.48108
1772607600000000,68508.02,69668.0,68349.49,69493.13,2067.68212
1772611200000000,69493.14,71163.0,69098.91,71011.4,4675.3565
1772614800000000,71011.4,71893.0,70724.26,71520.76,4196.19004
1772618400000000,71520.76,71878.17,71200.0,71348.92,2079.39146
1772622000000000,71348.92,71499.75,70928.25,71111.4,1195.15977
1772625600000000,71111.4,71364.14,70588.0,71339.71,1486.53558
1772629200000000,71339.72,71624.99,71214.4,71477.17,1568.2684
1772632800000000,71477.17,72633.0,71300.1,71621.04,4139.0795
1772636400000000,71621.03,73479.75,71580.62,73396.88,4184.35996
1772640000000000,73396.87,73500.0,72541.69,73294.84,2627.55973
1772643600000000,73294.84,73759.99,72932.8,73218.92,2258.8783
1772647200000000,73218.93,73700.0,72912.11,73693.5,1121.5369
1772650800000000,73693.5,74050.0,73516.0,73611.1,2657.03129
1772654400000000,73611.67,73716.0,73001.05,73019.68,904.52712
1772658000000000,73019.69,73322.93,72878.0,73309.72,836.52696
1772661600000000,73309.73,73523.31,72638.29,72705.86,894.79856
1772665200000000,72705.86,72880.88,72313.04,72666.77,1190.17184
1772668800000000,72666.77,73000.0,72553.65,72760.0,1004.77646
1772672400000000,72759.99,73306.82,72409.1,72538.72,821.18852
1772676000000000,72538.72,72916.5,72336.76,72506.19,628.62779
1772679600000000,72506.18,72750.0,72344.51,72497.89,668.37206
1772683200000000,72497.89,73081.08,72447.96,72815.7,750.0071
1772686800000000,72815.7,72912.82,72260.74,72412.15,1085.89796
1772690400000000,72412.15,72655.23,72037.56,72553.62,1063.1049
1772694000000000,72553.63,72675.07,71759.95,72055.5,1447.01462
1772697600000000,72055.5,72370.21,71757.17,72333.7,1421.17898
1772701200000000,72333.7,72875.85,72298.83,72591.59,1160.78148
1772704800000000,72591.59,73558.15,72517.06,73388.92,1589.2678
1772708400000000,73388.91,73449.96,72766.75,72915.79,2091.15218
1772712000000000,72915.8,73063.38,72666.93,72890.73,729.99152
1772715600000000,72890.73,72935.3,72189.7,72467.79,1108.98859
1772719200000000,72467.79,72835.73,71944.18,72609.29,1446.63499
1772722800000000,72609.3,72770.0,71168.65,71652.77,2321.94313
1772726400000000,71652.77,71654.65,70786.06,71305.92,1736.25108
1772730000000000,71305.92,71572.0,70645.47,70704.41,1223.37093
1772733600000000,70703.37,71090.32,70656.63,70990.65,720.55573
1772737200000000,70990.66,71430.78,70870.0,70918.07,626.47744
1772740800000000,70918.08,71394.45,70840.0,71236.51,496.74041
1772744400000000,71236.51,71572.3,71023.52,71141.93,546.48691
1772748000000000,71141.93,71364.45,71074.45,71208.54,834.62565
1772751600000000,71208.54,71292.44,70777.0,70890.72,1067.0763
1772755200000000,70891.02,71047.95,70784.0,70988.19,673.4608
1772758800000000,70988.19,71301.74,70344.03,71257.2,1057.89391
1772762400000000,71257.2,71419.98,71036.0,71252.43,752.48392
1772766000000000,71252.43,71305.42,71000.0,71080.38,548.09403
1772769600000000,71080.37,71120.17,70270.21,70613.61,667.82412
1772773200000000,70613.61,70658.01,70143.19,70436.19,966.11543
1772776800000000,70436.18,70853.37,70261.23,70597.23,672.31367
1772780400000000,70597.23,71192.76,70468.97,71056.44,782.05786
1772784000000000,71056.44,71067.58,70735.85,70789.49,569.42569
1772787600000000,70789.49,70808.65,70300.0,70565.56,637.9756
1772791200000000,70565.56,70800.0,70467.88,70527.93,469.81877
1772794800000000,70527.93,70643.27,70184.01,70212.95,763.93539
1772798400000000,70212.94,70224.84,69660.0,69907.0,1907.43626
1772802000000000,69907.0,70341.76,69208.0,69208.0,2069.72961
1772805600000000,69213.18,69273.87,68176.47,68409.89,3148.50679
1772809200000000,68409.89,69100.0,68306.0,68504.71,1428.68549
1772812800000000,68504.71,68795.44,68222.0,68446.52,955.00949
1772816400000000,68446.52,68642.69,67744.78,67955.1,1236.78923
1772820000000000,67955.1,68476.47,67955.1,68181.2,514.98068
1772823600000000,68181.2,68485.01,68004.15,68131.79,617.63492
1772827200000000,68131.79,68285.71,67777.0,68111.03,668.6183
1772830800000000,68111.03,68333.33,67919.72,68289.1,604.80896
1772834400000000,68289.11,68440.92,68221.38,68319.89,304.91261
1772838000000000,68319.9,68371.24,68105.71,68114.02,611.37569
1772841600000000,68114.02,68394.09,68105.73,68290.45,653.38105
1772845200000000,68290.46,68369.11,68180.95,68262.01,316.06145
1772848800000000,68262.01,68367.73,68060.6,68350.04,316.96409
1772852400000000,68350.05,68551.04,68095.5,68095.5,450.32011
1772856000000000,68095.5,68147.73,67817.0,68063.43,621.66509
1772859600000000,68063.42,68140.49,67908.0,68018.26,493.88772
1772863200000000,68018.27,68021.14,67612.21,67690.86,489.36583
1772866800000000,67690.86,67865.23,67446.41,67842.67,768.74899
1772870400000000,67842.67,68045.07,67720.98,67795.4,465.95331
1772874000000000,67795.4,68074.97,67738.31,68000.0,332.46219
1772877600000000,68000.0,68102.73,67870.43,67880.31,319.42039
1772881200000000,67880.31,68232.27,67841.67,68010.01,372.24149
1772884800000000,68010.0,68085.41,67900.01,67992.54,359.03867
1772888400000000,67992.54,68081.16,67855.82,67931.06,318.23636
1772892000000000,67931.06,68083.79,67609.44,68016.7,473.27443
1772895600000000,68016.7,68034.67,67769.89,67877.45,577.84468
1772899200000000,67877.45,67889.68,67702.2,67783.63,349.2691
1772902800000000,67783.63,67935.01,67768.97,67788.41,217.68104
1772906400000000,67788.4,67788.41,67480.0,67568.13,1180.24782
1772910000000000,67568.13,67572.35,66915.26,67080.34,1312.2302
1772913600000000,67080.33,67437.5,67068.01,67402.98,590.47118
1772917200000000,67402.98,67483.05,67281.34,67452.98,638.99995
1772920800000000,67452.97,67469.87,67101.31,67258.65,706.81324
1772924400000000,67258.65,67403.85,67183.39,67262.91,394.96477
1772928000000000,67262.91,67481.96,67181.04,67194.77,552.27054
1772931600000000,67194.77,67353.57,67090.0,67297.27,565.85563
1772935200000000,67297.27,67426.52,66833.58,66925.44,765.90711
1772938800000000,66925.45,67083.1,66850.0,67000.26,999.40624
1772942400000000,67000.26,67100.01,66547.15,66637.36,1206.88314
1772946000000000,66637.35,67250.24,66617.76,67149.93,402.00353
1772949600000000,67149.93,67231.86,67035.18,67161.52,246.63235
1772953200000000,67161.52,67465.11,67154.91,67319.91,1010.57902
1772956800000000,67319.9,67577.36,67156.93,67539.33,1008.6246
1772960400000000,67539.34,67905.03,67474.0,67681.0,1111.87857
1772964000000000,67681.0,68200.0,67680.99,67904.14,646.22527
1772967600000000,67904.15,67904.15,67411.76,67515.0,536.67584
1772971200000000,67515.0,67650.94,66888.0,67324.72,902.41572
1772974800000000,67324.71,67431.81,66761.68,67234.86,1987.5897
1772978400000000,67234.86,67426.69,67055.73,67339.76,695.31699
1772982000000000,67339.75,67369.36,67080.0,67218.23,879.16155
1772985600000000,67218.23,67268.44,66802.47,66872.15,538.7559
1772989200000000,66872.15,67179.98,66800.01,67065.0,812.42846
1772992800000000,67065.0,67076.0,66745.54,66804.0,487.97779
1772996400000000,66803.99,67485.24,66779.82,67337.42,711.10669
1773000000000000,67337.41,67609.08,67028.45,67238.8,1144.93227
1773003600000000,67238.79,67266.0,66712.69,67020.01,959.03531
1773007200000000,67020.01,67020.01,65618.49,66236.8,2742.02435
1773010800000000,66236.8,66569.24,65930.3,65971.2,679.95244
1773014400000000,65971.2,66773.0,65821.97,66370.01,951.35538
1773018000000000,66370.01,66698.05,66131.25,66196.01,2263.78882
1773021600000000,66196.01,66707.58,65959.0,66537.32,752.57114
1773025200000000,66537.32,67668.64,66512.88,67205.05,1256.29482
1773028800000000,67205.06,67610.0,67093.09,67130.14,848.47762
1773032400000000,67131.1,68069.29,67113.02,67911.16,1145.71148
1773036000000000,67911.15,67939.55,67236.78,67267.18,578.70307
1773039600000000,67267.18,67575.81,66853.48,67555.13,1253.45589
1773043200000000,67555.13,67929.19,67391.89,67814.69,1615.43129
1773046800000000,67814.69,68460.09,67566.65,67981.02,1225.43841
1773050400000000,67981.03,68088.92,67556.72,67608.13,687.12244
1773054000000000,67608.13,67855.82,67344.45,67764.98,577.58612
1773057600000000,67764.99,68348.26,67759.57,68151.93,970.32854
1773061200000000,68151.93,69300.0,68133.93,68976.0,2460.13662
1773064800000000,68975.8,69480.0,68696.28,69151.5,2377.05802
1773068400000000,69151.5,69254.87,68717.86,68863.66,1995.45638
1773072000000000,68863.67,69225.0,68614.47,68960.12,1086.01117
1773075600000000,68960.12,69088.49,68270.34,68600.71,889.54053
1773079200000000,68600.71,68705.76,68179.12,68356.37,1350.25926
1773082800000000,68356.37,69516.65,68356.37,68991.93,1713.56623
1773086400000000,68991.93,69145.28,68762.2,68961.71,507.40424
1773090000000000,68961.15,69102.53,68660.94,68919.72,782.51759
1773093600000000,68919.71,69030.56,68597.0,68635.88,943.05059
1773097200000000,68635.88,68694.73,68384.69,68432.16,665.45565
1773100800000000,68432.16,69290.42,68391.41,69157.37,1134.03591
1773104400000000,69157.36,69389.06,68786.04,69260.01,1073.3002
1773108000000000,69260.0,70578.29,69103.12,70272.01,2010.9648
1773111600000000,70272.0,70370.86,69390.0,69429.85,1096.27179
1773115200000000,69429.85,70132.27,69429.85,70072.94,1112.05227
1773118800000000,70072.95,70355.06,69885.71,69971.34,874.03346
1773122400000000,69971.34,70185.24,69750.62,69910.91,1140.99151
1773126000000000,69910.91,70546.74,69805.7,70406.01,1780.20471
1773129600000000,70406.01,71097.64,70369.0,70709.37,1852.19984
1773133200000000,70709.37,71300.0,70653.24,71078.92,1664.83143
1773136800000000,71078.92,71086.86,70660.89,70774.04,1808.06147
1773140400000000,70774.04,70865.73,70540.4,70580.94,945.42456
1773144000000000,70580.95,70628.19,70290.88,70519.86,702.95479
1773147600000000,70519.86,70926.46,69723.25,69921.12,1644.54716
1773151200000000,69921.12,71527.54,69266.06,71467.81,2553.72955
1773154800000000,71467.81,71777.0,70900.05,71346.16,2098.87598
1773158400000000,71346.17,71700.0,70943.31,71268.59,1291.34054
1773162000000000,71268.58,71452.0,70512.64,70868.61,1383.6295
1773165600000000,70868.62,70914.9,69901.0,70013.87,1837.40169
1773169200000000,70013.87,70290.0,69739.0,70043.63,992.60769
1773172800000000,70043.63,70350.0,70007.52,70235.6,671.88971
1773176400000000,70236.34,70417.3,69541.91,69763.01,830.8687
1773180000000000,69763.02,69869.9,69452.42,69721.58,937.20086
1773183600000000,69721.58,69981.8,69698.46,69948.63,1165.15914
1773187200000000,69948.64,70173.25,69759.63,70044.87,728.92961
1773190800000000,70044.87,70144.0,69880.0,70071.26,947.24879
1773194400000000,70071.26,70119.59,69614.0,69810.72,1612.87548
1773198000000000,69810.73,69887.11,69488.7,69551.91,1113.41409
1773201600000000,69551.91,70281.87,69501.55,70130.99,759.416
1773205200000000,70130.99,70200.96,69420.0,69510.36,757.81378
1773208800000000,69510.37,69996.0,69500.01,69950.01,391.73761
1773212400000000,69950.01,70018.49,69500.67,69648.29,1171.57725
1773216000000000,69648.28,69786.32,69500.0,69662.24,672.55865
1773219600000000,69662.24,69752.06,69384.5,69466.75,939.05652
1773223200000000,69466.75,69726.45,69390.91,69604.9,1028.34397
1773226800000000,69604.9,69755.1,69150.28,69173.0,898.77254
1773230400000000,69172.99,69777.66,68977.91,69361.13,1045.64069
1773234000000000,69361.13,71091.18,69331.04,70186.09,2647.32148
1773237600000000,70186.08,70987.0,69906.77,70578.7,2251.77658
1773241200000000,70578.7,70654.43,69702.25,70227.91,1844.6963
1773244800000000,70227.92,70826.39,70161.78,70570.71,1837.92404
1773248400000000,70570.71,71321.0,70512.01,70785.99,2122.20651
1773252000000000,70785.99,70895.31,70415.27,70617.64,1134.13411
1773255600000000,70617.63,70742.38,70375.68,70641.82,644.23151
1773259200000000,70641.81,70700.0,70394.23,70634.96,383.34496
1773262800000000,70634.96,70777.17,70499.94,70741.26,576.42683
1773266400000000,70741.27,70950.0,70241.53,70373.01,1098.26512
1773270000000000,70373.01,70505.0,70125.83,70191.86,641.563
1773273600000000,70191.86,70353.87,70130.23,70225.34,658.09363
1773277200000000,70225.34,70226.94,69754.94,69841.31,760.55263
1773280800000000,69841.3,69887.93,69226.52,69286.56,742.38929
1773284400000000,69286.55,69628.25,69246.23,69446.61,415.13842
1773288000000000,69446.61,69676.88,69296.43,69372.0,436.68208
1773291600000000,69372.0,69539.61,69205.91,69480.54,734.74043
1773295200000000,69480.54,69561.84,69315.63,69501.44,719.76894
1773298800000000,69501.45,69865.98,69408.88,69826.19,830.78197
1773302400000000,69826.19,70116.37,69698.33,69917.37,1246.32882
1773306000000000,69917.36,70400.0,69580.0,69952.51,1284.31562
1773309600000000,69952.51,70511.0,69856.0,70412.11,911.03902
1773313200000000,70412.1,70800.0,70367.97,70427.91,1207.70061
1773316800000000,70427.9,70617.66,70277.38,70381.8,847.51801
1773320400000000,70381.8,70534.65,69645.0,69972.15,1340.7754
1773324000000000,69972.2,70660.69,69355.34,69590.09,2130.67842
1773327600000000,69590.09,70565.43,69476.14,70334.88,1778.50463
1773331200000000,70334.89,70569.15,69905.71,70381.16,1271.41787
1773334800000000,70381.15,70547.19,70076.16,70212.06,843.93551
1773338400000000,70212.05,70303.51,69800.0,69819.64,742.85798
1773342000000000,69819.64,70548.81,69770.85,70432.32,757.84664
1773345600000000,70432.33,70555.2,70111.28,70164.49,618.18553
1773349200000000,70164.5,70470.0,70164.5,70268.55,355.90233
1773352800000000,70268.54,70305.26,70013.17,70175.64,467.42484
1773356400000000,70175.64,70734.25,70159.35,70541.34,894.58188
1773360000000000,70541.34,72000.0,70386.01,71475.61,2857.31114
1773363600000000,71475.6,71759.95,71283.99,71672.39,975.74666
1773367200000000,71672.38,71696.68,71045.52,71143.8,994.81538
1773370800000000,71143.8,71508.87,70964.43,71405.75,927.82134
1773374400000000,71405.76,71493.77,71214.01,71393.94,780.92498
1773378000000000,71393.93,71637.54,71242.02,71546.29,1178.90406
1773381600000000,71546.28,71593.22,71180.19,71342.0,1081.97604
1773385200000000,71342.0,71672.76,71236.08,71612.22,1139.8319
1773388800000000,71612.23,72142.85,71385.28,71821.02,1820.16796
1773392400000000,71821.01,72100.37,71589.81,72006.57,925.21442
1773396000000000,72006.56,72575.98,71995.53,72458.12,1635.35127
1773399600000000,72458.11,72526.12,72207.41,72228.82,724.41705
1773403200000000,72228.81,72884.68,72210.0,72784.73,1142.93241
1773406800000000,72784.73,73585.27,72684.88,73379.18,3297.40201
1773410400000000,73379.18,73913.74,72350.0,72382.72,4558.05031
1773414000000000,72382.72,72829.12,71736.34,71831.46,3305.45471
1773417600000000,71831.46,72100.0,71154.54,71885.57,2334.3461
1773421200000000,71885.56,72249.99,70914.09,71037.93,1889.70074
1773424800000000,71037.93,71350.94,70841.23,71055.45,738.18799
1773428400000000,71055.45,71309.94,71006.19,71189.95,507.07823
1773432000000000,71189.96,71469.53,71150.0,71346.84,554.4729
1773435600000000,71346.84,71491.03,71058.25,71104.65,650.14338
1773439200000000,71104.65,71189.26,70559.02,70814.0,863.33877
1773442800000000,70814.0,71005.3,70688.45,70930.0,1113.02703
1773446400000000,70930.01,70951.8,70555.0,70631.97,763.50434
1773450000000000,70631.96,70941.05,70481.7,70831.7,791.55133
1773453600000000,70831.7,70948.66,70735.21,70783.27,1013.67533
1773457200000000,70783.27,71185.23,70783.26,71081.3,944.72261
1773460800000000,71081.31,71307.92,71021.11,71039.58,707.08065
1773464400000000,71039.57,71151.3,70916.96,71013.75,759.3407
1773468000000000,71013.75,71013.75,70317.0,70622.08,712.17672
1773471600000000,70622.09,70743.88,70489.03,70596.68,750.98425
1773475200000000,70596.68,70710.76,70536.58,70585.63,461.44808
1773478800000000,70585.64,70728.07,70400.0,70501.16,893.97396
1773482400000000,70501.16,70575.1,70389.08,70570.44,624.35522
1773486000000000,70570.44,70784.38,70562.66,70751.42,515.18098
1773489600000000,70751.42,70835.48,70616.44,70780.59,472.56223
1773493200000000,70780.59,70930.56,70711.54,70847.35,886.4995
1773496800000000,70847.34,70941.17,70578.76,70599.22,329.16955
1773500400000000,70599.23,70728.59,70501.0,70580.09,849.34654
1773504000000000,70580.09,70709.4,70500.0,70672.53,379.28346
1773507600000000,70672.52,70733.02,70590.0,70617.01,134.37087
1773511200000000,70617.01,70708.88,70559.35,70668.23,95.80359
1773514800000000,70668.23,70740.34,70595.14,70700.0,77.47303
1773518400000000,70699.99,70856.4,70650.09,70805.71,114.01852
1773522000000000,70805.71,70825.04,70661.06,70799.99,113.91325
1773525600000000,70799.99,70805.15,70695.29,70710.91,89.24315
1773529200000000,70710.9,71253.17,70710.9,71211.95,537.56951
1773532800000000,71211.95,71220.74,70967.59,70985.28,576.24004
1773536400000000,70985.29,71037.41,70858.82,70985.83,340.54476
1773540000000000,70985.84,71634.08,70985.84,71450.53,895.09143
1773543600000000,71450.54,71538.03,71240.68,71363.14,779.68802
1773547200000000,71363.13,71661.55,71330.66,71606.32,779.77883
1773550800000000,71606.31,71800.68,71476.0,71489.68,792.96245
1773554400000000,71489.67,71595.43,71373.75,71458.41,528.89919
1773558000000000,71458.41,71658.44,71411.88,71453.59,276.05348
1773561600000000,71453.59,71736.72,71453.59,71717.5,551.40345
1773565200000000,71717.5,71940.49,71713.9,71791.1,640.93656
1773568800000000,71791.11,71919.19,71714.37,71783.09,525.0135
1773572400000000,71783.1,71888.0,71659.71,71839.42,452.79199
1773576000000000,71839.41,71839.42,71560.21,71610.33,324.76249
1773579600000000,71610.33,71679.81,71263.99,71607.54,1108.48189
1773583200000000,71607.54,71635.56,71341.68,71622.03,452.09243
1773586800000000,71622.04,71626.0,71410.0,71481.24,210.01259
1773590400000000,71481.24,71586.75,71320.08,71437.35,302.61771
1773594000000000,71437.35,71989.93,71409.74,71819.95,365.80062
1773597600000000,71819.96,71885.55,71321.87,71390.53,321.10675
1773601200000000,71390.53,71582.83,71338.67,71549.94,251.59972
1773604800000000,71549.94,71930.0,71433.75,71730.81,236.54566
1773608400000000,71730.81,72222.0,71629.99,72109.58,459.80342
1773612000000000,72109.59,73081.77,71725.74,72749.44,1471.44945
1773615600000000,72749.45,73199.0,72420.44,72815.24,1393.63061
1773619200000000,72815.25,73008.94,72452.26,72531.26,685.4345
1773622800000000,72531.27,72852.28,72270.41,72752.9,715.87613
1773626400000000,72752.9,72852.28,72368.08,72514.69,487.11967
1773630000000000,72514.69,74330.34,72436.02,73573.32,3424.72669
1773633600000000,73573.31,74451.03,73573.31,73835.62,1907.76761
1773637200000000,73835.62,74258.07,73720.0,74207.49,1421.12171
1773640800000000,74207.49,74207.5,73610.0,73714.36,1229.39836
1773644400000000,73714.36,73924.83,73385.18,73456.68,958.93738
1773648000000000,73456.69,73776.13,72888.8,73135.0,1562.06854
1773651600000000,73135.0,73331.88,73057.25,73260.92,531.7209
1773655200000000,73260.92,73783.42,73202.89,73783.42,1038.45265
1773658800000000,73783.42,73838.76,73515.33,73552.77,680.69185
1773662400000000,73552.78,74044.0,73465.46,73864.8,921.55759
1773666000000000,73864.81,74509.52,73787.0,74109.55,1593.51066
1773669600000000,74109.56,74460.19,72990.52,73565.54,2204.69587
1773673200000000,73565.54,74030.0,73186.5,73274.76,1024.65577
1773676800000000,73274.75,73901.95,73160.66,73760.63,1016.72181
1773680400000000,73760.63,74065.7,73648.7,73943.18,906.04408
1773684000000000,73943.17,74356.32,73860.0,73913.6,1086.95746
1773687600000000,73913.6,74418.6,73781.54,73963.0,1122.08511
1773691200000000,73963.0,74248.95,73863.2,74236.9,424.59345
1773694800000000,74236.9,74799.0,74150.0,74401.36,1246.95221
1773698400000000,74401.35,74899.99,74378.43,74772.66,1058.73068
1773702000000000,74773.56,74909.08,74250.21,74884.67,1159.70951
1773705600000000,74884.67,75520.23,74614.18,75318.48,2173.5367
1773709200000000,75318.48,76000.0,75074.37,75623.91,1953.08873
1773712800000000,75623.91,75677.66,75114.67,75198.02,1068.24779
1773716400000000,75198.02,75326.15,74268.73,74463.98,1730.33731
1773720000000000,74463.98,74712.89,73980.16,74252.01,2017.11887
1773723600000000,74252.0,74459.99,73784.0,74036.74,1250.81696
1773727200000000,74036.74,74276.66,73877.56,74085.45,879.74749
1773730800000000,74085.46,74457.72,74066.4,74249.32,771.242
1773734400000000,74249.32,74452.97,74108.01,74188.38,461.65295
1773738000000000,74188.38,74406.03,73841.62,73937.16,864.16263
1773741600000000,73937.16,73960.74,73560.98,73729.45,1049.0691
1773745200000000,73729.45,74224.16,73682.01,74033.11,647.95804
1773748800000000,74033.1,74170.55,73672.25,73739.74,614.23436
1773752400000000,73739.74,74167.39,73399.19,73615.48,1159.88444
1773756000000000,73615.49,74425.31,73424.79,74381.7,1362.71508
1773759600000000,74381.69,74893.94,73669.91,73914.39,1370.72331
1773763200000000,73914.4,74350.0,73855.24,74155.69,747.87279
1773766800000000,74155.68,74594.0,74006.58,74523.75,826.10844
1773770400000000,74523.76,74769.17,74386.11,74683.04,707.46038
1773774000000000,74683.04,74800.0,74427.25,74512.17,768.60522
1773777600000000,74511.21,74685.5,74359.87,74506.75,466.76372
1773781200000000,74506.75,74799.0,74450.01,74685.42,618.20101
1773784800000000,74685.42,74772.14,73934.0,74307.08,488.30847
1773788400000000,74307.08,74398.74,73871.74,73909.36,523.41057
1773792000000000,73909.37,74063.22,73535.36,73867.88,673.31061
1773795600000000,73867.88,74211.43,73820.69,74072.3,537.72886
1773799200000000,74072.3,74476.0,74051.78,74338.93,549.53806
1773802800000000,74338.93,74672.34,74250.27,74446.14,459.80928
1773806400000000,74446.14,74486.3,74137.02,74175.49,472.35206
1773810000000000,74175.48,74312.11,73830.76,73950.0,662.80056
1773813600000000,73950.01,74225.82,73938.1,73954.03,652.79254
1773817200000000,73954.03,73997.04,73700.01,73883.8,504.7237
1773820800000000,73883.8,74130.02,73863.31,74044.89,735.50464
1773824400000000,74044.9,74281.33,74042.85,74181.08,347.16358
1773828000000000,74181.08,74267.77,73816.26,73946.35,478.90858
1773831600000000,73946.35,74074.84,72800.0,72952.85,1877.69179
1773835200000000,72952.85,72981.79,72271.11,72361.24,1819.95371
1773838800000000,72361.13,72556.81,71980.0,72133.49,1607.02731
1773842400000000,72133.48,72222.45,71100.0,71193.23,2385.98822
1773846000000000,71193.23,71531.54,70857.21,71467.82,2560.23665
1773849600000000,71467.82,71565.78,71037.34,71314.08,967.21409
1773853200000000,71314.07,71750.0,71199.87,71595.21,1025.9984
1773856800000000,71595.21,72000.5,70947.78,71096.74,1475.11719
1773860400000000,71096.75,71486.14,70933.85,71072.38,867.91916
1773864000000000,71072.38,71333.33,70500.0,71214.67,1180.62213
1773867600000000,71214.67,71451.22,71167.15,71263.67,338.26453
1773871200000000,71263.67,71269.02,70944.56,71153.66,520.94837
1773874800000000,71153.67,71365.4,71069.69,71246.54,691.26691
1773878400000000,71246.55,71321.81,70976.69,71002.17,887.95607
1773882000000000,71002.18,71182.44,70951.93,71115.23,391.40796
1773885600000000,71115.24,71252.83,70902.37,71055.44,554.97617
1773889200000000,71055.44,71613.79,71053.33,71215.39,593.60943
1773892800000000,71215.39,71215.39,70654.86,70822.07,702.86032
1773896400000000,70822.06,70909.88,70661.56,70826.54,416.16191
1773900000000000,70826.55,70979.99,70505.0,70583.22,619.8514
1773903600000000,70583.22,70600.04,69478.51,70191.17,2753.9557
1773907200000000,70191.16,70300.0,69900.0,69985.19,1015.64209
1773910800000000,69985.19,70560.91,69971.99,70513.0,1262.65596
1773914400000000,70513.0,70538.74,70117.0,70133.72,613.17552
1773918000000000,70133.73,70259.37,69909.09,69952.75,542.70053
1773921600000000,69952.75,69952.76,69105.49,69290.27,1452.42038
1773925200000000,69290.28,70084.35,69081.51,69905.65,1720.19325
1773928800000000,69905.65,70179.53,69096.16,69482.25,1636.49639
1773932400000000,69482.24,69917.87,68793.35,69412.51,1898.28931
1773936000000000,69412.52,69642.35,69177.19,69455.86,858.32753
1773939600000000,69455.86,69954.18,69122.03,69854.16,759.67868
1773943200000000,69854.15,69931.1,69581.55,69821.21,442.61763
1773946800000000,69821.21,70596.42,69805.33,70271.99,1190.55299
1773950400000000,70272.0,70676.0,70201.0,70483.03,488.71031
1773954000000000,70483.03,70695.6,70371.19,70413.47,418.78383
1773957600000000,70413.46,70501.89,69954.05,70183.99,551.7482
1773961200000000,70184.0,70282.47,69718.23,69930.0,592.04663
1773964800000000,69930.01,70311.12,69837.1,70181.0,871.72419
1773968400000000,70181.0,70588.5,70181.0,70403.79,526.82154
1773972000000000,70403.8,70516.16,70086.86,70415.47,312.91426
1773975600000000,70415.48,70809.43,70388.0,70729.92,711.57589
1773979200000000,70729.93,70969.71,70557.91,70783.69,546.53749
1773982800000000,70783.7,70867.44,70521.73,70606.24,367.69531
1773986400000000,70606.23,70646.93,70346.49,70502.9,758.81391
1773990000000000,70502.91,70939.58,70160.06,70854.66,936.89906
1773993600000000,70854.66,71367.0,70800.0,71042.23,1011.96314
1773997200000000,71042.23,71042.23,70419.65,70583.8,885.49116
1774000800000000,70583.81,70670.43,70218.68,70611.68,609.11713
1774004400000000,70611.68,70810.81,70303.36,70478.71,605.56445
1774008000000000,70478.71,70685.63,70251.0,70342.63,613.27107
1774011600000000,70342.63,70613.75,69795.7,69863.84,1225.89394
1774015200000000,69863.85,70268.66,69589.38,69731.21,1679.84994
1774018800000000,69731.2,70002.68,69480.0,69860.09,1196.90076
1774022400000000,69860.09,70100.0,69608.54,69829.26,922.25773
1774026000000000,69829.27,70039.78,69388.0,70000.0,998.84797
1774029600000000,69999.99,70071.81,69525.33,69770.0,630.4796
1774033200000000,69770.01,70190.18,69673.76,70177.86,528.39593
1774036800000000,70177.85,70259.28,69754.71,70057.66,435.39665
1774040400000000,70057.66,70726.13,69946.65,70540.73,780.46042
1774044000000000,70540.72,70923.75,70532.0,70767.85,591.69583
1774047600000000,70767.85,70771.13,70430.0,70510.73,372.60008
1774051200000000,70510.73,70826.0,70467.36,70682.19,274.67077
1774054800000000,70682.2,70758.5,70445.36,70464.59,375.95226
1774058400000000,70464.6,70785.9,70431.67,70737.6,316.88084
1774062000000000,70737.6,70784.07,70632.39,70657.35,226.82019
1774065600000000,70657.35,70819.0,70617.05,70642.13,487.10407
1774069200000000,70642.14,70834.46,70635.1,70697.94,941.44912
1774072800000000,70697.94,70831.14,70693.06,70774.65,857.26608
1774076400000000,70773.55,70879.76,70677.44,70727.33,431.42703
1774080000000000,70727.33,70753.79,70492.02,70594.43,956.10118
1774083600000000,70594.42,70735.36,70570.4,70661.59,204.69969
1774087200000000,70661.59,70695.32,70559.69,70605.64,524.32782
1774090800000000,70605.64,70652.73,70567.79,70652.72,360.21459
1774094400000000,70652.73,70800.0,70652.73,70722.61,199.41863
1774098000000000,70722.61,70812.74,70707.12,70740.18,171.5437
1774101600000000,70740.18,71100.94,70592.53,70629.1,873.72717
1774105200000000,70629.09,70760.0,70453.09,70630.02,399.45062
1774108800000000,70630.02,70652.64,70251.0,70301.66,435.70425
1774112400000000,70301.66,70426.18,70210.0,70304.08,444.648
1774116000000000,70303.45,70534.38,70290.48,70389.19,200.5858
1774119600000000,70389.18,70448.79,70324.7,70396.0,140.45698
1774123200000000,70396.01,70508.11,70358.9,70462.28,697.39549
1774126800000000,70462.27,70516.82,70268.06,70345.57,629.83259
1774130400000000,70345.57,70384.95,70265.55,70277.22,737.88495
1774134000000000,70277.21,70293.82,68571.42,68918.12,2509.60568
1774137600000000,68918.12,69155.86,68228.5,68954.71,2161.16442
1774141200000000,68954.7,69100.0,68762.31,68962.4,809.55651
1774144800000000,68962.4,69411.1,68951.21,69278.12,506.62838
1774148400000000,69278.12,69588.79,69123.13,69339.99,671.1404
1774152000000000,69340.0,69526.85,69215.89,69358.0,626.75701
1774155600000000,69358.0,69358.0,69150.0,69153.41,322.14134
1774159200000000,69153.41,69245.79,69059.87,69164.06,378.08519
1774162800000000,69164.06,69250.08,68892.93,68919.38,432.94301
1774166400000000,68919.37,68990.67,68523.96,68804.77,1053.77702
1774170000000000,68804.77,68901.65,68587.78,68826.2,383.82763
1774173600000000,68826.21,68847.83,68584.27,68648.17,360.03346
1774177200000000,68648.16,68691.03,68110.55,68217.95,784.4316
1774180800000000,68217.94,68763.18,68199.04,68654.83,484.243
1774184400000000,68654.83,68957.24,68548.32,68700.02,548.07349
1774188000000000,68700.02,68915.27,68542.1,68711.66,385.54476
1774191600000000,68711.66,69005.71,68700.0,68847.96,391.17296
1774195200000000,68847.97,68885.53,68665.62,68805.58,258.25035
1774198800000000,68805.58,68848.32,68665.34,68673.02,252.16281
1774202400000000,68672.85,68743.18,68344.57,68618.58,340.01718
1774206000000000,68618.57,68626.07,68145.01,68199.93,472.99305
1774209600000000,68199.93,68498.4,68080.0,68176.46,319.53245
1774213200000000,68176.47,68228.71,67360.66,67899.97,1535.47353
1774216800000000,67899.97,68396.94,67571.67,68339.37,856.561
1774220400000000,68339.38,68474.0,67839.99,67859.0,509.27627
1774224000000000,67859.0,68161.41,67445.18,67669.99,823.69218
1774227600000000,67670.0,68157.31,67536.01,67905.0,628.21786
1774231200000000,67905.0,68400.0,67801.67,68320.72,627.90507
1774234800000000,68320.72,68585.12,68059.88,68074.6,415.80047
1774238400000000,68074.6,68550.0,68057.56,68541.0,486.61149
1774242000000000,68541.0,68915.4,68541.0,68899.92,1162.54953
1774245600000000,68899.92,68904.42,67698.86,67874.19,1218.88217
1774249200000000,67874.2,68464.42,67502.48,68333.16,1946.35809
1774252800000000,68333.16,68696.91,68328.55,68434.26,1238.43118
1774256400000000,68434.27,68471.11,67916.14,68334.01,382.31585
1774260000000000,68334.01,68714.28,68299.82,68551.02,494.85509
1774263600000000,68551.02,71499.0,68544.15,70122.15,7050.35572
1774267200000000,70122.15,70877.35,69671.95,70752.15,1915.66623
1774270800000000,70752.14,71587.98,70600.0,71481.13,1712.52184
1774274400000000,71481.13,71817.09,71127.14,71446.46,1663.17727
1774278000000000,71446.46,71660.01,70103.21,70131.48,2051.70929
1774281600000000,70131.48,70753.43,70131.47,70561.54,1367.86918
1774285200000000,70561.54,71119.09,70363.63,71085.16,673.70407
1774288800000000,71085.16,71195.21,70879.85,71076.22,593.89042
1774292400000000,71076.22,71246.01,70649.4,70679.05,615.8582
1774296000000000,70679.04,70983.33,70559.03,70915.59,394.04509
1774299600000000,70915.59,70998.0,70827.66,70851.35,222.54858
1774303200000000,70851.36,70896.76,70520.22,70780.22,279.983
1774306800000000,70780.22,70998.0,70404.39,70906.45,368.14332
1774310400000000,70906.45,71099.96,70423.36,70679.2,735.8297
1774314000000000,70679.2,70891.53,70278.46,70516.57,730.30371
1774317600000000,70516.57,70698.0,70369.46,70453.37,431.98798
1774321200000000,70453.38,70583.36,70404.54,70542.9,380.97532
1774324800000000,70542.9,70741.64,70247.91,70372.44,474.91642
1774328400000000,70372.45,70374.38,70119.06,70283.85,641.69358
1774332000000000,70283.84,70572.83,70253.23,70541.38,850.05748
1774335600000000,70541.39,71400.0,70488.0,71291.7,1722.67702
1774339200000000,71291.7,71349.1,70850.11,70964.15,725.27631
1774342800000000,70964.16,71368.61,70851.77,71316.97,511.50447
1774346400000000,71316.98,71328.59,71078.09,71272.87,680.81546
1774350000000000,71272.87,71327.26,70964.94,71157.77,560.33228
1774353600000000,71157.77,71177.66,70860.18,70956.48,460.8181
1774357200000000,70956.48,71059.59,69968.02,70100.46,1729.62355
1774360800000000,70100.46,70462.91,69507.34,69869.93,1973.02189
1774364400000000,69869.93,70255.37,69770.85,69873.04,1419.67177
1774368000000000,69873.04,70001.92,69340.08,69476.87,889.76128
1774371600000000,69476.88,69512.73,68923.07,69238.43,1294.24297
1774375200000000,69238.44,69746.4,69168.64,69430.24,808.06583
1774378800000000,69430.25,69700.0,69277.04,69377.33,547.42601
1774382400000000,69377.33,70295.54,69296.15,70093.19,1018.45154
1774386000000000,70093.19,70400.0,69901.39,70332.93,686.65263
1774389600000000,70332.93,70586.86,70140.5,70316.96,686.91503
1774393200000000,70316.96,70832.54,70270.0,70556.74,741.40211
1774396800000000,70556.74,71100.28,70476.9,70840.75,784.33083
1774400400000000,70840.75,70977.35,70629.72,70677.18,624.19197
1774404000000000,70677.19,70781.39,70490.77,70531.09,582.86416
1774407600000000,70531.1,70808.37,70408.0,70716.7,513.15296
1774411200000000,70716.7,70977.49,70703.83,70968.64,623.46021
1774414800000000,70968.64,71345.0,70940.0,71117.66,850.19172
1774418400000000,71117.65,71260.0,70984.67,70991.83,934.75878
1774422000000000,70991.82,71270.11,70891.31,70926.88,470.72474
1774425600000000,70926.88,71503.94,70800.0,71248.39,1150.83138
1774429200000000,71248.4,71415.12,71101.99,71345.91,598.42707
1774432800000000,71345.91,71641.91,71291.69,71501.39,485.22161
1774436400000000,71501.4,72026.09,71470.49,71678.97,1053.03231
1774440000000000,71678.97,71955.17,71105.43,71715.24,1032.92186
1774443600000000,71715.24,71963.71,71515.84,71581.42,982.27587
1774447200000000,71581.42,71699.87,71230.51,71234.28,810.44092
1774450800000000,71234.28,71301.37,70530.47,70832.99,1384.84596
1774454400000000,70832.99,71752.88,70719.26,71324.01,1283.82328
1774458000000000,71324.01,71389.14,70720.38,70779.0,662.98589
1774461600000000,70778.99,71149.07,70681.07,70810.34,535.29926
1774465200000000,70810.34,71093.37,70777.51,70883.31,513.05944
1774468800000000,70883.32,71058.82,70646.34,71009.5,573.58151
1774472400000000,71009.5,71175.0,70949.3,71035.24,379.86408
1774476000000000,71035.25,71594.11,70947.61,71369.08,505.87572
1774479600000000,71369.07,71511.83,71189.55,71336.53,383.33913
1774483200000000,71336.53,71436.82,71142.38,71299.27,548.42613
1774486800000000,71299.27,71377.04,71159.06,71252.11,522.16838
1774490400000000,71252.11,71289.49,70672.37,70893.01,575.89477
1774494000000000,70893.01,70968.66,70685.69,70921.47,510.5495
1774497600000000,70921.47,70921.47,70721.46,70772.01,433.11432
1774501200000000,70772.01,70796.32,69942.96,70016.98,1271.74189
1774504800000000,70016.97,70152.63,69855.73,70097.18,1016.19011
1774508400000000,70097.19,70167.6,69805.0,70087.44,713.03812
1774512000000000,70087.44,70127.69,69806.39,70024.77,510.82818
1774515600000000,70024.78,70144.44,69409.67,69562.41,1313.07806
1774519200000000,69562.41,69719.96,69464.58,69517.68,694.15594
1774522800000000,69517.68,69667.56,69192.96,69276.01,803.66639
1774526400000000,69276.01,69461.28,69226.34,69436.42,589.82378
1774530000000000,69436.42,69877.45,69218.0,69646.59,1361.59869
1774533600000000,69646.59,69837.12,69259.25,69479.92,943.35709
1774537200000000,69479.91,69497.73,68632.4,69082.64,1805.07582
1774540800000000,69082.64,69142.94,68823.21,68932.52,949.52674
1774544400000000,68932.53,69162.0,68377.83,68486.86,1130.52816
1774548000000000,68486.86,68603.75,68153.0,68497.25,1402.56662
1774551600000000,68497.25,68681.54,68358.8,68534.36,543.97259
1774555200000000,68534.37,69478.42,68436.74,69005.21,1707.65634
1774558800000000,69005.21,69205.43,68879.05,68921.1,598.68777
1774562400000000,68921.1,69028.89,68603.24,68892.67,484.39394
1774566000000000,68892.66,68994.16,68640.0,68820.31,390.41835
1774569600000000,68820.31,68965.15,68531.37,68785.01,634.46014
1774573200000000,68785.0,69066.51,68700.0,69051.27,555.05692
1774576800000000,69051.27,69179.05,68862.0,68903.59,948.45642
1774580400000000,68903.58,68924.0,68668.72,68767.51,576.98772
1774584000000000,68767.5,68791.4,68304.14,68578.0,846.47748
1774587600000000,68577.99,68865.88,68511.79,68630.77,773.74806
1774591200000000,68630.76,68846.0,68567.62,68656.15,672.0882
1774594800000000,68656.16,68955.53,68399.18,68540.48,1641.76445
1774598400000000,68540.49,68635.07,67609.29,67920.5,1817.58289
1774602000000000,67920.51,67960.32,67548.67,67695.81,812.25094
1774605600000000,67695.81,67778.99,66326.38,66502.41,3012.9263
1774609200000000,66502.41,66848.05,66231.96,66702.78,1683.20205
1774612800000000,66702.78,66773.25,66432.19,66619.76,964.55681
1774616400000000,66619.75,66757.3,66025.0,66188.32,2427.72498
1774620000000000,66188.31,66404.0,65730.17,66205.06,2475.49917
1774623600000000,66205.07,66638.25,65958.75,66112.82,2405.26081
1774627200000000,66112.82,66177.99,65812.43,65979.29,1226.73521
1774630800000000,65979.29,66290.0,65600.0,65632.92,1002.16119
1774634400000000,65632.93,65951.96,65548.25,65836.69,915.82085
1774638000000000,65836.69,66145.0,65700.0,66040.66,818.3401
1774641600000000,66040.65,66152.51,65817.44,66020.76,511.09525
1774645200000000,66020.77,66186.01,66013.0,66098.0,636.71362
1774648800000000,66098.0,66098.01,65920.0,66020.79,739.86415
1774652400000000,66020.79,66420.75,65970.25,66407.28,504.92186
1774656000000000,66407.28,66520.46,66293.35,66431.55,499.89072
1774659600000000,66431.54,66431.55,66056.09,66178.85,613.17173
1774663200000000,66178.86,66251.67,65932.09,66053.2,490.39923
1774666800000000,66053.2,66259.66,66053.19,66240.0,705.96536
1774670400000000,66240.0,66304.72,66110.0,66285.01,452.84284
1774674000000000,66285.01,66407.96,66202.01,66341.9,675.62625
1774677600000000,66341.9,66500.0,66308.93,66382.0,485.97016
1774681200000000,66382.0,66573.61,66379.8,66561.48,737.38217
1774684800000000,66561.49,66570.09,66387.06,66409.33,708.34892
1774688400000000,66409.34,66416.77,66243.01,66311.32,634.09125
1774692000000000,66311.32,66411.79,66124.4,66221.38,306.12343
1774695600000000,66221.37,66358.0,66201.91,66319.47,223.42305
1774699200000000,66319.46,66527.01,66240.87,66455.09,344.10648
1774702800000000,66455.1,67163.99,66407.65,66835.1,1040.57902
1774706400000000,66835.1,66967.01,66666.66,66742.1,570.49869
1774710000000000,66742.09,67288.94,66717.15,67014.91,771.68723
1774713600000000,67014.92,67096.77,66855.24,66926.95,342.70522
1774717200000000,66926.94,66996.61,66704.0,66846.21,310.89662
1774720800000000,66846.2,66963.51,66834.87,66908.03,234.04169
1774724400000000,66908.03,66954.0,66804.71,66916.52,202.96743
1774728000000000,66916.52,67010.0,66906.0,66906.0,262.72665
1774731600000000,66906.0,66926.31,66600.01,66685.53,291.07026
1774735200000000,66685.53,66788.88,66588.22,66755.88,224.47432
1774738800000000,66755.88,66755.88,66283.38,66377.03,333.40975
1774742400000000,66377.04,66500.0,66281.4,66487.93,285.17232
1774746000000000,66487.93,66620.0,66385.88,66569.22,295.19169
1774749600000000,66569.22,66843.66,66540.96,66818.0,293.83335
1774753200000000,66818.01,67130.5,66760.48,66912.0,660.9466
1774756800000000,66912.0,66936.6,66717.51,66735.14,168.5724
1774760400000000,66735.14,66828.05,66597.1,66771.94,418.44564
1774764000000000,66771.94,66872.0,66636.0,66738.5,418.74617
1774767600000000,66738.5,66752.61,66556.78,66671.0,346.10727
1774771200000000,66671.0,66772.83,66600.0,66724.0,177.06023
1774774800000000,66724.0,66773.02,66549.54,66634.01,225.04256
1774778400000000,66634.01,66634.02,66418.0,66502.79,345.865
1774782000000000,66502.8,66988.01,66502.79,66816.28,336.66276
1774785600000000,66816.29,66870.34,66703.07,66849.88,185.85649
1774789200000000,66849.88,66875.24,66524.28,66580.36,359.5639
1774792800000000,66580.36,66797.01,66461.0,66589.64,372.89659
1774796400000000,66589.64,66730.6,66334.37,66523.0,518.27098
1774800000000000,66523.01,66665.05,66435.75,66499.35,232.56305
1774803600000000,66499.36,66546.0,66158.26,66385.84,329.15631
1774807200000000,66385.84,66540.43,66321.66,66427.26,147.43013
1774810800000000,66427.27,66477.81,66323.3,66348.62,285.67371
1774814400000000,66348.61,66793.83,66348.61,66614.05,280.05501
1774818000000000,66614.04,66756.51,66509.41,66710.12,220.10647
1774821600000000,66710.12,66710.12,65000.0,65860.31,2219.11979
1774825200000000,65860.31,66382.98,65859.91,66010.93,930.51742
1774828800000000,66010.93,67059.66,65800.59,66280.25,1328.87485
1774832400000000,66280.24,66834.79,66280.24,66653.74,685.87133
1774836000000000,66653.74,67450.0,66580.01,67121.01,1220.60217
1774839600000000,67121.01,67319.33,66977.62,67173.8,466.26604
1774843200000000,67173.8,67650.01,67167.92,67616.29,809.57231
1774846800000000,67616.28,67800.0,67442.0,67492.46,627.15632
1774850400000000,67492.46,67585.97,67278.53,67305.14,721.7835
1774854000000000,67305.14,67624.39,67227.88,67624.39,584.47106
1774857600000000,67624.39,67946.02,67604.56,67666.44,1729.15176
1774861200000000,67666.44,67698.62,67460.0,67495.46,607.44273
1774864800000000,67495.46,67518.37,67360.41,67488.53,255.63666
1774868400000000,67488.88,68042.3,67488.88,67680.45,790.86208
1774872000000000,67680.44,67979.93,67666.17,67899.59,627.65449
1774875600000000,67899.59,68169.65,67428.57,67529.52,1379.99177
1774879200000000,67529.52,67864.49,67088.73,67799.54,1205.57197
1774882800000000,67799.54,67896.89,67407.63,67629.4,964.70473
1774886400000000,67629.4,67641.65,67222.0,67368.1,660.26793
1774890000000000,67368.1,67465.2,66650.0,66828.02,917.71373
1774893600000000,66828.02,66929.18,66508.25,66653.46,498.11738
1774897200000000,66653.45,66664.57,66233.13,66550.05,597.89786
1774900800000000,66550.06,66691.48,66523.75,66651.4,324.61202
1774904400000000,66651.41,66994.17,66587.32,66809.3,481.422
1774908000000000,66809.3,66989.1,66683.72,66784.98,169.50316
1774911600000000,66784.97,66797.38,66419.79,66797.37,698.2419
1774915200000000,66797.38,67303.33,66544.51,67208.75,658.94529
1774918800000000,67208.74,68408.37,67050.0,67938.54,1458.05548
1774922400000000,67938.05,68096.87,67775.18,67943.43,435.18783
1774926000000000,67943.43,68009.99,67648.2,67704.74,387.87365
1774929600000000,67704.74,67979.38,67405.89,67544.01,1149.88888
1774933200000000,67544.01,67780.34,67400.0,67681.68,653.43122
1774936800000000,67681.69,67711.02,67333.33,67492.85,511.27605
1774940400000000,67492.86,67524.65,67103.32,67367.69,1579.98188
1774944000000000,67367.7,67496.0,66688.68,66778.33,897.84489
1774947600000000,66778.34,66924.33,65998.05,66124.99,1512.48446
1774951200000000,66125.0,66471.08,66100.01,66363.38,788.27557
1774954800000000,66363.38,66922.58,66240.14,66685.69,989.3859
1774958400000000,66685.69,66939.9,66520.71,66653.26,539.00678
1774962000000000,66653.27,67412.11,66653.27,67302.29,1087.22021
1774965600000000,67302.28,67767.87,66427.53,66587.45,1485.37387
1774969200000000,66587.46,67283.25,66587.46,66736.8,1025.58837
1774972800000000,66736.79,68030.19,66729.28,67665.83,1334.03651
1774976400000000,67665.83,68589.49,67403.81,67526.75,2195.81331
1774980000000000,67526.76,67947.98,67526.3,67854.05,426.40012
1774983600000000,67854.04,68029.41,67716.35,67838.8,435.2447
1774987200000000,67838.79,68267.27,67831.7,68265.53,693.06575
1774990800000000,68265.53,68410.3,67884.0,68277.99,494.48096
1774994400000000,68278.0,68341.16,67962.27,68172.87,755.55219
1774998000000000,68173.59,68371.1,68090.2,68284.48,610.99275
1775001600000000,68284.49,68343.77,67853.3,68330.75,542.79511
1775005200000000,68330.76,68378.64,67760.33,67782.73,966.68117
1775008800000000,67782.74,67913.98,67578.75,67668.89,1114.17912
1775012400000000,67668.9,68250.0,67668.9,68170.67,551.94514
1775016000000000,68170.67,68476.26,68005.33,68303.83,711.87735
1775019600000000,68303.83,68755.51,68150.0,68456.02,817.4812
1775023200000000,68456.01,69236.78,68456.01,69102.85,1241.29278
1775026800000000,69102.8,69310.0,68667.02,68692.0,1537.595
1775030400000000,68692.0,68851.35,68389.21,68670.16,1279.02403
1775034000000000,68670.15,68733.78,68390.25,68644.0,480.44871
1775037600000000,68644.01,68662.26,68407.08,68585.55,974.80784
1775041200000000,68585.55,68736.15,68505.91,68712.52,752.56981
1775044800000000,68712.52,68786.0,68248.3,68393.6,1365.22557
1775048400000000,68393.6,68681.25,67918.83,68116.07,1032.06992
1775052000000000,68116.06,68690.98,68059.38,68593.55,905.1708
1775055600000000,68593.56,68965.0,68428.94,68918.52,789.38357
1775059200000000,68918.52,68986.66,68610.0,68816.34,705.16345
1775062800000000,68816.35,69171.77,68247.17,68266.62,768.87563
1775066400000000,68266.62,68330.31,67939.28,68084.76,723.37275
1775070000000000,68084.76,68287.39,68028.19,68176.84,412.79717
1775073600000000,68176.84,68249.0,67964.48,68191.09,276.10606
1775077200000000,68191.09,68534.0,68171.56,68362.53,326.52766
1775080800000000,68362.53,68362.53,68070.38,68122.99,270.47066
1775084400000000,68122.99,68250.0,67996.89,68113.92,474.3294
1775088000000000,68113.92,68653.38,68050.0,68600.29,409.1904
1775091600000000,68600.29,68600.29,67050.84,67359.27,1944.08944
1775095200000000,67359.27,67359.27,66624.64,66852.99,1169.08434
1775098800000000,66852.99,66969.54,66500.0,66576.25,767.73135
1775102400000000,66576.25,66655.46,66217.07,66330.27,889.41375
1775106000000000,66330.27,66667.92,66311.0,66591.54,966.2787
1775109600000000,66591.54,66824.95,66548.45,66681.49,493.29026
1775113200000000,66681.48,66961.26,66557.33,66930.79,645.82875
1775116800000000,66930.79,66930.79,66180.0,66439.12,781.90752
1775120400000000,66439.12,66517.43,66294.0,66469.6,483.38047
1775124000000000,66469.6,66511.79,66229.55,66457.28,452.52391
1775127600000000,66457.28,66516.06,66167.1,66220.28,1122.63022
1775131200000000,66220.28,66248.51,65961.66,66052.71,1024.11018
1775134800000000,66052.71,66285.81,65712.12,66270.87,1225.30288
1775138400000000,66270.87,67104.86,66168.07,66868.18,1908.17735
1775142000000000,66868.17,66994.51,66646.36,66852.91,825.60342
1775145600000000,66852.91,67300.0,66759.28,67095.85,920.46412
1775149200000000,67095.85,67430.99,66666.66,66679.16,1455.89824
1775152800000000,66679.16,67065.35,66596.8,66981.99,929.27922
1775156400000000,66981.99,67109.09,66878.0,66975.99,436.15774
1775160000000000,66976.0,67100.0,66798.0,66939.25,284.18038
1775163600000000,66939.25,67012.09,66731.08,66935.93,272.54969
1775167200000000,66935.94,67037.48,66825.61,66982.48,352.22156
1775170800000000,66982.48,67096.68,66855.5,66901.99,444.18527
1775174400000000,66901.99,67000.0,66702.83,66785.86,388.08477
1775178000000000,66785.87,66905.61,66483.9,66630.0,613.9141
1775181600000000,66630.01,66750.57,66282.0,66533.81,625.3621
1775185200000000,66533.82,66724.17,66495.69,66579.97,581.20992
1775188800000000,66579.98,66699.99,66500.04,66602.66,733.15532
1775192400000000,66602.67,66808.5,66416.68,66600.35,822.39566
1775196000000000,66600.35,66800.0,66558.76,66796.79,434.2967
1775199600000000,66796.8,67247.38,66758.0,67042.08,883.37731
1775203200000000,67042.08,67288.0,66900.56,66965.39,717.16964
1775206800000000,66965.39,67007.93,66749.35,66859.58,291.40037
1775210400000000,66859.58,66898.97,66674.72,66883.08,215.33139
1775214000000000,66883.09,67057.42,66823.18,67017.44,215.91455
1775217600000000,67017.43,67370.42,66646.36,66722.16,808.01051
1775221200000000,66722.16,66735.62,66508.1,66672.0,554.93399
1775224800000000,66671.99,66990.59,66634.0,66929.81,530.03077
1775228400000000,66929.8,67028.37,66823.3,66827.15,465.79672
1775232000000000,66827.15,67069.0,66827.14,67010.46,361.0645
1775235600000000,67010.45,67067.0,66751.86,66855.01,378.12395
1775239200000000,66855.0,66930.0,66786.12,66812.03,187.13591
1775242800000000,66812.04,66911.19,66774.02,66885.74,289.39585
1775246400000000,66885.73,66919.61,66831.97,66831.98,141.97965
1775250000000000,66831.97,66970.18,66827.6,66964.21,378.17654
1775253600000000,66964.21,66970.17,66842.76,66888.76,287.42422
1775257200000000,66888.76,66964.3,66826.13,66964.3,525.44687
1775260800000000,66964.29,66968.28,66876.7,66893.39,159.1028
1775264400000000,66893.4,66924.48,66827.22,66852.0,418.46364
1775268000000000,66852.0,66919.41,66814.0,66844.83,138.81793
1775271600000000,66844.84,66910.22,66830.23,66832.18,86.81929
1775275200000000,66832.18,66876.32,66775.91,66860.73,180.50471
1775278800000000,66860.73,66936.72,66844.14,66916.29,629.01422
1775282400000000,66916.3,67049.94,66911.2,67013.24,254.32193
1775286000000000,67013.25,67052.99,66943.34,67014.96,664.43952
1775289600000000,67014.95,67057.42,66918.0,66940.0,398.19184
1775293200000000,66940.0,66994.52,66918.0,66988.05,295.09328
1775296800000000,66988.06,67167.0,66918.0,67167.0,290.85424
1775300400000000,67167.0,67232.72,67083.43,67156.93,363.18025
1775304000000000,67156.93,67185.0,67060.56,67097.87,140.59027
1775307600000000,67097.87,67267.0,67082.41,67193.44,362.06124
1775311200000000,67193.45,67223.51,67029.07,67215.24,369.07128
1775314800000000,67215.24,67562.93,67177.39,67383.66,635.57272
1775318400000000,67383.66,67520.85,67331.06,67366.68,294.26452
1775322000000000,67366.68,67416.48,67292.0,67329.4,254.01236
1775325600000000,67329.41,67380.98,67265.0,67295.47,120.36154
1775329200000000,67295.47,67543.6,67275.0,67288.42,189.77457
1775332800000000,67288.42,67295.81,67186.62,67268.4,186.97188
1775336400000000,67268.4,67504.54,67215.0,67359.2,238.4254
1775340000000000,67359.21,67470.93,67341.19,67399.92,306.3388
1775343600000000,67399.91,67399.99,67261.32,67300.42,397.2679
1775347200000000,67300.42,67307.28,67168.08,67225.0,431.18676
1775350800000000,67225.0,67230.0,67080.0,67085.0,369.56535
1775354400000000,67085.0,67174.92,66955.72,67170.16,252.42427
1775358000000000,67170.17,67188.09,67089.33,67145.98,163.69484
1775361600000000,67145.98,67188.51,67073.56,67101.65,92.89503
1775365200000000,67101.65,67154.98,66888.0,66931.65,466.39184
1775368800000000,66931.65,66940.0,66611.66,66802.24,728.34135
1775372400000000,66802.24,66914.48,66715.43,66820.64,615.79892
1775376000000000,66820.64,66940.0,66819.42,66933.18,227.07394
1775379600000000,66933.18,67048.64,66902.15,67035.15,293.93169
1775383200000000,67035.15,67150.0,66968.35,67046.01,288.35183
1775386800000000,67046.01,67087.22,66973.67,66999.0,253.07128
1775390400000000,66998.99,66999.0,66680.57,66783.58,607.98096
1775394000000000,66783.59,66918.03,66693.91,66890.7,361.31735
1775397600000000,66890.7,66963.95,66820.54,66918.03,296.0396
1775401200000000,66918.03,67856.16,66829.02,67306.64,1471.0776
1775404800000000,67306.65,67410.0,67173.4,67212.62,356.80623
1775408400000000,67212.61,67402.0,67187.95,67373.64,168.11139
1775412000000000,67373.64,67451.78,67281.38,67413.78,210.99631
1775415600000000,67413.78,67560.45,67276.67,67361.01,229.64378
1775419200000000,67361.01,67705.74,67332.66,67658.35,338.30366
1775422800000000,67658.35,67682.42,67408.07,67553.43,435.91664
1775426400000000,67553.44,68374.75,67347.05,68338.43,1201.92322
1775430000000000,68338.43,69136.2,68266.13,69034.18,1872.62368
1775433600000000,69034.18,69588.0,69034.18,69083.78,1917.91608
1775437200000000,69083.79,69139.63,68787.13,68810.18,991.41564
1775440800000000,68810.17,69408.39,68776.61,69207.99,951.83494
1775444400000000,69207.99,69259.06,69056.86,69123.69,641.74895
1775448000000000,69123.69,69217.68,68980.36,69141.8,640.03746
1775451600000000,69141.81,69247.0,69086.0,69199.31,664.48642
1775455200000000,69199.31,69354.26,68806.53,68976.67,805.10068
1775458800000000,68976.67,69215.37,68821.07,69115.91,705.20265
1775462400000000,69115.91,69347.85,69081.88,69224.63,514.80546
1775466000000000,69224.63,70283.32,69214.46,69728.0,2395.68342
1775469600000000,69728.01,69950.0,69708.13,69770.88,634.91449
1775473200000000,69770.88,69770.96,69565.01,69614.91,453.63795
1775476800000000,69614.91,69635.87,69329.23,69366.75,601.7024
1775480400000000,69366.76,69550.0,69235.09,69428.23,656.60844
1775484000000000,69428.23,69809.99,69163.86,69654.38,1336.92282
1775487600000000,69654.39,69973.25,69526.87,69968.87,814.13173
1775491200000000,69968.87,70351.46,69782.11,69799.14,1291.21899
1775494800000000,69799.14,69820.0,69282.02,69574.61,914.30002
1775498400000000,69574.62,69967.78,69479.49,69888.97,537.79955
1775502000000000,69888.97,69899.99,69583.33,69739.53,431.93913
1775505600000000,69739.52,69974.08,69625.0,69826.01,372.95882
1775509200000000,69826.0,69826.0,69423.09,69504.99,366.00988
1775512800000000,69504.99,69581.92,68811.0,68811.0,578.82627
1775516400000000,68811.01,68912.97,68300.0,68853.66,1062.40825
1775520000000000,68853.66,69128.2,68723.81,68775.7,908.20417
1775523600000000,68775.71,68900.63,68352.52,68400.01,682.14287
1775527200000000,68400.01,68713.92,68273.34,68674.0,382.32486
1775530800000000,68674.01,68800.94,68625.59,68779.21,449.64401
1775534400000000,68779.2,68981.83,68540.84,68854.65,480.37449
1775538000000000,68854.65,68866.0,68613.2,68669.0,546.70209
1775541600000000,68669.0,68669.01,68443.0,68568.35,488.73987
1775545200000000,68568.35,68703.72,68500.0,68624.61,307.81904
1775548800000000,68624.6,68984.48,68603.6,68936.71,338.93457
1775552400000000,68936.71,69247.9,68930.04,69150.05,436.92801
1775556000000000,69150.06,69199.87,68200.0,68237.93,899.01254
1775559600000000,68237.93,68455.96,68071.96,68345.75,598.71022
1775563200000000,68345.75,68599.13,68080.0,68392.18,738.67705
1775566800000000,68392.19,68633.87,68198.12,68231.99,822.0611
1775570400000000,68231.99,68258.26,67763.64,67860.48,1396.10082
1775574000000000,67860.49,68268.6,67732.01,68168.1,1084.45539
1775577600000000,68168.11,68454.23,68085.01,68229.99,654.26405
1775581200000000,68230.0,69000.0,68198.22,68705.81,1147.70463
1775584800000000,68705.82,68773.24,68358.1,68442.53,630.41269
1775588400000000,68442.52,69098.44,68358.1,69011.29,1385.03929
1775592000000000,69011.29,69535.26,69011.29,69319.39,1097.55478
1775595600000000,69319.39,70216.68,69311.84,69927.64,1742.03489
1775599200000000,69927.65,71528.0,69927.65,71514.09,2841.66596
1775602800000000,71514.1,72761.0,71194.9,71924.22,3690.98922
1775606400000000,71924.22,72110.65,71541.51,71710.19,1153.45069
1775610000000000,71710.19,71758.6,71452.68,71476.97,621.6206
1775613600000000,71476.98,71727.01,71240.99,71364.94,1153.76247
1775617200000000,71364.95,71479.97,71277.18,71287.39,441.23135
1775620800000000,71287.39,71676.77,71287.38,71566.18,721.11279
1775624400000000,71566.66,71831.6,71560.0,71731.1,821.79755
1775628000000000,71731.1,71941.42,71581.14,71732.69,811.19618
1775631600000000,71732.7,71902.0,71573.04,71627.59,943.84918
1775635200000000,71627.59,71831.08,71627.59,71800.0,501.15204
1775638800000000,71799.99,71955.0,71588.75,71678.87,419.9995
1775642400000000,71678.87,71790.0,71457.61,71476.98,514.219
1775646000000000,71476.97,71739.67,71407.77,71675.12,779.27898
1775649600000000,71675.12,72181.81,71581.76,72071.95,1226.00544
1775653200000000,72071.95,72857.0,71510.0,71600.01,2821.31683
1775656800000000,71600.0,71751.42,70707.23,70912.88,1895.54834
1775660400000000,70912.89,71349.05,70833.3,71310.0,873.16856
1775664000000000,71309.99,71699.0,71250.93,71602.1,757.94566
1775667600000000,71602.11,71963.94,71490.55,71888.19,682.09647
1775671200000000,71888.19,71888.2,71085.22,71099.63,703.75724
1775674800000000,71099.63,71372.22,71019.0,71318.48,473.49397
1775678400000000,71318.47,71481.7,71267.91,71372.93,226.24698
1775682000000000,71372.94,71748.0,71330.86,71551.39,367.89907
1775685600000000,71551.4,71571.6,71064.84,71064.84,374.67564
1775689200000000,71064.84,71204.0,70901.89,71069.93,517.86174
1775692800000000,71069.93,71133.71,70650.0,70815.5,677.85142
1775696400000000,70815.5,70956.7,70466.0,70928.89,495.03665
1775700000000000,70928.9,71198.8,70816.36,71060.64,664.15391
1775703600000000,71060.64,71124.05,70845.27,70992.39,808.25356
1775707200000000,70992.37,71006.13,70734.77,70782.0,304.15042
1775710800000000,70781.99,71087.12,70689.38,70984.0,495.401
1775714400000000,70983.99,71082.71,70809.94,71031.84,538.94746
1775718000000000,71031.83,71116.0,70955.4,70982.01,922.88611
1775721600000000,70982.01,71380.0,70865.42,71249.51,562.42694
1775725200000000,71249.51,71575.0,71109.99,71534.68,512.0201
1775728800000000,71534.69,71534.69,71276.44,71276.45,304.66693
1775732400000000,71276.45,71350.0,71038.5,71150.17,446.85377
1775736000000000,71150.17,71328.79,71040.0,71279.63,382.04593
1775739600000000,71279.63,71355.24,70629.3,70801.98,696.59545
1775743200000000,70801.97,71250.39,70522.77,71123.71,873.72309
1775746800000000,71123.71,72358.0,70929.44,72141.99,2048.75279
1775750400000000,72142.0,72399.0,71729.66,72080.87,1429.6831
1775754000000000,72080.86,72550.0,72062.38,72347.49,1415.90923
1775757600000000,72348.0,72380.7,71747.68,71888.69,560.32535
1775761200000000,71888.69,72300.0,71750.0,72096.32,607.89039
1775764800000000,72096.33,72458.31,71985.95,72413.97,497.89389
1775768400000000,72413.96,72700.0,72142.79,72264.95,771.79321
1775772000000000,72264.96,73145.0,71945.94,71946.01,1345.32358
1775775600000000,71946.01,72025.53,71585.25,71787.97,795.83731
1775779200000000,71787.98,72028.4,71573.35,71963.03,967.9743
1775782800000000,71963.04,72387.0,71673.48,72157.93,679.67117
1775786400000000,72157.93,72291.04,71921.59,71965.36,515.54191
1775790000000000,71965.36,72027.37,71813.73,71868.67,543.68867
1775793600000000,71868.67,72212.84,71820.47,72117.29,734.17151
1775797200000000,72117.29,72267.89,72010.4,72127.84,408.69549
1775800800000000,72127.84,72179.85,71792.01,71805.38,448.00931
1775804400000000,71805.39,71837.59,71428.0,71481.85,702.39043
1775808000000000,71481.85,71769.41,71426.15,71606.07,624.89096
1775811600000000,71606.08,71873.0,71583.47,71787.41,281.02303
1775815200000000,71787.41,71928.29,71711.6,71910.09,238.63388
1775818800000000,71910.1,72261.93,71903.69,72127.59,421.17579
1775822400000000,72127.59,72458.0,72007.5,72258.68,733.4245
1775826000000000,72258.69,72409.41,71899.51,72321.4,673.2668
1775829600000000,72321.39,73155.58,72258.0,72909.0,2362.6198
1775833200000000,72909.0,73289.96,72355.87,72460.51,1324.05053
1775836800000000,72460.52,73069.4,72387.41,72992.33,733.09003
1775840400000000,72992.32,73146.0,72802.96,73121.66,454.50524
1775844000000000,73121.66,73159.81,72880.95,73107.07,597.01721
1775847600000000,73107.07,73264.76,72900.0,73236.11,713.54118
1775851200000000,73236.11,73434.0,73051.97,73361.68,872.16866
1775854800000000,73361.68,73364.47,72934.53,73190.67,654.89865
1775858400000000,73190.68,73244.03,72700.6,72877.0,798.3469
1775862000000000,72877.01,72967.79,72791.96,72962.7,889.83693
1775865600000000,72962.71,72962.71,72787.94,72828.42,801.54149
1775869200000000,72828.42,72999.99,72670.0,72954.39,320.3002
1775872800000000,72954.39,73094.89,72910.93,72966.57,288.43552
1775876400000000,72966.58,73075.34,72814.42,72866.63,227.12944
1775880000000000,72866.62,72954.28,72681.9,72806.08,298.14959
1775883600000000,72806.08,72836.55,72679.08,72722.28,222.17067
1775887200000000,72722.28,72771.32,72612.16,72762.0,590.44339
1775890800000000,72762.01,72832.0,72672.56,72745.38,321.42327
1775894400000000,72745.38,72799.57,72638.44,72664.17,263.67236
1775898000000000,72664.16,72908.0,72617.75,72907.11,306.96352
1775901600000000,72907.12,72915.95,72760.9,72843.71,224.83128
1775905200000000,72843.7,72912.0,72826.37,72907.05,109.63598
1775908800000000,72907.05,72982.4,72814.97,72940.49,180.21756
1775912400000000,72940.5,72940.5,72513.09,72658.07,493.97275
1775916000000000,72658.07,72770.91,72609.27,72704.67,212.83973
1775919600000000,72704.66,72896.03,72678.0,72858.17,246.74388
1775923200000000,72858.18,73204.74,72812.94,73034.33,656.04744
1775926800000000,73034.34,73169.04,72942.06,73095.97,269.56328
1775930400000000,73095.97,73726.13,73032.61,73547.89,856.65701
1775934000000000,73547.9,73790.0,73472.38,73687.15,595.037
1775937600000000,73687.16,73689.97,73226.28,73290.43,395.49217
1775941200000000,73290.43,73548.08,73200.48,73427.04,366.94025
1775944800000000,73427.04,73574.0,73234.25,73376.01,431.15797
1775948400000000,73376.01,73376.01,72907.4,73043.16,391.57799
1775952000000000,73043.16,73117.32,72873.25,73079.96,390.45862
1775955600000000,73079.96,73137.24,71310.0,71643.69,2072.10202
1775959200000000,71643.69,71982.46,71352.47,71761.35,839.35622
1775962800000000,71761.35,71861.33,71593.18,71593.19,790.20901
1775966400000000,71593.18,71685.31,71444.68,71466.53,611.50691
1775970000000000,71466.53,71781.0,71417.22,71710.2,667.76838
1775973600000000,71710.19,71753.33,71633.77,71668.01,377.10612
1775977200000000,71668.01,71747.31,71588.57,71665.0,313.33908
1775980800000000,71664.99,71805.85,71595.0,71629.21,922.36362
1775984400000000,71629.21,71633.01,71488.45,71531.94,372.12981
1775988000000000,71531.95,71682.72,71357.76,71452.89,274.78665
1775991600000000,71452.89,71556.12,71412.57,71468.55,211.53603
1775995200000000,71468.54,71500.0,71077.44,71084.01,608.12473
1775998800000000,71084.01,71146.03,70866.82,70889.42,708.82478
1776002400000000,70889.42,71092.78,70700.0,70748.34,541.94034
1776006000000000,70748.34,70932.0,70604.07,70892.03,502.43194
1776009600000000,70892.04,70959.51,70821.05,70936.27,259.94883
1776013200000000,70936.27,71202.0,70900.0,71140.51,322.7326
1776016800000000,71140.51,71214.08,71056.2,71137.64,176.22609
1776020400000000,71137.65,71222.58,71078.76,71084.18,233.07874
1776024000000000,71084.18,71440.0,70956.83,71335.43,622.27061
1776027600000000,71335.43,71452.0,71163.01,71364.02,234.93742
1776031200000000,71364.03,71367.85,70505.88,70912.73,908.94869
1776034800000000,70912.73,70912.73,70571.66,70740.98,510.34077
1776038400000000,70741.56,71262.63,70615.3,71172.62,546.73984
1776042000000000,71172.63,71227.28,71027.26,71197.64,720.27854
1776045600000000,71197.64,71271.78,70986.71,71073.14,270.71272
1776049200000000,71073.14,71155.42,70917.27,70976.0,348.9161
1776052800000000,70975.99,71144.0,70854.29,70890.3,584.47308
1776056400000000,70890.3,70920.0,70672.72,70878.82,533.46945
1776060000000000,70878.82,71106.54,70878.82,71017.66,697.01918
1776063600000000,71017.66,71067.91,70685.25,70813.88,859.13978
1776067200000000,70813.88,70861.01,70566.99,70680.7,334.12518
1776070800000000,70680.7,70910.68,70678.0,70792.88,250.58431
1776074400000000,70792.89,70846.9,70688.28,70755.88,177.99631
1776078000000000,70755.89,70997.12,70736.29,70929.68,260.33899
1776081600000000,70929.68,71219.8,70758.5,71074.91,460.129
1776085200000000,71074.92,71700.82,70818.57,71662.65,1544.74455
1776088800000000,71662.65,72401.0,71375.24,72400.15,2098.23774
1776092400000000,72400.15,72464.28,71652.65,71866.59,1342.3378
1776096000000000,71866.59,72437.25,71679.8,72202.36,1514.19404
1776099600000000,72202.37,72600.0,72069.01,72148.87,1653.64723
1776103200000000,72148.87,72460.42,72053.78,72424.86,965.95939
1776106800000000,72424.86,73480.0,72298.93,73322.82,2632.95065
1776110400000000,73322.0,73394.37,73007.08,73149.36,1081.57049
1776114000000000,73149.36,73368.08,73072.85,73179.71,387.90227
1776117600000000,73179.71,74746.61,73172.01,74627.04,3298.60756
1776121200000000,74627.04,74900.0,74405.64,74417.99,1666.14205
1776124800000000,74418.0,74517.31,74102.39,74163.82,1276.45858
1776128400000000,74163.82,74431.0,73954.86,74386.02,1065.1631
1776132000000000,74386.03,74579.32,74283.2,74330.98,598.05117
1776135600000000,74330.99,74496.9,74252.35,74444.43,646.36946
1776139200000000,74444.44,74504.52,74351.55,74387.85,484.30563
1776142800000000,74387.85,74434.41,74150.6,74210.11,838.40961
1776146400000000,74210.12,74550.0,74210.12,74522.73,614.57152
1776150000000000,74522.72,74924.64,74430.92,74546.0,1456.55359
1776153600000000,74545.99,74910.0,74460.64,74750.0,938.29896
1776157200000000,74750.0,74830.93,74435.12,74500.0,565.8647
1776160800000000,74500.0,74617.92,74333.46,74350.01,540.18312
1776164400000000,74350.01,74450.63,74307.35,74376.52,653.35819
1776168000000000,74376.52,74485.06,74277.19,74452.0,513.51818
1776171600000000,74452.0,75532.94,74407.74,75525.94,3246.78739
1776175200000000,75525.94,76038.0,75013.61,75013.62,4357.56106
1776178800000000,75013.61,75441.99,74564.34,75317.07,1661.60412
1776182400000000,75317.06,75688.0,74527.02,74652.2,1265.45725
1776186000000000,74652.2,74948.78,74244.63,74748.9,985.979
1776189600000000,74748.89,74814.99,73795.47,74093.19,1613.97962
1776193200000000,74093.18,74398.43,73882.79,74223.18,1054.69346
1776196800000000,74223.3,74434.33,74015.53,74102.29,434.25271
1776200400000000,74102.28,74320.44,73951.64,74277.15,381.06364
1776204000000000,74277.16,74373.19,73806.09,74023.15,638.74603
1776207600000000,74023.16,74232.83,74001.08,74131.55,701.71447
1776211200000000,74131.55,74677.19,74126.32,74568.36,874.99865
1776214800000000,74568.37,74786.72,74500.0,74613.28,443.16738
1776218400000000,74613.28,74697.47,74188.0,74322.0,506.95652
1776222000000000,74322.01,74372.84,74173.75,74345.97,317.62112
1776225600000000,74345.98,74434.51,74261.47,74340.38,660.47305
1776229200000000,74340.38,74434.0,73864.01,74021.5,542.04465
1776232800000000,74021.5,74048.95,73855.49,73891.62,419.09008
1776236400000000,73891.62,74016.67,73514.0,73730.43,1451.80452
1776240000000000,73730.43,74181.9,73675.96,74110.51,532.83471
1776243600000000,74110.52,74176.49,73909.49,74011.69,363.2179
1776247200000000,74011.7,74250.0,73789.5,73864.75,548.88747
1776250800000000,73864.76,74256.44,73864.76,74201.78,444.7329
1776254400000000,74201.78,74466.1,74051.64,74273.77,567.44529
1776258000000000,74273.77,74434.51,73817.23,74063.92,676.35905
1776261600000000,74063.91,74506.84,73830.0,74151.81,757.76569
1776265200000000,74151.81,74299.07,73580.85,73844.08,743.29132
1776268800000000,73844.07,74176.0,73762.89,73941.09,547.84936
1776272400000000,73941.09,74242.0,73915.48,74134.95,593.44252
1776276000000000,74134.95,74399.75,74073.61,74390.29,407.09098
1776279600000000,74390.29,75281.0,74355.46,75002.6,1179.99077
1776283200000000,75002.6,75039.92,74512.06,74841.68,570.09892
1776286800000000,74841.67,74855.16,74540.23,74743.1,310.66035
1776290400000000,74743.1,75425.0,74740.02,74964.0,653.95001
1776294000000000,74964.01,74964.01,74620.95,74809.99,311.26846
1776297600000000,74809.99,74874.93,74451.49,74815.1,636.94865
1776301200000000,74815.09,74815.09,74454.09,74657.66,240.65148
1776304800000000,74657.67,75267.85,74601.27,74887.24,589.65615
1776308400000000,74887.23,75159.26,74865.5,74888.21,470.71966
1776312000000000,74888.21,75174.38,74728.0,74944.15,513.51186
1776315600000000,74944.15,75139.82,74900.0,75043.48,359.01217
1776319200000000,75043.47,75115.12,74853.72,75045.01,604.84284
1776322800000000,75045.01,75082.78,74636.0,74707.03,708.0609
1776326400000000,74707.02,74744.35,74500.0,74677.91,669.8621
1776330000000000,74677.91,74901.5,74594.01,74594.02,316.26697
1776333600000000,74594.02,74653.12,74277.34,74313.0,526.53069
1776337200000000,74312.99,74663.27,74285.0,74574.79,1174.6136
1776340800000000,74574.8,74872.0,74574.79,74624.0,529.55969
1776344400000000,74624.01,75030.39,73309.85,73788.03,1828.93731
1776348000000000,73788.03,74197.32,73426.94,73973.33,1331.31817
1776351600000000,73973.33,74878.99,73934.44,74697.19,1520.20876
1776355200000000,74697.2,74932.0,74063.0,74175.57,762.35705
1776358800000000,74175.58,74438.31,73912.23,74343.25,751.1945
1776362400000000,74343.25,75089.0,74240.0,75026.71,780.63438
1776366000000000,75026.71,75410.71,74717.97,75342.99,1203.37407
1776369600000000,75343.0,75534.76,75001.0,75223.47,661.71844
1776373200000000,75223.48,75286.51,74789.5,74934.24,451.58433
1776376800000000,74934.24,75117.0,74833.14,74867.92,232.35004
1776380400000000,74867.92,75177.76,74840.92,75154.29,224.77396
1776384000000000,75154.28,75154.77,74886.82,74944.98,796.37355
1776387600000000,74944.99,75034.49,74569.99,74750.0,407.29847
1776391200000000,74750.0,74802.98,74529.4,74700.0,235.53372
1776394800000000,74700.0,74839.31,74606.12,74615.82,721.66261
1776398400000000,74615.82,74871.11,74589.88,74791.39,213.9543
1776402000000000,74791.39,74801.13,74555.12,74637.77,241.61979
1776405600000000,74637.77,74950.0,74604.62,74938.52,276.57366
1776409200000000,74938.53,75089.51,74930.0,75074.77,607.34373
1776412800000000,75074.76,75881.95,74993.24,75780.38,1494.62708
1776416400000000,75780.38,76370.25,75518.78,75779.99,2004.70646
1776420000000000,75779.99,75886.01,75095.93,75278.77,1050.31882
1776423600000000,75278.77,75609.77,75246.65,75589.7,429.61331
1776427200000000,75589.7,76265.82,75531.97,76233.05,1128.91448
1776430800000000,76233.06,77417.61,76061.57,77340.12,5123.01639
1776434400000000,77340.11,78052.49,77015.39,77886.77,3617.10048
1776438000000000,77886.77,77999.0,77444.44,77785.02,1975.14451
1776441600000000,77785.03,78333.0,77705.2,77857.14,1402.18359
1776445200000000,77857.15,77917.77,77101.49,77520.59,1173.45635
1776448800000000,77520.59,77565.63,77088.23,77159.89,637.39265
1776452400000000,77159.88,77473.44,77000.0,77393.58,652.45495
1776456000000000,77393.58,77611.68,77160.12,77337.64,357.23206
1776459600000000,77337.64,77494.69,77278.72,77445.73,307.76412
1776463200000000,77445.74,77510.0,77274.56,77301.25,474.88113
1776466800000000,77301.25,77302.0,76911.0,77072.0,612.20073
1776470400000000,77072.01,77258.55,76978.17,77168.0,324.03843
1776474000000000,77168.22,77330.0,77115.77,77218.07,266.4299
1776477600000000,77218.06,77420.08,77124.63,77292.52,268.04149
1776481200000000,77292.53,77296.95,76962.67,77005.47,268.91717
1776484800000000,77005.47,77162.08,76884.1,77100.74,370.07883
1776488400000000,77100.73,77278.58,77100.73,77134.66,312.05483
1776492000000000,77134.66,77217.0,77058.4,77136.01,168.72376
1776495600000000,77136.01,77136.01,76890.0,76997.8,276.05173
1776499200000000,76997.79,77048.0,76501.0,76738.63,773.24357
1776502800000000,76738.62,76738.63,76409.37,76599.89,462.93265
1776506400000000,76599.89,76599.9,76132.32,76189.56,624.93038
1776510000000000,76189.55,76189.56,75763.76,76039.05,809.07399
1776513600000000,76039.06,76300.0,76039.05,76206.97,492.57948
1776517200000000,76206.98,76212.7,75797.53,76122.87,456.87331
1776520800000000,76122.88,76288.4,75959.68,76249.99,461.97289
1776524400000000,76250.0,76363.75,76003.97,76167.34,261.12334
1776528000000000,76167.33,76211.57,75691.03,75943.35,522.36094
1776531600000000,75943.34,75958.23,75778.69,75828.51,256.05723
1776535200000000,75828.51,75844.66,75445.16,75651.78,591.47146
1776538800000000,75651.78,75796.32,75574.22,75649.85,194.3187
1776542400000000,75649.86,75834.3,75608.44,75754.78,484.97143
1776546000000000,75754.77,75839.1,75599.64,75821.34,197.94348
1776549600000000,75821.35,75873.1,75608.89,75813.53,155.69572
1776553200000000,75813.53,75891.64,75685.69,75691.76,141.95985
1776556800000000,75691.76,75847.42,75551.73,75693.01,297.06433
1776560400000000,75693.0,75798.47,75457.11,75621.95,321.53516
1776564000000000,75621.96,75722.21,75407.84,75496.0,212.48934
1776567600000000,75496.01,75637.44,75357.0,75515.77,175.28804
1776571200000000,75515.76,75782.63,75424.4,75664.62,294.60425
1776574800000000,75664.62,75687.04,75516.39,75545.6,174.63786
1776578400000000,75545.6,75545.6,75280.92,75400.09,385.31594
1776582000000000,75400.09,75400.09,74867.72,75252.34,771.61495
1776585600000000,75252.33,75299.99,75071.58,75257.6,333.58261
1776589200000000,75257.59,75265.0,74921.74,75015.0,313.21615
1776592800000000,75015.0,75243.02,74933.87,75222.45,323.18472
1776596400000000,75222.46,75641.99,75216.96,75604.11,418.71675
1776600000000000,75604.11,75700.0,75432.07,75571.6,439.48255
1776603600000000,75571.61,76240.66,75552.44,75921.75,760.39543
1776607200000000,75921.75,76147.01,75674.55,76024.01,621.24056
1776610800000000,76024.02,76155.3,75401.44,75846.63,1097.76631
1776614400000000,75846.63,75853.26,75311.11,75382.86,403.71917
1776618000000000,75382.87,75382.87,74638.31,74791.26,795.68148
1776621600000000,74791.27,74908.62,74608.0,74770.11,531.16281
1776625200000000,74770.11,75071.61,74770.11,74965.47,306.83274
1776628800000000,74965.46,74965.47,74427.53,74630.0,452.71123
1776632400000000,74630.01,74810.0,74368.6,74425.15,383.54881
1776636000000000,74425.16,74425.16,73762.9,74047.34,1140.3898
1776639600000000,74047.34,74054.22,73790.0,73801.79,415.64133
1776643200000000,73801.8,74360.43,73724.31,74280.01,787.93368
1776646800000000,74280.01,74746.93,74214.67,74595.13,689.61016
1776650400000000,74595.12,74627.99,74304.84,74410.01,739.68976
1776654000000000,74410.01,74640.65,74359.04,74634.0,281.2031
1776657600000000,74634.01,74637.43,74435.19,74567.64,333.76794
1776661200000000,74567.63,74567.63,74095.18,74264.15,529.73957
1776664800000000,74264.16,74894.11,74250.0,74786.59,441.3007
1776668400000000,74786.59,75572.0,74670.86,74837.17,1175.74482
1776672000000000,74837.18,74998.83,74619.41,74728.91,538.52852
1776675600000000,74728.92,75233.0,74706.87,75062.77,502.56404
1776679200000000,75062.77,75404.63,75003.63,75027.26,321.321
1776682800000000,75027.26,75287.88,74957.51,75192.71,284.12016
1776686400000000,75192.72,75650.0,75043.86,75289.9,698.85484
1776690000000000,75289.91,75434.41,74859.11,75269.38,774.09093
1776693600000000,75269.37,75766.74,74921.42,75034.79,1047.20928
1776697200000000,75034.79,75772.72,74702.0,75716.77,1196.9526
1776700800000000,75716.78,75723.99,75299.26,75338.74,630.71705
1776704400000000,75338.75,75991.47,75289.92,75898.14,642.61045
1776708000000000,75898.14,76453.19,75898.14,76423.69,1544.76303
1776711600000000,76423.69,76486.67,76154.49,76296.96,1368.12243
1776715200000000,76296.97,76558.62,76113.07,76276.17,1418.8575
1776718800000000,76276.18,76357.2,75784.05,75954.71,523.28232
1776722400000000,75954.72,76143.71,75904.39,75974.24,220.6417
1776726000000000,75974.24,75974.24,75617.6,75840.97,301.78476
1776729600000000,75840.97,76099.19,75700.0,76092.45,428.95831
1776733200000000,76092.46,76263.4,75866.01,75927.59,391.13593
1776736800000000,75927.58,75932.7,75580.0,75581.33,536.09341
1776740400000000,75581.33,75721.12,75474.77,75710.3,256.2515
1776744000000000,75710.31,75823.49,75600.0,75813.81,259.64273
1776747600000000,75813.8,75981.1,75782.75,75802.0,321.53858
1776751200000000,75802.0,76129.95,75703.85,75974.11,408.87339
1776754800000000,75974.12,76300.0,75814.26,76084.34,1236.72448
1776758400000000,76084.34,76927.57,76063.98,76507.21,915.23783
1776762000000000,76507.21,76587.82,76155.0,76362.77,582.67237
1776765600000000,76362.78,76866.55,76349.59,76746.41,536.34243
1776769200000000,76746.41,76750.68,76342.0,76452.94,624.94284
1776772800000000,76452.94,76528.11,75709.03,76009.46,1039.78515
1776776400000000,76009.46,76179.75,75736.33,75899.98,686.08493
1776780000000000,75899.98,76595.3,75625.28,75675.05,949.21411
1776783600000000,75675.04,75979.78,75430.62,75834.65,923.86151
1776787200000000,75834.66,76190.72,75760.0,75781.18,496.33064
1776790800000000,75781.19,75912.98,75052.64,75545.62,995.0846
1776794400000000,75545.62,75668.24,75310.88,75610.21,456.47055
1776798000000000,75610.21,75919.5,74821.57,75023.43,954.2676
1776801600000000,75023.43,75859.56,74967.58,75698.51,797.25703
1776805200000000,75698.51,75777.38,75431.62,75549.99,249.37655
1776808800000000,75549.99,75650.04,75302.01,75650.04,389.29388
1776812400000000,75650.03,76425.37,75622.0,76336.15,477.13097
1776816000000000,76336.14,76500.0,76220.4,76370.45,496.92701
1776819600000000,76370.46,76416.24,76132.95,76297.99,351.48706
1776823200000000,76297.99,77645.35,76223.9,77604.71,1622.85639
1776826800000000,77604.7,77733.11,77397.88,77521.48,956.6528
1776830400000000,77521.47,77700.0,77364.25,77523.0,547.1578
1776834000000000,77523.01,78452.18,77450.0,77994.93,2386.48879
1776837600000000,77994.92,78042.84,77900.0,78010.72,576.88586
1776841200000000,78010.73,78111.0,77825.0,78012.79,880.5264
1776844800000000,78012.78,78219.41,77941.59,78010.92,987.44812
1776848400000000,78010.92,78184.7,77956.76,78001.95,415.39605
1776852000000000,78001.96,78180.0,77951.17,78157.41,352.72131
1776855600000000,78157.41,78399.0,78102.0,78300.0,560.88264
1776859200000000,78300.0,78508.18,78114.04,78236.05,952.94008
1776862800000000,78236.05,78850.0,78162.64,78840.94,1253.18724
1776866400000000,78840.94,79174.68,78577.86,79045.75,1847.69509
1776870000000000,79045.75,79400.0,78837.66,79272.9,1412.004
1776873600000000,79272.91,79472.82,78632.37,78743.59,1010.97362
1776877200000000,78743.6,79034.73,78705.71,78900.0,502.31388
1776880800000000,78900.01,79163.66,78828.76,79022.39,322.94022
1776884400000000,79022.4,79067.6,78706.81,78846.62,557.30668
1776888000000000,78846.62,78915.84,78410.0,78436.68,436.66543
1776891600000000,78436.69,78821.86,78425.0,78762.69,299.34545
1776895200000000,78762.68,78824.0,78456.15,78607.95,294.6414
1776898800000000,78607.95,78607.95,78155.83,78178.23,712.06893
1776902400000000,78178.22,78574.44,77582.17,78424.29,1778.58027
1776906000000000,78424.3,78472.95,78057.5,78359.23,586.8685
1776909600000000,78359.71,78359.72,77761.2,77939.92,508.32327
1776913200000000,77939.91,78025.99,77453.43,77746.46,609.2036
1776916800000000,77746.47,77949.09,77675.8,77920.09,305.0499
1776920400000000,77920.09,78110.01,77750.0,78033.87,680.89298
1776924000000000,78034.0,78339.35,78034.0,78211.43,433.12959
1776927600000000,78211.43,78248.39,77981.88,78048.62,292.35484
1776931200000000,78048.61,78175.52,77714.86,77858.35,1135.26875
1776934800000000,77858.34,77860.8,77440.85,77655.34,772.05261
1776938400000000,77655.35,77709.16,77174.01,77403.63,1129.48909
1776942000000000,77403.63,77757.31,77365.57,77704.62,525.42671
1776945600000000,77704.61,77870.54,77491.18,77870.53,636.21566
1776949200000000,77870.54,77904.37,77379.92,77532.23,592.70115
1776952800000000,77532.23,78201.53,77414.0,78180.77,926.52082
1776956400000000,78180.78,78662.5,77983.25,78376.76,1008.45262
1776960000000000,78376.77,78509.82,78030.0,78103.72,661.93618
1776963600000000,78103.72,78184.85,76960.0,77769.21,1724.53866
1776967200000000,77769.2,78146.75,77678.65,77678.65,731.06838
1776970800000000,77678.65,77886.88,77592.92,77727.26,830.20485
1776974400000000,77727.25,78050.0,77637.5,77886.97,391.74493
1776978000000000,77886.97,78070.0,77800.0,77864.83,211.37751
1776981600000000,77864.84,78331.0,77864.83,78235.3,271.3302
1776985200000000,78235.29,78298.01,78030.0,78257.48,228.06394
1776988800000000,78257.48,78490.83,78172.01,78417.22,451.37457
1776992400000000,78417.22,78450.0,77952.16,78429.73,533.84795
1776996000000000,78429.73,78581.93,78067.17,78125.65,425.56297
1776999600000000,78125.65,78178.4,77555.0,77737.85,639.95986
1777003200000000,77737.84,77854.57,77482.49,77670.0,605.14416
1777006800000000,77670.01,78057.65,77457.0,77953.48,423.6718
1777010400000000,77953.48,77979.54,77761.2,77789.75,280.75336
1777014000000000,77789.75,77855.67,77543.52,77644.6,696.90666
1777017600000000,77644.59,78000.0,77550.73,77785.71,731.67499
1777021200000000,77785.7,77804.23,77402.01,77527.69,621.09775
1777024800000000,77527.7,77784.0,77444.95,77752.36,379.99202
1777028400000000,77752.37,78372.58,77752.37,78240.26,1186.36064
1777032000000000,78240.27,78345.15,78016.51,78275.66,579.40035
1777035600000000,78275.65,78479.37,77913.27,78093.79,852.96848
1777039200000000,78093.8,78093.8,77681.74,78037.64,755.72516
1777042800000000,78037.65,78233.18,77577.22,78038.62,662.02033
1777046400000000,78038.63,78060.29,77586.86,77777.28,525.06319
1777050000000000,77776.76,77829.17,77489.6,77681.71,537.36482
1777053600000000,77681.72,77717.08,77363.63,77618.24,321.31558
1777057200000000,77618.25,77748.66,77532.46,77628.85,250.57895
1777060800000000,77628.84,77757.14,77458.0,77718.31,376.29595
1777064400000000,77718.31,77756.15,77536.48,77536.48,322.69633
1777068000000000,77536.49,77616.78,77264.08,77328.91,278.27896
1777071600000000,77328.92,77456.87,77328.92,77437.13,237.08832
1777075200000000,77437.13,77502.99,77309.92,77456.88,429.63681
1777078800000000,77456.88,77620.52,77440.8,77541.63,200.07888
1777082400000000,77541.63,77644.04,77504.43,77607.8,171.0703
1777086000000000,77607.8,77711.87,77550.27,77679.07,142.22205
1777089600000000,77679.08,77691.23,77596.37,77619.05,275.21191
1777093200000000,77619.05,77619.05,77485.51,77510.28,174.55862
1777096800000000,77510.27,77582.28,77489.35,77503.63,269.54814
1777100400000000,77503.63,77566.26,77450.0,77501.19,174.69907
1777104000000000,77501.19,77654.41,77491.36,77643.37,116.50084
1777107600000000,77643.38,77779.65,77587.1,77714.55,144.65626
1777111200000000,77714.56,77885.35,77714.55,77787.77,306.44644
1777114800000000,77787.76,77787.77,77607.03,77682.3,185.59351
1777118400000000,77682.29,77717.95,77550.61,77557.14,161.82067
1777122000000000,77557.14,77710.91,77557.14,77691.69,161.65796
1777125600000000,77691.7,77752.54,77638.0,77656.75,202.75966
1777129200000000,77656.74,77722.7,77299.89,77330.26,480.35839
1777132800000000,77330.25,77454.31,77140.23,77397.27,471.60364
1777136400000000,77397.27,77407.03,77210.96,77245.77,151.09691
1777140000000000,77245.78,77389.01,77216.29,77313.0,331.13304
1777143600000000,77313.0,77343.81,77193.79,77330.01,293.84127
1777147200000000,77330.0,77481.7,77311.05,77479.13,85.63447
1777150800000000,77479.14,77530.0,77415.2,77525.84,150.55151
1777154400000000,77525.83,77634.77,77498.81,77557.01,242.12513
1777158000000000,77557.01,77650.0,77530.0,77625.0,362.30872
1777161600000000,77625.0,77642.43,77445.94,77502.4,307.91239
1777165200000000,77502.39,77572.81,77451.16,77461.16,130.56583
1777168800000000,77461.16,77590.97,77452.07,77512.67,85.92459
1777172400000000,77512.67,77541.96,77326.51,77400.21,146.77411
1777176000000000,77400.21,77814.43,77383.46,77774.29,227.07196
1777179600000000,77774.29,78200.0,77719.77,77983.31,797.06637
1777183200000000,77983.31,78045.0,77899.45,77999.04,206.01822
1777186800000000,77999.04,78121.45,77968.36,78102.53,175.6113
1777190400000000,78102.53,78210.0,78019.65,78032.59,265.96473
1777194000000000,78032.59,78058.45,77926.59,77999.99,168.80014
1777197600000000,78000.0,78050.19,77954.0,78002.43,153.3474
1777201200000000,78002.43,78149.99,78002.42,78101.44,133.58626
1777204800000000,78101.43,78101.5,77770.0,77833.08,296.93614
1777208400000000,77833.08,77996.69,77797.13,77977.79,254.46962
1777212000000000,77977.79,78173.15,77871.85,78095.66,401.66239
1777215600000000,78095.65,78121.92,77988.89,78049.0,177.4742
1777219200000000,78049.0,78086.47,77919.42,77919.43,198.96678
1777222800000000,77919.43,78050.0,77850.0,78018.57,373.25532
1777226400000000,78018.57,78346.89,77988.11,78283.96,421.27794
1777230000000000,78283.97,78500.0,78013.76,78221.16,511.56
1777233600000000,78221.17,78377.77,78158.04,78194.22,172.13709
1777237200000000,78194.21,78961.0,77843.75,78417.41,977.34524
1777240800000000,78417.41,78850.3,77953.26,78313.52,710.63176
1777244400000000,78313.52,78901.63,78041.05,78657.55,669.20184
1777248000000000,78657.55,79392.4,78400.03,79308.6,1271.22649
1777251600000000,79309.0,79485.66,78730.71,79283.66,993.09217
1777255200000000,79283.65,79304.0,79030.91,79130.01,381.22923
1777258800000000,79130.01,79316.5,79077.81,79105.49,397.44839
1777262400000000,79105.5,79160.0,78872.42,78924.22,417.67922
1777266000000000,78924.21,78938.0,77562.63,77785.54,1805.78745
1777269600000000,77785.55,77871.9,77465.05,77700.12,641.73182
1777273200000000,77700.12,77734.79,77562.08,77606.6,743.19766
1777276800000000,77606.59,77816.18,77553.23,77804.34,465.54163
1777280400000000,77804.34,77980.0,77700.0,77900.01,578.50773
1777284000000000,77900.01,77935.66,77792.46,77850.01,311.10764
1777287600000000,77850.01,77885.46,77740.39,77844.26,252.77882
1777291200000000,77844.25,77867.33,77620.0,77667.36,415.46743
1777294800000000,77667.36,77966.8,77571.79,77746.74,762.7167
1777298400000000,77746.74,78265.34,77680.0,77815.25,744.42829
1777302000000000,77815.26,77827.17,76564.33,76793.09,1882.17067
1777305600000000,76793.1,76868.01,76546.0,76618.59,809.46498
1777309200000000,76618.59,76990.43,76618.59,76743.24,874.80558
1777312800000000,76743.23,76890.99,76668.52,76834.06,361.97331
1777316400000000,76834.05,76894.7,76459.64,76878.07,598.68003
1777320000000000,76878.23,77067.8,76844.16,76960.43,310.80766
1777323600000000,76960.43,76981.53,76786.8,76786.81,223.94467
1777327200000000,76786.81,77082.78,76763.71,77066.42,364.86359
1777330800000000,77066.42,77450.0,77018.56,77371.32,438.27302
1777334400000000,77371.32,77478.0,77210.92,77379.62,327.26244
1777338000000000,77379.62,77394.1,77038.1,77084.68,404.77602
1777341600000000,77084.69,77227.03,76672.56,76890.93,437.7548
1777345200000000,76890.92,76890.92,76672.0,76815.18,278.47081
1777348800000000,76815.18,76950.0,76701.35,76888.08,274.86374
1777352400000000,76888.08,77154.0,76811.01,76885.98,510.80129
1777356000000000,76885.97,77027.91,76588.0,76720.0,465.05641
1777359600000000,76720.01,76922.22,76424.9,76879.28,1631.99051
1777363200000000,76879.28,77013.63,76741.12,76858.59,1043.07562
1777366800000000,76858.59,76863.54,76495.91,76598.0,361.69239
1777370400000000,76597.99,76692.19,76484.7,76618.35,418.24563
1777374000000000,76618.35,76649.86,76130.1,76229.0,1019.71842
1777377600000000,76228.99,76421.94,76168.84,76372.05,652.01316
1777381200000000,76372.04,76411.72,75924.98,76189.84,1288.525
1777384800000000,76189.85,76199.99,75666.6,75949.99,1264.2758
1777388400000000,75950.0,76085.42,75836.88,76066.38,571.95819
1777392000000000,76066.37,76218.06,75881.28,76125.04,447.54534
1777395600000000,76125.04,76262.63,75959.05,76187.3,337.12149
1777399200000000,76187.3,76280.91,76137.86,76242.18,337.48355
1777402800000000,76242.17,76380.83,76066.35,76330.97,259.65416
1777406400000000,76330.97,76480.0,76323.71,76463.95,259.71578
1777410000000000,76463.95,76481.3,76267.61,76357.15,281.17357
1777413600000000,76357.15,76446.26,76218.0,76242.17,157.60986
1777417200000000,76242.17,76370.0,76197.02,76342.77,179.93985
1777420800000000,76342.78,76557.97,76276.0,76512.0,636.88517
1777424400000000,76511.99,76668.02,76187.75,76571.0,371.48818
1777428000000000,76571.0,76666.82,76402.72,76531.29,315.29662
1777431600000000,76531.29,77127.62,76519.94,76994.78,568.25927
1777435200000000,76994.77,77455.71,76880.0,77269.76,655.24397
1777438800000000,77269.76,77329.31,77198.07,77288.38,412.95649
1777442400000000,77288.39,77337.57,76907.07,77031.06,974.38933
1777446000000000,77031.07,77182.91,77031.06,77053.64,931.98531
1777449600000000,77053.65,77148.79,76972.32,77046.32,539.09721
1777453200000000,77046.31,77800.0,76972.32,77642.0,835.54071
1777456800000000,77642.0,77904.93,77559.19,77619.61,790.81622
1777460400000000,77619.62,77694.61,77485.81,77590.03,531.7514
1777464000000000,77590.04,77596.39,76850.0,77143.68,1776.35149
1777467600000000,77143.68,77240.0,76425.62,76783.43,1000.6949
1777471200000000,76783.42,76927.69,76489.99,76570.0,1353.72071
1777474800000000,76570.0,76634.61,75705.32,75924.25,1132.75734
1777478400000000,75924.24,76125.47,75696.13,75803.54,1021.10079
1777482000000000,75803.55,76184.01,75803.55,76184.01,549.93434
1777485600000000,76184.0,76274.8,74937.52,75513.91,1926.88309
1777489200000000,75513.92,75591.83,75302.31,75563.86,464.5754
1777492800000000,75563.87,75857.32,75497.43,75676.79,575.31173
1777496400000000,75676.79,76088.9,75607.7,75933.93,363.06477
1777500000000000,75933.94,76004.14,75818.14,75927.38,272.33397
1777503600000000,75927.38,75990.06,75692.33,75780.0,279.49181
1777507200000000,75780.0,76344.61,75656.03,76248.74,562.71461
1777510800000000,76248.76,76473.26,76178.73,76232.8,331.53653
1777514400000000,76232.81,76351.04,75494.7,75704.74,537.06765
1777518000000000,75704.74,75994.26,75659.85,75928.1,182.12647
1777521600000000,75928.09,75963.92,75414.57,75497.0,426.96926
1777525200000000,75497.01,75750.0,75323.65,75600.09,491.70915
1777528800000000,75600.09,75867.9,75569.99,75753.53,372.15072
1777532400000000,75753.54,76179.91,75718.5,76161.67,516.75183
1777536000000000,76161.67,76208.92,76019.57,76058.17,350.94571
1777539600000000,76058.17,76339.38,76012.6,76097.19,445.01057
1777543200000000,76097.19,76163.52,75974.93,76028.66,365.18719
1777546800000000,76028.66,76244.36,75876.29,76059.43,550.88667
1777550400000000,76059.42,76511.22,76042.75,76308.48,1520.57994
1777554000000000,76308.48,76669.14,76116.2,76420.44,927.16622
1777557600000000,76420.45,76597.51,76093.81,76301.24,683.75312
1777561200000000,76301.25,76653.6,76163.16,76473.6,374.70038
1777564800000000,76473.6,76484.6,76228.27,76261.03,165.45041
1777568400000000,76261.04,76328.71,76111.0,76250.01,273.82279
1777572000000000,76250.0,76468.84,76204.4,76350.0,184.15567
1777575600000000,76350.0,76514.8,76308.33,76412.8,307.53776
1777579200000000,76412.8,76568.9,76318.31,76492.46,287.06721
1777582800000000,76492.45,76535.42,76240.78,76241.78,183.08169
1777586400000000,76241.77,76449.16,76206.02,76237.06,158.56535
1777590000000000,76237.07,76380.2,76217.96,76346.57,182.87917
1777593600000000,76346.58,76591.0,76320.42,76458.05,502.88844
1777597200000000,76458.06,76776.21,76449.5,76686.13,486.84554
1777600800000000,76686.12,76744.6,76533.74,76592.54,204.45438
1777604400000000,76592.54,77453.74,76555.06,77131.08,1056.19913
1777608000000000,77131.08,77206.38,76653.6,77042.44,995.75921
1777611600000000,77042.44,77184.96,77033.91,77165.98,283.75111
1777615200000000,77165.99,77179.53,76882.0,76993.48,439.15205
1777618800000000,76993.49,77140.36,76957.04,77130.54,633.7325
1777622400000000,77130.54,77500.0,77048.0,77377.47,697.73561
1777626000000000,77377.48,77391.99,77200.15,77268.55,355.16559
1777629600000000,77268.56,77433.72,77146.48,77304.34,330.99244
1777633200000000,77303.8,77600.0,77263.66,77463.98,584.3796
1777636800000000,77463.98,78170.2,77408.73,77896.01,1392.97654
1777640400000000,77896.01,78914.12,77896.0,78737.25,2354.33999
1777644000000000,78737.26,78871.8,78051.86,78358.75,1970.70152
1777647600000000,78358.74,78735.92,78176.06,78445.89,1013.17746
1777651200000000,78445.88,78683.23,78167.53,78214.36,704.68666
1777654800000000,78214.36,78584.61,78131.02,78552.94,489.31938
1777658400000000,78552.93,78623.37,78375.53,78423.9,487.76487
1777662000000000,78423.91,78540.0,78313.16,78360.0,512.65483
1777665600000000,78360.01,78422.81,77752.0,77880.18,827.52759
1777669200000000,77880.18,78200.0,77857.97,78199.99,485.72824
1777672800000000,78200.0,78411.13,78144.7,78153.38,331.97786
1777676400000000,78153.37,78249.6,78043.28,78231.13,173.55448
1777680000000000,78231.13,78393.39,78166.48,78341.75,211.29374
1777683600000000,78341.75,78441.31,78294.19,78355.0,400.98852
1777687200000000,78355.0,78513.7,78260.95,78353.93,283.69022
1777690800000000,78353.93,78514.82,78237.25,78400.0,300.16391
1777694400000000,78399.99,78448.99,78123.53,78175.5,411.85061
1777698000000000,78175.5,78235.25,78040.0,78174.0,526.60294
1777701600000000,78174.0,78363.21,78148.24,78327.8,366.5645
1777705200000000,78327.8,78342.18,78207.2,78220.0,170.02066
1777708800000000,78220.0,78356.51,78165.3,78315.37,204.83037
1777712400000000,78315.36,78394.0,78220.0,78293.57,257.64077
1777716000000000,78293.57,78311.97,78225.22,78249.3,136.41815
1777719600000000,78249.31,78249.31,78094.43,78143.08,269.24301
1777723200000000,78143.09,78262.37,78108.41,78211.24,182.77682
1777726800000000,78211.24,78423.85,78211.24,78367.06,227.00487
1777730400000000,78367.06,78484.42,78309.84,78423.98,190.15931
1777734000000000,78423.98,78487.68,78365.96,78487.67,126.14054
1777737600000000,78487.67,78596.61,78430.07,78455.02,194.42514
1777741200000000,78455.02,78485.53,78368.24,78398.02,213.39843
1777744800000000,78398.03,78493.31,78310.54,78466.62,118.15969
1777748400000000,78466.63,78521.68,78440.11,78486.0,182.05466
1777752000000000,78486.23,78491.26,78418.32,78451.38,61.92886
1777755600000000,78451.37,79199.48,78439.51,78719.78,734.53837
1777759200000000,78719.78,78872.39,78610.46,78832.98,266.49012
1777762800000000,78832.98,78832.98,78631.9,78686.85,114.49221
1777766400000000,78686.84,78754.55,78490.61,78542.32,233.96416
1777770000000000,78542.33,78542.33,78152.25,78240.83,391.01401
1777773600000000,78240.84,78309.09,78108.75,78171.85,222.42918
1777777200000000,78171.86,78217.59,78109.94,78203.08,200.3559
1777780800000000,78203.07,78236.45,78120.0,78163.19,89.71363
1777784400000000,78163.19,78260.75,78163.17,78249.42,98.09285
1777788000000000,78249.41,78337.26,78084.08,78288.3,306.94233
1777791600000000,78288.3,78483.67,78288.29,78363.25,299.42086
1777795200000000,78363.24,78505.92,78363.24,78387.86,102.01693
1777798800000000,78387.87,78604.67,78354.53,78529.57,293.1321
1777802400000000,78529.57,78534.4,78406.97,78408.01,140.79481
1777806000000000,78408.01,78849.22,78380.0,78656.01,412.8313
1777809600000000,78656.01,78878.77,78656.0,78747.09,294.28187
1777813200000000,78747.09,78769.63,78586.99,78670.01,196.40341
1777816800000000,78670.01,78786.57,78608.7,78741.0,409.96615
1777820400000000,78741.0,78815.19,78633.4,78668.36,237.20487
1777824000000000,78668.36,78784.56,78600.0,78654.0,167.53902
1777827600000000,78654.01,78822.83,78558.65,78725.76,357.9255
1777831200000000,78725.76,78763.57,78631.61,78739.67,138.18974
1777834800000000,78739.68,78853.32,78676.67,78760.32,252.60944
1777838400000000,78760.32,79268.0,78732.04,78915.99,645.7979
1777842000000000,78915.99,79056.59,78650.0,78831.59,357.48617
1777845600000000,78831.6,79447.0,78831.6,79177.29,934.95879
1777849200000000,79177.29,79287.82,78484.42,78568.57,642.72198
1777852800000000,78568.58,78572.57,78288.88,78547.14,434.86007
1777856400000000,78547.15,79848.84,78412.49,79769.43,1366.42153
1777860000000000,79769.43,80420.9,79540.05,80173.3,2278.14954
1777863600000000,80173.3,80458.0,79926.9,80316.31,1012.18218
1777867200000000,80316.3,80635.51,80233.04,80332.06,1362.02834
1777870800000000,80332.06,80395.96,79956.25,80027.26,746.81318
1777874400000000,80027.26,80048.64,79500.0,79877.9,1103.73906
1777878000000000,79877.91,79946.33,79672.0,79696.75,419.83178
1777881600000000,79696.75,79800.0,79602.32,79708.3,435.36516
1777885200000000,79708.3,79930.0,79647.87,79838.48,473.40316
1777888800000000,79838.49,79880.0,78202.0,78940.26,4380.72428
1777892400000000,78940.27,79124.83,78708.87,78793.67,699.54546
1777896000000000,78793.67,79020.0,78718.55,78857.18,426.01688
1777899600000000,78857.18,79124.83,78581.74,78790.0,725.07004
1777903200000000,78790.01,80545.17,78500.0,80216.16,2308.42012
1777906800000000,80216.15,80367.93,79320.28,80028.85,2458.63305
1777910400000000,80028.85,80395.68,79619.33,80025.03,1492.78417
1777914000000000,80025.03,80776.99,80021.5,80390.81,1080.11249
1777917600000000,80390.8,80439.18,80035.32,80114.91,663.99913
1777921200000000,80114.91,80138.0,79900.0,80053.31,505.59924
1777924800000000,80053.31,80154.12,79901.0,79936.7,459.51864
1777928400000000,79936.7,80383.15,79936.7,80259.17,343.30642
1777932000000000,80259.18,80397.19,80042.84,80067.23,272.35375
1777935600000000,80067.22,80067.22,79744.91,79861.01,594.08368
1777939200000000,79861.01,80183.33,79808.72,80170.66,425.73287
1777942800000000,80170.66,80385.06,80080.76,80352.0,530.02962
1777946400000000,80351.99,80900.0,80300.0,80554.68,768.44478
1777950000000000,80554.69,81083.98,80457.93,80893.08,677.93372
1777953600000000,80893.08,80982.59,80725.0,80902.44,528.94138
1777957200000000,80902.44,81323.52,80830.06,80970.0,1011.38606
1777960800000000,80969.99,81016.42,80800.0,80976.0,389.83367
1777964400000000,80976.0,81136.59,80826.0,80855.59,1044.4323
1777968000000000,80855.59,80895.5,80723.2,80815.24,474.4579
1777971600000000,80815.24,80815.24,80527.76,80586.02,865.34761
1777975200000000,80586.02,80831.87,80530.82,80823.61,521.10422
1777978800000000,80823.61,81095.48,80780.0,81014.05,623.66253
1777982400000000,81014.05,81329.61,80932.54,81279.41,607.82057
1777986000000000,81279.4,81712.32,81196.0,81330.0,1771.4169
1777989600000000,81330.0,81500.0,80939.87,81336.59,1282.91373
1777993200000000,81336.59,81689.2,81235.0,81525.19,899.04049
1777996800000000,81525.19,81615.33,81050.04,81285.75,707.45267
1778000400000000,81285.75,81458.26,81185.02,81270.6,280.80669
1778004000000000,81270.61,81599.0,81270.61,81515.0,427.56223
1778007600000000,81515.0,81680.0,81407.58,81606.35,364.63717
1778011200000000,81606.35,81770.0,81510.13,81646.38,724.67261
1778014800000000,81646.39,81791.48,81305.27,81407.11,618.58873
1778018400000000,81407.11,81600.0,80817.72,81111.27,921.88572
1778022000000000,81111.27,81222.03,80790.0,80905.52,479.07578
1778025600000000,80905.53,81262.28,80731.14,81030.01,876.19915
1778029200000000,81030.0,81534.23,80996.0,81439.34,803.82574
1778032800000000,81439.34,81449.04,81047.01,81363.54,621.19491
1778036400000000,81363.54,81760.84,81358.17,81581.69,710.52364
1778040000000000,81581.7,81649.99,81270.0,81331.1,575.6413
1778043600000000,81331.1,81360.3,81060.0,81333.0,592.1865
1778047200000000,81333.0,81516.9,81211.34,81476.71,524.1354
1778050800000000,81476.71,81611.0,81307.81,81359.82,608.74333
1778054400000000,81359.82,81986.0,81328.68,81945.66,1353.41416
1778058000000000,81945.66,82060.0,81682.7,81997.0,1096.7335
1778061600000000,81997.0,82390.0,81953.25,82290.04,1302.85091
1778065200000000,82290.03,82850.0,82261.6,82522.89,1435.93329
1778068800000000,82522.88,82539.33,82164.61,82220.47,820.9281
1778072400000000,82220.47,82220.47,81600.0,81670.89,1247.90169
1778076000000000,81670.9,81980.72,81136.0,81526.73,1615.07708
1778079600000000,81526.74,81823.0,81316.28,81704.25,824.75333
1778083200000000,81704.25,81907.51,81431.16,81630.94,983.55485
1778086800000000,81630.94,81709.32,81394.0,81452.63,417.39237
1778090400000000,81452.63,81559.17,81271.06,81353.14,451.84587
1778094000000000,81353.15,81522.41,81200.0,81464.87,517.12437
1778097600000000,81464.86,81700.0,81302.35,81427.52,436.46876
1778101200000000,81427.52,81618.77,81294.64,81539.16,310.38464
1778104800000000,81539.16,81540.91,81240.0,81342.39,229.58883
1778108400000000,81342.39,81447.3,81000.0,81447.01,442.37224
1778112000000000,81447.01,81490.03,80980.0,81016.96,407.52958
1778115600000000,81016.96,81284.67,80830.23,81167.8,565.39571
1778119200000000,81167.79,81180.74,80883.54,81113.34,749.95215
1778122800000000,81113.35,81113.35,80834.61,80834.91,345.29566
1778126400000000,80834.92,80989.59,80725.09,80979.19,387.82747
1778130000000000,80979.19,81172.27,80974.06,81088.0,355.34634
1778133600000000,81088.0,81443.21,80874.41,81438.61,613.68575
1778137200000000,81438.62,81708.32,81390.3,81518.58,681.98013
1778140800000000,81518.57,81590.0,81194.74,81231.24,647.38206
1778144400000000,81231.25,81231.25,80852.33,80929.0,659.04219
1778148000000000,80929.0,80997.0,80572.4,80850.75,690.56353
1778151600000000,80850.76,81041.15,80786.5,80866.65,367.10915
1778155200000000,80866.65,81180.0,80846.87,81162.01,429.19223
1778158800000000,81162.0,81162.01,80260.98,80503.68,1211.56578
1778162400000000,80503.69,80685.7,80046.0,80171.38,1538.09475
1778166000000000,80171.37,80271.42,79699.52,79890.63,1647.8103
1778169600000000,79890.0,80020.0,79646.79,79801.08,1424.92395
1778173200000000,79801.08,80135.17,79500.0,80094.52,919.74045
1778176800000000,80094.52,80269.06,80004.4,80200.59,527.27769
1778180400000000,80200.6,80224.0,79934.3,80146.11,443.20216
1778184000000000,80146.77,80371.23,79859.51,79879.99,400.51449
1778187600000000,79880.0,79934.92,79660.0,79735.01,401.75461
1778191200000000,79735.0,79990.0,79582.95,79919.01,495.14556
1778194800000000,79919.0,80068.03,79871.98,80006.0,244.47169
1778198400000000,80006.0,80142.84,79729.72,79831.99,958.06006
1778202000000000,79831.98,79900.11,79612.63,79740.01,539.33838
1778205600000000,79740.01,79761.61,79316.99,79488.46,1066.54641
1778209200000000,79488.47,79666.66,79181.48,79578.85,529.79179
1778212800000000,79578.84,79748.0,79551.26,79655.23,317.73705
1778216400000000,79655.22,79778.95,79600.0,79600.01,307.79364
1778220000000000,79600.01,79654.0,79411.0,79525.76,792.09671
1778223600000000,79525.77,79727.0,79248.58,79682.4,992.93778
1778227200000000,79682.4,79987.27,79666.05,79886.01,628.59636
1778230800000000,79886.0,80061.17,79794.88,79872.72,481.81051
1778234400000000,79872.72,80278.92,79788.01,80212.56,650.80764
1778238000000000,80212.55,80340.94,80127.54,80231.22,586.98252
1778241600000000,80231.22,80500.0,79966.14,80025.82,831.54339
1778245200000000,80025.81,80095.99,79549.54,79647.8,1091.58342
1778248800000000,79647.81,80441.79,79647.8,80150.97,1005.3745
1778252400000000,80150.97,80200.0,79625.0,80142.14,812.90032
1778256000000000,80142.13,80182.18,79741.3,79802.34,665.763
1778259600000000,79802.35,80261.87,79738.75,80060.0,1502.98426
1778263200000000,80060.0,80299.99,80059.99,80078.4,470.37331
1778266800000000,80078.39,80181.66,79954.54,80179.94,408.77976
1778270400000000,80180.0,80299.93,80089.76,80133.09,330.63666
1778274000000000,80133.08,80264.0,80116.32,80263.99,269.62208
1778277600000000,80264.0,80409.09,80238.42,80262.0,318.15524
1778281200000000,80262.0,80299.27,80111.02,80193.17,441.0953
1778284800000000,80193.18,80240.87,80129.85,80238.76,206.53644
1778288400000000,80238.75,80446.58,80217.46,80327.75,266.81337
1778292000000000,80327.75,80477.47,80327.75,80417.87,231.63268
1778295600000000,80417.88,80550.67,80307.76,80383.95,388.12699
1778299200000000,80383.96,80666.66,80373.55,80379.9,404.43634
1778302800000000,80379.9,80480.49,80343.0,80379.49,360.73513
1778306400000000,80379.5,80428.01,80201.6,80263.92,270.37474
1778310000000000,80263.93,80309.05,80135.0,80228.89,445.94164
1778313600000000,80228.88,80452.44,80220.0,80407.12,297.06841
1778317200000000,80407.12,80415.83,80214.0,80242.53,211.41081
1778320800000000,80242.54,80346.94,80166.26,80264.02,234.54075
1778324400000000,80264.01,80366.07,80256.95,80345.46,266.71827
1778328000000000,80345.47,80416.21,80274.03,80397.97,357.45715
1778331600000000,80397.97,80422.0,80318.7,80391.18,341.73909
1778335200000000,80391.18,80426.9,80254.71,80332.22,322.24573
1778338800000000,80332.23,80600.0,80234.0,80527.92,418.47876
1778342400000000,80527.92,80777.0,80487.4,80625.01,546.55445
1778346000000000,80625.0,80928.56,80625.0,80812.7,430.13867
1778349600000000,80812.69,81080.0,80787.39,80907.65,339.35386
1778353200000000,80907.66,80958.0,80776.99,80938.53,217.80867
1778356800000000,80938.53,80938.53,80744.98,80805.5,144.14004
1778360400000000,80805.51,80896.0,80744.98,80780.83,149.85415
1778364000000000,80780.83,80823.24,80670.01,80782.38,199.54802
1778367600000000,80782.38,80850.0,80621.88,80678.4,496.76761
1778371200000000,80678.41,80770.51,80610.64,80680.04,346.27712
1778374800000000,80680.03,80690.73,80572.77,80685.56,410.62072
1778378400000000,80685.55,80790.0,80611.0,80777.42,290.59888
1778382000000000,80777.42,80887.15,80709.59,80775.0,284.77121
1778385600000000,80774.99,80840.0,80722.78,80759.93,253.45188
1778389200000000,80759.93,80816.52,80682.0,80700.77,372.73913
1778392800000000,80700.76,80753.04,80658.97,80733.75,211.5502
1778396400000000,80733.75,80827.14,80720.1,80736.03,400.67517
1778400000000000,80736.03,80909.65,80715.33,80830.33,252.36808
1778403600000000,80830.34,80913.8,80756.53,80807.96,237.31778
1778407200000000,80807.95,80883.48,80691.0,80873.79,279.49023
1778410800000000,80873.8,80975.4,80750.0,80821.21,339.53296
1778414400000000,80821.21,80950.0,80784.2,80927.72,235.68491
1778418000000000,80927.71,81000.01,80865.44,80971.67,254.25083
1778421600000000,80971.66,80999.36,80816.22,80990.11,372.4586
1778425200000000,80990.11,81442.81,80936.0,81418.01,780.28503
1778428800000000,81418.01,81500.0,81200.0,81378.25,595.22707
1778432400000000,81378.25,81583.11,81220.0,81476.18,599.74468
1778436000000000,81476.18,81493.11,81231.14,81271.96,268.90805
1778439600000000,81271.96,81481.92,81148.0,81437.83,334.34752
1778443200000000,81437.83,81459.66,80279.77,80734.88,1021.73969
1778446800000000,80734.88,80944.44,80571.97,80720.47,691.73163
1778450400000000,80720.47,82171.96,80666.66,82044.49,1804.86462
1778454000000000,82044.49,82479.32,82044.49,82210.07,1395.68283
1778457600000000,82210.07,82380.0,81280.0,81471.13,1294.00066
1778461200000000,81471.13,81744.85,81291.23,81501.72,495.92379
1778464800000000,81501.73,81572.4,81117.64,81169.08,491.97068
1778468400000000,81169.09,81188.97,80525.0,80736.01,857.95581
1778472000000000,80736.0,80879.12,80639.99,80824.61,378.47076
1778475600000000,80824.61,80981.8,80761.73,80832.33,423.68877
1778479200000000,80832.34,81049.51,80762.0,80822.86,296.00491
1778482800000000,80822.86,80840.3,80663.11,80740.4,496.93812
1778486400000000,80740.4,80863.42,80621.87,80767.97,463.92135
1778490000000000,80767.97,80997.63,80758.3,80966.57,330.83757
1778493600000000,80966.58,81200.0,80940.0,80940.0,488.26383
1778497200000000,80940.0,81196.95,80900.0,81196.94,356.37085
1778500800000000,81196.95,81356.46,81029.77,81054.65,485.8963
1778504400000000,81054.65,81332.29,80739.63,81072.0,767.39683
1778508000000000,81072.01,81252.72,80462.97,80953.38,767.64104
1778511600000000,80953.39,81458.0,80826.02,81445.9,647.30001
1778515200000000,81445.89,81910.35,81344.72,81575.85,1113.46844
1778518800000000,81575.84,82071.77,81369.42,81941.09,565.28919
1778522400000000,81941.09,82137.26,81836.15,81858.96,536.09834
1778526000000000,81858.97,82091.11,81739.09,81961.99,458.6097
1778529600000000,81961.99,82078.91,81758.5,81821.02,322.40099
1778533200000000,81821.03,81906.35,81600.0,81821.18,268.82965
1778536800000000,81821.18,81969.99,81729.99,81833.92,366.43361
1778540400000000,81833.92,81833.92,81596.31,81745.65,278.04936
1778544000000000,81745.66,81788.0,81478.75,81545.2,419.66559
1778547600000000,81545.2,81615.67,80714.28,81199.18,866.00547
1778551200000000,81199.18,81332.29,81087.63,81249.93,386.77691
1778554800000000,81249.93,81294.42,81024.41,81058.8,187.87319
1778558400000000,81058.79,81303.99,81000.0,81240.01,398.28206
1778562000000000,81240.01,81305.24,81181.56,81224.03,329.93857
1778565600000000,81224.04,81300.0,81010.01,81022.44,448.36294
1778569200000000,81022.44,81137.27,80800.77,80865.4,603.31882
1778572800000000,80865.4,80964.13,80760.53,80843.31,478.61372
1778576400000000,80843.3,80963.35,80720.0,80837.15,506.71585
1778580000000000,80837.15,80848.27,80601.27,80666.37,487.71377
1778583600000000,80666.38,80785.38,80496.57,80784.87,500.02112
1778587200000000,80784.86,80999.0,80619.19,80881.26,585.87948
1778590800000000,80881.25,80928.26,80397.07,80466.91,795.94705
1778594400000000,80466.91,80888.01,80397.88,80540.0,865.59094
1778598000000000,80540.0,80676.78,80188.65,80336.01,958.32005
1778601600000000,80336.01,80435.99,79843.59,80000.01,1473.4545
1778605200000000,80000.01,80593.06,79951.05,80527.69,486.64257
1778608800000000,80527.69,80763.81,80430.0,80679.12,367.3581
1778612400000000,80679.11,80874.42,80679.11,80834.64,346.22158
1778616000000000,80835.3,80896.25,80642.85,80696.87,292.49967
1778619600000000,80696.87,80738.0,80497.0,80587.44,202.53849
1778623200000000,80587.45,80791.94,80587.45,80656.43,151.10909
1778626800000000,80656.44,80714.0,80439.91,80504.47,247.40723
1778630400000000,80504.47,80768.95,80412.15,80718.0,230.81443
1778634000000000,80718.0,81195.69,80683.12,81006.0,633.76198
1778637600000000,81005.99,81281.66,80934.69,81050.0,333.93602
1778641200000000,81050.0,81299.99,80976.27,81249.99,377.40594
1778644800000000,81249.99,81281.07,81124.87,81231.96,253.70329
1778648400000000,81231.96,81247.22,80999.99,81019.99,266.87053
1778652000000000,81020.0,81160.36,80972.94,80980.05,499.1653
1778655600000000,80980.06,81049.01,80889.12,81026.92,476.02435
1778659200000000,81026.92,81200.0,80943.63,81196.57,372.92514
1778662800000000,81196.57,81324.64,81137.77,81291.38,435.50222
1778666400000000,81291.37,81298.5,80809.01,80809.01,364.76288
1778670000000000,80809.01,80843.87,80494.98,80501.22,668.09274
1778673600000000,80501.22,80592.65,79852.0,80202.78,1194.36751
1778677200000000,80202.78,80345.45,79576.47,79656.01,1205.27854
1778680800000000,79656.01,79898.0,79481.56,79756.01,942.38578
1778684400000000,79756.02,79856.08,78807.22,78827.21,1731.43058
1778688000000000,78827.21,79222.22,78754.65,79108.39,1522.11383
1778691600000000,79108.39,79556.36,79100.0,79514.97,611.40519
1778695200000000,79514.97,79800.0,79514.97,79598.15,747.58594
1778698800000000,79598.15,79646.29,79400.0,79642.41,463.49581
1778702400000000,79642.41,79760.0,79622.7,79698.95,225.22286
1778706000000000,79698.95,79705.73,79340.39,79398.54,418.00056
1778709600000000,79398.54,79470.0,79228.0,79428.46,338.28664
1778713200000000,79428.46,79499.01,79233.83,79313.61,497.51837
1778716800000000,79313.61,79681.73,79308.0,79580.0,443.66772
1778720400000000,79580.0,79681.73,79409.42,79604.6,369.48629
1778724000000000,79604.61,79676.11,79222.22,79370.24,684.03959
1778727600000000,79370.24,79460.0,78922.0,79044.85,712.36112
1778731200000000,79044.86,79474.41,78982.06,79451.63,437.35487
1778734800000000,79451.62,79998.0,79359.49,79809.16,850.16622
1778738400000000,79809.15,79953.35,79769.12,79804.71,301.13354
1778742000000000,79804.72,79937.59,79702.05,79745.98,480.32483
1778745600000000,79745.99,79936.98,79644.44,79821.56,652.77033
1778749200000000,79821.55,79905.99,79569.81,79635.52,445.75367
1778752800000000,79635.53,79756.98,79409.42,79570.01,384.95969
1778756400000000,79570.01,79600.0,79234.0,79258.27,362.97846
1778760000000000,79258.27,79775.02,79230.31,79767.11,526.41242
1778763600000000,79767.1,80059.71,79670.88,79701.73,1000.54213
1778767200000000,79701.73,81020.0,79561.52,80964.85,1882.78042
1778770800000000,80964.84,81332.23,80816.08,81301.23,2292.36231
1778774400000000,81301.22,81904.44,81080.25,81888.4,2732.81932
1778778000000000,81888.4,82048.13,81271.0,81668.48,1967.47911
1778781600000000,81668.49,81949.15,81440.38,81581.99,1012.7972
1778785200000000,81582.0,81718.73,81330.12,81419.74,566.84044
1778788800000000,81419.75,81590.19,81166.22,81412.04,471.62836
1778792400000000,81412.05,81526.08,81268.38,81396.61,292.07185
1778796000000000,81396.61,81559.71,81335.48,81456.0,322.84736
1778799600000000,81456.0,81456.0,81059.93,81089.99,534.29082
1778803200000000,81090.0,81664.45,81068.52,81518.67,578.5498
1778806800000000,81518.66,81612.73,81106.2,81131.01,538.82284
1778810400000000,81131.0,81350.0,80750.0,81299.14,829.4016
1778814000000000,81299.14,81340.81,80930.82,81059.15,506.95135
1778817600000000,81059.15,81100.0,80709.09,80724.71,367.57246
1778821200000000,80724.71,80882.45,80314.0,80360.01,1029.21412
1778824800000000,80360.01,80644.5,80314.01,80580.0,815.53271
1778828400000000,80580.0,81003.37,80559.88,80814.88,878.78211
1778832000000000,80814.88,80822.95,80415.84,80638.0,538.63644
1778835600000000,80638.0,80670.51,80369.0,80489.8,471.66166
1778839200000000,80489.81,80776.33,80407.6,80716.23,444.96934
1778842800000000,80716.22,80750.56,80590.08,80628.53,250.99223
1778846400000000,80628.52,80635.44,80340.83,80385.11,535.00082
1778850000000000,80385.1,80385.11,78698.69,78758.59,3101.88518
1778853600000000,78758.59,79353.32,78659.0,79150.37,1965.21031
1778857200000000,79150.36,79369.36,79013.81,79150.27,606.4731
1778860800000000,79150.26,79382.3,79131.01,79294.31,514.78679
1778864400000000,79294.31,79504.83,79224.0,79460.0,478.80422
1778868000000000,79460.0,79561.94,79170.47,79284.0,544.01093
1778871600000000,79284.01,79290.0,79051.0,79146.5,421.75884
1778875200000000,79146.5,79217.07,79000.0,79123.12,224.44355
1778878800000000,79123.13,79200.0,78911.42,78973.5,682.32127
1778882400000000,78973.5,79145.44,78973.49,79107.38,347.86808
1778886000000000,79107.38,79161.86,79077.96,79113.21,677.62104
1778889600000000,79113.2,79227.77,79075.09,79111.92,314.0124
1778893200000000,79111.92,79186.05,79010.0,79168.0,357.20294
1778896800000000,79168.0,79211.77,79080.1,79155.54,208.30505
1778900400000000,79155.55,79187.71,79059.77,79083.18,368.66241
1778904000000000,79083.19,79129.71,78860.0,79035.26,321.76822
1778907600000000,79035.25,79039.49,78933.63,79027.37,183.05543
1778911200000000,79027.36,79047.94,78459.87,78648.0,632.26156
1778914800000000,78648.0,78651.63,78066.0,78369.77,1267.74437
1778918400000000,78369.78,78530.52,78334.21,78426.56,379.04319
1778922000000000,78426.55,78440.81,77906.1,78083.48,1104.4311
1778925600000000,78083.47,78101.43,77640.0,77960.0,1759.70594
1778929200000000,77959.99,78193.88,77959.99,78081.71,602.9198
1778932800000000,78080.46,78133.38,77918.62,78007.23,791.53177
1778936400000000,78007.24,78014.6,77833.4,78014.6,830.86287
1778940000000000,78014.6,78346.0,77895.2,78130.55,729.04785
1778943600000000,78130.55,78285.0,78078.22,78238.67,332.91477
1778947200000000,78238.68,78364.65,78119.72,78205.96,328.10255
1778950800000000,78205.96,78320.41,78199.0,78201.5,350.20669
1778954400000000,78201.5,78327.75,78142.99,78229.81,310.63405
1778958000000000,78229.82,78314.69,78204.22,78259.66,271.10252
1778961600000000,78259.67,78318.94,78201.42,78261.0,194.3429
1778965200000000,78261.0,78308.33,78206.85,78265.73,237.27188
1778968800000000,78265.73,78279.28,78171.02,78186.25,128.79242
1778972400000000,78186.25,78267.46,78125.32,78148.05,128.93924
1778976000000000,78148.05,78243.19,77812.0,77945.85,311.59646
1778979600000000,77945.85,78114.0,77721.19,77725.71,516.53667
1778983200000000,77725.72,77938.0,77725.71,77895.51,256.64293
1778986800000000,77895.5,78079.3,77888.0,78028.88,200.15322
1778990400000000,78028.88,78203.93,78003.35,78158.09,375.99093
1778994000000000,78158.08,78323.96,78102.42,78121.41,258.98839
1778997600000000,78121.41,78204.01,78017.0,78104.8,136.86954
1779001200000000,78104.79,78208.69,78053.79,78180.01,180.24659
1779004800000000,78180.0,78200.91,78033.01,78089.8,117.37418
1779008400000000,78089.8,78293.97,78073.52,78249.33,196.43485
1779012000000000,78249.33,78599.99,78249.03,78465.99,564.92985
1779015600000000,78465.99,78473.82,78289.0,78415.99,257.4445
1779019200000000,78415.99,78550.0,78333.8,78364.83,254.43689
1779022800000000,78364.83,78364.83,78173.15,78202.91,260.27625
1779026400000000,78202.91,78217.33,77850.0,78051.51,397.56893
1779030000000000,78051.51,78119.42,77920.76,78051.41,203.63392
1779033600000000,78051.42,78193.66,78025.23,78034.36,142.87987
1779037200000000,78034.37,78092.44,77856.69,78089.98,296.4389
1779040800000000,78089.99,78271.59,78014.33,78268.05,172.43416
1779044400000000,78268.04,78468.46,78209.96,78415.3,225.32283
1779048000000000,78415.29,78435.32,78248.8,78277.36,205.39109
1779051600000000,78277.36,78485.36,78243.5,78405.72,293.90051
1779055200000000,78405.72,78414.16,77830.0,77997.24,585.78673
1779058800000000,77997.24,78008.18,76735.16,77457.67,2031.42401
1779062400000000,77457.67,77477.99,76916.6,77209.95,1062.83033
1779066000000000,77209.95,77291.54,76744.95,77109.22,771.47833
1779069600000000,77109.21,77222.03,76707.61,76835.41,544.67309
1779073200000000,76835.41,77030.42,76817.14,76924.65,509.0298
1779076800000000,76924.66,77069.77,76772.01,77038.49,354.48166
1779080400000000,77038.49,77080.93,76884.33,76931.4,586.83852
1779084000000000,76931.4,76967.8,76583.33,76912.52,621.71728
1779087600000000,76912.53,77089.29,76771.53,77073.69,1139.6298
1779091200000000,77073.69,77181.88,76890.34,77040.42,562.21651
1779094800000000,77040.43,77048.14,76877.17,76933.16,365.74952
1779098400000000,76933.17,76957.35,76716.99,76764.74,432.20236
1779102000000000,76764.75,77403.48,76668.58,77285.83,692.38548
1779105600000000,77285.83,77800.0,77275.96,77639.98,980.76582
1779109200000000,77639.99,77639.99,76695.31,76937.7,1116.5633
1779112800000000,76937.7,76954.25,76230.02,76393.65,2158.59337
1779116400000000,76393.66,76485.29,76051.0,76409.46,1960.17489
1779120000000000,76409.46,76665.68,76218.0,76410.01,1252.9383
1779123600000000,76410.0,76757.21,76366.13,76706.39,450.87486
1779127200000000,76706.38,76706.38,76144.24,76252.5,779.57136
1779130800000000,76252.01,76995.0,76235.0,76928.0,812.47229
1779134400000000,76928.0,77182.14,76874.73,76909.92,463.85785
1779138000000000,76909.92,77174.23,76800.0,77103.05,491.7356
1779141600000000,77103.04,77222.79,76937.19,77078.22,359.68174
1779145200000000,77078.22,77160.79,76948.8,77001.87,275.05472
1779148800000000,77001.88,77414.62,76955.99,77140.87,556.43712
1779152400000000,77140.86,77156.2,76667.0,76667.01,769.46148
1779156000000000,76667.01,76997.33,76487.83,76617.47,469.02583
1779159600000000,76617.46,76867.23,76586.11,76787.11,211.83571
1779163200000000,76787.1,76943.75,76700.0,76927.25,239.72033
1779166800000000,76927.25,77000.0,76644.98,76911.24,392.43215
1779170400000000,76911.25,77108.68,76886.13,77029.4,386.11356
1779174000000000,77029.41,77278.57,76974.72,77233.69,490.1935
1779177600000000,77233.68,77317.02,76972.96,77048.71,465.92336
1779181200000000,77048.72,77074.05,76709.29,76818.8,385.08727
1779184800000000,76818.8,77103.97,76704.0,77041.87,464.38738
1779188400000000,77041.87,77076.53,76633.83,76714.62,430.29111
1779192000000000,76714.61,76982.89,76650.06,76940.21,257.11004
1779195600000000,76940.2,77048.72,76596.0,76872.75,906.63403
1779199200000000,76872.74,77023.75,76144.71,76392.43,1426.24149
1779202800000000,76392.43,76675.76,76337.97,76521.23,773.78391
1779206400000000,76521.24,76911.0,76407.72,76894.59,568.91388
1779210000000000,76894.59,77015.41,76759.39,76856.76,442.15826
1779213600000000,76856.76,76947.2,76744.8,76803.28,282.19478
1779217200000000,76803.28,77065.8,76765.14,76818.74,341.73224
1779220800000000,76818.73,77040.24,76818.73,77022.23,147.68289
1779224400000000,77022.22,77040.83,76973.76,76982.34,185.29058
1779228000000000,76982.34,76982.34,76642.95,76712.21,233.07768
1779231600000000,76712.22,76980.07,76670.52,76834.36,199.1312
1779235200000000,76834.36,76896.5,76516.74,76788.83,236.25061
1779238800000000,76788.83,76922.46,76536.59,76820.98,358.53384
1779242400000000,76820.98,76909.62,76600.0,76690.42,293.25018
1779246000000000,76690.42,76829.61,76604.99,76723.54,673.76637
1779249600000000,76723.55,76836.82,76692.0,76780.37,365.31048
1779253200000000,76780.37,77320.0,76780.37,77196.99,973.23466
1779256800000000,77196.99,77422.0,77179.93,77414.11,528.12463
1779260400000000,77414.1,77472.21,77241.13,77282.64,351.42212
1779264000000000,77282.65,77635.52,77210.33,77458.04,548.89961
1779267600000000,77458.05,77543.59,77365.94,77485.13,360.90275
1779271200000000,77485.14,77663.0,77485.14,77517.45,409.79863
1779274800000000,77517.46,77569.1,77328.2,77382.49,362.81092
1779278400000000,77382.5,77748.05,77365.52,77617.26,377.41047
1779282000000000,77617.26,77650.62,76968.05,77204.61,682.21238
1779285600000000,77204.61,77574.29,76891.61,77446.08,1202.39421
1779289200000000,77446.01,77853.04,77300.0,77455.46,777.75101
1779292800000000,77455.45,77557.0,77018.38,77338.6,407.4641
1779296400000000,77338.6,77713.66,77230.86,77568.95,501.34929
1779300000000000,77568.95,77634.52,77398.63,77415.09,414.50917
1779303600000000,77415.09,77709.68,77350.71,77667.49,388.96569
1779307200000000,77667.49,77760.0,77476.19,77720.01,357.7103
1779310800000000,77720.01,77766.6,77500.0,77500.01,158.00627
1779314400000000,77500.01,77504.69,77226.61,77504.69,367.95652
1779318000000000,77504.69,77559.34,77386.93,77552.23,198.22886
1779321600000000,77552.24,78071.42,77525.0,77967.09,547.83434
1779325200000000,77967.09,78173.15,77800.0,77863.85,453.71737
1779328800000000,77863.85,78100.0,77820.1,77955.78,820.7986
1779332400000000,77955.78,78098.85,77908.0,78078.72,441.60659
1779336000000000,78078.72,78180.01,77965.36,78035.8,365.79347
1779339600000000,78035.8,78147.07,77714.94,77828.0,390.37362
1779343200000000,77828.0,77873.15,77533.45,77622.14,317.41875
1779346800000000,77622.14,77901.06,77521.0,77889.01,380.5065
1779350400000000,77889.01,78200.0,77885.53,77924.63,493.4737
1779354000000000,77924.63,77977.53,77633.02,77633.02,277.92731
1779357600000000,77633.03,77678.01,77190.09,77198.08,783.43483
1779361200000000,77198.09,77372.0,77147.15,77189.1,380.03818
1779364800000000,77189.1,77363.32,77080.72,77278.53,382.67307
1779368400000000,77278.52,77358.05,76719.47,77122.68,862.17497
1779372000000000,77122.67,77240.82,76788.8,76984.61,697.95187
1779375600000000,76984.61,77402.12,76900.0,77259.46,411.10449
1779379200000000,77259.45,77344.01,77008.75,77207.93,404.33559
1779382800000000,77207.92,78098.16,77181.83,77869.38,1291.96294
1779386400000000,77869.38,77922.01,77230.0,77387.74,559.91554
1779390000000000,77387.74,77802.51,77365.97,77690.56,437.10444
1779393600000000,77690.56,77804.75,77647.75,77705.81,144.76199
1779397200000000,77705.8,77813.35,77645.4,77672.29,182.97007
1779400800000000,77672.3,77750.61,77555.33,77628.0,130.38276
1779404400000000,77628.01,77745.39,77534.43,77615.52,159.99742
1779408000000000,77615.52,77628.38,77369.49,77373.57,228.62269
1779411600000000,77373.57,77673.5,77327.28,77616.0,252.86608
1779415200000000,77616.0,77728.01,77593.16,77673.36,244.81122
1779418800000000,77673.37,77817.8,77673.36,77779.98,158.00162
1779422400000000,77779.98,77900.0,77637.99,77655.42,475.76681
1779426000000000,77655.43,77726.0,77454.56,77489.0,344.3172
1779429600000000,77489.0,77525.85,77370.4,77423.41,542.83384
1779433200000000,77423.41,77543.38,77288.77,77408.06,393.92568
1779436800000000,77408.07,77535.0,77216.0,77267.38,509.65577
1779440400000000,77267.39,77360.0,77200.0,77307.11,276.32946
1779444000000000,77307.12,77363.01,77261.73,77312.0,275.0182
1779447600000000,77311.99,77430.55,77184.45,77428.84,375.5311
1779451200000000,77428.83,77584.94,77395.45,77533.9,317.41573
1779454800000000,77533.91,77547.56,77130.99,77290.01,419.18989
1779458400000000,77290.0,77290.0,76751.0,76774.23,1004.6619
1779462000000000,76774.23,77030.64,76570.0,76790.59,872.56913
1779465600000000,76790.6,77006.69,76767.0,76950.68,481.05047
1779469200000000,76950.67,77093.72,76750.0,76750.0,322.37426
1779472800000000,76750.01,76898.0,76101.0,76537.47,809.74159
1779476400000000,76537.47,76590.68,75668.76,75860.44,1201.88912
1779480000000000,75860.44,76080.95,75826.0,75984.47,415.32736
1779483600000000,75984.47,76087.85,75926.2,75978.83,349.85112
1779487200000000,75978.83,75978.84,75558.28,75737.52,473.52886
1779490800000000,75737.53,75881.18,75359.18,75539.5,527.08224
1779494400000000,75539.5,75635.59,75220.0,75352.64,828.38332
1779498000000000,75352.64,75500.0,75350.0,75489.84,466.00374
1779501600000000,75489.83,75581.27,75417.56,75572.07,334.42834
1779505200000000,75572.07,75664.62,75563.33,75635.22,267.29386
1779508800000000,75635.22,75650.63,75507.01,75539.77,198.6031
1779512400000000,75539.77,75562.4,75469.89,75482.68,267.20559
1779516000000000,75482.68,75501.09,75394.54,75398.33,189.47214
1779519600000000,75398.33,75443.44,74289.6,74609.36,2035.70931
1779523200000000,74609.37,74746.67,74303.56,74684.3,963.9472
1779526800000000,74684.29,74752.45,74624.5,74656.91,431.5071
1779530400000000,74656.91,74797.01,74656.91,74705.0,625.72233
1779534000000000,74705.0,74873.55,74704.99,74789.99,487.9196
1779537600000000,74789.99,74798.41,74660.05,74753.93,570.81814
1779541200000000,74753.94,75262.86,74753.93,75213.9,815.89889
1779544800000000,75213.9,75726.3,75108.15,75537.72,922.06012
1779548400000000,75537.73,75676.0,75405.4,75520.0,634.72295
1779552000000000,75519.99,75638.62,75415.17,75444.7,411.95204
1779555600000000,75444.71,75522.0,75371.72,75488.18,566.20129
1779559200000000,75488.17,75986.24,75472.04,75845.82,429.21806
1779562800000000,75845.82,76012.22,75780.9,75983.45,364.9012
1779566400000000,75983.45,77300.0,75953.94,77287.58,1242.58285
1779570000000000,77286.08,77404.18,76538.04,76804.99,1147.59506
1779573600000000,76805.0,76885.0,76396.06,76584.45,464.30329
1779577200000000,76584.45,76822.0,76538.36,76752.01,420.43862
1779580800000000,76752.0,76930.65,76629.02,76835.16,392.54327
1779584400000000,76835.16,76921.45,76754.53,76890.04,225.24128
1779588000000000,76890.04,76968.04,76704.32,76830.0,185.87406
1779591600000000,76830.01,77011.62,76738.5,76750.0,248.04543
1779595200000000,76750.01,76858.26,76730.0,76786.5,163.64327
1779598800000000,76786.5,76861.78,76651.59,76822.23,202.16815
1779602400000000,76822.23,77065.94,76716.02,76987.58,257.8917
1779606000000000,76987.58,77014.24,76786.2,76799.99,193.96514
1779609600000000,76799.99,76861.77,76734.42,76830.69,226.94949
1779613200000000,76830.69,77046.67,76821.86,77020.53,369.92973
1779616800000000,77020.54,77543.15,76927.04,77190.74,863.69953
1779620400000000,77190.73,77356.62,77190.73,77320.06,285.66801
1779624000000000,77320.06,77325.72,77044.73,77118.73,271.94108
1779627600000000,77118.72,77127.54,76688.89,76802.23,474.39799
1779631200000000,76802.23,76840.01,76195.36,76465.16,837.87651
1779634800000000,76465.15,76539.38,76362.78,76371.59,398.04105
1779638400000000,76371.59,76734.3,76371.59,76671.7,359.46109
1779642000000000,76671.69,76799.99,76566.15,76693.34,249.31214
1779645600000000,76693.34,76788.01,76596.0,76665.73,148.14196
1779649200000000,76665.72,76783.51,76611.17,76773.34,125.12918
1779652800000000,76773.33,76796.18,76596.37,76668.4,560.38206
1779656400000000,76668.41,76748.12,76108.0,76151.14,497.80071
1779660000000000,76151.14,77012.01,76132.0,76803.99,543.11534
1779663600000000,76803.99,77225.97,76803.99,77064.96,316.78339
1779667200000000,77064.96,77288.0,77064.95,77153.01,281.30951
1779670800000000,77153.01,77245.67,76914.25,76945.27,574.42489
1779674400000000,76945.28,77485.0,76945.28,77108.77,313.96478
1779678000000000,77108.77,77169.88,77002.3,77026.67,198.70522
1779681600000000,77026.68,77450.0,76990.78,77391.07,251.77406
1779685200000000,77391.07,77498.0,77324.0,77407.0,306.77798
1779688800000000,77406.99,77650.0,77222.22,77419.87,413.85927
1779692400000000,77419.87,77520.0,77184.62,77401.12,376.11814
1779696000000000,77401.11,77469.64,77280.32,77456.94,352.6298
1779699600000000,77456.94,77699.97,77425.17,77604.56,369.10396
1779703200000000,77604.56,77681.37,77490.37,77545.65,283.53522
1779706800000000,77545.65,77545.65,77333.33,77357.5,209.17805
1779710400000000,77357.5,77440.46,77286.5,77367.98,261.28583
1779714000000000,77367.98,77450.0,77286.5,77341.05,199.52985
1779717600000000,77341.05,77773.69,77304.84,77714.0,603.07815
1779721200000000,77713.99,77905.52,77557.0,77628.82,499.50313
1779724800000000,77628.82,77807.29,77508.88,77735.69,342.64397
1779728400000000,77735.69,77804.48,77550.39,77564.01,278.21782
1779732000000000,77564.0,77658.01,77543.38,77543.39,204.7646
1779735600000000,77543.39,77543.39,77343.61,77441.86,295.53937
1779739200000000,77441.85,77500.0,77220.0,77273.06,314.11527
1779742800000000,77273.06,77396.08,77273.05,77367.03,183.92616
1779746400000000,77367.03,77449.94,77019.82,77116.21,395.72227
1779750000000000,77116.21,77367.44,77072.36,77322.01,162.61467
1779753600000000,77322.01,77345.0,76575.49,76792.71,686.17714
1779757200000000,76792.24,76888.01,76590.9,76756.98,342.05131
1779760800000000,76756.98,76810.0,76512.98,76660.0,721.43857
1779764400000000,76660.0,76705.71,76475.59,76664.01,396.14567
1779768000000000,76664.0,76817.28,76606.79,76749.5,392.59093
1779771600000000,76749.51,76989.23,76704.8,76930.01,556.0432
1779775200000000,76930.0,77059.74,76775.0,76908.01,658.30833
1779778800000000,76908.0,76924.55,76603.73,76730.84,436.26184
1779782400000000,76730.84,76852.01,76693.21,76726.37,246.06951
1779786000000000,76726.37,76804.0,76649.79,76672.19,350.5237
1779789600000000,76672.2,77621.75,76586.94,77430.0,897.13516
1779793200000000,77430.0,77516.93,77174.94,77183.55,403.26795
1779796800000000,77183.56,77232.52,76877.94,77132.5,402.68245
1779800400000000,77132.51,77464.01,76691.88,77231.56,659.9668
1779804000000000,77231.56,78080.0,76724.63,76908.01,2020.17697
1779807600000000,76908.01,77012.0,76272.63,76518.1,1751.25838
1779811200000000,76518.1,76710.01,76209.58,76558.0,2070.02098
1779814800000000,76558.0,76649.91,75850.0,75935.08,1190.65802
1779818400000000,75935.09,76273.66,75779.3,75840.55,846.30902
1779822000000000,75840.55,76104.49,75805.23,76052.0,581.71052
1779825600000000,76052.0,76180.0,75982.64,76106.86,324.41575
1779829200000000,76106.86,76117.31,75850.0,75890.0,275.58323
1779832800000000,75890.0,75998.94,75677.97,75749.02,428.12169
1779836400000000,75749.02,75986.45,75749.02,75930.01,316.55917
1779840000000000,75930.01,76089.7,75872.71,76085.01,780.41682
1779843600000000,76085.0,76104.02,75824.0,75877.44,573.72878
1779847200000000,75877.44,75890.59,75682.99,75879.0,437.25803
1779850800000000,75879.01,75966.91,75607.62,75683.0,612.84746
1779854400000000,75683.0,75706.77,75310.9,75579.01,817.05359
1779858000000000,75579.01,75739.36,75579.0,75697.99,490.56114
1779861600000000,75697.99,75900.0,75690.01,75838.65,482.86494
1779865200000000,75838.65,75980.0,75764.0,75977.17,433.92885
1779868800000000,75977.16,76071.41,75843.02,75873.24,308.77238
1779872400000000,75873.25,75978.01,75710.76,75912.6,294.26595
1779876000000000,75912.61,76043.94,75880.0,75909.82,372.61961
1779879600000000,75909.82,76029.24,75754.1,75769.18,316.01081
1779883200000000,75769.18,76174.15,75575.75,75688.0,621.24106
1779886800000000,75688.01,75760.0,74866.18,75073.4,2200.23684
1779890400000000,75073.4,75274.11,74758.33,75031.92,1567.20208
1779894000000000,75031.92,75502.29,74983.77,75326.01,797.5234
1779897600000000,75326.02,75408.01,75000.0,75304.01,632.49097
1779901200000000,75304.01,75344.01,74685.58,74860.42,1103.99219
1779904800000000,74860.42,75032.01,74663.45,75026.67,549.25309
1779908400000000,75026.67,75105.17,74952.36,75066.08,879.80197
1779912000000000,75066.09,75415.81,75056.25,75274.58,389.41476
1779915600000000,75274.58,75274.58,74341.76,74473.01,653.21971
1779919200000000,74473.01,74775.5,74260.91,74418.13,624.64107
1779922800000000,74418.12,74572.0,74243.99,74449.3,938.42933
1779926400000000,74449.31,74580.0,74366.89,74570.66,476.29695
1779930000000000,74570.67,74590.77,74156.0,74344.08,653.98384
1779933600000000,74344.07,74400.0,74127.57,74287.42,717.91596
1779937200000000,74287.43,74380.39,73060.59,73258.01,3879.74728
1779940800000000,73258.0,73260.01,72728.85,73181.95,1588.42564
1779944400000000,73181.95,73181.95,72908.67,72990.87,850.50171
1779948000000000,72990.87,73213.11,72761.11,73202.7,1248.76931
1779951600000000,73202.71,73512.14,73158.0,73498.0,1111.91354
1779955200000000,73498.0,73500.0,73193.13,73325.88,567.79073
1779958800000000,73325.88,73560.0,73261.6,73541.24,547.18862
1779962400000000,73541.25,73616.0,73349.91,73400.01,495.53335
1779966000000000,73400.01,73532.01,73319.36,73505.66,383.87102
1779969600000000,73505.65,73580.75,73245.56,73518.01,454.53291
1779973200000000,73518.01,73574.6,72771.64,73022.02,1277.58759
1779976800000000,73022.01,73573.21,72582.82,73033.06,2189.6201
1779980400000000,73033.06,73180.01,72700.0,72928.73,710.64433
1779984000000000,72928.73,73440.67,72741.4,73440.67,821.59668
1779987600000000,73440.66,73734.72,73316.31,73554.82,737.45631
1779991200000000,73554.81,73749.69,73514.57,73652.88,517.48323
1779994800000000,73652.87,73652.88,73381.81,73419.32,447.75042
1779998400000000,73419.31,73721.45,73241.48,73579.99,441.85746
1780002000000000,73580.0,73926.22,73560.45,73817.31,386.07817
1780005600000000,73817.31,73949.22,73448.55,73464.8,445.66881
1780009200000000,73464.8,73714.9,73464.79,73617.51,321.8063
1780012800000000,73617.52,73854.77,73617.51,73716.37,592.13944
1780016400000000,73716.37,73868.33,73463.52,73586.83,543.44041
1780020000000000,73586.83,73646.68,73189.11,73225.06,716.13416
1780023600000000,73225.07,73456.63,73225.07,73301.52,271.59006
1780027200000000,73301.53,73508.97,73210.21,73507.69,462.74907
1780030800000000,73507.68,73719.39,73500.0,73706.0,814.3098
1780034400000000,73706.0,73939.19,73641.05,73786.32,283.07172
1780038000000000,73786.32,73830.01,73373.37,73528.56,1081.6764
1780041600000000,73528.55,73835.58,73524.0,73653.4,690.03943
1780045200000000,73653.4,73902.85,73649.58,73744.96,506.90617
1780048800000000,73744.96,73749.53,73588.13,73634.64,583.75086
1780052400000000,73634.64,73700.41,73341.85,73487.98,417.09649
1780056000000000,73487.98,73487.98,73202.0,73295.73,419.42757
1780059600000000,73295.73,73346.04,72900.46,73135.7,883.40251
1780063200000000,73135.7,73198.17,72512.49,73096.85,1512.76179
1780066800000000,73096.84,74200.0,73008.98,73808.26,1809.3402
1780070400000000,73808.25,74124.73,73565.73,74056.5,1160.72957
1780074000000000,74056.49,74514.1,73925.33,73980.94,2917.46541
1780077600000000,73980.94,74065.29,73187.25,73374.52,1065.50146
1780081200000000,73374.51,73727.95,73239.36,73520.28,453.16949
1780084800000000,73520.29,73760.0,73514.0,73673.61,155.12213
1780088400000000,73673.62,73844.0,73408.8,73409.27,412.83689
1780092000000000,73409.27,73571.81,73379.79,73483.52,662.8477
1780095600000000,73483.51,73510.0,73320.0,73460.78,271.23268
1780099200000000,73460.78,73579.82,73408.62,73498.8,545.20652
1780102800000000,73498.8,73663.08,73472.8,73657.9,386.87772
1780106400000000,73657.9,73786.7,73613.85,73786.69,268.52358
1780110000000000,73786.7,73796.43,73524.01,73524.01,339.03494
1780113600000000,73524.01,73575.0,73216.0,73402.84,466.81865
1780117200000000,73402.85,73635.0,73346.85,73604.99,464.14797
1780120800000000,73604.99,73709.91,73530.0,73584.99,331.33867
1780124400000000,73584.99,73588.2,73486.0,73548.6,225.56478
1780128000000000,73548.6,73567.59,73500.02,73530.07,274.14087
1780131600000000,73530.07,73615.47,73503.07,73615.46,201.26346
1780135200000000,73615.46,73680.75,73592.57,73655.85,283.9706
1780138800000000,73655.85,73655.86,73564.62,73602.02,317.1037
1780142400000000,73602.01,73717.07,73594.4,73698.18,369.235
1780146000000000,73698.17,73837.06,73676.1,73829.31,249.39427
1780149600000000,73829.31,74100.0,73820.91,73929.11,565.07041
1780153200000000,73929.11,74042.88,73836.7,73930.14,301.39896
1780156800000000,73930.13,73985.84,73880.1,73934.99,193.46997
1780160400000000,73935.0,74047.26,73811.3,74020.07,308.74992
1780164000000000,74020.06,74143.76,73945.0,74043.38,188.56655
1780167600000000,74043.39,74072.0,73971.3,74016.65,145.42131
1780171200000000,74016.64,74016.65,73926.68,73979.84,104.9948
1780174800000000,73979.85,74054.0,73929.07,73981.99,224.4707
1780178400000000,73981.99,73982.0,73796.01,73883.3,391.66756
1780182000000000,73883.3,73995.98,73781.3,73884.38,368.97818
1780185600000000,73884.38,74041.72,73858.56,74038.2,241.35407
1780189200000000,74038.2,74275.66,74028.64,74058.01,363.47802
1780192800000000,74058.01,74243.94,73890.49,74090.84,304.8567
1780196400000000,74090.84,74226.78,74074.05,74150.64,189.87382
1780200000000000,74150.64,74221.33,74109.0,74178.4,194.38913
1780203600000000,74178.41,74207.2,74055.16,74055.98,231.70947
1780207200000000,74055.99,74109.39,73985.34,74054.87,141.21825
1780210800000000,74054.86,74054.87,73836.0,73871.24,302.07421
1780214400000000,73871.25,73980.0,73850.05,73937.61,348.32905
1780218000000000,73937.62,74024.0,73813.44,73841.79,323.04158
1780221600000000,73841.79,73900.0,73699.2,73900.0,400.29833
1780225200000000,73900.0,73972.0,73899.99,73937.79,178.9239
1780228800000000,73937.63,73995.88,73874.0,73920.0,222.22652
1780232400000000,73920.0,74023.99,73807.43,73872.8,178.44734
1780236000000000,73872.8,73872.8,73483.05,73602.17,681.72491
1780239600000000,73602.18,73775.79,73588.8,73655.21,266.93299
1780243200000000,73655.2,73730.0,73400.0,73526.14,319.75425
1780246800000000,73526.15,73734.0,73466.67,73709.44,195.46974
1780250400000000,73709.43,73713.34,73585.49,73603.69,214.37074
1780254000000000,73603.68,73649.93,73456.48,73563.42,255.80848
1780257600000000,73563.41,73760.0,73563.41,73739.66,381.5641
1780261200000000,73739.67,73924.0,73626.67,73892.52,391.01047
1780264800000000,73892.52,73997.56,73686.0,73944.62,284.29172
1780268400000000,73944.62,74198.0,73500.0,73674.39,375.30928
1780272000000000,73674.39,74092.0,73654.06,73885.0,366.4897
1780275600000000,73885.01,73916.01,73278.02,73292.92,464.54265
1780279200000000,73292.92,73892.52,73222.0,73790.0,506.50025
1780282800000000,73789.99,74019.58,73735.47,73769.06,460.44243
1780286400000000,73769.06,73841.37,73348.74,73536.01,335.64727
1780290000000000,73536.01,73541.48,73328.32,73350.0,404.19791
1780293600000000,73349.99,73368.0,72950.01,73135.74,740.28999
1780297200000000,73135.75,73203.85,72704.0,72818.0,833.64063
1780300800000000,72818.0,72921.38,72610.03,72902.65,751.49608
1780304400000000,72902.64,73095.64,72600.0,72880.0,2061.2162
1780308000000000,72880.0,72900.73,72592.27,72748.88,482.4874
1780311600000000,72748.88,72768.11,72290.0,72479.99,769.61036
1780315200000000,72480.0,72610.0,71902.98,72221.73,1854.73885
1780318800000000,72221.74,72243.52,71389.88,71711.89,3036.53496
1780322400000000,71711.89,71887.6,71363.43,71567.91,2060.71568
1780326000000000,71567.91,71677.55,71066.33,71129.62,1656.46415
1780329600000000,71129.62,71599.95,70686.68,71564.01,2820.57409
1780333200000000,71564.01,71800.73,71469.64,71646.01,999.45739
1780336800000000,71646.0,71687.28,71382.0,71498.64,667.35668
1780340400000000,71498.64,71666.0,71386.0,71595.24,432.84579
1780344000000000,71595.24,71690.0,71419.64,71446.0,273.2723
1780347600000000,71445.99,71449.98,70941.95,71038.01,573.85796
1780351200000000,71038.01,71460.0,70840.9,71408.0,770.63523
1780354800000000,71407.99,71583.29,71225.29,71408.9,598.07789
1780358400000000,71408.9,71408.9,71100.0,71289.23,677.70318
1780362000000000,71289.24,71372.0,70607.57,70652.47,1034.85247
1780365600000000,70652.47,70880.63,70111.0,70846.49,1320.1444
1780369200000000,70846.48,71041.04,70806.0,70953.69,492.94753
1780372800000000,70953.7,71048.0,70713.54,70810.0,489.36754
1780376400000000,70810.0,70847.66,70267.79,70268.96,832.11781
1780380000000000,70268.97,70442.0,69958.49,70106.31,1507.14949
1780383600000000,70106.31,70275.86,69733.0,70118.42,1388.79813
1780387200000000,70118.42,70172.0,69705.3,69821.99,944.6499
1780390800000000,69822.0,69849.0,69324.65,69426.01,1499.21853
1780394400000000,69426.01,69756.0,69336.98,69652.19,904.86792
1780398000000000,69652.18,69659.47,69397.83,69461.72,417.59402
1780401600000000,69461.73,69548.13,68989.61,69010.42,1382.26152
1780405200000000,69010.41,69180.0,68757.03,68811.91,1762.82906
1780408800000000,68809.93,68836.0,67617.85,68019.3,3845.79627
1780412400000000,68019.3,68094.6,67076.0,67304.28,2543.79469
1780416000000000,67304.29,68146.3,67228.45,67413.44,1789.92962
1780419600000000,67413.44,67837.53,67378.0,67492.34,905.8915
1780423200000000,67492.34,67661.7,67124.2,67341.99,926.14597
1780426800000000,67341.99,67498.0,66432.0,67315.14,2333.17121
1780430400000000,67315.14,67689.65,66911.2,67587.77,1637.61606
1780434000000000,67587.78,67923.24,67412.0,67566.01,765.53933
1780437600000000,67566.01,67566.01,66244.02,66385.2,1856.41667
1780441200000000,66385.2,66868.62,66193.0,66760.83,1599.39304
1780444800000000,66760.84,67204.15,66654.0,66938.01,1238.50805
1780448400000000,66938.01,67050.0,66472.65,66920.0,973.29949
1780452000000000,66920.0,66920.01,66586.17,66620.01,773.38787
1780455600000000,66620.0,66653.67,65426.34,65849.9,2891.72624
1780459200000000,65849.9,66623.44,65834.0,66465.98,1263.85794
1780462800000000,66465.99,67398.28,66465.99,67330.01,1773.95829
1780466400000000,67330.0,67516.0,66962.95,66983.27,1658.04956
1780470000000000,66983.27,67334.4,66872.01,67220.03,1003.46306
1780473600000000,67220.03,67264.34,66974.0,67028.0,1273.47385
1780477200000000,67028.01,67322.0,66656.48,67075.17,1438.06157
1780480800000000,67075.18,67476.69,67068.51,67294.52,639.46259
1780484400000000,67294.51,67366.82,67056.58,67067.37,489.69833
1780488000000000,67067.37,67163.82,66782.65,67078.72,856.74966
1780491600000000,67078.72,67244.62,66635.0,66906.01,1223.17247
1780495200000000,66906.0,66990.66,66643.96,66864.95,936.44379
1780498800000000,66864.95,66898.0,66076.0,66076.01,1521.34921
1780502400000000,66076.01,66373.18,65555.0,66061.83,1633.14277
1780506000000000,66061.83,66189.8,65704.8,65964.08,810.29365
1780509600000000,65964.08,66161.24,65744.01,66036.57,600.59221
1780513200000000,66036.56,66054.0,65251.0,65462.0,1198.70968
1780516800000000,65461.99,65614.74,64766.0,65007.27,1892.05101
1780520400000000,65007.27,65860.0,64960.87,65768.88,1254.10382
1780524000000000,65768.89,65841.23,64778.15,64912.98,974.52056
1780527600000000,64912.97,64979.99,64092.49,64142.75,1820.23083
1780531200000000,64142.75,64428.0,63000.0,63344.97,3512.79677
1780534800000000,63344.98,63500.0,62100.01,62178.1,4759.0413
1780538400000000,62178.1,63622.7,61383.56,63231.99,6283.29826
1780542000000000,63232.0,64540.3,63218.48,64363.49,2402.09774
1780545600000000,64363.49,64764.32,64265.73,64399.99,1421.62502
1780549200000000,64399.99,64400.0,63648.01,63955.47,1272.84935
1780552800000000,63955.48,64481.22,63892.0,64027.99,802.33437
1780556400000000,64027.99,64062.81,63492.89,63603.15,1503.87893
1780560000000000,63603.15,63904.63,63245.9,63629.99,1570.23316
1780563600000000,63629.99,63644.0,62703.33,63266.0,2329.3282
1780567200000000,63266.01,63276.0,62301.21,62420.0,3046.35677
1780570800000000,62420.01,62833.82,62205.0,62545.99,1649.57305
1780574400000000,62546.0,63966.48,62392.0,63766.82,1740.31399
1780578000000000,63766.82,64244.0,63068.41,64230.0,2087.69891
1780581600000000,64230.0,64494.92,63785.33,63958.97,1314.7717
1780585200000000,63958.97,64404.0,63691.7,63896.17,1043.20477
1780588800000000,63896.16,63920.0,63456.0,63563.51,778.5809
1780592400000000,63563.51,63722.0,62944.91,63540.97,1048.08269
1780596000000000,63540.96,64110.28,63149.76,63819.62,1198.01807
1780599600000000,63819.62,64163.93,63544.0,63629.38,699.04403
1780603200000000,63629.38,63653.2,63182.84,63638.4,753.64631
1780606800000000,63638.4,63876.0,63106.04,63286.21,982.36997
1780610400000000,63286.21,63772.0,63194.0,63735.43,816.54763
1780614000000000,63735.42,63918.0,63376.0,63885.99,561.48382
1780617600000000,63885.99,63978.0,63396.57,63426.72,799.55012
1780621200000000,63426.73,63566.0,63052.0,63374.67,974.10885
1780624800000000,63374.67,63436.0,62588.77,62617.72,1167.70132
1780628400000000,62617.72,62888.0,62339.0,62730.0,1221.6378
1780632000000000,62730.0,63646.0,62487.24,63615.23,1133.49083
1780635600000000,63615.22,63688.0,62278.0,62329.35,1503.31179
1780639200000000,62329.36,62634.53,61126.01,61946.57,5277.47749
1780642800000000,61946.57,63116.0,61378.38,63115.99,2819.14343
1780646400000000,63115.99,63120.98,62288.88,62454.64,1381.33567
1780650000000000,62454.64,63259.9,62442.0,62860.09,970.2531
1780653600000000,62860.09,62931.81,62375.0,62536.87,753.84533
1780657200000000,62536.87,62644.48,61964.98,61964.99,1191.72996
1780660800000000,61964.99,62457.86,61620.47,61959.73,1931.26312
1780664400000000,61959.72,62326.0,60732.35,60732.36,3644.72891
1780668000000000,60732.36,61227.98,60334.97,60868.97,4753.25938
1780671600000000,60868.98,61126.0,60000.0,60438.01,4471.76201
1780675200000000,60438.0,61547.24,59786.0,61394.39,5595.70288
1780678800000000,61394.38,61508.85,60660.0,60813.99,1735.74281
1780682400000000,60814.0,60950.0,59141.0,59395.99,3853.37743
1780686000000000,59396.0,60459.41,59130.91,60300.24,2562.76919
1780689600000000,60300.24,61787.01,59940.01,61620.01,2519.32621
1780693200000000,61620.01,62000.0,61444.2,61670.38,1754.60125
1780696800000000,61670.38,61966.0,61207.82,61584.49,1799.61028
1780700400000000,61584.49,61776.0,60518.0,61056.47,1211.55891
1780704000000000,61056.47,61530.05,61045.01,61273.29,769.28059
1780707600000000,61273.29,61380.0,60954.36,61058.95,701.07746
1780711200000000,61058.95,61176.0,60678.0,60951.64,778.33004
1780714800000000,60951.63,60966.86,60520.0,60687.04,696.39105
1780718400000000,60687.05,60866.0,59500.0,60101.27,2161.93035
1780722000000000,60101.28,61062.0,59621.22,60942.38,2141.23088
1780725600000000,60942.37,61276.95,60681.0,60786.96,2095.10137
1780729200000000,60786.96,61229.17,60733.14,61004.95,664.31126
1780732800000000,61004.95,61500.0,60884.0,61264.0,724.69988
1780736400000000,61264.0,61322.0,60875.55,60981.24,580.05282
1780740000000000,60981.24,60981.24,60198.0,60593.0,1404.76206
1780743600000000,60593.0,60968.0,60552.95,60802.91,764.0429
1780747200000000,60802.9,61185.26,60641.2,61030.63,669.86406
1780750800000000,61030.63,61100.0,60701.41,60801.2,565.41708
1780754400000000,60801.2,61016.0,60768.0,60791.05,409.85585
1780758000000000,60791.06,60929.2,60396.0,60784.0,646.3582
1780761600000000,60784.01,60971.24,60466.56,60774.0,524.00441
1780765200000000,60774.0,60844.0,60501.0,60576.2,599.85374
1780768800000000,60576.19,60754.74,60393.96,60637.21,975.00187
1780772400000000,60637.2,60786.0,60536.0,60600.01,348.13504
1780776000000000,60600.0,60756.0,60522.0,60711.69,328.01265
1780779600000000,60711.69,61000.0,60707.93,60751.21,311.33205
1780783200000000,60751.22,60818.0,60429.09,60543.53,374.15284
1780786800000000,60543.52,60942.75,60543.52,60884.62,562.39032
1780790400000000,60884.62,60987.99,60746.0,60782.01,680.4546
1780794000000000,60782.0,61664.13,60758.0,61479.75,1285.5692
1780797600000000,61479.75,61568.0,61184.0,61506.74,523.36778
1780801200000000,61506.73,61778.33,61416.1,61701.07,469.79753
1780804800000000,61701.06,61907.07,61482.46,61890.92,486.27163
1780808400000000,61890.92,62159.0,61647.0,61748.1,1139.66042
1780812000000000,61748.11,62272.0,61619.4,62101.0,1749.1221
1780815600000000,62101.01,62416.26,61983.46,62404.73,1528.1498
1780819200000000,62404.72,62960.0,62259.37,62855.01,2005.84536
1780822800000000,62855.0,62900.0,62374.63,62530.0,1248.753
1780826400000000,62530.0,62570.31,62298.39,62370.52,674.16526
1780830000000000,62370.53,62754.45,62359.44,62621.96,794.29873
1780833600000000,62621.97,62643.97,61577.12,61900.67,1957.0674
1780837200000000,61900.66,61907.64,61649.12,61700.13,1146.18923
1780840800000000,61700.14,62312.67,61696.98,61905.49,923.54392
1780844400000000,61905.49,62219.92,61674.51,62093.99,527.33835
1780848000000000,62093.99,62332.0,61966.0,62083.64,482.9603
1780851600000000,62083.64,62330.0,62046.62,62160.01,573.97699
1780855200000000,62160.01,62296.0,62022.0,62030.14,373.61361
1780858800000000,62030.15,62036.78,61184.0,61328.0,1046.65633
1780862400000000,61327.99,61962.47,61217.17,61878.01,569.10903
1780866000000000,61878.0,62017.71,61652.01,61778.41,374.19369
1780869600000000,61778.42,64234.68,61728.11,62865.87,4892.75492
1780873200000000,62865.87,63444.11,62803.42,63332.01,1159.24525
1780876800000000,63332.01,63863.06,63138.37,63631.42,1255.61981
1780880400000000,63631.43,63643.99,62720.86,63211.41,1129.10442
1780884000000000,63211.41,63260.0,62918.0,63129.93,502.88284
1780887600000000,63129.94,63458.0,62978.36,63130.12,427.85473
1780891200000000,63130.12,63171.1,62657.07,62684.61,553.63898
1780894800000000,62684.61,62825.27,62408.0,62764.0,674.10723
1780898400000000,62763.99,63144.0,62734.0,62988.03,629.53051
1780902000000000,62988.58,63350.0,62812.0,63283.99,976.9078
1780905600000000,63284.0,63284.0,62992.01,63132.83,490.75057
1780909200000000,63132.84,63577.86,63128.47,63502.0,706.93226
1780912800000000,63501.99,63568.19,63096.88,63172.3,982.6729
1780916400000000,63172.3,63873.08,63058.0,63479.61,1572.11873
1780920000000000,63479.62,63933.18,62718.3,63872.0,2589.09295
1780923600000000,63872.0,63943.56,63362.1,63758.0,1304.57724
1780927200000000,63758.0,64077.57,63560.68,63964.08,1937.84618
1780930800000000,63964.07,64200.0,63711.0,63774.48,2295.29096
1780934400000000,63774.48,64046.86,63472.0,63532.01,873.93622
1780938000000000,63532.01,63646.0,63268.01,63550.0,1044.76064
1780941600000000,63549.99,63690.0,63339.98,63466.83,414.77155
1780945200000000,63466.83,63596.0,63356.0,63372.01,379.67287
1780948800000000,63372.01,63485.49,63160.31,63485.49,793.95609
1780952400000000,63485.49,63850.0,63483.41,63728.96,413.19539
1780956000000000,63728.96,63728.96,63210.0,63440.01,571.04903
1780959600000000,63440.0,63594.0,62978.66,63085.99,533.11634
1780963200000000,63086.0,63184.0,62423.07,62562.0,1868.43384
1780966800000000,62562.0,62879.1,62546.62,62764.01,752.22836
1780970400000000,62764.0,62874.0,62544.11,62868.0,357.79841
1780974000000000,62867.99,62979.94,62702.0,62875.17,780.82683
1780977600000000,62875.18,63424.0,62748.0,63242.36,1115.32376
1780981200000000,63242.36,63526.01,63120.24,63338.68,946.88593
1780984800000000,63338.69,63506.0,63230.0,63300.0,975.96129
1780988400000000,63300.0,63443.6,63012.0,63198.44,669.83742
1780992000000000,63198.44,63208.86,62769.52,62849.75,844.01531
1780995600000000,62849.75,62944.43,62590.0,62715.37,709.2584
1780999200000000,62715.37,62835.37,62596.0,62786.01,503.06926
1781002800000000,62786.0,62818.0,62498.75,62711.12,472.29218
1781006400000000,62711.12,62895.18,62421.24,62645.15,693.6037
1781010000000000,62645.14,62738.0,62140.0,62273.61,1172.01624
1781013600000000,62273.62,62395.01,61148.07,61541.95,2741.42922
1781017200000000,61541.95,61706.86,61037.0,61131.84,1576.3984
1781020800000000,61131.85,61484.67,60780.0,61390.51,2117.17514
1781024400000000,61390.51,61889.0,61390.51,61692.01,925.52892
1781028000000000,61692.01,61964.0,61602.0,61792.01,528.51144
1781031600000000,61792.0,62103.39,61722.0,62098.09,436.3094
1781035200000000,62098.09,62272.0,61954.39,62160.0,406.81988
1781038800000000,62159.99,62176.86,61698.0,61761.2,425.20913
1781042400000000,61761.21,61976.0,61666.66,61717.5,276.69194
1781046000000000,61717.5,61878.0,61556.0,61730.0,340.59519
1781049600000000,61730.0,61930.0,61440.0,61923.16,538.2675
1781053200000000,61923.16,61974.7,61590.0,61714.0,336.41204
1781056800000000,61714.0,61837.67,61235.29,61302.36,512.06602
1781060400000000,61302.37,61594.0,61286.0,61549.64,334.76343
1781064000000000,61549.64,61560.0,61182.65,61295.99,306.03442
1781067600000000,61296.0,61400.01,61080.0,61361.17,464.90737
1781071200000000,61361.17,61521.99,61145.5,61472.89,511.66925
1781074800000000,61472.89,61813.34,61440.0,61687.56,937.80783
1781078400000000,61687.56,61736.0,61168.0,61261.55,739.92297
1781082000000000,61261.56,61421.46,60755.0,61334.94,906.84186
1781085600000000,61334.95,61456.0,61151.4,61386.09,340.43647
1781089200000000,61386.09,61430.0,60867.19,61034.04,826.04256
1781092800000000,61034.04,61950.0,60960.0,61564.01,1340.16125
1781096400000000,61564.0,62446.0,61444.87,62146.42,1199.64944
1781100000000000,62146.43,62258.01,61814.79,62195.99,902.47236
1781103600000000,62195.99,62857.99,61852.0,62639.23,1341.51604
1781107200000000,62639.23,62646.0,61930.0,62219.33,748.11357
1781110800000000,62219.33,62360.0,61654.54,61969.99,885.28682
1781114400000000,61969.99,62162.9,61588.8,61882.0,641.1773
1781118000000000,61881.99,62062.98,61673.79,61942.44,400.79146
1781121600000000,61942.45,61949.21,61688.0,61805.51,307.34434
1781125200000000,61805.5,61805.51,61179.19,61356.18,571.34637
1781128800000000,61356.18,61574.0,61104.24,61381.46,578.03926
1781132400000000,61381.46,61604.0,61166.0,61510.99,327.64659
1781136000000000,61510.99,61974.7,61510.99,61812.0,597.44488
1781139600000000,61812.0,62378.0,61812.0,62206.01,839.43174
1781143200000000,62206.01,62304.0,61944.19,62148.0,429.18601
1781146800000000,62148.01,62848.0,62012.0,62689.48,986.08995
1781150400000000,62689.47,62854.0,62546.34,62726.86,589.32674
1781154000000000,62726.85,62726.86,62556.84,62610.0,295.46093
1781157600000000,62610.0,62997.53,62544.89,62772.0,1198.75098
1781161200000000,62772.01,62842.92,62612.01,62719.39,399.47563
1781164800000000,62719.39,63050.0,62719.38,62957.99,546.92925
1781168400000000,62958.0,62989.97,62790.0,62927.49,401.22464
1781172000000000,62927.49,63214.97,62789.62,63148.0,666.36315
1781175600000000,63148.0,63257.21,63040.01,63108.0,563.58106
1781179200000000,63108.01,63190.0,62500.0,63010.01,1835.01045
1781182800000000,63010.0,63239.43,62677.84,63077.57,1087.23984
1781186400000000,63077.71,63100.0,62732.6,62734.02,782.87001
1781190000000000,62734.02,62887.88,62518.1,62749.44,633.18968
1781193600000000,62749.44,62842.0,62548.79,62582.45,564.46406
1781197200000000,62582.45,63655.83,62348.0,63644.19,1821.97042
1781200800000000,63644.18,63788.0,63324.35,63461.12,793.20489
1781204400000000,63461.12,63933.02,63390.0,63605.68,946.18552
1781208000000000,63605.69,63663.4,63270.0,63393.67,556.54606
1781211600000000,63393.67,63599.99,63393.66,63519.99,269.29173
1781215200000000,63519.99,63670.0,63462.0,63500.01,226.24918
1781218800000000,63500.0,63700.0,63362.0,63625.99,351.45962
1781222400000000,63626.0,63810.01,63520.86,63648.8,1229.6005
1781226000000000,63648.8,63648.8,63301.53,63426.2,745.50942
1781229600000000,63426.21,63779.11,63426.2,63624.07,398.45121
1781233200000000,63624.07,63649.99,63357.7,63524.82,280.54894
1781236800000000,63524.81,63863.98,63426.48,63700.0,742.01132
1781240400000000,63700.0,63721.31,63310.0,63358.2,603.70673
1781244000000000,63358.2,63411.5,62829.81,62980.45,1027.41759
1781247600000000,62980.46,63211.74,62956.0,63100.8,852.55681
1781251200000000,63100.8,63615.84,63100.8,63470.81,600.81984
1781254800000000,63470.81,63953.84,63438.0,63752.93,524.52211
1781258400000000,63752.93,63852.0,63588.34,63702.01,872.53513
1781262000000000,63702.01,63884.49,63684.44,63766.01,380.80932
1781265600000000,63766.01,63775.0,63378.0,63465.51,515.59574
1781269200000000,63465.52,63532.59,63045.29,63229.1,851.49099
1781272800000000,63229.1,64000.0,63190.0,63999.99,1065.08825
1781276400000000,63999.99,64394.44,63551.9,63593.02,1669.96199
1781280000000000,63593.02,63996.0,63510.16,63982.48,776.01025
1781283600000000,63982.48,64111.1,63745.99,63865.44,456.29271
1781287200000000,63865.45,63934.34,63686.0,63694.0,561.84193
1781290800000000,63694.01,63830.93,63589.27,63589.27,462.65176
1781294400000000,63589.28,63696.41,63400.0,63449.0,328.72463
1781298000000000,63449.01,63624.62,63440.01,63472.0,330.50626
1781301600000000,63471.99,63658.0,63471.99,63502.0,711.15075
1781305200000000,63502.0,63580.01,63426.83,63580.01,409.24822
1781308800000000,63580.0,63652.11,63507.39,63600.01,578.94188
1781312400000000,63600.01,63840.0,63600.01,63837.89,509.63359
1781316000000000,63837.88,63837.89,63558.0,63646.01,450.79285
1781319600000000,63646.01,63720.88,63418.66,63532.0,268.55023
1781323200000000,63532.0,63663.91,63484.0,63512.01,144.15296
1781326800000000,63512.01,63596.0,63493.16,63584.03,658.62782
1781330400000000,63584.03,63740.0,63550.51,63735.74,299.54013
1781334000000000,63736.0,63883.47,63674.98,63846.0,436.97737
1781337600000000,63845.99,63910.0,63766.18,63806.0,227.43934
1781341200000000,63806.0,63867.65,63742.57,63743.12,301.95833
1781344800000000,63743.13,63908.48,63726.57,63843.01,188.76787
1781348400000000,63843.01,63984.53,63843.01,63971.28,479.05156
1781352000000000,63971.28,64214.0,63921.33,64133.12,878.04841
1781355600000000,64133.12,64245.88,64060.0,64102.69,499.73169
1781359200000000,64102.61,64233.73,64090.09,64220.97,206.46033
1781362800000000,64220.96,64350.0,64186.97,64296.15,584.92205
1781366400000000,64296.15,64307.52,63920.05,64029.17,720.7481
1781370000000000,64029.17,64120.0,63944.0,63971.19,301.75645
1781373600000000,63971.2,64282.19,63971.19,64161.46,278.72154
1781377200000000,64161.46,64333.62,64152.0,64296.59,308.7181
1781380800000000,64296.59,64296.6,64226.83,64278.31,179.3189
1781384400000000,64278.31,64762.77,64226.38,64471.04,552.39519
1781388000000000,64471.04,64556.0,64383.61,64456.47,316.2712
1781391600000000,64456.46,64596.99,64382.42,64458.01,589.21574
1781395200000000,64458.01,64579.03,64380.7,64565.0,595.05205
1781398800000000,64565.01,64710.0,64507.25,64563.0,821.19702
1781402400000000,64563.0,64636.0,64476.01,64490.01,260.23317
1781406000000000,64490.01,64545.4,64466.0,64545.3,155.67419
1781409600000000,64545.3,64563.48,64325.61,64339.07,253.74802
1781413200000000,64339.07,64411.2,64293.41,64338.0,429.46847
1781416800000000,64338.0,64487.8,64232.12,64286.1,839.75348
1781420400000000,64286.1,64445.95,64214.0,64429.39,256.82492
1781424000000000,64429.39,64513.82,64392.0,64456.33,192.66954
1781427600000000,64456.33,64617.99,64321.18,64616.0,237.3813
1781431200000000,64616.0,64664.0,64498.01,64521.13,184.13016
1781434800000000,64521.13,64641.9,64460.0,64546.0,228.11339
1781438400000000,64546.01,64560.66,64295.06,64327.53,334.09454
1781442000000000,64327.54,64398.14,64244.0,64317.99,308.61157
1781445600000000,64318.0,64341.43,63866.66,63983.55,781.47067
1781449200000000,63983.56,64153.75,63980.35,64025.07,366.74561
1781452800000000,64025.06,64208.92,63936.0,63942.63,256.58722
1781456400000000,63942.63,64019.38,63694.11,63732.64,617.57994
1781460000000000,63732.65,63813.3,63678.83,63813.3,258.88821
1781463600000000,63813.3,63861.86,63734.71,63802.0,107.594
1781467200000000,63801.99,64092.4,63794.09,64008.64,243.2036
1781470800000000,64008.64,65666.0,64007.24,65311.59,2955.01268
1781474400000000,65311.59,65580.0,64946.12,65426.78,1554.15469
1781478000000000,65426.78,65800.0,65256.21,65746.45,964.84531
1781481600000000,65746.45,65923.0,65480.69,65625.99,1043.52596
1781485200000000,65626.0,65734.87,65354.0,65525.0,855.38843
1781488800000000,65525.01,65775.15,65415.02,65472.01,587.73145
1781492400000000,65472.01,65995.0,65422.83,65927.1,767.65798
1781496000000000,65927.11,65927.11,65633.28,65644.01,564.25779
1781499600000000,65644.0,65872.0,65611.01,65858.01,477.26671
1781503200000000,65858.0,65967.27,65775.45,65812.01,365.24859
1781506800000000,65812.01,66000.0,65628.45,65674.76,574.31747
1781510400000000,65674.76,65800.0,65620.0,65662.01,363.0048
1781514000000000,65662.0,65779.5,65512.0,65596.86,344.30264
1781517600000000,65596.86,65973.15,65584.37,65917.37,544.78922
1781521200000000,65917.37,66385.12,65832.78,66233.9,1293.72734
1781524800000000,66233.89,66600.91,66106.0,66563.49,987.26981
1781528400000000,66563.48,66949.22,66412.0,66447.05,1919.26303
1781532000000000,66447.06,66675.83,66251.58,66591.55,940.8464
1781535600000000,66591.54,67292.15,66580.42,67292.14,1466.9579
1781539200000000,67292.15,67292.15,67088.83,67157.99,1096.95936
1781542800000000,67158.0,67158.0,66585.26,66851.79,1340.24388
1781546400000000,66851.8,66933.86,66715.61,66766.12,590.69175
1781550000000000,66766.13,66889.85,66348.0,66614.35,780.39583
1781553600000000,66615.98,66681.3,66489.86,66519.98,339.47285
1781557200000000,66519.99,66567.38,66314.34,66368.15,347.81382
1781560800000000,66368.15,66476.64,66076.56,66206.34,520.15584
1781564400000000,66206.34,66368.0,66116.59,66328.74,448.51217
1781568000000000,66328.74,66463.26,66242.0,66250.0,457.62239
1781571600000000,66250.0,66418.01,66248.93,66346.52,456.63949
1781575200000000,66346.51,66367.69,65678.14,65741.99,964.73227
1781578800000000,65742.0,66166.61,65650.0,66165.21,802.10485
1781582400000000,66165.21,66301.83,65802.0,65840.09,694.50218
1781586000000000,65840.1,66150.22,65840.09,66045.0,739.41945
1781589600000000,66044.99,66572.99,66044.99,66446.0,556.56171
1781593200000000,66446.01,66527.23,66300.1,66372.0,385.79165
1781596800000000,66372.0,66992.0,66345.06,66899.61,688.96018
1781600400000000,66899.61,66923.99,66474.74,66510.0,600.75927
1781604000000000,66510.01,66778.0,66486.38,66514.0,387.22813
1781607600000000,66514.01,66643.23,66368.36,66481.73,467.239
1781611200000000,66481.73,66818.0,66368.0,66429.83,562.31913
1781614800000000,66429.84,66463.13,65928.16,66052.0,1347.85119
1781618400000000,66052.01,66265.8,65360.92,65654.9,1491.76291
1781622000000000,65654.9,65999.78,65614.3,65859.76,788.81576
1781625600000000,65859.76,65953.97,65706.0,65758.07,338.72091
1781629200000000,65758.07,66011.47,65710.34,65978.79,383.38742
1781632800000000,65978.78,66248.69,65802.0,65847.99,522.72648
1781636400000000,65848.0,65848.0,65560.0,65675.88,617.37667
1781640000000000,65675.89,65865.92,65592.0,65854.0,261.11445
1781643600000000,65854.0,65938.0,65654.9,65776.97,351.42219
1781647200000000,65776.97,65882.0,65680.0,65780.0,228.62751
1781650800000000,65780.01,65834.19,65626.9,65675.01,206.37282
1781654400000000,65675.02,65848.0,65675.02,65700.0,332.30374
1781658000000000,65700.0,65956.56,65477.5,65940.0,549.42502
1781661600000000,65940.0,66200.0,65788.0,65904.0,974.93815
1781665200000000,65903.99,65904.0,65703.45,65851.99,563.57309
1781668800000000,65852.0,66048.19,65788.31,65892.0,473.33682
1781672400000000,65892.01,65978.0,65746.51,65836.3,536.04504
1781676000000000,65836.3,65896.45,65582.63,65624.0,378.80773
1781679600000000,65624.01,65710.0,65251.0,65539.5,697.28548
1781683200000000,65539.51,65574.0,64833.07,64926.02,992.25057
1781686800000000,64926.02,65076.76,64842.01,64909.44,859.97592
1781690400000000,64909.44,64993.97,64768.0,64798.0,597.7384
1781694000000000,64798.0,64868.21,64565.0,64810.01,641.24645
1781697600000000,64810.01,65108.0,64590.53,65040.88,557.73466
1781701200000000,65040.88,65369.53,64850.0,65278.0,961.56723
1781704800000000,65278.0,65461.38,64772.72,65101.45,799.61288
1781708400000000,65101.45,65855.66,64987.74,65752.0,1172.17515
1781712000000000,65751.99,66445.93,65722.0,65864.12,1421.90632
1781715600000000,65864.13,66191.98,65800.0,66104.08,377.59846
1781719200000000,66107.99,66107.99,64800.0,65516.0,2242.57142
1781722800000000,65516.0,65666.0,63998.35,64301.85,2173.5643
1781726400000000,64301.85,64488.96,64181.33,64434.36,504.85432
1781730000000000,64434.36,64452.0,64142.0,64257.77,458.08471
1781733600000000,64257.77,64434.84,63915.77,64300.01,492.23769
1781737200000000,64300.01,64529.2,64248.0,64509.4,289.82054
1781740800000000,64509.4,64702.0,64457.67,64468.01,396.7915
1781744400000000,64468.01,64806.0,64466.3,64548.74,382.95414
1781748000000000,64548.75,64776.66,64488.0,64689.5,323.93999
1781751600000000,64689.5,64689.5,64267.86,64282.82,548.57792
1781755200000000,64282.82,64347.09,63826.93,63883.41,831.20199
1781758800000000,63883.26,64020.0,63696.29,63994.0,597.91477
1781762400000000,63994.0,64134.33,63850.0,64083.41,767.55142
1781766000000000,64084.0,64510.5,64015.42,64510.44,524.85633
1781769600000000,64510.45,64646.75,64378.25,64399.92,714.20438
1781773200000000,64399.93,64478.0,64196.14,64199.53,300.31875
1781776800000000,64199.53,64223.79,63910.0,64078.61,445.57306
1781780400000000,64078.61,64196.0,63878.14,63974.4,378.00473
1781784000000000,63974.4,64402.01,63922.0,64378.07,417.60478
1781787600000000,64378.06,64445.19,63800.0,63984.0,984.80789
1781791200000000,63983.99,64203.66,63587.3,63816.61,998.41474
1781794800000000,63816.61,63825.99,62293.76,62369.44,2793.66043
1781798400000000,62369.43,62814.0,62349.42,62688.0,1271.71361
1781802000000000,62688.0,62750.0,62272.07,62606.0,1003.68212
1781805600000000,62606.0,62959.75,62580.01,62708.92,727.06223
1781809200000000,62708.93,63008.33,62636.0,62950.79,577.63764
1781812800000000,62950.79,63274.19,62950.79,63086.0,684.93429
1781816400000000,63086.0,63121.81,62870.39,62971.32,466.34172
1781820000000000,62971.32,62990.0,62742.0,62885.85,290.36064
1781823600000000,62885.84,62985.12,62756.6,62958.01,507.48754
1781827200000000,62958.01,63086.0,62840.0,63020.0,786.22825
1781830800000000,63020.0,63100.0,62852.01,63021.86,542.43308
1781834400000000,63021.86,63110.29,62893.71,63006.0,304.818
1781838000000000,63006.01,63029.64,62386.9,62773.51,835.4402
1781841600000000,62773.52,62916.66,62409.55,62452.01,390.96231
1781845200000000,62452.01,62744.92,62452.0,62739.2,361.83315
1781848800000000,62739.2,62914.73,62728.0,62894.08,252.94439
1781852400000000,62894.09,62917.32,62504.27,62629.99,636.21109
1781856000000000,62630.0,62782.0,62533.33,62603.99,431.84041
1781859600000000,62604.0,62654.0,62316.44,62390.0,921.6732
1781863200000000,62390.01,62587.27,62383.76,62533.25,761.99981
1781866800000000,62533.24,62684.0,62452.52,62626.0,1001.15104
1781870400000000,62626.0,62872.99,62353.0,62830.01,630.52118
1781874000000000,62830.01,63415.0,62666.0,63210.0,1078.35943
1781877600000000,63210.0,63419.27,63010.0,63203.53,665.42698
1781881200000000,63203.54,63283.86,63019.26,63214.01,527.206
1781884800000000,63214.01,63387.8,62918.98,62971.99,1021.4111
1781888400000000,62972.0,63263.49,62866.99,63198.01,840.75861
1781892000000000,63198.0,63201.95,62991.37,63110.01,341.96414
1781895600000000,63110.01,63140.0,62942.0,63021.6,283.46164
1781899200000000,63021.6,63274.0,62958.59,63250.01,217.92541
1781902800000000,63250.01,63275.64,63060.0,63075.98,181.69443
1781906400000000,63075.99,63369.48,63048.0,63315.28,541.93138
1781910000000000,63315.29,63666.0,63276.0,63543.91,689.22877
1781913600000000,63543.9,63777.0,63470.0,63530.01,640.14667
1781917200000000,63530.01,63616.23,63404.0,63586.28,348.64849
1781920800000000,63586.27,63586.27,63336.01,63340.57,358.87789
1781924400000000,63340.58,63510.0,63320.14,63476.79,268.88477
1781928000000000,63476.79,63613.59,63402.0,63583.53,228.62975
1781931600000000,63583.53,63907.07,63543.46,63678.07,477.24749
1781935200000000,63678.07,63761.99,63640.36,63744.61,191.88822
1781938800000000,63744.61,63800.0,63594.37,63655.21,448.4829
1781942400000000,63655.21,63664.39,63392.41,63417.97,547.04803
1781946000000000,63417.98,63787.74,63417.98,63741.16,349.02093
1781949600000000,63741.16,63777.5,63592.44,63674.7,270.1692
1781953200000000,63674.71,63798.76,63620.74,63688.0,315.13807
1781956800000000,63688.0,63785.76,63537.99,63655.09,292.10361
1781960400000000,63655.1,63655.1,63278.0,63397.78,412.69589
1781964000000000,63397.77,64150.0,63184.21,63949.9,1101.98952
1781967600000000,63949.9,64388.0,63836.0,64160.04,916.57166
1781971200000000,64160.04,64167.26,63902.58,64034.31,403.42996
1781974800000000,64034.31,64041.07,63730.21,63834.7,482.18112
1781978400000000,63834.7,63928.4,63788.0,63805.89,119.99479
1781982000000000,63805.9,63968.0,63798.0,63936.0,173.41555
1781985600000000,63935.99,63981.09,63853.31,63925.99,210.00109
1781989200000000,63926.0,64092.91,63918.29,64012.4,272.00511
1781992800000000,64012.39,64350.0,63978.12,64272.01,446.43904
1781996400000000,64272.0,64336.91,64250.02,64298.01,247.09349
1782000000000000,64298.01,64322.91,64237.31,64294.0,425.19081
1782003600000000,64294.0,64323.68,64206.17,64248.0,486.06931
1782007200000000,64248.0,64275.12,64216.05,64241.25,230.0633
1782010800000000,64241.26,64472.99,64234.0,64426.0,409.22163
1782014400000000,64426.0,64588.0,64269.45,64276.12,379.39058
1782018000000000,64276.12,64365.43,64225.6,64256.55,166.55047
1782021600000000,64256.56,64323.99,64200.0,64303.46,142.55901
1782025200000000,64303.47,64303.47,64173.08,64191.07,302.97907
1782028800000000,64191.06,64228.0,63900.17,64014.0,328.07237
1782032400000000,64014.0,64246.0,63961.28,64209.16,221.03822
1782036000000000,64209.16,64408.0,64204.0,64365.99,286.23088
1782039600000000,64366.0,64483.95,64112.01,64176.0,438.27788
1782043200000000,64176.0,64235.13,63952.0,64200.0,359.32606
1782046800000000,64200.0,64200.0,64020.01,64146.0,161.65202
1782050400000000,64146.0,64154.0,64004.0,64145.97,189.32902
1782054000000000,64145.97,64355.88,64120.0,64224.0,390.79222
1782057600000000,64224.0,64254.38,64046.0,64145.31,236.79134
1782061200000000,64145.32,64221.44,64080.0,64151.46,205.04149
1782064800000000,64151.47,64240.0,63933.47,64213.81,270.92869
1782068400000000,64213.82,64298.84,64168.73,64207.12,189.28721
1782072000000000,64207.13,64271.21,63700.0,63848.0,420.72845
1782075600000000,63848.0,63969.59,63510.0,63808.01,752.88497
1782079200000000,63808.0,63864.0,63575.04,63801.59,437.50041
1782082800000000,63801.6,63801.6,63270.0,63311.99,604.75792
1782086400000000,63312.0,64094.0,63312.0,63896.01,709.82748
1782090000000000,63896.0,64823.52,63850.8,64606.0,1331.90666
1782093600000000,64606.0,64663.99,64250.0,64257.99,370.38632
1782097200000000,64258.0,64459.44,63894.98,63974.01,796.48727
1782100800000000,63974.01,64116.44,63868.41,64100.02,327.45142
1782104400000000,64100.01,64344.17,64088.64,64247.74,1091.63692
1782108000000000,64247.74,64326.0,63946.0,63989.95,416.9007
1782111600000000,63989.96,64397.57,63968.23,64211.19,352.4108
1782115200000000,64211.2,64350.58,64044.0,64165.99,368.11506
1782118800000000,64166.0,64256.2,64052.17,64145.39,200.06309
1782122400000000,64145.4,64272.0,64065.18,64139.21,240.0862
1782126000000000,64139.21,64768.46,64097.08,64657.22,1063.60877
1782129600000000,64657.22,65222.45,64579.08,65149.57,1156.05989
1782133200000000,65149.58,65589.76,64945.53,65578.0,1368.64481
1782136800000000,65577.99,65622.83,64835.0,64980.39,1096.28772
1782140400000000,64980.39,65146.0,64757.11,64836.95,593.12998
1782144000000000,64836.95,64862.0,64519.0,64719.77,680.43904
1782147600000000,64719.77,64769.98,64388.16,64602.0,523.74444
1782151200000000,64602.0,64730.15,64311.0,64334.01,548.78709
1782154800000000,64334.01,64499.28,64276.0,64472.0,579.92511
1782158400000000,64472.51,64659.43,64356.95,64433.8,399.51938
1782162000000000,64433.8,64480.0,64134.39,64320.57,263.4342
1782165600000000,64320.57,64396.45,63804.59,63971.12,510.07647
1782169200000000,63971.13,64053.33,63877.61,64020.01,434.17969
1782172800000000,64020.01,64162.02,63828.93,64154.99,679.20038
1782176400000000,64154.99,64273.09,63893.33,64156.0,540.18098
1782180000000000,64156.0,64275.38,64042.01,64204.01,319.7542
1782183600000000,64204.01,64204.01,63968.42,64065.35,236.76285
1782187200000000,64065.34,64095.55,63612.62,63623.02,408.1299
1782190800000000,63623.03,63728.0,63342.34,63400.0,850.99416
1782194400000000,63400.0,63400.0,62568.9,62936.01,1620.65692
1782198000000000,62936.01,63095.0,62872.0,62886.03,1074.96381
1782201600000000,62886.04,62945.08,61938.0,62385.99,4988.90507
1782205200000000,62386.0,62528.13,62350.44,62386.0,613.23414
1782208800000000,62386.0,62586.0,62247.2,62328.01,387.47153
1782212400000000,62328.01,62643.99,62328.0,62507.06,456.80185
1782216000000000,62507.05,62558.0,62189.42,62256.6,873.94501
1782219600000000,62256.61,62538.72,61960.0,62475.99,1294.09387
1782223200000000,62476.0,62855.98,62406.25,62493.63,1302.27666
1782226800000000,62493.63,62507.99,62198.0,62487.79,630.16435
1782230400000000,62487.79,62846.0,62428.01,62558.0,728.22737
1782234000000000,62558.0,62693.48,62327.95,62358.02,533.28034
1782237600000000,62358.03,62445.21,62104.7,62241.99,492.79838
1782241200000000,62242.0,62480.0,62230.0,62388.49,707.45732
1782244800000000,62388.49,62531.27,62380.25,62470.7,373.02429
1782248400000000,62470.7,62658.93,62470.7,62599.77,367.76027
1782252000000000,62599.77,62779.82,62526.0,62590.0,430.92568
1782255600000000,62590.0,62799.99,62480.39,62734.57,311.98359
1782259200000000,62734.57,63024.4,62733.29,63014.0,799.18478
1782262800000000,63014.0,63119.45,62772.15,62932.19,599.06927
1782266400000000,62932.19,63013.12,62606.09,62630.0,593.50541
1782270000000000,62630.01,62830.0,62461.87,62729.78,770.64134
1782273600000000,62729.78,62799.62,62525.49,62744.42,650.06924
1782277200000000,62744.41,63073.44,62706.0,62890.0,366.0273
1782280800000000,62889.99,62909.98,62728.73,62780.0,219.5109
1782284400000000,62780.01,62844.0,62610.11,62657.99,589.75592
1782288000000000,62658.0,62807.46,62605.28,62800.0,475.30761
1782291600000000,62800.0,62800.01,62637.08,62681.7,493.71643
1782295200000000,62681.7,62681.7,62412.05,62445.99,530.71886
1782298800000000,62445.99,63239.06,62318.88,62921.19,815.18681
1782302400000000,62921.19,62973.2,62585.2,62618.31,517.25346
1782306000000000,62618.31,62628.75,61255.74,61338.01,2775.24015
1782309600000000,61338.0,61456.0,60888.0,61113.1,2839.40106
1782313200000000,61113.1,61150.13,60249.82,60250.0,3237.99155
1782316800000000,60250.0,60678.1,59622.0,59850.0,4274.39737
1782320400000000,59850.0,60057.18,59102.7,59404.0,3790.1806
1782324000000000,59404.0,59930.0,59310.85,59599.99,1583.51728
1782327600000000,59600.0,60000.0,59530.0,59958.3,1195.52715
1782331200000000,59958.3,61208.48,59854.0,60956.0,1821.39287
1782334800000000,60956.0,61144.63,60665.75,61110.0,801.00882
1782338400000000,61109.99,61276.0,60802.66,60873.99,523.65642
1782342000000000,60874.0,61112.0,60830.01,61077.99,416.02483
1782345600000000,61078.0,61163.16,60726.77,60832.0,766.62145
1782349200000000,60832.0,60988.0,60720.23,60928.0,615.84376
1782352800000000,60928.0,60966.0,60700.01,60799.08,580.03112
1782356400000000,60799.08,60910.63,60684.94,60883.65,479.47033
1782360000000000,60883.66,61410.0,60792.0,61357.63,536.03927
1782363600000000,61357.63,61807.04,61280.0,61600.01,1223.4059
1782367200000000,61600.02,61869.02,61600.01,61732.06,539.2877
1782370800000000,61732.06,61962.4,61670.0,61911.04,937.71339
1782374400000000,61911.03,61920.0,61684.87,61712.35,337.43778
1782378000000000,61712.36,61792.0,61614.32,61739.29,327.48572
1782381600000000,61739.29,61751.07,61257.79,61269.94,686.26895
1782385200000000,61269.95,61422.52,61066.0,61282.01,605.95603
1782388800000000,61282.0,61761.35,61080.0,61244.01,1124.99959
1782392400000000,61244.01,61369.18,58115.01,58290.17,6396.00513
1782396000000000,58291.7,60485.51,58291.7,59471.5,6002.27451
1782399600000000,59471.49,59655.86,58874.85,59557.99,2456.01373
1782403200000000,59557.99,60067.0,59157.63,59312.64,1765.10919
1782406800000000,59312.64,59740.9,59139.96,59676.01,1062.87634
1782410400000000,59676.0,59793.34,59364.0,59512.71,978.75101
1782414000000000,59512.71,59516.0,59168.82,59320.0,917.28893
1782417600000000,59319.99,59741.95,59319.99,59456.62,539.40098
1782421200000000,59456.62,60273.81,59452.01,60211.87,617.22274
1782424800000000,60211.86,60211.86,59740.0,59851.27,431.60976
1782428400000000,59851.27,60191.55,59739.99,59794.0,458.89363
1782432000000000,59794.64,59906.71,59642.77,59667.09,875.61527
1782435600000000,59667.09,59789.07,59228.0,59431.5,833.71293
1782439200000000,59431.49,59456.0,58358.77,58561.99,2633.6835
1782442800000000,58562.0,60131.37,58337.0,60036.01,1886.07235
1782446400000000,60036.0,60238.77,59836.17,59920.47,843.9784
1782450000000000,59920.47,60047.68,59736.0,59953.3,883.13649
1782453600000000,59953.3,60459.55,59702.0,60324.0,1504.97927
1782457200000000,60324.0,60759.99,60283.08,60532.0,2153.07079
1782460800000000,60532.0,60580.0,60150.56,60245.67,803.85464
1782464400000000,60245.9,60259.37,59583.33,59736.01,832.22202
1782468000000000,59736.01,59858.93,59239.78,59313.26,1050.97441
1782471600000000,59313.26,59588.0,59259.78,59413.24,1048.3329
1782475200000000,59413.24,60007.91,58969.9,59185.02,1710.35381
1782478800000000,59185.02,60216.14,58500.1,60175.43,2730.33879
1782482400000000,60175.42,60294.0,59390.0,59590.73,1745.27867
1782486000000000,59590.73,60500.0,59584.01,60328.32,1582.87088
1782489600000000,60328.18,60583.0,59970.0,60041.75,1128.46917
1782493200000000,60041.76,60287.9,59952.0,60023.97,546.63522
1782496800000000,60023.96,60158.0,59556.0,59668.01,504.21141
1782500400000000,59668.01,60098.0,59617.37,59751.97,708.47753
1782504000000000,59751.96,59994.0,59571.31,59718.0,454.05927
1782507600000000,59717.99,60050.0,59678.0,59918.7,287.90036
1782511200000000,59918.7,60080.0,59754.0,60048.0,335.92054
1782514800000000,60048.0,60117.64,59923.27,60097.27,319.40861
1782518400000000,60097.27,60197.0,59876.22,60059.07,360.77885
1782522000000000,60059.09,60068.0,59936.07,59945.53,245.35114
1782525600000000,59945.53,60378.23,59921.68,60290.01,695.38686
1782529200000000,60290.01,60412.0,60159.91,60305.73,438.61125
1782532800000000,60305.73,60482.0,60217.26,60239.99,303.30454
1782536400000000,60240.0,60311.0,60136.0,60236.76,444.9193
1782540000000000,60236.75,60500.0,60093.33,60370.62,581.81791
1782543600000000,60370.63,60574.0,60300.0,60548.07,825.68653
1782547200000000,60548.06,60548.74,60371.62,60456.0,470.55782
1782550800000000,60456.0,60511.99,60289.55,60414.62,307.96541
1782554400000000,60414.62,60487.31,60380.0,60420.28,137.8511
1782558000000000,60420.28,60447.8,60198.94,60363.65,275.39332
1782561600000000,60363.65,60430.01,60257.03,60430.0,349.0457
1782565200000000,60430.0,60665.74,60394.0,60588.35,434.13389
1782568800000000,60588.35,60728.0,60510.0,60611.5,306.64293
1782572400000000,60611.49,60941.17,60570.0,60840.06,606.25294
1782576000000000,60840.06,60855.03,60673.64,60807.99,239.6938
1782579600000000,60808.0,60818.76,60413.15,60524.88,548.67896
1782583200000000,60524.89,60576.03,60446.25,60570.86,229.00634
1782586800000000,60570.86,60605.41,60085.88,60175.95,414.61342
1782590400000000,60175.95,60306.0,60173.07,60300.0,220.12001
1782594000000000,60300.0,60482.18,60142.0,60203.82,280.50282
1782597600000000,60203.83,60256.56,59855.16,60228.95,377.17485
1782601200000000,60228.96,60320.0,59952.0,60029.0,493.73947
1782604800000000,60029.01,60190.0,60018.0,60146.0,462.24707
1782608400000000,60146.0,60273.38,59986.0,60222.22,267.56528
1782612000000000,60222.21,60339.99,60054.0,60150.45,403.64282
1782615600000000,60150.46,60275.0,60150.45,60197.04,255.71231
1782619200000000,60197.03,60231.83,60088.04,60133.0,191.50597
1782622800000000,60133.01,60140.0,59753.48,59989.17,345.08439
1782626400000000,59989.18,60030.0,59808.0,60002.82,217.95005
1782630000000000,60002.82,60259.68,60000.0,60219.99,361.83587
1782633600000000,60220.0,60545.01,60140.14,60370.0,491.6084
1782637200000000,60370.01,60462.0,60250.81,60258.84,222.4062
1782640800000000,60258.85,60292.48,60068.0,60166.71,181.18756
1782644400000000,60166.71,60374.05,60100.0,60342.0,225.05378
1782648000000000,60341.99,60457.02,60190.0,60293.51,212.9354
1782651600000000,60293.5,60293.51,59963.86,60071.88,369.88204
1782655200000000,60071.89,60250.0,60018.0,60033.0,318.13606
1782658800000000,60033.01,60130.0,59817.28,59890.0,467.03244
1782662400000000,59890.35,59943.9,59582.34,59690.62,567.70369
1782666000000000,59690.62,59848.0,59403.77,59586.01,519.06441
1782669600000000,59586.0,59700.0,59502.0,59614.46,272.01169
1782673200000000,59614.46,59682.0,59270.26,59481.79,301.99561
1782676800000000,59481.78,59765.9,59474.28,59660.0,227.14803
1782680400000000,59660.0,59796.66,59333.33,59445.95,531.65984
1782684000000000,59445.96,59906.0,58905.0,59067.01,983.67622
1782687600000000,59067.0,59848.0,59011.99,59577.01,510.09283
1782691200000000,59577.01,59700.0,59000.01,59667.01,549.31747
1782694800000000,59667.0,59697.0,59206.0,59440.95,647.05387
1782698400000000,59440.95,59812.0,58900.01,59757.46,1223.86338
1782702000000000,59757.47,60233.0,59757.47,60049.46,780.88525
1782705600000000,60049.45,60053.99,59746.0,59830.0,361.46912
1782709200000000,59830.01,60102.8,59392.02,60102.8,496.75535
1782712800000000,60102.8,60346.27,60050.67,60075.49,683.16036
1782716400000000,60075.5,60186.94,59936.0,60026.0,536.94262
1782720000000000,60026.01,60093.99,59745.46,59840.0,550.67382
1782723600000000,59840.01,60104.0,59778.76,60057.0,747.08903
1782727200000000,60057.0,60311.95,60056.99,60088.0,441.90219
1782730800000000,60088.0,60216.0,59796.0,59956.05,515.67042
1782734400000000,59956.05,60780.57,59595.09,59948.78,2600.10754
1782738000000000,59948.79,60340.0,59319.9,59580.0,2144.2543
1782741600000000,59580.0,59699.99,59011.0,59469.67,1999.07246
1782745200000000,59469.45,59960.0,59097.58,59824.01,1368.0568
1782748800000000,59824.01,60030.0,59584.48,59892.86,663.03532
1782752400000000,59892.87,60683.84,59892.0,60413.99,1795.75633
1782756000000000,60413.99,60520.0,60193.87,60295.0,525.48841
1782759600000000,60295.0,60557.5,60153.35,60433.49,501.01522
1782763200000000,60433.5,60553.06,60295.32,60296.0,312.86249
1782766800000000,60296.01,60585.99,60261.89,60479.72,294.76243
1782770400000000,60479.71,60516.0,60350.0,60352.31,211.76202
1782774000000000,60352.31,60379.23,60194.01,60260.21,252.18558
1782777600000000,60260.2,60276.54,59700.0,59838.01,709.83194
1782781200000000,59838.01,60048.98,59771.0,59939.94,341.19535
1782784800000000,59939.94,60042.54,59755.0,59948.24,424.27619
1782788400000000,59948.24,60031.75,59600.0,59627.48,381.85931
1782792000000000,59627.47,59700.0,59433.36,59492.01,774.8482
1782795600000000,59492.01,59656.89,59360.0,59652.13,807.92024
1782799200000000,59652.13,59712.88,59513.72,59592.0,708.76994
1782802800000000,59592.0,59632.0,59444.0,59524.01,762.40668
1782806400000000,59524.01,59551.03,59189.0,59311.92,879.64073
1782810000000000,59311.26,59420.0,59252.0,59374.96,442.65865
1782813600000000,59374.96,59420.0,59286.36,59334.01,300.40182
1782817200000000,59334.01,59413.27,59123.01,59192.7,466.77156
1782820800000000,59192.71,59192.71,58403.51,58412.0,2043.39825
1782824400000000,58411.99,58802.66,58228.33,58737.18,2504.50868
1782828000000000,58737.17,59276.6,58433.0,58482.81,1779.99006
1782831600000000,58482.81,58796.0,58201.0,58381.99,1563.15031
1782835200000000,58382.0,58632.0,58241.79,58497.65,1178.89718
1782838800000000,58497.65,58618.65,58310.72,58417.99,632.53618
1782842400000000,58417.99,58699.98,58351.56,58680.87,605.07781
1782846000000000,58680.86,58839.16,58586.01,58818.05,678.6415
1782849600000000,58818.0,58874.99,58648.26,58732.01,428.82351
1782853200000000,58732.0,58770.0,58509.99,58639.99,398.14222
1782856800000000,58639.99,58806.91,58513.8,58607.99,274.43078
1782860400000000,58607.99,58664.0,58555.0,58624.71,551.65078
1782864000000000,58624.71,58750.68,58310.0,58576.0,670.64661
1782867600000000,58575.99,59022.81,57800.19,58770.57,2987.12539
1782871200000000,58770.58,59171.63,58663.95,59085.0,692.74758
1782874800000000,59085.0,59318.0,58850.0,59197.13,715.44075
1782878400000000,59197.12,59457.0,59062.0,59339.99,480.11636
1782882000000000,59339.99,59376.48,59126.42,59154.33,432.30487
1782885600000000,59154.33,59156.0,58534.31,58755.8,794.13401
1782889200000000,58755.8,58823.9,58600.0,58768.65,479.85852
1782892800000000,58768.64,58984.0,58500.0,58973.99,381.93254
1782896400000000,58973.99,59091.99,58825.61,58944.55,417.79405
1782900000000000,58944.55,58948.47,58624.0,58659.98,405.70309
1782903600000000,58659.97,58755.9,58550.0,58622.03,396.69177
1782907200000000,58622.02,58676.0,58326.0,58538.01,1716.61119
1782910800000000,58538.0,59508.0,58536.0,59498.03,2321.79547
1782914400000000,59498.03,60092.0,59278.0,59542.0,3726.2091
1782918000000000,59541.99,60536.55,59520.51,60147.15,2322.06211
1782921600000000,60147.15,60267.17,59865.75,59920.0,862.80045
1782925200000000,59920.0,60239.84,59787.35,60190.6,480.08928
1782928800000000,60190.59,60298.0,60016.4,60171.16,343.31457
1782932400000000,60171.16,60352.93,60000.0,60028.67,548.14825
1782936000000000,60029.39,60198.0,59876.0,60126.0,313.10277
1782939600000000,60126.0,60846.95,60124.89,60815.99,1153.57611
1782943200000000,60815.99,61334.0,60339.0,60478.01,1877.61599
1782946800000000,60478.0,60478.0,59984.86,60024.0,573.62579
1782950400000000,60024.0,60028.0,59588.0,59761.73,857.93081
1782954000000000,59761.74,60324.99,59715.8,60175.92,634.42084
1782957600000000,60175.91,60495.24,60015.68,60423.1,520.9397
1782961200000000,60423.11,61121.78,60300.02,61058.0,891.65369
1782964800000000,61057.99,61058.0,60728.0,60787.98,793.20588
1782968400000000,60787.98,60877.69,60488.0,60504.54,836.16486
1782972000000000,60504.54,60652.74,60260.0,60274.01,838.53408
1782975600000000,60274.01,60315.93,60104.0,60149.99,593.99067
1782979200000000,60149.99,60555.06,60132.51,60511.99,573.38622
1782982800000000,60512.0,61437.49,60376.13,61184.0,1895.63178
1782986400000000,61184.0,61350.0,61051.07,61263.68,711.1086
1782990000000000,61263.93,61388.0,61125.58,61358.01,823.29588
1782993600000000,61358.0,61614.0,61147.23,61542.53,1476.64291
1782997200000000,61542.53,62053.0,61506.0,61939.04,2503.04906
1783000800000000,61939.04,62200.0,61394.49,61696.61,1834.43153
1783004400000000,61696.61,61850.86,61427.39,61612.93,955.089
1783008000000000,61612.93,61790.13,61108.99,61682.34,1526.68052
1783011600000000,61682.34,61962.43,61619.69,61667.39,742.84693
1783015200000000,61667.4,61900.29,61664.39,61761.36,457.24217
1783018800000000,61761.36,61763.81,61424.0,61479.6,567.93379
1783022400000000,61479.59,61596.0,61342.0,61584.78,435.70751
1783026000000000,61584.77,61653.43,61516.0,61592.26,335.09994
1783029600000000,61592.26,61596.62,61406.28,61465.26,313.41399
1783033200000000,61465.26,61606.0,61350.02,61560.0,263.74127
1783036800000000,61560.0,61578.0,61248.86,61308.75,803.35853
1783040400000000,61308.75,61733.11,61286.0,61588.0,365.29608
1783044000000000,61588.0,61664.62,61294.0,61440.01,718.15053
1783047600000000,61440.01,61575.15,61324.0,61434.0,592.37701
1783051200000000,61434.0,61524.01,61332.76,61448.0,597.68744
1783054800000000,61448.0,61808.0,61430.0,61700.49,669.42027
1783058400000000,61700.49,61850.0,61612.0,61710.01,821.5655
1783062000000000,61710.01,61864.99,61659.32,61750.47,1075.23435
1783065600000000,61750.47,61896.99,61554.07,61584.0,341.60269
1783069200000000,61583.99,61783.89,61510.01,61718.68,336.50784
1783072800000000,61718.69,62038.0,61663.98,61916.46,481.39402
1783076400000000,61916.46,62103.1,61840.0,62024.02,549.87382
1783080000000000,62024.01,62174.47,61871.66,61983.99,627.72129
1783083600000000,61984.0,62282.0,61944.0,62116.01,790.28341
1783087200000000,62116.0,62280.0,61700.0,62167.48,768.79968
1783090800000000,62167.47,62400.0,61820.0,61922.72,627.67216
1783094400000000,61922.71,62125.99,61911.65,62104.81,308.0973
1783098000000000,62104.81,62292.51,62068.78,62194.0,345.47791
1783101600000000,62193.99,62250.0,62118.0,62204.01,298.61687
1783105200000000,62204.0,62317.64,62146.0,62210.0,345.20311
1783108800000000,62210.0,62907.77,62186.01,62776.92,1103.81636
1783112400000000,62776.91,62979.86,62518.72,62732.0,530.36622
1783116000000000,62732.0,62748.01,62538.47,62578.0,461.77097
1783119600000000,62578.0,62707.67,62529.03,62583.26,488.69291
1783123200000000,62583.26,62946.0,62578.55,62756.29,451.82518
1783126800000000,62756.29,62756.29,62404.25,62468.44,740.55394
1783130400000000,62468.44,62576.0,62432.0,62538.96,288.40853
1783134000000000,62538.96,62750.0,62484.01,62627.29,272.8732
1783137600000000,62627.28,62749.97,62590.06,62700.0,372.06056
1783141200000000,62700.0,62700.01,62441.29,62471.52,289.90978
1783144800000000,62471.53,62559.43,62328.24,62500.01,328.21302
1783148400000000,62500.01,62634.24,62470.0,62576.0,488.37245
1783152000000000,62576.0,62674.47,62516.46,62553.78,325.39629
1783155600000000,62553.78,62583.99,62415.87,62494.0,256.44372
1783159200000000,62494.01,62545.02,62445.38,62513.0,261.05012
1783162800000000,62512.99,62563.84,62456.24,62482.01,236.75332
1783166400000000,62482.0,62696.78,62482.0,62664.01,160.12973
1783170000000000,62664.01,62776.92,62542.0,62588.84,234.91268
1783173600000000,62588.84,62738.28,62585.53,62693.99,214.12592
1783177200000000,62693.99,63075.46,62687.89,62943.29,746.82104
1783180800000000,62943.29,62968.29,62786.0,62927.29,446.2616
1783184400000000,62927.3,63439.62,62803.0,63280.38,752.34234
1783188000000000,63280.38,63346.0,63092.02,63172.78,347.58599
1783191600000000,63172.79,63461.99,63123.49,63294.72,328.68996
1783195200000000,63294.72,63392.0,63155.37,63233.78,287.12408
1783198800000000,63233.79,63448.0,63202.0,63297.84,239.07967
1783202400000000,63297.83,63310.0,63160.0,63184.99,486.87752
1783206000000000,63185.0,63241.33,62927.98,63144.01,584.01676
1783209600000000,63144.01,63144.01,62888.86,62991.29,348.66174
1783213200000000,62991.3,63043.15,62800.0,62887.94,447.61772
1783216800000000,62887.93,62926.0,62596.08,62693.56,307.64194
1783220400000000,62693.57,62796.39,62658.0,62769.04,211.72564
1783224000000000,62769.03,62952.93,62712.0,62815.99,288.42759
1783227600000000,62815.99,62815.99,62659.65,62740.5,312.61219
1783231200000000,62740.5,62819.91,62669.99,62782.18,269.63913
1783234800000000,62782.18,63059.99,62718.31,63020.21,393.71695
1783238400000000,63020.21,63104.0,62900.0,62915.0,337.45972
1783242000000000,62915.0,62930.16,62436.59,62622.18,562.27226
1783245600000000,62622.18,62756.25,62536.57,62756.12,183.32618
1783249200000000,62756.12,62812.0,62600.03,62658.92,268.20384
1783252800000000,62658.92,62772.0,62569.37,62745.01,294.54856
1783256400000000,62745.0,62819.66,62644.12,62792.0,337.44331
1783260000000000,62791.99,62818.37,62656.02,62812.25,219.35892
1783263600000000,62812.25,62943.59,62679.76,62740.01,243.82359
1783267200000000,62740.01,62772.86,62590.02,62637.48,344.55738
1783270800000000,62637.48,62820.0,62594.38,62624.93,275.09476
1783274400000000,62624.93,62880.0,62616.0,62820.33,372.13939
1783278000000000,62820.33,62888.14,62714.98,62768.88,297.34041
1783281600000000,62768.87,62836.01,62700.0,62730.61,164.5638
1783285200000000,62730.61,63220.0,62609.47,63092.01,428.51084
1783288800000000,63092.0,63964.48,63005.04,63736.0,1512.51245
1783292400000000,63735.99,63999.0,63577.36,63650.0,750.87927
1783296000000000,63650.01,63772.52,63350.0,63761.99,854.38324
1783299600000000,63761.98,63920.0,63550.0,63576.0,432.9767
1783303200000000,63576.0,63669.45,63373.13,63460.01,398.01222
1783306800000000,63460.01,63495.14,63136.01,63294.0,420.90012
1783310400000000,63294.0,63402.77,63187.98,63267.99,278.63053
1783314000000000,63267.99,63268.0,62950.0,63114.0,702.75025
1783317600000000,63113.99,63152.7,62972.0,62976.0,622.44998
1783321200000000,62976.0,63120.0,62890.0,63089.42,529.35201
1783324800000000,63089.42,63244.0,62800.13,62904.01,536.0688
1783328400000000,62904.01,62914.0,62630.85,62664.77,432.26087
1783332000000000,62664.77,63030.0,62664.76,62822.06,454.82776
1783335600000000,62822.07,63000.0,62483.83,62483.84,610.79996
1783339200000000,62483.84,62487.98,61668.2,61754.01,2426.65551
1783342800000000,61754.01,62034.0,61306.84,61768.21,3623.91016
1783346400000000,61768.2,62411.41,61712.54,62052.0,1203.78704
1783350000000000,62052.0,63550.0,62052.0,63545.98,2153.37389
1783353600000000,63545.98,63863.0,63386.01,63732.0,1748.98599
1783357200000000,63732.0,63976.16,63570.16,63587.38,885.44922
1783360800000000,63587.38,63886.0,63560.0,63696.4,345.76423
1783364400000000,63696.4,63887.93,63652.42,63738.52,308.11427
1783368000000000,63738.52,63892.65,63589.41,63828.0,314.93037
1783371600000000,63828.0,64700.0,63810.0,64489.98,1489.51024
1783375200000000,64489.97,64500.0,64151.01,64244.0,313.47871
1783378800000000,64244.0,64340.76,64017.78,64042.02,347.9123
1783382400000000,64042.93,64314.0,63997.5,64203.99,545.80462
1783386000000000,64203.99,64204.0,63767.04,63840.0,600.7847
1783389600000000,63840.0,63908.0,63288.01,63322.01,624.33941
1783393200000000,63322.01,63414.0,63150.0,63191.01,378.30046
1783396800000000,63191.01,63288.33,63064.0,63100.01,658.55856
1783400400000000,63100.0,63278.99,62800.0,63128.01,725.48406
1783404000000000,63128.0,63400.0,62984.42,63340.0,869.08707
1783407600000000,63340.01,63445.7,63072.1,63083.18,615.24857
1783411200000000,63083.19,63184.0,62984.58,63104.0,444.0167
1783414800000000,63104.0,63348.73,63063.28,63256.0,320.22634
1783418400000000,63256.01,63467.15,63228.17,63284.0,496.91971
1783422000000000,63284.0,63452.0,63116.02,63406.0,399.36572
1783425600000000,63405.99,63872.0,63396.58,63481.39,618.18499
1783429200000000,63481.39,63482.5,63000.0,63056.0,1055.47861
1783432800000000,63056.0,63634.0,62671.39,63562.05,1684.44273
1783436400000000,63562.05,64105.0,63376.22,63930.51,2129.05569
1783440000000000,63930.5,64243.75,63810.0,63983.27,825.1364
1783443600000000,63983.28,64232.0,63896.21,64186.0,713.19138
1783447200000000,64185.99,64188.0,63672.01,63679.99,804.35069
1783450800000000,63679.99,63894.58,63379.69,63817.99,809.87318
1783454400000000,63818.0,63901.75,63585.0,63697.99,461.15497
1783458000000000,63698.0,63866.0,63313.1,63423.94,445.13714
1783461600000000,63423.93,63660.0,63218.0,63551.02,344.82337
1783465200000000,63551.02,63708.0,63320.0,63363.99,265.24316
1783468800000000,63364.0,63761.99,63307.36,63612.77,656.59812
1783472400000000,63612.78,63649.5,62921.78,63038.01,690.76172
1783476000000000,63038.0,63066.0,62525.47,62979.99,1271.45366
1783479600000000,62979.98,63094.0,62700.18,62766.0,326.19539
1783483200000000,62766.0,62901.49,62676.0,62800.0,435.16461
1783486800000000,62800.01,62876.95,62558.0,62637.88,716.63481
1783490400000000,62637.88,62746.0,62477.04,62657.81,457.84929
1783494000000000,62657.82,62894.89,62550.0,62888.35,483.7238
1783497600000000,62888.34,62941.46,61855.26,62018.36,1707.6886
1783501200000000,62018.36,62190.01,61743.83,62057.67,2058.44174
1783504800000000,62057.68,62199.97,61903.45,62183.12,934.16537
1783508400000000,62183.11,62392.04,62055.63,62299.99,576.86496
1783512000000000,62300.0,62451.08,61953.58,61957.73,877.49143
1783515600000000,61957.74,62090.0,61632.23,61945.49,1130.9924
1783519200000000,61945.49,62173.56,61712.0,61889.83,1415.74086
1783522800000000,61889.83,61922.0,61544.56,61704.01,1055.91275
1783526400000000,61704.01,62164.6,61692.0,62113.03,762.49481
1783530000000000,62113.02,62394.32,62032.0,62104.62,518.57431
1783533600000000,62104.62,62351.97,62045.2,62185.32,301.10629
1783537200000000,62185.33,62292.19,62068.0,62277.98,295.91802
1783540800000000,62277.98,62306.54,62082.8,62099.61,601.65946
1783544400000000,62099.62,62251.22,61956.0,62187.17,844.23046
1783548000000000,62187.17,62350.63,62178.0,62330.4,268.9098
1783551600000000,62330.4,62346.6,62174.0,62290.0,231.5253
1783555200000000,62290.01,62309.88,62058.51,62129.99,419.84137
1783558800000000,62129.99,62642.0,61837.1,61916.0,891.27709
1783562400000000,61916.0,62121.21,61705.29,61788.8,588.18699
1783566000000000,61788.79,62062.99,61730.0,61974.34,608.39784
1783569600000000,61974.34,62456.29,61956.46,62453.74,475.51774
1783573200000000,62453.74,62624.61,62236.0,62589.61,907.8536
1783576800000000,62589.61,62980.0,62485.58,62959.96,790.33126
1783580400000000,62959.96,63283.26,62788.06,63000.0,902.61366
1783584000000000,62999.99,63100.1,62855.63,62903.65,872.78917
1783587600000000,62903.66,63002.0,62786.82,62953.4,549.43771
1783591200000000,62953.4,63056.98,62688.0,62786.04,490.23056
1783594800000000,62786.05,62830.0,62614.66,62786.34,613.79257
1783598400000000,62786.33,62952.0,62465.39,62614.02,2694.46367
1783602000000000,62614.01,63240.15,62523.08,63028.35,732.96491
1783605600000000,63028.36,63144.79,62666.66,63016.0,598.40365
1783609200000000,63016.0,63261.0,62811.1,62868.05,857.13379
1783612800000000,62868.06,62996.0,62559.59,62700.01,532.13757
1783616400000000,62700.01,63165.12,62668.0,63142.79,730.95491
1783620000000000,63142.79,63500.0,63080.0,63219.03,776.88222
1783623600000000,63219.03,63375.73,63118.45,63248.1,606.23375
1783627200000000,63248.09,63330.85,63177.36,63313.38,236.61262
1783630800000000,63313.38,63397.94,63208.91,63274.59,261.44616
1783634400000000,63274.6,63418.0,63218.77,63218.78,274.28375
1783638000000000,63218.78,63325.0,63060.91,63230.0,331.02016
1783641600000000,63230.01,63255.49,62926.01,63113.93,626.86453
1783645200000000,63113.92,63999.99,62962.0,63749.86,1229.10229
1783648800000000,63749.86,64050.23,63692.76,63961.99,1017.85326
1783652400000000,63961.99,64050.0,63822.8,63947.2,410.93478
1783656000000000,63947.2,64176.86,63857.64,64047.88,567.80609
1783659600000000,64047.89,64200.0,63944.05,64115.99,507.936
1783663200000000,64116.0,64162.0,63836.0,63854.71,352.90834
1783666800000000,63854.71,64011.9,63802.02,63963.0,566.0984
1783670400000000,63963.0,64392.0,63962.99,64246.01,945.88564
1783674000000000,64246.0,64480.01,64102.0,64385.09,1051.0085
1783677600000000,64385.09,64494.84,64274.47,64407.8,400.85807
1783681200000000,64407.8,64480.0,64341.83,64425.18,337.28843
1783684800000000,64425.18,64608.0,63999.0,64286.64,1081.95063
1783688400000000,64286.65,64692.83,64152.84,64484.0,826.67946
1783692000000000,64484.0,64516.0,63793.43,63914.87,1338.73193
1783695600000000,63914.88,64210.0,63898.0,64040.0,737.82713
1783699200000000,64039.99,64220.0,63826.57,64140.01,671.46586
1783702800000000,64140.0,64158.58,63821.88,63823.99,491.57909
1783706400000000,63824.0,64003.99,63732.66,63810.0,566.18067
1783710000000000,63809.99,64077.56,63780.0,63917.88,1227.53052
1783713600000000,63917.88,63946.36,63656.0,63841.25,1126.81538
1783717200000000,63841.25,64099.56,63835.05,64011.99,307.30047
1783720800000000,64012.0,64169.39,63981.37,64112.29,508.14182
1783724400000000,64112.3,64222.61,64024.0,64161.72,690.25393
1783728000000000,64161.72,64168.49,64028.43,64124.0,315.78502
1783731600000000,64123.99,64310.0,64004.01,64012.95,405.42387
1783735200000000,64012.95,64166.0,63984.07,64158.04,205.49018
1783738800000000,64158.04,64195.04,64068.0,64150.42,174.79238
1783742400000000,64150.42,64213.55,64080.26,64152.0,223.52551
1783746000000000,64152.0,64221.99,64121.07,64176.01,535.97468
1783749600000000,64176.0,64278.0,64124.0,64219.1,302.84507
1783753200000000,64219.09,64256.55,64152.0,64162.18,422.67072
1783756800000000,64162.18,64300.0,64153.87,64265.98,169.11443
1783760400000000,64265.98,64300.0,64159.7,64167.34,347.53946
1783764000000000,64167.35,64204.02,64129.99,64196.0,421.25234
1783767600000000,64196.0,64215.32,64167.99,64198.0,417.44096
1783771200000000,64197.99,64228.0,64130.65,64195.49,408.31399
1783774800000000,64195.48,64266.0,64159.99,64235.66,352.18455
1783778400000000,64235.67,64504.11,64235.66,64350.07,551.43161
1783782000000000,64350.07,64484.01,63896.18,64175.75,1185.62457
1783785600000000,64175.75,64273.63,64084.0,64180.01,468.52631
1783789200000000,64180.0,64402.0,64164.08,64315.53,272.95245
1783792800000000,64315.53,64395.17,64288.91,64327.99,274.24491
1783796400000000,64327.99,64338.0,64233.23,64286.0,202.32307
1783800000000000,64286.0,64463.83,64285.99,64382.45,197.23083
1783803600000000,64382.44,64427.56,64338.09,64355.99,116.51883
1783807200000000,64355.99,64424.03,64144.47,64203.08,303.31895
1783810800000000,64203.09,64246.0,63819.0,63819.0,877.44963
1783814400000000,63819.01,63909.92,63702.16,63828.47,2302.50352
1783818000000000,63828.48,64172.66,63812.0,64133.61,394.25068
1783821600000000,64133.61,64133.62,64029.51,64070.39,908.56961
1783825200000000,64070.4,64223.74,64035.68,64223.73,488.95119
1783828800000000,64223.73,64245.87,63943.68,63999.93,412.9132
1783832400000000,63999.94,64024.48,63900.0,63959.93,291.33944
1783836000000000,63959.93,63962.85,63640.83,63762.46,526.52081
1783839600000000,63762.47,63908.39,63740.12,63885.27,506.72582
1783843200000000,63885.28,64100.32,63884.2,63983.18,1349.77159
1783846800000000,63983.18,64062.17,63764.0,63961.61,3089.49803
1783850400000000,63961.6,63961.6,63843.4,63865.76,250.37178
1783854000000000,63865.76,64030.0,63826.01,64018.01,158.66802
1783857600000000,64018.0,64135.0,63970.55,64026.0,320.06272
1783861200000000,64026.01,64097.99,63987.4,64023.14,369.91648
1783864800000000,64023.13,64290.11,63958.71,64203.08,261.44826
1783868400000000,64203.08,64262.15,64117.97,64176.0,230.70025
1783872000000000,64176.0,64209.64,64042.0,64177.7,260.32939
1783875600000000,64177.7,64177.74,64029.12,64078.0,243.96602
1783879200000000,64078.0,64150.0,64018.69,64147.99,207.74726
1783882800000000,64148.0,64270.0,64147.3,64228.59,178.3269
1783886400000000,64228.59,64254.0,64178.03,64198.89,158.2404
1783890000000000,64198.9,64232.02,63891.84,63920.4,317.29013
1783893600000000,63920.4,63923.99,63668.0,63886.87,425.91972
1783897200000000,63886.86,63914.85,63726.62,63780.0,260.80581
1783900800000000,63780.0,64425.0,63568.0,64072.01,1134.90308
1783904400000000,64072.0,64072.01,63376.53,63412.01,1113.66129
1783908000000000,63412.01,63541.94,63237.26,63375.99,621.99474
1783911600000000,63376.0,63382.95,62741.04,62806.41,1068.82271
1783915200000000,62806.41,62911.94,62620.13,62672.0,670.25607
1783918800000000,62672.0,62905.68,62500.76,62799.0,816.14848
1783922400000000,62799.01,62880.0,62710.45,62797.55,385.11506
1783926000000000,62797.55,63070.01,62753.69,62985.52,1476.1879
1783929600000000,62985.53,63302.88,62935.92,63206.97,1893.03927
1783933200000000,63206.98,63210.0,63086.12,63100.02,663.43575
1783936800000000,63100.02,63157.85,62862.28,62867.89,788.29364
1783940400000000,62867.9,63135.55,62867.9,62901.99,458.30123
1783944000000000,62901.99,62990.04,62570.0,62625.15,689.69237
1783947600000000,62625.15,62766.37,62164.0,62318.0,2175.34811
1783951200000000,62318.01,62794.97,62101.0,62791.85,1780.86024
1783954800000000,62791.85,62983.83,62559.58,62618.01,1226.00074
1783958400000000,62618.0,62629.35,62212.0,62276.0,970.69108
1783962000000000,62276.01,62370.0,61900.0,61904.99,1161.78052
1783965600000000,61904.99,62100.0,61824.97,62020.0,662.51495
1783969200000000,62020.0,62292.84,61990.0,62288.23,503.43262
1783972800000000,62288.23,62324.74,62050.71,62210.99,294.43026
1783976400000000,62211.0,62216.35,61897.45,62065.06,385.18322
1783980000000000,62065.05,62224.0,61911.31,61924.0,386.45256
1783983600000000,61924.0,62347.46,61882.88,62334.52,355.95615
1783987200000000,62334.52,62666.66,62272.2,62549.54,827.98236
1783990800000000,62549.55,62640.0,62460.03,62540.42,471.32047
1783994400000000,62540.41,62645.0,62329.98,62544.0,510.10327
1783998000000000,62544.0,62604.0,62314.0,62572.89,439.89615
1784001600000000,62572.88,62768.95,62539.71,62745.23,314.71779
1784005200000000,62745.24,62872.0,62697.69,62737.0,625.4247
1784008800000000,62737.0,62772.48,62566.01,62624.05,742.03175
1784012400000000,62624.06,62655.99,62516.93,62560.92,406.16223
1784016000000000,62560.92,62807.94,62500.0,62713.85,377.86259
1784019600000000,62713.85,62742.0,62534.29,62629.55,614.55321
1784023200000000,62629.56,62908.8,62609.47,62800.0,437.22084
1784026800000000,62800.01,62923.06,62713.6,62844.99,302.90008
1784030400000000,62844.99,63989.54,62780.84,63960.0,3109.78866
1784034000000000,63959.99,64181.99,63699.03,63840.01,1522.71413
1784037600000000,63840.01,64346.49,63580.99,64305.02,1089.85313
1784041200000000,64305.01,64966.43,64194.64,64743.99,3074.26518
1784044800000000,64744.0,64896.86,64606.0,64730.0,1264.07966
1784048400000000,64730.01,64730.01,64231.77,64621.43,1156.00933
1784052000000000,64621.43,64648.88,64477.23,64571.98,502.24971
1784055600000000,64571.99,64704.0,64487.38,64569.59,367.96179
1784059200000000,64569.59,64599.0,64419.99,64572.02,281.25074
1784062800000000,64572.02,64893.92,64526.0,64676.9,427.49727
1784066400000000,64676.89,65100.0,64516.0,64860.89,1268.06322
1784070000000000,64860.89,65048.0,64782.0,65043.98,418.50558
1784073600000000,65043.99,65065.01,64765.12,64824.58,352.45343
1784077200000000,64824.57,64853.08,64644.48,64674.35,610.20031
1784080800000000,64674.35,64755.99,64488.0,64490.87,350.99185
1784084400000000,64490.87,64840.0,64490.86,64792.01,379.79444
1784088000000000,64792.0,64885.99,64714.0,64746.01,289.24746
1784091600000000,64746.01,64964.96,64602.5,64944.06,686.5094
1784095200000000,64944.06,65277.37,64814.0,64814.0,974.06143
1784098800000000,64814.01,64876.0,64485.0,64549.34,1209.74716
1784102400000000,64549.33,64797.02,64549.33,64768.01,958.47053
1784106000000000,64768.0,64917.94,64653.18,64671.83,542.47841
1784109600000000,64671.84,64855.56,64614.0,64663.0,316.30209
1784113200000000,64663.0,64767.37,64616.11,64732.15,500.13863
1784116800000000,64732.15,65249.9,64606.0,65164.0,1837.40143
1784120400000000,65164.0,65577.0,64888.0,65117.99,1942.12357
1784124000000000,65118.0,65517.05,65070.0,65399.81,1187.13269
1784127600000000,65399.8,65600.0,65261.71,65427.61,1153.25811
1784131200000000,65427.6,65470.0,64784.83,65120.79,1423.19665
1784134800000000,65120.8,65194.72,64972.95,65056.1,1119.69712
1784138400000000,65056.1,65143.57,64847.42,64860.0,1076.85531
1784142000000000,64860.0,65000.0,64738.49,64977.34,377.96921
1784145600000000,64977.34,65055.39,64899.0,64968.01,239.51973
1784149200000000,64968.02,65018.74,64789.89,64834.31,289.23644
1784152800000000,64834.31,64982.47,64772.0,64866.93,275.16571
1784156400000000,64866.93,64938.0,64691.89,64756.28,309.9463
1784160000000000,64756.28,64845.5,64500.0,64584.07,762.20624
1784163600000000,64584.07,64830.0,64392.01,64730.01,462.87658
1784167200000000,64730.0,64735.09,64574.02,64642.01,327.49099
1784170800000000,64642.0,64745.55,64555.0,64619.95,221.04888
1784174400000000,64619.96,64692.0,64544.04,64650.05,615.61718
1784178000000000,64650.05,64997.52,64592.67,64917.99,618.6053
1784181600000000,64917.99,64978.0,64630.01,64777.32,355.62558
1784185200000000,64777.33,64777.33,64086.12,64238.0,1138.76345
1784188800000000,64238.0,64380.0,63888.0,64126.85,3967.6065
1784192400000000,64126.86,64186.83,64019.02,64090.0,3387.73889
1784196000000000,64090.0,64269.42,64077.75,64221.34,351.18175
1784199600000000,64221.34,64269.42,64101.0,64256.53,377.01841
1784203200000000,64256.52,64256.52,63838.28,63966.01,728.30687
1784206800000000,63966.01,64480.0,63961.14,64376.0,827.04997
1784210400000000,64375.99,64863.07,64332.57,64543.51,993.97642
1784214000000000,64543.51,64896.0,64320.0,64704.73,620.57363
1784217600000000,64704.73,64712.0,64333.33,64484.0,523.57946
1784221200000000,64484.01,64484.01,63984.09,64069.03,616.12218
1784224800000000,64069.04,64330.0,64052.14,64246.01,275.58322
1784228400000000,64246.01,64301.99,64152.0,64271.84,368.59969
1784232000000000,64271.85,64276.0,64108.0,64114.27,169.71905
1784235600000000,64114.25,64253.25,64101.18,64161.99,188.0978
1784239200000000,64162.0,64240.12,63950.01,63968.0,351.60652
1784242800000000,63968.01,64010.58,63748.74,63830.2,515.53223
1784246400000000,63830.2,63912.0,63612.62,63886.0,435.36884
1784250000000000,63886.0,64067.69,63476.0,63546.24,735.77497
1784253600000000,63546.25,63657.99,63380.28,63482.0,818.39465
1784257200000000,63482.0,63720.0,63482.0,63570.0,676.04775
1784260800000000,63570.0,63576.0,63320.0,63486.01,490.83509
1784264400000000,63486.01,63486.01,62804.3,62839.76,1190.44758
1784268000000000,62839.77,62998.52,62710.0,62948.0,1200.24888
1784271600000000,62948.0,62983.99,62800.0,62828.11,1288.47496
1784275200000000,62828.11,62939.04,62666.0,62888.0,838.1557
1784278800000000,62888.01,63069.06,62852.89,62989.46,603.45822
1784282400000000,62989.47,63201.91,62989.47,63179.92,534.56662
1784286000000000,63179.91,63361.7,63063.67,63298.01,617.19974
1784289600000000,63298.0,63348.0,63069.09,63099.75,618.64826
1784293200000000,63099.75,63180.0,62537.56,63153.99,1381.50027
1784296800000000,63154.0,63518.0,63051.77,63174.0,1199.38162
1784300400000000,63174.01,63452.0,62856.16,63452.0,702.84059
1784304000000000,63452.0,63706.75,63312.01,63594.0,881.75053
1784307600000000,63594.0,64228.27,63594.0,64049.86,1210.18889
1784311200000000,64049.85,64387.99,63894.0,64259.73,761.86335
1784314800000000,64259.73,64259.73,63981.2,64160.8,578.45246
1784318400000000,64160.8,64192.57,63958.19,64120.0,456.18305
1784322000000000,64120.01,64216.61,64064.0,64110.0,284.21145
1784325600000000,64110.01,64147.0,63903.63,63986.0,255.88006
1784329200000000,63986.01,64011.08,63884.35,63931.67,430.02036
1784332800000000,63931.67,64012.39,63895.33,63910.04,217.92923
1784336400000000,63910.05,64000.0,63886.65,63952.98,200.93158
1784340000000000,63952.97,64032.6,63930.54,63967.61,372.4998
1784343600000000,63967.61,64017.85,63928.15,64017.84,578.99589
1784347200000000,64017.84,64017.85,63947.09,63967.99,311.74394
1784350800000000,63968.0,63998.0,63926.39,63967.95,153.28461
1784354400000000,63967.95,64005.99,63950.0,63979.67,193.68533
1784358000000000,63979.67,64026.03,63974.94,64002.75,290.3862
1784361600000000,64002.75,64019.64,63960.0,64006.01,293.43528
1784365200000000,64006.01,64006.01,63887.73,63987.76,286.53507
1784368800000000,63987.77,64026.39,63982.34,64016.43,264.0947
1784372400000000,64016.43,64097.22,64010.99,64069.89,259.43503
1784376000000000,64069.89,64274.47,64057.27,64218.0,554.94465
1784379600000000,64218.01,64218.01,63963.0,64106.0,300.90627
1784383200000000,64105.99,64195.01,64101.42,64126.0,182.82691
1784386800000000,64126.0,64163.99,64037.45,64123.12,202.91031
1784390400000000,64123.13,64314.0,64091.48,64303.47,325.76583
1784394000000000,64303.48,64492.0,64280.22,64480.29,572.40254
1784397600000000,64480.28,64669.5,64462.0,64512.41,531.00754
1784401200000000,64512.41,64597.9,64482.0,64552.79,294.01495
1784404800000000,64552.8,64739.64,64528.69,64693.01,554.55726
1784408400000000,64693.02,64846.83,64614.36,64731.72,365.29033
1784412000000000,64731.73,64865.0,64712.29,64805.05,503.12891
1784415600000000,64805.04,64843.3,64709.28,64834.22,220.46796
1784419200000000,64834.21,64906.4,64769.47,64792.08,443.04046
1784422800000000,64792.08,64792.09,64765.99,64765.99,211.03912
1784426400000000,64766.0,64967.25,64700.84,64826.01,574.09127
1784430000000000,64826.01,64842.92,64620.44,64706.18,416.11384
1784433600000000,64706.18,64795.43,64610.89,64720.17,249.31584
1784437200000000,64720.17,64815.65,64676.0,64724.01,206.27533
1784440800000000,64724.0,64759.33,64694.66,64711.69,244.79532
1784444400000000,64711.69,64784.0,64675.0,64711.05,401.27453
1784448000000000,64711.04,64743.0,64631.54,64707.49,602.66232
1784451600000000,64707.48,64725.74,64500.0,64509.99,392.93472
1784455200000000,64510.0,64700.0,64482.0,64595.0,334.64364
1784458800000000,64595.0,64636.28,64445.0,64467.64,208.69371
1784462400000000,64467.65,64467.65,64285.24,64441.15,549.2859
1784466000000000,64441.16,64516.33,64307.72,64483.31,325.94592
1784469600000000,64483.32,64663.04,64425.24,64593.07,328.9706
1784473200000000,64593.07,64620.0,64500.0,64585.32,260.30458
1784476800000000,64585.33,64644.0,64505.21,64538.72,321.63819
1784480400000000,64538.72,64752.0,64406.3,64547.86,402.19584
1784484000000000,64547.86,64554.0,64280.0,64419.99,321.71164
1784487600000000,64420.0,64467.82,64352.0,64462.58,115.02705
1784491200000000,64462.58,64560.0,64462.57,64535.99,100.52602
1784494800000000,64536.0,64562.55,64350.0,64415.75,221.49991
1784498400000000,64415.75,64900.0,64347.89,64674.67,828.28879
1784502000000000,64674.66,64772.0,64572.0,64722.54,319.6402
1784505600000000,64722.55,65107.99,64416.0,64553.84,736.05935
1784509200000000,64553.85,65029.4,64506.0,64628.01,401.29098
1784512800000000,64628.01,64964.0,64585.0,64827.2,378.92701
1784516400000000,64827.19,64914.93,64644.01,64869.8,340.53514
1784520000000000,64869.79,64869.99,64540.0,64540.01,333.38076
1784523600000000,64540.0,64562.0,64082.7,64128.0,978.47191
1784527200000000,64128.01,64220.0,63765.83,63917.98,852.13818
1784530800000000,63917.99,64315.96,63896.0,64280.01,998.28115
1784534400000000,64280.01,64356.0,63100.0,64049.99,3901.45477
1784538000000000,64050.0,64276.0,64012.8,64199.5,508.64903
1784541600000000,64199.51,64415.42,64162.0,64301.18,339.54836
1784545200000000,64301.18,65068.0,64273.33,65002.01,1040.02207
1784548800000000,65002.0,65002.83,64599.89,64640.0,1301.45682
1784552400000000,64640.0,64763.67,64208.0,64344.01,1171.73283
1784556000000000,64344.01,64575.37,64077.76,64416.01,811.23879
1784559600000000,64416.01,65666.8,64398.15,65598.75,2563.16846
1784563200000000,65598.75,65637.7,65336.0,65508.5,1056.62117
1784566800000000,65508.5,65646.55,65342.52,65587.98,673.41436
1784570400000000,65587.99,65799.0,65204.0,65240.01,708.20295
1784574000000000,65240.01,65274.58,65041.05,65142.0,856.15121
1784577600000000,65142.0,65438.0,65061.92,65367.58,339.09983
1784581200000000,65367.57,65445.27,65272.32,65286.02,264.99229
1784584800000000,65286.02,65286.02,65092.66,65141.99,333.37114
1784588400000000,65142.0,65272.21,65128.17,65255.51,435.27846
1784592000000000,65255.51,65585.0,65148.75,65568.01,685.78688
1784595600000000,65568.0,65658.78,65232.65,65235.55,421.8846
1784599200000000,65235.56,65500.0,65176.2,65414.01,382.21075
1784602800000000,65414.01,65593.11,65411.74,65566.78,795.51369
1784606400000000,65566.77,65742.58,65471.69,65522.01,600.76388
1784610000000000,65522.0,65933.24,65485.55,65751.56,864.8195
1784613600000000,65751.56,65991.05,65634.0,65913.0,733.43884
1784617200000000,65913.0,66245.64,65866.0,66186.86,1338.71722
1784620800000000,66186.86,66354.0,66129.19,66226.44,1032.71252
1784624400000000,66226.43,66350.0,66144.0,66291.99,472.96398
1784628000000000,66292.0,66420.65,66176.55,66180.0,1179.04438
1784631600000000,66180.0,66350.0,66147.82,66345.59,752.24871
1784635200000000,66345.59,66640.0,66255.73,66558.82,1002.49408
1784638800000000,66558.81,66810.97,66315.62,66786.0,1358.43796
1784642400000000,66786.0,66956.15,66648.27,66842.3,1722.33044
1784646000000000,66842.29,66842.3,66517.52,66676.54,948.73464
1784649600000000,66676.53,66764.0,66462.32,66542.01,672.73654
1784653200000000,66542.01,66567.59,66052.63,66207.95,1024.8098
1784656800000000,66207.96,66358.0,66098.71,66319.95,619.31647
1784660400000000,66319.96,66502.8,66264.12,66444.76,623.55174
1784664000000000,66444.76,66496.0,66359.3,66406.57,288.41886
1784667600000000,66406.58,66408.26,66290.0,66385.0,330.71956
1784671200000000,66385.0,66388.35,66204.0,66304.02,432.0724
1784674800000000,66304.02,66576.0,66228.55,66556.16,334.55343
1784678400000000,66556.15,66739.89,66525.54,66620.97,961.25987
1784682000000000,66620.97,66661.79,66282.65,66433.3,801.8459
1784685600000000,66433.29,66532.26,66298.0,66314.12,584.2039
1784689200000000,66314.12,66371.27,66176.0,66210.0,535.35393
1784692800000000,66209.99,66424.0,66198.0,66381.05,1016.50384
1784696400000000,66381.05,66381.05,65944.51,65974.9,732.84767
1784700000000000,65974.9,66026.93,65830.94,65934.33,677.13061
1784703600000000,65934.34,65968.9,65701.0,65843.48,1698.20928
1784707200000000,65843.48,66164.57,65843.47,65987.96,1762.03259
1784710800000000,65987.97,66082.5,65850.0,65928.0,1983.57551
1784714400000000,65928.01,66116.36,65898.0,66046.02,636.27622
1784718000000000,66046.01,66092.59,65909.16,66013.36,789.42664
1784721600000000,66013.36,66013.37,65553.67,65636.01,572.31956
1784725200000000,65636.01,65982.28,65559.66,65951.39,762.44551
1784728800000000,65951.38,66204.98,65588.0,65793.98,977.66799
1784732400000000,65793.98,66125.0,65793.98,66047.39,689.66439
1784736000000000,66047.38,66384.0,65911.6,66229.01,531.34681
1784739600000000,66229.01,66275.29,65944.0,66024.03,332.68865
1784743200000000,66024.02,66075.91,65726.08,65895.46,372.67709
1784746800000000,65895.46,65958.56,65691.93,65923.19,284.49057
1784750400000000,65923.19,65986.0,65791.79,65919.68,303.33342
1784754000000000,65919.67,66133.98,65892.64,66072.47,345.28683
1784757600000000,66072.48,66080.94,65932.0,66044.17,283.8249
1784761200000000,66044.17,66138.24,65844.3,66114.49,440.45434
1784764800000000,66114.5,66313.14,66054.58,66058.19,818.52742
1784768400000000,66058.2,66208.0,65751.0,65830.0,911.89269
1784772000000000,65830.0,65843.25,65653.23,65805.34,489.67764
1784775600000000,65805.35,65816.0,65585.11,65662.53,518.12407
1784779200000000,65662.53,65738.99,65590.12,65616.48,673.83221
1784782800000000,65616.49,65797.93,65570.12,65691.01,258.16071
1784786400000000,65691.01,65821.17,65625.2,65790.0,198.22051
1784790000000000,65790.0,65790.0,65351.02,65442.13,625.4986
1784793600000000,65442.12,65665.99,65419.75,65633.0,617.22753
1784797200000000,65632.99,65757.99,65608.18,65638.92,505.16907
1784800800000000,65638.92,65792.09,65589.69,65740.0,314.19369
1784804400000000,65740.0,65740.01,65540.93,65555.21,260.87827
1784808000000000,65555.21,65589.41,64988.05,65167.04,1080.21623
1784811600000000,65167.05,65221.29,64863.62,64880.0,1019.68548
1784815200000000,64880.0,65216.24,64822.13,64909.99,1122.58373
1784818800000000,64910.0,65023.68,64728.0,64958.36,1087.45523
1784822400000000,64958.37,64961.15,64704.57,64756.84,823.97347
1784826000000000,64756.84,64900.0,64650.0,64681.27,610.54166
1784829600000000,64681.26,64948.05,64680.0,64869.12,473.57506
1784833200000000,64869.13,64934.75,64686.56,64846.94,525.37224
1784836800000000,64846.93,65217.93,64834.52,65147.5,435.69297
1784840400000000,65147.5,65210.35,65014.0,65169.81,348.6782
1784844000000000,65169.82,65227.99,65013.94,65195.43,465.02672
1784847600000000,65195.43,65235.43,65052.01,65098.97,514.02333
1784851200000000,65098.98,65113.86,64762.18,64973.99,343.41298
1784854800000000,64974.0,65168.0,64944.37,65086.0,666.39562
1784858400000000,65086.0,65187.57,64925.45,65116.99,432.3739
1784862000000000,65116.99,65464.35,65078.0,65456.7,382.6998
1784865600000000,65456.7,65469.86,65272.26,65318.0,299.6958
1784869200000000,65318.01,65394.0,65248.0,65325.0,372.30415
1784872800000000,65325.01,65519.93,65278.07,65472.0,914.26438
1784876400000000,65472.0,65808.59,65320.69,65499.95,1219.60281
1784880000000000,65499.94,65508.17,65302.18,65302.18,306.26025
1784883600000000,65302.18,65314.66,64952.38,65113.13,478.93491
1784887200000000,65113.13,65157.99,64906.85,64950.0,716.12782
1784890800000000,64950.01,65099.99,64857.14,65083.43,751.17375
1784894400000000,65083.42,65133.99,64766.0,64780.01,507.45117
1784898000000000,64780.0,64802.0,63920.01,64155.46,2007.68582
1784901600000000,64155.47,64198.3,63739.75,64055.12,1591.08926
1784905200000000,64055.11,64333.33,63858.0,64093.85,1939.18979
1784908800000000,64093.86,64200.0,63881.46,63958.0,529.35925
1784912400000000,63958.01,64202.91,63905.51,64180.0,525.47557
1784916000000000,64180.0,64290.1,64129.75,64272.0,390.98725
1784919600000000,64272.01,64292.44,64141.18,64225.32,579.59462
1784923200000000,64225.32,64288.02,64128.89,64170.23,214.82759
1784926800000000,64170.24,64258.73,64122.29,64155.0,651.81342
1784930400000000,64155.0,64216.27,64121.86,64169.01,587.59798
1784934000000000,64169.01,64187.4,64134.71,64139.99,412.95391
1784937600000000,64140.0,64179.03,64033.18,64073.61,386.54772
1784941200000000,64073.61,64160.0,64006.55,64068.01,493.07694
1784944800000000,64068.0,64099.99,64017.87,64052.0,479.58839
1784948400000000,64052.01,64105.61,64016.65,64085.36,469.51581
1784952000000000,64085.36,64205.67,64085.15,64181.46,171.38031
1784955600000000,64181.45,64199.76,63980.01,64024.0,245.62438
1784959200000000,64024.0,64063.37,63964.57,64010.0,248.54758
1784962800000000,64010.0,64038.52,64000.0,64003.2,408.36611
1784966400000000,64003.2,64010.01,63810.0,63876.06,507.52898
1784970000000000,63876.07,64024.72,63830.0,63999.99,1813.6121
1784973600000000,64000.0,64070.0,63996.0,64070.0,200.57959
1784977200000000,64069.99,64113.0,64047.09,64064.01,226.46632
1784980800000000,64064.01,64123.8,64043.0,64123.8,179.4102
1784984400000000,64123.8,64267.78,64106.74,64172.0,285.46591
1784988000000000,64172.01,64217.09,64126.0,64214.04,270.20323
1784991600000000,64214.05,64272.0,64169.99,64182.0,193.98029
1784995200000000,64182.01,64241.71,64123.0,64206.6,126.61028
1784998800000000,64206.61,64356.0,64194.37,64267.4,187.81706
1785002400000000,64267.41,64475.28,64267.41,64415.99,314.52068
1785006000000000,64415.99,64438.12,64388.38,64388.38,219.4973
1785009600000000,64388.39,64392.74,64313.0,64339.75,213.90166
1785013200000000,64339.75,64430.0,64263.03,64344.02,177.06463
1785016800000000,64344.02,64426.0,64344.01,64412.0,625.93723
1785020400000000,64412.01,64429.38,64363.0,64375.0,417.8076
1785024000000000,64375.01,64507.0,64350.0,64506.99,256.73658
1785027600000000,64506.99,64541.66,64456.67,64462.0,277.18148
1785031200000000,64462.0,64527.59,64427.59,64527.56,117.0226
1785034800000000,64527.57,64582.0,64488.73,64557.0,304.96319
1785038400000000,64557.0,64599.95,64491.73,64530.06,425.16453
1785042000000000,64530.06,64530.07,64403.95,64417.69,131.14508
1785045600000000,64417.68,64457.55,64293.81,64438.0,408.23581
1785049200000000,64438.01,64460.0,64341.99,64370.0,273.49735
1785052800000000,64370.0,64493.99,64353.0,64480.01,204.14991
1785056400000000,64480.02,64549.02,64478.38,64538.0,164.82486
1785060000000000,64538.01,64573.73,64497.62,64515.4,137.0474
1785063600000000,64515.39,64535.99,64495.17,64507.35,174.84399
1785067200000000,64507.36,64662.99,64434.0,64466.67,319.29329
1785070800000000,64466.68,64571.42,64414.0,64518.0,319.1541
1785074400000000,64517.99,64768.23,64517.99,64712.99,504.24215
1785078000000000,64713.0,64827.0,64673.42,64768.0,313.86895
1785081600000000,64768.0,64940.51,64703.23,64734.17,420.05042
1785085200000000,64734.17,64794.45,64668.91,64697.2,347.81315
1785088800000000,64697.21,64769.99,64668.91,64734.38,114.76281
1785092400000000,64734.39,64753.0,64671.91,64695.52,369.55718
1785096000000000,64695.52,64703.36,64631.57,64649.04,120.01782
1785099600000000,64649.04,64924.0,64649.03,64858.02,268.26505
1785103200000000,64858.03,65502.6,64858.03,65412.68,1331.07392
1785106800000000,65412.69,65577.0,65273.76,65399.99,630.14927
1785110400000000,65400.0,65418.81,65065.46,65131.95,465.77387
1785114000000000,65131.96,65225.75,64892.03,65206.21,478.78723
1785117600000000,65206.21,65281.64,65118.08,65172.0,475.81825
1785121200000000,65172.02,65367.73,65161.99,65284.0,519.18282
1785124800000000,65284.0,65500.0,65242.69,65282.8,331.55981
1785128400000000,65282.81,65493.38,65282.8,65468.38,284.79372
1785132000000000,65468.38,65744.6,65404.9,65416.76,867.3473
1785135600000000,65416.77,65447.02,65217.16,65221.99,1066.09119
1785139200000000,65221.99,65258.0,65128.85,65162.98,724.97518
1785142800000000,65162.98,65348.17,65100.0,65262.17,1478.16072
1785146400000000,65262.18,65432.0,65230.01,65333.35,412.29993
1785150000000000,65333.35,65333.36,65092.0,65100.79,287.15002
1785153600000000,65100.79,65255.76,64836.0,65086.0,587.73231
1785157200000000,65086.0,65718.0,64913.12,65217.37,1076.54142
1785160800000000,65217.38,65431.9,64459.82,64687.45,1132.47674
1785164400000000,64687.45,64776.0,64418.01,64554.01,596.28993
1785168000000000,64554.0,64970.93,64517.78,64898.52,473.37301
1785171600000000,64898.53,65090.0,64794.37,65019.81,404.49207
1785175200000000,65019.81,65058.32,64755.67,64878.0,323.26344
1785178800000000,64878.0,65078.0,64810.9,64984.0,291.82434
1785182400000000,64983.99,65056.0,64908.01,64960.65,197.69959
1785186000000000,64960.64,64960.65,64790.28,64821.25,238.07403
1785189600000000,64821.26,64821.26,63792.0,63792.0,1130.54656
1785193200000000,63792.01,63940.27,63605.56,63755.86,947.65195
1785196800000000,63755.86,63827.49,63469.3,63487.88,711.04544
1785200400000000,63487.88,63529.89,63059.39,63230.83,1245.20979
1785204000000000,63230.82,63305.94,63108.0,63185.59,429.21894
1785207600000000,63185.59,63375.39,63168.01,63343.83,728.50056
1785211200000000,63343.82,63361.85,63221.26,63350.95,343.17382
1785214800000000,63350.95,63623.5,63323.09,63451.61,390.51839
1785218400000000,63451.62,63660.72,63395.13,63640.63,460.72288
1785222000000000,63640.63,63668.71,63455.58,63505.99,985.9853
1785225600000000,63506.0,63546.36,63406.11,63428.08,281.48766
1785229200000000,63428.07,63581.33,63368.81,63393.99,315.43759
1785232800000000,63393.99,63555.18,63294.0,63473.47,416.0357
1785236400000000,63473.48,63593.0,63352.0,63450.0,405.45329
1785240000000000,63449.99,63570.0,63364.96,63546.65,440.98415
1785243600000000,63546.65,63588.0,62742.47,63104.0,1615.91422
1785247200000000,63104.0,63550.0,62965.38,63412.45,868.98588
1785250800000000,63412.45,64026.62,63269.28,63928.47,945.11572
1785254400000000,63928.46,64100.0,63773.65,64043.26,517.94749
1785258000000000,64043.27,64043.27,63504.0,63685.88,527.24876
1785261600000000,63685.88,63849.09,63672.26,63734.49,311.5129
1785265200000000,63734.49,63904.0,63675.93,63904.0,333.27009
1785268800000000,63904.0,64018.39,63880.0,63917.55,300.22119
1785272400000000,63917.55,64073.3,63892.0,63972.44,227.23863
1785276000000000,63972.44,64020.76,63768.47,63783.71,319.67019
1785279600000000,63783.72,63956.4,63562.0,63915.0,768.93138
1785283200000000,63915.0,64200.0,63873.54,63953.99,862.01004
1785286800000000,63954.0,63999.0,63690.0,63705.06,643.74129
1785290400000000,63705.07,64132.42,63658.0,63979.96,459.75103
1785294000000000,63979.96,64002.0,63710.0,63753.03,381.54189
1785297600000000,63753.04,63970.92,63598.0,63968.34,635.48596
1785301200000000,63968.34,64094.2,63890.07,64067.32,612.17163
1785304800000000,64067.32,64471.0,64026.64,64435.62,959.62083
1785308400000000,64435.63,64575.99,64402.67,64561.0,512.31101
1785312000000000,64561.01,64588.0,64283.83,64417.31,442.88681
1785315600000000,64417.31,64744.81,64386.94,64698.0,689.93306
1785319200000000,64698.01,64718.0,64410.24,64469.83,337.46395
1785322800000000,64469.84,64591.73,64422.5,64507.54,317.77588
1785326400000000,64507.53,64507.54,64215.93,64276.81,475.5158
1785330000000000,64276.82,64667.18,64139.68,64664.7,795.5697
1785333600000000,64664.69,64718.87,64047.71,64108.01,736.50705
1785337200000000,64108.01,64195.0,63886.0,63964.01,727.70384
1785340800000000,63964.01,64146.53,63624.15,63808.33,758.02868
1785344400000000,63808.33,64286.71,63709.19,64269.83,486.13508
1785348000000000,64269.83,64648.79,63758.0,64501.52,1896.70634
1785351600000000,64501.52,64600.0,63511.0,63589.46,1453.05091
1785355200000000,63589.46,63746.42,63378.09,63522.01,788.59239
1785358800000000,63522.01,63860.0,63267.34,63860.0,771.02443
1785362400000000,63860.0,64131.44,63859.99,63942.5,704.70887
1785366000000000,63942.5,64067.12,63899.0,63984.28,331.88265
1785369600000000,63984.29,64125.61,63603.92,63696.72,649.94769
1785373200000000,63696.73,64370.0,63690.0,64266.0,686.07285
1785376800000000,64266.01,64411.76,64159.63,64189.99,575.1734
1785380400000000,64190.0,64300.91,64133.99,64161.98,422.8264
1785384000000000,64161.98,64180.0,64008.5,64023.99,927.45873
1785387600000000,64024.0,64182.0,63907.85,64033.89,766.12333
1785391200000000,64033.9,64080.0,63957.2,64002.0,642.99866
1785394800000000,64001.99,64144.06,63943.29,64026.0,710.04842
1785398400000000,64026.0,64358.99,63980.54,64308.01,1143.21426
1785402000000000,64308.01,64641.37,64283.8,64567.56,2560.14823
1785405600000000,64567.55,64631.99,64562.0,64570.72,459.04462
1785409200000000,64570.72,64885.18,64542.73,64788.0,630.38864
1785412800000000,64788.01,65043.94,64788.0,64925.0,819.62205
1785416400000000,64925.0,65176.6,64689.02,65022.01,1173.19736
1785420000000000,65022.0,65042.0,64620.0,64683.97,1065.79722
1785423600000000,64683.97,64888.0,64607.31,64730.3,678.51535
1785427200000000,64730.29,64963.64,64729.56,64818.01,615.24584
1785430800000000,64818.01,64988.0,64772.0,64872.0,452.4677
1785434400000000,64871.99,64899.8,64688.0,64702.8,263.9882
1785438000000000,64702.8,64904.0,64702.79,64800.0,356.88836
1785441600000000,64800.0,64936.0,64752.12,64777.37,330.42092
1785445200000000,64777.38,64802.48,64700.34,64735.53,227.76045
1785448800000000,64735.53,65029.29,64668.91,64851.16,482.45748
1785452400000000,64851.16,65086.4,64740.0,64780.02,491.7787
1785456000000000,64780.03,64901.55,64690.29,64724.91,660.4309
1785459600000000,64724.92,65409.56,64480.44,64564.01,1217.00276
1785463200000000,64564.0,64614.0,64203.58,64297.79,855.65776
1785466800000000,64297.79,64439.81,64172.0,64370.0,548.04563
1785470400000000,64370.0,64438.0,64236.0,64300.0,391.13431
1785474000000000,64299.99,64421.68,64268.47,64363.06,529.40293
1785477600000000,64363.06,64496.64,64196.08,64231.97,503.77566
1785481200000000,64231.97,64245.57,63878.11,63950.01,3088.95651
1785484800000000,63950.01,63987.36,63784.67,63834.01,734.18718
1785488400000000,63834.01,63847.13,63638.18,63715.9,562.33026
1785492000000000,63715.91,63951.77,63610.0,63918.67,422.39058
1785495600000000,63918.68,64011.99,63792.01,63805.51,287.14604
1785499200000000,63805.5,63830.62,63627.66,63754.01,516.25828
1785502800000000,63754.01,63849.19,63241.71,63270.73,1511.53534
1785506400000000,63270.72,63310.0,62466.0,62682.06,3628.40429
1785510000000000,62682.05,62769.36,62490.24,62716.57,965.95557
1785513600000000,62716.57,62931.79,62709.01,62870.88,857.24803
1785517200000000,62870.87,63301.68,62800.0,63245.44,856.72938
1785520800000000,63245.44,63302.0,62966.0,63097.57,753.45664
1785524400000000,63097.57,63158.0,62936.29,62972.0,304.88916
1785528000000000,62972.0,63034.0,62928.35,62953.7,318.42027
1785531600000000,62953.7,63062.47,62846.0,62947.78,334.75985
1785535200000000,62947.77,63020.0,62870.01,62950.0,440.99494
1785538800000000,62950.01,63013.52,62860.64,62887.88,186.49459
1785542400000000,62887.88,63024.04,62887.87,62938.01,517.26897
1785546000000000,62938.01,62990.0,62923.47,62975.01,386.71985
1785549600000000,62975.0,63106.55,62975.0,63075.07,348.67082
1785553200000000,63075.08,63075.08,62970.65,63004.48,388.95582
1785556800000000,63004.47,63115.37,62993.2,63115.01,223.92941
1785560400000000,63115.0,63142.85,63000.85,63020.0,458.27671
1785564000000000,63020.0,63086.65,62992.82,63080.64,434.87477
1785567600000000,63080.65,63110.89,63034.0,63050.46,150.69173
1785571200000000,63050.45,63150.0,63050.45,63126.25,106.02817
1785574800000000,63126.25,63139.54,63046.33,63053.17,228.45152
1785578400000000,63053.17,63111.09,62986.31,63056.0,321.04349
1785582000000000,63055.99,63091.97,63037.72,63076.0,179.08594
1785585600000000,63076.0,63119.4,63076.0,63103.68,320.18632
1785589200000000,63103.68,63106.83,63051.0,63069.32,187.46878
1785592800000000,63069.31,63127.07,63069.31,63126.52,385.79335
1785596400000000,63126.53,63126.53,63007.05,63007.06,164.42533
1785600000000000,63007.06,63027.65,62874.0,62932.32,327.87182
1785603600000000,62932.32,62996.0,62666.0,62708.07,359.17517
1785607200000000,62708.06,62734.0,62275.0,62580.56,931.42897
1785610800000000,62580.55,62624.0,62461.17,62529.82,312.52626
1785614400000000,62529.81,62674.98,62482.99,62662.13,183.46966
1785618000000000,62662.14,62864.0,62662.13,62812.75,229.38386
1785621600000000,62812.76,62866.62,62794.17,62831.28,129.54917
1785625200000000,62831.29,62862.8,62769.97,62823.64,287.81315
1785628800000000,62823.65,62979.99,62806.58,62833.99,397.27424
1785632400000000,62834.0,63088.0,62834.0,62981.87,215.77694
1785636000000000,62981.87,63547.7,62958.54,63451.58,1068.41906
1785639600000000,63451.58,63550.0,63380.0,63461.95,388.55462
1785643200000000,63461.95,63612.0,63461.95,63590.0,302.37117
1785646800000000,63590.0,63634.0,63415.26,63453.27,261.31562
1785650400000000,63453.27,63498.15,63435.99,63482.49,160.39885
1785654000000000,63482.49,63544.51,63480.0,63506.24,412.11258
1785657600000000,63506.23,63530.0,63172.0,63193.99,542.79786
1785661200000000,63194.0,63320.0,63094.0,63273.94,277.11141
1785664800000000,63273.94,63273.94,63125.06,63205.03,200.2751
1785668400000000,63205.03,63206.0,62982.38,63031.99,373.06149
1785672000000000,63031.99,63231.67,63031.99,63125.49,247.99863
1785675600000000,63125.49,63146.89,63010.0,63126.92,262.12825
1785679200000000,63126.92,63186.0,63062.0,63069.37,314.22912
1785682800000000,63069.37,63186.0,63050.0,63109.14,191.05332
1785686400000000,63109.13,63273.49,63064.01,63180.36,267.96361
1785690000000000,63180.36,63342.0,63152.0,63300.28,318.39177
1785693600000000,63300.0,63610.01,63290.0,63382.01,518.81545
1785697200000000,63382.01,63479.85,63323.89,63456.01,247.35839
1785700800000000,63456.0,63501.48,63404.69,63494.52,140.51262
1785704400000000,63494.51,63785.0,63479.45,63578.0,457.27756
1785708000000000,63578.01,63796.33,63376.71,63424.58,484.1409
1785711600000000,63424.58,63596.0,63344.0,63570.0,337.67298
1785715200000000,63570.01,63596.0,63208.3,63317.6,357.32342
1785718800000000,63317.61,63350.0,63111.1,63212.16,372.31318
1785722400000000,63212.16,63286.0,63100.0,63141.4,334.18959
1785726000000000,63141.39,63168.44,62786.04,62870.49,516.46423
1785729600000000,62870.48,63001.77,62770.37,62790.0,320.41763
1785733200000000,62790.0,62875.02,62751.3,62827.17,546.69206
1785736800000000,62827.17,62872.58,62613.0,62623.6,396.31841
1785740400000000,62623.6,62700.0,62552.04,62621.1,1264.72827
1785744000000000,62621.1,62647.69,62300.0,62541.5,657.33122
1785747600000000,62541.5,62863.1,62520.0,62837.4,585.41075
1785751200000000,62837.4,62860.0,62615.11,62742.01,443.80935
1785754800000000,62742.01,62778.92,62540.95,62560.01,282.26451
1785758400000000,62560.01,62799.3,62445.26,62700.0,437.23263
1785762000000000,62700.01,63390.0,62562.42,63351.09,1121.39133
1785765600000000,63351.09,63992.71,63136.0,63967.19,2387.82383
1785769200000000,63967.19,63989.75,63646.59,63694.91,1368.53804
1785772800000000,63694.9,63939.99,63664.0,63776.46,800.0795
1785776400000000,63776.46,64059.75,63714.55,63906.0,628.1066
1785780000000000,63905.99,64000.0,63768.0,63870.87,368.04477
1785783600000000,63870.87,64080.0,63846.0,63869.38,545.18183
1785787200000000,63869.38,64023.61,63769.92,63775.43,498.9936
1785790800000000,63775.43,63791.98,63548.0,63590.15,427.95014
1785794400000000,63590.15,63680.0,63392.01,63618.0,422.48287
1785798000000000,63618.01,63621.35,63465.43,63520.0,460.20967
1785801600000000,63520.0,63585.09,63322.01,63361.99,536.23408
1785805200000000,63362.0,63927.99,63361.99,63847.93,808.63269
1785808800000000,63847.92,63972.0,63686.44,63822.44,596.20908
1785812400000000,63822.45,63860.0,63649.0,63800.01,343.13285
1785816000000000,63800.01,64243.81,63762.0,64029.0,795.09044
1785819600000000,64029.01,64056.0,63788.23,63818.48,306.74636
1785823200000000,63818.47,63859.71,63654.16,63670.0,321.82249
1785826800000000,63670.0,63763.63,63506.78,63685.74,779.79552
1785830400000000,63685.73,63748.22,63564.99,63588.94,412.14854
1785834000000000,63589.04,63610.0,63516.43,63603.73,356.68509
1785837600000000,63603.73,63842.0,63451.8,63764.0,613.8334
1785841200000000,63763.99,63950.0,63712.0,63926.0,457.77198
1785844800000000,63926.0,64062.46,63788.0,63906.41,546.54537
1785848400000000,63906.41,64097.74,63656.0,63683.94,1052.90355
1785852000000000,63683.95,64193.54,63615.38,64128.72,879.92592
1785855600000000,64128.73,64238.0,63814.29,64125.14,876.1178
1785859200000000,64125.14,64130.0,63897.22,63950.93,546.40306
1785862800000000,63950.94,64184.0,63892.0,63972.09,719.77508
1785866400000000,63972.09,64400.0,63965.73,64305.99,693.34672
1785870000000000,64305.99,64413.21,64193.57,64233.36,534.82384
1785873600000000,64233.35,64420.0,64001.68,64341.0,558.35238
1785877200000000,64341.0,64341.99,64175.52,64194.0,220.73608
1785880800000000,64193.99,64293.91,64140.0,64270.61,181.53234
1785884400000000,64270.62,64549.16,64081.26,64106.56,551.91443
1785888000000000,64106.55,64193.25,63978.44,63988.0,649.78599
1785891600000000,63988.0,64346.0,63950.0,64333.84,393.02738
1785895200000000,64333.85,64504.0,64322.59,64368.26,562.72054
1785898800000000,64368.27,64446.0,64046.0,64183.27,445.73851
1785902400000000,64183.27,64218.0,64088.01,64176.7,184.21473
1785906000000000,64176.69,64525.97,64163.36,64330.87,480.37923
1785909600000000,64330.86,64373.31,64229.34,64253.58,396.58374
1785913200000000,64253.59,64272.0,63995.89,64163.99,577.00898
1785916800000000,64164.0,64280.0,64098.0,64120.81,335.28683
1785920400000000,64120.81,64210.83,64102.95,64155.05,184.00109
1785924000000000,64155.06,64242.93,64020.0,64062.23,387.90421
1785927600000000,64062.23,64150.0,64044.5,64075.28,258.58817
1785931200000000,64075.28,64581.43,64050.0,64332.43,1037.97436
1785934800000000,64332.43,64412.0,63880.0,64407.99,1022.29322
1785938400000000,64407.99,64578.0,64300.0,64476.39,1047.50709
1785942000000000,64476.4,64744.0,64385.49,64388.01,986.83874
1785945600000000,64388.01,64760.99,64388.0,64661.99,538.9344
1785949200000000,64661.99,64804.0,64541.71,64770.0,480.07544
1785952800000000,64770.0,64844.99,64670.01,64799.1,509.17226
1785956400000000,64799.1,64936.18,64781.79,64840.28,466.98679
1785960000000000,64840.27,65025.22,64806.46,64822.89,498.389
1785963600000000,64822.88,64825.78,64657.69,64733.13,467.37291
1785967200000000,64733.13,64783.84,64629.81,64636.0,271.07045
1785970800000000,64636.0,64749.99,64579.15,64665.23,561.00122
1785974400000000,64665.24,64724.38,64572.0,64644.99,476.9934
1785978000000000,64644.92,64659.65,64498.0,64580.07,393.9399
1785981600000000,64580.08,64650.62,64439.34,64579.36,432.25507
1785985200000000,64579.36,64583.63,64493.2,64531.03,197.99261
1785988800000000,64531.03,64755.72,64496.27,64734.65,354.38235
1785992400000000,64734.65,64996.0,64730.26,64908.09,515.23827
1785996000000000,64908.1,64908.1,64745.69,64860.0,233.29381
1785999600000000,64860.0,64965.66,64776.0,64809.7,679.84082
1786003200000000,64809.7,64999.0,64760.0,64941.99,323.50568
1786006800000000,64942.0,64944.0,64630.0,64683.62,404.08385
1786010400000000,64683.62,64685.05,64581.21,64615.95,207.8831
1786014000000000,64615.95,64661.26,64503.54,64622.09,372.14171
1786017600000000,64622.08,64637.68,64381.96,64424.0,336.45805
1786021200000000,64424.01,64524.21,64172.0,64434.01,870.19548
1786024800000000,64434.01,64850.0,64362.0,64778.0,781.12724
1786028400000000,64778.01,64987.26,64624.29,64631.87,772.83402
1786032000000000,64631.88,64778.0,64592.37,64757.99,370.31723
1786035600000000,64758.0,64834.0,64548.81,64621.69,293.75208
1786039200000000,64621.68,64621.69,64378.67,64418.47,347.29306
1786042800000000,64418.48,64474.71,64365.0,64446.0,449.59357
1786046400000000,64446.01,64536.32,64439.7,64439.7,195.47529
1786050000000000,64439.71,64513.99,64404.74,64440.74,249.73283
1786053600000000,64440.74,64450.0,64330.4,64351.49,210.70667
1786057200000000,64351.48,64360.01,64200.0,64323.61,395.39675
1786060800000000,64323.61,64410.0,64230.59,64317.99,285.45231
1786064400000000,64318.0,64476.78,64300.0,64422.55,351.02167
1786068000000000,64422.54,64544.0,64252.09,64399.87,388.69448
1786071600000000,64399.88,64407.73,64260.0,64289.99,199.96303
1786075200000000,64289.99,64364.08,64166.0,64255.13,222.89749
1786078800000000,64255.14,64400.0,64177.62,64336.43,321.20596
1786082400000000,64336.42,64463.75,64283.91,64304.12,452.26837
1786086000000000,64304.12,64436.13,64264.0,64319.84,382.39149
1786089600000000,64319.84,64672.1,64304.22,64600.0,433.22408
1786093200000000,64600.0,64965.0,64599.99,64839.32,917.15159
1786096800000000,64839.32,64916.0,64802.0,64893.98,362.71626
1786100400000000,64893.99,65213.33,64893.64,65029.98,652.67441
1786104000000000,65029.98,65390.99,64986.26,65292.32,1412.7636
1786107600000000,65292.31,65338.0,64984.68,65009.24,1271.25225
1786111200000000,65009.23,65275.03,64788.0,64957.98,982.58571
1786114800000000,64957.98,65136.17,64894.83,64912.72,468.0279
1786118400000000,64912.71,65072.31,64814.0,64814.0,485.33624
1786122000000000,64814.01,64828.82,64525.0,64764.33,603.65716
1786125600000000,64764.33,64881.13,64676.0,64735.51,225.44204
1786129200000000,64735.52,65039.42,64735.52,64960.47,398.55222
1786132800000000,64960.46,65053.56,64948.0,64972.0,238.49651
1786136400000000,64972.0,65102.0,64928.0,64928.01,187.58406
1786140000000000,64928.02,64947.7,64846.0,64888.0,304.11479
1786143600000000,64888.0,64923.2,64869.99,64923.19,259.93041
1786147200000000,64923.2,64954.0,64784.19,64929.01,432.5947
1786150800000000,64929.01,64965.0,64908.97,64911.79,283.12303
1786154400000000,64911.8,64957.47,64894.49,64923.97,317.46111
1786158000000000,64923.98,65074.18,64918.28,65033.0,277.39242
1786161600000000,65033.0,65071.15,64971.18,65013.58,199.83614
1786165200000000,65013.58,65018.64,64976.0,64995.39,118.91329
1786168800000000,64995.39,65014.0,64959.81,65006.61,298.35674
1786172400000000,65006.61,65006.61,64951.34,64960.0,169.03379
1786176000000000,64959.99,65020.5,64948.56,64993.87,150.80437
1786179600000000,64993.88,65050.0,64992.98,64994.31,303.53576
1786183200000000,64994.31,65022.43,64994.31,65005.87,144.30853
1786186800000000,65005.88,65024.1,64957.0,64967.35,178.16146
1786190400000000,64967.36,65050.55,64924.0,65008.34,234.45077
1786194000000000,65008.33,65018.0,65000.0,65015.27,187.85749
1786197600000000,65015.27,65192.54,65015.27,65129.02,356.35929
1786201200000000,65129.01,65149.57,65061.31,65080.82,186.5848
1786204800000000,65080.83,65116.82,65039.0,65086.45,128.83529
1786208400000000,65086.46,65150.0,65075.46,65119.75,187.72596
1786212000000000,65119.75,65119.75,65025.54,65044.07,168.52013
1786215600000000,65044.08,65093.7,65017.39,65075.41,205.39734
1786219200000000,65075.4,65100.61,65060.0,65082.41,382.31735
1786222800000000,65082.42,65082.42,65000.53,65012.96,216.53129
1786226400000000,65012.95,65038.0,64948.17,64950.61,427.30382
1786230000000000,64950.62,64975.99,64936.01,64962.6,204.73811
1786233600000000,64962.6,64991.93,64958.17,64973.65,214.05253
1786237200000000,64973.65,65002.0,64838.33,64861.46,330.74593
1786240800000000,64861.46,64863.16,64777.92,64820.01,255.40052
1786244400000000,64820.01,64820.01,64730.08,64788.8,153.75776
1786248000000000,64788.8,64826.13,64785.0,64785.0,156.31772
1786251600000000,64785.01,64801.58,64777.0,64801.58,194.39306
1786255200000000,64801.57,64867.11,64801.57,64849.99,216.36529
1786258800000000,64850.0,64860.01,64826.14,64826.14,338.38864
1786262400000000,64826.15,64960.06,64792.1,64824.16,328.93534
1786266000000000,64824.17,64877.86,64809.68,64877.85,149.22124
1786269600000000,64877.86,64994.07,64877.85,64959.86,249.48898
1786273200000000,64959.87,65000.0,64950.0,64950.0,150.77221
1786276800000000,64950.01,64962.41,64914.73,64960.11,166.88575
1786280400000000,64960.12,65266.0,64960.11,65219.78,406.90586
1786284000000000,65219.78,65300.0,65150.95,65260.01,280.8075
1786287600000000,65260.01,65264.0,65214.0,65228.68,364.1864
1786291200000000,65228.68,65266.06,65182.36,65232.14,289.41282
1786294800000000,65232.15,65239.18,65198.68,65198.68,130.05099
1786298400000000,65198.68,65220.0,65192.0,65199.68,83.21999
1786302000000000,65199.69,65210.0,65179.72,65180.66,257.6312
1786305600000000,65180.66,65181.99,65046.25,65137.96,465.99754
1786309200000000,65137.96,65250.0,65115.05,65192.99,485.32235
1786312800000000,65192.99,65474.46,64971.41,65077.13,941.55321
1786316400000000,65077.13,65108.0,64842.59,64901.59,421.42323
1786320000000000,64901.59,65322.58,64826.78,64968.01,556.44925
1786323600000000,64968.21,65391.14,64900.0,65189.99,410.26148
1786327200000000,65190.0,65220.0,64903.54,65099.99,432.7132
1786330800000000,65099.99,65172.0,64904.99,64982.01,335.63049
1786334400000000,64982.0,65100.0,64924.0,65006.73,333.49313
1786338000000000,65006.74,65159.25,64979.88,65134.0,299.63603
1786341600000000,65134.0,65339.7,65130.01,65299.4,433.93661
1786345200000000,65299.4,65379.13,65196.53,65202.73,554.01187
1786348800000000,65202.72,65328.73,65192.0,65245.58,316.81156
1786352400000000,65245.59,65245.59,64958.87,64967.24,389.34609
1786356000000000,64967.25,65074.61,64967.24,65013.06,428.4961
1786359600000000,65013.07,65130.16,64977.93,65125.98,160.3373
1786363200000000,65125.99,65237.8,64850.0,64870.75,596.12387
1786366800000000,64870.74,64973.72,64518.01,64561.98,1297.24239
1786370400000000,64561.98,64888.32,64544.01,64625.77,650.29814
1786374000000000,64625.77,64711.43,64203.15,64299.99,1096.33991
1786377600000000,64299.99,64354.0,63830.57,63904.65,1498.06925
1786381200000000,63904.65,64027.12,63832.0,63953.04,1290.55418
1786384800000000,63953.04,64020.64,63806.27,63889.39,944.06538
1786388400000000,63889.39,64101.34,63888.01,64045.7,543.26284
1786392000000000,64045.7,64215.21,64023.06,64158.5,286.34235
1786395600000000,64158.49,64158.5,63987.0,63987.0,239.68387
1786399200000000,63987.0,64055.95,63944.0,64016.0,216.96727
1786402800000000,64015.99,64020.0,63920.69,63970.01,328.33621
1786406400000000,63970.01,64058.0,63895.64,64040.0,690.26826
1786410000000000,64040.01,64080.1,63958.2,64060.8,355.07512
1786413600000000,64060.8,64086.0,64030.0,64044.59,263.24469
1786417200000000,64044.6,64176.0,64044.59,64155.01,524.13513
1786420800000000,64155.0,64159.65,64021.02,64023.51,360.17249
1786424400000000,64023.51,64051.93,63964.0,64000.0,217.31247
1786428000000000,64000.0,64050.43,63852.0,63969.28,681.87714
1786431600000000,63969.29,64108.0,63911.09,64065.99,380.83043
1786435200000000,64066.0,64148.78,64044.72,64136.41,168.66039
1786438800000000,64136.41,64300.0,64121.51,64300.0,453.24003
1786442400000000,64300.0,64312.7,64200.0,64233.23,408.12036
1786446000000000,64233.23,64400.0,64233.23,64389.57,538.09782
1786449600000000,64389.58,64515.43,64274.57,64330.01,714.43565
1786453200000000,64330.0,64368.42,64050.0,64200.28,1390.7479
1786456800000000,64200.29,64263.83,63714.75,63770.03,985.02313
1786460400000000,63770.03,63868.0,63451.0,63609.87,1286.57237
1786464000000000,63609.86,63660.0,63459.54,63512.59,740.82749
1786467600000000,63512.59,63632.94,63461.88,63607.88,482.84238
1786471200000000,63607.87,63626.03,63251.59,63373.07,749.01907
1786474800000000,63373.07,63536.0,63238.0,63536.0,452.04779
1786478400000000,63536.0,63748.37,63536.0,63740.0,321.5572
1786482000000000,63740.0,63768.58,63622.0,63672.73,269.417
1786485600000000,63672.73,63768.0,63626.25,63668.49,253.27935
1786489200000000,63668.5,63668.5,63543.55,63600.0,204.82882
1786492800000000,63600.01,63745.53,63534.01,63742.07,247.42097
1786496400000000,63742.07,63855.5,63698.18,63813.8,499.92358
1786500000000000,63813.8,63908.01,63730.72,63749.76,612.29132
1786503600000000,63749.77,63845.91,63709.85,63835.59,538.85374
1786507200000000,63835.58,63891.42,63739.99,63769.58,568.35931
1786510800000000,63769.58,63869.56,63724.25,63849.94,540.4656
1786514400000000,63849.94,63849.94,63606.15,63711.97,563.28705
1786518000000000,63711.97,63838.0,63644.1,63837.99,458.43036
1786521600000000,63838.0,63867.2,63773.98,63794.94,303.11959
1786525200000000,63794.95,64130.47,63768.01,64108.81,553.52986
1786528800000000,64108.82,64218.0,64059.99,64143.36,996.13758
1786532400000000,64143.36,64249.5,64113.5,64240.04,414.30431
1786536000000000,64240.04,64500.0,63976.37,64119.71,1297.05947
1786539600000000,64119.72,64159.36,63840.0,63840.0,727.44098
1786543200000000,63840.0,63926.13,63362.74,63363.39,1163.88428
1786546800000000,63363.39,63570.01,63316.0,63441.47,771.05562
1786550400000000,63441.48,63578.0,63368.35,63492.12,487.79219
1786554000000000,63492.12,63556.0,63416.4,63471.0,292.36777
1786557600000000,63470.99,63522.56,63373.97,63386.59,396.92257
1786561200000000,63386.58,63465.13,63310.34,63421.11,381.53313
1786564800000000,63421.11,63600.0,63421.11,63599.99,307.26199
1786568400000000,63600.0,63661.24,63421.61,63469.83,267.57645
1786572000000000,63469.84,63536.0,63370.0,63432.28,240.00896
1786575600000000,63432.28,63482.89,63378.23,63479.99,998.04154
1786579200000000,63479.99,63717.31,63460.32,63556.92,406.77009
1786582800000000,63556.91,63631.67,63382.45,63456.11,317.88444
1786586400000000,63456.1,63582.0,63380.0,63550.01,458.1649
1786590000000000,63550.01,63686.4,63514.21,63646.99,401.71819
1786593600000000,63647.0,63778.0,63591.56,63693.74,223.42484
1786597200000000,63693.73,64010.0,63671.64,63878.0,500.10882
1786600800000000,63878.01,63942.36,63757.47,63942.35,256.03719
1786604400000000,63942.36,63947.09,63856.13,63865.84,533.09585
1786608000000000,63865.84,63915.0,63742.0,63766.8,439.81868
1786611600000000,63766.8,63786.49,63587.99,63782.64,337.82326
1786615200000000,63782.65,63818.16,63586.0,63651.19,317.79982
1786618800000000,63651.2,63660.76,63350.0,63484.3,355.63538
1786622400000000,63484.31,63710.0,63450.0,63697.76,384.47294
1786626000000000,63697.76,63850.0,63566.0,63724.0,561.86509
1786629600000000,63723.99,63999.0,63686.0,63859.45,669.38212
1786633200000000,63859.46,63940.08,63420.0,63420.01,505.15868
1786636800000000,63420.01,63568.97,62802.27,63160.13,1752.37181
1786640400000000,63160.13,63294.61,63074.44,63144.38,644.48394
1786644000000000,63144.37,63369.63,63105.44,63310.0,325.89181
1786647600000000,63310.0,63519.39,63310.0,63407.99,349.14796
1786651200000000,63408.0,63474.34,63368.0,63415.55,239.68311
1786654800000000,63415.56,63500.0,63390.0,63474.0,188.33344
1786658400000000,63474.0,63640.0,63473.99,63530.01,226.97651
1786662000000000,63530.01,63539.03,63400.0,63490.86,397.80966
1786665600000000,63490.86,63552.99,63410.0,63541.45,377.80366
1786669200000000,63541.45,63585.92,63458.0,63575.86,310.91391
1786672800000000,63575.86,63617.45,63465.38,63465.39,489.39475
1786676400000000,63465.39,63576.0,63301.58,63310.0,296.84163
1786680000000000,63310.0,63472.5,63276.0,63372.56,530.66039
1786683600000000,63372.56,63400.3,63286.67,63379.83,201.71573
1786687200000000,63379.83,63379.83,62942.0,62974.14,627.73261
1786690800000000,62974.14,63110.0,62920.0,62920.78,730.23378
1786694400000000,62920.78,62997.83,62700.0,62940.01,892.48443
1786698000000000,62940.01,62940.01,62744.0,62792.75,501.14919
1786701600000000,62792.75,62946.0,62739.98,62814.14,598.55074
1786705200000000,62814.14,62936.82,62814.0,62868.83,444.92265
1786708800000000,62868.83,62913.3,62726.26,62741.69,486.51649
1786712400000000,62741.68,62822.33,62605.0,62668.0,987.78817
1786716000000000,62668.0,62797.88,62535.24,62620.01,998.23888
1786719600000000,62620.01,63089.18,62612.0,62990.95,988.09918
1786723200000000,62990.94,63215.58,62966.86,63133.48,566.22185
1786726800000000,63133.49,63247.05,63000.0,63013.69,454.05828
1786730400000000,63013.7,63088.21,62894.85,62930.01,367.77038
1786734000000000,62930.01,62996.0,62830.0,62968.05,394.98545
1786737600000000,62968.06,63020.74,62896.85,62907.59,359.43765
1786741200000000,62907.59,62937.22,62873.25,62928.49,179.646
1786744800000000,62928.49,62957.28,62800.0,62886.88,226.57205
1786748400000000,62886.87,63066.13,62865.03,63043.56,329.09114
1786752000000000,63043.56,63059.5,62992.91,63019.88,208.64233
1786755600000000,63019.89,63051.78,62993.57,63045.13,485.23532
1786759200000000,63045.14,63134.82,63035.95,63134.41,243.54429
1786762800000000,63134.41,63187.98,63039.99,63051.25,184.46775
1786766400000000,63051.25,63151.65,63051.25,63122.0,172.30243
1786770000000000,63122.01,63155.76,63039.99,63089.0,213.28052
1786773600000000,63089.0,63134.84,63027.89,63114.68,373.75318
1786777200000000,63114.68,63134.83,63042.0,63075.43,688.73174
1786780800000000,63075.43,63085.8,62933.71,62935.72,177.99645
1786784400000000,62935.72,63045.83,62920.0,63030.38,183.99371
1786788000000000,63030.39,63051.74,63002.12,63046.1,79.58111
1786791600000000,63046.1,63054.69,62996.85,63022.01,175.71191
1786795200000000,63022.01,63055.36,62946.58,63050.13,109.73402
1786798800000000,63050.12,63080.88,63028.11,63060.35,132.2968
1786802400000000,63060.34,63060.35,62996.77,63040.0,244.03751
1786806000000000,63040.01,63120.09,63032.0,63100.55,214.37562
1786809600000000,63100.55,63124.99,63066.73,63096.63,202.83972
1786813200000000,63096.62,63100.69,63066.21,63070.5,96.56413
1786816800000000,63070.49,63115.58,63044.37,63057.58,294.79086
1786820400000000,63057.58,63127.4,63057.57,63126.08,516.06271
1786824000000000,63126.07,63126.08,63076.96,63103.29,55.31906
1786827600000000,63103.29,63168.95,63103.29,63159.04,170.99952
1786831200000000,63159.04,63175.0,63135.52,63135.52,95.56932
1786834800000000,63135.52,63139.96,63086.0,63086.01,85.33037
1786838400000000,63086.01,63086.01,63061.47,63085.82,94.57372
1786842000000000,63085.81,63085.82,63012.0,63084.78,180.55557
1786845600000000,63084.78,63151.59,63024.22,63121.91,245.34897
1786849200000000,63121.92,63130.01,63115.61,63130.0,105.94774
1786852800000000,63130.01,63158.8,63090.0,63090.01,130.32114
1786856400000000,63090.0,63094.0,63040.0,63069.43,235.12057
1786860000000000,63069.43,63083.79,63043.21,63069.31,280.31849
1786863600000000,63069.32,63069.32,63054.34,63061.02,146.93998
1786867200000000,63061.03,63079.76,63061.02,63072.42,108.9221
1786870800000000,63072.43,63072.43,62968.45,62992.69,290.93169
1786874400000000,62992.68,63013.62,62968.45,63008.57,133.29459
1786878000000000,63008.56,63013.66,62981.93,63013.66,213.61707
1786881600000000,63013.66,63025.42,62997.77,63021.98,78.74312
1786885200000000,63021.99,63070.05,63021.98,63060.01,146.76198
1786888800000000,63060.01,63102.86,63060.0,63102.85,159.23473
1786892400000000,63102.86,63146.4,63102.86,63146.39,173.3934
1786896000000000,63146.39,63390.0,63137.35,63260.01,394.04188
1786899600000000,63260.0,63276.61,63120.22,63159.3,190.81967
1786903200000000,63159.31,63173.71,63120.0,63140.06,89.92171
1786906800000000,63140.05,63230.0,63100.89,63108.81,186.2917
1786910400000000,63108.8,63140.0,63027.6,63067.79,122.98382
1786914000000000,63067.79,63085.15,62754.0,62929.61,328.59983
1786917600000000,62929.61,62954.0,62716.0,62913.7,453.8874
1786921200000000,62913.7,62993.77,62830.0,62900.0,246.66048
1786924800000000,62900.0,62956.0,62751.1,62917.54,577.24276
1786928400000000,62917.54,63246.91,62896.0,63116.12,495.52019
1786932000000000,63116.12,63500.0,63037.09,63403.34,459.80516
1786935600000000,63403.33,63520.0,63339.78,63429.21,637.65934
1786939200000000,63429.21,63580.0,63429.21,63532.44,714.19197
1786942800000000,63532.43,63594.76,63446.59,63520.18,770.70619
1786946400000000,63520.18,63717.17,63477.95,63667.99,312.69187
1786950000000000,63668.0,63668.0,63500.0,63514.45,696.41924
1786953600000000,63514.45,63545.08,63350.0,63380.84,520.36494
1786957200000000,63380.83,63428.0,63295.0,63323.96,311.26926
1786960800000000,63323.97,63694.26,63300.25,63692.21,683.00101
1786964400000000,63692.2,63781.69,63587.05,63631.1,428.28018
1786968000000000,63631.11,63680.0,63533.06,63554.69,405.66003
1786971600000000,63554.7,63799.64,63444.17,63672.36,585.29579
1786975200000000,63672.37,63904.76,63588.0,63902.63,583.47166
1786978800000000,63902.63,64227.27,63812.35,64200.0,1356.1435
1786982400000000,64200.0,64216.42,64058.0,64115.76,671.84426
1786986000000000,64115.76,64425.0,63979.3,64325.99,1418.9831
1786989600000000,64325.99,64610.01,64280.49,64428.87,1040.45275
1786993200000000,64428.88,64428.88,64288.35,64309.96,452.68874
1786996800000000,64309.95,64434.0,64266.0,64392.73,244.13801
1787000400000000,64392.72,64434.76,64296.0,64382.02,218.14648
1787004000000000,64382.02,64416.0,64283.49,64291.25,321.62233
1787007600000000,64291.26,64578.0,64288.24,64532.1,350.04837
1787011200000000,64532.11,64568.46,64367.27,64383.71,332.9031
1787014800000000,64383.72,64387.71,64156.0,64200.06,378.48537
1787018400000000,64200.06,64272.0,64048.0,64103.22,442.34864
1787022000000000,64103.22,64195.45,64047.73,64185.01,577.49413
1787025600000000,64185.0,64250.69,64090.0,64210.32,739.25374
1787029200000000,64210.33,64276.0,64140.0,64242.76,1323.90812
1787032800000000,64242.76,64446.0,64170.0,64318.03,694.7657
1787036400000000,64318.03,64350.0,64164.0,64198.97,394.05527
1787040000000000,64198.97,64336.0,64087.98,64296.02,402.40674
1787043600000000,64296.01,64296.01,64140.0,64171.95,269.49893
1787047200000000,64171.95,64216.0,64123.42,64202.8,219.75251
1787050800000000,64202.81,64402.35,64192.42,64351.19,310.52659
1787054400000000,64351.18,64355.64,64218.45,64230.02,236.94493
1787058000000000,64230.02,64284.0,64027.85,64219.99,1179.78725
1787061600000000,64219.99,65058.81,64219.99,64714.16,1757.31459
1787065200000000,64714.16,64888.0,64652.0,64855.06,513.17463
1787068800000000,64855.06,64891.81,64675.5,64840.0,419.07089
1787072400000000,64840.0,64840.01,64670.02,64670.02,400.18777
1787076000000000,64670.02,64822.0,64656.0,64772.0,219.3896
1787079600000000,64771.99,64796.0,64642.36,64643.26,185.09854
1787083200000000,64643.27,64654.87,64568.0,64582.39,191.92081
1787086800000000,64582.38,64653.97,64571.48,64604.58,187.67225
1787090400000000,64604.58,64648.0,64562.25,64634.0,200.09422
1787094000000000,64634.0,64780.0,64631.15,64725.42,213.8588
1787097600000000,64725.42,64736.27,64488.0,64488.0,247.80518
1787101200000000,64488.0,64551.47,64389.27,64400.48,314.2814
1787104800000000,64400.47,64414.65,64350.0,64351.9,547.93834
1787108400000000,64351.86,64414.0,64278.0,64330.71,258.70445
1787112000000000,64330.7,64391.8,64293.43,64316.22,402.06932
1787115600000000,64316.22,64409.93,64236.0,64236.01,258.31718
1787119200000000,64236.01,64344.0,64166.0,64339.8,531.39508
1787122800000000,64339.8,64395.78,64271.78,64296.0,630.66386
1787126400000000,64296.01,64510.95,64255.0,64413.95,381.23164
1787130000000000,64413.95,64470.66,64360.7,64427.06,228.1951
1787133600000000,64427.07,64456.71,64373.24,64456.71,262.84871
1787137200000000,64456.71,64539.05,64454.99,64515.63,286.02228
1787140800000000,64515.62,64988.0,64474.86,64882.15,785.09851
1787144400000000,64882.15,65217.86,64793.29,65012.12,1619.46727
1787148000000000,65012.12,65970.0,65012.11,65923.21,2365.56793
1787151600000000,65923.21,69500.0,65892.0,68554.0,9262.86965
1787155200000000,68554.0,68997.0,68416.36,68465.27,2013.58518
1787158800000000,68465.26,68546.22,67825.03,68197.29,1708.46485
1787162400000000,68197.3,68453.43,68042.0,68395.99,626.01288
1787166000000000,68396.0,68483.52,68103.71,68429.44,730.52396
1787169600000000,68429.44,69579.99,68390.0,69048.06,1419.23549
1787173200000000,69048.06,70000.0,68984.78,69709.46,2102.52662
1787176800000000,69709.47,69833.99,68980.0,69258.9,1240.65644
1787180400000000,69258.9,69453.88,69160.0,69334.79,830.81844
1787184000000000,69334.78,69793.21,69314.01,69420.0,1392.50902
1787187600000000,69420.0,69894.5,69283.25,69721.92,864.23959
1787191200000000,69721.92,69824.0,69268.0,69301.27,929.59108
1787194800000000,69301.27,69340.0,68902.22,69195.64,941.77624
1787198400000000,69195.64,69599.01,69166.0,69492.01,712.36152
1787202000000000,69492.0,69668.0,69349.16,69406.54,1261.47615
1787205600000000,69406.53,69927.97,69336.97,69851.99,1346.47743
1787209200000000,69851.99,70022.0,69506.91,69816.45,2107.14536
1787212800000000,69816.45,71826.26,69772.36,71592.1,4173.84476
1787216400000000,71592.11,72067.46,71500.0,71789.97,3166.23325
1787220000000000,71789.97,72490.0,71686.58,71995.99,2350.9646
1787223600000000,71995.99,72322.0,71820.0,71927.07,1357.58479
1787227200000000,71927.07,72015.42,71501.0,71952.04,1576.86402
1787230800000000,71952.04,72108.8,71132.0,71691.99,2151.9086
1787234400000000,71692.0,71990.09,71364.01,71826.85,1441.04171
1787238000000000,71826.85,72830.0,71789.01,72470.83,2926.7352
1787241600000000,72470.84,72905.0,72205.88,72837.15,1324.40386
1787245200000000,72837.15,72966.0,72534.71,72737.5,1268.41951
1787248800000000,72737.51,72810.0,72394.0,72431.36,968.00662
1787252400000000,72431.35,72774.0,72330.0,72690.76,818.65084
1787256000000000,72690.76,73110.7,72594.0,72671.75,871.61952
1787259600000000,72671.76,72848.0,72557.0,72741.81,501.87504
1787263200000000,72741.81,72878.0,72498.0,72676.22,520.26326
1787266800000000,72676.23,73400.0,72664.56,73025.15,930.8009
1787270400000000,73027.02,73990.0,73027.02,73708.02,1919.94005
1787274000000000,73707.82,75785.82,73668.0,75129.23,3173.32947
1787277600000000,75129.23,75197.08,74384.63,74439.74,1716.15486
1787281200000000,74439.75,74882.24,74247.46,74510.77,1039.80072
1787284800000000,74510.77,75054.46,74510.77,75026.0,825.51685
1787288400000000,75026.0,75500.0,74918.79,75472.73,1138.68225
1787292000000000,75472.73,75753.0,75104.0,75646.21,1382.10073
1787295600000000,75646.2,76916.95,75620.0,76308.65,3775.56433
1787299200000000,76308.66,79500.0,76235.76,79258.03,4366.47306
1787302800000000,79258.02,79363.79,77251.0,77910.71,4167.07817
1787306400000000,77910.71,78250.0,77621.8,77810.02,1604.18384
1787310000000000,77810.01,77855.78,76411.38,76722.32,2387.74046
1787313600000000,76722.31,77477.24,76538.0,77223.66,2680.17653
1787317200000000,77223.66,77700.0,76243.04,77266.87,2022.51306
1787320800000000,77266.88,77448.26,76552.74,77384.68,1855.76373
1787324400000000,77384.69,77871.33,77170.0,77221.98,1316.36575
1787328000000000,77221.98,77563.53,76784.81,77486.01,1368.21973
1787331600000000,77486.01,77722.12,77189.95,77392.68,1099.33856
1787335200000000,77392.69,77550.0,76643.72,77146.0,1247.39698
1787338800000000,77145.99,77360.0,76856.2,77028.94,1151.33799
1787342400000000,77028.94,77548.99,76863.56,77520.19,905.49008
1787346000000000,77520.19,78675.1,77388.0,78505.15,1351.97974
1787349600000000,78505.14,78760.68,78081.8,78460.14,1022.8221
1787353200000000,78460.13,78720.0,78100.26,78338.03,821.59664
1787356800000000,78338.03,78500.0,77683.37,77953.3,822.10615
1787360400000000,77953.3,78234.0,77816.66,77830.01,612.96043
1787364000000000,77830.01,78563.83,77791.19,78470.0,965.16893
1787367600000000,78470.0,78828.15,78372.0,78410.98,734.8031
1787371200000000,78410.98,78818.0,78207.61,78470.0,738.35305
1787374800000000,78470.0,78584.0,76500.0,77380.75,3816.352
1787378400000000,77380.75,77572.16,76985.14,77486.09,838.31259
1787382000000000,77486.09,77669.28,77220.0,77289.18,634.34953
1787385600000000,77289.18,77445.6,77037.42,77210.55,870.47609
1787389200000000,77210.55,77395.04,76851.25,77061.99,1089.30988
1787392800000000,77062.0,77187.46,76533.87,76976.0,1058.83574
1787396400000000,76976.01,77204.68,76772.05,77130.02,729.38003
1787400000000000,77130.01,77387.99,77073.86,77300.27,529.84412
1787403600000000,77300.27,77362.03,77116.0,77288.62,471.5874
1787407200000000,77288.62,77305.14,76930.0,77003.62,534.05012
1787410800000000,77003.62,77100.77,76880.0,76978.83,465.28762
1787414400000000,76978.83,77547.96,76956.36,77288.01,537.52059
1787418000000000,77288.01,77369.99,77066.66,77278.01,367.89271
1787421600000000,77278.01,77360.92,77138.0,77257.86,246.33381
1787425200000000,77257.87,77469.64,77206.53,77418.25,260.41653
1787428800000000,77418.26,77467.53,77258.0,77311.69,351.69043
1787432400000000,77311.69,77311.69,76828.78,76856.01,472.54194
1787436000000000,76856.0,77155.46,76772.0,76997.76,933.98314
1787439600000000,76997.77,77126.53,76900.0,77074.93,442.95254
1787443200000000,77074.94,77359.53,77042.91,77302.65,422.64795
1787446800000000,77302.65,77400.0,77158.0,77190.29,315.9346
1787450400000000,77190.29,77232.55,77005.88,77079.46,272.44621
1787454000000000,77079.46,77136.78,76837.0,76927.87,542.03792
1787457600000000,76927.87,77036.58,76477.04,76602.0,1142.31377
1787461200000000,76602.0,76730.99,75545.67,76053.37,2021.52468
1787464800000000,76053.38,76357.51,75872.89,76096.95,788.44492
1787468400000000,76096.96,76345.31,75907.82,76007.13,498.42122
1787472000000000,76007.12,76654.78,75952.09,76486.49,773.49224
1787475600000000,76486.49,76640.21,76467.0,76549.98,346.37256
1787479200000000,76549.99,76924.29,76542.0,76790.35,533.71157
1787482800000000,76790.35,77400.0,76744.94,77311.02,784.82342
1787486400000000,77311.02,77311.99,76975.63,77206.0,446.59889
1787490000000000,77206.01,77765.8,77192.21,77487.62,955.92825
1787493600000000,77487.62,77640.58,76802.0,77186.0,1015.68445
1787497200000000,77186.0,77336.93,76913.49,77156.13,562.15936
1787500800000000,77156.14,77475.0,77156.13,77429.88,303.2396
1787504400000000,77429.87,77443.95,77148.2,77176.41,396.15987
1787508000000000,77176.41,77415.33,77116.0,77341.98,670.17194
1787511600000000,77341.99,77487.04,77255.99,77346.01,294.93858
1787515200000000,77346.0,77460.0,77200.03,77401.6,169.97755
1787518800000000,77401.59,78052.85,77401.59,77833.23,861.63202
1787522400000000,77833.23,77979.0,77560.02,77598.88,587.36494
1787526000000000,77598.87,77829.7,77290.22,77734.0,661.20534
1787529600000000,77734.0,77742.0,77142.85,77679.5,630.62998
1787533200000000,77679.51,77717.28,76918.0,76922.1,853.47221
1787536800000000,76922.11,77545.08,76883.61,77478.69,732.4439
1787540400000000,77478.7,77532.37,76933.0,76933.02,1447.49069
1787544000000000,76933.02,77247.12,76670.01,76897.44,1191.36747
1787547600000000,76897.44,77226.93,76842.72,77149.4,884.51745
1787551200000000,77149.39,77525.09,77071.0,77464.33,745.9839
1787554800000000,77464.33,77790.19,77281.68,77307.15,681.33125
1787558400000000,77307.14,77414.88,76838.0,77041.47,921.46444
1787562000000000,77041.46,77602.8,77028.0,77554.08,523.00977
1787565600000000,77554.08,78017.0,77534.09,77617.22,1113.08488
1787569200000000,77617.23,78600.0,77450.0,78443.65,1324.46087
1787572800000000,78443.65,79326.48,77982.0,79159.99,1858.84351
1787576400000000,79159.98,79450.0,77851.9,78597.99,3300.58408
1787580000000000,78597.99,79841.12,78597.99,79510.92,3230.14333
1787583600000000,79510.93,80000.0,78824.78,79100.01,3666.17565
1787587200000000,79100.01,79877.87,78901.1,79047.6,1877.28842
1787590800000000,79047.61,79198.0,78468.61,78761.14,1637.93002
1787594400000000,78761.14,79084.22,78718.01,78928.35,783.83103
1787598000000000,78928.35,79118.42,78600.0,78758.0,1063.06502
1787601600000000,78757.99,78996.0,78560.0,78932.33,421.20967
1787605200000000,78932.33,79049.4,78853.43,78984.23,302.47665
1787608800000000,78984.23,78988.0,78692.0,78740.0,351.77026
1787612400000000,78740.0,79017.76,78622.13,78992.75,636.71946
1787616000000000,78992.76,79888.0,78715.63,79739.99,1133.49463
1787619600000000,79739.99,79985.41,79478.0,79828.0,1067.23419
1787623200000000,79828.0,81272.62,79742.0,80649.63,3314.90532
1787626800000000,80649.62,80956.0,80314.31,80488.01,1359.49076
1787630400000000,80488.01,80608.0,80150.0,80363.73,898.81211
1787634000000000,80363.74,80821.53,80322.0,80731.9,994.03992
1787637600000000,80731.9,80923.69,80420.0,80574.09,745.39881
1787641200000000,80574.09,80819.67,79369.17,79705.79,1307.68383
1787644800000000,79705.79,80249.0,79622.0,79930.77,788.31559
1787648400000000,79930.76,79958.0,78888.0,79187.2,1475.2851
1787652000000000,79187.2,79484.01,78992.0,79309.63,836.94668
1787655600000000,79309.63,79463.59,79044.18,79117.99,617.29432
1787659200000000,79118.0,79171.88,78640.0,78980.0,1007.3407
1787662800000000,78980.01,79222.0,78120.74,78647.99,1734.1222
1787666400000000,78648.0,79386.94,78531.55,79235.99,1216.06528
1787670000000000,79236.0,79527.09,79020.04,79502.01,794.08262
1787673600000000,79502.01,79563.71,79067.72,79156.02,676.1787
1787677200000000,79156.02,79256.08,78752.06,79240.01,747.28203
1787680800000000,79240.02,79380.0,79048.44,79128.0,469.50082
1787684400000000,79128.01,79233.57,78728.35,78925.95,702.86873
1787688000000000,78925.96,78976.0,78165.27,78206.13,777.55096
1787691600000000,78206.14,78664.0,77851.0,78570.0,840.88883
1787695200000000,78569.99,79000.0,78569.99,78889.51,577.33833
1787698800000000,78889.51,78977.49,78396.88,78539.14,690.39348
1787702400000000,78539.13,78721.48,78312.0,78631.79,680.65038
1787706000000000,78631.7,78960.0,78607.29,78815.13,572.39774
1787709600000000,78815.13,79251.6,78748.56,79108.0,505.52805
1787713200000000,79108.01,79184.0,78900.0,79088.62,453.50631
1787716800000000,79088.61,79200.0,78790.68,78826.0,482.93427
1787720400000000,78826.0,79143.62,78638.0,79085.98,515.23689
1787724000000000,79085.98,79206.0,78816.0,78947.92,459.3577
1787727600000000,78947.92,79096.0,78867.0,78925.56,516.24118
1787731200000000,78925.57,79119.37,78600.0,78707.59,995.42693
1787734800000000,78707.59,78877.02,78244.83,78444.49,553.36821
1787738400000000,78444.5,78879.75,78291.09,78727.45,367.28381
1787742000000000,78727.46,78782.0,78317.0,78487.26,413.44093
1787745600000000,78487.26,78713.79,77918.25,78319.59,1022.94925
1787749200000000,78319.58,78554.0,77913.19,78448.66,943.22287
1787752800000000,78448.66,78603.41,77774.0,77790.48,1051.14695
1787756400000000,77790.48,78167.26,77632.58,78011.65,712.24119
1787760000000000,78011.64,78161.73,77858.0,77991.3,600.54786
1787763600000000,77991.29,78603.0,77991.29,78442.83,585.12324
1787767200000000,78442.84,78650.26,78280.01,78472.41,337.24489
1787770800000000,78472.41,78572.0,78292.0,78475.49,466.85134
1787774400000000,78475.49,78521.7,78200.0,78452.04,322.22426
1787778000000000,78452.04,78845.06,78392.19,78724.01,428.48439
1787781600000000,78724.0,78975.85,78554.0,78700.0,931.26213
1787785200000000,78700.0,79174.12,78654.0,79023.75,697.0881
1787788800000000,79023.75,79028.49,78690.01,78690.01,527.82725
1787792400000000,78690.02,79017.99,78546.13,78898.67,520.71745
1787796000000000,78898.68,78978.0,78704.62,78717.76,429.02181
1787799600000000,78717.76,78990.0,78643.23,78830.68,357.29079
1787803200000000,78830.68,78900.0,78684.18,78783.99,181.61392
1787806800000000,78783.99,78928.0,78600.0,78912.55,297.32854
1787810400000000,78912.54,78912.55,78604.78,78817.49,399.15003
1787814000000000,78817.5,79095.99,78754.0,79082.17,345.94116
1787817600000000,79082.18,80022.0,79048.0,79755.99,1705.62217
1787821200000000,79756.0,80520.0,79683.09,79986.0,1131.87984
1787824800000000,79986.0,80158.15,79342.0,79626.0,684.67175
1787828400000000,79625.99,79766.3,79172.65,79477.67,621.11446
1787832000000000,79477.66,79596.0,79266.0,79282.31,505.96518
1787835600000000,79282.31,79568.0,78920.0,79533.15,1143.32188
1787839200000000,79533.16,80388.0,79354.47,80204.05,1464.1918
1787842800000000,80204.06,80799.91,80094.0,80302.32,1415.34964
1787846400000000,80302.32,80624.0,80189.39,80374.0,957.98058
1787850000000000,80374.0,80848.74,80230.0,80442.46,973.76075
1787853600000000,80442.47,80442.47,79749.7,80150.69,662.82544
1787857200000000,80150.69,80294.11,79886.0,79910.19,514.60852
1787860800000000,79910.19,80120.0,79882.86,80096.0,282.87253
1787864400000000,80096.0,80184.0,79975.74,80184.0,278.41542
1787868000000000,80184.0,80432.36,80150.0,80303.21,534.24073
1787871600000000,80303.21,80393.6,80134.0,80249.58,329.82531
1787875200000000,80249.59,80705.37,80153.99,80576.0,516.59696
1787878800000000,80575.99,81478.87,80434.15,80500.38,1463.05089
1787882400000000,80500.38,80500.38,79723.02,79926.11,1190.20509
1787886000000000,79926.11,80060.01,79775.61,79810.49,530.69453
1787889600000000,79810.48,79970.5,79603.81,79643.81,562.86792
1787893200000000,79643.8,79872.6,79558.11,79686.0,326.58104
1787896800000000,79686.0,79999.0,79685.99,79904.21,359.1323
1787900400000000,79904.21,79904.21,79573.36,79660.0,1018.10642
1787904000000000,79660.0,79840.0,79480.0,79516.78,526.20796
1787907600000000,79516.77,79516.78,79259.43,79285.19,541.74443
1787911200000000,79285.19,79571.99,79001.01,79565.89,548.77151
1787914800000000,79565.9,79770.29,79555.22,79604.13,394.07937
1787918400000000,79604.12,79727.36,79306.11,79421.05,400.05317
1787922000000000,79421.04,79635.01,79034.56,79330.75,843.2247
1787925600000000,79330.34,79706.64,78423.03,79542.44,2930.13002
1787929200000000,79542.44,79838.73,78312.64,78331.13,1255.01594
1787932800000000,78331.13,78404.0,76888.0,77788.46,2955.61638
1787936400000000,77788.45,78131.86,77642.78,77904.0,722.76014
1787940000000000,77904.0,77935.5,77270.0,77554.0,575.36359
1787943600000000,77554.0,77797.35,77376.0,77580.03,501.052
1787947200000000,77580.03,77609.83,77310.24,77407.34,264.10726
1787950800000000,77407.34,77537.33,77255.69,77364.0,392.38715
1787954400000000,77364.0,77773.2,77342.0,77758.69,339.14252
1787958000000000,77758.69,77846.72,77640.74,77845.87,599.54517
1787961600000000,77845.88,77963.92,77722.0,77733.63,321.80979
1787965200000000,77733.63,77849.29,77631.28,77794.11,235.06968
1787968800000000,77794.11,77829.72,77584.53,77671.18,367.62079
1787972400000000,77671.18,77731.43,77507.16,77507.17,238.89187
1787976000000000,77507.17,77678.67,77507.17,77648.91,229.90598
1787979600000000,77648.91,77716.12,77604.06,77632.53,195.32253
1787983200000000,77632.52,77632.53,77382.37,77466.82,305.02922
1787986800000000,77466.83,77672.0,77438.01,77626.01,933.89852
1787990400000000,77626.01,77634.0,77487.73,77633.99,281.67849
1787994000000000,77634.0,77754.23,77566.01,77650.03,212.52791
1787997600000000,77650.02,77732.0,77526.0,77635.17,228.16206
1788001200000000,77635.17,77724.99,77573.32,77584.67,269.60514
1788004800000000,77584.66,77657.99,77506.63,77583.74,316.37633
1788008400000000,77583.74,77722.0,77559.45,77704.32,195.58499
1788012000000000,77704.32,78150.0,77663.83,78014.37,456.42164
1788015600000000,78014.37,78014.37,77806.9,77865.36,314.87544
1788019200000000,77865.36,78130.43,77858.29,78027.17,330.48346
1788022800000000,78027.17,78100.0,77896.0,78100.0,210.10626
1788026400000000,78099.99,78250.0,78018.02,78158.01,252.93546
1788030000000000,78158.01,78330.0,78138.87,78182.0,231.34566
1788033600000000,78181.99,78298.0,78117.95,78129.92,132.29288
1788037200000000,78129.92,78198.0,78062.0,78161.63,132.03751
1788040800000000,78161.62,78239.4,78086.0,78228.34,298.22816
1788044400000000,78228.33,78283.7,78190.0,78230.0,326.0928
1788048000000000,78230.0,78330.0,78147.17,78179.86,185.20224
1788051600000000,78179.86,78190.0,77994.02,78081.5,257.05271
1788055200000000,78081.49,78178.02,78014.74,78106.01,119.64466
1788058800000000,78106.0,78233.7,78065.99,78144.68,254.40453
1788062400000000,78144.68,78220.0,77990.0,78109.75,215.53426
1788066000000000,78109.74,78214.0,78109.74,78127.71,161.29313
1788069600000000,78127.72,78310.71,78106.07,78280.34,208.68022
1788073200000000,78280.34,78291.27,78118.0,78118.0,137.5055
1788076800000000,78118.0,78207.22,78034.0,78074.01,143.67594
1788080400000000,78074.01,78118.87,77986.0,78000.01,165.26795
1788084000000000,78000.01,78145.29,77962.49,78145.29,168.30514
1788087600000000,78145.29,78242.0,78117.11,78166.0,172.04094
1788091200000000,78165.99,78850.81,78165.99,78785.06,814.10982
1788094800000000,78785.06,78966.76,78590.14,78860.0,488.8202
1788098400000000,78860.01,78945.94,78722.0,78783.71,439.32977
1788102000000000,78783.7,78912.94,78626.0,78823.63,553.82108
1788105600000000,78823.62,79400.0,78750.0,79337.93,667.56388
1788109200000000,79337.93,79337.93,78774.85,79021.02,460.72685
1788112800000000,79021.02,79181.99,78776.0,79036.69,293.7787
1788116400000000,79036.68,79041.96,78721.98,78856.39,232.19118
1788120000000000,78856.39,78931.49,78438.23,78597.33,294.2134
1788123600000000,78597.32,78733.77,78229.82,78653.0,461.41088
1788127200000000,78653.0,78804.0,78280.0,78422.01,390.42367
1788130800000000,78422.01,78454.0,77000.0,77682.0,1800.4274
1788134400000000,77682.0,78185.89,77436.4,77937.04,711.43379
1788138000000000,77937.03,77993.03,77565.08,77640.94,567.26058
1788141600000000,77640.93,78000.0,77392.0,77473.99,573.39934
1788145200000000,77474.0,77872.0,77394.0,77756.71,278.92536
1788148800000000,77756.7,77769.11,77458.83,77622.28,550.02773
1788152400000000,77622.29,78156.78,77514.0,78016.0,511.92091
1788156000000000,78016.01,78156.77,77864.16,78093.87,968.0221
1788159600000000,78093.88,78322.56,78034.01,78196.01,716.03378
1788163200000000,78196.01,78521.89,77982.0,78480.8,782.74546
1788166800000000,78480.79,78802.0,78396.35,78511.03,624.76686
1788170400000000,78511.03,78732.0,78316.91,78710.01,576.71834
1788174000000000,78710.02,78710.02,78302.0,78315.43,482.35572
1788177600000000,78315.43,78543.86,77675.04,77930.39,816.61258
1788181200000000,77930.4,78282.0,77716.75,77867.39,1083.2716
1788184800000000,77867.39,78686.94,77746.6,78600.14,1368.66274
1788188400000000,78601.93,78777.9,78212.3,78580.42,1119.65651
1788192000000000,78580.43,78884.48,78524.0,78639.57,576.26452
1788195600000000,78639.57,79019.86,78494.0,78897.36,604.69852
1788199200000000,78897.35,79212.0,78779.24,79016.0,473.51591
1788202800000000,79016.01,79250.0,78851.93,78898.06,423.46335
1788206400000000,78898.06,79172.0,78784.32,78864.72,366.68341
1788210000000000,78864.73,79071.12,78732.22,78964.32,404.71113
1788213600000000,78964.33,79015.83,78579.3,78593.15,346.21313
1788217200000000,78593.15,78593.61,78405.01,78581.29,376.54265
