timestamp,open,high,low,close,volume
1772323200000000,1964.51,1969.28,1954.64,1962.66,8007.1719
1772326800000000,1962.67,2023.4,1943.58,2012.36,40313.9255
1772330400000000,2012.37,2054.8,2008.61,2033.05,62449.7848
1772334000000000,2033.04,2039.25,2017.0,2023.29,18009.6845
1772337600000000,2023.29,2030.3,1998.68,2015.7,21842.9912
1772341200000000,2015.71,2022.9,2009.7,2011.24,8628.2986
1772344800000000,2011.24,2012.67,1989.0,1998.41,24589.1007
1772348400000000,1998.41,2009.63,1993.0,2007.24,14865.8116
1772352000000000,2007.23,2010.18,1981.03,1986.0,15134.2925
1772355600000000,1986.01,1996.12,1974.83,1980.69,16432.5029
1772359200000000,1980.69,1993.03,1972.24,1984.81,13791.3785
1772362800000000,1984.81,1989.48,1981.96,1983.32,5850.3998
1772366400000000,1983.32,1988.0,1976.39,1978.2,6988.714
1772370000000000,1978.21,2024.4,1968.6,2006.58,30654.946
1772373600000000,2006.58,2028.0,1993.37,2000.1,26685.2477
1772377200000000,2000.11,2016.23,1992.35,1993.38,16085.6658
1772380800000000,1993.38,2009.38,1960.23,1974.03,32651.4422
1772384400000000,1974.02,1975.92,1953.3,1961.17,18424.6109
1772388000000000,1961.17,1997.53,1961.03,1975.82,27496.181
1772391600000000,1975.82,1976.37,1946.55,1953.9,21414.9113
1772395200000000,1953.89,1955.01,1907.41,1914.26,34457.2373
1772398800000000,1914.27,1932.34,1912.61,1928.98,15745.294
1772402400000000,1928.98,1971.01,1914.69,1924.86,30768.4361
1772406000000000,1924.86,1948.15,1918.7,1939.71,17908.8176
1772409600000000,1939.71,1967.49,1937.42,1960.86,15733.7356
1772413200000000,1960.87,1989.23,1959.64,1963.71,20874.0317
1772416800000000,1963.71,1966.16,1939.79,1955.63,17187.5317
1772420400000000,1955.63,1979.82,1948.35,1972.3,15261.3339
1772424000000000,1972.3,1980.32,1968.31,1972.94,9531.0325
1772427600000000,1972.94,1983.6,1961.61,1970.84,11376.1341
1772431200000000,1970.9,1971.2,1937.55,1943.31,19103.7064
1772434800000000,1943.31,1944.99,1925.53,1941.66,18656.5057
1772438400000000,1941.65,1951.14,1920.0,1949.34,20244.5196
1772442000000000,1949.33,1967.13,1946.85,1947.79,21443.5499
1772445600000000,1947.78,1956.18,1944.0,1952.25,7114.2423
1772449200000000,1952.24,1954.81,1935.54,1947.81,13102.9698
1772452800000000,1947.8,1948.98,1930.4,1938.12,8789.8769
1772456400000000,1938.11,1944.5,1922.55,1927.71,15816.2783
1772460000000000,1927.71,1985.48,1921.7,1979.75,58183.5923
1772463600000000,1979.75,2065.48,1974.36,2047.33,99017.374
1772467200000000,2047.33,2090.0,2043.36,2064.33,60174.2489
1772470800000000,2064.33,2066.0,2025.58,2041.01,27258.717
1772474400000000,2041.01,2041.12,2024.24,2029.4,16184.3755
1772478000000000,2029.4,2049.39,2017.15,2043.57,18799.5712
1772481600000000,2043.56,2057.7,2024.98,2035.5,20820.4038
1772485200000000,2035.5,2047.87,2029.35,2043.01,13737.182
1772488800000000,2043.01,2058.59,2041.41,2053.82,11782.1316
1772492400000000,2053.82,2055.75,2024.32,2027.35,37213.3302
1772496000000000,2027.34,2038.94,2018.76,2035.46,28632.0074
1772499600000000,2035.46,2041.48,2019.53,2020.01,12962.5833
1772503200000000,2020.01,2022.89,1998.0,2013.67,21831.7657
1772506800000000,2013.68,2015.88,2005.33,2008.88,8961.6112
1772510400000000,2008.88,2013.66,1998.49,1999.82,10046.0129
1772514000000000,1999.81,2019.4,1987.5,1993.36,23376.1215
1772517600000000,1993.35,2001.86,1987.82,1999.27,9807.2108
1772521200000000,1999.28,2003.49,1993.43,1996.33,11518.4682
1772524800000000,1996.32,2000.53,1947.93,1953.1,36423.8703
1772528400000000,1953.1,1968.89,1939.1,1951.58,29942.9589
1772532000000000,1951.57,1964.08,1945.24,1958.05,14868.4866
1772535600000000,1958.05,1966.97,1952.11,1961.28,13420.8223
1772539200000000,1961.28,1990.07,1960.85,1967.57,23995.6503
1772542800000000,1967.58,1968.77,1943.73,1952.14,20300.8927
1772546400000000,1952.13,1977.31,1929.56,1942.78,56182.4604
1772550000000000,1942.78,1972.71,1932.04,1969.22,38417.9879
1772553600000000,1969.21,2014.12,1958.76,1983.98,54907.2008
1772557200000000,1983.98,1985.6,1959.38,1980.6,20094.3938
1772560800000000,1980.59,2000.32,1969.7,1988.2,17019.0589
1772564400000000,1988.21,1994.37,1976.97,1986.02,20447.2398
1772568000000000,1986.03,1989.8,1969.83,1978.34,9339.9793
1772571600000000,1978.34,1978.4,1959.35,1968.46,8093.7901
1772575200000000,1968.46,1988.2,1968.25,1983.31,7331.0526
1772578800000000,1983.3,2001.63,1981.25,1982.8,11408.2277
1772582400000000,1982.81,1986.79,1961.88,1976.68,13652.3461
1772586000000000,1976.69,1998.66,1970.18,1981.73,15208.224
1772589600000000,1981.72,1982.79,1969.1,1979.24,9101.0568
1772593200000000,1979.23,1980.18,1945.08,1960.9,24378.1016
1772596800000000,1960.89,1964.65,1950.65,1960.25,10698.7788
1772600400000000,1960.26,1977.84,1955.79,1971.14,10275.531
1772604000000000,1971.14,1986.49,1963.33,1980.33,12984.2822
1772607600000000,1980.34,2010.0,1974.64,2006.55,18528.9939
1772611200000000,2006.55,2066.66,2000.47,2063.71,60466.9033
1772614800000000,2063.71,2089.55,2055.18,2075.23,59530.1723
1772618400000000,2075.24,2092.9,2067.36,2072.34,35518.5851
1772622000000000,2072.33,2078.22,2046.77,2054.97,31815.4116
1772625600000000,2054.97,2059.29,2036.37,2054.33,34637.6336
1772629200000000,2054.34,2068.53,2052.79,2064.49,14580.9958
1772632800000000,2064.48,2110.0,2062.82,2080.0,64561.6428
1772636400000000,2079.99,2157.67,2079.09,2150.23,89214.3086
1772640000000000,2150.23,2165.75,2129.13,2142.39,58873.9925
1772643600000000,2142.39,2156.83,2130.17,2146.07,43422.743
1772647200000000,2146.07,2164.38,2138.13,2163.18,20006.596
1772650800000000,2163.18,2199.0,2161.01,2177.51,49507.3799
1772654400000000,2177.51,2179.66,2149.31,2150.13,18222.5848
1772658000000000,2150.13,2155.77,2142.25,2149.86,11687.011
1772661600000000,2149.85,2164.16,2127.42,2132.11,15161.2618
1772665200000000,2132.11,2136.84,2116.67,2127.28,15610.2787
1772668800000000,2127.28,2135.36,2121.5,2128.13,14409.8472
1772672400000000,2128.14,2141.93,2107.57,2113.73,18721.1804
1772676000000000,2113.72,2134.09,2112.82,2121.85,12365.0321
1772679600000000,2121.85,2126.07,2107.5,2120.15,8560.3435
1772683200000000,2120.15,2144.2,2118.59,2137.36,15809.5877
1772686800000000,2137.35,2139.32,2114.03,2119.65,11146.2593
1772690400000000,2119.66,2130.92,2110.15,2128.23,8734.2192
1772694000000000,2128.22,2132.53,2095.71,2104.96,18349.1464
1772697600000000,2104.96,2118.82,2093.63,2117.64,17772.7303
1772701200000000,2117.64,2137.71,2116.54,2125.45,17983.0238
1772704800000000,2125.45,2163.66,2119.99,2156.15,21391.5276
1772708400000000,2156.14,2159.31,2133.5,2137.92,13375.4536
1772712000000000,2137.92,2142.95,2123.58,2138.25,15735.6277
1772715600000000,2138.25,2139.72,2109.18,2117.6,19573.7557
1772719200000000,2117.6,2131.65,2096.73,2119.17,30762.7829
1772722800000000,2119.18,2121.93,2067.54,2086.96,58446.5912
1772726400000000,2086.95,2087.42,2056.7,2080.17,28768.1394
1772730000000000,2080.17,2093.7,2054.75,2059.88,25380.2189
1772733600000000,2059.88,2078.38,2056.99,2076.59,12902.8648
1772737200000000,2076.6,2093.69,2072.38,2074.36,22325.8576
1772740800000000,2074.37,2098.67,2070.09,2092.43,15608.8619
1772744400000000,2092.42,2099.36,2075.77,2080.6,11396.4401
1772748000000000,2080.61,2085.0,2077.6,2080.11,4816.1385
1772751600000000,2080.11,2084.45,2069.72,2072.86,7822.1828
1772755200000000,2072.86,2080.39,2067.7,2075.02,9180.2101
1772758800000000,2075.03,2091.38,2061.79,2087.65,13630.6414
1772762400000000,2087.66,2093.33,2080.66,2083.89,7620.4022
1772766000000000,2083.89,2088.75,2075.28,2083.8,8645.163
1772769600000000,2083.81,2085.88,2058.84,2070.86,14588.3921
1772773200000000,2070.87,2074.19,2059.36,2068.94,10611.9387
1772776800000000,2068.93,2080.53,2063.58,2074.03,7652.8744
1772780400000000,2074.04,2087.66,2068.79,2082.83,12517.3472
1772784000000000,2082.83,2082.83,2074.33,2075.96,7247.9481
1772787600000000,2075.96,2077.5,2045.79,2060.0,21572.2567
1772791200000000,2060.0,2069.43,2058.72,2063.4,8988.1836
1772794800000000,2063.41,2067.34,2049.85,2051.03,12852.7139
1772798400000000,2051.03,2055.0,2037.22,2048.52,19883.338
1772802000000000,2048.52,2062.12,2019.35,2019.88,37363.7986
1772805600000000,2019.89,2024.35,1972.0,1981.55,77975.8063
1772809200000000,1981.55,1998.0,1966.24,1978.01,36805.7997
1772812800000000,1978.0,1984.97,1966.27,1971.29,26399.6306
1772816400000000,1971.28,1982.13,1955.95,1966.76,23860.4367
1772820000000000,1966.76,1983.46,1966.61,1974.62,15172.6068
1772823600000000,1974.62,1993.3,1974.62,1983.75,9611.9432
1772827200000000,1983.75,1988.69,1969.26,1978.63,14596.4669
1772830800000000,1978.64,1984.64,1971.51,1983.77,4970.5242
1772834400000000,1983.76,1989.91,1981.58,1987.22,4312.4784
1772838000000000,1987.23,1987.75,1977.03,1978.68,5536.8561
1772841600000000,1978.68,1983.27,1976.97,1981.45,3668.8535
1772845200000000,1981.45,1983.7,1976.25,1980.68,7091.5619
1772848800000000,1980.67,1984.63,1971.79,1983.52,7690.4614
1772852400000000,1983.53,1996.04,1979.83,1980.21,9533.4524
1772856000000000,1980.22,1980.22,1964.34,1975.35,9092.372
1772859600000000,1975.35,1979.87,1972.46,1979.01,6131.9838
1772863200000000,1979.01,1979.01,1968.81,1971.76,9083.1526
1772866800000000,1971.77,1984.19,1967.07,1982.94,16455.6679
1772870400000000,1982.94,1987.62,1975.5,1978.03,9725.3345
1772874000000000,1978.02,1989.42,1975.38,1986.35,9442.4762
1772877600000000,1986.35,1988.68,1983.32,1984.36,4111.341
1772881200000000,1984.36,1994.98,1982.19,1988.91,6240.1404
1772884800000000,1988.92,1990.95,1979.84,1982.51,4069.8213
1772888400000000,1982.51,1984.19,1977.64,1981.83,9076.3795
1772892000000000,1981.83,1990.25,1970.47,1987.0,9828.667
1772895600000000,1987.01,1987.41,1976.22,1981.04,6476.3298
1772899200000000,1981.03,1981.03,1974.48,1977.26,5663.86
1772902800000000,1977.26,1983.47,1976.19,1977.59,3883.3234
1772906400000000,1977.59,1977.59,1965.78,1971.23,7635.9597
1772910000000000,1971.22,1971.23,1948.09,1955.2,17780.5108
1772913600000000,1955.2,1968.78,1954.89,1966.42,5668.1403
1772917200000000,1966.42,1971.73,1963.97,1970.63,3666.4606
1772920800000000,1970.62,1971.03,1958.36,1966.46,4432.0022
1772924400000000,1966.47,1974.27,1965.49,1969.59,8011.5678
1772928000000000,1969.6,1977.35,1966.66,1968.91,6916.061
1772931600000000,1968.92,1971.9,1963.51,1968.95,4903.0232
1772935200000000,1968.94,1969.98,1935.73,1942.34,30383.2688
1772938800000000,1942.34,1951.74,1941.54,1947.67,10074.5213
1772942400000000,1947.67,1953.37,1930.0,1938.4,34723.4901
1772946000000000,1938.4,1952.54,1938.0,1949.0,5846.9549
1772949600000000,1949.0,1952.33,1943.05,1948.05,5507.1103
1772953200000000,1948.05,1960.41,1947.19,1955.23,7266.6162
1772956800000000,1955.22,1960.59,1949.1,1959.73,5926.3635
1772960400000000,1959.73,1970.1,1956.77,1963.54,10306.8601
1772964000000000,1963.54,1979.8,1963.36,1974.18,41737.9695
1772967600000000,1974.17,1974.32,1944.85,1951.38,12980.4562
1772971200000000,1951.39,1954.67,1926.13,1946.29,43903.3569
1772974800000000,1946.28,1948.18,1925.06,1944.29,24068.546
1772978400000000,1944.29,1950.58,1937.66,1945.52,8687.2684
1772982000000000,1945.52,1947.83,1937.5,1943.32,7003.0693
1772985600000000,1943.32,1944.97,1934.34,1936.87,5289.182
1772989200000000,1936.87,1946.65,1933.1,1935.77,5606.9174
1772992800000000,1935.78,1937.04,1928.08,1930.27,12761.0118
1772996400000000,1930.28,1970.58,1928.24,1964.91,24494.582
1773000000000000,1964.91,1971.95,1953.81,1958.86,7830.7886
1773003600000000,1958.87,1962.24,1944.53,1953.95,6632.1837
1773007200000000,1953.94,1953.94,1916.14,1943.2,58211.1708
1773010800000000,1943.2,1955.2,1935.58,1937.1,10128.9597
1773014400000000,1937.11,1966.14,1929.65,1950.99,17896.3422
1773018000000000,1950.99,1963.2,1942.72,1946.0,14979.5243
1773021600000000,1946.0,1963.2,1938.33,1959.66,12927.8319
1773025200000000,1959.66,2006.01,1959.08,1977.48,58780.551
1773028800000000,1977.48,1989.56,1973.52,1977.31,10238.8798
1773032400000000,1977.31,2014.26,1976.39,2010.6,43830.6334
1773036000000000,2010.6,2012.7,1983.36,1985.0,15733.8756
1773039600000000,1985.01,1985.91,1963.45,1983.9,13845.4139
1773043200000000,1983.91,2000.0,1978.92,1996.81,15655.8201
1773046800000000,1996.81,2022.0,1986.77,2004.48,22759.616
1773050400000000,2004.49,2007.05,1992.56,1995.41,17147.8872
1773054000000000,1995.41,1999.99,1980.93,1992.2,12567.4869
1773057600000000,1992.2,2013.74,1992.2,2002.19,12668.2488
1773061200000000,2002.19,2030.0,2001.13,2018.16,41754.9438
1773064800000000,2018.15,2032.84,2007.82,2022.29,39674.1034
1773068400000000,2022.27,2029.25,2013.97,2022.63,21397.2501
1773072000000000,2022.64,2039.29,2018.93,2027.53,18205.4291
1773075600000000,2027.54,2032.5,2005.76,2016.94,20457.1836
1773079200000000,2016.94,2022.9,2006.15,2012.1,12319.782
1773082800000000,2012.11,2053.52,2010.0,2033.91,30136.5564
1773086400000000,2033.91,2037.3,2018.77,2025.89,9526.1172
1773090000000000,2025.89,2035.39,2022.19,2028.35,6364.9871
1773093600000000,2028.33,2031.32,1997.87,2002.53,56062.1881
1773097200000000,2002.52,2007.67,1989.12,1992.98,25894.8364
1773100800000000,1992.97,2022.5,1991.0,2015.37,30631.7801
1773104400000000,2015.37,2024.99,2006.23,2019.21,11925.195
1773108000000000,2019.2,2054.19,2014.01,2042.4,27247.3611
1773111600000000,2042.4,2047.88,2022.63,2026.8,13229.4664
1773115200000000,2026.8,2047.31,2026.36,2045.7,10644.7886
1773118800000000,2045.69,2054.2,2039.75,2043.99,23562.7807
1773122400000000,2044.0,2049.34,2036.25,2043.76,11948.6825
1773126000000000,2043.77,2059.69,2040.09,2051.0,14222.0333
1773129600000000,2051.0,2070.5,2051.0,2057.27,23588.6304
1773133200000000,2057.27,2074.0,2055.72,2068.18,13752.4454
1773136800000000,2068.17,2069.22,2055.56,2062.86,8922.8527
1773140400000000,2062.86,2067.78,2051.16,2061.69,14186.1361
1773144000000000,2061.7,2062.09,2047.36,2049.82,12900.4331
1773147600000000,2049.82,2060.27,2024.04,2033.63,29276.7718
1773151200000000,2033.63,2080.27,2008.65,2075.19,55294.6468
1773154800000000,2075.19,2085.73,2059.23,2079.35,42497.3487
1773158400000000,2079.34,2088.19,2069.45,2080.72,18680.3037
1773162000000000,2080.71,2085.19,2058.33,2071.67,20761.3728
1773165600000000,2071.67,2073.13,2035.74,2039.68,30444.7151
1773169200000000,2039.68,2044.31,2027.16,2037.02,15745.2154
1773172800000000,2037.02,2047.45,2035.45,2042.56,7714.4161
1773176400000000,2042.56,2048.31,2018.0,2029.2,10882.7716
1773180000000000,2029.2,2032.82,2021.14,2027.64,8497.767
1773183600000000,2027.63,2037.3,2027.55,2036.51,6853.9595
1773187200000000,2036.5,2041.71,2028.81,2037.68,10130.8412
1773190800000000,2037.68,2041.0,2028.62,2036.1,7117.2212
1773194400000000,2036.1,2039.05,2018.7,2026.71,11516.9943
1773198000000000,2026.7,2029.35,2018.13,2021.17,7998.2934
1773201600000000,2021.17,2041.39,2018.25,2039.08,8679.2646
1773205200000000,2039.08,2041.49,2011.37,2014.63,10074.1241
1773208800000000,2014.63,2026.0,2014.0,2024.3,8491.4641
1773212400000000,2024.31,2025.7,2007.17,2012.54,8583.0701
1773216000000000,2012.54,2025.72,2009.48,2023.76,14252.3433
1773219600000000,2023.75,2027.4,2014.51,2017.87,6669.7704
1773223200000000,2017.87,2031.3,2017.24,2028.68,6527.2329
1773226800000000,2028.68,2033.96,2015.83,2017.8,8797.7518
1773230400000000,2017.8,2035.5,2012.81,2023.09,16532.0046
1773234000000000,2023.09,2082.66,2021.67,2050.72,48997.1427
1773237600000000,2050.72,2077.59,2042.93,2062.68,42234.0784
1773241200000000,2062.68,2065.45,2030.03,2049.73,24389.6368
1773244800000000,2049.75,2072.43,2046.46,2067.01,18164.7212
1773248400000000,2067.02,2085.58,2057.69,2068.15,26324.514
1773252000000000,2068.15,2079.66,2064.18,2076.51,16458.5948
1773255600000000,2076.5,2077.9,2068.58,2076.06,15265.9144
1773259200000000,2076.05,2076.19,2065.09,2068.4,7066.8836
1773262800000000,2068.41,2074.94,2063.46,2073.07,5855.3663
1773266400000000,2073.08,2084.53,2058.98,2061.76,10814.3045
1773270000000000,2061.76,2064.99,2045.2,2051.97,9119.7233
1773273600000000,2051.97,2058.16,2047.97,2055.78,5298.1446
1773277200000000,2055.78,2056.14,2042.95,2046.24,9032.4424
1773280800000000,2046.23,2047.93,2021.87,2024.67,16962.6509
1773284400000000,2024.66,2035.08,2017.59,2023.38,13070.2965
1773288000000000,2023.39,2029.73,2021.27,2023.09,6284.3323
1773291600000000,2023.08,2028.3,2019.33,2026.85,9624.648
1773295200000000,2026.86,2031.8,2024.64,2030.38,6083.881
1773298800000000,2030.38,2042.26,2025.66,2040.7,14231.7957
1773302400000000,2040.69,2052.59,2038.42,2047.8,13262.4913
1773306000000000,2047.79,2065.61,2038.49,2055.65,13504.8279
1773309600000000,2055.66,2075.49,2052.5,2069.86,16520.1267
1773313200000000,2069.87,2076.65,2058.21,2062.83,13187.2747
1773316800000000,2062.83,2071.08,2057.81,2065.37,9232.6706
1773320400000000,2065.37,2080.0,2051.44,2065.35,28335.1322
1773324000000000,2065.35,2095.0,2037.79,2045.35,48417.0953
1773327600000000,2045.34,2082.0,2039.05,2072.33,26030.9069
1773331200000000,2072.33,2078.09,2056.33,2069.63,22858.0253
1773334800000000,2069.62,2075.24,2055.32,2058.4,11673.4778
1773338400000000,2058.41,2062.1,2046.78,2048.78,16647.0399
1773342000000000,2048.77,2073.5,2045.42,2069.59,12389.2923
1773345600000000,2069.6,2073.81,2060.35,2062.57,5651.4674
1773349200000000,2062.58,2069.19,2057.28,2062.61,19369.7965
1773352800000000,2062.62,2067.54,2054.99,2065.3,25410.584
1773356400000000,2065.3,2093.45,2064.64,2073.52,37429.413
1773360000000000,2073.51,2148.8,2070.12,2119.19,85178.5833
1773363600000000,2119.19,2130.4,2111.72,2124.76,15741.654
1773367200000000,2124.75,2127.12,2102.42,2105.81,13893.892
1773370800000000,2105.81,2123.58,2102.2,2118.85,11965.2095
1773374400000000,2118.86,2120.06,2109.63,2111.68,5461.6899
1773378000000000,2111.67,2115.24,2103.54,2110.47,7222.6564
1773381600000000,2110.47,2113.0,2090.0,2095.94,20205.6324
1773385200000000,2095.95,2104.87,2092.75,2099.38,12306.283
1773388800000000,2099.38,2117.0,2091.45,2100.05,17816.1641
1773392400000000,2100.05,2116.93,2096.04,2113.55,17352.7715
1773396000000000,2113.55,2133.3,2112.83,2126.87,20325.9546
1773399600000000,2126.88,2130.0,2118.18,2121.02,11322.5835
1773403200000000,2121.02,2153.17,2120.52,2146.63,32311.9748
1773406800000000,2146.64,2200.0,2141.61,2185.52,79297.7431
1773410400000000,2185.53,2209.03,2145.59,2151.14,69709.4065
1773414000000000,2151.15,2165.93,2125.14,2128.01,53218.5441
1773417600000000,2128.01,2143.33,2111.36,2133.91,29674.2412
1773421200000000,2133.91,2141.29,2090.28,2102.75,26775.0726
1773424800000000,2102.75,2108.87,2091.04,2100.93,17729.8676
1773428400000000,2100.92,2106.3,2096.5,2102.48,10276.3128
1773432000000000,2102.48,2114.0,2101.15,2111.37,5980.6806
1773435600000000,2111.37,2116.66,2101.47,2103.07,6766.9247
1773439200000000,2103.08,2104.72,2078.5,2088.97,24012.1641
1773442800000000,2088.96,2093.9,2085.54,2092.22,5111.0336
1773446400000000,2092.21,2095.21,2082.82,2085.32,10862.9162
1773450000000000,2085.32,2095.46,2081.39,2092.55,8566.592
1773453600000000,2092.55,2095.91,2089.19,2092.39,3951.9658
1773457200000000,2092.39,2103.42,2092.38,2101.16,7940.3097
1773460800000000,2101.15,2106.09,2087.87,2090.42,9319.7759
1773464400000000,2090.43,2094.39,2085.71,2092.46,7074.9803
1773468000000000,2092.46,2092.46,2068.28,2078.02,15662.8888
1773471600000000,2078.02,2080.4,2075.65,2077.46,6134.1971
1773475200000000,2077.46,2081.64,2072.71,2074.34,6236.0466
1773478800000000,2074.35,2077.64,2063.73,2067.33,9384.4378
1773482400000000,2067.33,2068.88,2061.6,2066.24,5875.7597
1773486000000000,2066.24,2076.65,2065.85,2073.67,5365.3022
1773489600000000,2073.67,2077.87,2069.99,2075.44,5477.3079
1773493200000000,2075.44,2080.65,2073.0,2078.51,5090.1256
1773496800000000,2078.5,2080.52,2069.8,2071.22,7563.1166
1773500400000000,2071.23,2077.73,2070.0,2074.72,4297.1614
1773504000000000,2074.72,2078.79,2069.19,2077.54,4257.8346
1773507600000000,2077.54,2078.14,2073.5,2075.14,2302.5926
1773511200000000,2075.13,2078.14,2072.71,2076.91,1926.7755
1773514800000000,2076.91,2079.47,2074.77,2077.49,2284.875
1773518400000000,2077.5,2087.27,2076.2,2086.01,4998.7446
1773522000000000,2086.01,2088.92,2081.65,2086.68,3530.6553
1773525600000000,2086.68,2088.3,2082.3,2084.45,3321.8129
1773529200000000,2084.45,2099.69,2084.19,2096.16,11074.4081
1773532800000000,2096.16,2096.77,2085.49,2088.0,5680.9896
1773536400000000,2088.0,2091.18,2083.35,2088.32,3987.6479
1773540000000000,2088.32,2107.91,2088.32,2101.99,13602.8655
1773543600000000,2101.99,2105.05,2093.53,2096.15,5347.8134
1773547200000000,2096.15,2104.34,2096.13,2104.34,3355.9252
1773550800000000,2104.34,2115.95,2102.01,2107.91,9171.6989
1773554400000000,2107.91,2111.28,2103.0,2107.76,3352.8652
1773558000000000,2107.76,2113.49,2103.46,2105.64,6266.7978
1773561600000000,2105.64,2113.0,2105.64,2112.93,4131.6464
1773565200000000,2112.93,2123.44,2112.83,2117.2,10018.3924
1773568800000000,2117.2,2121.49,2114.32,2119.14,3826.0329
1773572400000000,2119.14,2121.27,2115.04,2119.63,3043.6351
1773576000000000,2119.63,2119.83,2108.2,2109.59,4978.9406
1773579600000000,2109.6,2112.76,2086.34,2097.4,27709.343
1773583200000000,2097.39,2099.2,2086.6,2096.99,7654.676
1773586800000000,2096.99,2097.15,2090.02,2093.79,5532.4587
1773590400000000,2093.79,2098.86,2088.84,2091.56,4230.6156
1773594000000000,2091.57,2117.86,2091.2,2110.77,12688.5845
1773597600000000,2110.77,2113.53,2094.32,2099.14,7844.0554
1773601200000000,2099.15,2114.35,2096.47,2113.49,6704.3386
1773604800000000,2113.49,2139.0,2110.0,2129.05,14299.0754
1773608400000000,2129.06,2144.76,2123.75,2139.07,10594.8838
1773612000000000,2139.08,2192.49,2125.31,2184.35,52207.2025
1773615600000000,2184.36,2202.87,2165.2,2178.3,54595.4533
1773619200000000,2178.29,2187.33,2164.73,2171.23,18053.2391
1773622800000000,2171.23,2190.48,2165.0,2185.89,12499.7225
1773626400000000,2185.88,2189.43,2170.02,2180.49,12116.1894
1773630000000000,2180.48,2253.48,2177.38,2235.67,91298.9481
1773633600000000,2235.67,2278.0,2235.67,2263.3,74574.0343
1773637200000000,2263.3,2288.63,2256.8,2280.47,50113.0247
1773640800000000,2280.46,2281.31,2260.64,2261.7,26844.5155
1773644400000000,2261.7,2269.0,2245.63,2248.95,35430.2232
1773648000000000,2248.95,2258.83,2234.92,2243.54,27741.6638
1773651600000000,2243.54,2265.37,2239.82,2260.51,16719.2804
1773655200000000,2260.51,2279.0,2256.2,2278.3,28633.6751
1773658800000000,2278.3,2280.0,2266.0,2269.94,16228.0755
1773662400000000,2269.94,2303.64,2269.93,2279.28,51358.9156
1773666000000000,2279.28,2308.54,2272.35,2288.79,44699.8576
1773669600000000,2288.8,2304.81,2255.04,2288.0,50578.4164
1773673200000000,2287.99,2299.35,2270.17,2273.88,31399.4323
1773676800000000,2273.88,2300.22,2270.0,2297.03,21757.2974
1773680400000000,2297.03,2323.0,2293.49,2314.74,35717.6299
1773684000000000,2314.75,2346.16,2313.6,2321.46,45602.6551
1773687600000000,2321.46,2348.06,2318.43,2330.92,24597.7302
1773691200000000,2330.92,2347.53,2323.68,2345.31,13876.1783
1773694800000000,2345.31,2376.34,2343.63,2361.05,47279.3304
1773698400000000,2361.04,2386.02,2355.33,2357.83,37418.6029
1773702000000000,2357.83,2361.47,2330.0,2352.97,31354.1379
1773705600000000,2352.97,2376.66,2340.21,2357.62,56259.723
1773709200000000,2357.62,2375.65,2346.72,2361.21,48190.3209
1773712800000000,2361.2,2361.88,2344.79,2351.3,20865.153
1773716400000000,2351.31,2355.99,2308.03,2320.0,33726.4226
1773720000000000,2320.01,2330.0,2294.15,2311.5,42398.8148
1773723600000000,2311.49,2318.43,2297.91,2307.37,14141.1701
1773727200000000,2307.37,2325.13,2298.24,2315.34,14746.8686
1773730800000000,2315.35,2337.86,2315.35,2327.7,15496.423
1773734400000000,2327.71,2335.35,2316.05,2320.66,12844.343
1773738000000000,2320.67,2329.34,2307.0,2315.79,18557.2102
1773741600000000,2315.78,2317.09,2304.0,2312.94,13150.6623
1773745200000000,2312.94,2332.92,2311.77,2326.82,15268.0948
1773748800000000,2326.81,2335.0,2312.77,2315.42,14896.7218
1773752400000000,2315.42,2346.48,2313.41,2328.65,26349.2284
1773756000000000,2328.66,2348.94,2318.94,2343.45,29242.0135
1773759600000000,2343.45,2357.73,2304.27,2315.98,34576.0959
1773763200000000,2315.98,2336.96,2312.44,2326.84,17283.2355
1773766800000000,2326.85,2342.64,2320.6,2340.04,12222.797
1773770400000000,2340.04,2342.7,2328.11,2332.98,10802.8868
1773774000000000,2332.98,2340.0,2317.0,2320.22,10125.5071
1773777600000000,2320.22,2330.39,2317.68,2327.88,7920.3514
1773781200000000,2327.88,2344.69,2327.88,2338.45,8452.162
1773784800000000,2338.45,2342.11,2318.39,2329.54,8924.0082
1773788400000000,2329.54,2333.11,2316.78,2317.39,7390.8877
1773792000000000,2317.38,2325.66,2307.0,2324.24,11666.4174
1773795600000000,2324.24,2335.33,2323.17,2325.02,7119.2733
1773799200000000,2325.03,2341.3,2324.74,2331.49,8007.8454
1773802800000000,2331.48,2350.0,2328.65,2340.61,12961.3324
1773806400000000,2340.61,2342.0,2326.62,2327.51,6998.1637
1773810000000000,2327.5,2330.97,2313.81,2318.42,11045.5592
1773813600000000,2318.42,2331.14,2318.18,2322.73,7129.4966
1773817200000000,2322.73,2323.22,2311.53,2317.74,7584.7659
1773820800000000,2317.73,2325.5,2317.3,2322.59,4961.8445
1773824400000000,2322.59,2333.62,2321.87,2329.27,7538.4614
1773828000000000,2329.27,2331.99,2309.42,2312.83,14463.1891
1773831600000000,2312.83,2319.16,2263.43,2269.34,43820.6483
1773835200000000,2269.33,2270.5,2235.45,2237.49,41031.3103
1773838800000000,2237.5,2244.9,2223.69,2235.68,31025.6691
1773842400000000,2235.69,2237.21,2186.93,2190.27,51230.1483
1773846000000000,2190.26,2196.23,2168.97,2187.66,47106.9921
1773849600000000,2187.67,2190.93,2166.87,2181.0,25173.853
1773853200000000,2181.0,2211.7,2176.99,2204.02,25927.7863
1773856800000000,2204.02,2220.0,2176.0,2181.2,32888.1753
1773860400000000,2181.2,2196.57,2178.81,2185.85,15080.6564
1773864000000000,2185.85,2194.78,2153.21,2187.36,33883.3554
1773867600000000,2187.36,2206.87,2185.66,2202.49,12999.5184
1773871200000000,2202.5,2203.5,2187.58,2194.41,10013.8603
1773874800000000,2194.41,2206.88,2188.77,2203.39,18382.5666
1773878400000000,2203.39,2208.28,2190.86,2193.34,12225.727
1773882000000000,2193.33,2201.98,2187.24,2196.92,10063.2321
1773885600000000,2196.93,2205.0,2188.94,2196.68,6192.2136
1773889200000000,2196.69,2233.72,2196.69,2212.29,24098.4539
1773892800000000,2212.29,2213.11,2190.83,2193.61,9828.265
1773896400000000,2193.62,2198.5,2186.67,2189.14,6929.8877
1773900000000000,2189.14,2195.7,2177.79,2180.64,16389.5626
1773903600000000,2180.65,2182.0,2143.14,2166.68,46063.5714
1773907200000000,2166.68,2170.99,2158.09,2160.66,14135.1619
1773910800000000,2160.65,2191.16,2159.99,2189.42,34822.2119
1773914400000000,2189.43,2192.07,2172.48,2172.76,8226.4387
1773918000000000,2172.76,2177.58,2165.83,2166.92,8602.233
1773921600000000,2166.92,2167.48,2130.16,2132.45,24789.6612
1773925200000000,2132.45,2143.16,2110.9,2137.49,61210.5376
1773928800000000,2137.5,2147.26,2102.16,2121.68,44113.7835
1773932400000000,2121.67,2136.79,2099.38,2118.81,35200.3392
1773936000000000,2118.81,2121.95,2106.44,2115.09,34288.2759
1773939600000000,2115.08,2131.7,2104.87,2126.96,15221.908
1773943200000000,2126.97,2129.48,2114.31,2125.04,7902.9561
1773946800000000,2125.04,2156.92,2125.04,2141.19,28980.1593
1773950400000000,2141.18,2152.8,2139.39,2146.35,8053.483
1773954000000000,2146.35,2155.62,2145.16,2149.95,9694.9183
1773957600000000,2149.95,2152.36,2133.08,2140.08,12230.9541
1773961200000000,2140.08,2147.48,2130.57,2137.81,11527.744
1773964800000000,2137.82,2149.0,2134.72,2145.6,9477.5198
1773968400000000,2145.61,2160.78,2145.1,2150.88,15224.7082
1773972000000000,2150.89,2151.77,2132.69,2144.44,12247.0988
1773975600000000,2144.45,2157.08,2143.61,2151.38,7545.4335
1773979200000000,2151.38,2159.24,2139.18,2148.38,10683.1639
1773982800000000,2148.39,2151.92,2137.73,2140.37,6696.9482
1773986400000000,2140.38,2141.78,2132.06,2136.61,7941.355
1773990000000000,2136.61,2153.4,2121.25,2150.54,17958.4824
1773993600000000,2150.53,2176.84,2146.71,2164.2,21588.2621
1773997200000000,2164.19,2164.19,2134.95,2141.21,16374.6285
1774000800000000,2141.21,2151.27,2131.56,2148.38,10311.9047
1774004400000000,2148.38,2158.69,2135.0,2141.5,13415.6096
1774008000000000,2141.49,2152.74,2135.37,2141.13,8711.1423
1774011600000000,2141.13,2152.64,2123.18,2127.39,18804.5296
1774015200000000,2127.39,2147.74,2116.88,2129.3,25684.6291
1774018800000000,2129.3,2138.78,2120.33,2134.01,15282.994
1774022400000000,2134.0,2144.76,2130.58,2137.31,10515.1938
1774026000000000,2137.32,2141.16,2119.72,2136.69,9903.9451
1774029600000000,2136.7,2137.67,2117.41,2123.29,12289.6719
1774033200000000,2123.29,2134.97,2117.5,2132.91,12300.9312
1774036800000000,2132.91,2137.0,2123.96,2133.25,6221.3872
1774040400000000,2133.25,2157.25,2130.83,2147.53,13961.4019
1774044000000000,2147.53,2168.0,2147.53,2154.71,12246.0432
1774047600000000,2154.7,2155.72,2143.16,2146.22,4769.1938
1774051200000000,2146.21,2156.77,2144.24,2153.3,6542.3128
1774054800000000,2153.3,2159.87,2147.35,2147.55,4294.0714
1774058400000000,2147.54,2156.32,2146.35,2154.9,2628.7681
1774062000000000,2154.89,2155.95,2150.99,2153.6,2251.5862
1774065600000000,2153.59,2158.19,2150.36,2151.75,4075.4141
1774069200000000,2151.76,2160.0,2151.75,2153.39,6665.2561
1774072800000000,2153.39,2156.49,2152.28,2155.8,2211.7065
1774076400000000,2155.81,2161.34,2153.72,2155.67,3541.8064
1774080000000000,2155.67,2157.22,2149.57,2154.0,3571.4994
1774083600000000,2153.99,2159.0,2153.8,2158.77,4558.6368
1774087200000000,2158.77,2159.52,2153.05,2154.34,2279.3326
1774090800000000,2154.34,2157.91,2153.0,2157.37,1630.6651
1774094400000000,2157.37,2160.62,2156.76,2157.98,2567.7216
1774098000000000,2157.98,2159.79,2155.0,2155.86,1853.6867
1774101600000000,2155.86,2168.27,2150.61,2152.13,8218.2346
1774105200000000,2152.13,2157.58,2146.45,2155.12,7311.5105
1774108800000000,2155.13,2155.58,2144.67,2146.65,5011.8088
1774112400000000,2146.64,2150.61,2142.01,2148.56,3222.349
1774116000000000,2148.56,2155.64,2147.79,2151.46,2747.2698
1774119600000000,2151.47,2153.03,2149.06,2152.16,2984.2132
1774123200000000,2152.17,2156.59,2150.41,2155.67,2702.1336
1774126800000000,2155.67,2157.0,2152.21,2153.7,2883.6209
1774130400000000,2153.69,2153.69,2149.36,2149.94,2656.0382
1774134000000000,2149.93,2149.93,2070.78,2084.87,46149.8222
1774137600000000,2084.86,2095.43,2050.12,2087.67,60906.6793
1774141200000000,2087.68,2094.49,2082.0,2091.36,19598.971
1774144800000000,2091.37,2109.36,2088.0,2102.29,14239.972
1774148400000000,2102.29,2127.21,2098.09,2113.83,14776.026
1774152000000000,2113.83,2122.94,2106.36,2119.39,12384.6709
1774155600000000,2119.39,2120.94,2112.71,2113.0,6294.291
1774159200000000,2113.01,2113.34,2106.99,2108.76,5445.3323
1774162800000000,2108.76,2112.05,2092.35,2093.38,8519.3386
1774166400000000,2093.4,2095.89,2074.36,2086.5,19423.7011
1774170000000000,2086.5,2096.82,2079.9,2085.09,8961.7476
1774173600000000,2085.1,2086.95,2077.33,2081.45,4126.7486
1774177200000000,2081.44,2083.8,2066.97,2069.98,10550.3382
1774180800000000,2069.97,2088.44,2068.37,2082.44,9735.6395
1774184400000000,2082.44,2092.63,2072.77,2078.71,10405.0132
1774188000000000,2078.71,2085.19,2071.67,2078.14,8042.3438
1774191600000000,2078.14,2084.58,2075.67,2083.1,6131.2916
1774195200000000,2083.1,2084.45,2077.88,2082.09,4105.4424
1774198800000000,2082.1,2084.35,2077.41,2079.61,4053.7866
1774202400000000,2079.6,2080.41,2057.0,2072.27,10621.5786
1774206000000000,2072.26,2072.7,2054.35,2063.21,9191.561
1774209600000000,2063.22,2072.25,2056.35,2058.58,7564.978
1774213200000000,2058.58,2060.51,2026.0,2045.96,28928.4862
1774216800000000,2045.96,2065.65,2032.57,2062.67,18597.5679
1774220400000000,2062.68,2074.16,2051.27,2053.89,10465.0518
1774224000000000,2053.9,2063.08,2035.69,2043.31,16767.3544
1774227600000000,2043.31,2062.38,2039.46,2047.69,10349.8409
1774231200000000,2047.7,2070.24,2046.72,2063.42,13332.4456
1774234800000000,2063.42,2072.33,2051.67,2052.54,5643.8482
1774238400000000,2052.53,2066.21,2050.64,2065.47,5965.3924
1774242000000000,2065.47,2072.11,2060.71,2069.27,10766.366
1774245600000000,2069.26,2069.26,2028.47,2037.3,19415.6757
1774249200000000,2037.31,2050.0,2023.04,2044.72,21368.5951
1774252800000000,2044.73,2059.16,2044.2,2048.02,12995.6197
1774256400000000,2048.01,2049.13,2028.2,2043.63,9832.2152
1774260000000000,2043.64,2054.04,2040.39,2049.04,7896.0738
1774263600000000,2049.04,2198.57,2049.04,2134.78,161423.301
1774267200000000,2134.78,2147.85,2107.43,2144.27,57914.7074
1774270800000000,2144.27,2189.0,2140.11,2185.64,55730.5571
1774274400000000,2185.65,2192.44,2169.28,2181.16,41862.2559
1774278000000000,2181.16,2188.09,2124.75,2128.45,43736.4088
1774281600000000,2128.46,2142.72,2117.77,2135.88,35608.735
1774285200000000,2135.88,2158.54,2124.57,2152.71,21257.7461
1774288800000000,2152.71,2171.76,2145.71,2168.72,17410.1043
1774292400000000,2168.72,2178.74,2150.48,2154.46,18734.4909
1774296000000000,2154.45,2166.81,2150.71,2161.49,6247.911
1774299600000000,2161.49,2163.8,2154.57,2157.7,5220.5419
1774303200000000,2157.7,2159.61,2143.94,2152.81,7290.3082
1774306800000000,2152.8,2155.21,2140.71,2152.03,7737.9423
1774310400000000,2152.03,2156.22,2130.1,2143.22,12914.7135
1774314000000000,2143.22,2149.78,2124.26,2137.56,11048.7345
1774317600000000,2137.57,2145.92,2132.64,2135.86,9521.6474
1774321200000000,2135.87,2143.3,2130.7,2141.59,9582.5512
1774324800000000,2141.59,2152.03,2131.83,2136.33,7953.9518
1774328400000000,2136.32,2138.49,2128.84,2133.64,8181.0069
1774332000000000,2133.64,2146.35,2132.0,2145.3,7279.1789
1774335600000000,2145.3,2170.65,2144.13,2165.61,22660.9203
1774339200000000,2165.61,2167.37,2152.17,2155.06,11529.4386
1774342800000000,2155.07,2167.9,2147.36,2164.97,8784.8573
1774346400000000,2164.97,2164.98,2155.27,2161.25,6223.981
1774350000000000,2161.25,2175.16,2152.13,2165.9,13602.4726
1774353600000000,2165.89,2170.52,2158.89,2162.44,7154.9327
1774357200000000,2162.43,2165.53,2130.46,2138.38,24657.5804
1774360800000000,2138.37,2148.31,2120.0,2133.98,32739.9775
1774364400000000,2133.98,2147.74,2131.5,2135.15,15780.5169
1774368000000000,2135.15,2140.57,2120.9,2127.2,14879.4807
1774371600000000,2127.2,2128.7,2103.02,2109.17,26735.3285
1774375200000000,2109.18,2127.9,2105.07,2118.92,11372.5355
1774378800000000,2118.92,2127.84,2114.37,2116.87,6567.4339
1774382400000000,2116.86,2154.5,2115.63,2148.48,21481.8724
1774386000000000,2148.48,2151.8,2140.46,2148.88,7038.7354
1774389600000000,2148.89,2155.82,2140.67,2145.61,9245.4086
1774393200000000,2145.6,2163.7,2143.0,2156.23,9766.2163
1774396800000000,2156.22,2168.63,2146.35,2161.77,13790.3182
1774400400000000,2161.76,2167.37,2156.94,2156.94,9043.8783
1774404000000000,2156.95,2161.5,2153.58,2155.5,6096.798
1774407600000000,2155.51,2160.53,2147.0,2158.54,6297.5654
1774411200000000,2158.53,2167.75,2156.83,2166.32,5251.7081
1774414800000000,2166.31,2179.73,2164.46,2169.03,15481.4201
1774418400000000,2169.03,2173.19,2163.43,2163.81,9234.8675
1774422000000000,2163.82,2177.49,2159.81,2164.57,8969.4241
1774425600000000,2164.57,2191.93,2164.57,2176.64,20328.6038
1774429200000000,2176.64,2188.9,2175.16,2186.64,8039.8234
1774432800000000,2186.64,2189.04,2181.24,2185.27,7397.7632
1774436400000000,2185.26,2199.02,2179.48,2186.41,21000.8278
1774440000000000,2186.41,2195.09,2165.02,2183.31,25113.0694
1774443600000000,2183.31,2198.16,2179.71,2184.37,17244.4583
1774447200000000,2184.38,2188.02,2173.19,2174.14,14284.2214
1774450800000000,2174.14,2176.9,2147.67,2162.56,19968.0967
1774454400000000,2162.56,2186.85,2155.93,2173.83,21914.3342
1774458000000000,2173.83,2176.24,2160.66,2164.1,8858.8443
1774461600000000,2164.1,2173.35,2157.85,2162.38,7378.6972
1774465200000000,2162.37,2176.38,2159.48,2172.69,7961.6315
1774468800000000,2172.68,2173.03,2159.42,2166.49,3973.5562
1774472400000000,2166.49,2169.53,2161.79,2164.04,3328.5822
1774476000000000,2164.05,2183.5,2161.87,2174.53,8143.8898
1774479600000000,2174.54,2177.14,2164.74,2169.02,6539.1464
1774483200000000,2169.02,2172.19,2162.53,2166.69,7373.5614
1774486800000000,2166.69,2169.27,2160.0,2164.84,5711.0159
1774490400000000,2164.83,2165.79,2144.05,2149.97,9295.5409
1774494000000000,2149.96,2155.56,2144.65,2153.21,7146.5402
1774497600000000,2153.22,2154.58,2147.9,2149.71,3871.0484
1774501200000000,2149.71,2150.9,2113.63,2119.55,22710.7501
1774504800000000,2119.54,2125.01,2112.17,2121.86,9522.1412
1774508400000000,2121.86,2124.78,2112.87,2123.64,13110.8309
1774512000000000,2123.64,2126.89,2114.22,2119.64,9646.7853
1774515600000000,2119.65,2121.87,2074.96,2082.64,35575.4026
1774519200000000,2082.63,2083.89,2072.73,2078.65,13682.0773
1774522800000000,2078.65,2081.41,2062.94,2068.44,17572.4382
1774526400000000,2068.45,2075.66,2066.12,2073.6,14899.6263
1774530000000000,2073.6,2093.79,2069.46,2081.22,22740.718
1774533600000000,2081.22,2085.84,2067.25,2076.27,15174.3947
1774537200000000,2076.28,2076.72,2052.01,2070.4,21444.2828
1774540800000000,2070.4,2070.95,2059.94,2060.9,11049.5835
1774544400000000,2060.9,2070.51,2045.17,2049.41,26059.4246
1774548000000000,2049.41,2055.83,2034.54,2047.17,18682.7943
1774551600000000,2047.18,2054.0,2039.59,2049.12,9753.3951
1774555200000000,2049.11,2080.42,2046.54,2064.89,22015.3882
1774558800000000,2064.89,2077.84,2060.29,2068.37,8042.055
1774562400000000,2068.38,2072.91,2054.88,2065.88,7356.9624
1774566000000000,2065.89,2069.6,2056.35,2060.43,5573.8665
1774569600000000,2060.43,2067.66,2056.8,2065.03,5963.0913
1774573200000000,2065.03,2074.59,2063.33,2074.2,6464.4824
1774576800000000,2074.2,2077.19,2067.45,2068.28,4095.9082
1774580400000000,2068.28,2069.2,2059.33,2061.48,6219.8423
1774584000000000,2061.49,2062.01,2043.49,2053.12,11778.6836
1774587600000000,2053.11,2066.31,2052.28,2061.2,5500.9736
1774591200000000,2061.2,2068.07,2058.5,2062.71,8150.6366
1774594800000000,2062.71,2072.36,2059.99,2066.23,26687.905
1774598400000000,2066.24,2069.6,2034.33,2047.93,27583.5801
1774602000000000,2047.91,2051.68,2036.48,2041.08,9816.3689
1774605600000000,2041.08,2044.52,1986.3,1991.67,50935.0055
1774609200000000,1991.67,1998.44,1983.02,1991.8,30939.9204
1774612800000000,1991.8,1994.85,1982.19,1989.44,20580.1889
1774616400000000,1989.45,1997.42,1971.0,1979.22,27609.0871
1774620000000000,1979.22,1989.54,1970.93,1989.39,26084.8695
1774623600000000,1989.39,2010.45,1983.42,1991.32,34599.2282
1774627200000000,1991.32,1992.27,1980.25,1986.5,15765.1869
1774630800000000,1986.5,1997.6,1974.9,1977.27,13776.895
1774634400000000,1977.28,1986.29,1974.48,1984.43,11147.8167
1774638000000000,1984.43,1997.73,1978.94,1991.71,29660.8329
1774641600000000,1991.7,1996.31,1980.0,1986.04,9603.2605
1774645200000000,1986.05,1991.08,1984.36,1985.73,3983.907
1774648800000000,1985.74,1987.23,1981.95,1985.52,2720.8642
1774652400000000,1985.51,1993.85,1980.54,1992.75,5204.99
1774656000000000,1992.76,1995.16,1989.68,1992.59,4009.8013
1774659600000000,1992.6,1992.7,1984.93,1990.43,7775.3214
1774663200000000,1990.43,1993.69,1983.17,1987.32,3538.7191
1774666800000000,1987.32,1991.25,1987.13,1989.19,2671.978
1774670400000000,1989.19,1992.51,1987.3,1990.8,2365.1314
1774674000000000,1990.8,1994.9,1988.32,1994.23,3194.6928
1774677600000000,1994.22,2007.0,1993.39,2000.95,8339.4358
1774681200000000,2000.95,2008.35,2000.68,2007.07,4419.207
1774684800000000,2007.07,2008.34,1998.26,1999.24,4158.2227
1774688400000000,1999.24,1999.76,1995.6,1999.52,5307.5426
1774692000000000,1999.51,2004.57,1992.77,1996.69,5539.4669
1774695600000000,1996.69,2000.56,1995.86,1997.64,3232.3907
1774699200000000,1997.64,2004.5,1992.25,1999.67,6475.126
1774702800000000,1999.67,2047.45,1999.3,2026.4,30427.1641
1774706400000000,2026.39,2028.99,2016.14,2020.84,13682.392
1774710000000000,2020.83,2040.26,2018.4,2026.84,14625.4102
1774713600000000,2026.84,2030.23,2021.68,2024.78,4889.927
1774717200000000,2024.79,2027.15,2016.5,2020.84,4857.7136
1774720800000000,2020.84,2024.66,2020.37,2021.8,1630.6404
1774724400000000,2021.79,2022.81,2017.01,2020.56,1332.2694
1774728000000000,2020.57,2026.48,2020.56,2024.59,2446.6779
1774731600000000,2024.6,2025.56,2006.69,2009.61,5915.671
1774735200000000,2009.61,2013.14,2005.38,2011.89,4426.194
1774738800000000,2011.88,2011.88,1989.64,1994.74,9570.7102
1774742400000000,1994.74,2000.0,1991.52,1999.16,4042.0247
1774746000000000,1999.16,2007.61,1997.78,2005.08,4379.1952
1774749600000000,2005.09,2010.55,2002.55,2008.93,3658.554
1774753200000000,2008.93,2019.65,2007.04,2011.1,4533.4869
1774756800000000,2011.1,2012.72,2004.23,2005.85,2975.6975
1774760400000000,2005.84,2007.27,1997.67,2005.31,3321.9747
1774764000000000,2005.31,2008.33,2000.02,2004.98,2453.5988
1774767600000000,2004.98,2009.91,2000.04,2006.14,4077.1887
1774771200000000,2006.14,2007.5,2002.66,2004.26,2585.1682
1774774800000000,2004.26,2005.42,1994.5,1999.21,5200.9549
1774778400000000,1999.2,1999.2,1991.9,1995.89,3429.4306
1774782000000000,1995.9,2008.16,1995.22,2003.78,3852.2694
1774785600000000,2003.78,2004.9,1997.82,2001.68,2722.399
1774789200000000,2001.68,2002.14,1983.56,1987.09,9261.1
1774792800000000,1987.09,2002.35,1983.99,1994.17,6745.9691
1774796400000000,1994.17,1998.98,1986.32,1992.97,6503.2005
1774800000000000,1992.98,2003.61,1992.03,1997.82,6490.8616
1774803600000000,1997.82,2000.21,1987.6,1995.1,4682.23
1774807200000000,1995.11,2002.0,1991.58,1997.33,3514.9668
1774810800000000,1997.33,2000.11,1994.36,1995.89,2275.9774
1774814400000000,1995.89,2009.48,1995.84,2002.5,4264.0169
1774818000000000,2002.49,2007.24,2001.5,2006.51,2530.3863
1774821600000000,2006.51,2006.51,1938.82,1973.99,50023.8155
1774825200000000,1973.99,1994.67,1973.63,1984.64,23202.2715
1774828800000000,1984.65,2023.73,1980.28,1997.25,27492.0563
1774832400000000,1997.27,2016.33,1997.19,2010.43,9665.3439
1774836000000000,2010.44,2043.5,2007.53,2029.93,23530.7528
1774839600000000,2029.93,2042.07,2027.5,2035.88,9341.4332
1774843200000000,2035.88,2053.0,2035.88,2048.39,12455.1914
1774846800000000,2048.39,2058.96,2045.14,2047.84,16018.9397
1774850400000000,2047.84,2052.0,2041.19,2042.46,8504.2301
1774854000000000,2042.46,2068.28,2041.54,2059.58,15282.5522
1774857600000000,2059.58,2075.0,2058.15,2062.33,16805.7939
1774861200000000,2062.32,2063.13,2053.87,2055.16,7642.1111
1774864800000000,2055.16,2058.3,2048.14,2057.78,6886.6689
1774868400000000,2057.78,2081.65,2057.78,2071.28,19292.8948
1774872000000000,2071.29,2078.89,2069.07,2074.54,8194.5125
1774875600000000,2074.54,2085.0,2058.17,2060.92,19118.9469
1774879200000000,2060.93,2076.16,2044.25,2071.64,27666.5752
1774882800000000,2071.65,2079.92,2061.91,2074.53,15215.1476
1774886400000000,2074.53,2074.99,2058.95,2066.18,10790.1379
1774890000000000,2066.18,2072.18,2032.0,2041.8,21395.3507
1774893600000000,2041.79,2044.11,2028.04,2032.61,13461.8263
1774897200000000,2032.6,2032.65,2013.33,2023.7,14591.0916
1774900800000000,2023.7,2027.78,2021.14,2023.2,5851.3163
1774904400000000,2023.19,2049.1,2021.16,2036.0,14400.4068
1774908000000000,2036.0,2044.22,2029.51,2033.08,5673.4119
1774911600000000,2033.07,2033.07,2013.92,2026.48,9027.7424
1774915200000000,2026.48,2041.04,2016.29,2036.65,11575.7993
1774918800000000,2036.65,2092.34,2032.27,2073.0,37952.0065
1774922400000000,2072.99,2082.92,2067.25,2073.09,9808.7704
1774926000000000,2073.08,2076.61,2061.87,2066.71,7165.564
1774929600000000,2066.71,2072.24,2057.06,2060.87,9767.5865
1774933200000000,2060.87,2069.0,2054.77,2064.31,6966.4614
1774936800000000,2064.32,2064.95,2055.2,2062.33,7104.4897
1774940400000000,2062.33,2062.91,2042.31,2055.97,11011.0442
1774944000000000,2055.98,2059.2,2036.03,2040.1,10274.3456
1774947600000000,2040.11,2044.5,2012.64,2018.37,22808.2373
1774951200000000,2018.37,2030.28,2017.18,2026.5,9753.183
1774954800000000,2026.5,2044.51,2023.0,2041.2,19943.7718
1774958400000000,2041.21,2057.92,2035.02,2047.78,15267.3566
1774962000000000,2047.78,2079.88,2047.78,2075.37,20810.5927
1774965600000000,2075.37,2092.0,2037.58,2045.94,38453.8525
1774969200000000,2045.94,2077.81,2045.65,2054.85,21417.6464
1774972800000000,2054.85,2108.52,2054.29,2091.7,46551.3832
1774976400000000,2091.7,2124.03,2088.88,2093.36,50852.9773
1774980000000000,2093.35,2115.14,2093.35,2099.89,18730.7612
1774983600000000,2099.88,2104.0,2092.23,2096.54,9937.1431
1774987200000000,2096.54,2111.01,2096.32,2107.66,9394.9389
1774990800000000,2107.66,2109.03,2093.12,2102.63,9418.0037
1774994400000000,2102.64,2104.27,2088.35,2096.51,8199.1651
1774998000000000,2096.52,2108.66,2093.21,2105.43,8732.8219
1775001600000000,2105.43,2117.79,2096.89,2114.72,11320.4724
1775005200000000,2114.73,2115.83,2091.4,2092.95,10566.2532
1775008800000000,2092.94,2096.38,2082.08,2088.45,8502.6779
1775012400000000,2088.46,2106.88,2088.46,2102.91,7586.5948
1775016000000000,2102.91,2116.46,2100.35,2111.26,7709.7695
1775019600000000,2111.26,2137.35,2106.42,2122.67,20075.223
1775023200000000,2122.67,2156.23,2122.57,2151.23,30648.667
1775026800000000,2151.24,2158.0,2130.2,2131.0,19745.3623
1775030400000000,2131.0,2142.93,2125.0,2136.96,18385.7683
1775034000000000,2136.95,2140.46,2128.12,2136.39,13657.7192
1775037600000000,2136.4,2137.93,2126.28,2132.65,7710.0182
1775041200000000,2132.64,2139.37,2130.71,2135.32,6480.7467
1775044800000000,2135.32,2152.0,2121.95,2130.82,21417.4613
1775048400000000,2130.82,2135.31,2108.72,2119.28,28757.3299
1775052000000000,2119.27,2130.6,2114.05,2126.81,16662.6582
1775055600000000,2126.82,2137.72,2122.2,2135.04,10423.5636
1775059200000000,2135.04,2152.51,2125.0,2146.09,19652.133
1775062800000000,2146.1,2167.85,2133.96,2137.21,28614.9498
1775066400000000,2137.21,2137.87,2123.58,2129.23,14904.4013
1775070000000000,2129.23,2145.48,2128.0,2141.43,11467.5825
1775073600000000,2141.43,2147.67,2130.7,2143.92,8588.3705
1775077200000000,2143.92,2165.42,2143.32,2156.89,33515.885
1775080800000000,2156.89,2158.8,2137.4,2139.95,36336.0172
1775084400000000,2139.96,2146.0,2135.5,2140.35,6497.7531
1775088000000000,2140.35,2159.37,2136.09,2156.14,12242.365
1775091600000000,2156.14,2156.15,2090.0,2100.03,50106.9533
1775095200000000,2100.02,2100.02,2065.0,2073.89,25331.829
1775098800000000,2073.9,2076.67,2046.48,2056.33,21103.372
1775102400000000,2056.33,2058.45,2041.77,2044.56,12765.2209
1775106000000000,2044.57,2051.38,2038.63,2050.21,11421.8962
1775109600000000,2050.21,2053.71,2045.56,2050.09,11368.962
1775113200000000,2050.09,2056.76,2044.29,2056.09,10318.0667
1775116800000000,2056.09,2056.09,2045.36,2046.29,7587.7213
1775120400000000,2046.3,2048.14,2039.27,2044.0,9339.0191
1775124000000000,2044.0,2045.05,2032.54,2038.79,9437.2718
1775127600000000,2038.8,2040.28,2024.73,2033.01,8412.9595
1775131200000000,2033.02,2034.03,2024.42,2026.98,11287.8209
1775134800000000,2026.98,2041.02,2017.04,2038.81,21851.0601
1775138400000000,2038.81,2072.22,2032.99,2063.82,38683.3619
1775142000000000,2063.82,2067.89,2048.6,2059.6,16999.3052
1775145600000000,2059.59,2077.64,2052.52,2063.31,19595.7382
1775149200000000,2063.32,2072.0,2044.5,2047.23,11148.0191
1775152800000000,2047.22,2063.0,2043.65,2058.32,8327.3195
1775156400000000,2058.33,2066.66,2054.97,2065.34,5853.874
1775160000000000,2065.35,2074.16,2061.06,2068.19,7110.0845
1775163600000000,2068.2,2070.46,2056.11,2062.98,6195.6446
1775167200000000,2062.99,2064.94,2053.54,2060.03,5345.387
1775170800000000,2060.04,2061.89,2054.0,2057.17,5039.5805
1775174400000000,2057.18,2059.63,2050.04,2053.01,3658.558
1775178000000000,2053.01,2062.49,2045.4,2050.61,5957.6794
1775181600000000,2050.61,2059.73,2040.66,2052.48,13641.7647
1775185200000000,2052.47,2057.22,2050.08,2054.23,4604.5788
1775188800000000,2054.22,2057.8,2048.89,2054.53,3535.1092
1775192400000000,2054.52,2064.58,2047.35,2057.12,6946.4533
1775196000000000,2057.12,2066.61,2054.98,2063.66,6719.2857
1775199600000000,2063.66,2075.17,2062.2,2065.85,7270.4093
1775203200000000,2065.84,2072.0,2058.89,2060.96,9649.3893
1775206800000000,2060.97,2064.06,2057.03,2061.35,4821.5571
1775210400000000,2061.35,2061.35,2053.46,2059.9,4051.9902
1775214000000000,2059.91,2064.76,2057.94,2062.64,2874.6916
1775217600000000,2062.64,2081.76,2045.08,2049.84,15335.5297
1775221200000000,2049.85,2051.18,2041.65,2048.17,7950.3394
1775224800000000,2048.17,2057.12,2045.32,2054.59,6038.137
1775228400000000,2054.59,2057.77,2049.34,2051.26,5407.9689
1775232000000000,2051.26,2056.54,2049.84,2054.7,4063.9595
1775235600000000,2054.7,2055.4,2043.78,2050.36,4212.2581
1775239200000000,2050.36,2053.34,2048.06,2049.26,1876.5841
1775242800000000,2049.26,2054.11,2045.21,2052.68,2549.0412
1775246400000000,2052.69,2055.0,2052.0,2052.75,2868.2806
1775250000000000,2052.75,2060.92,2052.67,2058.42,4888.6892
1775253600000000,2058.41,2059.72,2049.58,2051.79,3624.057
1775257200000000,2051.8,2054.1,2049.23,2053.83,3720.328
1775260800000000,2053.83,2053.86,2051.5,2052.26,1675.1923
1775264400000000,2052.26,2053.8,2049.57,2051.27,1681.6241
1775268000000000,2051.27,2053.3,2047.92,2050.13,2584.5202
1775271600000000,2050.13,2052.08,2049.77,2050.05,1091.4606
1775275200000000,2050.05,2051.62,2048.41,2051.21,1310.6356
1775278800000000,2051.21,2054.89,2050.38,2053.79,1818.1301
1775282400000000,2053.79,2058.0,2052.81,2056.46,3204.6663
1775286000000000,2056.46,2057.37,2051.6,2053.82,2841.9482
1775289600000000,2053.82,2055.44,2049.84,2050.57,2363.4539
1775293200000000,2050.57,2051.9,2049.42,2050.43,2862.9701
1775296800000000,2050.43,2054.92,2047.89,2054.32,3612.058
1775300400000000,2054.32,2055.03,2051.3,2051.84,2783.2612
1775304000000000,2051.84,2053.17,2048.26,2050.15,2573.9912
1775307600000000,2050.15,2055.0,2050.0,2053.59,6453.8102
1775311200000000,2053.58,2054.68,2044.63,2053.1,4750.0024
1775314800000000,2053.1,2062.02,2052.35,2056.29,7667.3607
1775318400000000,2056.29,2062.1,2053.38,2055.75,4189.8173
1775322000000000,2055.75,2058.29,2053.07,2056.98,2934.0725
1775325600000000,2056.98,2058.34,2055.01,2055.15,1692.2754
1775329200000000,2055.15,2084.0,2055.14,2064.71,16701.0527
1775332800000000,2064.71,2064.89,2059.6,2062.81,3522.6088
1775336400000000,2062.8,2071.75,2062.63,2068.83,3423.6933
1775340000000000,2068.84,2072.15,2067.99,2069.14,2168.2004
1775343600000000,2069.14,2069.24,2062.64,2065.52,2597.6351
1775347200000000,2065.51,2065.63,2060.33,2062.1,1941.3568
1775350800000000,2062.1,2062.46,2057.17,2057.37,2413.2758
1775354400000000,2057.37,2059.91,2054.15,2059.86,2686.18
1775358000000000,2059.86,2060.55,2055.37,2056.64,1326.4416
1775361600000000,2056.64,2058.09,2054.11,2055.16,1157.1356
1775365200000000,2055.16,2056.83,2047.21,2048.6,4342.6995
1775368800000000,2048.6,2048.93,2027.75,2038.32,11035.0462
1775372400000000,2038.32,2042.59,2034.48,2037.29,3661.4989
1775376000000000,2037.29,2039.94,2035.91,2039.16,1960.877
1775379600000000,2039.17,2046.0,2038.87,2044.42,2359.0432
1775383200000000,2044.41,2052.53,2042.44,2044.74,3003.5878
1775386800000000,2044.74,2045.83,2040.52,2042.32,1592.5427
1775390400000000,2042.31,2042.31,2021.5,2028.36,9845.9831
1775394000000000,2028.37,2037.75,2025.71,2036.63,4872.8393
1775397600000000,2036.63,2043.32,2035.19,2038.49,5390.7783
1775401200000000,2038.49,2069.89,2034.58,2053.85,17245.054
1775404800000000,2053.85,2059.3,2050.29,2052.15,4008.3159
1775408400000000,2052.15,2062.54,2048.69,2062.53,7871.2374
1775412000000000,2062.54,2066.6,2057.1,2062.99,4214.3547
1775415600000000,2062.99,2069.95,2058.25,2062.37,5296.4634
1775419200000000,2062.38,2075.11,2062.0,2068.91,6169.0852
1775422800000000,2068.9,2069.12,2056.73,2060.01,6449.9069
1775426400000000,2060.01,2088.0,2050.0,2085.79,16148.6882
1775430000000000,2085.78,2123.49,2082.35,2110.17,32360.9284
1775433600000000,2110.17,2135.39,2110.17,2121.99,21652.178
1775437200000000,2122.0,2124.53,2112.48,2115.12,12502.5681
1775440800000000,2115.11,2147.24,2114.59,2133.59,22030.8613
1775444400000000,2133.59,2137.27,2126.59,2129.35,9676.807
1775448000000000,2129.35,2134.77,2125.12,2131.06,9092.357
1775451600000000,2131.06,2134.62,2128.42,2131.29,5374.9136
1775455200000000,2131.29,2139.0,2120.04,2127.53,13310.8525
1775458800000000,2127.53,2141.0,2122.83,2134.9,12354.0352
1775462400000000,2134.91,2147.95,2133.42,2138.48,11262.7856
1775466000000000,2138.48,2174.79,2138.47,2150.97,36268.1446
1775469600000000,2150.97,2157.5,2149.36,2153.27,9506.3097
1775473200000000,2153.27,2153.7,2146.61,2151.53,7937.8489
1775476800000000,2151.53,2154.52,2142.31,2143.59,9671.6099
1775480400000000,2143.59,2149.41,2137.91,2145.99,15191.1911
1775484000000000,2146.0,2165.74,2137.76,2156.71,33151.5114
1775487600000000,2156.72,2169.6,2155.5,2164.65,17897.0008
1775491200000000,2164.65,2168.72,2140.45,2140.62,16868.2349
1775494800000000,2140.62,2141.0,2123.6,2134.95,22223.3552
1775498400000000,2134.96,2148.51,2131.6,2144.84,9169.6397
1775502000000000,2144.84,2145.94,2135.94,2144.25,8437.4677
1775505600000000,2144.25,2155.06,2140.45,2148.81,5786.1548
1775509200000000,2148.8,2148.8,2137.73,2139.54,4290.0762
1775512800000000,2139.54,2140.95,2105.41,2105.41,16021.2598
1775516400000000,2105.41,2110.39,2087.5,2107.16,26377.1264
1775520000000000,2107.16,2120.14,2105.63,2112.66,12222.8926
1775523600000000,2112.66,2120.1,2097.3,2099.51,11345.2191
1775527200000000,2099.51,2111.63,2093.64,2106.84,8048.4942
1775530800000000,2106.84,2109.89,2103.77,2108.37,3191.6287
1775534400000000,2108.37,2119.21,2103.68,2114.22,5021.8324
1775538000000000,2114.23,2114.61,2103.73,2105.52,4524.1773
1775541600000000,2105.53,2106.58,2096.69,2104.25,7241.3761
1775545200000000,2104.26,2106.29,2098.9,2104.04,7285.9935
1775548800000000,2104.03,2117.37,2103.29,2114.84,8502.548
1775552400000000,2114.85,2133.83,2114.13,2128.26,12479.3051
1775556000000000,2128.26,2131.38,2085.79,2089.32,18999.8253
1775559600000000,2089.31,2094.03,2082.35,2089.58,12699.7988
1775563200000000,2089.58,2093.17,2074.09,2086.99,19553.8314
1775566800000000,2086.99,2093.17,2074.5,2074.97,13582.9174
1775570400000000,2074.98,2081.46,2060.24,2069.44,25857.808
1775574000000000,2069.44,2083.75,2064.76,2080.06,17554.4056
1775577600000000,2080.07,2090.14,2077.52,2083.76,10529.9894
1775581200000000,2083.75,2115.17,2079.8,2099.5,16296.7087
1775584800000000,2099.49,2101.39,2082.43,2086.3,7595.3585
1775588400000000,2086.29,2116.65,2084.04,2113.39,20780.0757
1775592000000000,2113.39,2125.59,2110.68,2115.53,14390.7585
1775595600000000,2115.52,2153.0,2115.52,2145.04,30017.5265
1775599200000000,2145.05,2219.88,2145.05,2219.77,80299.7826
1775602800000000,2219.78,2273.87,2215.73,2240.01,92072.5559
1775606400000000,2240.01,2251.39,2228.24,2236.08,30356.804
1775610000000000,2236.09,2242.77,2230.45,2234.06,13860.1381
1775613600000000,2234.07,2247.42,2230.76,2237.28,18487.9076
1775617200000000,2237.28,2239.46,2232.0,2234.68,8578.4772
1775620800000000,2234.68,2252.5,2234.68,2240.77,17282.8755
1775624400000000,2240.76,2245.1,2238.3,2240.7,8255.3009
1775628000000000,2240.7,2253.86,2235.49,2246.01,15941.3222
1775631600000000,2246.01,2260.76,2244.63,2253.76,18276.5112
1775635200000000,2253.76,2259.51,2250.44,2256.48,13992.2559
1775638800000000,2256.47,2263.35,2245.99,2249.59,19365.3909
1775642400000000,2249.59,2253.86,2242.39,2242.67,7002.8262
1775646000000000,2242.66,2254.72,2237.12,2247.23,11966.1372
1775649600000000,2247.23,2259.33,2242.67,2255.88,15657.0421
1775653200000000,2255.88,2270.55,2231.58,2236.06,38245.6158
1775656800000000,2236.05,2240.94,2186.61,2195.22,55465.7011
1775660400000000,2195.23,2218.35,2193.46,2215.45,20114.6724
1775664000000000,2215.44,2225.41,2211.23,2220.76,13088.3114
1775667600000000,2220.77,2239.5,2213.03,2231.88,14675.7031
1775671200000000,2231.87,2232.65,2199.32,2201.41,15484.3027
1775674800000000,2201.4,2211.74,2197.7,2211.04,10287.9908
1775678400000000,2211.03,2216.66,2205.84,2209.81,5117.0171
1775682000000000,2209.81,2222.55,2207.9,2214.53,7141.0016
1775685600000000,2214.54,2215.15,2186.97,2189.87,12489.3456
1775689200000000,2189.86,2193.95,2179.78,2190.0,13584.9815
1775692800000000,2190.0,2193.79,2179.3,2183.03,9626.2087
1775696400000000,2183.03,2185.27,2162.0,2178.69,15127.9165
1775700000000000,2178.68,2185.5,2174.01,2181.69,5982.5838
1775703600000000,2181.69,2183.98,2175.6,2182.49,4172.2635
1775707200000000,2182.49,2182.49,2176.42,2177.64,4180.2073
1775710800000000,2177.64,2188.99,2175.6,2182.17,7702.8529
1775714400000000,2182.18,2186.13,2175.6,2181.51,4273.8514
1775718000000000,2181.52,2185.78,2180.02,2181.14,8099.1789
1775721600000000,2181.14,2190.72,2176.37,2186.37,8257.8256
1775725200000000,2186.36,2197.7,2179.72,2194.14,8927.176
1775728800000000,2194.13,2196.22,2188.08,2190.7,8945.7665
1775732400000000,2190.69,2193.13,2178.31,2180.26,7213.8148
1775736000000000,2180.26,2186.98,2174.27,2183.34,9640.0717
1775739600000000,2183.33,2186.54,2158.19,2165.22,16119.3672
1775743200000000,2165.23,2182.19,2157.31,2177.63,13247.797
1775746800000000,2177.64,2225.0,2169.51,2217.99,37016.1247
1775750400000000,2218.0,2229.4,2193.0,2208.33,19736.8531
1775754000000000,2208.33,2225.47,2206.43,2222.75,16732.2496
1775757600000000,2222.75,2223.69,2200.64,2206.86,9466.94
1775761200000000,2206.86,2224.52,2204.39,2216.42,11262.9973
1775764800000000,2216.42,2222.0,2210.31,2213.08,9292.9452
1775768400000000,2213.08,2226.34,2207.54,2210.78,7702.1243
1775772000000000,2210.79,2246.0,2197.5,2197.69,20803.3917
1775775600000000,2197.69,2201.09,2183.33,2190.2,11787.4426
1775779200000000,2190.17,2197.39,2181.95,2195.17,8145.1058
1775782800000000,2195.17,2204.1,2176.1,2194.7,12958.4122
1775786400000000,2194.69,2198.62,2187.01,2189.12,5478.4437
1775790000000000,2189.11,2192.38,2182.68,2186.06,6591.333
1775793600000000,2186.05,2199.34,2185.95,2195.71,8449.6804
1775797200000000,2195.71,2203.11,2192.49,2196.9,6931.587
1775800800000000,2196.91,2198.44,2184.0,2186.2,7494.4417
1775804400000000,2186.21,2188.57,2176.4,2179.28,8738.2884
1775808000000000,2179.27,2190.11,2177.13,2185.86,7505.4562
1775811600000000,2185.85,2197.58,2185.83,2196.03,7897.3355
1775815200000000,2196.04,2198.29,2190.66,2197.24,5030.0878
1775818800000000,2197.25,2224.28,2197.22,2215.65,27238.3539
1775822400000000,2215.66,2228.51,2208.18,2218.9,21377.2433
1775826000000000,2218.9,2225.51,2208.4,2223.08,13705.7194
1775829600000000,2223.08,2254.27,2220.43,2242.76,39205.5195
1775833200000000,2242.76,2257.99,2220.36,2224.27,21462.2655
1775836800000000,2224.28,2247.42,2221.46,2245.36,14371.2053
1775840400000000,2245.37,2249.45,2239.29,2248.42,8726.5575
1775844000000000,2248.41,2251.9,2239.06,2249.33,8296.7903
1775847600000000,2249.32,2256.0,2243.52,2253.17,6307.8692
1775851200000000,2253.17,2257.14,2243.03,2255.33,10016.3472
1775854800000000,2255.33,2255.68,2242.34,2254.87,6229.9527
1775858400000000,2254.88,2255.49,2235.41,2242.24,7568.2712
1775862000000000,2242.25,2245.66,2239.31,2245.05,3172.8191
1775865600000000,2245.06,2245.06,2235.92,2238.77,5000.1618
1775869200000000,2238.77,2246.5,2234.81,2244.2,5117.0379
1775872800000000,2244.2,2252.15,2242.2,2248.19,4262.1507
1775876400000000,2248.19,2250.78,2235.77,2237.17,4975.7554
1775880000000000,2237.18,2242.93,2235.45,2240.97,5020.1024
1775883600000000,2240.98,2241.71,2229.0,2232.79,8378.0091
1775887200000000,2232.79,2236.73,2229.62,2235.66,5777.1398
1775890800000000,2235.68,2236.51,2230.58,2232.6,3302.0889
1775894400000000,2232.6,2235.43,2232.14,2232.9,4658.7629
1775898000000000,2232.89,2249.31,2232.24,2243.83,10245.6974
1775901600000000,2243.84,2245.12,2237.7,2240.46,3647.1528
1775905200000000,2240.42,2247.0,2238.67,2246.11,4110.2145
1775908800000000,2246.12,2246.71,2241.16,2245.5,2702.3559
1775912400000000,2245.49,2245.5,2233.72,2239.76,6483.544
1775916000000000,2239.75,2244.1,2238.39,2242.1,2755.4128
1775919600000000,2242.1,2256.11,2241.39,2249.54,7055.5261
1775923200000000,2249.54,2274.42,2246.53,2258.68,12794.9999
1775926800000000,2258.68,2265.49,2253.87,2260.01,7292.9373
1775930400000000,2260.01,2311.53,2257.34,2305.44,37997.9082
1775934000000000,2305.43,2329.93,2305.31,2315.96,31171.2632
1775937600000000,2315.96,2317.14,2288.32,2298.32,18271.8949
1775941200000000,2298.32,2304.13,2292.35,2299.36,7471.7
1775944800000000,2299.35,2308.0,2289.03,2296.88,7556.8034
1775948400000000,2296.89,2296.89,2276.47,2284.99,8736.7846
1775952000000000,2285.0,2288.24,2273.0,2285.72,11950.9632
1775955600000000,2285.72,2288.57,2209.14,2219.05,47252.7935
1775959200000000,2219.05,2234.35,2207.06,2223.43,16377.1274
1775962800000000,2223.42,2227.15,2211.99,2213.71,15756.5771
1775966400000000,2213.7,2216.5,2209.08,2212.16,11540.8392
1775970000000000,2212.17,2219.96,2208.32,2217.28,7916.3233
1775973600000000,2217.28,2220.87,2214.71,2216.07,3635.7662
1775977200000000,2216.08,2220.48,2212.2,2218.02,4551.117
1775980800000000,2218.02,2219.04,2211.92,2214.0,5164.478
1775984400000000,2214.0,2216.08,2211.44,2214.19,5214.3202
1775988000000000,2214.2,2217.24,2194.32,2201.66,10789.8651
1775991600000000,2201.65,2207.41,2197.54,2204.62,5559.1
1775995200000000,2204.62,2208.22,2188.0,2194.76,12882.0071
1775998800000000,2194.76,2199.17,2185.17,2186.98,15286.3697
1776002400000000,2186.98,2193.53,2178.69,2180.86,16800.0145
1776006000000000,2180.88,2188.89,2175.0,2186.47,8622.2898
1776009600000000,2186.47,2190.43,2183.09,2187.09,4674.3927
1776013200000000,2187.09,2205.0,2187.09,2203.17,7545.5178
1776016800000000,2203.18,2207.23,2199.56,2200.6,5588.7032
1776020400000000,2200.6,2205.2,2197.4,2198.27,3607.8964
1776024000000000,2198.27,2218.13,2193.34,2213.53,8794.3235
1776027600000000,2213.54,2217.71,2205.19,2211.24,4865.707
1776031200000000,2211.24,2211.26,2183.99,2199.37,16989.2668
1776034800000000,2199.36,2199.36,2186.35,2191.65,6791.1234
1776038400000000,2191.64,2208.32,2187.2,2205.18,10357.5572
1776042000000000,2205.18,2209.05,2200.55,2203.69,5431.0629
1776045600000000,2203.68,2205.84,2192.49,2194.22,5454.4607
1776049200000000,2194.23,2195.8,2190.1,2194.36,5212.3977
1776052800000000,2194.36,2199.14,2187.58,2190.26,4948.9015
1776056400000000,2190.25,2191.35,2182.22,2191.34,7155.0899
1776060000000000,2191.34,2201.45,2190.32,2198.49,11369.6534
1776063600000000,2198.49,2199.76,2183.11,2186.56,9718.1181
1776067200000000,2186.57,2189.65,2180.0,2185.28,7895.1899
1776070800000000,2185.28,2195.34,2185.28,2188.08,3884.4226
1776074400000000,2188.08,2188.78,2179.0,2183.41,4548.1763
1776078000000000,2183.41,2190.96,2182.45,2187.33,4289.7666
1776081600000000,2187.33,2200.0,2175.68,2192.25,16772.6337
1776085200000000,2192.3,2215.62,2181.4,2215.47,30435.3799
1776088800000000,2215.46,2235.03,2203.45,2234.18,31071.8324
1776092400000000,2234.18,2236.43,2199.52,2209.28,25979.5165
1776096000000000,2209.28,2234.62,2200.0,2225.86,16260.3153
1776099600000000,2225.85,2242.9,2222.5,2225.13,12050.6755
1776103200000000,2225.12,2233.63,2218.53,2232.23,6657.7952
1776106800000000,2232.22,2268.88,2227.72,2262.33,29841.8728
1776110400000000,2262.33,2263.48,2247.5,2252.49,14180.552
1776114000000000,2252.49,2266.66,2249.62,2260.07,8155.7034
1776117600000000,2260.07,2363.94,2259.81,2352.74,95874.8042
1776121200000000,2352.74,2394.71,2341.53,2369.46,86324.9515
1776124800000000,2369.46,2375.9,2359.55,2361.0,27078.1045
1776128400000000,2361.01,2373.42,2354.6,2368.7,21849.8271
1776132000000000,2368.7,2378.06,2366.22,2367.62,14924.9864
1776135600000000,2367.62,2370.53,2361.55,2365.5,10579.9345
1776139200000000,2365.5,2368.38,2361.81,2364.33,7975.3935
1776142800000000,2364.34,2369.55,2354.76,2355.49,15577.023
1776146400000000,2355.49,2376.68,2355.49,2373.08,13857.3449
1776150000000000,2373.08,2389.99,2370.59,2377.91,26446.3596
1776153600000000,2377.92,2396.03,2374.04,2387.61,24928.2101
1776157200000000,2387.62,2394.73,2382.82,2387.14,13416.5833
1776160800000000,2387.14,2387.85,2373.0,2375.08,13047.6141
1776164400000000,2375.08,2377.91,2367.61,2374.53,14778.9188
1776168000000000,2374.54,2377.74,2368.56,2373.94,12278.3595
1776171600000000,2373.95,2395.97,2372.67,2391.5,37056.2013
1776175200000000,2391.51,2415.5,2352.59,2353.05,64481.5343
1776178800000000,2353.05,2372.12,2332.72,2364.63,41191.3033
1776182400000000,2364.62,2371.48,2329.56,2334.0,20715.8534
1776186000000000,2334.0,2345.49,2323.66,2338.37,14195.9839
1776189600000000,2338.37,2344.69,2309.28,2313.89,22655.0283
1776193200000000,2313.89,2322.73,2302.9,2313.32,15604.0232
1776196800000000,2313.32,2322.73,2308.53,2315.1,6539.0735
1776200400000000,2315.1,2326.21,2314.87,2323.72,6233.4385
1776204000000000,2323.72,2332.35,2311.75,2314.99,9731.0497
1776207600000000,2314.99,2326.65,2314.32,2322.44,4965.2354
1776211200000000,2322.44,2342.76,2321.63,2333.81,10921.3059
1776214800000000,2333.8,2342.6,2331.18,2335.66,7454.8421
1776218400000000,2335.66,2338.02,2317.56,2324.77,6851.7801
1776222000000000,2324.78,2329.39,2320.57,2328.81,3673.6185
1776225600000000,2328.82,2334.7,2328.0,2333.44,4920.3218
1776229200000000,2333.43,2338.23,2314.0,2319.45,8570.8757
1776232800000000,2319.44,2321.02,2314.99,2317.37,6070.7059
1776236400000000,2317.37,2323.53,2308.5,2316.62,11943.6405
1776240000000000,2316.62,2333.0,2314.07,2327.4,16606.8901
1776243600000000,2327.4,2329.62,2318.47,2319.95,4819.8486
1776247200000000,2319.95,2328.52,2312.15,2316.64,7926.8066
1776250800000000,2316.65,2339.42,2316.65,2337.43,10421.2382
1776254400000000,2337.42,2340.0,2329.66,2332.98,8755.6666
1776258000000000,2332.97,2334.76,2317.54,2326.94,11829.0249
1776261600000000,2326.93,2344.88,2321.94,2338.4,16587.6534
1776265200000000,2338.41,2349.46,2320.77,2332.04,18184.4927
1776268800000000,2332.03,2349.87,2329.1,2341.48,11622.9701
1776272400000000,2341.48,2358.82,2339.65,2348.66,16815.8182
1776276000000000,2348.66,2359.96,2346.34,2358.66,10732.0648
1776279600000000,2358.66,2385.61,2357.37,2375.05,20867.7512
1776283200000000,2375.05,2376.31,2353.72,2362.95,11389.336
1776286800000000,2362.95,2363.5,2348.58,2361.3,9619.6481
1776290400000000,2361.29,2380.45,2360.33,2363.45,17952.2343
1776294000000000,2363.46,2363.46,2349.6,2359.95,13652.1034
1776297600000000,2359.94,2363.54,2349.93,2360.58,5089.6025
1776301200000000,2360.58,2360.58,2345.04,2352.06,5778.7342
1776304800000000,2352.06,2369.59,2350.01,2356.68,8626.0775
1776308400000000,2356.67,2365.88,2355.91,2357.86,4878.3062
1776312000000000,2357.85,2364.0,2348.38,2354.13,6478.9831
1776315600000000,2354.14,2361.79,2349.59,2356.86,7640.4611
1776319200000000,2356.86,2360.57,2349.77,2356.01,6083.5709
1776322800000000,2356.02,2357.56,2335.72,2341.52,12827.0905
1776326400000000,2341.52,2345.98,2334.65,2339.11,9100.1126
1776330000000000,2339.12,2348.4,2337.79,2338.09,10880.1782
1776333600000000,2338.09,2340.21,2328.64,2332.42,12442.8726
1776337200000000,2332.42,2336.26,2329.8,2335.67,6294.7818
1776340800000000,2335.68,2349.45,2334.99,2340.44,8984.2195
1776344400000000,2340.44,2351.8,2290.57,2308.29,42907.1349
1776348000000000,2308.28,2316.34,2285.1,2309.97,39904.1263
1776351600000000,2309.96,2349.84,2308.5,2339.01,30320.2111
1776355200000000,2339.01,2348.69,2309.96,2316.76,22375.2714
1776358800000000,2316.77,2329.48,2310.0,2325.79,11322.7343
1776362400000000,2325.8,2346.66,2320.4,2343.1,19719.0157
1776366000000000,2343.11,2361.96,2334.66,2359.7,19102.8217
1776369600000000,2359.69,2364.68,2341.51,2350.23,17899.2598
1776373200000000,2350.23,2356.53,2336.25,2341.17,7555.301
1776376800000000,2341.18,2350.56,2339.3,2342.6,7404.2463
1776380400000000,2342.59,2355.0,2341.61,2348.17,5345.8245
1776384000000000,2348.16,2350.9,2341.0,2344.4,5096.9585
1776387600000000,2344.39,2349.0,2327.34,2335.38,9065.6351
1776391200000000,2335.37,2338.74,2324.93,2331.75,3963.8143
1776394800000000,2331.75,2331.77,2323.83,2325.52,3875.5735
1776398400000000,2325.53,2333.73,2324.21,2328.96,3921.1627
1776402000000000,2328.96,2329.36,2317.43,2319.29,10909.5799
1776405600000000,2319.29,2332.4,2317.49,2331.09,8766.8731
1776409200000000,2331.1,2342.02,2330.09,2334.16,7881.1481
1776412800000000,2334.15,2359.27,2332.98,2354.87,14930.4864
1776416400000000,2354.87,2377.0,2348.28,2359.1,22969.8945
1776420000000000,2359.1,2361.1,2336.45,2344.01,18019.5018
1776423600000000,2344.01,2356.96,2343.08,2354.99,9954.5648
1776427200000000,2355.0,2382.66,2349.4,2371.97,25552.7435
1776430800000000,2371.97,2440.45,2366.8,2437.05,108132.4591
1776434400000000,2437.05,2456.93,2426.31,2447.25,58878.8986
1776438000000000,2447.25,2449.99,2433.16,2441.96,28271.7852
1776441600000000,2441.96,2464.91,2441.49,2451.3,25909.3116
1776445200000000,2451.31,2452.5,2422.08,2440.42,21460.1278
1776448800000000,2440.42,2442.68,2415.41,2419.99,18100.8743
1776452400000000,2420.0,2432.92,2417.17,2427.92,11328.0538
1776456000000000,2427.92,2435.29,2417.01,2426.78,7432.0733
1776459600000000,2426.76,2433.48,2418.71,2429.49,10249.1991
1776463200000000,2429.49,2444.34,2422.78,2433.52,41952.2647
1776466800000000,2433.52,2433.52,2415.47,2419.0,15108.3778
1776470400000000,2419.0,2423.58,2410.06,2420.99,9442.6515
1776474000000000,2420.99,2427.64,2416.8,2420.99,6314.6879
1776477600000000,2421.0,2424.85,2416.83,2419.2,5207.8575
1776481200000000,2419.21,2419.83,2399.54,2405.04,8107.5633
1776484800000000,2405.03,2410.48,2399.52,2407.48,4894.9602
1776488400000000,2407.48,2413.54,2405.83,2408.95,2586.2278
1776492000000000,2408.94,2411.87,2405.52,2410.0,2945.3983
1776495600000000,2410.0,2411.12,2401.67,2403.71,4515.4091
1776499200000000,2403.71,2404.85,2367.39,2380.57,25832.0067
1776502800000000,2380.57,2380.93,2369.75,2376.04,9571.8861
1776506400000000,2376.03,2376.03,2353.88,2359.34,18142.5656
1776510000000000,2359.34,2360.47,2343.44,2352.96,14433.3994
1776513600000000,2352.96,2362.5,2351.15,2357.93,8121.2724
1776517200000000,2357.92,2360.07,2345.25,2355.13,9779.7365
1776520800000000,2355.13,2366.0,2349.72,2365.23,26117.5187
1776524400000000,2365.23,2369.66,2359.11,2363.64,13336.9852
1776528000000000,2363.64,2375.14,2357.57,2360.87,12285.7588
1776531600000000,2360.86,2364.87,2355.0,2361.46,10741.1145
1776535200000000,2361.47,2363.64,2339.92,2347.44,11078.9477
1776538800000000,2347.45,2356.02,2346.49,2348.59,5076.6851
1776542400000000,2348.59,2354.9,2344.96,2352.62,3744.8446
1776546000000000,2352.61,2355.33,2347.74,2355.33,4154.6368
1776549600000000,2355.32,2359.46,2348.63,2356.53,2745.8838
1776553200000000,2356.54,2359.5,2349.68,2350.32,2563.3913
1776556800000000,2350.33,2355.3,2344.35,2349.09,3439.1131
1776560400000000,2349.09,2353.0,2341.66,2348.03,5285.1901
1776564000000000,2348.04,2349.2,2333.44,2338.25,8271.2463
1776567600000000,2338.24,2344.09,2332.1,2339.77,3295.8301
1776571200000000,2339.77,2346.11,2321.62,2333.34,9557.8518
1776574800000000,2333.34,2338.68,2329.0,2332.76,4832.87
1776578400000000,2332.75,2333.12,2321.88,2327.2,14717.5852
1776582000000000,2327.2,2327.32,2300.0,2316.03,25296.4448
1776585600000000,2316.03,2320.96,2311.2,2318.69,6286.5382
1776589200000000,2318.69,2319.36,2306.42,2310.24,4969.1452
1776592800000000,2310.24,2320.15,2306.73,2318.01,3803.1001
1776596400000000,2318.02,2331.13,2317.53,2329.38,8216.7405
1776600000000000,2329.38,2337.24,2325.0,2331.29,10647.4565
1776603600000000,2331.29,2350.24,2330.85,2338.67,12823.5829
1776607200000000,2338.67,2343.12,2327.35,2338.09,6753.5851
1776610800000000,2338.09,2341.49,2315.29,2330.8,7442.0947
1776614400000000,2330.8,2331.34,2304.7,2311.68,10427.6144
1776618000000000,2311.68,2317.81,2294.5,2296.59,19133.8743
1776621600000000,2296.58,2301.25,2287.62,2295.78,16668.7481
1776625200000000,2295.78,2304.78,2294.42,2299.65,7573.4719
1776628800000000,2299.66,2300.0,2273.51,2280.61,19343.7054
1776632400000000,2280.61,2290.34,2274.98,2276.09,7305.1882
1776636000000000,2276.08,2276.08,2252.72,2269.79,28519.8571
1776639600000000,2269.78,2270.4,2256.33,2263.27,11475.9936
1776643200000000,2263.28,2283.14,2259.67,2280.01,12643.2639
1776646800000000,2280.02,2294.3,2278.2,2286.17,7563.3705
1776650400000000,2286.16,2287.63,2272.25,2277.43,5859.7575
1776654000000000,2277.43,2288.58,2276.08,2286.56,3966.857
1776657600000000,2286.55,2286.55,2278.84,2283.39,5327.0777
1776661200000000,2283.39,2283.39,2263.18,2270.21,8416.403
1776664800000000,2270.21,2289.0,2268.78,2286.17,7027.7389
1776668400000000,2286.17,2332.88,2283.02,2298.8,38704.943
1776672000000000,2298.81,2308.65,2289.82,2294.09,14250.2542
1776675600000000,2294.08,2313.64,2293.3,2309.06,8516.3025
1776679200000000,2309.06,2320.0,2303.23,2303.39,7456.3501
1776682800000000,2303.39,2312.33,2300.0,2308.42,7390.6587
1776686400000000,2308.42,2323.02,2304.46,2318.88,11999.4475
1776690000000000,2318.88,2326.36,2301.53,2310.82,17038.1365
1776693600000000,2310.82,2321.98,2283.0,2290.9,33102.9123
1776697200000000,2290.91,2319.0,2278.38,2313.91,23294.0376
1776700800000000,2313.92,2315.01,2298.76,2300.07,9601.3892
1776704400000000,2300.07,2322.4,2297.97,2317.06,12548.2286
1776708000000000,2317.06,2344.19,2317.06,2334.23,23517.3105
1776711600000000,2334.24,2336.43,2327.27,2331.78,7765.5746
1776715200000000,2331.78,2340.15,2325.33,2337.59,8921.2342
1776718800000000,2337.58,2346.78,2315.21,2321.65,14498.1636
1776722400000000,2321.64,2328.52,2316.75,2319.4,5121.2471
1776726000000000,2319.4,2319.4,2307.74,2313.85,6469.4072
1776729600000000,2313.84,2324.7,2311.66,2321.94,5640.5103
1776733200000000,2321.94,2326.64,2312.66,2315.16,5266.9132
1776736800000000,2315.16,2315.72,2306.45,2308.34,5528.1609
1776740400000000,2308.34,2312.9,2300.01,2311.62,6345.6065
1776744000000000,2311.62,2315.87,2304.06,2314.59,3834.0953
1776747600000000,2314.59,2320.69,2312.65,2314.07,3741.6506
1776751200000000,2314.07,2327.05,2308.01,2317.36,5716.0288
1776754800000000,2317.37,2324.98,2311.56,2318.48,9653.5986
1776758400000000,2318.48,2338.75,2314.0,2323.43,8919.8273
1776762000000000,2323.42,2327.65,2318.37,2325.69,5091.0695
1776765600000000,2325.7,2337.27,2325.33,2331.15,7326.5133
1776769200000000,2331.15,2331.29,2316.14,2320.45,9302.9582
1776772800000000,2320.45,2324.68,2294.39,2308.54,16334.8429
1776776400000000,2308.54,2317.37,2301.0,2312.77,9222.5973
1776780000000000,2312.77,2327.5,2295.0,2299.35,13991.7538
1776783600000000,2299.35,2310.72,2290.35,2310.24,12568.8512
1776787200000000,2310.25,2324.73,2306.51,2307.45,12280.4691
1776790800000000,2307.44,2319.61,2284.19,2306.21,18658.5883
1776794400000000,2306.2,2313.33,2300.29,2312.72,7991.7076
1776798000000000,2312.72,2332.0,2287.3,2298.41,23355.8438
1776801600000000,2298.42,2325.88,2296.04,2314.56,19563.429
1776805200000000,2314.55,2318.0,2309.41,2312.56,4222.5347
1776808800000000,2312.56,2316.76,2301.9,2311.35,5248.7593
1776812400000000,2311.35,2329.47,2310.92,2327.14,6839.6675
1776816000000000,2327.15,2330.82,2322.62,2325.58,5576.6357
1776819600000000,2325.57,2328.73,2312.95,2322.37,6606.1381
1776823200000000,2322.37,2375.23,2320.22,2370.34,35435.1615
1776826800000000,2370.35,2379.66,2358.49,2363.62,19156.4486
1776830400000000,2363.63,2369.54,2358.41,2363.81,8422.8355
1776834000000000,2363.82,2413.83,2361.85,2396.81,55731.406
1776837600000000,2396.81,2397.06,2389.44,2393.37,12010.9363
1776841200000000,2393.38,2397.62,2383.33,2389.97,13184.7681
1776844800000000,2389.98,2393.91,2383.0,2388.22,13789.8585
1776848400000000,2388.22,2394.27,2385.0,2387.51,7492.288
1776852000000000,2387.52,2393.68,2385.15,2390.2,7644.1127
1776855600000000,2390.21,2400.78,2386.51,2398.44,12475.1132
1776859200000000,2398.44,2407.03,2396.16,2404.92,14367.4269
1776862800000000,2404.91,2423.0,2401.27,2417.4,28321.2416
1776866400000000,2417.4,2423.75,2391.5,2403.17,26739.8227
1776870000000000,2403.17,2413.89,2390.9,2403.83,29310.3346
1776873600000000,2403.84,2413.75,2384.17,2386.14,19934.1991
1776877200000000,2386.15,2402.5,2386.15,2399.21,11859.3039
1776880800000000,2399.21,2404.69,2395.09,2396.91,7000.2611
1776884400000000,2396.92,2407.24,2389.18,2397.79,11527.4479
1776888000000000,2397.8,2402.34,2390.81,2391.92,8758.4624
1776891600000000,2391.91,2406.11,2391.88,2402.55,7026.7345
1776895200000000,2402.55,2405.38,2394.09,2400.09,5897.7986
1776898800000000,2400.08,2400.48,2373.95,2374.07,11438.3904
1776902400000000,2374.08,2382.0,2342.8,2372.96,36491.312
1776906000000000,2372.96,2372.97,2360.72,2366.79,7971.3587
1776909600000000,2366.79,2366.86,2344.35,2351.96,16562.4079
1776913200000000,2351.96,2353.44,2331.5,2340.81,15181.0367
1776916800000000,2340.82,2348.66,2337.12,2347.84,6876.0742
1776920400000000,2347.84,2352.61,2340.19,2348.77,9395.0987
1776924000000000,2348.77,2358.93,2348.77,2354.43,11877.4383
1776927600000000,2354.44,2356.85,2340.0,2344.43,11195.0451
1776931200000000,2344.43,2345.0,2335.0,2339.92,17537.3805
1776934800000000,2339.91,2339.91,2313.58,2316.25,27426.2566
1776938400000000,2316.24,2319.17,2305.61,2314.09,19663.9824
1776942000000000,2314.09,2331.99,2314.09,2328.97,13523.4182
1776945600000000,2328.96,2335.23,2320.81,2328.87,11828.3231
1776949200000000,2328.88,2332.5,2315.23,2319.82,12436.9399
1776952800000000,2319.81,2335.12,2316.07,2334.24,13699.8644
1776956400000000,2334.24,2343.58,2324.15,2333.26,14842.7727
1776960000000000,2333.26,2335.76,2323.39,2326.38,8034.7963
1776963600000000,2326.39,2329.24,2285.42,2310.42,45125.7374
1776967200000000,2310.42,2319.04,2304.42,2305.31,14250.7026
1776970800000000,2305.3,2318.97,2300.7,2312.88,11612.5476
1776974400000000,2312.87,2329.48,2312.74,2325.37,10663.5008
1776978000000000,2325.36,2328.85,2320.73,2321.66,6005.6248
1776981600000000,2321.66,2338.79,2321.66,2331.97,8475.7696
1776985200000000,2331.97,2333.18,2323.71,2330.26,5968.3038
1776988800000000,2330.27,2337.5,2326.68,2332.48,5575.8374
1776992400000000,2332.47,2334.23,2318.69,2332.84,6039.2936
1776996000000000,2332.83,2335.39,2315.05,2319.91,6028.7269
1776999600000000,2319.9,2322.84,2301.35,2308.64,9361.0353
1777003200000000,2308.63,2311.75,2300.5,2306.16,6882.2118
1777006800000000,2306.16,2317.35,2300.22,2314.74,8521.9314
1777010400000000,2314.75,2316.87,2308.71,2309.2,5049.9538
1777014000000000,2309.21,2316.85,2308.48,2311.63,8194.8432
1777017600000000,2311.63,2322.99,2307.49,2315.24,11658.1971
1777021200000000,2315.24,2315.79,2303.74,2310.18,6774.4396
1777024800000000,2310.19,2319.06,2306.0,2316.02,4784.8663
1777028400000000,2316.01,2332.26,2316.01,2328.1,12651.4171
1777032000000000,2328.1,2331.85,2318.53,2325.25,9855.0136
1777035600000000,2325.26,2331.67,2310.99,2317.32,9015.9396
1777039200000000,2317.32,2318.4,2304.07,2313.41,13688.6377
1777042800000000,2313.42,2329.73,2301.61,2323.81,14252.1395
1777046400000000,2323.81,2324.23,2310.0,2316.67,6290.7827
1777050000000000,2316.66,2322.0,2308.82,2319.6,7562.0537
1777053600000000,2319.59,2321.41,2310.01,2319.92,5197.7671
1777057200000000,2319.93,2325.0,2319.22,2321.6,5615.6482
1777060800000000,2321.59,2328.16,2315.38,2326.47,6361.6058
1777064400000000,2326.47,2327.52,2312.6,2315.18,7039.3094
1777068000000000,2315.19,2316.17,2307.2,2311.92,6034.2204
1777071600000000,2311.93,2316.05,2311.93,2314.99,1451.7469
1777075200000000,2314.98,2316.05,2311.27,2316.04,1576.4557
1777078800000000,2316.04,2321.36,2315.46,2318.0,2215.4404
1777082400000000,2318.01,2319.27,2314.78,2317.4,2081.6226
1777086000000000,2317.41,2320.43,2315.12,2318.43,1765.5401
1777089600000000,2318.44,2319.01,2316.15,2316.79,1445.5685
1777093200000000,2316.8,2316.8,2313.3,2316.01,1473.4562
1777096800000000,2316.01,2317.64,2314.89,2316.01,1591.222
1777100400000000,2316.0,2318.81,2314.26,2316.48,1817.9079
1777104000000000,2316.48,2320.92,2315.92,2319.44,1641.0374
1777107600000000,2319.43,2323.21,2317.17,2319.12,4665.1404
1777111200000000,2319.11,2322.74,2318.93,2320.56,2081.2043
1777114800000000,2320.57,2320.57,2311.2,2313.64,3083.4151
1777118400000000,2313.65,2317.02,2311.88,2313.55,3479.1391
1777122000000000,2313.56,2317.88,2313.56,2316.25,2342.7918
1777125600000000,2316.25,2318.94,2315.27,2316.02,3122.024
1777129200000000,2316.03,2318.68,2303.0,2308.09,6697.5229
1777132800000000,2308.08,2311.03,2300.55,2309.53,10410.5762
1777136400000000,2309.54,2313.62,2307.34,2309.36,4362.4731
1777140000000000,2309.36,2313.98,2308.28,2311.55,2819.9631
1777143600000000,2311.55,2312.31,2307.12,2310.06,2083.6742
1777147200000000,2310.06,2313.21,2308.85,2313.2,1361.6127
1777150800000000,2313.21,2317.35,2312.86,2315.8,2432.5274
1777154400000000,2315.79,2320.42,2315.09,2317.75,1894.6646
1777158000000000,2317.76,2319.86,2316.92,2319.5,1694.2394
1777161600000000,2319.49,2320.06,2312.0,2315.37,2339.5759
1777165200000000,2315.37,2317.88,2313.48,2313.85,2629.4889
1777168800000000,2313.84,2318.4,2313.58,2315.15,1662.7268
1777172400000000,2315.15,2316.35,2306.72,2310.0,3380.9336
1777176000000000,2309.99,2319.76,2308.97,2317.74,2619.1557
1777179600000000,2317.73,2336.48,2317.57,2327.84,15716.8287
1777183200000000,2327.85,2333.27,2327.46,2329.99,4332.5642
1777186800000000,2330.0,2332.25,2328.58,2331.24,2312.7848
1777190400000000,2331.25,2337.68,2330.49,2332.38,4685.4608
1777194000000000,2332.37,2335.59,2329.66,2334.69,2480.1917
1777197600000000,2334.68,2336.32,2331.7,2332.95,2898.4361
1777201200000000,2332.95,2337.5,2332.75,2335.95,2047.1479
1777204800000000,2335.96,2336.4,2324.19,2328.89,4449.0366
1777208400000000,2328.9,2336.0,2328.11,2335.22,3739.8665
1777212000000000,2335.21,2352.44,2333.64,2346.2,12976.6737
1777215600000000,2346.2,2348.93,2344.23,2348.05,3342.3038
1777219200000000,2348.06,2349.43,2342.91,2342.92,3916.7788
1777222800000000,2342.92,2349.99,2340.56,2349.43,3116.5593
1777226400000000,2349.42,2369.01,2347.42,2361.99,16174.0288
1777230000000000,2361.99,2376.35,2359.55,2367.4,11849.3869
1777233600000000,2367.4,2372.68,2362.5,2362.5,5233.9655
1777237200000000,2362.51,2370.33,2348.47,2364.34,11912.7111
1777240800000000,2364.34,2380.0,2353.53,2361.89,17014.5638
1777244400000000,2361.88,2378.61,2356.73,2369.44,13760.452
1777248000000000,2369.45,2392.0,2359.46,2390.76,13606.0492
1777251600000000,2390.56,2404.37,2377.56,2394.61,20709.3902
1777255200000000,2394.6,2397.0,2387.29,2392.16,6638.1362
1777258800000000,2392.16,2400.43,2390.57,2394.85,7687.0596
1777262400000000,2394.85,2396.05,2380.45,2382.84,8734.8051
1777266000000000,2382.84,2383.46,2319.31,2323.18,40068.4022
1777269600000000,2323.17,2329.13,2312.71,2321.0,13665.9319
1777273200000000,2321.01,2323.82,2315.0,2316.01,9210.5983
1777276800000000,2316.0,2319.68,2309.13,2319.68,12143.7223
1777280400000000,2319.68,2325.52,2315.59,2322.19,9530.396
1777284000000000,2322.19,2323.97,2318.87,2320.14,3965.4905
1777287600000000,2320.14,2322.84,2316.84,2320.39,3965.8978
1777291200000000,2320.39,2320.96,2312.59,2314.11,6575.7863
1777294800000000,2314.1,2320.76,2303.5,2312.28,17353.1698
1777298400000000,2312.28,2329.82,2308.69,2314.75,14991.1966
1777302000000000,2314.75,2315.16,2266.09,2275.07,46951.2579
1777305600000000,2275.07,2280.6,2270.04,2278.12,12121.634
1777309200000000,2278.13,2292.91,2278.12,2287.08,18597.6027
1777312800000000,2287.09,2292.09,2284.5,2288.75,7485.6492
1777316400000000,2288.75,2291.08,2274.98,2289.14,8112.4069
1777320000000000,2289.15,2296.36,2289.08,2291.7,5969.8812
1777323600000000,2291.69,2292.4,2287.0,2287.33,3065.7892
1777327200000000,2287.34,2295.7,2284.66,2294.36,4214.8302
1777330800000000,2294.36,2308.61,2291.16,2303.67,4998.7753
1777334400000000,2303.66,2310.88,2299.47,2306.77,5364.7887
1777338000000000,2306.76,2308.76,2297.78,2298.61,4184.5868
1777341600000000,2298.61,2301.01,2280.99,2289.11,7908.4528
1777345200000000,2289.1,2291.0,2282.39,2290.94,3711.4568
1777348800000000,2290.93,2294.6,2283.32,2288.57,5863.0448
1777352400000000,2288.58,2296.91,2286.71,2288.13,10496.1234
1777356000000000,2288.13,2291.0,2270.53,2277.63,10739.7381
1777359600000000,2277.63,2288.65,2270.65,2287.99,9917.5609
1777363200000000,2288.0,2291.64,2283.86,2287.07,6065.7122
1777366800000000,2287.07,2288.51,2276.67,2282.27,7654.6336
1777370400000000,2282.26,2287.63,2280.84,2284.51,6577.0773
1777374000000000,2284.51,2285.36,2270.36,2275.32,12432.169
1777377600000000,2275.32,2281.29,2271.59,2278.23,6214.5258
1777381200000000,2278.23,2286.2,2258.24,2276.36,19869.0293
1777384800000000,2276.37,2276.63,2261.0,2273.44,14378.6883
1777388400000000,2273.44,2280.61,2269.22,2279.76,9305.2019
1777392000000000,2279.76,2288.38,2274.38,2286.18,9159.1695
1777395600000000,2286.18,2293.38,2278.99,2290.73,8094.1521
1777399200000000,2290.73,2298.31,2287.9,2296.96,7249.1862
1777402800000000,2296.96,2305.55,2290.26,2301.96,8930.4107
1777406400000000,2301.96,2305.95,2295.52,2295.55,3554.3446
1777410000000000,2295.55,2297.2,2285.75,2290.12,5268.4565
1777413600000000,2290.12,2294.5,2285.48,2286.18,2436.7593
1777417200000000,2286.17,2290.18,2284.15,2289.42,2556.9515
1777420800000000,2289.42,2294.24,2285.38,2292.4,4053.3505
1777424400000000,2292.41,2297.3,2278.84,2292.45,10251.4496
1777428000000000,2292.45,2295.61,2284.68,2288.88,7158.8638
1777431600000000,2288.87,2316.36,2287.61,2311.52,18471.9819
1777435200000000,2311.53,2342.5,2309.33,2327.32,26313.9011
1777438800000000,2327.32,2333.22,2322.83,2329.19,12864.951
1777442400000000,2329.19,2336.64,2320.24,2324.58,9480.4591
1777446000000000,2324.59,2330.31,2321.7,2323.73,6478.9845
1777449600000000,2323.74,2329.03,2321.11,2325.33,4136.2641
1777453200000000,2325.33,2346.66,2322.74,2339.72,12808.4246
1777456800000000,2339.71,2346.95,2330.01,2333.68,9453.427
1777460400000000,2333.67,2336.0,2328.79,2331.74,8275.1971
1777464000000000,2331.74,2331.94,2307.4,2316.13,16486.429
1777467600000000,2316.13,2318.15,2289.94,2303.03,18372.5595
1777471200000000,2303.02,2308.29,2293.86,2299.39,14483.7704
1777474800000000,2299.4,2301.24,2263.1,2272.51,31727.41
1777478400000000,2272.5,2279.27,2263.35,2267.47,19698.2895
1777482000000000,2267.48,2283.33,2266.3,2283.12,11615.5567
1777485600000000,2283.12,2285.92,2220.36,2239.41,56466.6844
1777489200000000,2239.41,2242.44,2225.0,2233.7,17551.9858
1777492800000000,2233.69,2248.73,2230.49,2240.42,12588.2129
1777496400000000,2240.42,2264.8,2238.59,2253.13,15432.4606
1777500000000000,2253.14,2259.01,2250.19,2257.78,5462.7196
1777503600000000,2257.77,2260.3,2250.35,2252.9,5444.7688
1777507200000000,2252.9,2275.0,2249.47,2272.46,9779.8174
1777510800000000,2272.45,2279.0,2267.06,2269.35,8290.3738
1777514400000000,2269.36,2273.14,2236.36,2245.13,12671.6592
1777518000000000,2245.12,2256.82,2243.89,2253.24,5318.3681
1777521600000000,2253.24,2254.27,2236.89,2238.97,7758.4871
1777525200000000,2238.98,2248.31,2231.64,2242.76,8319.8981
1777528800000000,2242.76,2252.49,2241.86,2248.03,6064.2486
1777532400000000,2248.03,2262.23,2243.71,2260.31,11236.2376
1777536000000000,2260.31,2263.21,2255.27,2256.65,10003.379
1777539600000000,2256.65,2271.11,2256.0,2261.86,6145.3195
1777543200000000,2261.86,2265.74,2256.78,2262.01,5283.3923
1777546800000000,2262.0,2273.7,2252.07,2258.18,9303.8333
1777550400000000,2258.18,2271.07,2257.74,2265.45,6154.9815
1777554000000000,2265.46,2272.56,2254.74,2263.9,10742.9268
1777557600000000,2263.9,2271.07,2245.82,2262.01,14497.1911
1777561200000000,2262.0,2275.13,2257.65,2265.7,6476.8828
1777564800000000,2265.7,2267.16,2255.8,2257.24,3880.3064
1777568400000000,2257.24,2260.47,2251.62,2258.14,4889.144
1777572000000000,2258.13,2265.29,2254.55,2259.84,4110.2594
1777575600000000,2259.84,2267.09,2258.13,2261.99,4771.3788
1777579200000000,2261.98,2267.32,2260.56,2264.34,3286.6466
1777582800000000,2264.34,2264.65,2254.0,2256.29,3541.8404
1777586400000000,2256.29,2261.34,2252.42,2254.25,2399.1525
1777590000000000,2254.25,2259.01,2254.0,2257.51,2268.5533
1777593600000000,2257.51,2266.0,2257.21,2260.0,3813.1405
1777597200000000,2260.0,2270.56,2260.0,2267.75,4214.4302
1777600800000000,2267.75,2270.0,2265.0,2266.94,3090.6762
1777604400000000,2266.94,2295.0,2266.25,2282.87,15806.4467
1777608000000000,2282.87,2285.89,2277.56,2280.12,5118.5153
1777611600000000,2280.11,2286.75,2278.28,2283.26,3488.1717
1777615200000000,2283.26,2286.66,2272.09,2277.45,8129.9831
1777618800000000,2277.46,2281.1,2273.14,2279.48,6175.1967
1777622400000000,2279.5,2288.5,2277.44,2286.92,5887.1033
1777626000000000,2286.93,2287.1,2279.87,2282.07,3605.4989
1777629600000000,2282.08,2285.88,2277.06,2282.53,3877.8737
1777633200000000,2282.53,2293.0,2281.71,2286.45,5323.843
1777636800000000,2286.46,2311.49,2284.15,2301.36,21967.8914
1777640400000000,2301.37,2324.0,2301.37,2318.22,20286.2201
1777644000000000,2318.22,2325.28,2301.42,2308.04,20163.371
1777647600000000,2308.03,2316.74,2298.77,2307.64,12397.242
1777651200000000,2307.64,2314.21,2298.17,2301.94,14505.2002
1777654800000000,2301.95,2313.53,2298.71,2311.76,5191.8702
1777658400000000,2311.76,2312.5,2303.45,2304.76,3781.9625
1777662000000000,2304.77,2307.84,2302.2,2304.85,2921.4709
1777665600000000,2304.85,2305.86,2278.98,2285.19,9002.0365
1777669200000000,2285.18,2294.25,2283.58,2292.68,6643.5401
1777672800000000,2292.67,2299.35,2291.0,2293.5,3376.5372
1777676400000000,2293.5,2296.23,2289.0,2295.63,2314.3336
1777680000000000,2295.63,2299.3,2292.91,2297.6,2566.8116
1777683600000000,2297.59,2300.98,2295.88,2298.63,2462.3989
1777687200000000,2298.62,2308.34,2295.43,2303.31,3153.6124
1777690800000000,2303.31,2308.34,2301.01,2304.44,2768.5377
1777694400000000,2304.43,2304.91,2299.59,2301.26,2155.2825
1777698000000000,2301.26,2301.52,2296.62,2299.47,2997.2267
1777701600000000,2299.46,2306.35,2297.09,2305.58,2532.1671
1777705200000000,2305.59,2306.16,2301.01,2301.02,2421.6891
1777708800000000,2301.01,2304.44,2299.05,2303.35,1949.3397
1777712400000000,2303.34,2307.78,2303.34,2305.13,2145.8369
1777716000000000,2305.13,2305.96,2302.41,2303.54,2130.6777
1777719600000000,2303.54,2304.99,2300.25,2302.1,2172.6055
1777723200000000,2302.09,2305.92,2301.36,2303.52,2299.2395
1777726800000000,2303.53,2311.83,2303.53,2308.08,4502.6289
1777730400000000,2308.08,2308.59,2305.23,2306.69,2719.9575
1777734000000000,2306.69,2310.1,2305.32,2309.19,2150.0351
1777737600000000,2309.18,2313.98,2307.96,2309.31,3799.9258
1777741200000000,2309.31,2310.25,2305.69,2305.9,1534.3477
1777744800000000,2305.9,2311.57,2304.08,2310.3,3982.2935
1777748400000000,2310.31,2312.79,2309.17,2311.08,1676.5247
1777752000000000,2311.08,2311.84,2309.59,2311.58,1484.9442
1777755600000000,2311.59,2343.6,2310.79,2325.62,17150.5457
1777759200000000,2325.62,2328.36,2317.88,2327.0,8792.7486
1777762800000000,2326.99,2326.99,2313.98,2316.97,6039.0954
1777766400000000,2316.97,2317.69,2308.9,2313.98,5842.4001
1777770000000000,2313.98,2314.09,2303.43,2304.14,4580.8688
1777773600000000,2304.14,2306.83,2299.38,2303.41,4664.487
1777777200000000,2303.41,2304.0,2300.0,2301.9,4381.1239
1777780800000000,2301.9,2304.37,2297.59,2301.53,3019.3837
1777784400000000,2301.53,2305.56,2301.26,2304.11,1981.3304
1777788000000000,2304.11,2306.38,2299.69,2304.49,2420.7056
1777791600000000,2304.5,2314.01,2304.42,2309.28,3800.1125
1777795200000000,2309.28,2312.67,2307.65,2308.28,1870.384
1777798800000000,2308.29,2322.27,2307.49,2316.47,5985.3931
1777802400000000,2316.48,2316.73,2311.32,2311.54,2373.362
1777806000000000,2311.54,2327.5,2310.52,2319.63,7325.9867
1777809600000000,2319.63,2332.61,2319.63,2325.71,9087.0596
1777813200000000,2325.71,2328.74,2320.61,2322.21,3616.5298
1777816800000000,2322.22,2329.6,2321.19,2328.28,4002.7223
1777820400000000,2328.28,2333.91,2324.96,2328.44,4767.7814
1777824000000000,2328.45,2335.0,2322.38,2328.41,5781.0315
1777827600000000,2328.4,2335.35,2324.11,2331.85,5608.7603
1777831200000000,2331.85,2333.6,2328.29,2330.98,2263.6905
1777834800000000,2330.98,2337.87,2328.47,2335.59,5542.6512
1777838400000000,2335.6,2344.35,2328.28,2329.58,14443.5923
1777842000000000,2329.58,2334.18,2315.0,2324.27,8154.991
1777845600000000,2324.27,2356.92,2324.26,2343.89,25346.8292
1777849200000000,2343.89,2347.47,2319.96,2322.65,14213.2573
1777852800000000,2322.65,2322.65,2309.24,2319.0,12348.5699
1777856400000000,2319.0,2354.02,2312.98,2351.2,17681.8973
1777860000000000,2351.21,2387.99,2345.41,2374.73,52188.8767
1777863600000000,2374.73,2391.0,2371.74,2385.12,32108.6526
1777867200000000,2385.11,2398.93,2384.37,2390.12,21582.9297
1777870800000000,2390.12,2391.28,2375.26,2376.19,17415.0891
1777874400000000,2376.19,2378.42,2354.2,2368.41,20127.1919
1777878000000000,2368.41,2373.87,2362.51,2362.8,10295.3082
1777881600000000,2362.79,2365.11,2357.3,2360.04,9858.6313
1777885200000000,2360.04,2371.09,2358.04,2368.71,8607.635
1777888800000000,2368.72,2369.89,2314.25,2338.36,57424.2763
1777892400000000,2338.35,2343.62,2332.91,2337.59,9840.4895
1777896000000000,2337.59,2343.78,2333.04,2335.53,7733.1819
1777899600000000,2335.53,2344.53,2325.71,2336.53,17747.9741
1777903200000000,2336.53,2381.8,2327.47,2371.39,36557.2285
1777906800000000,2371.4,2374.38,2336.01,2350.1,41176.8086
1777910400000000,2350.11,2365.0,2336.63,2355.28,23191.6495
1777914000000000,2355.27,2379.52,2353.84,2370.09,18853.8244
1777917600000000,2370.1,2374.86,2357.02,2361.41,12397.3782
1777921200000000,2361.42,2364.35,2353.52,2356.52,7858.5921
1777924800000000,2356.52,2359.12,2347.77,2350.15,5105.1774
1777928400000000,2350.14,2364.59,2350.14,2360.89,3844.6345
1777932000000000,2360.89,2365.91,2353.95,2354.58,5172.5417
1777935600000000,2354.58,2354.58,2344.83,2347.16,3902.2601
1777939200000000,2347.17,2359.0,2344.93,2358.83,4815.8322
1777942800000000,2358.83,2364.49,2355.1,2361.82,4711.3265
1777946400000000,2361.81,2377.8,2359.1,2367.72,10448.2131
1777950000000000,2367.72,2389.38,2364.71,2382.43,23394.2819
1777953600000000,2382.43,2386.0,2376.04,2381.11,9427.6093
1777957200000000,2381.1,2390.74,2376.88,2380.19,13610.8116
1777960800000000,2380.19,2381.51,2367.35,2378.85,12310.887
1777964400000000,2378.84,2388.56,2375.81,2380.59,13689.6326
1777968000000000,2380.59,2384.62,2373.0,2376.81,7058.716
1777971600000000,2376.82,2376.96,2366.76,2369.6,6990.9907
1777975200000000,2369.6,2379.34,2367.3,2378.41,7091.045
1777978800000000,2378.42,2383.49,2372.95,2379.89,8240.2018
1777982400000000,2379.89,2390.47,2376.34,2388.52,11730.3656
1777986000000000,2388.52,2399.5,2383.5,2388.72,26443.457
1777989600000000,2388.71,2392.36,2369.17,2378.78,27223.1659
1777993200000000,2378.78,2387.93,2375.5,2381.31,13411.5215
1777996800000000,2381.3,2383.38,2361.0,2365.94,17932.1444
1778000400000000,2365.94,2369.92,2359.71,2362.8,9807.3024
1778004000000000,2362.81,2374.78,2362.81,2372.28,8710.1909
1778007600000000,2372.28,2376.73,2369.33,2371.94,4461.6351
1778011200000000,2371.94,2387.0,2371.21,2382.41,11866.1153
1778014800000000,2382.41,2388.54,2368.9,2375.43,9166.3706
1778018400000000,2375.43,2381.68,2354.34,2367.51,14184.5371
1778022000000000,2367.51,2369.75,2355.0,2360.77,9910.3777
1778025600000000,2360.76,2367.72,2355.0,2364.63,9670.6129
1778029200000000,2364.63,2376.99,2362.75,2373.19,8948.2743
1778032800000000,2373.2,2373.7,2360.0,2369.75,6539.2128
1778036400000000,2369.75,2380.87,2368.08,2376.8,7896.7032
1778040000000000,2376.81,2379.4,2361.25,2366.08,7910.6015
1778043600000000,2366.08,2366.99,2355.0,2365.03,11450.5782
1778047200000000,2365.03,2371.29,2361.0,2370.52,6311.3267
1778050800000000,2370.53,2375.0,2368.57,2371.74,7842.1661
1778054400000000,2371.74,2396.19,2369.16,2394.33,18454.838
1778058000000000,2394.32,2418.39,2384.8,2412.76,47718.3765
1778061600000000,2412.77,2414.43,2405.18,2410.2,17192.8972
1778065200000000,2410.2,2423.74,2408.34,2410.47,30434.9349
1778068800000000,2410.47,2413.59,2400.55,2405.11,22282.1291
1778072400000000,2405.11,2405.11,2365.01,2368.51,42551.5633
1778076000000000,2368.52,2373.29,2346.68,2359.23,51777.3181
1778079600000000,2359.23,2366.0,2354.98,2359.1,20851.531
1778083200000000,2359.1,2367.47,2350.56,2358.08,19002.5503
1778086800000000,2358.09,2360.99,2347.71,2349.7,13561.1973
1778090400000000,2349.71,2352.55,2338.0,2345.0,18017.0774
1778094000000000,2345.0,2350.0,2342.14,2348.5,9241.8552
1778097600000000,2348.49,2357.04,2345.23,2350.94,13484.2191
1778101200000000,2350.94,2357.45,2345.83,2354.52,10416.7586
1778104800000000,2354.52,2355.05,2344.99,2347.28,8076.5331
1778108400000000,2347.28,2351.34,2338.28,2350.84,11034.0613
1778112000000000,2350.84,2352.3,2329.05,2329.65,13622.3234
1778115600000000,2329.66,2335.0,2314.16,2327.41,18902.7493
1778119200000000,2327.4,2327.95,2313.89,2321.88,19439.1949
1778122800000000,2321.89,2326.2,2315.74,2322.39,11540.0497
1778126400000000,2322.39,2327.52,2317.8,2327.51,10417.5378
1778130000000000,2327.51,2333.97,2327.02,2331.08,10970.9192
1778133600000000,2331.08,2338.57,2320.0,2337.13,14009.3816
1778137200000000,2337.14,2346.89,2336.72,2344.59,16120.1713
1778140800000000,2344.59,2346.6,2332.0,2333.73,15120.5601
1778144400000000,2333.73,2337.11,2326.83,2329.05,13919.7483
1778148000000000,2329.04,2331.63,2317.35,2326.78,13596.4665
1778151600000000,2326.78,2331.59,2325.45,2329.94,11503.0069
1778155200000000,2329.94,2337.13,2329.04,2333.01,12385.8948
1778158800000000,2333.02,2333.02,2305.4,2314.32,39011.6686
1778162400000000,2314.32,2318.75,2289.51,2298.98,46781.2234
1778166000000000,2298.98,2304.52,2285.95,2294.82,31328.1654
1778169600000000,2294.82,2298.2,2285.37,2291.81,28001.1937
1778173200000000,2291.81,2301.25,2280.1,2299.6,28378.658
1778176800000000,2299.61,2304.0,2291.27,2296.19,23860.3486
1778180400000000,2296.18,2297.09,2287.88,2295.98,18517.2817
1778184000000000,2295.98,2302.57,2287.94,2289.1,34000.8584
1778187600000000,2289.1,2294.29,2281.29,2287.68,12799.0863
1778191200000000,2287.68,2290.24,2281.04,2287.03,16424.3429
1778194800000000,2287.03,2293.24,2286.11,2291.06,8871.107
1778198400000000,2291.06,2294.28,2283.66,2286.83,9997.2781
1778202000000000,2286.83,2289.31,2280.28,2285.06,10079.1981
1778205600000000,2285.06,2285.71,2268.0,2279.15,18687.3591
1778209200000000,2279.15,2281.6,2265.61,2278.76,15605.1908
1778212800000000,2278.77,2284.54,2276.5,2281.63,9647.4955
1778216400000000,2281.63,2284.0,2275.97,2275.97,11633.258
1778220000000000,2275.98,2278.5,2268.6,2275.22,31348.2699
1778223600000000,2275.23,2282.69,2267.15,2281.35,21264.4415
1778227200000000,2281.37,2289.13,2280.15,2283.56,17210.3914
1778230800000000,2283.56,2292.12,2280.35,2284.34,15015.7397
1778234400000000,2284.34,2290.96,2281.17,2287.94,15731.5078
1778238000000000,2287.95,2298.01,2287.95,2295.38,17761.4984
1778241600000000,2295.38,2302.0,2282.46,2284.53,16435.0408
1778245200000000,2284.53,2287.0,2269.96,2276.46,28468.8006
1778248800000000,2276.46,2292.66,2273.32,2285.72,25640.1037
1778252400000000,2285.72,2294.44,2274.94,2293.2,14657.397
1778256000000000,2293.2,2294.37,2286.42,2289.93,13453.9968
1778259600000000,2289.93,2315.63,2289.39,2304.86,23598.5736
1778263200000000,2304.87,2321.22,2304.87,2313.49,19654.0122
1778266800000000,2313.49,2320.36,2312.48,2316.05,19777.938
1778270400000000,2316.06,2317.0,2305.36,2306.65,26417.6209
1778274000000000,2306.64,2314.94,2304.21,2314.63,14078.5061
1778277600000000,2314.62,2319.15,2310.26,2310.98,12732.9721
1778281200000000,2310.98,2310.98,2303.19,2307.06,12138.5681
1778284800000000,2307.07,2312.03,2304.19,2308.55,11551.954
1778288400000000,2308.55,2318.45,2308.23,2314.22,10857.7767
1778292000000000,2314.23,2320.3,2313.8,2317.07,9468.173
1778295600000000,2317.07,2320.77,2312.6,2315.33,7290.8151
1778299200000000,2315.33,2325.33,2311.27,2312.35,27184.841
1778302800000000,2312.35,2318.29,2310.9,2314.82,5918.4334
1778306400000000,2314.82,2319.59,2312.95,2314.35,10307.9116
1778310000000000,2314.35,2318.56,2311.34,2314.69,8349.905
1778313600000000,2314.69,2320.53,2314.23,2317.16,8698.3308
1778317200000000,2317.16,2317.52,2311.37,2313.28,6746.958
1778320800000000,2313.28,2315.03,2310.24,2312.5,4778.5919
1778324400000000,2312.49,2315.56,2312.49,2314.57,5435.8473
1778328000000000,2314.56,2318.27,2313.24,2316.54,5219.3063
1778331600000000,2316.54,2316.55,2311.69,2314.34,4773.3348
1778335200000000,2314.34,2315.32,2305.21,2308.27,8247.0832
1778338800000000,2308.27,2317.64,2300.0,2317.63,12866.0555
1778342400000000,2317.64,2325.28,2315.29,2319.99,15466.0099
1778346000000000,2320.0,2333.61,2320.0,2329.45,21099.4922
1778349600000000,2329.46,2338.37,2328.8,2330.22,11248.546
1778353200000000,2330.23,2333.1,2326.54,2332.01,9103.6002
1778356800000000,2332.02,2332.81,2327.26,2329.18,5902.3618
1778360400000000,2329.17,2331.55,2328.62,2330.82,6093.5171
1778364000000000,2330.82,2333.47,2327.22,2329.89,6868.1251
1778367600000000,2329.89,2331.96,2324.7,2326.44,6954.1871
1778371200000000,2326.43,2329.71,2321.16,2323.89,7913.8234
1778374800000000,2323.9,2324.97,2318.33,2323.67,9455.7255
1778378400000000,2323.68,2328.0,2320.08,2327.94,7197.4856
1778382000000000,2327.94,2332.91,2323.7,2327.76,8711.1021
1778385600000000,2327.75,2330.98,2326.1,2328.27,7716.1343
1778389200000000,2328.28,2330.0,2326.51,2327.3,6244.9276
1778392800000000,2327.3,2330.75,2326.65,2329.3,6968.6838
1778396400000000,2329.31,2332.09,2327.36,2327.36,6034.6059
1778400000000000,2327.36,2331.83,2326.16,2330.15,7669.5007
1778403600000000,2330.16,2333.59,2326.92,2328.22,6313.071
1778407200000000,2328.23,2328.82,2323.38,2325.46,7346.5157
1778410800000000,2325.46,2327.42,2319.0,2322.58,7550.9118
1778414400000000,2322.59,2325.35,2320.87,2324.12,5841.8952
1778418000000000,2324.12,2331.99,2323.28,2329.8,11818.9659
1778421600000000,2329.8,2335.0,2326.94,2330.9,11780.7508
1778425200000000,2330.9,2351.66,2330.9,2347.56,22485.3656
1778428800000000,2347.56,2350.85,2340.11,2350.0,17749.1502
1778432400000000,2349.99,2368.0,2345.4,2364.1,114535.2366
1778436000000000,2364.11,2366.79,2356.63,2358.54,11161.528
1778439600000000,2358.53,2366.79,2351.25,2365.54,10978.6451
1778443200000000,2365.54,2369.86,2311.83,2328.76,30933.2806
1778446800000000,2328.76,2336.85,2324.02,2330.8,15363.9227
1778450400000000,2330.79,2377.64,2327.92,2373.78,33668.5341
1778454000000000,2373.78,2382.53,2367.95,2371.27,22683.1001
1778457600000000,2371.26,2374.92,2344.59,2352.35,19323.6984
1778461200000000,2352.36,2365.58,2345.33,2358.54,9293.8315
1778464800000000,2358.54,2360.79,2343.38,2345.39,9280.1867
1778468400000000,2345.4,2345.4,2320.01,2330.56,22426.555
1778472000000000,2330.56,2335.99,2326.66,2332.85,10862.7775
1778475600000000,2332.85,2340.49,2332.05,2335.3,9834.6659
1778479200000000,2335.29,2342.44,2330.05,2333.48,9215.668
1778482800000000,2333.49,2333.49,2328.25,2330.54,5396.1646
1778486400000000,2330.55,2334.66,2326.66,2330.48,7149.0202
1778490000000000,2330.48,2338.61,2330.26,2336.08,4110.1503
1778493600000000,2336.07,2339.9,2329.93,2329.94,5470.2846
1778497200000000,2329.93,2335.8,2327.43,2335.8,4609.631
1778500800000000,2335.8,2338.89,2328.79,2329.5,7140.9535
1778504400000000,2329.51,2332.86,2314.77,2322.32,15820.0073
1778508000000000,2322.31,2328.8,2304.0,2316.48,18307.6063
1778511600000000,2316.48,2335.6,2313.4,2333.48,13019.6586
1778515200000000,2333.48,2341.21,2327.38,2329.78,15011.5399
1778518800000000,2329.79,2343.83,2323.68,2336.71,10465.5371
1778522400000000,2336.71,2344.35,2334.55,2335.35,10798.4289
1778526000000000,2335.35,2344.0,2331.92,2340.43,7110.3587
1778529600000000,2340.44,2345.44,2336.27,2338.15,7593.5702
1778533200000000,2338.16,2342.49,2336.36,2340.71,5121.3253
1778536800000000,2340.71,2345.68,2336.63,2341.43,5867.5676
1778540400000000,2341.43,2342.23,2335.08,2339.87,3732.8681
1778544000000000,2339.88,2340.85,2332.13,2333.54,5083.8958
1778547600000000,2333.54,2335.66,2295.01,2311.41,27250.3484
1778551200000000,2311.4,2317.0,2307.2,2315.89,8716.197
1778554800000000,2315.89,2317.31,2307.2,2309.37,5742.0484
1778558400000000,2309.36,2314.49,2305.65,2310.92,5344.5111
1778562000000000,2310.92,2314.08,2309.74,2310.12,6159.8859
1778565600000000,2310.13,2313.84,2302.63,2303.89,8109.0135
1778569200000000,2303.9,2304.82,2291.63,2295.2,15768.3022
1778572800000000,2295.2,2296.27,2280.0,2288.01,25800.4316
1778576400000000,2288.0,2295.3,2281.1,2292.84,11101.2573
1778580000000000,2292.84,2293.88,2281.42,2286.2,14416.2819
1778583600000000,2286.21,2287.09,2278.57,2287.01,9074.8274
1778587200000000,2287.02,2294.01,2281.14,2288.97,10709.2451
1778590800000000,2288.97,2292.51,2268.88,2271.99,17980.8557
1778594400000000,2271.99,2281.89,2262.37,2269.18,18461.4051
1778598000000000,2269.18,2274.38,2256.67,2261.85,16513.7723
1778601600000000,2261.86,2271.24,2256.27,2263.83,11372.9998
1778605200000000,2263.83,2278.0,2263.83,2276.59,6397.2953
1778608800000000,2276.6,2284.6,2274.67,2279.3,6729.2104
1778612400000000,2279.31,2287.43,2279.15,2285.09,5237.4283
1778616000000000,2285.1,2287.39,2281.32,2285.04,3679.2957
1778619600000000,2285.05,2287.64,2282.81,2285.4,3407.4166
1778623200000000,2285.41,2291.37,2282.24,2282.34,4370.6133
1778626800000000,2282.34,2284.18,2273.88,2274.96,5554.5701
1778630400000000,2274.97,2286.79,2273.34,2281.56,4782.3535
1778634000000000,2281.56,2295.29,2280.99,2289.98,8336.9621
1778637600000000,2289.99,2299.89,2286.96,2293.99,6723.5922
1778641200000000,2293.99,2303.77,2292.44,2301.77,5786.8043
1778644800000000,2301.76,2309.0,2298.47,2306.67,5667.6991
1778648400000000,2306.68,2307.48,2295.63,2297.76,6007.4738
1778652000000000,2297.77,2305.13,2297.26,2301.84,4402.6754
1778655600000000,2301.84,2303.03,2296.95,2301.07,4164.7597
1778659200000000,2301.07,2316.96,2300.73,2316.64,11302.729
1778662800000000,2316.65,2323.36,2314.45,2321.19,12175.5618
1778666400000000,2321.18,2321.6,2305.55,2308.46,7214.562
1778670000000000,2308.46,2308.91,2299.0,2301.82,8961.8603
1778673600000000,2301.83,2307.54,2270.01,2284.35,21804.2465
1778677200000000,2284.35,2288.31,2258.51,2262.8,25468.6809
1778680800000000,2262.8,2270.97,2251.05,2267.39,23727.9378
1778684400000000,2267.39,2270.25,2234.13,2236.49,30418.8782
1778688000000000,2236.48,2253.35,2235.48,2250.75,23968.6256
1778691600000000,2250.75,2261.77,2250.75,2258.31,9344.9691
1778695200000000,2258.32,2268.49,2258.32,2259.68,14360.4409
1778698800000000,2259.67,2260.71,2250.56,2256.53,7585.2544
1778702400000000,2256.53,2264.46,2256.43,2263.75,4878.8697
1778706000000000,2263.76,2264.07,2253.7,2255.79,3683.1732
1778709600000000,2255.8,2260.55,2251.0,2259.6,4213.4589
1778713200000000,2259.59,2261.79,2254.83,2258.65,3474.1615
1778716800000000,2258.66,2269.37,2258.14,2266.58,6486.757
1778720400000000,2266.58,2269.37,2259.9,2264.91,4348.5964
1778724000000000,2264.9,2266.75,2247.71,2251.53,8195.2617
1778727600000000,2251.54,2255.0,2238.64,2242.14,9365.1462
1778731200000000,2242.14,2258.25,2239.54,2256.7,5139.3202
1778734800000000,2256.69,2273.71,2255.53,2268.44,10348.163
1778738400000000,2268.44,2275.2,2266.86,2267.71,8095.9777
1778742000000000,2267.72,2270.79,2263.88,2265.48,5020.0728
1778745600000000,2265.49,2270.99,2262.05,2266.36,7411.1537
1778749200000000,2266.35,2267.72,2252.76,2257.8,8310.4377
1778752800000000,2257.8,2265.51,2255.84,2262.14,7115.7591
1778756400000000,2262.13,2264.0,2252.53,2253.81,8187.7599
1778760000000000,2253.81,2263.24,2248.0,2261.48,8236.3744
1778763600000000,2261.48,2265.32,2248.43,2249.42,15476.0602
1778767200000000,2249.42,2289.0,2246.13,2286.99,22674.6006
1778770800000000,2287.0,2299.7,2280.63,2298.48,22364.7492
1778774400000000,2298.48,2318.66,2293.96,2316.36,28595.7539
1778778000000000,2316.35,2319.33,2296.57,2308.18,20630.7928
1778781600000000,2308.17,2316.78,2303.0,2309.63,11885.1714
1778785200000000,2309.64,2312.22,2297.5,2298.34,10168.4499
1778788800000000,2298.34,2301.43,2288.7,2298.08,8543.8195
1778792400000000,2298.08,2300.27,2290.0,2297.19,6869.1293
1778796000000000,2297.2,2301.67,2295.2,2298.16,4426.4912
1778799600000000,2298.16,2298.16,2280.18,2283.25,8785.0381
1778803200000000,2283.26,2300.29,2281.78,2291.39,9357.0866
1778806800000000,2291.39,2294.74,2274.06,2275.45,14053.4348
1778810400000000,2275.46,2279.26,2260.45,2276.37,21187.1974
1778814000000000,2276.37,2279.64,2267.98,2273.34,12349.3
1778817600000000,2273.35,2273.91,2262.74,2263.33,5390.7915
1778821200000000,2263.33,2267.0,2237.95,2245.41,25297.9003
1778824800000000,2245.4,2256.92,2243.8,2255.35,8254.6943
1778828400000000,2255.36,2271.64,2253.63,2265.11,11363.6377
1778832000000000,2265.11,2265.42,2250.0,2257.56,10928.0066
1778835600000000,2257.56,2260.0,2250.82,2254.5,5542.7633
1778839200000000,2254.5,2264.49,2252.35,2262.44,7868.504
1778842800000000,2262.44,2263.95,2257.26,2257.57,6432.378
1778846400000000,2257.56,2260.72,2251.14,2254.29,7355.9121
1778850000000000,2254.29,2254.29,2210.31,2213.68,42412.9939
1778853600000000,2213.69,2223.79,2205.11,2213.35,36623.717
1778857200000000,2213.35,2223.96,2209.79,2222.85,11937.2392
1778860800000000,2222.86,2231.11,2218.9,2224.59,11576.2953
1778864400000000,2224.59,2232.88,2224.26,2229.47,8834.4347
1778868000000000,2229.47,2232.86,2224.97,2228.36,6715.7959
1778871600000000,2228.35,2228.42,2222.27,2223.35,5728.0131
1778875200000000,2223.35,2226.13,2216.99,2220.14,6208.4965
1778878800000000,2220.13,2225.08,2215.0,2216.99,5279.6243
1778882400000000,2217.0,2225.01,2216.99,2224.18,5017.0896
1778886000000000,2224.18,2226.29,2222.88,2224.66,2821.2446
1778889600000000,2224.65,2231.51,2223.81,2227.0,3301.8064
1778893200000000,2226.99,2230.85,2223.53,2229.62,2980.2852
1778896800000000,2229.62,2231.5,2227.0,2229.91,2565.1592
1778900400000000,2229.91,2230.64,2227.11,2228.01,2329.581
1778904000000000,2228.0,2228.96,2218.35,2225.98,4171.0714
1778907600000000,2225.99,2227.13,2222.69,2225.37,2311.4552
1778911200000000,2225.38,2226.89,2209.7,2215.45,8055.167
1778914800000000,2215.46,2215.81,2182.0,2194.81,38322.888
1778918400000000,2194.81,2196.87,2192.01,2193.26,6028.1463
1778922000000000,2193.26,2193.85,2162.6,2173.57,27888.7843
1778925600000000,2173.57,2175.0,2162.55,2173.85,18882.4485
1778929200000000,2173.85,2181.0,2173.85,2176.1,13389.521
1778932800000000,2176.11,2179.26,2173.18,2176.5,8013.1897
1778936400000000,2176.5,2180.0,2172.3,2177.12,8775.7986
1778940000000000,2177.12,2188.16,2173.51,2179.93,11130.7609
1778943600000000,2179.92,2183.79,2176.9,2180.0,10245.234
1778947200000000,2180.0,2183.52,2170.5,2174.11,13727.5761
1778950800000000,2174.11,2180.79,2174.11,2178.91,3445.3575
1778954400000000,2178.91,2185.22,2176.36,2181.35,3877.5329
1778958000000000,2181.35,2182.77,2179.23,2179.57,2125.662
1778961600000000,2179.57,2182.9,2179.57,2181.45,1871.6178
1778965200000000,2181.45,2183.54,2180.94,2182.39,1877.715
1778968800000000,2182.39,2183.28,2179.77,2180.47,1852.3298
1778972400000000,2180.46,2183.03,2179.35,2180.77,2119.4883
1778976000000000,2180.77,2185.6,2174.08,2177.59,4798.1136
1778979600000000,2177.6,2183.6,2167.98,2169.18,9613.5951
1778983200000000,2169.17,2176.25,2169.17,2174.5,3805.4705
1778986800000000,2174.51,2184.5,2174.26,2181.7,4100.2657
1778990400000000,2181.71,2190.37,2181.14,2187.61,5607.1694
1778994000000000,2187.61,2195.0,2185.63,2185.91,4862.8971
1778997600000000,2185.91,2188.0,2181.7,2185.02,3780.4218
1779001200000000,2185.02,2188.49,2182.53,2186.64,3050.4999
1779004800000000,2186.63,2187.06,2183.12,2185.95,2632.7465
1779008400000000,2185.95,2191.38,2185.91,2190.23,2889.1747
1779012000000000,2190.22,2198.14,2190.22,2194.28,5616.8575
1779015600000000,2194.29,2194.72,2188.0,2192.0,4451.9991
1779019200000000,2192.0,2198.04,2191.34,2194.3,3964.1553
1779022800000000,2194.3,2194.93,2187.29,2192.12,4823.5227
1779026400000000,2192.12,2192.39,2178.39,2186.64,6752.4117
1779030000000000,2186.64,2188.84,2181.2,2186.51,3341.197
1779033600000000,2186.51,2189.12,2182.15,2182.51,2827.4053
1779037200000000,2182.52,2184.95,2176.63,2183.67,4289.4198
1779040800000000,2183.68,2188.5,2179.13,2188.49,2741.364
1779044400000000,2188.5,2193.62,2187.56,2192.53,2510.046
1779048000000000,2192.54,2193.68,2186.98,2189.55,2455.0533
1779051600000000,2189.55,2194.82,2187.24,2191.81,2300.4023
1779055200000000,2191.8,2191.8,2174.01,2179.69,11039.9188
1779058800000000,2179.7,2179.7,2091.48,2131.0,72862.7078
1779062400000000,2131.0,2132.0,2104.99,2115.46,33448.5802
1779066000000000,2115.47,2121.33,2106.5,2117.54,16339.63
1779069600000000,2117.54,2124.0,2112.78,2116.64,9170.8986
1779073200000000,2116.65,2123.91,2115.89,2118.44,7975.8225
1779076800000000,2118.44,2125.5,2114.24,2124.85,6837.7162
1779080400000000,2124.85,2125.83,2117.0,2118.25,6453.7777
1779084000000000,2118.25,2121.0,2110.0,2119.03,9048.749
1779087600000000,2119.04,2123.99,2112.07,2120.82,9795.7552
1779091200000000,2120.82,2124.05,2117.48,2121.57,6329.8802
1779094800000000,2121.57,2121.93,2116.03,2116.88,4262.8506
1779098400000000,2116.88,2117.59,2112.65,2114.55,6334.9378
1779102000000000,2114.56,2139.75,2110.5,2133.9,15910.7319
1779105600000000,2133.9,2157.24,2133.9,2151.01,25623.8435
1779109200000000,2151.02,2151.41,2120.25,2130.91,25177.8551
1779112800000000,2130.9,2130.9,2098.01,2110.32,31644.5594
1779116400000000,2110.32,2111.3,2093.77,2107.48,31279.2744
1779120000000000,2107.49,2111.19,2090.56,2097.71,18252.3444
1779123600000000,2097.71,2110.19,2095.33,2108.21,10461.8463
1779127200000000,2108.21,2109.12,2077.23,2081.32,29604.6277
1779130800000000,2081.31,2128.49,2079.64,2125.07,35288.4271
1779134400000000,2125.07,2131.03,2115.01,2117.61,10615.7607
1779138000000000,2117.62,2142.67,2114.59,2137.38,14324.1322
1779141600000000,2137.39,2142.57,2130.5,2135.74,12285.9181
1779145200000000,2135.73,2139.17,2127.75,2130.08,5410.4744
1779148800000000,2130.08,2146.95,2128.44,2135.88,7752.7733
1779152400000000,2135.88,2138.4,2123.71,2124.92,8258.8095
1779156000000000,2124.92,2135.67,2118.6,2123.31,7646.1533
1779159600000000,2123.3,2134.61,2122.06,2131.3,5007.2946
1779163200000000,2131.3,2136.65,2128.22,2133.88,4628.4393
1779166800000000,2133.88,2137.74,2123.61,2135.21,7384.8264
1779170400000000,2135.21,2140.31,2132.71,2137.52,5544.4231
1779174000000000,2137.52,2145.0,2135.29,2140.97,7115.4473
1779177600000000,2140.97,2141.4,2131.01,2133.72,7074.3505
1779181200000000,2133.72,2134.5,2111.25,2114.49,12094.7932
1779184800000000,2114.49,2121.96,2106.77,2118.36,10403.7765
1779188400000000,2118.37,2120.24,2109.22,2110.85,5522.7146
1779192000000000,2110.85,2119.35,2108.64,2118.49,5822.6555
1779195600000000,2118.5,2127.53,2107.65,2119.03,17708.0004
1779199200000000,2119.02,2123.6,2094.47,2106.55,23710.8299
1779202800000000,2106.54,2113.42,2103.58,2110.19,8637.8522
1779206400000000,2110.2,2122.45,2107.12,2121.12,6845.5703
1779210000000000,2121.11,2125.07,2112.92,2115.75,6373.8264
1779213600000000,2115.75,2119.62,2110.74,2115.28,5018.4948
1779217200000000,2115.27,2123.16,2110.14,2113.15,6436.9705
1779220800000000,2113.14,2118.82,2112.41,2118.39,2362.188
1779224400000000,2118.38,2120.59,2116.69,2116.97,3414.5351
1779228000000000,2116.97,2116.97,2102.09,2106.4,7180.9732
1779231600000000,2106.4,2118.68,2104.66,2111.93,4999.3771
1779235200000000,2111.93,2115.95,2103.3,2111.29,5979.5179
1779238800000000,2111.29,2119.24,2103.29,2115.28,6978.7938
1779242400000000,2115.28,2117.14,2106.01,2109.43,3194.6835
1779246000000000,2109.42,2116.3,2106.1,2111.6,3161.4843
1779249600000000,2111.6,2114.78,2107.3,2113.2,3859.8496
1779253200000000,2113.2,2130.38,2113.2,2125.63,14210.0076
1779256800000000,2125.63,2134.41,2125.62,2133.75,10055.3538
1779260400000000,2133.76,2136.5,2128.51,2129.74,6989.0784
1779264000000000,2129.75,2138.0,2128.87,2131.91,8115.6362
1779267600000000,2131.91,2133.0,2127.7,2129.36,4337.4143
1779271200000000,2129.36,2137.02,2129.36,2130.82,4806.969
1779274800000000,2130.82,2132.24,2124.28,2128.3,4923.4052
1779278400000000,2128.31,2140.0,2127.02,2134.01,5842.3635
1779282000000000,2134.02,2135.73,2115.69,2120.61,16409.0609
1779285600000000,2120.62,2139.63,2113.87,2135.25,19511.9975
1779289200000000,2135.24,2149.0,2129.02,2136.75,17153.5618
1779292800000000,2136.76,2140.51,2124.1,2135.46,9337.6279
1779296400000000,2135.46,2148.77,2132.14,2140.5,10779.1126
1779300000000000,2140.5,2140.95,2131.3,2132.1,6023.4487
1779303600000000,2132.1,2141.45,2129.11,2139.12,6015.4748
1779307200000000,2139.12,2140.76,2129.51,2135.93,4957.8493
1779310800000000,2135.92,2138.59,2130.61,2130.62,3046.6187
1779314400000000,2130.61,2130.61,2118.45,2128.32,9689.7947
1779318000000000,2128.32,2130.37,2122.59,2129.44,3709.19
1779321600000000,2129.44,2145.32,2128.59,2142.92,7646.4745
1779325200000000,2142.93,2157.5,2139.31,2141.07,11825.5022
1779328800000000,2141.08,2148.04,2139.5,2141.5,4768.8843
1779332400000000,2141.5,2146.85,2140.85,2145.76,3524.1137
1779336000000000,2145.76,2148.75,2142.7,2145.0,3552.697
1779339600000000,2145.0,2148.19,2133.21,2136.3,6291.6025
1779343200000000,2136.31,2138.61,2127.64,2128.57,8597.7098
1779346800000000,2128.58,2137.0,2124.25,2135.06,8726.5434
1779350400000000,2135.07,2148.33,2135.01,2138.26,8282.9493
1779354000000000,2138.26,2140.94,2127.96,2127.98,6582.2796
1779357600000000,2127.97,2130.09,2110.0,2114.19,19101.5468
1779361200000000,2114.2,2119.94,2112.17,2115.27,7699.843
1779364800000000,2115.28,2119.91,2112.1,2117.22,11662.3948
1779368400000000,2117.22,2124.09,2105.15,2120.46,18106.7457
1779372000000000,2120.47,2125.59,2110.68,2121.96,14916.7552
1779375600000000,2121.97,2138.05,2119.44,2132.65,21185.7822
1779379200000000,2132.64,2136.66,2122.82,2127.79,10087.2837
1779382800000000,2127.8,2153.75,2126.0,2146.6,23184.4516
1779386400000000,2146.6,2148.0,2121.79,2126.87,13278.9464
1779390000000000,2126.87,2145.78,2126.48,2142.83,9421.3256
1779393600000000,2142.84,2143.46,2137.13,2138.62,5410.5322
1779397200000000,2138.63,2141.0,2134.21,2135.42,2327.6859
1779400800000000,2135.43,2136.87,2131.03,2131.85,2748.6672
1779404400000000,2131.84,2136.77,2127.27,2133.76,3958.3951
1779408000000000,2133.77,2134.99,2129.28,2129.33,2848.6808
1779411600000000,2129.32,2137.0,2125.68,2135.88,4953.5599
1779415200000000,2135.89,2140.01,2134.47,2137.98,3898.7159
1779418800000000,2137.97,2141.39,2135.29,2137.88,2338.1458
1779422400000000,2137.89,2141.34,2132.56,2134.0,2394.8956
1779426000000000,2134.01,2135.95,2127.39,2129.21,4444.6446
1779429600000000,2129.21,2130.86,2123.95,2125.68,7164.9518
1779433200000000,2125.68,2132.73,2122.22,2128.7,9430.3708
1779436800000000,2128.7,2133.34,2119.94,2122.3,14984.4294
1779440400000000,2122.29,2125.24,2119.18,2123.98,5671.4006
1779444000000000,2123.97,2125.4,2120.81,2123.0,3014.9443
1779447600000000,2123.0,2131.01,2120.1,2130.78,7162.4423
1779451200000000,2130.78,2138.0,2129.31,2134.99,7605.6003
1779454800000000,2135.0,2135.75,2124.01,2130.23,11944.0865
1779458400000000,2130.23,2130.23,2112.58,2116.94,15843.862
1779462000000000,2116.94,2125.49,2112.47,2119.48,6992.4097
1779465600000000,2119.49,2124.0,2118.11,2122.78,5125.7528
1779469200000000,2122.78,2130.0,2119.43,2119.6,7899.4339
1779472800000000,2119.61,2121.57,2084.51,2099.99,21305.3854
1779476400000000,2099.99,2103.1,2058.0,2065.54,37194.0858
1779480000000000,2065.54,2078.85,2064.31,2073.4,12942.2036
1779483600000000,2073.4,2079.59,2071.52,2078.18,5974.9709
1779487200000000,2078.17,2079.58,2066.55,2072.71,8534.0428
1779490800000000,2072.72,2077.24,2057.79,2065.85,12114.2393
1779494400000000,2065.86,2070.61,2053.0,2064.63,21650.6094
1779498000000000,2064.63,2069.92,2062.67,2068.93,6602.3914
1779501600000000,2068.93,2070.37,2064.9,2068.52,3598.4243
1779505200000000,2068.52,2072.0,2068.21,2070.78,3822.1224
1779508800000000,2070.78,2071.19,2065.55,2067.3,2714.5713
1779512400000000,2067.29,2068.0,2061.9,2064.85,8142.8652
1779516000000000,2064.85,2065.81,2060.71,2061.69,6065.7996
1779519600000000,2061.7,2063.06,2009.3,2028.59,58875.9766
1779523200000000,2028.58,2032.1,2021.07,2030.32,16144.7589
1779526800000000,2030.32,2031.0,2027.1,2027.29,5578.0484
1779530400000000,2027.29,2033.79,2027.11,2031.57,4910.3789
1779534000000000,2031.56,2036.01,2030.84,2031.48,7692.1854
1779537600000000,2031.48,2032.07,2027.35,2031.07,7207.2526
1779541200000000,2031.08,2046.1,2031.07,2044.89,17647.3733
1779544800000000,2044.88,2065.32,2041.12,2061.64,16621.2621
1779548400000000,2061.64,2068.68,2055.67,2060.27,13114.3801
1779552000000000,2060.27,2065.0,2057.25,2061.65,6913.4983
1779555600000000,2061.66,2065.87,2059.28,2063.98,5547.0071
1779559200000000,2063.98,2083.64,2063.74,2074.27,14900.8683
1779562800000000,2074.27,2081.0,2069.86,2077.33,12501.0114
1779566400000000,2077.34,2147.0,2074.84,2146.3,60046.9253
1779570000000000,2146.3,2149.95,2106.27,2116.84,33582.9836
1779573600000000,2116.84,2120.28,2102.65,2116.83,10882.3546
1779577200000000,2116.84,2121.84,2114.42,2117.68,5783.1804
1779580800000000,2117.69,2121.5,2113.1,2119.45,5265.7351
1779584400000000,2119.45,2125.51,2118.31,2122.56,7831.7549
1779588000000000,2122.56,2125.45,2118.3,2122.53,8991.5212
1779591600000000,2122.54,2127.28,2116.74,2119.04,7014.0397
1779595200000000,2119.05,2123.86,2119.05,2120.21,3367.5072
1779598800000000,2120.22,2121.39,2113.65,2119.98,8263.4357
1779602400000000,2119.98,2129.93,2117.6,2128.13,11806.8896
1779606000000000,2128.13,2129.79,2119.49,2121.01,5025.5155
1779609600000000,2121.02,2123.23,2119.25,2120.32,3262.6809
1779613200000000,2120.33,2124.37,2119.05,2123.41,4630.7973
1779616800000000,2123.42,2132.14,2119.38,2122.35,8124.9584
1779620400000000,2122.34,2127.82,2122.23,2126.18,4959.7623
1779624000000000,2126.19,2126.58,2117.32,2119.97,7090.2964
1779627600000000,2119.97,2121.05,2105.79,2110.14,12698.9415
1779631200000000,2110.14,2112.52,2079.52,2097.98,28777.9189
1779634800000000,2097.98,2100.0,2094.14,2095.84,4614.3297
1779638400000000,2095.83,2109.0,2095.22,2103.62,7393.3302
1779642000000000,2103.61,2106.68,2101.4,2102.88,3026.1939
1779645600000000,2102.89,2104.78,2097.8,2099.97,2964.8275
1779649200000000,2099.97,2102.58,2096.34,2100.87,3005.6502
1779652800000000,2100.87,2102.11,2091.51,2093.15,7064.4411
1779656400000000,2093.15,2098.63,2063.0,2070.59,19007.0632
1779660000000000,2070.59,2099.49,2070.56,2092.37,15066.0813
1779663600000000,2092.38,2107.0,2091.67,2099.85,8495.0888
1779667200000000,2099.86,2109.4,2099.7,2104.95,5423.3103
1779670800000000,2104.96,2107.99,2093.22,2094.13,3994.551
1779674400000000,2094.13,2113.25,2094.13,2098.35,9625.7439
1779678000000000,2098.35,2100.0,2092.57,2095.58,5087.5028
1779681600000000,2095.59,2108.14,2092.26,2105.83,6872.5722
1779685200000000,2105.83,2111.7,2104.39,2108.22,6681.7523
1779688800000000,2108.21,2111.42,2099.27,2108.99,13294.3896
1779692400000000,2109.0,2117.55,2106.5,2116.28,15151.6164
1779696000000000,2116.29,2117.79,2111.7,2116.82,4505.8336
1779699600000000,2116.83,2124.1,2116.17,2117.02,6886.8441
1779703200000000,2117.03,2121.23,2114.86,2117.03,3718.0519
1779706800000000,2117.02,2120.3,2114.26,2114.95,6556.302
1779710400000000,2114.95,2119.61,2112.25,2117.34,5452.8587
1779714000000000,2117.35,2120.0,2114.27,2116.28,4019.1258
1779717600000000,2116.28,2130.24,2115.77,2128.34,9741.5996
1779721200000000,2128.35,2138.28,2122.9,2127.12,10474.4014
1779724800000000,2127.13,2141.98,2125.14,2136.4,7753.0199
1779728400000000,2136.4,2140.52,2128.24,2128.55,5752.7116
1779732000000000,2128.54,2133.81,2126.64,2126.85,3516.0069
1779735600000000,2126.86,2126.86,2116.55,2121.43,6484.7259
1779739200000000,2121.42,2123.16,2107.38,2108.64,8784.8301
1779742800000000,2108.64,2113.04,2108.0,2110.9,5923.7284
1779746400000000,2110.9,2115.68,2102.35,2103.61,7949.3983
1779750000000000,2103.6,2113.85,2102.62,2113.01,2777.7212
1779753600000000,2113.01,2113.89,2084.83,2097.75,13327.6678
1779757200000000,2097.74,2100.5,2088.03,2094.35,8023.9683
1779760800000000,2094.36,2095.8,2084.79,2088.83,8476.6135
1779764400000000,2088.83,2093.84,2084.52,2093.12,4866.8481
1779768000000000,2093.11,2096.45,2088.82,2093.67,3649.155
1779771600000000,2093.68,2103.65,2092.05,2100.91,5929.0656
1779775200000000,2100.9,2104.65,2094.78,2101.73,4410.9459
1779778800000000,2101.73,2102.63,2090.65,2095.61,8948.7941
1779782400000000,2095.61,2100.14,2095.13,2097.25,4538.5124
1779786000000000,2097.26,2099.62,2094.1,2096.81,5436.3408
1779789600000000,2096.8,2137.29,2094.23,2127.56,22774.4048
1779793200000000,2127.57,2130.6,2118.6,2121.01,11839.3226
1779796800000000,2121.0,2126.93,2111.01,2126.2,14192.1263
1779800400000000,2126.2,2131.5,2109.62,2125.3,14084.8761
1779804000000000,2125.3,2140.49,2105.85,2109.29,33208.6561
1779807600000000,2109.3,2112.2,2078.75,2087.36,32199.2534
1779811200000000,2087.36,2089.97,2073.48,2079.56,22306.9078
1779814800000000,2079.56,2083.84,2055.06,2070.84,23360.5118
1779818400000000,2070.84,2081.21,2066.8,2068.59,12788.1371
1779822000000000,2068.6,2076.85,2065.72,2074.29,7453.971
1779825600000000,2074.3,2078.51,2073.9,2078.35,4902.9555
1779829200000000,2078.35,2078.78,2069.45,2072.85,5570.4949
1779832800000000,2072.85,2076.52,2065.98,2068.79,5511.5489
1779836400000000,2068.79,2076.85,2068.79,2073.77,4752.2318
1779840000000000,2073.77,2084.23,2073.77,2083.36,6285.9592
1779843600000000,2083.35,2083.93,2071.86,2074.53,5128.2891
1779847200000000,2074.53,2076.26,2069.11,2076.26,4885.7176
1779850800000000,2076.25,2080.0,2068.9,2070.0,5687.0405
1779854400000000,2070.01,2073.08,2056.31,2072.21,9589.4971
1779858000000000,2072.21,2079.2,2071.62,2077.37,6758.5665
1779861600000000,2077.38,2081.46,2075.01,2079.62,5208.1962
1779865200000000,2079.62,2084.16,2076.07,2083.78,5639.4319
1779868800000000,2083.77,2096.71,2083.56,2085.05,10820.8954
1779872400000000,2085.06,2087.78,2078.26,2083.36,6725.0615
1779876000000000,2083.36,2087.9,2079.47,2079.5,5736.1498
1779879600000000,2079.51,2085.29,2078.88,2080.55,5464.4491
1779883200000000,2080.56,2097.4,2073.84,2078.76,16450.2159
1779886800000000,2078.76,2080.64,2051.96,2064.53,30449.572
1779890400000000,2064.52,2071.86,2054.84,2062.62,14769.8158
1779894000000000,2062.62,2079.73,2061.21,2071.38,17352.513
1779897600000000,2071.39,2074.5,2060.0,2070.15,9732.6873
1779901200000000,2070.14,2070.3,2044.08,2052.28,18451.103
1779904800000000,2052.27,2056.92,2043.31,2056.71,9687.1711
1779908400000000,2056.72,2061.16,2054.42,2057.47,7524.5057
1779912000000000,2057.47,2066.14,2057.22,2063.29,6848.8096
1779915600000000,2063.3,2063.3,2016.0,2021.04,27264.0968
1779919200000000,2021.04,2035.0,2016.27,2025.34,18431.624
1779922800000000,2025.34,2030.19,2018.17,2024.84,13071.7892
1779926400000000,2024.83,2029.2,2020.7,2028.23,7260.1374
1779930000000000,2028.23,2029.2,2012.7,2020.32,11652.5232
1779933600000000,2020.32,2021.99,2014.77,2017.75,6355.0111
1779937200000000,2017.75,2020.96,1972.0,1981.55,65339.9056
1779940800000000,1981.55,1986.39,1967.0,1982.33,29086.9719
1779944400000000,1982.33,1983.55,1975.66,1978.52,15129.2673
1779948000000000,1978.52,1984.83,1972.5,1984.07,13330.4358
1779951600000000,1984.07,1996.78,1982.41,1995.56,17213.7549
1779955200000000,1995.56,1996.23,1985.0,1988.26,10802.4724
1779958800000000,1988.27,1995.51,1984.85,1994.04,7182.5251
1779962400000000,1994.04,1998.4,1988.71,1990.32,8384.457
1779966000000000,1990.32,1992.72,1986.53,1989.89,6584.4884
1779969600000000,1989.88,1994.58,1981.57,1991.89,8270.5312
1779973200000000,1991.88,1995.0,1975.35,1981.55,19736.374
1779976800000000,1981.55,2002.5,1967.38,1993.62,35350.5205
1779980400000000,1993.61,1999.4,1983.84,1990.65,12630.7607
1779984000000000,1990.65,2015.0,1985.22,2013.19,21750.7947
1779987600000000,2013.18,2027.14,2009.26,2019.51,15166.1217
1779991200000000,2019.51,2030.0,2018.24,2025.0,12176.7897
1779994800000000,2025.0,2025.01,2014.04,2014.55,8204.6713
1779998400000000,2014.54,2020.03,2006.44,2014.11,8782.197
1780002000000000,2014.12,2024.63,2013.42,2020.17,10806.2659
1780005600000000,2020.17,2022.9,2005.43,2005.6,6944.6699
1780009200000000,2005.6,2011.96,2005.6,2009.9,5693.2744
1780012800000000,2009.89,2017.17,2009.89,2012.46,6280.2971
1780016400000000,2012.45,2016.47,2005.9,2008.23,4986.0493
1780020000000000,2008.23,2010.62,1997.24,1999.22,9165.035
1780023600000000,1999.23,2007.86,1999.23,2002.78,3879.1933
1780027200000000,2002.79,2008.51,1998.4,2008.51,5655.0947
1780030800000000,2008.51,2015.3,2008.0,2014.56,6780.8116
1780034400000000,2014.56,2021.51,2012.17,2018.09,6848.1442
1780038000000000,2018.09,2019.81,2003.46,2007.62,15125.8677
1780041600000000,2007.61,2013.91,2005.45,2006.11,12193.2302
1780045200000000,2006.11,2016.11,2006.11,2014.85,6224.1342
1780048800000000,2014.84,2014.85,2009.77,2011.1,4438.3405
1780052400000000,2011.11,2014.29,2002.35,2007.58,5868.3736
1780056000000000,2007.58,2007.58,1995.1,1999.78,9243.978
1780059600000000,1999.78,2006.16,1988.14,1999.53,14117.2876
1780063200000000,1999.53,2004.31,1976.48,2001.84,25392.7096
1780066800000000,2001.85,2046.59,1999.45,2031.62,52313.7748
1780070400000000,2031.62,2043.0,2022.24,2040.45,21645.7437
1780074000000000,2040.46,2044.29,2026.21,2028.27,16364.8231
1780077600000000,2028.28,2031.64,2006.21,2011.41,20432.864
1780081200000000,2011.41,2022.2,2005.0,2016.96,8916.9858
1780084800000000,2016.96,2023.84,2015.0,2018.17,4675.6381
1780088400000000,2018.17,2023.99,2008.23,2009.4,6797.6334
1780092000000000,2009.41,2017.24,2007.78,2013.83,7115.9381
1780095600000000,2013.83,2015.6,2007.0,2014.54,8683.7474
1780099200000000,2014.54,2016.18,2010.69,2014.74,3128.7283
1780102800000000,2014.75,2021.55,2013.67,2019.46,4722.8622
1780106400000000,2019.46,2021.34,2017.12,2021.34,2258.5271
1780110000000000,2021.34,2023.55,2014.74,2016.83,4535.1738
1780113600000000,2016.83,2018.44,2002.0,2010.8,8354.4033
1780117200000000,2010.81,2019.5,2008.02,2015.95,5706.8454
1780120800000000,2015.95,2020.56,2012.86,2016.98,6091.6475
1780124400000000,2016.99,2017.88,2013.62,2016.32,2597.7502
1780128000000000,2016.32,2016.32,2013.92,2014.16,1417.5262
1780131600000000,2014.16,2017.27,2013.92,2016.79,1604.4006
1780135200000000,2016.79,2022.0,2016.34,2017.98,4377.4383
1780138800000000,2017.99,2019.05,2015.19,2017.4,1929.9463
1780142400000000,2017.4,2020.35,2017.14,2019.86,2239.1744
1780146000000000,2019.85,2022.77,2017.44,2020.73,3166.302
1780149600000000,2020.73,2030.62,2020.61,2026.6,10041.3583
1780153200000000,2026.59,2032.0,2024.2,2026.61,7299.1317
1780156800000000,2026.63,2028.33,2024.35,2027.09,3401.6208
1780160400000000,2027.09,2029.01,2019.5,2027.17,5801.7421
1780164000000000,2027.17,2030.01,2024.56,2027.59,3796.4846
1780167600000000,2027.59,2029.12,2024.54,2028.76,2670.5739
1780171200000000,2028.77,2029.68,2025.7,2027.05,4267.5537
1780174800000000,2027.05,2031.41,2027.05,2028.15,2733.3825
1780178400000000,2028.15,2028.15,2020.94,2023.57,3637.0175
1780182000000000,2023.56,2026.1,2020.35,2022.44,2197.9442
1780185600000000,2022.44,2027.83,2020.83,2027.12,2548.323
1780189200000000,2027.11,2034.23,2026.85,2029.11,4396.4345
1780192800000000,2029.11,2038.0,2027.81,2034.36,7789.8701
1780196400000000,2034.35,2036.88,2032.12,2033.41,2971.7798
1780200000000000,2033.41,2034.99,2031.27,2033.91,1965.2643
1780203600000000,2033.9,2033.9,2029.29,2030.18,2805.8879
1780207200000000,2030.18,2030.93,2028.52,2029.87,2581.656
1780210800000000,2029.87,2029.87,2022.78,2024.01,3809.267
1780214400000000,2024.02,2029.11,2022.85,2027.63,6125.52
1780218000000000,2027.64,2028.6,2018.35,2021.13,5318.3059
1780221600000000,2021.13,2021.65,2015.34,2021.05,6680.2347
1780225200000000,2021.05,2024.12,2021.04,2023.27,2875.0791
1780228800000000,2023.28,2025.16,2019.69,2022.35,3509.0887
1780232400000000,2022.35,2026.5,2019.78,2020.5,4097.6509
1780236000000000,2020.5,2021.69,2005.83,2008.06,14507.5503
1780239600000000,2008.06,2015.22,2007.57,2010.52,7019.6382
1780243200000000,2010.52,2012.42,1997.72,2002.09,14070.5546
1780246800000000,2002.09,2007.69,1996.21,2006.0,10508.2552
1780250400000000,2006.0,2006.07,1999.0,2000.68,7620.5911
1780254000000000,2000.69,2002.49,1993.75,1999.59,8445.0841
1780257600000000,1999.58,2008.25,1999.58,2007.09,7603.3129
1780261200000000,2007.09,2014.28,2005.0,2012.18,11255.7354
1780264800000000,2012.18,2014.42,2004.47,2012.43,10635.5912
1780268400000000,2012.43,2023.0,2000.11,2007.01,14594.8209
1780272000000000,2007.02,2021.5,1997.0,2015.44,31675.1039
1780275600000000,2015.44,2016.73,1994.12,1994.7,14652.2152
1780279200000000,1994.7,2017.89,1991.31,2011.47,14969.0754
1780282800000000,2011.47,2018.09,2008.66,2009.09,11862.726
1780286400000000,2009.09,2011.97,1993.91,1999.99,10434.6135
1780290000000000,1999.98,2001.27,1991.65,1994.55,8636.3448
1780293600000000,1994.56,1995.34,1980.14,1988.07,11716.6663
1780297200000000,1988.08,1990.62,1971.7,1976.43,12802.4757
1780300800000000,1976.42,1985.07,1969.9,1983.96,24059.8012
1780304400000000,1983.96,1990.11,1983.94,1987.53,9286.2761
1780308000000000,1987.53,1988.92,1980.99,1984.49,8569.6815
1780311600000000,1984.49,1986.89,1977.07,1981.44,7214.7212
1780315200000000,1981.44,1994.39,1967.51,1989.55,16838.7813
1780318800000000,1989.55,1990.29,1956.04,1971.22,35385.2037
1780322400000000,1971.22,1977.34,1964.64,1968.63,21808.0298
1780326000000000,1968.64,1980.24,1960.25,1968.45,16914.1595
1780329600000000,1968.45,1978.97,1958.79,1978.15,19836.6047
1780333200000000,1978.14,1996.73,1977.72,1990.62,21987.4555
1780336800000000,1990.62,1996.0,1983.45,1992.72,12174.7612
1780340400000000,1992.72,2008.83,1992.21,2004.53,15909.7164
1780344000000000,2004.53,2008.7,2001.14,2005.57,7714.6041
1780347600000000,2005.56,2009.2,1992.59,1994.57,16258.5449
1780351200000000,1994.57,2006.0,1984.5,2004.43,12424.238
1780354800000000,2004.42,2008.38,1998.13,2006.73,11296.484
1780358400000000,2006.73,2006.78,1995.38,1996.44,6741.6588
1780362000000000,1996.43,1999.0,1979.49,1980.15,10093.1539
1780365600000000,1980.15,1997.08,1962.76,1997.07,19278.4549
1780369200000000,1997.08,2005.0,1995.14,2003.94,10578.9731
1780372800000000,2003.94,2006.44,1995.95,1996.85,9026.7399
1780376400000000,1996.86,2001.23,1985.0,1985.01,13413.3025
1780380000000000,1985.01,1988.88,1978.14,1982.38,12402.1203
1780383600000000,1982.39,1990.0,1973.88,1981.88,12690.7893
1780387200000000,1981.89,1989.0,1977.0,1979.21,8983.5578
1780390800000000,1979.22,1979.78,1966.69,1975.28,16271.7747
1780394400000000,1975.27,1983.88,1971.75,1983.49,16133.2095
1780398000000000,1983.49,1983.72,1975.8,1978.53,6228.9322
1780401600000000,1978.53,1982.75,1972.57,1976.27,14674.2634
1780405200000000,1976.28,1981.79,1970.5,1974.33,13782.8845
1780408800000000,1974.34,1975.22,1925.8,1941.36,56685.9633
1780412400000000,1941.35,1941.59,1890.0,1914.81,80076.174
1780416000000000,1914.81,1943.87,1909.57,1920.59,32465.645
1780419600000000,1920.59,1931.53,1919.59,1924.18,12294.3762
1780423200000000,1924.18,1928.0,1903.38,1913.11,13900.7456
1780426800000000,1913.11,1917.8,1881.01,1912.28,37361.6337
1780430400000000,1912.28,1919.01,1895.53,1906.74,18496.8629
1780434000000000,1906.75,1911.45,1897.23,1900.34,11944.1531
1780437600000000,1900.35,1909.59,1862.23,1868.77,53213.0551
1780441200000000,1868.78,1873.37,1839.02,1859.84,70147.1181
1780444800000000,1859.84,1874.11,1854.62,1867.35,26805.1575
1780448400000000,1867.35,1870.01,1850.0,1864.51,17229.5011
1780452000000000,1864.52,1864.94,1851.2,1854.09,25684.409
1780455600000000,1854.09,1856.71,1816.92,1828.24,53071.3555
1780459200000000,1828.24,1852.0,1827.65,1850.84,24723.5033
1780462800000000,1850.84,1876.12,1849.99,1873.45,31617.555
1780466400000000,1873.44,1884.41,1870.28,1871.87,20166.3912
1780470000000000,1871.87,1880.38,1867.97,1878.39,13929.2016
1780473600000000,1878.39,1883.43,1873.32,1880.02,11595.7204
1780477200000000,1880.01,1886.58,1869.95,1876.28,18298.055
1780480800000000,1876.28,1893.07,1875.01,1884.79,13130.3099
1780484400000000,1884.79,1888.29,1876.12,1878.16,10219.9521
1780488000000000,1878.17,1880.0,1868.02,1876.4,14379.8792
1780491600000000,1876.41,1879.68,1861.35,1867.64,18775.4924
1780495200000000,1867.64,1868.72,1852.8,1858.51,15577.343
1780498800000000,1858.51,1859.75,1836.21,1837.21,29759.5409
1780502400000000,1837.22,1844.08,1811.15,1832.68,38869.8731
1780506000000000,1832.68,1839.53,1818.14,1828.11,15349.4372
1780509600000000,1828.12,1834.41,1821.65,1832.25,10214.0169
1780513200000000,1832.25,1833.64,1795.23,1803.41,39961.4127
1780516800000000,1803.41,1813.11,1769.62,1781.44,48128.0654
1780520400000000,1781.44,1850.29,1777.67,1850.1,40851.5527
1780524000000000,1850.1,1852.2,1822.77,1829.0,26081.906
1780527600000000,1829.01,1830.93,1812.84,1813.05,20340.8507
1780531200000000,1813.05,1820.5,1782.6,1793.85,36694.1484
1780534800000000,1793.86,1801.06,1755.0,1759.77,45394.2914
1780538400000000,1759.76,1778.93,1717.28,1766.82,84214.1213
1780542000000000,1766.83,1812.52,1766.6,1809.24,33743.4977
1780545600000000,1809.24,1818.0,1802.69,1805.49,16956.1564
1780549200000000,1805.49,1805.49,1780.59,1784.06,27581.1214
1780552800000000,1784.05,1802.06,1782.07,1789.95,18731.1395
1780556400000000,1789.96,1790.72,1773.52,1777.45,19717.1342
1780560000000000,1777.44,1783.27,1763.98,1773.63,21922.8741
1780563600000000,1773.63,1774.14,1744.53,1766.52,40911.8062
1780567200000000,1766.58,1767.22,1730.13,1736.86,43989.1315
1780570800000000,1736.86,1754.67,1732.53,1751.51,34563.049
1780574400000000,1751.51,1782.91,1744.29,1778.16,36619.2336
1780578000000000,1778.17,1790.0,1755.65,1785.52,32434.3916
1780581600000000,1785.53,1794.43,1766.33,1774.38,24657.8169
1780585200000000,1774.37,1791.29,1770.64,1777.02,17792.9546
1780588800000000,1777.03,1781.25,1766.13,1772.2,13479.112
1780592400000000,1772.2,1776.03,1754.0,1768.05,18286.1872
1780596000000000,1768.06,1783.64,1760.01,1776.28,16596.9334
1780599600000000,1776.27,1787.11,1771.0,1776.94,12182.3413
1780603200000000,1776.93,1777.52,1764.66,1774.88,8739.7779
1780606800000000,1774.87,1783.02,1757.11,1761.2,14740.525
1780610400000000,1761.2,1770.26,1752.46,1768.73,17189.2927
1780614000000000,1768.74,1777.02,1757.35,1770.77,11169.0678
1780617600000000,1770.76,1774.99,1758.51,1759.42,11334.258
1780621200000000,1759.43,1764.07,1746.52,1753.33,18021.4605
1780624800000000,1753.34,1754.9,1727.65,1730.24,35131.516
1780628400000000,1730.24,1739.5,1722.36,1729.71,23683.9627
1780632000000000,1729.72,1746.05,1718.25,1744.64,29566.1043
1780635600000000,1744.64,1747.8,1681.29,1684.16,80235.8593
1780639200000000,1684.16,1689.5,1625.78,1656.52,128261.0302
1780642800000000,1656.52,1680.0,1633.45,1679.21,75612.2337
1780646400000000,1679.22,1679.64,1659.43,1663.87,38257.5135
1780650000000000,1663.88,1690.07,1662.85,1682.72,32616.2779
1780653600000000,1682.73,1685.03,1672.05,1676.87,22741.5096
1780657200000000,1676.86,1681.8,1663.0,1663.44,25803.3693
1780660800000000,1663.43,1671.47,1646.1,1657.28,40610.0397
1780664400000000,1657.28,1677.7,1612.35,1615.04,67988.5831
1780668000000000,1615.05,1624.56,1590.8,1600.96,118217.6046
1780671600000000,1600.96,1604.6,1572.22,1583.29,77516.7936
1780675200000000,1583.29,1612.44,1547.01,1608.49,100794.1726
1780678800000000,1608.48,1612.89,1588.0,1594.28,35170.7111
1780682400000000,1594.28,1598.66,1544.68,1553.26,65573.2969
1780686000000000,1553.26,1580.3,1540.19,1574.06,65869.8984
1780689600000000,1574.07,1608.5,1557.36,1603.38,56901.9952
1780693200000000,1603.38,1619.3,1602.45,1609.8,40414.3008
1780696800000000,1609.81,1610.25,1589.68,1597.14,33048.5983
1780700400000000,1597.14,1603.89,1561.07,1583.4,33642.0715
1780704000000000,1583.4,1601.22,1582.71,1593.03,17320.7333
1780707600000000,1593.04,1596.77,1578.15,1583.16,12688.5562
1780711200000000,1583.16,1585.84,1566.66,1576.2,19596.9168
1780714800000000,1576.2,1576.73,1555.28,1563.34,18998.1908
1780718400000000,1563.34,1569.57,1510.43,1522.56,53383.6205
1780722000000000,1522.57,1569.17,1505.68,1566.71,60261.821
1780725600000000,1566.72,1581.62,1556.01,1560.16,38270.1854
1780729200000000,1560.1,1580.22,1556.07,1575.14,30120.1676
1780732800000000,1575.14,1593.04,1570.01,1582.57,17466.5349
1780736400000000,1582.56,1588.53,1565.97,1570.69,18081.3602
1780740000000000,1570.7,1570.7,1535.68,1548.27,39259.3562
1780743600000000,1548.26,1567.4,1547.24,1558.89,21927.4788
1780747200000000,1558.9,1575.82,1551.56,1571.32,25985.715
1780750800000000,1571.32,1573.36,1553.92,1557.03,32529.2189
1780754400000000,1557.04,1566.96,1556.09,1557.7,26981.8239
1780758000000000,1557.71,1565.84,1544.87,1560.45,22450.9311
1780761600000000,1560.45,1566.0,1553.36,1563.57,15251.3466
1780765200000000,1563.58,1566.51,1547.05,1553.54,20604.7277
1780768800000000,1553.53,1566.25,1550.01,1556.58,16596.3515
1780772400000000,1556.59,1563.51,1553.52,1554.56,8402.4889
1780776000000000,1554.55,1559.99,1550.85,1557.61,11168.9504
1780779600000000,1557.62,1565.21,1557.62,1558.2,8365.8031
1780783200000000,1558.2,1561.93,1551.57,1558.33,10059.2797
1780786800000000,1558.33,1570.06,1556.86,1569.69,12686.8087
1780790400000000,1569.68,1572.42,1564.1,1565.03,8353.9229
1780794000000000,1565.03,1596.54,1564.16,1590.12,23011.9246
1780797600000000,1590.12,1594.92,1582.39,1592.67,12782.3655
1780801200000000,1592.67,1600.51,1589.72,1595.01,12634.904
1780804800000000,1595.0,1599.1,1585.0,1597.0,12510.2247
1780808400000000,1597.0,1609.96,1593.25,1604.02,18551.5494
1780812000000000,1604.02,1623.52,1598.54,1612.01,35177.9262
1780815600000000,1612.01,1616.46,1606.99,1615.18,22232.506
1780819200000000,1615.18,1642.27,1608.39,1641.35,27061.4096
1780822800000000,1641.35,1648.7,1627.9,1633.52,23602.6875
1780826400000000,1633.53,1635.73,1624.78,1625.7,16264.2458
1780830000000000,1625.7,1633.99,1622.22,1630.12,12876.9496
1780833600000000,1630.12,1631.24,1607.0,1620.17,25613.3659
1780837200000000,1620.17,1623.0,1613.36,1617.46,10211.5277
1780840800000000,1617.46,1640.0,1616.91,1628.13,23273.768
1780844400000000,1628.12,1636.12,1620.85,1630.07,13937.1281
1780848000000000,1630.07,1633.52,1623.37,1628.52,13451.8718
1780851600000000,1628.52,1638.0,1627.65,1631.35,16797.3291
1780855200000000,1631.34,1636.74,1629.0,1630.36,6104.7666
1780858800000000,1630.37,1630.56,1604.0,1613.11,23850.4789
1780862400000000,1613.1,1631.65,1609.43,1628.14,10940.1669
1780866000000000,1628.14,1634.57,1623.72,1634.53,7293.2485
1780869600000000,1634.53,1721.93,1629.05,1672.56,60333.9938
1780873200000000,1672.55,1691.93,1670.76,1690.51,21412.3298
1780876800000000,1690.5,1711.58,1683.24,1697.59,28454.8885
1780880400000000,1697.6,1700.2,1670.94,1687.34,23391.1458
1780884000000000,1687.34,1689.5,1678.07,1683.9,12316.9254
1780887600000000,1683.91,1692.62,1677.0,1680.01,10307.0788
1780891200000000,1680.02,1681.0,1655.95,1657.05,19001.8609
1780894800000000,1657.05,1659.87,1645.0,1653.68,17369.8858
1780898400000000,1653.68,1669.99,1652.78,1666.53,13339.657
1780902000000000,1666.54,1683.49,1661.63,1673.47,23970.6156
1780905600000000,1673.46,1673.46,1658.76,1661.17,18124.4271
1780909200000000,1661.17,1672.0,1657.21,1671.1,18578.4603
1780912800000000,1671.09,1676.95,1663.32,1672.36,11779.2015
1780916400000000,1672.37,1696.77,1667.81,1683.76,25263.313
1780920000000000,1683.77,1698.9,1667.46,1695.61,30493.8863
1780923600000000,1695.6,1696.82,1678.44,1681.59,36905.2183
1780927200000000,1681.59,1694.46,1676.55,1691.25,35379.9467
1780930800000000,1691.24,1706.22,1688.69,1691.59,26426.2471
1780934400000000,1691.59,1703.88,1682.69,1682.7,21935.6251
1780938000000000,1682.7,1687.86,1675.8,1686.8,18300.3767
1780941600000000,1686.81,1692.54,1678.69,1684.71,12223.9236
1780945200000000,1684.71,1691.76,1681.14,1684.78,20181.1462
1780948800000000,1684.78,1689.71,1679.25,1689.71,10762.7791
1780952400000000,1689.71,1714.5,1689.71,1703.52,19220.6599
1780956000000000,1703.51,1704.19,1688.36,1703.22,10883.8658
1780959600000000,1703.21,1714.45,1686.72,1690.49,15416.1776
1780963200000000,1690.48,1696.88,1660.0,1663.26,28703.4582
1780966800000000,1663.26,1674.27,1658.8,1669.02,11633.8082
1780970400000000,1669.01,1672.19,1654.63,1667.89,16612.0973
1780974000000000,1667.88,1671.68,1663.83,1669.44,8667.1447
1780977600000000,1669.44,1696.41,1664.33,1686.35,17666.9291
1780981200000000,1686.36,1695.23,1681.53,1688.25,10451.0191
1780984800000000,1688.25,1695.49,1684.06,1685.98,12296.1588
1780988400000000,1685.99,1691.59,1675.2,1679.86,15280.924
1780992000000000,1679.86,1680.64,1668.16,1675.28,13033.6705
1780995600000000,1675.28,1680.16,1665.0,1670.61,9977.7465
1780999200000000,1670.6,1676.41,1667.11,1674.72,8285.7183
1781002800000000,1674.72,1675.46,1666.12,1671.96,7742.4269
1781006400000000,1671.96,1683.32,1671.04,1676.9,15615.6314
1781010000000000,1676.9,1680.63,1664.05,1666.71,22526.1705
1781013600000000,1666.71,1670.84,1633.84,1645.9,43940.3185
1781017200000000,1645.9,1653.89,1634.45,1636.4,27668.7811
1781020800000000,1636.4,1639.35,1614.02,1632.27,36381.0701
1781024400000000,1632.28,1649.76,1632.18,1643.04,19699.237
1781028000000000,1643.03,1655.49,1639.87,1652.28,11940.1195
1781031600000000,1652.27,1658.64,1647.82,1657.33,13801.8096
1781035200000000,1657.33,1663.77,1655.34,1660.59,7896.3684
1781038800000000,1660.59,1661.69,1647.29,1650.33,6653.733
1781042400000000,1650.32,1655.0,1639.52,1640.0,6633.8767
1781046000000000,1640.01,1642.87,1630.36,1639.52,11039.0175
1781049600000000,1639.52,1646.83,1629.52,1645.74,8118.2128
1781053200000000,1645.75,1646.91,1633.55,1638.98,7176.757
1781056800000000,1638.99,1642.5,1621.77,1624.22,8216.5385
1781060400000000,1624.21,1636.53,1623.52,1630.82,4424.3258
1781064000000000,1630.82,1632.92,1622.45,1625.98,4591.328
1781067600000000,1625.99,1630.0,1616.33,1627.99,8002.8075
1781071200000000,1628.0,1634.41,1622.76,1632.08,8041.7926
1781074800000000,1632.08,1643.58,1630.73,1640.09,8126.5566
1781078400000000,1640.1,1640.89,1618.18,1621.34,14750.5467
1781082000000000,1621.35,1626.44,1606.01,1623.67,12606.9916
1781085600000000,1623.67,1629.99,1618.1,1628.23,5500.8261
1781089200000000,1628.23,1630.22,1612.0,1620.05,17819.1598
1781092800000000,1620.06,1645.46,1615.91,1635.4,20732.8935
1781096400000000,1635.4,1667.96,1632.0,1651.81,21809.4649
1781100000000000,1651.82,1655.64,1637.27,1646.72,15637.5251
1781103600000000,1646.72,1665.05,1635.85,1657.97,20813.253
1781107200000000,1657.98,1658.73,1632.5,1641.99,17206.2115
1781110800000000,1641.99,1647.59,1622.51,1632.32,19894.0712
1781114400000000,1632.32,1636.88,1622.52,1631.13,10584.2028
1781118000000000,1631.13,1633.69,1623.13,1630.15,7568.5195
1781121600000000,1630.15,1636.21,1623.15,1630.65,8748.524
1781125200000000,1630.64,1630.64,1603.44,1611.44,15299.0185
1781128800000000,1611.45,1622.38,1604.62,1616.52,13595.3575
1781132400000000,1616.52,1625.09,1609.39,1621.59,11526.3974
1781136000000000,1621.6,1634.72,1621.6,1628.64,7724.4295
1781139600000000,1628.63,1647.88,1628.57,1642.83,7074.6638
1781143200000000,1642.83,1645.5,1630.9,1641.07,5910.6333
1781146800000000,1641.06,1661.3,1636.09,1653.95,15578.307
1781150400000000,1653.94,1659.72,1650.0,1656.89,6886.6593
1781154000000000,1656.89,1656.9,1647.63,1647.95,7974.1931
1781157600000000,1647.96,1663.14,1646.2,1654.82,16221.9728
1781161200000000,1654.81,1658.3,1651.7,1654.41,5480.1414
1781164800000000,1654.4,1664.14,1654.33,1659.96,7619.2871
1781168400000000,1659.97,1662.0,1656.47,1658.98,4916.5793
1781172000000000,1658.97,1661.58,1654.28,1658.85,6620.7696
1781175600000000,1658.85,1673.5,1656.43,1666.84,11246.0665
1781179200000000,1666.84,1666.88,1642.12,1651.84,20236.8797
1781182800000000,1651.85,1659.52,1644.45,1653.24,11181.1521
1781186400000000,1653.24,1655.4,1638.95,1643.04,13211.5386
1781190000000000,1643.04,1650.83,1636.19,1645.55,11179.5317
1781193600000000,1645.56,1649.5,1638.35,1639.75,7669.8854
1781197200000000,1639.74,1693.59,1632.71,1688.66,45791.8573
1781200800000000,1688.65,1691.85,1676.98,1683.98,17473.6364
1781204400000000,1683.97,1693.55,1675.98,1681.26,14280.2674
1781208000000000,1681.26,1683.01,1667.18,1672.37,11476.2253
1781211600000000,1672.37,1683.29,1672.14,1677.0,8304.8025
1781215200000000,1676.99,1683.21,1675.43,1676.17,7951.566
1781218800000000,1676.16,1679.25,1670.19,1673.46,6496.6753
1781222400000000,1673.46,1677.74,1669.86,1672.74,4281.8456
1781226000000000,1672.74,1672.74,1660.93,1667.09,7875.9261
1781229600000000,1667.08,1678.42,1666.87,1675.59,4970.8546
1781233200000000,1675.6,1676.6,1668.81,1673.25,3530.8234
1781236800000000,1673.25,1682.0,1669.29,1677.47,5441.5155
1781240400000000,1677.48,1677.86,1662.31,1664.23,7801.1597
1781244000000000,1664.23,1666.82,1652.09,1657.34,8649.4647
1781247600000000,1657.35,1664.99,1656.23,1662.12,8331.4353
1781251200000000,1662.12,1678.22,1662.12,1673.53,15418.7017
1781254800000000,1673.53,1685.65,1671.48,1680.16,8197.0023
1781258400000000,1680.16,1683.35,1671.91,1674.85,6173.9875
1781262000000000,1674.85,1678.51,1672.1,1673.89,3363.2193
1781265600000000,1673.88,1673.88,1663.07,1666.54,6467.2057
1781269200000000,1666.55,1668.91,1653.74,1657.6,11710.1544
1781272800000000,1657.6,1685.93,1656.26,1685.64,16504.3485
1781276400000000,1685.65,1691.07,1658.75,1660.08,28712.9287
1781280000000000,1660.08,1675.81,1657.38,1672.9,16259.7209
1781283600000000,1672.91,1678.1,1667.37,1668.84,9374.8496
1781287200000000,1668.84,1673.57,1663.6,1666.87,7832.5232
1781290800000000,1666.86,1672.47,1664.9,1665.92,8724.7737
1781294400000000,1665.92,1667.85,1662.02,1664.92,3958.8659
1781298000000000,1664.93,1668.01,1663.21,1664.19,3024.2087
1781301600000000,1664.18,1667.49,1661.46,1662.6,2376.0563
1781305200000000,1662.6,1666.41,1659.02,1666.41,2906.4389
1781308800000000,1666.42,1669.34,1665.31,1667.47,2920.1254
1781312400000000,1667.47,1675.9,1666.53,1674.03,5623.2701
1781316000000000,1674.03,1674.52,1665.69,1668.02,4867.9917
1781319600000000,1668.03,1669.57,1663.36,1665.25,2988.2057
1781323200000000,1665.25,1668.28,1663.52,1664.51,2235.5465
1781326800000000,1664.52,1665.61,1662.2,1665.22,3000.8241
1781330400000000,1665.22,1670.25,1663.88,1669.7,3290.8776
1781334000000000,1669.71,1677.74,1668.47,1676.38,7516.4797
1781337600000000,1676.38,1679.92,1673.63,1674.57,7578.6282
1781341200000000,1674.57,1676.3,1672.93,1673.7,3898.675
1781344800000000,1673.7,1676.37,1672.8,1674.18,3139.3227
1781348400000000,1674.19,1678.96,1673.55,1678.34,3875.3902
1781352000000000,1678.33,1683.77,1676.99,1680.53,4637.8032
1781355600000000,1680.52,1681.58,1676.69,1678.02,4422.2372
1781359200000000,1678.02,1681.47,1677.82,1679.97,3196.0956
1781362800000000,1679.98,1686.56,1678.5,1682.15,7674.3014
1781366400000000,1682.14,1682.48,1671.44,1676.74,12322.1686
1781370000000000,1676.74,1678.4,1673.23,1674.31,3585.258
1781373600000000,1674.31,1682.63,1674.2,1678.53,2724.5849
1781377200000000,1678.53,1680.0,1675.86,1678.29,2737.3428
1781380800000000,1678.3,1678.3,1675.11,1676.53,2067.6627
1781384400000000,1676.53,1697.28,1674.91,1686.44,6677.2933
1781388000000000,1686.44,1686.65,1681.62,1681.63,3324.1624
1781391600000000,1681.62,1684.2,1678.1,1681.18,2447.3607
1781395200000000,1681.19,1683.52,1678.83,1681.91,2635.5197
1781398800000000,1681.9,1690.36,1680.3,1683.99,3518.0414
1781402400000000,1683.98,1685.7,1681.59,1682.47,1929.4039
1781406000000000,1682.46,1683.28,1679.85,1681.73,2324.9353
1781409600000000,1681.74,1682.66,1676.35,1677.95,3535.006
1781413200000000,1677.95,1679.14,1674.0,1678.13,4061.9516
1781416800000000,1678.13,1682.5,1675.3,1676.39,5066.5632
1781420400000000,1676.4,1677.55,1673.72,1675.91,2927.6836
1781424000000000,1675.91,1678.92,1674.73,1675.58,3088.9448
1781427600000000,1675.58,1679.0,1669.15,1678.49,7430.344
1781431200000000,1678.48,1678.55,1673.13,1673.13,1896.0713
1781434800000000,1673.13,1677.15,1672.36,1673.73,2400.9129
1781438400000000,1673.73,1674.58,1665.35,1666.9,4560.2496
1781442000000000,1666.9,1669.15,1664.5,1666.54,4290.0889
1781445600000000,1666.53,1670.2,1654.9,1659.76,10746.8189
1781449200000000,1659.76,1664.67,1659.6,1662.95,4335.407
1781452800000000,1662.95,1668.57,1659.36,1661.38,6515.369
1781456400000000,1661.37,1666.52,1660.92,1662.09,5151.4048
1781460000000000,1662.09,1663.27,1658.95,1662.08,3057.1103
1781463600000000,1662.07,1667.93,1661.13,1665.43,3219.0946
1781467200000000,1665.44,1673.72,1662.67,1670.48,4358.5103
1781470800000000,1670.48,1732.28,1669.97,1718.67,48781.2516
1781474400000000,1718.68,1729.1,1712.34,1722.62,28043.4797
1781478000000000,1722.62,1726.43,1716.79,1725.62,14135.7917
1781481600000000,1725.63,1733.04,1719.78,1720.83,14570.9812
1781485200000000,1720.83,1721.91,1709.66,1715.79,12097.9798
1781488800000000,1715.8,1726.96,1714.23,1716.78,8966.2582
1781492400000000,1716.78,1724.17,1715.55,1720.78,11155.8651
1781496000000000,1720.78,1720.78,1716.0,1717.04,11426.7749
1781499600000000,1717.05,1722.63,1715.95,1720.66,6961.6259
1781503200000000,1720.67,1723.29,1718.25,1719.82,6607.7047
1781506800000000,1719.82,1723.8,1716.49,1716.59,8177.2779
1781510400000000,1716.6,1721.91,1715.6,1720.36,6027.9286
1781514000000000,1720.35,1726.94,1712.17,1718.65,14597.5107
1781517600000000,1718.65,1748.6,1718.27,1737.77,26756.9662
1781521200000000,1737.77,1769.0,1734.11,1764.67,38954.8902
1781524800000000,1764.67,1777.77,1760.28,1777.48,27438.198
1781528400000000,1777.48,1827.67,1774.6,1814.12,70367.2004
1781532000000000,1814.12,1818.58,1804.71,1814.55,25775.3832
1781535600000000,1814.55,1849.54,1813.15,1845.53,47178.9802
1781539200000000,1845.53,1847.13,1837.48,1842.85,28115.059
1781542800000000,1842.85,1842.86,1823.58,1829.19,23706.4793
1781546400000000,1829.19,1835.58,1825.85,1828.13,9996.5735
1781550000000000,1828.12,1834.44,1811.66,1821.89,16646.39
1781553600000000,1821.88,1826.62,1815.33,1816.95,8446.3884
1781557200000000,1816.94,1822.15,1809.53,1811.35,8869.859
1781560800000000,1811.36,1813.55,1787.0,1789.68,16216.3254
1781564400000000,1789.69,1797.58,1782.82,1796.13,15076.6555
1781568000000000,1796.14,1802.09,1789.0,1789.6,9861.7639
1781571600000000,1789.59,1797.42,1789.13,1792.27,5337.8699
1781575200000000,1792.26,1794.1,1767.4,1770.13,20732.5293
1781578800000000,1770.13,1780.73,1764.84,1779.16,14600.4649
1781582400000000,1779.16,1783.32,1758.0,1760.64,17722.5148
1781586000000000,1760.65,1766.0,1760.57,1762.05,11474.8532
1781589600000000,1762.06,1774.17,1762.06,1771.4,11200.0573
1781593200000000,1771.41,1776.47,1769.02,1774.24,10004.5098
1781596800000000,1774.25,1807.97,1773.25,1803.23,22080.5005
1781600400000000,1803.23,1805.79,1787.07,1789.63,13315.7417
1781604000000000,1789.63,1800.0,1788.61,1793.95,13040.3844
1781607600000000,1793.95,1800.0,1790.7,1799.59,8788.3291
1781611200000000,1799.6,1839.77,1796.71,1814.88,38221.0614
1781614800000000,1814.89,1817.1,1791.57,1797.88,32836.3553
1781618400000000,1797.86,1805.57,1763.36,1780.56,37636.9685
1781622000000000,1780.56,1788.32,1774.52,1782.44,15292.7715
1781625600000000,1782.43,1785.58,1773.03,1777.89,10107.1978
1781629200000000,1777.9,1799.45,1777.38,1795.1,11225.1737
1781632800000000,1795.1,1808.44,1792.58,1799.21,14940.9438
1781636400000000,1799.2,1801.04,1790.14,1795.41,11864.4825
1781640000000000,1795.41,1798.5,1789.53,1797.82,7360.8483
1781643600000000,1797.82,1800.48,1790.57,1796.52,6138.1935
1781647200000000,1796.53,1799.49,1791.03,1796.21,5783.0483
1781650800000000,1796.22,1798.89,1791.26,1792.99,4010.9856
1781654400000000,1793.0,1799.01,1791.95,1794.22,3837.3514
1781658000000000,1794.22,1799.12,1778.99,1797.76,9518.8319
1781661600000000,1797.76,1810.21,1788.78,1795.59,11539.6186
1781665200000000,1795.59,1797.36,1787.65,1793.58,6278.7011
1781668800000000,1793.58,1801.79,1792.0,1794.3,4566.9498
1781672400000000,1794.3,1799.45,1789.13,1793.98,6224.9179
1781676000000000,1793.98,1797.2,1786.44,1790.38,5350.7783
1781679600000000,1790.38,1792.34,1778.71,1785.08,7467.6536
1781683200000000,1785.09,1786.15,1760.4,1765.31,15038.4696
1781686800000000,1765.3,1777.78,1765.0,1773.07,6492.4868
1781690400000000,1773.08,1776.05,1767.14,1768.38,4720.795
1781694000000000,1768.39,1770.77,1759.35,1763.92,8865.8541
1781697600000000,1763.93,1765.99,1742.94,1759.44,22647.9494
1781701200000000,1759.42,1771.91,1754.72,1761.25,20823.4439
1781704800000000,1761.24,1765.52,1741.05,1754.96,21946.5289
1781708400000000,1754.97,1776.94,1751.21,1773.41,16711.5499
1781712000000000,1773.42,1791.73,1769.52,1772.02,20521.2125
1781715600000000,1772.03,1796.08,1767.54,1789.27,12709.6191
1781719200000000,1789.27,1789.4,1746.42,1770.32,45097.9103
1781722800000000,1770.31,1775.85,1729.26,1734.72,48044.2229
1781726400000000,1734.73,1747.92,1732.97,1747.36,12478.2946
1781730000000000,1747.37,1748.01,1736.39,1738.9,6882.8113
1781733600000000,1738.91,1746.6,1725.34,1740.31,10769.2064
1781737200000000,1740.31,1751.66,1740.1,1750.6,5962.9002
1781740800000000,1750.61,1759.49,1749.98,1752.97,8434.4626
1781744400000000,1752.97,1762.99,1752.64,1754.92,6736.3083
1781748000000000,1754.93,1759.0,1750.34,1755.85,5941.1809
1781751600000000,1755.86,1756.26,1741.46,1744.17,9869.8515
1781755200000000,1744.17,1745.92,1730.0,1730.64,10827.0106
1781758800000000,1730.63,1733.0,1722.24,1730.97,9504.6066
1781762400000000,1730.97,1736.79,1725.53,1735.56,9171.8836
1781766000000000,1735.56,1753.29,1732.91,1749.79,14499.706
1781769600000000,1749.8,1753.61,1743.7,1747.67,16995.3259
1781773200000000,1747.67,1751.87,1742.53,1746.07,9188.0766
1781776800000000,1746.07,1752.84,1739.46,1746.9,10293.2199
1781780400000000,1746.9,1749.39,1739.11,1743.31,10599.3506
1781784000000000,1743.31,1753.06,1741.88,1750.41,9678.6003
1781787600000000,1750.41,1752.51,1729.08,1736.78,14466.2432
1781791200000000,1736.78,1745.46,1729.66,1739.79,15628.5169
1781794800000000,1739.78,1740.09,1680.0,1682.23,54756.2373
1781798400000000,1682.23,1692.95,1680.39,1686.93,23218.7247
1781802000000000,1686.96,1687.68,1671.79,1679.42,18337.1074
1781805600000000,1679.41,1689.4,1676.35,1685.38,11493.0957
1781809200000000,1685.38,1707.48,1682.78,1705.39,12972.023
1781812800000000,1705.4,1717.23,1705.4,1710.47,10803.4729
1781816400000000,1710.47,1711.96,1701.64,1708.39,8309.8533
1781820000000000,1708.39,1708.56,1700.19,1706.81,5388.0262
1781823600000000,1706.81,1712.38,1702.96,1711.11,5368.0816
1781827200000000,1711.11,1716.3,1708.64,1713.84,5697.9599
1781830800000000,1713.85,1719.51,1706.19,1713.5,4979.2932
1781834400000000,1713.5,1715.21,1701.29,1707.15,7104.6248
1781838000000000,1707.15,1708.28,1682.35,1697.69,19909.1455
1781841600000000,1697.7,1702.97,1686.0,1689.72,9047.7131
1781845200000000,1689.72,1697.75,1689.39,1697.51,6751.5611
1781848800000000,1697.51,1703.4,1696.18,1700.26,5912.1887
1781852400000000,1700.27,1700.98,1690.09,1695.82,10871.0575
1781856000000000,1695.82,1699.11,1693.66,1697.94,4871.7774
1781859600000000,1697.94,1699.82,1688.72,1689.2,5546.9736
1781863200000000,1689.21,1694.67,1687.05,1692.61,5996.3839
1781866800000000,1692.6,1694.24,1688.84,1691.74,3329.0739
1781870400000000,1691.74,1696.12,1679.11,1695.36,9586.951
1781874000000000,1695.37,1711.59,1687.75,1703.47,11636.3177
1781877600000000,1703.46,1709.98,1696.51,1706.97,8226.3952
1781881200000000,1706.96,1712.06,1698.37,1707.86,9090.8157
1781884800000000,1707.87,1711.76,1695.09,1696.8,7276.0252
1781888400000000,1696.8,1706.25,1693.7,1704.85,7369.5848
1781892000000000,1704.85,1705.45,1698.3,1702.7,3812.1693
1781895600000000,1702.69,1704.61,1698.15,1701.2,3987.7458
1781899200000000,1701.21,1709.37,1698.89,1708.96,3414.0082
1781902800000000,1708.97,1708.97,1701.52,1702.03,2847.9389
1781906400000000,1702.02,1710.38,1700.45,1707.61,4493.571
1781910000000000,1707.61,1715.0,1704.88,1711.19,3318.923
1781913600000000,1711.18,1718.0,1708.41,1708.8,6468.2301
1781917200000000,1708.8,1713.36,1706.62,1709.89,2947.0758
1781920800000000,1709.89,1710.52,1704.06,1704.85,3058.5958
1781924400000000,1704.85,1709.33,1704.56,1708.17,2012.5022
1781928000000000,1708.18,1715.47,1706.51,1713.52,4256.5601
1781931600000000,1713.52,1733.89,1712.25,1726.1,15425.5681
1781935200000000,1726.11,1729.84,1723.98,1727.67,4389.7401
1781938800000000,1727.66,1729.56,1723.05,1725.82,4567.4772
1781942400000000,1725.81,1726.9,1721.25,1722.83,4169.4426
1781946000000000,1722.83,1730.0,1722.83,1728.47,3920.341
1781949600000000,1728.46,1729.53,1725.26,1727.62,2117.895
1781953200000000,1727.63,1731.76,1725.84,1727.18,3102.374
1781956800000000,1727.18,1730.35,1723.61,1726.86,3168.5393
1781960400000000,1726.86,1727.21,1712.81,1717.56,7508.8306
1781964000000000,1717.56,1746.67,1708.11,1733.48,17301.3976
1781967600000000,1733.49,1749.55,1729.44,1740.63,17584.9923
1781971200000000,1740.63,1740.91,1730.9,1733.92,4672.2434
1781974800000000,1733.92,1733.93,1721.03,1726.86,4887.2409
1781978400000000,1726.87,1732.0,1726.0,1726.63,4045.8504
1781982000000000,1726.62,1730.18,1725.24,1729.27,9864.4156
1781985600000000,1729.27,1731.34,1726.53,1730.98,2561.062
1781989200000000,1730.98,1738.01,1730.38,1735.33,10038.6089
1781992800000000,1735.33,1746.17,1732.96,1743.32,13257.529
1781996400000000,1743.32,1743.76,1740.52,1741.08,8465.3091
1782000000000000,1741.08,1741.09,1736.19,1737.92,3498.051
1782003600000000,1737.92,1740.0,1734.5,1737.01,2282.0442
1782007200000000,1737.0,1738.18,1735.66,1736.09,1633.6497
1782010800000000,1736.08,1741.45,1733.51,1737.87,4072.1839
1782014400000000,1737.88,1741.41,1731.63,1732.85,3580.8594
1782018000000000,1732.85,1736.27,1729.8,1733.47,3450.4994
1782021600000000,1733.46,1738.66,1732.52,1736.14,8991.4845
1782025200000000,1736.14,1736.44,1731.79,1732.36,3125.8122
1782028800000000,1732.36,1733.22,1724.0,1729.1,4507.568
1782032400000000,1729.11,1734.37,1725.89,1732.78,3081.6477
1782036000000000,1732.77,1737.02,1731.03,1731.38,3584.3482
1782039600000000,1731.39,1734.81,1718.56,1725.36,8436.5416
1782043200000000,1725.37,1726.93,1717.14,1726.0,8012.7232
1782046800000000,1725.99,1728.14,1722.12,1725.15,3705.3006
1782050400000000,1725.15,1728.46,1721.78,1728.44,3406.0189
1782054000000000,1728.45,1732.57,1727.12,1730.72,3875.8192
1782057600000000,1730.71,1730.71,1722.21,1728.15,5613.9679
1782061200000000,1728.16,1731.54,1725.97,1727.36,4651.9746
1782064800000000,1727.37,1737.81,1721.67,1735.39,7082.1654
1782068400000000,1735.4,1739.32,1733.59,1734.14,2837.2696
1782072000000000,1734.14,1735.34,1717.3,1721.3,5585.8071
1782075600000000,1721.32,1724.19,1702.0,1718.6,13883.6198
1782079200000000,1718.59,1721.38,1708.57,1717.65,6845.1093
1782082800000000,1717.64,1717.64,1704.25,1706.94,8018.0035
1782086400000000,1706.94,1732.2,1706.94,1726.95,10130.3805
1782090000000000,1726.95,1759.84,1724.56,1743.82,22702.9713
1782093600000000,1743.83,1745.28,1737.28,1737.28,6300.0591
1782097200000000,1737.27,1740.98,1726.54,1730.0,9112.5799
1782100800000000,1730.0,1735.96,1727.69,1735.31,6465.2801
1782104400000000,1735.3,1739.83,1734.2,1736.85,5508.6624
1782108000000000,1736.85,1740.21,1733.21,1735.06,6815.1664
1782111600000000,1735.07,1751.58,1734.76,1746.34,12767.3267
1782115200000000,1746.34,1752.23,1743.56,1747.79,6440.1179
1782118800000000,1747.8,1750.38,1743.75,1746.2,7565.4243
1782122400000000,1746.19,1751.58,1745.23,1748.81,3656.4425
1782126000000000,1748.81,1774.7,1747.48,1767.68,22291.9665
1782129600000000,1767.68,1772.0,1761.29,1764.0,13529.9672
1782133200000000,1764.0,1779.9,1762.06,1777.51,20616.359
1782136800000000,1777.52,1778.0,1749.85,1754.61,17137.5904
1782140400000000,1754.62,1758.06,1742.41,1744.74,13111.6886
1782144000000000,1744.75,1746.29,1733.71,1740.1,17031.0108
1782147600000000,1740.1,1743.12,1731.32,1740.93,9084.9434
1782151200000000,1740.92,1747.7,1729.42,1733.51,12571.1935
1782154800000000,1733.51,1736.82,1729.15,1734.59,10968.9943
1782158400000000,1734.59,1740.07,1731.14,1734.61,5535.2997
1782162000000000,1734.61,1737.53,1726.83,1732.74,5705.2922
1782165600000000,1732.74,1735.93,1717.02,1724.15,11341.6732
1782169200000000,1724.16,1730.6,1721.38,1728.19,6266.7921
1782172800000000,1728.19,1731.74,1719.75,1731.27,5627.0099
1782176400000000,1731.26,1736.25,1721.22,1730.61,5962.0236
1782180000000000,1730.61,1735.04,1726.36,1732.65,3137.1425
1782183600000000,1732.65,1733.11,1725.98,1729.9,4003.4996
1782187200000000,1729.91,1731.25,1717.75,1719.07,5982.7941
1782190800000000,1719.07,1721.38,1710.5,1713.44,9724.8299
1782194400000000,1713.51,1713.7,1680.52,1692.29,25365.4413
1782198000000000,1692.3,1696.47,1682.34,1683.01,10843.585
1782201600000000,1683.02,1684.8,1635.65,1648.48,45421.5785
1782205200000000,1648.47,1654.39,1648.15,1650.97,9665.8399
1782208800000000,1650.97,1658.91,1649.37,1652.65,7703.6216
1782212400000000,1652.65,1663.9,1652.65,1660.9,8465.12
1782216000000000,1660.9,1662.59,1653.6,1654.53,8770.3273
1782219600000000,1654.54,1664.13,1645.52,1662.83,18188.6396
1782223200000000,1662.82,1672.0,1658.04,1662.1,11900.4381
1782226800000000,1662.1,1663.39,1651.39,1659.78,9981.5495
1782230400000000,1659.78,1673.89,1656.99,1659.35,16753.287
1782234000000000,1659.34,1664.87,1654.67,1656.85,5433.1762
1782237600000000,1656.86,1660.64,1650.0,1655.53,9237.5786
1782241200000000,1655.53,1663.97,1655.47,1662.58,7258.075
1782244800000000,1662.57,1667.64,1661.42,1664.13,5425.2313
1782248400000000,1664.12,1668.37,1663.52,1666.75,3885.2737
1782252000000000,1666.74,1672.92,1663.0,1664.67,4377.063
1782255600000000,1664.67,1669.55,1660.27,1667.13,5148.8868
1782259200000000,1667.13,1674.72,1666.75,1671.37,4670.7478
1782262800000000,1671.37,1680.46,1666.12,1672.71,6893.0807
1782266400000000,1672.71,1673.62,1663.53,1664.03,4564.5059
1782270000000000,1664.03,1670.09,1658.18,1666.67,6262.17
1782273600000000,1666.67,1671.01,1658.22,1669.0,6413.2087
1782277200000000,1669.0,1679.57,1667.8,1674.48,6618.8595
1782280800000000,1674.48,1677.0,1670.54,1674.89,5038.4681
1782284400000000,1674.89,1678.53,1670.94,1673.12,6333.9631
1782288000000000,1673.13,1675.2,1669.23,1673.28,5571.6204
1782291600000000,1673.28,1673.38,1665.29,1667.15,6153.8632
1782295200000000,1667.14,1668.0,1662.88,1663.69,7390.6395
1782298800000000,1663.68,1693.67,1655.76,1679.57,14579.9312
1782302400000000,1679.57,1681.29,1670.52,1671.53,8195.6948
1782306000000000,1671.53,1672.17,1641.44,1645.43,27387.7547
1782309600000000,1645.42,1657.4,1638.14,1647.26,23273.2898
1782313200000000,1647.27,1651.24,1616.8,1618.08,29543.9569
1782316800000000,1618.08,1636.08,1585.2,1589.87,48596.7881
1782320400000000,1589.86,1597.83,1552.95,1560.66,44350.5832
1782324000000000,1560.66,1585.11,1556.86,1572.26,27727.0215
1782327600000000,1572.27,1585.39,1567.12,1584.58,14632.3502
1782331200000000,1584.59,1622.12,1580.0,1613.63,23963.5871
1782334800000000,1613.63,1621.81,1606.09,1621.37,10321.2757
1782338400000000,1621.37,1629.82,1613.65,1615.46,11234.9187
1782342000000000,1615.45,1623.46,1613.75,1622.17,6010.0615
1782345600000000,1622.18,1626.51,1616.56,1619.12,10082.8277
1782349200000000,1619.12,1624.24,1614.69,1620.72,5059.8255
1782352800000000,1620.73,1621.47,1615.04,1621.0,3603.6797
1782356400000000,1621.01,1624.12,1616.23,1619.6,5190.7625
1782360000000000,1619.61,1636.52,1617.12,1635.03,10616.0313
1782363600000000,1635.04,1652.23,1633.58,1645.89,29374.7463
1782367200000000,1645.89,1660.54,1644.15,1653.95,13089.7778
1782370800000000,1653.95,1659.89,1651.22,1657.19,10508.2479
1782374400000000,1657.2,1658.98,1651.03,1652.92,5137.7257
1782378000000000,1652.93,1655.41,1646.62,1648.88,5291.9171
1782381600000000,1648.89,1649.83,1633.6,1636.58,12280.2774
1782385200000000,1636.58,1639.17,1628.05,1633.27,21315.38
1782388800000000,1633.28,1650.38,1624.71,1635.81,14082.1411
1782392400000000,1635.82,1640.98,1532.9,1538.15,69978.661
1782396000000000,1538.15,1593.07,1538.15,1568.37,74239.2585
1782399600000000,1568.37,1573.55,1544.68,1570.01,40193.9689
1782403200000000,1570.01,1587.7,1558.17,1562.04,27455.6057
1782406800000000,1562.04,1575.43,1557.56,1574.92,16173.2073
1782410400000000,1574.92,1577.49,1560.0,1567.56,15081.155
1782414000000000,1567.56,1567.83,1554.6,1559.42,11610.4484
1782417600000000,1559.41,1570.74,1556.73,1560.33,9081.7274
1782421200000000,1560.33,1583.09,1560.14,1580.77,11363.3588
1782424800000000,1580.76,1583.65,1566.62,1570.3,10594.8086
1782428400000000,1570.29,1579.82,1564.57,1567.84,9265.4654
1782432000000000,1567.86,1571.78,1563.69,1564.72,4929.4635
1782435600000000,1564.73,1568.65,1555.33,1560.13,7050.3691
1782439200000000,1560.13,1560.94,1520.0,1524.7,35180.3739
1782442800000000,1524.7,1563.65,1512.0,1557.93,36405.7942
1782446400000000,1557.93,1560.7,1547.41,1549.79,8921.6847
1782450000000000,1549.8,1559.22,1548.4,1555.69,11399.796
1782453600000000,1555.68,1574.02,1543.43,1570.99,15077.4482
1782457200000000,1571.0,1586.5,1570.65,1581.12,33337.5574
1782460800000000,1581.12,1582.43,1563.55,1566.43,27853.2557
1782464400000000,1566.44,1567.28,1549.33,1552.99,16726.1838
1782468000000000,1552.99,1556.15,1545.0,1548.37,10405.9714
1782471600000000,1548.36,1555.2,1541.01,1545.14,15853.2916
1782475200000000,1545.15,1560.61,1527.81,1536.28,20616.5501
1782478800000000,1536.29,1571.4,1521.54,1569.4,35433.1384
1782482400000000,1569.4,1575.36,1553.66,1559.98,33128.1114
1782486000000000,1559.98,1588.23,1559.56,1580.14,30928.0575
1782489600000000,1580.13,1594.7,1572.44,1577.84,19277.1459
1782493200000000,1577.83,1589.03,1576.59,1581.92,14613.1395
1782496800000000,1581.91,1585.51,1570.32,1573.34,9649.542
1782500400000000,1573.35,1584.2,1570.5,1574.51,10709.8894
1782504000000000,1574.51,1583.4,1568.0,1571.03,12801.7066
1782507600000000,1571.02,1579.4,1568.43,1575.18,5129.5189
1782511200000000,1575.17,1579.45,1569.44,1577.95,4444.5729
1782514800000000,1577.94,1580.76,1574.44,1578.68,3818.8772
1782518400000000,1578.68,1582.07,1571.55,1576.82,3878.2438
1782522000000000,1576.83,1577.7,1574.0,1576.01,1579.7964
1782525600000000,1576.0,1587.17,1574.64,1583.13,5372.9276
1782529200000000,1583.13,1585.09,1578.41,1580.62,8297.5749
1782532800000000,1580.62,1585.22,1579.0,1579.48,3722.0811
1782536400000000,1579.48,1581.12,1577.0,1578.65,4219.369
1782540000000000,1578.66,1584.61,1575.2,1582.71,3621.2467
1782543600000000,1582.71,1586.38,1580.39,1585.71,3657.5886
1782547200000000,1585.72,1585.95,1582.05,1584.18,5115.6115
1782550800000000,1584.18,1584.91,1579.39,1582.93,3278.6379
1782554400000000,1582.93,1584.97,1582.18,1584.31,2292.3254
1782558000000000,1584.31,1585.12,1579.0,1584.0,2769.0168
1782561600000000,1584.0,1586.49,1581.42,1585.95,3471.4236
1782565200000000,1585.95,1593.23,1584.98,1592.3,8300.5495
1782568800000000,1592.31,1598.88,1589.49,1594.68,7439.2954
1782572400000000,1594.68,1611.02,1594.09,1605.68,14977.0937
1782576000000000,1605.68,1607.92,1601.7,1606.97,4657.1413
1782579600000000,1606.98,1607.1,1588.6,1591.42,10759.7153
1782583200000000,1591.42,1594.7,1589.2,1593.92,2775.8577
1782586800000000,1593.91,1595.25,1573.36,1578.51,11430.8918
1782590400000000,1578.51,1583.24,1578.48,1581.48,2379.6934
1782594000000000,1581.48,1585.69,1573.93,1575.38,5770.0474
1782597600000000,1575.38,1579.56,1562.86,1578.98,7609.1967
1782601200000000,1578.98,1581.58,1570.55,1573.99,4217.0343
1782604800000000,1574.0,1578.08,1572.71,1574.75,2955.0191
1782608400000000,1574.74,1576.95,1570.0,1575.11,3504.1895
1782612000000000,1575.11,1580.05,1569.07,1572.0,4027.3051
1782615600000000,1572.01,1576.11,1572.01,1575.08,1672.754
1782619200000000,1575.08,1577.34,1570.64,1574.32,3089.3636
1782622800000000,1574.32,1574.33,1564.33,1569.17,6581.5522
1782626400000000,1569.18,1570.65,1562.41,1567.84,5839.1572
1782630000000000,1567.85,1577.13,1567.84,1575.96,5527.1852
1782633600000000,1575.96,1585.32,1573.75,1581.58,8339.7096
1782637200000000,1581.58,1586.35,1578.37,1579.09,6148.2754
1782640800000000,1579.08,1581.42,1572.23,1577.16,5257.7219
1782644400000000,1577.16,1584.0,1575.9,1582.87,4122.2234
1782648000000000,1582.86,1588.82,1578.21,1583.56,8975.4982
1782651600000000,1583.56,1583.85,1575.04,1579.68,4303.2526
1782655200000000,1579.68,1586.36,1577.92,1581.56,4893.5491
1782658800000000,1581.55,1585.36,1577.2,1580.89,5502.2554
1782662400000000,1580.9,1581.94,1566.62,1572.85,9393.4685
1782666000000000,1572.84,1577.36,1563.53,1572.35,6830.0724
1782669600000000,1572.34,1575.15,1569.08,1571.78,3637.0534
1782673200000000,1571.79,1574.55,1556.81,1564.62,6915.1044
1782676800000000,1564.61,1576.42,1564.3,1573.2,4705.0587
1782680400000000,1573.2,1573.87,1559.21,1563.62,4084.214
1782684000000000,1563.63,1582.29,1548.37,1557.09,15493.9496
1782687600000000,1557.08,1580.1,1555.35,1571.96,8383.2092
1782691200000000,1571.96,1574.69,1552.21,1573.53,9360.7204
1782694800000000,1573.53,1574.28,1560.19,1568.7,5801.2428
1782698400000000,1568.71,1579.15,1550.43,1576.6,12263.5163
1782702000000000,1576.6,1589.75,1576.6,1584.78,9914.2931
1782705600000000,1584.77,1585.05,1574.65,1575.5,4238.9336
1782709200000000,1575.5,1583.1,1562.26,1583.1,8554.5454
1782712800000000,1583.1,1589.08,1579.81,1582.82,5429.1652
1782716400000000,1582.82,1584.9,1577.92,1580.16,5938.948
1782720000000000,1580.17,1582.33,1569.85,1572.98,7152.0886
1782723600000000,1572.98,1580.44,1570.49,1576.2,7628.9728
1782727200000000,1576.2,1587.0,1576.2,1578.6,7670.0029
1782730800000000,1578.6,1582.54,1570.32,1574.93,10782.3057
1782734400000000,1574.93,1597.28,1566.6,1576.11,29333.7411
1782738000000000,1576.12,1588.82,1564.85,1572.74,22887.3389
1782741600000000,1572.74,1579.34,1557.35,1572.9,25528.2616
1782745200000000,1572.9,1585.41,1561.7,1580.26,22851.741
1782748800000000,1580.26,1587.71,1574.06,1585.37,13677.845
1782752400000000,1585.37,1637.58,1585.37,1628.03,47576.4852
1782756000000000,1628.04,1628.61,1618.37,1621.1,11128.5518
1782759600000000,1621.1,1627.36,1616.23,1625.6,8541.6103
1782763200000000,1625.6,1626.65,1617.37,1617.66,11491.5988
1782766800000000,1617.66,1623.0,1611.5,1619.99,8484.7618
1782770400000000,1620.0,1622.11,1610.36,1612.9,7654.4177
1782774000000000,1612.9,1613.98,1607.41,1613.07,6077.8868
1782777600000000,1613.07,1614.41,1592.71,1594.41,14031.367
1782781200000000,1594.42,1599.83,1589.0,1593.92,9136.2958
1782784800000000,1593.92,1593.93,1586.49,1590.57,6252.3613
1782788400000000,1590.57,1596.18,1586.58,1587.18,5380.6859
1782792000000000,1587.18,1590.99,1579.79,1588.11,8118.7324
1782795600000000,1588.1,1592.02,1585.22,1591.6,6208.8648
1782799200000000,1591.61,1594.65,1589.0,1593.72,4198.2353
1782802800000000,1593.72,1596.25,1590.07,1592.51,6659.2553
1782806400000000,1592.51,1594.28,1579.54,1583.98,12844.0851
1782810000000000,1583.97,1587.03,1581.49,1585.35,6708.2319
1782813600000000,1585.35,1586.93,1582.23,1584.51,5569.3034
1782817200000000,1584.52,1586.15,1575.85,1578.58,8676.2458
1782820800000000,1578.57,1578.58,1551.33,1552.79,21763.4864
1782824400000000,1552.8,1567.51,1550.2,1567.29,25249.4669
1782828000000000,1567.29,1578.0,1561.33,1563.52,14106.087
1782831600000000,1563.52,1576.94,1557.35,1565.18,12920.771
1782835200000000,1565.19,1575.0,1561.84,1572.38,10466.6846
1782838800000000,1572.38,1577.1,1568.64,1570.86,6056.3848
1782842400000000,1570.87,1581.83,1569.59,1579.11,9113.0683
1782846000000000,1579.1,1581.92,1575.56,1580.53,6894.013
1782849600000000,1580.52,1582.98,1573.4,1575.99,6496.5523
1782853200000000,1575.99,1577.26,1570.0,1571.68,4676.418
1782856800000000,1571.68,1575.3,1566.81,1567.64,5732.2341
1782860400000000,1567.64,1572.8,1566.0,1572.01,4798.3738
1782864000000000,1572.0,1576.7,1566.13,1575.07,5170.8349
1782867600000000,1575.07,1586.6,1552.92,1577.91,20972.9935
1782871200000000,1577.91,1589.55,1574.53,1586.3,9847.6845
1782874800000000,1586.3,1599.19,1582.45,1594.81,13735.444
1782878400000000,1594.81,1604.02,1590.89,1599.35,10850.5559
1782882000000000,1599.35,1600.83,1591.21,1593.0,7409.7686
1782885600000000,1593.0,1593.15,1571.5,1575.99,14828.2999
1782889200000000,1575.99,1581.19,1572.5,1578.36,6847.453
1782892800000000,1578.36,1582.37,1568.51,1582.37,6285.3084
1782896400000000,1582.36,1585.33,1578.68,1581.01,7492.7088
1782900000000000,1581.0,1581.52,1572.11,1573.43,5702.4791
1782903600000000,1573.43,1575.96,1567.13,1569.89,6688.4104
1782907200000000,1569.88,1572.49,1565.26,1570.24,7560.239
1782910800000000,1570.24,1598.0,1570.0,1597.22,20616.9671
1782914400000000,1597.22,1617.04,1591.2,1601.18,38319.4006
1782918000000000,1601.19,1631.0,1600.98,1620.09,28006.7756
1782921600000000,1620.1,1629.26,1612.77,1614.54,13891.3461
1782925200000000,1614.54,1624.79,1607.17,1622.72,10580.0853
1782928800000000,1622.72,1624.5,1612.01,1616.59,7761.2219
1782932400000000,1616.59,1624.0,1614.42,1618.09,8988.5581
1782936000000000,1618.07,1620.46,1610.38,1617.68,8568.5384
1782939600000000,1617.67,1638.63,1617.55,1632.12,18296.0103
1782943200000000,1632.11,1646.26,1620.58,1621.63,17822.8349
1782946800000000,1621.62,1621.63,1608.35,1609.58,10292.3927
1782950400000000,1609.59,1609.8,1597.22,1603.42,10412.1329
1782954000000000,1603.42,1625.0,1602.63,1620.48,8577.1529
1782957600000000,1620.47,1624.45,1614.64,1620.68,6676.4185
1782961200000000,1620.69,1642.32,1618.12,1639.47,19491.7734
1782964800000000,1639.46,1639.94,1630.44,1632.71,10670.8888
1782968400000000,1632.71,1634.84,1625.21,1626.5,6765.4143
1782972000000000,1626.51,1629.88,1617.51,1619.14,8049.3462
1782975600000000,1619.14,1619.88,1614.32,1615.97,14349.358
1782979200000000,1615.97,1626.35,1615.08,1624.92,8243.2229
1782982800000000,1624.91,1651.95,1620.34,1643.33,27834.7307
1782986400000000,1643.32,1649.62,1641.48,1646.12,12264.0883
1782990000000000,1646.12,1657.53,1644.53,1650.32,22336.0921
1782993600000000,1650.31,1669.72,1647.66,1662.82,25143.5073
1782997200000000,1662.81,1713.77,1660.73,1710.72,70316.272
1783000800000000,1710.73,1725.0,1692.96,1701.55,46156.9842
1783004400000000,1701.55,1703.5,1688.72,1697.05,15806.44
1783008000000000,1697.06,1704.0,1686.49,1699.67,15511.6102
1783011600000000,1699.66,1705.94,1694.51,1695.89,10016.6606
1783015200000000,1695.88,1707.14,1695.45,1702.06,6185.1802
1783018800000000,1702.05,1705.53,1694.75,1700.15,6640.0703
1783022400000000,1700.15,1706.68,1696.08,1705.75,6054.8546
1783026000000000,1705.75,1705.89,1697.36,1700.23,6841.1257
1783029600000000,1700.23,1700.98,1694.2,1696.88,4106.7179
1783033200000000,1696.88,1701.8,1692.13,1700.57,5003.4662
1783036800000000,1700.57,1702.98,1694.72,1696.75,6275.857
1783040400000000,1696.75,1718.97,1695.34,1712.33,14375.0928
1783044000000000,1712.33,1715.33,1696.23,1704.76,8846.1544
1783047600000000,1704.75,1712.11,1699.53,1706.43,4972.0058
1783051200000000,1706.43,1708.5,1702.34,1703.08,5425.9664
1783054800000000,1703.07,1721.8,1702.28,1714.92,8051.4626
1783058400000000,1714.93,1721.53,1712.94,1716.03,5814.7847
1783062000000000,1716.03,1722.21,1713.97,1717.77,11185.8006
1783065600000000,1717.77,1735.13,1715.68,1719.89,16499.8712
1783069200000000,1719.89,1731.25,1717.03,1726.28,8910.3848
1783072800000000,1726.27,1749.0,1726.26,1742.16,17896.7277
1783076400000000,1742.17,1748.0,1737.47,1742.54,11215.5541
1783080000000000,1742.54,1745.03,1731.55,1736.44,8572.5906
1783083600000000,1736.44,1753.29,1736.09,1748.15,18552.7621
1783087200000000,1748.14,1748.15,1728.99,1737.14,16334.1686
1783090800000000,1737.15,1745.9,1729.75,1731.24,9633.8875
1783094400000000,1731.24,1735.5,1727.87,1733.63,4503.3655
1783098000000000,1733.62,1741.86,1732.33,1738.18,5441.9173
1783101600000000,1738.19,1741.13,1736.19,1738.77,4412.3928
1783105200000000,1738.78,1753.0,1737.34,1745.38,12018.8234
1783108800000000,1745.39,1774.0,1743.61,1766.15,23241.5026
1783112400000000,1766.15,1775.78,1756.75,1763.46,12003.7722
1783116000000000,1763.46,1764.06,1756.0,1757.52,6188.9657
1783119600000000,1757.53,1762.03,1755.45,1758.21,4043.0576
1783123200000000,1758.22,1764.0,1756.5,1758.7,3683.7169
1783126800000000,1758.7,1758.7,1746.0,1747.93,7014.5287
1783130400000000,1747.93,1751.04,1744.09,1749.31,3003.3672
1783134000000000,1749.31,1756.74,1747.26,1753.92,4996.5654
1783137600000000,1753.91,1764.61,1752.0,1761.67,5721.9484
1783141200000000,1761.68,1761.68,1753.27,1755.99,5276.3624
1783144800000000,1755.98,1761.27,1751.72,1754.77,10308.1591
1783148400000000,1754.78,1759.67,1752.86,1758.19,6166.4406
1783152000000000,1758.18,1765.55,1757.39,1762.31,4156.4202
1783155600000000,1762.3,1763.05,1755.0,1758.13,4166.5661
1783159200000000,1758.12,1760.88,1757.12,1759.14,5248.4058
1783162800000000,1759.14,1760.15,1756.19,1758.24,3639.5401
1783166400000000,1758.23,1766.45,1758.23,1764.22,5574.7721
1783170000000000,1764.22,1778.63,1761.62,1764.06,12097.1614
1783173600000000,1764.05,1775.0,1763.92,1772.23,7318.7116
1783177200000000,1772.23,1799.92,1772.22,1791.09,27008.3286
1783180800000000,1791.08,1792.0,1783.32,1786.81,9177.8041
1783184400000000,1786.81,1807.65,1779.0,1799.36,29134.5021
1783188000000000,1799.36,1805.84,1791.58,1793.63,11047.1945
1783191600000000,1793.62,1797.66,1788.47,1792.83,5951.6743
1783195200000000,1792.83,1795.81,1783.84,1787.15,5589.824
1783198800000000,1787.15,1794.25,1786.24,1789.25,2648.906
1783202400000000,1789.25,1789.45,1782.19,1784.73,2861.6926
1783206000000000,1784.73,1785.59,1772.1,1780.64,9087.5575
1783209600000000,1780.64,1780.75,1769.64,1772.71,6958.1122
1783213200000000,1772.7,1774.66,1760.72,1766.62,10008.1144
1783216800000000,1766.61,1767.79,1757.0,1760.88,13241.5343
1783220400000000,1760.87,1764.0,1757.76,1761.59,6232.6391
1783224000000000,1761.58,1772.69,1760.07,1767.54,13059.2661
1783227600000000,1767.53,1767.87,1760.5,1765.98,16392.0146
1783231200000000,1765.98,1768.0,1762.01,1764.69,33430.8825
1783234800000000,1764.69,1772.35,1761.76,1770.1,34375.0591
1783238400000000,1770.09,1773.27,1766.46,1767.71,37769.8138
1783242000000000,1767.72,1767.83,1748.79,1757.98,128409.6927
1783245600000000,1757.99,1761.96,1755.03,1761.39,5053.513
1783249200000000,1761.39,1765.0,1758.7,1760.08,4765.4416
1783252800000000,1760.08,1769.44,1756.03,1765.12,4749.4524
1783256400000000,1765.12,1767.55,1761.51,1766.26,2946.7199
1783260000000000,1766.25,1772.77,1764.96,1772.56,3839.5301
1783263600000000,1772.56,1781.28,1770.11,1774.67,8462.2846
1783267200000000,1774.66,1777.5,1770.31,1773.0,4477.9769
1783270800000000,1773.0,1785.75,1772.99,1779.48,6807.844
1783274400000000,1779.47,1786.23,1777.8,1781.28,4040.3175
1783278000000000,1781.28,1784.52,1777.7,1781.43,2877.4016
1783281600000000,1781.44,1783.53,1776.26,1777.1,1915.6405
1783285200000000,1777.1,1793.25,1769.29,1786.88,10803.2629
1783288800000000,1786.91,1808.0,1784.34,1790.0,19757.5895
1783292400000000,1789.99,1802.75,1782.75,1785.65,9299.3158
1783296000000000,1785.65,1794.13,1774.35,1793.28,10212.8482
1783299600000000,1793.27,1799.02,1785.4,1786.31,5674.4473
1783303200000000,1786.31,1790.28,1779.26,1783.71,6310.4752
1783306800000000,1783.71,1784.99,1772.22,1779.71,6649.5881
1783310400000000,1779.7,1784.79,1776.34,1777.98,9109.7617
1783314000000000,1777.98,1778.18,1764.42,1774.06,7877.246
1783317600000000,1774.06,1775.28,1769.23,1769.63,3980.864
1783321200000000,1769.64,1775.54,1766.98,1772.32,5935.9849
1783324800000000,1772.32,1778.6,1763.08,1765.55,7580.279
1783328400000000,1765.54,1766.3,1755.77,1758.67,9014.2317
1783332000000000,1758.67,1774.32,1758.24,1771.09,9282.1222
1783335600000000,1771.1,1775.65,1759.59,1759.64,7461.898
1783339200000000,1759.64,1760.92,1735.27,1740.85,36298.1457
1783342800000000,1740.85,1753.54,1728.95,1744.89,23443.4343
1783346400000000,1744.89,1763.14,1742.1,1751.78,12993.1333
1783350000000000,1751.79,1788.96,1751.56,1788.57,29447.7745
1783353600000000,1788.57,1805.0,1782.42,1792.51,35024.3913
1783357200000000,1792.5,1800.4,1787.3,1788.26,14958.378
1783360800000000,1788.27,1796.24,1786.76,1792.68,5560.2591
1783364400000000,1792.69,1798.8,1791.18,1792.76,5042.2142
1783368000000000,1792.76,1796.4,1787.26,1793.04,4815.4255
1783371600000000,1793.04,1833.4,1792.63,1814.88,35802.7792
1783375200000000,1814.88,1816.82,1804.7,1806.3,6468.8063
1783378800000000,1806.29,1810.08,1797.55,1799.56,6934.8427
1783382400000000,1799.56,1810.16,1794.86,1803.74,8258.8655
1783386000000000,1803.74,1803.74,1787.35,1792.64,10940.2805
1783389600000000,1792.65,1794.48,1777.0,1778.57,9702.1502
1783393200000000,1778.57,1781.56,1768.85,1771.56,8523.348
1783396800000000,1771.55,1773.71,1762.66,1766.53,8330.3288
1783400400000000,1766.52,1773.71,1757.57,1770.58,10294.8442
1783404000000000,1770.57,1782.39,1764.84,1779.11,12917.9523
1783407600000000,1779.11,1782.59,1771.08,1771.24,5410.5719
1783411200000000,1771.23,1775.8,1768.37,1770.78,8034.4276
1783414800000000,1770.77,1783.04,1768.81,1778.16,8425.7555
1783418400000000,1778.16,1784.66,1774.35,1775.8,6740.8404
1783422000000000,1775.8,1785.0,1772.0,1780.77,4518.8445
1783425600000000,1780.77,1794.57,1780.27,1781.97,10488.4658
1783429200000000,1781.97,1783.28,1766.06,1769.01,16012.744
1783432800000000,1769.02,1792.93,1761.19,1789.46,21986.8013
1783436400000000,1789.45,1803.03,1783.0,1797.45,16643.7733
1783440000000000,1797.45,1813.16,1792.44,1802.23,14026.2167
1783443600000000,1802.23,1810.39,1798.54,1810.39,8332.286
1783447200000000,1810.39,1810.39,1785.88,1786.6,10232.44
1783450800000000,1786.6,1792.39,1773.5,1790.45,14007.652
1783454400000000,1790.46,1793.12,1781.39,1784.12,5049.3563
1783458000000000,1784.12,1789.4,1771.05,1773.84,11249.4179
1783461600000000,1773.83,1778.57,1765.35,1775.55,7075.2101
1783465200000000,1775.55,1780.94,1768.0,1771.45,4334.1525
1783468800000000,1771.45,1785.0,1770.02,1780.29,7805.2465
1783472400000000,1780.29,1780.75,1750.0,1755.94,15773.1709
1783476000000000,1755.93,1759.67,1741.21,1757.62,14172.6562
1783479600000000,1757.63,1763.87,1749.21,1751.78,7909.3394
1783483200000000,1751.74,1758.0,1749.49,1756.5,5605.2015
1783486800000000,1756.5,1759.69,1750.65,1754.14,5002.9563
1783490400000000,1754.15,1755.0,1746.34,1751.81,7293.5031
1783494000000000,1751.81,1757.4,1745.01,1756.7,7480.5338
1783497600000000,1756.7,1758.7,1725.18,1735.32,32556.4033
1783501200000000,1735.32,1740.77,1729.7,1736.05,10459.0811
1783504800000000,1736.06,1742.3,1732.6,1739.34,5418.1347
1783508400000000,1739.34,1750.96,1736.02,1747.95,8362.7553
1783512000000000,1747.95,1751.25,1738.2,1738.58,8062.1841
1783515600000000,1738.58,1744.25,1731.22,1737.72,12548.5749
1783519200000000,1737.71,1740.95,1722.13,1729.62,14284.7821
1783522800000000,1729.62,1730.53,1713.44,1722.96,17338.056
1783526400000000,1722.96,1738.18,1722.78,1736.38,9231.429
1783530000000000,1736.39,1746.52,1730.96,1733.15,10650.8526
1783533600000000,1733.16,1741.2,1730.03,1737.46,6602.4985
1783537200000000,1737.46,1741.52,1733.61,1740.98,4899.933
1783540800000000,1740.99,1741.31,1734.62,1736.42,4235.4422
1783544400000000,1736.42,1740.0,1731.41,1738.06,2971.6202
1783548000000000,1738.07,1743.43,1736.83,1741.4,2733.6635
1783551600000000,1741.39,1744.81,1738.82,1743.54,3833.2072
1783555200000000,1743.55,1744.68,1736.98,1738.22,4559.4541
1783558800000000,1738.22,1756.79,1730.29,1731.79,12551.3305
1783562400000000,1731.8,1739.47,1723.6,1727.3,6230.846
1783566000000000,1727.3,1734.61,1721.93,1730.7,4448.9758
1783569600000000,1730.7,1743.94,1730.35,1742.51,5752.1293
1783573200000000,1742.51,1749.48,1737.46,1749.39,7363.7948
1783576800000000,1749.38,1755.69,1745.91,1755.26,10243.236
1783580400000000,1755.27,1762.36,1749.83,1753.31,14267.9858
1783584000000000,1753.3,1758.68,1750.92,1754.45,4961.8945
1783587600000000,1754.45,1756.52,1749.47,1755.78,5100.4466
1783591200000000,1755.77,1757.34,1744.1,1746.31,4382.0395
1783594800000000,1746.31,1748.49,1741.26,1744.02,5775.6143
1783598400000000,1744.02,1747.2,1734.7,1741.8,19303.9449
1783602000000000,1741.8,1752.0,1735.94,1746.99,12891.6653
1783605600000000,1746.99,1749.83,1733.36,1743.14,12621.6315
1783609200000000,1743.14,1749.37,1737.52,1739.51,5941.4718
1783612800000000,1739.51,1743.84,1731.99,1739.25,5567.8378
1783616400000000,1739.25,1752.5,1738.46,1748.52,5902.7665
1783620000000000,1748.53,1759.82,1747.47,1751.55,8365.6834
1783623600000000,1751.56,1752.95,1747.12,1748.51,4098.7671
1783627200000000,1748.51,1750.36,1745.27,1748.76,3290.1512
1783630800000000,1748.77,1750.97,1745.01,1748.17,3391.9713
1783634400000000,1748.17,1751.08,1746.33,1747.52,2982.5422
1783638000000000,1747.53,1749.07,1741.56,1745.16,3709.077
1783641600000000,1745.17,1746.42,1737.68,1743.09,4484.7128
1783645200000000,1743.09,1777.47,1738.25,1767.62,21949.684
1783648800000000,1767.62,1775.0,1764.56,1772.86,9964.5334
1783652400000000,1772.87,1779.68,1769.22,1776.12,8951.6011
1783656000000000,1776.13,1780.33,1771.94,1774.75,6935.6825
1783659600000000,1774.74,1780.0,1772.54,1779.04,5928.9942
1783663200000000,1779.04,1779.88,1769.23,1771.17,6368.2482
1783666800000000,1771.17,1777.45,1768.57,1773.2,4620.3744
1783670400000000,1773.2,1789.59,1772.63,1783.99,10180.5542
1783674000000000,1783.99,1794.94,1781.27,1792.56,10631.991
1783677600000000,1792.55,1802.99,1789.45,1797.01,13415.1511
1783681200000000,1797.01,1802.41,1794.25,1801.22,12000.0323
1783684800000000,1801.22,1807.18,1792.98,1793.95,14822.5825
1783688400000000,1793.95,1812.0,1793.65,1803.82,14696.7191
1783692000000000,1803.82,1804.49,1775.0,1785.06,18781.4258
1783695600000000,1785.06,1796.88,1784.03,1791.11,8899.216
1783699200000000,1791.11,1799.53,1785.86,1797.49,7780.2187
1783702800000000,1797.48,1799.0,1788.02,1788.03,6049.0319
1783706400000000,1788.03,1794.0,1781.2,1784.94,6073.9716
1783710000000000,1784.94,1797.31,1784.1,1792.68,6542.4264
1783713600000000,1792.68,1794.46,1789.65,1790.14,5201.0439
1783717200000000,1790.13,1796.99,1789.6,1794.37,5005.503
1783720800000000,1794.37,1796.62,1792.95,1795.2,3421.8874
1783724400000000,1795.2,1798.0,1792.57,1796.85,2900.219
1783728000000000,1796.85,1797.2,1790.1,1793.36,3618.9527
1783731600000000,1793.35,1799.29,1788.25,1789.09,5003.1604
1783735200000000,1789.09,1796.14,1786.77,1795.59,4151.1043
1783738800000000,1795.59,1798.24,1792.03,1796.5,3677.8442
1783742400000000,1796.5,1800.18,1795.75,1796.53,3954.4207
1783746000000000,1796.52,1802.27,1795.07,1799.45,4300.63
1783749600000000,1799.44,1803.29,1794.6,1799.32,8839.6665
1783753200000000,1799.31,1802.0,1797.93,1800.0,5908.3944
1783756800000000,1799.99,1803.52,1799.58,1801.47,2510.2973
1783760400000000,1801.47,1802.59,1795.15,1795.5,3701.7549
1783764000000000,1795.51,1799.28,1795.23,1798.3,2958.8759
1783767600000000,1798.3,1801.02,1797.2,1800.48,3992.7228
1783771200000000,1800.47,1801.66,1798.42,1800.1,2803.0121
1783774800000000,1800.1,1808.37,1799.15,1802.61,4888.9376
1783778400000000,1802.61,1817.62,1802.48,1810.73,13659.347
1783782000000000,1810.73,1828.0,1808.73,1814.83,27611.2584
1783785600000000,1814.82,1824.43,1810.62,1823.34,17930.4094
1783789200000000,1823.34,1830.0,1818.42,1824.73,7153.2814
1783792800000000,1824.72,1830.0,1823.7,1826.39,6844.0462
1783796400000000,1826.39,1827.21,1818.96,1824.38,12178.8537
1783800000000000,1824.38,1828.57,1823.21,1825.97,3595.7554
1783803600000000,1825.97,1829.17,1822.65,1823.97,3406.4865
1783807200000000,1823.96,1824.21,1809.26,1813.73,7981.4488
1783810800000000,1813.73,1815.86,1786.58,1787.76,18032.7577
1783814400000000,1787.76,1791.18,1779.46,1788.98,11937.4912
1783818000000000,1788.98,1808.3,1788.16,1806.7,8466.368
1783821600000000,1806.7,1807.6,1802.97,1805.12,3503.1599
1783825200000000,1805.11,1813.67,1802.66,1811.53,6583.9137
1783828800000000,1811.53,1812.63,1804.15,1805.92,3232.0753
1783832400000000,1805.92,1807.15,1801.3,1803.25,2322.3498
1783836000000000,1803.25,1803.25,1789.44,1795.13,6351.426
1783839600000000,1795.14,1799.1,1794.2,1798.78,2575.7308
1783843200000000,1798.78,1808.94,1798.73,1805.22,3448.4174
1783846800000000,1805.22,1805.99,1796.69,1802.39,3895.0867
1783850400000000,1802.4,1802.58,1798.99,1799.4,2402.4827
1783854000000000,1799.41,1806.84,1796.48,1803.77,3917.3923
1783857600000000,1803.77,1809.42,1803.0,1807.01,2524.4339
1783861200000000,1807.02,1809.78,1805.33,1805.95,2484.6762
1783864800000000,1805.95,1822.0,1804.2,1819.51,11538.3428
1783868400000000,1819.5,1826.92,1816.54,1820.93,16127.378
1783872000000000,1820.94,1824.39,1817.6,1822.0,12343.5195
1783875600000000,1821.99,1822.54,1814.85,1818.5,5327.096
1783879200000000,1818.51,1822.38,1815.12,1821.42,5070.4522
1783882800000000,1821.42,1823.0,1818.71,1821.4,4492.9629
1783886400000000,1821.4,1824.0,1818.8,1821.26,3550.7459
1783890000000000,1821.26,1823.63,1810.78,1812.28,4999.7281
1783893600000000,1812.27,1812.27,1797.63,1805.06,10013.1409
1783897200000000,1805.05,1808.94,1801.0,1806.8,3964.6133
1783900800000000,1806.8,1846.0,1804.41,1826.59,45581.4935
1783904400000000,1826.6,1829.99,1805.32,1806.83,13467.7705
1783908000000000,1806.84,1814.82,1798.99,1806.99,12025.5538
1783911600000000,1806.99,1806.99,1775.0,1780.55,28414.5054
1783915200000000,1780.54,1785.16,1776.42,1779.03,7879.8209
1783918800000000,1779.03,1786.61,1773.99,1781.64,10049.8184
1783922400000000,1781.64,1783.42,1775.96,1777.85,7014.6965
1783926000000000,1777.85,1791.39,1776.44,1787.57,9229.3896
1783929600000000,1787.58,1793.56,1783.86,1790.17,7102.9688
1783933200000000,1790.18,1790.55,1784.92,1785.81,4441.8454
1783936800000000,1785.81,1786.89,1777.1,1779.43,8604.8338
1783940400000000,1779.43,1784.98,1779.43,1780.74,4821.3527
1783944000000000,1780.74,1783.54,1767.73,1772.33,13917.3552
1783947600000000,1772.33,1776.54,1763.46,1771.3,16550.7364
1783951200000000,1771.3,1782.0,1762.44,1781.74,19924.444
1783954800000000,1781.74,1786.53,1775.5,1777.01,7213.6617
1783958400000000,1777.0,1780.73,1767.38,1772.05,8562.9868
1783962000000000,1772.05,1776.33,1753.25,1753.62,16382.0209
1783965600000000,1753.62,1767.39,1750.2,1764.9,16733.3896
1783969200000000,1764.9,1775.26,1764.51,1774.92,7678.5797
1783972800000000,1774.93,1776.99,1761.72,1767.33,5722.3299
1783976400000000,1767.34,1767.34,1752.59,1761.68,8959.9707
1783980000000000,1761.68,1768.45,1756.41,1758.5,5489.761
1783983600000000,1758.51,1778.05,1756.49,1776.72,9262.3346
1783987200000000,1776.71,1788.64,1773.41,1786.02,8453.577
1783990800000000,1786.02,1794.47,1783.27,1784.84,8797.1228
1783994400000000,1784.83,1789.02,1775.07,1782.66,4929.1279
1783998000000000,1782.67,1783.96,1774.75,1783.65,3656.0138
1784001600000000,1783.64,1789.99,1782.26,1785.93,5691.2412
1784005200000000,1785.92,1793.26,1784.53,1787.04,6015.8697
1784008800000000,1787.03,1787.4,1781.92,1783.19,4426.5235
1784012400000000,1783.19,1786.55,1779.41,1781.21,6999.264
1784016000000000,1781.21,1789.61,1779.0,1785.93,6336.9061
1784019600000000,1785.94,1789.56,1782.9,1786.19,5397.6891
1784023200000000,1786.19,1805.0,1786.11,1800.12,27952.7187
1784026800000000,1800.13,1802.95,1795.82,1798.09,7829.777
1784030400000000,1798.09,1867.71,1794.37,1861.04,78226.0812
1784034000000000,1861.04,1882.85,1854.41,1871.31,59074.2425
1784037600000000,1871.3,1884.56,1859.46,1881.16,27015.0555
1784041200000000,1881.17,1888.8,1872.85,1875.22,28696.3813
1784044800000000,1875.22,1877.07,1868.76,1873.79,12744.1414
1784048400000000,1873.8,1873.8,1860.56,1871.54,12580.7554
1784052000000000,1871.55,1876.83,1868.18,1874.79,6718.5307
1784055600000000,1874.79,1881.56,1874.43,1876.74,6916.4956
1784059200000000,1876.74,1878.55,1873.63,1875.42,3540.1765
1784062800000000,1875.41,1879.74,1874.4,1876.46,4325.4409
1784066400000000,1876.46,1896.14,1872.06,1882.04,21465.4147
1784070000000000,1882.04,1893.32,1878.69,1891.87,11125.2255
1784073600000000,1891.87,1893.32,1878.13,1881.58,9550.6408
1784077200000000,1881.58,1881.98,1867.23,1870.2,10644.9734
1784080800000000,1870.19,1873.04,1864.38,1864.6,8096.6475
1784084400000000,1864.6,1878.96,1864.46,1876.08,6856.5606
1784088000000000,1876.08,1880.59,1873.31,1876.49,5458.1045
1784091600000000,1876.5,1883.54,1871.64,1882.68,5911.7597
1784095200000000,1882.69,1891.89,1875.52,1875.87,11821.1832
1784098800000000,1875.87,1877.16,1864.7,1870.04,13148.2806
1784102400000000,1870.04,1879.64,1870.03,1879.22,7626.3554
1784106000000000,1879.22,1886.59,1879.18,1879.86,11037.7879
1784109600000000,1879.86,1886.55,1874.98,1878.11,10094.6306
1784113200000000,1878.12,1885.71,1877.48,1884.62,6327.1196
1784116800000000,1884.62,1929.94,1879.25,1927.16,40956.8654
1784120400000000,1927.17,1946.52,1917.16,1925.76,55492.8037
1784124000000000,1925.77,1935.51,1919.12,1933.23,25792.0082
1784127600000000,1933.24,1937.6,1925.95,1931.95,15043.138
1784131200000000,1931.96,1932.95,1904.36,1919.62,21205.2658
1784134800000000,1919.62,1931.22,1919.44,1927.94,10664.0432
1784138400000000,1927.93,1937.0,1922.62,1924.47,14593.8081
1784142000000000,1924.47,1929.06,1918.92,1924.15,8808.6579
1784145600000000,1924.15,1930.71,1919.71,1923.75,4481.7148
1784149200000000,1923.75,1925.73,1919.8,1922.0,4689.2691
1784152800000000,1922.0,1928.58,1918.3,1923.43,6006.3769
1784156400000000,1923.43,1927.28,1914.89,1917.86,5492.9744
1784160000000000,1917.86,1924.98,1911.61,1914.86,8258.6048
1784163600000000,1914.85,1926.0,1908.12,1922.7,6776.8171
1784167200000000,1922.69,1926.23,1918.97,1925.37,5134.8702
1784170800000000,1925.36,1929.0,1917.08,1918.7,7997.9096
1784174400000000,1918.7,1920.98,1914.13,1918.31,5147.2064
1784178000000000,1918.3,1927.63,1917.12,1925.66,4973.3106
1784181600000000,1925.65,1929.48,1915.56,1922.53,5109.2539
1784185200000000,1922.54,1922.54,1905.0,1910.63,13927.6427
1784188800000000,1910.64,1912.85,1875.56,1886.09,48846.3453
1784192400000000,1886.09,1889.28,1880.41,1884.67,14158.6377
1784196000000000,1884.68,1891.78,1883.77,1888.58,8749.0809
1784199600000000,1888.58,1888.58,1879.32,1885.26,13696.67
1784203200000000,1885.26,1885.26,1867.68,1872.55,15798.2091
1784206800000000,1872.55,1890.23,1871.05,1882.81,15724.0126
1784210400000000,1882.8,1893.0,1874.98,1883.52,16858.936
1784214000000000,1883.52,1894.38,1871.12,1881.88,15612.3999
1784217600000000,1881.89,1883.0,1874.67,1878.9,10171.5353
1784221200000000,1878.9,1879.25,1862.57,1868.91,12328.356
1784224800000000,1868.92,1879.69,1868.1,1875.85,6809.1903
1784228400000000,1875.85,1877.75,1871.09,1875.59,4014.4925
1784232000000000,1875.59,1875.7,1871.66,1871.89,3579.9527
1784235600000000,1871.9,1881.36,1871.77,1878.66,4851.375
1784239200000000,1878.67,1881.59,1868.04,1868.89,9279.9026
1784242800000000,1868.89,1870.66,1857.54,1864.71,13884.3751
1784246400000000,1864.71,1866.71,1848.32,1865.77,14963.7226
1784250000000000,1865.77,1871.08,1848.07,1851.21,10000.2202
1784253600000000,1851.22,1855.61,1843.2,1848.1,12473.0438
1784257200000000,1848.09,1859.64,1847.32,1852.53,7049.8302
1784260800000000,1852.53,1853.08,1844.0,1850.07,6715.5958
1784264400000000,1850.06,1850.06,1821.36,1823.94,17781.3576
1784268000000000,1823.94,1836.55,1820.74,1832.31,9568.4671
1784271600000000,1832.31,1833.56,1826.29,1828.52,11468.3021
1784275200000000,1828.52,1832.51,1821.41,1830.15,13750.3415
1784278800000000,1830.16,1836.27,1829.29,1835.1,5043.5903
1784282400000000,1835.1,1840.4,1834.3,1836.97,9709.66
1784286000000000,1836.98,1843.26,1833.3,1839.04,8366.9051
1784289600000000,1839.05,1840.58,1827.73,1828.54,9851.4875
1784293200000000,1828.54,1829.23,1803.05,1825.5,34181.3728
1784296800000000,1825.5,1834.0,1817.18,1822.16,15191.5111
1784300400000000,1822.16,1831.26,1810.77,1830.88,13745.9541
1784304000000000,1830.89,1840.51,1825.32,1835.91,13830.3931
1784307600000000,1835.91,1856.17,1835.91,1843.71,14390.4385
1784311200000000,1843.72,1849.67,1835.18,1846.99,7181.026
1784314800000000,1846.98,1846.99,1835.65,1843.76,5576.8437
1784318400000000,1843.76,1846.2,1837.15,1842.93,3458.0312
1784322000000000,1842.93,1846.65,1840.5,1841.54,2615.192
1784325600000000,1841.55,1843.89,1837.62,1839.95,2602.2264
1784329200000000,1839.94,1844.47,1835.27,1841.93,3512.2429
1784332800000000,1841.94,1845.0,1839.86,1840.84,2811.4809
1784336400000000,1840.84,1843.39,1839.38,1842.48,2570.7256
1784340000000000,1842.49,1846.74,1840.73,1841.91,4865.9416
1784343600000000,1841.91,1846.49,1841.46,1845.96,3379.489
1784347200000000,1845.96,1846.19,1842.56,1844.7,1831.7738
1784350800000000,1844.7,1849.68,1843.19,1845.86,3424.9855
1784354400000000,1845.85,1848.0,1843.11,1844.97,2978.1764
1784358000000000,1844.98,1846.04,1843.04,1844.2,1958.4362
1784361600000000,1844.2,1849.44,1842.3,1847.43,3188.2871
1784365200000000,1847.44,1848.03,1842.93,1844.87,2560.5392
1784368800000000,1844.87,1846.72,1844.01,1845.57,3022.4886
1784372400000000,1845.57,1846.85,1844.37,1845.56,1391.1483
1784376000000000,1845.56,1850.64,1840.17,1844.98,5922.5121
1784379600000000,1844.97,1844.97,1837.58,1841.61,4107.6954
1784383200000000,1841.61,1846.27,1840.64,1845.95,3793.5807
1784386800000000,1845.95,1846.35,1842.12,1844.15,3802.5871
1784390400000000,1844.15,1847.14,1841.51,1846.11,3407.5633
1784394000000000,1846.11,1853.48,1843.54,1852.82,5045.3976
1784397600000000,1852.83,1867.58,1850.01,1857.54,14122.0506
1784401200000000,1857.53,1861.4,1855.92,1858.45,4736.7702
1784404800000000,1858.45,1863.37,1855.47,1857.34,4134.2864
1784408400000000,1857.35,1863.18,1855.96,1860.97,4154.9408
1784412000000000,1860.97,1865.86,1859.9,1863.7,3378.2577
1784415600000000,1863.7,1864.45,1860.1,1862.61,2008.8091
1784419200000000,1862.61,1863.88,1859.2,1861.45,3154.5044
1784422800000000,1861.45,1861.53,1858.3,1859.18,7970.3536
1784426400000000,1859.19,1877.33,1858.17,1871.44,11041.838
1784430000000000,1871.45,1872.99,1863.84,1867.08,5220.7991
1784433600000000,1867.08,1870.2,1864.21,1867.33,3479.1037
1784437200000000,1867.32,1870.2,1865.61,1868.56,2772.5257
1784440800000000,1868.55,1871.43,1868.2,1869.39,2878.4911
1784444400000000,1869.39,1871.99,1867.14,1870.25,8010.6219
1784448000000000,1870.26,1875.33,1867.76,1873.88,4893.8984
1784451600000000,1873.89,1874.17,1864.55,1866.16,5004.0263
1784455200000000,1866.15,1879.38,1863.46,1872.25,5628.6517
1784458800000000,1872.25,1878.86,1870.0,1871.41,6296.8803
1784462400000000,1871.4,1874.34,1864.47,1870.38,6783.9561
1784466000000000,1870.39,1873.77,1865.89,1871.83,4460.4469
1784469600000000,1871.83,1879.26,1868.89,1874.69,5952.7499
1784473200000000,1874.69,1876.0,1868.93,1870.91,6545.9297
1784476800000000,1870.91,1873.59,1866.0,1866.8,5220.8065
1784480400000000,1866.8,1873.85,1857.77,1867.23,8572.9874
1784484000000000,1867.23,1867.7,1851.71,1861.12,9549.4778
1784487600000000,1861.12,1862.77,1854.84,1862.37,3960.7276
1784491200000000,1862.37,1867.15,1862.2,1867.14,4536.0742
1784494800000000,1867.15,1868.23,1857.49,1862.12,4337.5897
1784498400000000,1862.12,1877.03,1857.0,1870.44,12354.1161
1784502000000000,1870.44,1874.94,1865.0,1872.23,5296.1101
1784505600000000,1872.24,1891.71,1862.08,1872.14,15861.9496
1784509200000000,1872.14,1889.94,1865.84,1869.56,9872.3833
1784512800000000,1869.57,1883.33,1867.71,1879.06,8547.5294
1784516400000000,1879.06,1882.24,1870.91,1879.94,6045.7088
1784520000000000,1879.94,1879.99,1868.46,1868.94,5573.2852
1784523600000000,1868.95,1869.94,1851.5,1855.45,12336.3044
1784527200000000,1855.46,1860.23,1843.14,1849.73,13729.7978
1784530800000000,1849.73,1865.54,1849.26,1863.95,9727.2283
1784534400000000,1863.95,1868.53,1854.31,1861.01,13950.4369
1784538000000000,1861.0,1867.55,1857.95,1864.16,7006.2645
1784541600000000,1864.15,1872.35,1862.71,1868.85,5036.692
1784545200000000,1868.86,1896.5,1868.06,1893.2,18098.9331
1784548800000000,1893.21,1893.62,1871.88,1873.33,12117.1329
1784552400000000,1873.34,1880.61,1857.63,1862.68,16464.2655
1784556000000000,1862.68,1871.96,1853.65,1868.01,11921.8963
1784559600000000,1868.01,1904.92,1867.65,1902.34,24635.4223
1784563200000000,1902.34,1906.76,1893.8,1899.41,16492.3726
1784566800000000,1899.41,1909.74,1895.68,1907.78,14035.2481
1784570400000000,1907.78,1918.16,1897.52,1899.52,17782.6016
1784574000000000,1899.52,1901.07,1890.07,1898.46,9999.6736
1784577600000000,1898.46,1906.55,1896.2,1904.84,5357.4613
1784581200000000,1904.83,1907.58,1902.0,1902.45,4827.6437
1784584800000000,1902.46,1902.58,1894.4,1895.72,5412.8433
1784588400000000,1895.72,1905.26,1895.33,1904.77,6362.5585
1784592000000000,1904.77,1917.79,1900.74,1914.8,10211.2262
1784595600000000,1914.8,1918.18,1907.0,1907.49,6792.7873
1784599200000000,1907.49,1924.0,1904.6,1917.3,8843.7731
1784602800000000,1917.3,1928.57,1916.94,1926.75,13542.5425
1784606400000000,1926.74,1931.2,1922.59,1924.59,8633.194
1784610000000000,1924.59,1936.0,1921.81,1930.56,9084.2452
1784613600000000,1930.56,1939.99,1927.8,1935.03,10889.2213
1784617200000000,1935.03,1940.25,1933.42,1934.08,11949.4809
1784620800000000,1934.07,1953.0,1931.63,1939.8,29993.0476
1784624400000000,1939.79,1944.17,1936.75,1942.22,34313.1419
1784628000000000,1942.22,1947.09,1932.1,1934.18,16251.7069
1784631600000000,1934.19,1937.34,1925.98,1935.69,33407.8433
1784635200000000,1935.69,1945.23,1932.38,1942.79,15279.9073
1784638800000000,1942.8,1943.77,1927.53,1940.3,19914.6022
1784642400000000,1940.31,1944.0,1928.0,1931.87,14705.618
1784646000000000,1931.88,1932.51,1923.36,1931.81,12511.0061
1784649600000000,1931.81,1935.36,1921.63,1926.37,7887.812
1784653200000000,1926.37,1928.38,1915.0,1918.71,14508.5446
1784656800000000,1918.7,1923.0,1915.11,1919.93,12665.6515
1784660400000000,1919.93,1926.16,1918.2,1923.39,14885.7775
1784664000000000,1923.38,1926.44,1921.68,1923.24,6018.2494
1784667600000000,1923.25,1926.54,1919.85,1924.32,5012.5857
1784671200000000,1924.31,1924.31,1918.1,1920.86,3606.7745
1784674800000000,1920.86,1932.0,1916.67,1930.09,6056.9389
1784678400000000,1930.09,1944.68,1929.02,1939.46,12280.2152
1784682000000000,1939.45,1940.56,1928.0,1933.61,7700.3916
1784685600000000,1933.62,1936.39,1926.91,1930.43,9004.7948
1784689200000000,1930.42,1936.05,1926.76,1928.77,9211.1631
1784692800000000,1928.76,1939.4,1928.11,1936.82,12044.2195
1784696400000000,1936.83,1936.98,1918.27,1919.35,14081.0097
1784700000000000,1919.36,1921.1,1913.34,1917.4,7850.8564
1784703600000000,1917.41,1919.0,1910.68,1914.44,13989.0518
1784707200000000,1914.43,1925.15,1914.08,1921.32,12358.1318
1784710800000000,1921.33,1926.5,1919.41,1924.49,9209.9805
1784714400000000,1924.49,1933.62,1923.25,1930.82,10304.8933
1784718000000000,1930.82,1931.5,1922.36,1927.27,4571.4306
1784721600000000,1927.26,1927.45,1913.26,1917.17,6931.3358
1784725200000000,1917.17,1942.43,1917.0,1939.93,15766.4647
1784728800000000,1939.92,1955.92,1923.01,1933.2,23895.4302
1784732400000000,1933.2,1952.36,1933.0,1943.03,15259.8036
1784736000000000,1943.04,1956.45,1935.42,1949.84,14899.4678
1784739600000000,1949.84,1950.3,1934.97,1938.53,9814.7857
1784743200000000,1938.53,1940.0,1923.2,1930.69,11320.4039
1784746800000000,1930.69,1931.88,1921.0,1925.13,5286.7954
1784750400000000,1925.14,1930.4,1922.95,1926.76,5448.1097
1784754000000000,1926.76,1939.7,1926.76,1938.76,4862.4259
1784757600000000,1938.76,1939.23,1930.91,1938.42,7430.7471
1784761200000000,1938.43,1938.43,1923.6,1934.25,7618.9172
1784764800000000,1934.26,1941.5,1932.37,1932.37,7806.1931
1784768400000000,1932.36,1936.7,1926.61,1928.39,5600.2585
1784772000000000,1928.38,1929.7,1921.81,1927.6,4520.1302
1784775600000000,1927.6,1928.03,1917.57,1920.55,7067.1535
1784779200000000,1920.56,1926.02,1918.63,1919.74,5718.7307
1784782800000000,1919.74,1928.69,1918.31,1922.77,3797.0127
1784786400000000,1922.78,1926.83,1921.07,1925.39,3761.1815
1784790000000000,1925.39,1925.39,1912.6,1915.65,15074.1808
1784793600000000,1915.65,1927.41,1914.44,1926.54,6170.3801
1784797200000000,1926.54,1931.66,1923.4,1924.36,9981.4087
1784800800000000,1924.36,1930.43,1922.13,1928.14,4239.3939
1784804400000000,1928.15,1929.08,1924.63,1926.04,5003.2542
1784808000000000,1926.03,1927.99,1894.0,1904.64,26669.4585
1784811600000000,1904.67,1909.19,1895.47,1898.72,16334.9699
1784815200000000,1898.73,1907.26,1892.5,1896.43,15426.3077
1784818800000000,1896.44,1897.88,1882.98,1895.23,21413.486
1784822400000000,1895.23,1895.41,1884.69,1887.95,11755.5936
1784826000000000,1887.94,1892.18,1875.01,1878.31,10958.922
1784829600000000,1878.31,1884.52,1876.05,1881.19,8210.3838
1784833200000000,1881.19,1883.63,1869.44,1875.65,9424.5918
1784836800000000,1875.64,1889.09,1874.81,1885.98,7351.5441
1784840400000000,1885.97,1888.93,1880.86,1882.72,4782.8337
1784844000000000,1882.73,1884.13,1874.23,1883.42,5133.8249
1784847600000000,1883.41,1884.8,1875.56,1878.38,3587.8794
1784851200000000,1878.38,1879.18,1859.67,1871.47,13406.7609
1784854800000000,1871.47,1877.6,1870.32,1872.76,6649.6745
1784858400000000,1872.76,1878.5,1864.82,1869.58,6328.9081
1784862000000000,1869.57,1881.2,1868.31,1880.67,7169.022
1784865600000000,1880.67,1882.0,1875.0,1876.12,3649.7064
1784869200000000,1876.13,1882.14,1873.48,1880.97,5641.1485
1784872800000000,1880.97,1888.49,1878.9,1888.13,6802.7211
1784876400000000,1888.14,1909.8,1888.14,1895.98,18399.9061
1784880000000000,1895.98,1896.04,1886.35,1888.07,5209.3782
1784883600000000,1888.07,1889.11,1878.39,1888.07,7006.5254
1784887200000000,1888.08,1888.64,1880.39,1883.82,4084.0349
1784890800000000,1883.81,1884.71,1876.71,1883.93,6799.138
1784894400000000,1883.93,1886.09,1872.0,1872.65,7785.1308
1784898000000000,1872.65,1875.4,1848.11,1857.6,25437.0765
1784901600000000,1857.61,1863.18,1848.09,1862.9,16154.1622
1784905200000000,1862.9,1869.43,1854.15,1861.81,18647.6311
1784908800000000,1861.82,1866.07,1853.5,1857.47,12748.0211
1784912400000000,1857.47,1866.61,1855.03,1866.53,8564.3041
1784916000000000,1866.53,1866.76,1858.48,1862.72,3900.7267
1784919600000000,1862.73,1864.58,1858.0,1863.83,4600.1132
1784923200000000,1863.84,1865.82,1858.42,1860.9,3703.6087
1784926800000000,1860.91,1862.01,1857.05,1857.51,3582.5364
1784930400000000,1857.51,1861.91,1856.97,1859.49,2393.0236
1784934000000000,1859.49,1861.85,1858.98,1861.44,2132.1776
1784937600000000,1861.44,1864.69,1856.85,1860.34,3991.9995
1784941200000000,1860.34,1863.63,1857.77,1860.0,3107.0739
1784944800000000,1859.99,1861.71,1858.35,1859.45,2141.2087
1784948400000000,1859.45,1860.52,1855.93,1858.74,4758.8668
1784952000000000,1858.74,1862.65,1858.57,1861.28,1922.5329
1784955600000000,1861.28,1862.96,1856.9,1858.42,6900.0056
1784959200000000,1858.42,1860.0,1854.61,1858.55,2183.2025
1784962800000000,1858.55,1858.79,1856.02,1856.02,1974.4548
1784966400000000,1856.03,1856.1,1851.22,1853.8,4826.2011
1784970000000000,1853.8,1859.06,1851.75,1858.34,3706.8351
1784973600000000,1858.35,1859.29,1856.75,1858.62,4770.0131
1784977200000000,1858.63,1860.09,1857.5,1857.75,2724.4089
1784980800000000,1857.75,1860.48,1856.96,1860.32,4110.5827
1784984400000000,1860.32,1872.35,1859.78,1867.24,8300.0285
1784988000000000,1867.25,1869.32,1865.06,1868.68,4810.2534
1784991600000000,1868.67,1871.43,1867.03,1867.88,3624.4878
1784995200000000,1867.88,1870.91,1864.65,1867.99,3186.026
1784998800000000,1867.99,1875.15,1867.99,1873.06,6529.8948
1785002400000000,1873.07,1877.07,1872.45,1875.48,4493.7246
1785006000000000,1875.48,1876.64,1874.4,1874.76,2018.1088
1785009600000000,1874.77,1875.03,1870.43,1872.23,1908.1947
1785013200000000,1872.23,1875.6,1867.92,1872.65,2784.1673
1785016800000000,1872.66,1876.92,1872.38,1875.82,2003.8834
1785020400000000,1875.83,1876.2,1873.2,1874.89,1658.3331
1785024000000000,1874.88,1881.8,1873.85,1881.05,3898.2673
1785027600000000,1881.05,1881.9,1877.81,1878.68,2034.9452
1785031200000000,1878.67,1881.65,1877.06,1880.97,1535.0872
1785034800000000,1880.98,1883.98,1878.98,1882.21,2891.7173
1785038400000000,1882.21,1889.36,1880.26,1886.26,3540.7748
1785042000000000,1886.25,1887.43,1882.72,1883.4,2383.3354
1785045600000000,1883.4,1885.39,1878.46,1884.95,3176.674
1785049200000000,1884.95,1886.29,1880.51,1881.56,2139.9511
1785052800000000,1881.57,1882.49,1878.74,1881.42,2218.8924
1785056400000000,1881.42,1885.76,1881.22,1883.8,2491.5347
1785060000000000,1883.8,1887.7,1882.01,1886.22,2816.0926
1785063600000000,1886.21,1887.89,1884.78,1885.87,2075.4122
1785067200000000,1885.87,1893.89,1885.68,1886.57,5314.2072
1785070800000000,1886.57,1888.86,1881.61,1886.62,5619.0793
1785074400000000,1886.62,1900.31,1886.61,1898.59,8707.353
1785078000000000,1898.58,1917.82,1898.06,1914.63,14677.3578
1785081600000000,1914.63,1928.08,1908.75,1916.2,15888.944
1785085200000000,1916.19,1917.77,1910.8,1911.23,4119.5811
1785088800000000,1911.23,1916.53,1911.05,1914.49,3715.1635
1785092400000000,1914.49,1915.86,1912.09,1914.2,4682.416
1785096000000000,1914.21,1914.56,1911.14,1913.8,2328.0884
1785099600000000,1913.79,1930.0,1913.79,1925.91,8394.0362
1785103200000000,1925.91,1953.03,1925.91,1949.81,23344.9293
1785106800000000,1949.81,1967.36,1945.99,1954.72,25239.8549
1785110400000000,1954.72,1955.42,1939.67,1942.54,10815.7364
1785114000000000,1942.54,1948.46,1936.51,1948.2,8651.072
1785117600000000,1948.2,1949.15,1941.48,1943.1,8333.0669
1785121200000000,1943.09,1950.78,1942.42,1949.64,6458.3303
1785124800000000,1949.65,1962.77,1948.54,1953.43,13061.709
1785128400000000,1953.43,1970.43,1952.63,1965.65,15079.6006
1785132000000000,1965.65,1981.24,1963.64,1968.45,25003.724
1785135600000000,1968.45,1971.7,1960.86,1964.36,16580.0434
1785139200000000,1964.37,1968.75,1961.81,1964.25,8606.9437
1785142800000000,1964.25,1968.29,1956.87,1965.19,10222.2378
1785146400000000,1965.19,1972.0,1963.8,1967.43,6133.2776
1785150000000000,1967.42,1967.43,1958.11,1959.67,7353.3544
1785153600000000,1959.67,1964.6,1943.0,1957.59,14137.4186
1785157200000000,1957.6,1977.99,1950.95,1961.16,31081.0997
1785160800000000,1961.18,1966.99,1919.09,1932.3,38196.3783
1785164400000000,1932.3,1937.87,1924.83,1927.75,16079.6453
1785168000000000,1927.74,1946.9,1922.65,1940.57,11388.9731
1785171600000000,1940.57,1946.06,1935.1,1943.71,8370.8405
1785175200000000,1943.72,1944.66,1929.2,1939.2,6892.7477
1785178800000000,1939.21,1955.41,1937.75,1948.31,10768.3753
1785182400000000,1948.32,1950.54,1943.69,1946.87,4740.1733
1785186000000000,1946.88,1950.1,1940.58,1941.9,13531.1577
1785189600000000,1941.89,1941.9,1892.33,1893.6,26543.049
1785193200000000,1893.61,1896.19,1882.49,1892.53,24422.5254
1785196800000000,1892.53,1894.45,1877.02,1878.86,20791.773
1785200400000000,1878.86,1882.77,1866.31,1875.9,14824.195
1785204000000000,1875.9,1880.46,1872.35,1876.0,5895.0583
1785207600000000,1876.01,1883.26,1873.11,1881.38,8483.7449
1785211200000000,1881.37,1882.84,1876.48,1879.18,6743.7128
1785214800000000,1879.18,1889.66,1878.46,1883.16,8292.3695
1785218400000000,1883.16,1888.82,1878.54,1888.62,10515.695
1785222000000000,1888.62,1888.97,1880.92,1883.83,7707.2078
1785225600000000,1883.84,1885.85,1880.4,1884.5,8547.8818
1785229200000000,1884.5,1885.12,1874.81,1876.44,6605.9978
1785232800000000,1876.43,1881.0,1873.75,1878.79,5710.996
1785236400000000,1878.8,1882.02,1872.0,1876.68,9475.713
1785240000000000,1876.69,1893.34,1874.63,1892.48,12503.8753
1785243600000000,1892.48,1896.28,1856.88,1874.08,26917.9509
1785247200000000,1874.08,1893.46,1867.74,1888.95,20017.6662
1785250800000000,1888.96,1924.41,1884.56,1920.02,35311.4667
1785254400000000,1920.02,1928.95,1914.52,1925.92,15042.0152
1785258000000000,1925.92,1925.92,1892.71,1901.89,19307.1025
1785261600000000,1901.9,1914.93,1901.6,1911.22,8918.5887
1785265200000000,1911.22,1922.23,1911.22,1922.23,8496.5277
1785268800000000,1922.24,1923.84,1916.16,1918.57,6013.7521
1785272400000000,1918.57,1929.67,1918.47,1923.95,6371.0141
1785276000000000,1923.96,1927.1,1910.1,1911.9,7483.9135
1785279600000000,1911.9,1923.1,1904.06,1922.23,9246.9451
1785283200000000,1922.22,1928.51,1916.34,1917.27,9538.2144
1785286800000000,1917.27,1918.16,1905.0,1905.7,7132.1448
1785290400000000,1905.69,1919.67,1901.17,1911.1,7118.7992
1785294000000000,1911.11,1913.04,1891.17,1892.7,9925.2036
1785297600000000,1892.7,1906.43,1884.51,1905.52,14039.2885
1785301200000000,1905.52,1914.99,1903.53,1912.54,6767.1437
1785304800000000,1912.53,1921.71,1908.89,1920.18,8086.8635
1785308400000000,1920.19,1925.68,1914.1,1924.71,10093.038
1785312000000000,1924.71,1925.35,1912.11,1915.08,6863.44
1785315600000000,1915.08,1924.73,1914.94,1922.31,8027.9976
1785319200000000,1922.31,1922.58,1910.0,1912.16,9505.431
1785322800000000,1912.16,1917.07,1910.35,1915.26,5128.9107
1785326400000000,1915.26,1915.27,1902.3,1905.23,10435.5074
1785330000000000,1905.23,1911.67,1895.59,1909.24,16853.3485
1785333600000000,1909.24,1911.46,1891.39,1895.23,19095.0094
1785337200000000,1895.23,1898.84,1887.31,1892.11,16820.4155
1785340800000000,1892.11,1899.5,1887.75,1895.4,10335.0027
1785344400000000,1895.4,1917.29,1894.51,1916.16,12310.8742
1785348000000000,1916.15,1935.68,1894.22,1920.55,37572.3934
1785351600000000,1920.56,1922.74,1883.7,1888.56,24739.4293
1785355200000000,1888.57,1891.99,1878.14,1884.15,16727.9089
1785358800000000,1884.16,1898.39,1872.0,1898.38,13782.3896
1785362400000000,1898.39,1911.61,1898.28,1907.18,9723.7496
1785366000000000,1907.18,1913.17,1902.68,1910.72,7939.8405
1785369600000000,1910.72,1914.81,1893.99,1898.22,7739.5737
1785373200000000,1898.22,1921.92,1897.49,1916.77,12720.6506
1785376800000000,1916.77,1920.0,1910.29,1911.11,7594.283
1785380400000000,1911.12,1915.3,1907.65,1909.99,4747.0982
1785384000000000,1910.0,1910.93,1901.87,1901.99,9789.7456
1785387600000000,1902.0,1909.67,1900.18,1906.34,6499.9185
1785391200000000,1906.34,1906.95,1899.59,1901.32,4978.1487
1785394800000000,1901.33,1908.12,1900.43,1903.25,7853.252
1785398400000000,1903.26,1917.95,1900.51,1914.99,9068.4709
1785402000000000,1914.99,1924.25,1914.06,1918.16,9956.9197
1785405600000000,1918.15,1921.9,1916.7,1918.26,4999.1833
1785409200000000,1918.27,1926.44,1916.7,1923.22,4846.6566
1785412800000000,1923.25,1928.0,1919.79,1925.23,6901.9258
1785416400000000,1925.24,1936.99,1917.15,1929.86,12236.7304
1785420000000000,1929.86,1930.2,1913.49,1917.4,15517.4134
1785423600000000,1917.41,1924.16,1914.67,1918.9,7141.6716
1785427200000000,1918.9,1925.98,1915.97,1919.38,5548.8542
1785430800000000,1919.37,1925.4,1916.28,1920.88,6281.4698
1785434400000000,1920.88,1922.73,1914.81,1916.29,3955.1823
1785438000000000,1916.3,1929.34,1916.0,1923.68,6300.4553
1785441600000000,1923.69,1927.4,1920.0,1921.68,4077.9852
1785445200000000,1921.69,1924.56,1917.23,1918.67,2954.9779
1785448800000000,1918.66,1933.41,1916.0,1925.63,6105.4228
1785452400000000,1925.62,1936.79,1918.07,1918.31,8715.6923
1785456000000000,1918.32,1922.09,1915.02,1917.15,7565.3209
1785459600000000,1917.15,1936.15,1906.79,1910.36,16082.1879
1785463200000000,1910.35,1912.0,1901.6,1904.15,6723.6932
1785466800000000,1904.15,1911.6,1899.09,1908.9,8585.8826
1785470400000000,1908.9,1909.49,1903.24,1905.96,3562.0432
1785474000000000,1905.97,1909.1,1901.49,1906.13,3830.9634
1785477600000000,1906.14,1911.16,1900.3,1902.61,4344.4345
1785481200000000,1902.6,1902.78,1884.53,1890.2,16831.5114
1785484800000000,1890.2,1893.33,1888.22,1890.45,9163.7608
1785488400000000,1890.45,1891.26,1881.42,1883.74,10359.2477
1785492000000000,1883.73,1890.16,1877.93,1887.12,6960.1299
1785495600000000,1887.12,1889.83,1882.49,1884.26,9120.4136
1785499200000000,1884.27,1884.82,1873.61,1882.92,11994.9695
1785502800000000,1882.93,1890.61,1865.0,1867.12,17383.3001
1785506400000000,1867.13,1870.29,1848.7,1860.19,45592.3977
1785510000000000,1860.2,1866.53,1854.77,1862.94,15413.4463
1785513600000000,1862.93,1867.32,1860.83,1864.57,10901.0391
1785517200000000,1864.57,1878.14,1863.26,1875.01,9319.6414
1785520800000000,1875.01,1876.74,1864.95,1871.83,4001.6627
1785524400000000,1871.82,1874.04,1865.38,1868.19,6567.6097
1785528000000000,1868.19,1870.73,1861.6,1862.25,5039.9544
1785531600000000,1862.25,1864.83,1859.64,1861.81,4404.1647
1785535200000000,1861.81,1865.56,1858.8,1861.49,6218.8952
1785538800000000,1861.49,1864.77,1860.95,1862.6,2938.1166
1785542400000000,1862.6,1867.64,1862.38,1864.7,4320.5922
1785546000000000,1864.69,1867.51,1864.69,1867.03,2874.5758
1785549600000000,1867.03,1870.0,1866.74,1868.25,1629.9406
1785553200000000,1868.25,1869.89,1866.47,1869.88,1797.9406
1785556800000000,1869.88,1870.53,1867.13,1869.76,1890.5488
1785560400000000,1869.76,1871.05,1865.34,1867.59,2681.1896
1785564000000000,1867.58,1871.21,1866.46,1870.5,2375.604
1785567600000000,1870.5,1871.98,1868.49,1869.8,2112.7899
1785571200000000,1869.81,1870.28,1867.6,1869.49,1883.948
1785574800000000,1869.5,1870.74,1867.59,1867.93,2411.8289
1785578400000000,1867.94,1869.11,1863.1,1867.35,7323.6147
1785582000000000,1867.36,1867.77,1865.79,1866.9,5035.6351
1785585600000000,1866.9,1870.0,1866.89,1869.06,2013.3782
1785589200000000,1869.07,1869.6,1867.54,1869.28,1883.4812
1785592800000000,1869.29,1875.33,1869.25,1875.18,4139.1814
1785596400000000,1875.18,1875.45,1870.07,1870.09,3029.8805
1785600000000000,1870.1,1873.6,1866.47,1868.79,2510.6059
1785603600000000,1868.79,1870.25,1857.41,1862.07,4950.8385
1785607200000000,1862.06,1863.03,1822.06,1836.81,30668.7809
1785610800000000,1836.8,1840.58,1834.2,1837.3,6052.4254
1785614400000000,1837.29,1840.48,1833.07,1838.41,5521.2918
1785618000000000,1838.41,1845.96,1836.61,1845.78,5894.9077
1785621600000000,1845.79,1849.26,1844.76,1847.28,2856.1786
1785625200000000,1847.28,1849.1,1843.39,1844.94,3027.8295
1785628800000000,1844.95,1849.7,1843.67,1846.69,4031.2087
1785632400000000,1846.69,1859.41,1846.69,1857.09,7392.1031
1785636000000000,1857.09,1884.69,1856.51,1876.9,17693.7596
1785639600000000,1876.9,1880.54,1874.32,1877.43,4976.3428
1785643200000000,1877.44,1882.67,1877.44,1881.22,4678.1317
1785646800000000,1881.21,1882.68,1875.26,1876.33,4198.7677
1785650400000000,1876.32,1879.33,1875.0,1877.54,3148.4584
1785654000000000,1877.54,1878.78,1875.67,1876.1,2714.3967
1785657600000000,1876.1,1879.0,1867.04,1868.2,5044.7312
1785661200000000,1868.19,1872.97,1862.3,1870.95,3014.6538
1785664800000000,1870.94,1871.13,1865.63,1868.75,1753.0272
1785668400000000,1868.76,1869.74,1849.5,1852.58,8195.8641
1785672000000000,1852.65,1860.58,1852.46,1857.06,3764.4164
1785675600000000,1857.07,1858.05,1852.41,1854.89,2230.6675
1785679200000000,1854.88,1859.27,1852.42,1854.94,2752.8167
1785682800000000,1854.95,1863.05,1853.81,1858.82,2831.0497
1785686400000000,1858.82,1865.7,1856.03,1863.13,2850.251
1785690000000000,1863.13,1870.57,1862.4,1868.65,3299.4741
1785693600000000,1868.64,1887.2,1868.49,1875.86,10697.2543
1785697200000000,1875.86,1883.93,1874.8,1882.2,4040.8119
1785700800000000,1882.2,1885.71,1879.61,1883.78,3060.4289
1785704400000000,1883.79,1898.5,1882.15,1890.43,8410.4818
1785708000000000,1890.44,1897.8,1880.5,1882.11,9510.3373
1785711600000000,1882.1,1885.68,1876.39,1885.36,3365.6286
1785715200000000,1885.36,1885.95,1871.68,1873.87,4671.4907
1785718800000000,1873.86,1875.52,1866.0,1867.19,4120.4684
1785722400000000,1867.19,1872.0,1862.9,1864.51,4058.0605
1785726000000000,1864.51,1865.71,1851.05,1857.22,5297.8404
1785729600000000,1857.21,1863.14,1854.81,1854.97,3716.6199
1785733200000000,1854.97,1860.91,1853.55,1859.88,4111.3952
1785736800000000,1859.88,1861.11,1846.38,1849.28,7050.062
1785740400000000,1849.29,1849.94,1840.0,1843.97,12612.232
1785744000000000,1843.96,1845.57,1828.62,1840.32,15329.1092
1785747600000000,1840.32,1853.91,1839.35,1852.63,8512.8596
1785751200000000,1852.62,1854.46,1841.55,1846.24,7708.7926
1785754800000000,1846.24,1847.88,1838.48,1839.89,4323.4095
1785758400000000,1839.88,1845.38,1836.75,1843.7,5012.5495
1785762000000000,1843.69,1860.24,1838.42,1859.18,13330.2037
1785765600000000,1859.18,1874.35,1851.34,1873.79,21006.5246
1785769200000000,1873.79,1874.08,1860.43,1863.34,10839.8182
1785772800000000,1863.34,1872.22,1861.68,1866.22,6771.2457
1785776400000000,1866.22,1874.93,1863.64,1868.84,5795.3562
1785780000000000,1868.85,1874.0,1866.72,1868.96,4466.282
1785783600000000,1868.96,1876.5,1868.2,1870.2,5831.2405
1785787200000000,1870.2,1875.99,1866.61,1868.97,7347.3691
1785790800000000,1868.97,1869.15,1863.57,1863.6,4725.1651
1785794400000000,1863.6,1866.12,1852.45,1860.4,6401.3077
1785798000000000,1860.39,1860.5,1856.22,1860.5,2567.6076
1785801600000000,1860.5,1863.12,1848.38,1851.3,10087.437
1785805200000000,1851.3,1869.72,1849.12,1867.64,9043.6029
1785808800000000,1867.64,1872.5,1862.09,1866.17,5344.8134
1785812400000000,1866.17,1866.96,1858.38,1864.19,4382.4669
1785816000000000,1864.2,1874.71,1862.09,1868.01,6131.0573
1785819600000000,1868.0,1870.54,1864.28,1864.42,3298.8071
1785823200000000,1864.42,1882.44,1854.65,1856.96,15678.0058
1785826800000000,1856.96,1864.98,1853.54,1863.87,7711.0201
1785830400000000,1863.88,1865.88,1856.96,1857.89,4180.9094
1785834000000000,1857.88,1858.83,1853.48,1858.71,5488.8272
1785837600000000,1858.71,1873.03,1854.11,1866.94,8858.6566
1785841200000000,1866.95,1874.78,1866.18,1872.89,6980.9397
1785844800000000,1872.88,1882.0,1868.09,1875.11,8155.32
1785848400000000,1875.11,1877.63,1860.01,1862.06,14674.1047
1785852000000000,1862.06,1875.71,1858.72,1873.03,12625.0454
1785855600000000,1873.02,1877.85,1862.05,1873.07,9729.2962
1785859200000000,1873.08,1874.09,1865.65,1869.68,7985.3408
1785862800000000,1869.69,1877.88,1867.01,1869.53,12012.494
1785866400000000,1869.54,1880.94,1869.3,1875.29,7528.9302
1785870000000000,1875.29,1881.81,1873.86,1875.26,8184.4653
1785873600000000,1875.26,1879.84,1866.17,1876.65,5884.9577
1785877200000000,1876.65,1876.65,1871.85,1872.32,2412.3242
1785880800000000,1872.32,1876.92,1868.48,1875.64,3303.5295
1785884400000000,1875.64,1881.28,1869.07,1869.75,5572.1938
1785888000000000,1869.74,1873.87,1863.33,1863.93,7040.3828
1785891600000000,1863.94,1874.4,1861.34,1873.37,3984.1549
1785895200000000,1873.37,1878.0,1872.5,1874.49,5850.9223
1785898800000000,1874.49,1876.23,1863.91,1867.75,7838.784
1785902400000000,1867.75,1869.79,1865.0,1867.5,3487.1721
1785906000000000,1867.5,1877.69,1867.21,1873.46,4816.0039
1785909600000000,1873.46,1873.69,1868.26,1869.88,9338.5186
1785913200000000,1869.88,1872.2,1863.53,1872.2,13188.6525
1785916800000000,1872.2,1874.48,1868.0,1869.99,10385.8454
1785920400000000,1869.99,1874.66,1868.89,1871.94,4866.2003
1785924000000000,1871.94,1876.06,1866.16,1868.33,5390.3805
1785927600000000,1868.32,1871.15,1867.27,1868.92,4882.5202
1785931200000000,1868.92,1885.29,1867.47,1876.25,13717.3662
1785934800000000,1876.26,1879.51,1855.5,1878.53,21971.7299
1785938400000000,1878.52,1882.84,1869.24,1875.89,15946.0181
1785942000000000,1875.89,1882.76,1872.95,1873.91,8156.1461
1785945600000000,1873.91,1897.32,1873.4,1895.56,20344.7361
1785949200000000,1895.55,1917.72,1891.07,1916.75,24840.2338
1785952800000000,1916.75,1928.0,1913.9,1918.06,19879.6167
1785956400000000,1918.05,1921.0,1915.6,1917.03,9433.0891
1785960000000000,1917.02,1924.56,1916.71,1917.1,6965.0406
1785963600000000,1917.1,1917.47,1907.07,1908.75,8180.0017
1785967200000000,1908.75,1913.43,1906.59,1906.86,4213.4409
1785970800000000,1906.85,1912.31,1904.34,1908.9,3613.3702
1785974400000000,1908.91,1914.02,1907.29,1910.4,4876.5925
1785978000000000,1910.4,1911.21,1903.36,1906.75,5637.5795
1785981600000000,1906.74,1910.82,1895.1,1899.21,9631.1508
1785985200000000,1899.21,1899.7,1895.37,1899.03,4875.4429
1785988800000000,1899.04,1908.05,1895.73,1907.7,6770.1779
1785992400000000,1907.7,1918.7,1907.29,1914.34,8409.6151
1785996000000000,1914.35,1914.77,1909.6,1913.66,3374.4198
1785999600000000,1913.67,1915.33,1907.65,1909.33,6344.0321
1786003200000000,1909.33,1920.51,1908.41,1916.26,9089.5239
1786006800000000,1916.26,1917.03,1904.83,1907.67,9792.3411
1786010400000000,1907.67,1907.67,1901.62,1902.58,5165.4282
1786014000000000,1902.59,1909.2,1897.0,1907.77,5920.4388
1786017600000000,1907.77,1908.02,1899.02,1899.09,5851.2106
1786021200000000,1899.1,1911.11,1892.38,1907.43,16539.6529
1786024800000000,1907.44,1918.72,1892.04,1915.01,18795.1192
1786028400000000,1915.01,1919.68,1910.38,1910.69,11802.6746
1786032000000000,1910.7,1916.8,1908.46,1915.77,7760.9905
1786035600000000,1915.78,1918.47,1910.38,1914.08,5696.3354
1786039200000000,1914.08,1914.1,1903.08,1905.95,7958.3294
1786042800000000,1905.95,1911.29,1905.95,1910.06,10004.7765
1786046400000000,1910.07,1910.85,1906.0,1907.14,2869.7578
1786050000000000,1907.15,1909.45,1905.88,1906.28,3309.8235
1786053600000000,1906.28,1907.44,1902.27,1905.25,3479.9443
1786057200000000,1905.24,1905.79,1898.94,1904.1,3574.3562
1786060800000000,1904.1,1905.47,1899.84,1903.88,3516.2153
1786064400000000,1903.89,1907.55,1899.04,1903.36,4823.4698
1786068000000000,1903.36,1908.61,1897.52,1902.73,5702.729
1786071600000000,1902.72,1903.95,1896.16,1897.43,4269.3759
1786075200000000,1897.43,1900.76,1894.35,1897.44,6754.204
1786078800000000,1897.44,1902.4,1895.41,1901.58,4024.0554
1786082400000000,1901.59,1907.58,1900.0,1904.53,4864.3205
1786086000000000,1904.54,1907.44,1902.35,1902.36,5166.215
1786089600000000,1902.35,1914.9,1901.91,1910.7,10662.3713
1786093200000000,1910.7,1917.67,1910.3,1913.04,28602.9542
1786096800000000,1913.04,1916.0,1912.64,1912.85,4509.058
1786100400000000,1912.85,1921.0,1912.62,1916.33,8756.7564
1786104000000000,1916.33,1943.02,1916.33,1932.13,31004.2283
1786107600000000,1932.14,1935.05,1921.53,1923.5,15610.4582
1786111200000000,1923.5,1926.5,1910.53,1913.57,18780.5279
1786114800000000,1913.57,1921.0,1913.02,1917.88,6340.5718
1786118400000000,1917.87,1925.0,1909.34,1909.51,7968.6101
1786122000000000,1909.5,1912.99,1905.4,1912.45,9390.7888
1786125600000000,1912.45,1915.29,1906.28,1909.86,4337.392
1786129200000000,1909.87,1920.24,1909.87,1918.85,10178.4996
1786132800000000,1918.84,1920.36,1914.38,1914.81,3750.1199
1786136400000000,1914.82,1922.81,1912.72,1916.55,6300.7153
1786140000000000,1916.55,1916.56,1913.92,1914.84,3447.6054
1786143600000000,1914.84,1916.41,1913.92,1914.18,1515.2869
1786147200000000,1914.19,1915.1,1912.5,1914.35,2385.6366
1786150800000000,1914.36,1916.62,1914.04,1914.65,3177.8497
1786154400000000,1914.66,1914.66,1912.27,1913.18,1370.5073
1786158000000000,1913.18,1919.02,1913.17,1918.08,2097.6249
1786161600000000,1918.09,1919.58,1916.4,1917.0,2245.9862
1786165200000000,1917.0,1918.78,1915.81,1917.56,1176.4942
1786168800000000,1917.55,1917.89,1916.17,1916.44,1409.709
1786172400000000,1916.45,1916.75,1914.0,1915.11,1799.6535
1786176000000000,1915.11,1917.73,1914.58,1916.85,1481.4706
1786179600000000,1916.85,1923.22,1916.25,1918.95,3514.2564
1786183200000000,1918.94,1922.72,1918.94,1921.17,2167.1079
1786186800000000,1921.18,1923.57,1919.53,1920.99,2555.556
1786190400000000,1920.99,1922.47,1918.7,1919.19,2376.3197
1786194000000000,1919.2,1920.55,1918.61,1920.0,1981.2186
1786197600000000,1920.0,1926.72,1919.99,1923.77,5059.4611
1786201200000000,1923.78,1924.56,1921.35,1922.62,2945.8968
1786204800000000,1922.63,1925.0,1921.65,1922.46,2239.3085
1786208400000000,1922.45,1926.45,1922.25,1923.85,3927.5413
1786212000000000,1923.84,1923.84,1919.77,1921.1,2781.192
1786215600000000,1921.1,1921.54,1919.67,1920.41,1779.511
1786219200000000,1920.41,1921.21,1919.95,1920.39,1344.3956
1786222800000000,1920.39,1922.73,1920.27,1920.82,1842.5995
1786226400000000,1920.82,1921.59,1916.66,1916.75,2433.2468
1786230000000000,1916.74,1919.0,1914.69,1916.74,2779.8499
1786233600000000,1916.75,1918.66,1916.34,1918.09,2792.4612
1786237200000000,1918.08,1920.21,1913.37,1916.14,2176.0306
1786240800000000,1916.15,1916.71,1913.64,1914.8,1341.9749
1786244400000000,1914.79,1914.79,1912.36,1914.04,2034.9863
1786248000000000,1914.04,1915.63,1912.99,1913.16,1394.2198
1786251600000000,1913.17,1915.04,1913.11,1914.46,1455.4914
1786255200000000,1914.45,1919.51,1912.83,1919.33,4314.9898
1786258800000000,1919.34,1919.79,1917.14,1918.97,4950.8116
1786262400000000,1918.97,1925.0,1914.0,1915.94,4019.2402
1786266000000000,1915.94,1921.45,1913.39,1921.45,4402.5705
1786269600000000,1921.45,1922.96,1919.64,1920.1,3788.5932
1786273200000000,1920.09,1921.51,1918.37,1919.23,1585.7868
1786276800000000,1919.23,1919.23,1916.51,1917.5,2317.0555
1786280400000000,1917.5,1926.31,1917.5,1923.36,6087.6127
1786284000000000,1923.36,1926.58,1922.61,1925.07,3783.0976
1786287600000000,1925.08,1927.36,1924.16,1926.56,3293.3403
1786291200000000,1926.57,1926.95,1921.6,1924.11,2527.6686
1786294800000000,1924.1,1924.84,1923.11,1923.11,2161.8139
1786298400000000,1923.1,1923.8,1920.15,1921.52,1893.9677
1786302000000000,1921.51,1922.47,1921.35,1922.04,1346.5922
1786305600000000,1922.04,1922.27,1918.0,1920.73,3716.9996
1786309200000000,1920.72,1926.91,1919.84,1924.73,3133.0872
1786312800000000,1924.73,1938.22,1915.0,1919.55,12501.372
1786316400000000,1919.54,1920.61,1907.56,1910.65,10835.5617
1786320000000000,1910.65,1928.28,1906.17,1912.78,10209.7156
1786323600000000,1912.79,1931.57,1908.01,1925.23,8100.9108
1786327200000000,1925.23,1926.72,1912.86,1923.52,6858.7003
1786330800000000,1923.51,1924.66,1913.66,1917.44,6345.0528
1786334400000000,1917.44,1921.01,1912.6,1915.79,7866.7888
1786338000000000,1915.79,1925.02,1915.33,1923.17,4320.4089
1786341600000000,1923.18,1929.43,1923.01,1928.03,7905.0173
1786345200000000,1928.03,1930.84,1924.8,1925.26,5929.0261
1786348800000000,1925.26,1929.74,1923.21,1926.8,4421.812
1786352400000000,1926.8,1927.09,1916.21,1916.39,6913.4753
1786356000000000,1916.38,1920.7,1916.12,1917.75,4895.296
1786359600000000,1917.75,1921.11,1914.68,1920.42,4343.5736
1786363200000000,1920.42,1923.34,1905.0,1906.0,13063.3565
1786366800000000,1905.99,1910.46,1894.56,1897.6,20184.687
1786370400000000,1897.61,1902.84,1891.6,1893.59,10048.2437
1786374000000000,1893.58,1893.58,1871.37,1877.0,29430.8117
1786377600000000,1876.99,1878.71,1867.96,1872.36,17767.9519
1786381200000000,1872.38,1877.39,1868.71,1873.7,8222.6701
1786384800000000,1873.7,1875.24,1868.0,1872.95,8602.6495
1786388400000000,1872.95,1880.47,1871.86,1878.51,6928.2103
1786392000000000,1878.52,1881.31,1877.74,1879.73,3650.5749
1786395600000000,1879.72,1879.72,1873.54,1874.45,4144.1711
1786399200000000,1874.45,1878.13,1872.13,1876.14,4964.4198
1786402800000000,1876.15,1876.15,1870.12,1873.16,4691.4981
1786406400000000,1873.16,1876.04,1871.0,1875.32,5360.8121
1786410000000000,1875.31,1878.6,1873.49,1878.14,4604.8217
1786413600000000,1878.13,1881.78,1877.36,1878.6,5445.0466
1786417200000000,1878.61,1881.78,1878.6,1881.03,3766.3888
1786420800000000,1881.02,1882.18,1876.22,1876.25,3740.0049
1786424400000000,1876.25,1876.81,1872.19,1874.03,5181.4013
1786428000000000,1874.03,1875.02,1870.86,1874.24,9415.5466
1786431600000000,1874.25,1879.34,1870.29,1877.95,10253.5598
1786435200000000,1877.95,1880.39,1875.75,1879.21,8442.7399
1786438800000000,1879.2,1885.41,1877.32,1885.41,8242.4218
1786442400000000,1885.41,1889.0,1882.66,1886.16,7409.168
1786446000000000,1886.17,1895.6,1886.17,1892.97,9187.1645
1786449600000000,1892.96,1897.8,1887.34,1888.0,10397.1725
1786453200000000,1888.0,1892.69,1883.63,1890.03,9070.3061
1786456800000000,1890.02,1891.61,1870.33,1873.69,14477.2528
1786460400000000,1873.68,1877.71,1853.62,1862.74,22054.1842
1786464000000000,1862.75,1867.06,1859.78,1864.82,8942.3877
1786467600000000,1864.83,1867.95,1862.88,1864.69,6492.2921
1786471200000000,1864.69,1867.09,1860.0,1866.03,7345.3446
1786474800000000,1866.03,1884.83,1862.9,1881.9,9965.2898
1786478400000000,1881.9,1885.38,1879.09,1882.22,7300.6273
1786482000000000,1882.22,1885.32,1880.43,1884.68,6936.3919
1786485600000000,1884.68,1887.64,1879.61,1882.16,5904.5462
1786489200000000,1882.17,1884.41,1878.92,1882.59,3365.6454
1786492800000000,1882.58,1883.72,1880.65,1882.35,4050.8679
1786496400000000,1882.36,1886.53,1881.11,1884.77,4162.0973
1786500000000000,1884.77,1887.91,1883.59,1884.47,3454.6953
1786503600000000,1884.48,1887.33,1882.66,1886.62,2942.8508
1786507200000000,1886.63,1893.37,1885.47,1889.42,6246.9058
1786510800000000,1889.41,1892.44,1886.77,1891.71,3205.7091
1786514400000000,1891.7,1891.71,1885.38,1887.73,4888.4475
1786518000000000,1887.74,1891.82,1886.34,1891.69,4124.2743
1786521600000000,1891.7,1896.11,1890.63,1890.95,4725.3454
1786525200000000,1890.94,1909.63,1890.0,1905.84,13427.1549
1786528800000000,1905.84,1915.54,1905.84,1909.17,12974.7164
1786532400000000,1909.18,1915.99,1907.41,1915.57,6783.1487
1786536000000000,1915.58,1925.0,1905.52,1911.32,22567.2084
1786539600000000,1911.31,1912.6,1900.04,1901.32,11484.4335
1786543200000000,1901.31,1903.71,1885.0,1887.79,15718.622
1786546800000000,1887.78,1896.29,1884.54,1892.75,7679.7558
1786550400000000,1892.75,1895.77,1889.24,1890.7,5223.5671
1786554000000000,1890.7,1891.89,1885.12,1888.14,6045.2496
1786557600000000,1888.13,1891.33,1885.5,1885.55,3671.5472
1786561200000000,1885.54,1886.8,1877.98,1879.38,6667.3674
1786564800000000,1879.37,1887.68,1877.81,1886.6,4232.1513
1786568400000000,1886.6,1889.47,1873.29,1877.95,7857.9549
1786572000000000,1877.94,1881.37,1875.63,1878.45,5234.3873
1786575600000000,1878.46,1880.11,1874.81,1879.81,3887.5396
1786579200000000,1879.8,1885.55,1877.26,1880.29,6876.0925
1786582800000000,1880.28,1882.83,1875.01,1878.09,6179.0307
1786586400000000,1878.09,1883.28,1873.17,1881.93,5675.9832
1786590000000000,1881.94,1888.89,1881.68,1887.52,6304.2606
1786593600000000,1887.52,1894.99,1885.46,1892.37,4484.4365
1786597200000000,1892.37,1900.0,1891.77,1895.81,7618.3359
1786600800000000,1895.8,1898.62,1892.17,1898.62,3461.1079
1786604400000000,1898.62,1898.93,1895.31,1895.57,4212.4745
1786608000000000,1895.57,1897.0,1888.38,1890.05,7584.8891
1786611600000000,1890.05,1890.59,1881.39,1889.78,5856.4852
1786615200000000,1889.78,1890.24,1882.08,1883.17,8965.8576
1786618800000000,1883.18,1883.72,1875.49,1880.39,7000.7025
1786622400000000,1880.4,1890.18,1879.17,1889.04,6735.8049
1786626000000000,1889.04,1895.71,1887.06,1890.39,11615.9175
1786629600000000,1890.39,1897.36,1888.64,1893.43,7248.0518
1786633200000000,1893.44,1896.04,1880.0,1880.01,7332.7645
1786636800000000,1880.01,1884.94,1863.67,1874.85,20788.5995
1786640400000000,1874.86,1881.01,1873.73,1876.98,5292.3609
1786644000000000,1876.98,1887.3,1876.63,1885.52,3857.1663
1786647600000000,1885.52,1892.73,1885.16,1887.41,6746.6604
1786651200000000,1887.41,1889.56,1885.32,1886.43,2575.2489
1786654800000000,1886.43,1889.47,1886.01,1888.76,1906.7376
1786658400000000,1888.77,1893.03,1888.6,1889.4,2636.376
1786662000000000,1889.41,1889.41,1884.6,1886.15,3185.2863
1786665600000000,1886.16,1889.49,1883.53,1889.4,3116.909
1786669200000000,1889.4,1890.23,1884.85,1889.41,3101.1848
1786672800000000,1889.41,1891.3,1886.05,1886.62,2797.742
1786676400000000,1886.63,1889.07,1882.44,1883.0,2946.7122
1786680000000000,1883.0,1887.87,1882.16,1884.77,2282.5247
1786683600000000,1884.78,1885.54,1880.55,1884.07,2570.6038
1786687200000000,1884.07,1884.08,1872.83,1872.85,6617.5957
1786690800000000,1872.86,1878.29,1872.28,1873.4,5655.4467
1786694400000000,1873.4,1878.71,1869.32,1878.71,7520.2378
1786698000000000,1878.72,1878.91,1871.34,1873.22,3960.7296
1786701600000000,1873.21,1878.43,1872.51,1876.19,5023.663
1786705200000000,1876.18,1881.19,1875.07,1878.2,3998.0616
1786708800000000,1878.2,1879.59,1873.0,1873.51,5265.5062
1786712400000000,1873.51,1873.94,1866.43,1869.97,9113.7904
1786716000000000,1869.98,1873.54,1864.28,1866.93,7118.7642
1786719600000000,1866.94,1884.71,1866.28,1881.56,9527.9298
1786723200000000,1881.56,1888.42,1879.32,1885.41,6301.7991
1786726800000000,1885.41,1887.66,1876.71,1878.57,4644.5413
1786730400000000,1878.57,1879.0,1873.7,1875.76,4800.9552
1786734000000000,1875.75,1881.96,1873.86,1880.89,3705.052
1786737600000000,1880.89,1881.9,1878.95,1880.42,1812.2798
1786741200000000,1880.42,1881.25,1877.35,1879.44,2133.2925
1786744800000000,1879.43,1881.16,1876.1,1879.77,2175.3415
1786748400000000,1879.77,1882.67,1878.74,1882.2,1933.1105
1786752000000000,1882.2,1883.48,1881.71,1882.41,1606.541
1786755600000000,1882.41,1884.69,1881.12,1884.0,1837.3712
1786759200000000,1884.0,1885.82,1883.99,1884.94,1694.9788
1786762800000000,1884.94,1886.59,1882.68,1882.68,2004.6713
1786766400000000,1882.69,1885.69,1882.69,1884.37,1352.4549
1786770000000000,1884.38,1885.36,1880.0,1880.66,1880.8764
1786773600000000,1880.67,1883.61,1880.02,1882.16,2440.6445
1786777200000000,1882.17,1882.59,1880.19,1880.4,1371.528
1786780800000000,1880.4,1881.69,1876.53,1877.05,3447.5778
1786784400000000,1877.04,1881.32,1876.01,1880.44,2238.4774
1786788000000000,1880.45,1881.39,1878.42,1881.01,1442.5592
1786791600000000,1881.0,1881.3,1879.24,1879.49,980.5767
1786795200000000,1879.49,1883.97,1878.19,1883.86,2231.1153
1786798800000000,1883.86,1884.93,1882.33,1883.86,3670.7843
1786802400000000,1883.85,1884.61,1881.47,1883.56,2116.7417
1786806000000000,1883.55,1885.83,1883.11,1884.91,2355.0637
1786809600000000,1884.92,1885.7,1883.92,1884.98,2801.7212
1786813200000000,1884.98,1886.58,1883.03,1884.49,3077.7651
1786816800000000,1884.49,1885.8,1882.59,1882.82,1235.8078
1786820400000000,1882.82,1884.97,1882.82,1884.55,1114.2486
1786824000000000,1884.55,1884.56,1882.8,1883.42,847.5523
1786827600000000,1883.41,1885.6,1883.41,1885.17,2194.4682
1786831200000000,1885.16,1885.8,1884.46,1884.84,1889.8622
1786834800000000,1884.84,1884.85,1881.98,1882.64,2363.7033
1786838400000000,1882.64,1883.33,1881.67,1882.57,1935.0343
1786842000000000,1882.57,1882.57,1877.01,1880.54,2701.766
1786845600000000,1880.54,1885.0,1879.09,1883.71,2554.0022
1786849200000000,1883.71,1884.28,1883.03,1883.3,1706.061
1786852800000000,1883.31,1884.56,1880.6,1881.7,1293.6813
1786856400000000,1881.7,1881.92,1879.16,1879.81,2045.0583
1786860000000000,1879.82,1881.59,1879.0,1880.58,1889.9123
1786863600000000,1880.58,1881.65,1879.91,1881.54,1099.7008
1786867200000000,1881.54,1881.56,1880.48,1880.94,1229.3845
1786870800000000,1880.94,1882.52,1879.27,1880.43,3170.625
1786874400000000,1880.42,1881.17,1879.62,1880.79,2045.3728
1786878000000000,1880.8,1881.08,1880.16,1880.94,1272.2043
1786881600000000,1880.94,1880.95,1879.32,1879.83,1107.625
1786885200000000,1879.82,1881.97,1879.82,1881.96,1623.8462
1786888800000000,1881.96,1884.49,1881.96,1883.5,2932.8428
1786892400000000,1883.51,1885.0,1882.33,1884.06,3467.9127
1786896000000000,1884.06,1892.31,1884.06,1889.58,7235.1296
1786899600000000,1889.59,1891.03,1883.81,1885.17,2517.0516
1786903200000000,1885.18,1886.41,1882.63,1885.49,2646.9734
1786906800000000,1885.49,1888.75,1884.48,1885.83,2513.2318
1786910400000000,1885.83,1887.58,1881.59,1882.0,2666.995
1786914000000000,1881.99,1882.92,1869.17,1875.56,8003.7077
1786917600000000,1875.55,1878.26,1869.26,1876.05,7937.8392
1786921200000000,1876.05,1877.48,1873.54,1876.0,2978.4653
1786924800000000,1876.01,1880.19,1872.46,1878.93,4630.5428
1786928400000000,1878.92,1897.29,1878.21,1891.65,16219.9416
1786932000000000,1891.66,1908.62,1888.72,1902.36,13096.9551
1786935600000000,1902.35,1905.0,1898.06,1900.92,8249.9272
1786939200000000,1900.93,1904.73,1900.93,1903.34,4623.4904
1786942800000000,1903.33,1904.0,1898.25,1899.65,4151.2619
1786946400000000,1899.66,1912.6,1897.13,1907.05,12834.5966
1786950000000000,1907.06,1907.93,1900.77,1900.93,8547.8379
1786953600000000,1900.93,1901.72,1891.57,1894.43,8015.9606
1786957200000000,1894.44,1897.4,1893.15,1894.02,3286.3375
1786960800000000,1894.02,1909.49,1892.16,1907.16,7049.5237
1786964400000000,1907.15,1908.55,1904.09,1904.46,4836.4582
1786968000000000,1904.46,1906.71,1896.46,1899.22,6347.6216
1786971600000000,1899.22,1909.11,1896.28,1904.92,10174.4195
1786975200000000,1904.92,1911.51,1898.37,1909.61,7986.3391
1786978800000000,1909.61,1915.5,1904.54,1913.22,15263.4571
1786982400000000,1913.22,1913.85,1905.37,1907.22,5506.4539
1786986000000000,1907.21,1914.19,1904.59,1908.91,8926.7678
1786989600000000,1908.9,1912.91,1907.33,1910.01,5594.8243
1786993200000000,1910.0,1910.92,1906.69,1907.25,3725.4807
1786996800000000,1907.24,1910.77,1905.0,1906.73,4484.5194
1787000400000000,1906.73,1908.82,1905.91,1906.35,2958.0005
1787004000000000,1906.35,1908.03,1903.59,1904.55,2080.0292
1787007600000000,1904.56,1918.71,1904.01,1913.6,7136.5405
1787011200000000,1913.59,1914.38,1908.62,1910.11,3608.7213
1787014800000000,1910.12,1910.33,1899.78,1901.54,5386.4683
1787018400000000,1901.53,1903.6,1889.28,1893.19,9341.1567
1787022000000000,1893.19,1895.49,1885.78,1894.69,9433.1464
1787025600000000,1894.68,1897.7,1891.53,1896.66,4012.2189
1787029200000000,1896.66,1898.95,1892.75,1895.63,4550.5462
1787032800000000,1895.62,1906.94,1893.64,1902.83,5111.9241
1787036400000000,1902.84,1903.27,1897.07,1898.84,5879.0561
1787040000000000,1898.83,1901.83,1893.8,1900.3,5695.0774
1787043600000000,1900.31,1900.31,1895.58,1896.93,5741.5425
1787047200000000,1896.93,1899.56,1895.21,1898.02,3128.3749
1787050800000000,1898.01,1905.65,1897.65,1903.11,4314.4873
1787054400000000,1903.12,1904.07,1899.11,1899.48,2694.0778
1787058000000000,1899.48,1900.0,1894.0,1897.84,6293.1075
1787061600000000,1897.84,1923.27,1897.31,1911.02,20033.8048
1787065200000000,1911.03,1919.93,1908.44,1917.7,13621.8722
1787068800000000,1917.71,1922.3,1912.78,1918.47,8057.2402
1787072400000000,1918.47,1918.62,1911.34,1911.38,5681.2003
1787076000000000,1911.38,1917.54,1910.81,1916.6,3514.3837
1787079600000000,1916.6,1917.58,1913.14,1913.28,3384.347
1787083200000000,1913.28,1915.71,1911.81,1913.02,3700.2419
1787086800000000,1913.01,1915.01,1910.87,1912.22,2957.6132
1787090400000000,1912.21,1915.35,1911.81,1913.42,4692.0608
1787094000000000,1913.42,1920.1,1912.97,1917.85,3604.2389
1787097600000000,1917.85,1919.15,1912.14,1913.62,5165.0239
1787101200000000,1913.62,1918.08,1912.28,1913.68,5909.3462
1787104800000000,1913.68,1913.88,1907.43,1907.7,5680.322
1787108400000000,1907.71,1915.57,1906.19,1912.15,5541.7325
1787112000000000,1912.15,1914.56,1910.17,1910.85,4283.9768
1787115600000000,1910.84,1914.14,1909.97,1910.27,4086.5257
1787119200000000,1910.28,1917.64,1906.0,1917.63,7204.8531
1787122800000000,1917.64,1921.32,1915.4,1916.01,9094.6623
1787126400000000,1916.01,1929.94,1915.32,1921.52,10356.4357
1787130000000000,1921.52,1923.85,1918.2,1919.3,4615.0676
1787133600000000,1919.3,1920.24,1917.31,1920.22,3402.4216
1787137200000000,1920.23,1926.43,1919.92,1923.06,5476.6675
1787140800000000,1923.06,1943.21,1922.05,1937.21,21644.7332
1787144400000000,1937.21,1941.65,1928.1,1932.9,25567.2983
1787148000000000,1932.91,1980.0,1932.79,1970.6,58501.4613
1787151600000000,1970.61,2115.0,1967.4,2085.83,195088.9753
1787155200000000,2085.83,2108.0,2082.24,2089.55,63550.9869
1787158800000000,2089.55,2093.11,2067.43,2091.02,34540.4651
1787162400000000,2091.03,2092.6,2079.04,2091.93,17971.8691
1787166000000000,2091.92,2105.4,2088.92,2102.02,25325.6006
1787169600000000,2102.02,2241.56,2102.02,2218.12,78138.944
1787173200000000,2218.13,2333.65,2215.88,2286.0,138575.5398
1787176800000000,2286.0,2290.0,2241.27,2249.99,49292.8432
1787180400000000,2250.0,2261.7,2243.36,2252.8,20537.593
1787184000000000,2252.81,2274.25,2251.93,2262.24,33553.5396
1787187600000000,2262.24,2270.94,2250.0,2266.66,22246.9746
1787191200000000,2266.66,2270.68,2250.0,2251.89,13211.38
1787194800000000,2251.88,2257.58,2221.54,2251.21,39137.1272
1787198400000000,2251.21,2258.39,2248.46,2250.28,13799.7223
1787202000000000,2250.27,2256.99,2243.86,2248.36,13843.9273
1787205600000000,2248.36,2267.3,2238.97,2262.76,25308.2298
1787209200000000,2262.77,2264.77,2244.1,2251.81,21215.33
1787212800000000,2251.81,2287.26,2249.19,2282.25,39913.3403
1787216400000000,2282.26,2298.39,2275.23,2278.56,33799.6848
1787220000000000,2278.56,2295.87,2275.54,2287.0,28676.9797
1787223600000000,2286.99,2320.0,2282.31,2296.58,46096.0654
1787227200000000,2296.59,2300.97,2268.0,2290.23,30637.9729
1787230800000000,2290.23,2298.19,2255.68,2276.91,30967.0693
1787234400000000,2276.92,2289.33,2271.48,2281.24,20629.5566
1787238000000000,2281.24,2337.89,2281.24,2326.41,57003.4211
1787241600000000,2326.4,2360.0,2314.44,2344.48,53188.0747
1787245200000000,2344.48,2351.28,2332.44,2344.26,26437.3155
1787248800000000,2344.25,2348.11,2310.44,2316.38,32689.169
1787252400000000,2316.37,2332.6,2312.14,2323.77,27281.6566
1787256000000000,2323.78,2331.5,2313.81,2318.58,8625.8899
1787259600000000,2318.58,2325.6,2313.32,2318.81,9548.3999
1787263200000000,2318.81,2319.45,2306.67,2314.42,10626.9634
1787266800000000,2314.42,2340.0,2313.1,2326.82,10182.9329
1787270400000000,2326.83,2351.15,2324.99,2340.82,18927.206
1787274000000000,2340.82,2380.82,2338.0,2359.37,39451.2176
1787277600000000,2359.37,2365.0,2340.0,2345.75,22518.6061
1787281200000000,2345.75,2354.5,2337.23,2341.04,14892.49
1787284800000000,2341.05,2356.0,2341.05,2354.42,9675.3592
1787288400000000,2354.43,2368.76,2349.67,2368.42,12323.7356
1787292000000000,2368.42,2384.17,2355.15,2372.47,22273.2734
1787295600000000,2372.48,2398.71,2362.66,2371.66,47035.8081
1787299200000000,2371.67,2447.98,2370.24,2444.2,66934.0221
1787302800000000,2444.2,2446.23,2376.32,2404.0,53795.2561
1787306400000000,2404.0,2411.84,2390.64,2395.33,18901.7003
1787310000000000,2395.32,2399.18,2357.18,2370.47,34215.0426
1787313600000000,2370.48,2397.5,2365.44,2388.62,28507.693
1787317200000000,2388.62,2406.41,2368.08,2387.65,32241.944
1787320800000000,2387.65,2397.45,2369.41,2393.67,26809.8804
1787324400000000,2393.67,2408.55,2389.02,2393.65,30899.6074
1787328000000000,2393.64,2413.14,2384.0,2405.97,28678.8616
1787331600000000,2405.97,2428.0,2402.1,2423.61,33958.3607
1787335200000000,2423.61,2432.35,2395.89,2420.71,23152.9566
1787338800000000,2420.72,2420.92,2407.56,2413.55,13795.6133
1787342400000000,2413.54,2447.85,2408.86,2441.05,20040.8536
1787346000000000,2441.05,2520.86,2434.71,2513.27,59703.6427
1787349600000000,2513.26,2546.78,2506.88,2521.89,52973.0082
1787353200000000,2521.89,2546.42,2510.0,2516.3,28956.776
1787356800000000,2516.31,2522.99,2491.11,2522.44,29540.6853
1787360400000000,2522.44,2528.58,2506.97,2506.99,22310.0778
1787364000000000,2506.99,2523.24,2495.65,2516.02,18116.772
1787367600000000,2516.02,2526.68,2512.64,2515.06,16403.6638
1787371200000000,2515.06,2529.99,2506.05,2514.43,25451.858
1787374800000000,2514.43,2518.31,2385.0,2439.95,108215.8466
1787378400000000,2439.95,2443.68,2412.18,2437.78,30636.7189
1787382000000000,2437.79,2447.6,2426.8,2433.31,17298.4565
1787385600000000,2433.32,2441.1,2412.16,2425.74,22459.0625
1787389200000000,2425.74,2429.41,2412.84,2421.93,16266.7493
1787392800000000,2421.93,2423.11,2389.45,2412.73,30317.9714
1787396400000000,2412.73,2426.73,2405.4,2423.93,11672.8817
1787400000000000,2423.92,2437.76,2419.1,2428.12,17244.5059
1787403600000000,2428.11,2433.25,2421.71,2430.09,11143.2098
1787407200000000,2430.09,2431.48,2409.36,2413.94,13780.1865
1787410800000000,2413.93,2416.71,2405.62,2410.9,10807.762
1787414400000000,2410.89,2429.94,2409.0,2422.63,10604.9177
1787418000000000,2422.64,2431.55,2417.27,2426.32,7313.1612
1787421600000000,2426.33,2434.49,2421.76,2427.13,7729.1319
1787425200000000,2427.13,2444.71,2423.98,2439.41,12157.2231
1787428800000000,2439.41,2443.72,2429.38,2431.84,8411.9987
1787432400000000,2431.83,2431.95,2403.47,2407.54,16541.7909
1787436000000000,2407.54,2425.14,2404.35,2414.16,12624.8863
1787439600000000,2414.17,2427.9,2410.82,2422.6,8115.3723
1787443200000000,2422.6,2435.53,2419.67,2430.96,11123.6302
1787446800000000,2430.96,2433.34,2420.35,2423.25,9677.4155
1787450400000000,2423.26,2424.49,2408.0,2416.95,7146.1295
1787454000000000,2416.96,2419.05,2408.4,2413.98,6317.9261
1787457600000000,2413.98,2417.02,2372.17,2378.66,25712.0791
1787461200000000,2378.67,2387.0,2355.71,2372.99,23835.6749
1787464800000000,2372.99,2396.67,2369.29,2389.99,17180.9368
1787468400000000,2389.99,2397.2,2386.84,2389.02,10125.9847
1787472000000000,2389.01,2426.03,2386.96,2412.46,20707.6452
1787475600000000,2412.45,2416.17,2404.51,2411.2,9335.204
1787479200000000,2411.2,2420.89,2410.84,2415.15,7057.3777
1787482800000000,2415.15,2438.31,2414.82,2433.68,15055.74
1787486400000000,2433.67,2433.68,2419.15,2427.05,8695.2427
1787490000000000,2427.05,2484.06,2427.0,2459.75,39983.2596
1787493600000000,2459.75,2469.3,2389.85,2438.95,41707.3803
1787497200000000,2438.95,2452.86,2421.87,2438.62,17475.7349
1787500800000000,2438.61,2459.22,2438.61,2450.56,9809.6928
1787504400000000,2450.56,2454.3,2432.81,2440.12,13407.0069
1787508000000000,2440.11,2449.27,2434.83,2448.68,7986.6951
1787511600000000,2448.68,2454.16,2437.44,2444.96,7346.7878
1787515200000000,2444.95,2450.72,2436.41,2450.48,7723.0749
1787518800000000,2450.48,2484.62,2450.47,2469.97,28824.6969
1787522400000000,2469.96,2474.53,2451.89,2455.05,15176.641
1787526000000000,2455.04,2471.02,2441.78,2463.41,17435.2456
1787529600000000,2463.42,2465.9,2442.35,2465.11,13925.7145
1787533200000000,2465.11,2466.98,2427.27,2429.4,17203.9894
1787536800000000,2429.4,2451.77,2424.73,2443.78,12332.7591
1787540400000000,2443.78,2445.62,2426.49,2430.64,10842.0748
1787544000000000,2430.65,2446.42,2428.11,2438.08,14103.8472
1787547600000000,2438.07,2459.82,2433.98,2448.92,17209.1607
1787551200000000,2448.92,2463.74,2444.22,2456.5,11124.9086
1787554800000000,2456.5,2474.09,2452.28,2454.64,17306.7407
1787558400000000,2454.67,2459.33,2436.41,2454.84,20193.2494
1787562000000000,2454.84,2465.1,2453.75,2463.08,13094.3532
1787565600000000,2463.07,2490.89,2461.73,2465.2,22322.7876
1787569200000000,2465.2,2509.0,2454.4,2494.18,29409.1072
1787572800000000,2494.18,2518.54,2474.5,2512.54,32212.2265
1787576400000000,2512.54,2519.88,2476.31,2493.83,37059.5454
1787580000000000,2493.83,2532.12,2491.61,2516.16,45278.8299
1787583600000000,2516.16,2532.95,2479.38,2487.99,38855.3412
1787587200000000,2487.99,2506.0,2469.02,2478.43,28194.0355
1787590800000000,2478.43,2484.29,2455.0,2468.97,26300.4336
1787594400000000,2468.97,2483.78,2467.19,2473.84,16616.8982
1787598000000000,2473.85,2477.69,2461.87,2471.4,16010.6571
1787601600000000,2471.48,2479.21,2465.46,2475.16,6569.184
1787605200000000,2475.16,2489.67,2475.16,2483.56,6943.7893
1787608800000000,2483.56,2485.38,2472.5,2474.26,6995.5242
1787612400000000,2474.27,2487.24,2470.7,2482.31,7330.0295
1787616000000000,2482.31,2504.74,2472.18,2493.61,15833.5968
1787619600000000,2493.61,2504.62,2484.88,2495.99,14009.329
1787623200000000,2495.99,2532.5,2492.31,2507.69,32395.6703
1787626800000000,2507.7,2514.55,2488.99,2499.29,14206.6754
1787630400000000,2499.3,2504.09,2488.96,2494.99,11684.8604
1787634000000000,2494.99,2511.82,2493.77,2508.73,10311.6664
1787637600000000,2508.73,2515.43,2496.04,2500.88,7866.6959
1787641200000000,2500.89,2513.0,2464.41,2478.94,21618.6395
1787644800000000,2478.94,2498.0,2475.0,2484.82,13617.6337
1787648400000000,2484.82,2492.0,2462.81,2474.67,14565.1871
1787652000000000,2474.67,2485.83,2469.87,2481.82,8631.7367
1787655600000000,2481.82,2486.16,2474.76,2477.91,7247.1887
1787659200000000,2477.9,2481.37,2458.01,2473.5,16993.8847
1787662800000000,2473.51,2477.08,2440.0,2460.73,27594.5647
1787666400000000,2460.73,2484.0,2454.33,2476.91,19279.4426
1787670000000000,2476.92,2483.85,2466.14,2482.88,13271.3533
1787673600000000,2482.89,2485.6,2467.1,2470.68,9753.9446
1787677200000000,2470.68,2471.47,2455.93,2471.03,13080.7242
1787680800000000,2471.04,2474.8,2464.23,2467.44,8754.387
1787684400000000,2467.44,2470.13,2455.54,2463.42,11226.2254
1787688000000000,2463.42,2464.24,2433.62,2436.44,16335.3831
1787691600000000,2436.44,2443.9,2414.64,2441.79,20143.916
1787695200000000,2441.8,2455.78,2441.8,2453.84,6387.4583
1787698800000000,2453.85,2456.51,2437.07,2442.64,6578.7972
1787702400000000,2442.65,2450.51,2435.81,2446.24,8066.5223
1787706000000000,2446.24,2462.32,2445.0,2455.99,6541.8205
1787709600000000,2455.98,2469.82,2454.05,2465.21,4986.1029
1787713200000000,2465.21,2468.0,2458.66,2465.57,4758.0286
1787716800000000,2465.56,2472.86,2455.68,2456.9,7464.6422
1787720400000000,2456.89,2468.0,2451.49,2464.92,5957.0733
1787724000000000,2464.91,2467.47,2453.59,2460.13,6025.7466
1787727600000000,2460.14,2468.66,2457.22,2461.78,9351.9319
1787731200000000,2461.78,2470.0,2453.66,2456.29,11249.8754
1787734800000000,2456.29,2461.0,2442.76,2447.87,9405.8872
1787738400000000,2447.86,2475.61,2444.69,2468.96,11974.6254
1787742000000000,2468.97,2473.25,2456.32,2463.09,6721.3461
1787745600000000,2463.09,2472.05,2443.76,2455.01,12480.7434
1787749200000000,2455.01,2462.76,2437.11,2457.3,17671.007
1787752800000000,2457.3,2462.14,2438.41,2439.38,12836.8844
1787756400000000,2439.38,2455.38,2432.32,2449.85,16157.0715
1787760000000000,2449.85,2455.36,2438.1,2444.64,8549.4407
1787763600000000,2444.65,2467.03,2443.8,2460.84,10313.2664
1787767200000000,2460.84,2474.34,2458.85,2472.69,8857.6172
1787770800000000,2472.69,2483.52,2468.0,2470.79,13772.9042
1787774400000000,2470.79,2474.49,2460.29,2472.27,10682.7156
1787778000000000,2472.27,2505.0,2470.56,2496.82,20590.6791
1787781600000000,2496.82,2515.38,2489.49,2493.73,13587.5517
1787785200000000,2493.72,2512.69,2488.33,2506.78,12579.7871
1787788800000000,2506.78,2510.64,2492.0,2492.01,10038.4023
1787792400000000,2492.0,2506.15,2487.03,2497.87,10271.3186
1787796000000000,2497.87,2504.95,2493.12,2494.73,4827.1326
1787799600000000,2494.73,2499.03,2489.2,2492.89,7708.3983
1787803200000000,2492.89,2495.75,2484.24,2487.38,6271.1001
1787806800000000,2487.39,2497.94,2481.74,2496.63,6463.0769
1787810400000000,2496.63,2496.63,2484.2,2493.11,4673.3062
1787814000000000,2493.11,2499.0,2488.86,2497.16,6268.2625
1787817600000000,2497.17,2546.84,2497.05,2531.05,40310.6579
1787821200000000,2531.05,2566.53,2525.45,2534.94,31437.4402
1787824800000000,2534.94,2539.98,2486.97,2503.6,29729.6134
1787828400000000,2503.6,2510.18,2492.56,2501.73,11345.0037
1787832000000000,2501.74,2507.55,2492.28,2494.9,11338.2583
1787835600000000,2494.9,2506.86,2482.54,2496.68,16255.4612
1787839200000000,2496.69,2523.46,2489.04,2517.44,24755.0865
1787842800000000,2517.44,2531.84,2513.62,2521.68,21621.0344
1787846400000000,2521.68,2533.24,2516.32,2522.31,13299.2104
1787850000000000,2522.31,2533.78,2515.36,2518.07,14916.3393
1787853600000000,2518.07,2518.21,2488.74,2506.69,24003.7481
1787857200000000,2506.69,2514.34,2497.51,2498.21,15462.8443
1787860800000000,2498.22,2507.91,2495.06,2507.83,5372.936
1787864400000000,2507.84,2508.79,2499.22,2504.12,5887.8717
1787868000000000,2504.12,2516.98,2504.12,2515.15,9923.0584
1787871600000000,2515.16,2516.81,2509.05,2510.94,4734.4987
1787875200000000,2510.94,2519.91,2506.02,2515.61,6319.2257
1787878800000000,2515.61,2535.05,2507.83,2512.44,14664.416
1787882400000000,2512.44,2512.44,2486.09,2492.26,14721.0814
1787886000000000,2492.26,2495.6,2486.24,2489.92,5660.3707
1787889600000000,2489.91,2496.17,2477.49,2486.18,8312.1118
1787893200000000,2486.18,2497.44,2482.23,2493.32,6358.9477
1787896800000000,2493.32,2505.37,2493.31,2503.0,7173.6332
1787900400000000,2503.01,2503.42,2494.1,2496.48,9300.5858
1787904000000000,2496.47,2503.66,2486.52,2488.05,10339.3477
1787907600000000,2488.05,2493.24,2483.4,2489.58,8732.645
1787911200000000,2489.57,2509.08,2482.17,2506.56,8473.1451
1787914800000000,2506.57,2511.51,2502.43,2505.1,7415.1881
1787918400000000,2505.1,2508.41,2495.29,2499.11,4979.1026
1787922000000000,2499.1,2518.26,2495.22,2509.17,18227.1282
1787925600000000,2509.17,2526.64,2468.0,2513.0,49210.4249
1787929200000000,2513.0,2519.25,2470.0,2471.89,33015.8405
1787932800000000,2471.89,2473.95,2405.97,2442.29,77040.49
1787936400000000,2442.3,2448.22,2437.43,2443.79,13245.1975
1787940000000000,2443.79,2445.02,2418.08,2428.68,20796.9807
1787943600000000,2428.67,2443.1,2428.62,2435.69,11643.3318
1787947200000000,2435.68,2436.12,2424.03,2427.61,5722.7458
1787950800000000,2427.61,2432.14,2422.36,2424.9,4722.7755
1787954400000000,2424.91,2445.0,2422.68,2442.01,9336.5578
1787958000000000,2442.01,2442.83,2436.47,2442.8,5671.1937
1787961600000000,2442.79,2448.05,2441.02,2442.47,5333.4464
1787965200000000,2442.47,2445.92,2439.18,2443.78,3843.4627
1787968800000000,2443.77,2444.95,2435.59,2438.73,3903.7061
1787972400000000,2438.72,2441.62,2434.56,2435.23,3828.7446
1787976000000000,2435.24,2441.13,2434.65,2440.45,3175.398
1787979600000000,2440.45,2442.03,2437.98,2438.62,3972.5746
1787983200000000,2438.62,2439.05,2430.45,2435.16,3603.2884
1787986800000000,2435.17,2438.0,2434.16,2436.41,3357.706
1787990400000000,2436.4,2436.4,2431.2,2434.15,3803.1816
1787994000000000,2434.14,2437.29,2433.65,2435.44,3585.173
1787997600000000,2435.43,2438.41,2431.43,2434.72,2840.5679
1788001200000000,2434.71,2438.5,2433.63,2435.87,2291.7896
1788004800000000,2435.88,2438.96,2433.14,2434.33,2306.1732
1788008400000000,2434.33,2436.51,2432.42,2435.63,5762.1485
1788012000000000,2435.63,2452.64,2435.05,2448.58,7417.4232
1788015600000000,2448.59,2449.35,2441.03,2444.76,4594.7812
1788019200000000,2444.75,2457.77,2444.52,2450.98,8805.9659
1788022800000000,2450.99,2455.44,2445.57,2450.74,8009.9475
1788026400000000,2450.74,2455.83,2445.6,2452.45,8539.113
1788030000000000,2452.45,2458.9,2451.7,2453.51,3897.5449
1788033600000000,2453.51,2458.24,2451.7,2452.82,2521.0013
1788037200000000,2452.82,2454.09,2449.08,2451.47,2265.0166
1788040800000000,2451.47,2453.25,2449.37,2452.64,1863.8534
1788044400000000,2452.63,2459.76,2452.63,2457.67,4001.9179
1788048000000000,2457.67,2467.93,2454.53,2458.95,5489.2364
1788051600000000,2458.94,2460.62,2453.08,2456.37,4329.9676
1788055200000000,2456.37,2458.99,2453.6,2454.97,3370.9771
1788058800000000,2454.97,2460.72,2454.17,2457.15,3413.0578
1788062400000000,2457.14,2458.75,2451.55,2455.87,6970.6771
1788066000000000,2455.86,2460.0,2455.11,2456.36,3102.5747
1788069600000000,2456.35,2461.52,2455.01,2461.07,3315.4443
1788073200000000,2461.07,2461.29,2455.0,2455.28,3413.3024
1788076800000000,2455.28,2459.9,2454.72,2456.86,2614.3275
1788080400000000,2456.87,2458.24,2451.79,2453.54,3814.7488
1788084000000000,2453.54,2459.8,2452.5,2459.68,3869.6043
1788087600000000,2459.68,2461.81,2456.51,2460.41,4487.7731
1788091200000000,2460.42,2473.3,2458.73,2469.47,13608.0752
1788094800000000,2469.47,2478.44,2460.87,2475.59,9825.3635
1788098400000000,2475.58,2479.71,2470.91,2477.12,11082.9787
1788102000000000,2477.13,2484.0,2471.86,2481.11,9469.9076
1788105600000000,2481.11,2534.98,2479.28,2529.28,40675.3274
1788109200000000,2529.27,2529.27,2494.36,2505.73,17579.3243
1788112800000000,2505.73,2517.54,2496.59,2510.64,8012.3212
1788116400000000,2510.64,2513.33,2496.25,2503.83,5231.1648
1788120000000000,2503.82,2508.6,2485.28,2490.81,9747.1558
1788123600000000,2490.82,2490.82,2460.18,2481.56,17580.4918
1788127200000000,2481.57,2488.77,2460.4,2470.63,11884.6268
1788130800000000,2470.62,2470.62,2387.28,2416.88,65409.5221
1788134400000000,2416.89,2441.9,2406.53,2428.25,21801.4593
1788138000000000,2428.24,2430.75,2409.49,2412.95,17449.6471
1788141600000000,2412.95,2425.31,2401.35,2407.9,9595.3566
1788145200000000,2407.91,2424.24,2405.03,2420.94,6133.5769
1788148800000000,2420.94,2421.29,2411.34,2417.68,8318.9572
1788152400000000,2417.67,2441.93,2414.1,2435.99,12360.5113
1788156000000000,2436.0,2444.83,2431.32,2438.66,9080.2755
1788159600000000,2438.66,2446.6,2436.17,2440.38,7598.4676
1788163200000000,2440.38,2449.69,2433.56,2446.14,10074.9945
1788166800000000,2446.15,2456.7,2443.03,2446.7,9353.1135
1788170400000000,2446.71,2456.9,2440.82,2455.63,12876.5817
1788174000000000,2455.64,2458.02,2444.02,2446.35,7395.4931
1788177600000000,2446.36,2464.27,2444.59,2451.55,13907.0494
1788181200000000,2451.55,2459.03,2437.05,2440.28,13172.5615
1788184800000000,2440.29,2475.0,2437.75,2467.56,24090.3456
1788188400000000,2467.57,2478.09,2458.28,2467.68,15473.6501
1788192000000000,2467.68,2477.24,2462.05,2469.2,11750.932
1788195600000000,2469.19,2477.37,2461.26,2475.42,9600.1435
1788199200000000,2475.41,2489.89,2468.98,2477.8,12840.7312
1788202800000000,2477.81,2489.95,2477.4,2481.84,12500.2288
1788206400000000,2481.84,2487.0,2470.06,2472.62,5780.9663
1788210000000000,2472.63,2483.51,2467.64,2478.27,6285.542
1788213600000000,2478.27,2480.91,2467.72,2469.45,3865.5252
1788217200000000,2469.45,2469.45,2462.0,2467.65,3915.7446
