timestamp,symbol,side,notional,fee,target_weight,reason
2026-03-01 17:00:00+00:00,SOL,BUY,7500.0,7.5,0.075,S6_REVERSAL
2026-03-01 18:00:00+00:00,SOL,BUY,7.697411894272591,0.007697411894272591,0.075,S6_REVERSAL
2026-03-01 19:00:00+00:00,SOL,SELL,3.3079370360655957,0.0033079370360655958,0.075,S6_REVERSAL
2026-03-01 20:00:00+00:00,SOL,BUY,57.853027234829824,0.057853027234829824,0.075,S6_REVERSAL
2026-03-01 21:00:00+00:00,SOL,SELL,7381.789577685971,7.381789577685971,0.0,CASH
2026-03-03 06:00:00+00:00,SOL,BUY,7485.344732072932,7.4853447320729325,0.075,S6_REVERSAL
2026-03-03 07:00:00+00:00,SOL,SELL,5.403884042105346,0.0054038840421053455,0.075,S6_REVERSAL
2026-03-03 08:00:00+00:00,SOL,BUY,21.775048375047845,0.021775048375047845,0.075,S6_REVERSAL
2026-03-03 09:00:00+00:00,SOL,SELL,7367.98463560252,7.36798463560252,0.0,CASH
2026-03-03 10:00:00+00:00,BTC,BUY,7474.198849390173,7.474198849390173,0.075,S6_REVERSAL
2026-03-03 10:00:00+00:00,ETH,BUY,7474.198849390173,7.474198849390173,0.075,S6_REVERSAL
2026-03-03 10:00:00+00:00,SOL,BUY,7474.198849390173,7.474198849390173,0.075,S6_REVERSAL
2026-03-03 11:00:00+00:00,BTC,SELL,24.37197226467015,0.02437197226467015,0.075,S6_REVERSAL
2026-03-03 11:00:00+00:00,ETH,SELL,25.378826246410426,0.025378826246410427,0.075,S6_REVERSAL
2026-03-03 11:00:00+00:00,SOL,BUY,33.130055377235294,0.0331300553772353,0.075,S6_REVERSAL
2026-03-03 12:00:00+00:00,BTC,SELL,14.27262387844894,0.01427262387844894,0.075,S6_REVERSAL
2026-03-03 12:00:00+00:00,ETH,SELL,8.012142145411417,0.008012142145411417,0.075,S6_REVERSAL
2026-03-03 12:00:00+00:00,SOL,SELL,22.40063401449061,0.02240063401449061,0.075,S6_REVERSAL
2026-03-03 13:00:00+00:00,BTC,SELL,35.32254217111495,0.03532254217111495,0.075,S6_REVERSAL
2026-03-03 13:00:00+00:00,ETH,SELL,17.700768736492137,0.017700768736492137,0.075,S6_REVERSAL
2026-03-03 13:00:00+00:00,SOL,SELL,12.326225225328926,0.012326225225328927,0.075,S6_REVERSAL
2026-03-03 14:00:00+00:00,BTC,BUY,38.393668988842364,0.03839366898884237,0.075,S6_REVERSAL
2026-03-03 14:00:00+00:00,ETH,BUY,45.13540082965301,0.04513540082965301,0.075,S6_REVERSAL
2026-03-03 14:00:00+00:00,SOL,BUY,57.282522321362194,0.057282522321362196,0.075,S6_REVERSAL
2026-03-03 15:00:00+00:00,BTC,BUY,32.10590943214447,0.032105909432144475,0.075,S6_REVERSAL
2026-03-03 15:00:00+00:00,ETH,BUY,27.44111281073492,0.02744111281073492,0.075,S6_REVERSAL
2026-03-03 15:00:00+00:00,SOL,BUY,26.498006235733556,0.026498006235733555,0.075,S6_REVERSAL
2026-03-03 16:00:00+00:00,BTC,SELL,100.31476722718617,0.10031476722718617,0.075,S6_REVERSAL
2026-03-03 16:00:00+00:00,ETH,SELL,72.14976498381384,0.07214976498381384,0.075,S6_REVERSAL
2026-03-03 16:00:00+00:00,SOL,SELL,131.10094758567993,0.13110094758567994,0.075,S6_REVERSAL
2026-03-03 17:00:00+00:00,BTC,SELL,39.415238308045446,0.03941523830804545,0.075,S6_REVERSAL
2026-03-03 17:00:00+00:00,ETH,SELL,45.82060256183286,0.04582060256183286,0.075,S6_REVERSAL
2026-03-03 17:00:00+00:00,SOL,SELL,22.22885565697288,0.02222885565697288,0.075,S6_REVERSAL
2026-03-03 18:00:00+00:00,BTC,SELL,16.95097529898885,0.01695097529898885,0.075,S6_REVERSAL
2026-03-03 18:00:00+00:00,ETH,BUY,11.577994246878916,0.011577994246878916,0.075,S6_REVERSAL
2026-03-03 18:00:00+00:00,SOL,BUY,18.085456819643696,0.018085456819643696,0.075,S6_REVERSAL
2026-03-03 19:00:00+00:00,BTC,SELL,27.98468770407908,0.02798468770407908,0.075,S6_REVERSAL
2026-03-03 19:00:00+00:00,ETH,SELL,22.825043376220492,0.022825043376220492,0.075,S6_REVERSAL
2026-03-03 19:00:00+00:00,SOL,SELL,11.578575491529591,0.011578575491529592,0.075,S6_REVERSAL
2026-03-03 20:00:00+00:00,BTC,BUY,16.978034803481933,0.016978034803481933,0.075,S6_REVERSAL
2026-03-03 20:00:00+00:00,ETH,BUY,4.043278444835778,0.004043278444835778,0.075,S6_REVERSAL
2026-03-03 20:00:00+00:00,SOL,BUY,22.189090477892023,0.022189090477892023,0.075,S6_REVERSAL
2026-03-03 21:00:00+00:00,BTC,BUY,13.435987919389845,0.013435987919389845,0.075,S6_REVERSAL
2026-03-03 21:00:00+00:00,ETH,BUY,23.95772211611984,0.02395772211611984,0.075,S6_REVERSAL
2026-03-03 21:00:00+00:00,SOL,BUY,15.189320598879931,0.015189320598879931,0.075,S6_REVERSAL
2026-03-03 22:00:00+00:00,BTC,BUY,23.563501419892418,0.02356350141989242,0.075,S6_REVERSAL
2026-03-03 22:00:00+00:00,ETH,BUY,34.49870983965138,0.034498709839651386,0.075,S6_REVERSAL
2026-03-03 22:00:00+00:00,SOL,SELL,27.68618113466073,0.027686181134660728,0.075,S6_REVERSAL
2026-03-03 23:00:00+00:00,BTC,SELL,19.011094253354713,0.019011094253354715,0.075,S6_REVERSAL
2026-03-03 23:00:00+00:00,ETH,SELL,42.17647665176264,0.04217647665176264,0.075,S6_REVERSAL
2026-03-03 23:00:00+00:00,SOL,SELL,86.91825014338974,0.08691825014338975,0.075,S6_REVERSAL
2026-03-04 00:00:00+00:00,BTC,BUY,3.319933834677613,0.0033199338346776132,0.075,S6_REVERSAL
2026-03-04 00:00:00+00:00,ETH,BUY,6.363095501616044,0.006363095501616045,0.075,S6_REVERSAL
2026-03-04 00:00:00+00:00,SOL,SELL,56.412941026864246,0.05641294102686425,0.075,S6_REVERSAL
2026-03-04 01:00:00+00:00,BTC,BUY,20.820483146649167,0.020820483146649166,0.075,S6_REVERSAL
2026-03-04 01:00:00+00:00,ETH,BUY,17.095233947529778,0.017095233947529778,0.075,S6_REVERSAL
2026-03-04 01:00:00+00:00,SOL,BUY,25.002029704410234,0.025002029704410234,0.075,S6_REVERSAL
2026-03-04 02:00:00+00:00,BTC,SELL,26.20983666457778,0.02620983666457778,0.075,S6_REVERSAL
2026-03-04 02:00:00+00:00,ETH,SELL,10.937195846415307,0.010937195846415306,0.075,S6_REVERSAL
2026-03-04 02:00:00+00:00,SOL,SELL,47.30228664671268,0.04730228664671268,0.075,S6_REVERSAL
2026-03-04 03:00:00+00:00,BTC,BUY,6.3580503936136665,0.0063580503936136665,0.075,S6_REVERSAL
2026-03-04 03:00:00+00:00,ETH,BUY,6.828263484650051,0.006828263484650051,0.075,S6_REVERSAL
2026-03-04 03:00:00+00:00,SOL,BUY,13.74942143280714,0.01374942143280714,0.075,S6_REVERSAL
2026-03-04 04:00:00+00:00,BTC,BUY,46.49102615543234,0.04649102615543234,0.075,S6_REVERSAL
2026-03-04 04:00:00+00:00,ETH,BUY,51.104950090893,0.051104950090893,0.075,S6_REVERSAL
2026-03-04 04:00:00+00:00,SOL,BUY,93.66013594879587,0.09366013594879587,0.075,S6_REVERSAL
2026-03-04 05:00:00+00:00,BTC,SELL,8.127047415563538,0.008127047415563539,0.075,S6_REVERSAL
2026-03-04 05:00:00+00:00,SOL,BUY,30.156626474468794,0.030156626474468796,0.075,S6_REVERSAL
2026-03-04 06:00:00+00:00,BTC,SELL,38.106823055962195,0.0381068230559622,0.075,S6_REVERSAL
2026-03-04 06:00:00+00:00,ETH,SELL,32.969102986707185,0.03296910298670719,0.075,S6_REVERSAL
2026-03-04 06:00:00+00:00,SOL,SELL,15.308523926924863,0.015308523926924864,0.075,S6_REVERSAL
2026-03-04 07:00:00+00:00,BTC,SELL,28.4376677651544,0.0284376677651544,0.075,S6_REVERSAL
2026-03-04 07:00:00+00:00,ETH,SELL,30.29657569032679,0.03029657569032679,0.075,S6_REVERSAL
2026-03-04 07:00:00+00:00,SOL,BUY,9.964426703145364,0.009964426703145363,0.075,S6_REVERSAL
2026-03-04 08:00:00+00:00,BTC,SELL,80.41758778289386,0.08041758778289386,0.075,S6_REVERSAL
2026-03-04 08:00:00+00:00,ETH,SELL,71.82755139585333,0.07182755139585334,0.075,S6_REVERSAL
2026-03-04 08:00:00+00:00,SOL,SELL,132.05081832425458,0.13205081832425458,0.075,S6_REVERSAL
2026-03-04 09:00:00+00:00,BTC,SELL,121.42530024260486,0.12142530024260487,0.075,S6_REVERSAL
2026-03-04 09:00:00+00:00,ETH,SELL,171.436221285373,0.171436221285373,0.075,S6_REVERSAL
2026-03-04 09:00:00+00:00,SOL,SELL,153.2919438976396,0.15329194389763962,0.075,S6_REVERSAL
2026-03-04 10:00:00+00:00,BTC,SELL,7630.297164963407,7.630297164963408,0.0,CASH
2026-03-04 10:00:00+00:00,ETH,SELL,29.9167124308633,0.0299167124308633,0.075,S6_REVERSAL
2026-03-04 10:00:00+00:00,SOL,SELL,7645.203851398373,7.6452038513983736,0.0,CASH
2026-03-04 11:00:00+00:00,ETH,SELL,7577.724921777789,7.577724921777789,0.0,CASH
2026-03-06 01:00:00+00:00,BTC,BUY,7585.8513950385695,7.58585139503857,0.075,S6_REVERSAL
2026-03-06 01:00:00+00:00,ETH,BUY,7585.8513950385695,7.58585139503857,0.075,S6_REVERSAL
2026-03-06 01:00:00+00:00,SOL,BUY,7585.8513950385695,7.58585139503857,0.075,S6_REVERSAL
2026-03-06 02:00:00+00:00,BTC,SELL,23.105781346176627,0.023105781346176628,0.075,S6_REVERSAL
2026-03-06 02:00:00+00:00,ETH,SELL,40.531660918300986,0.04053166091830099,0.075,S6_REVERSAL
2026-03-06 02:00:00+00:00,SOL,SELL,17.40868504728951,0.01740868504728951,0.075,S6_REVERSAL
2026-03-06 03:00:00+00:00,BTC,SELL,5.355190410345131,0.00535519041034513,0.075,S6_REVERSAL
2026-03-06 03:00:00+00:00,ETH,BUY,7.8457238005303225,0.007845723800530323,0.075,S6_REVERSAL
2026-03-06 03:00:00+00:00,SOL,BUY,58.01657182073723,0.05801657182073723,0.075,S6_REVERSAL
2026-03-06 04:00:00+00:00,BTC,BUY,17.04546954448051,0.01704546954448051,0.075,S6_REVERSAL
2026-03-06 04:00:00+00:00,SOL,SELL,2.9888618341801703,0.0029888618341801705,0.075,S6_REVERSAL
2026-03-06 05:00:00+00:00,BTC,BUY,40.98996379145501,0.04098996379145501,0.075,S6_REVERSAL
2026-03-06 05:00:00+00:00,ETH,BUY,37.3083536277918,0.03730835362779181,0.075,S6_REVERSAL
2026-03-06 05:00:00+00:00,SOL,BUY,11.777152540451425,0.011777152540451426,0.075,S6_REVERSAL
2026-03-06 06:00:00+00:00,BTC,BUY,15.328267409687214,0.015328267409687214,0.075,S6_REVERSAL
2026-03-06 06:00:00+00:00,ETH,BUY,3.390090231641807,0.003390090231641807,0.075,S6_REVERSAL
2026-03-06 06:00:00+00:00,SOL,BUY,19.49424783547147,0.01949424783547147,0.075,S6_REVERSAL
2026-03-06 07:00:00+00:00,BTC,SELL,13.322281264015146,0.013322281264015147,0.075,S6_REVERSAL
2026-03-06 07:00:00+00:00,ETH,SELL,14.711022239515842,0.014711022239515842,0.075,S6_REVERSAL
2026-03-06 07:00:00+00:00,SOL,SELL,13.239784248678916,0.013239784248678917,0.075,S6_REVERSAL
2026-03-06 08:00:00+00:00,BTC,SELL,39.24272952925094,0.03924272952925094,0.075,S6_REVERSAL
2026-03-06 08:00:00+00:00,ETH,SELL,22.071809662994383,0.022071809662994383,0.075,S6_REVERSAL
2026-03-06 08:00:00+00:00,SOL,SELL,42.4252578716405,0.0424252578716405,0.075,S6_REVERSAL
2026-03-06 09:00:00+00:00,BTC,BUY,22.29648586978965,0.022296485869789648,0.075,S6_REVERSAL
2026-03-06 09:00:00+00:00,ETH,BUY,18.81855170068866,0.01881855170068866,0.075,S6_REVERSAL
2026-03-06 09:00:00+00:00,SOL,BUY,22.875080248323684,0.022875080248323684,0.075,S6_REVERSAL
2026-03-06 10:00:00+00:00,BTC,BUY,12.270492710530561,0.012270492710530562,0.075,S6_REVERSAL
2026-03-06 10:00:00+00:00,ETH,BUY,46.56607595958212,0.04656607595958212,0.075,S6_REVERSAL
2026-03-06 10:00:00+00:00,SOL,SELL,7505.887049923409,7.505887049923409,0.0,CASH
2026-03-06 11:00:00+00:00,BTC,BUY,4.105241533676235,0.004105241533676235,0.075,S6_REVERSAL
2026-03-06 11:00:00+00:00,ETH,SELL,12.458000920397355,0.012458000920397356,0.075,S6_REVERSAL
2026-03-06 12:00:00+00:00,BTC,BUY,27.858370187921537,0.027858370187921536,0.075,S6_REVERSAL
2026-03-06 12:00:00+00:00,ETH,BUY,39.464713205096814,0.03946471320509681,0.075,S6_REVERSAL
2026-03-06 13:00:00+00:00,BTC,SELL,7529.13020247639,7.52913020247639,0.0,CASH
2026-03-06 13:00:00+00:00,ETH,BUY,6.083888771452621,0.006083888771452621,0.075,S6_REVERSAL
2026-03-06 14:00:00+00:00,ETH,SELL,7453.267279116827,7.453267279116827,0.0,CASH
2026-03-06 14:00:00+00:00,SOL,BUY,7550.42182281313,7.550421822813131,0.075,S6_REVERSAL
2026-03-06 15:00:00+00:00,BTC,BUY,7541.02628037644,7.54102628037644,0.075,S6_REVERSAL
2026-03-06 15:00:00+00:00,ETH,BUY,7541.02628037644,7.54102628037644,0.075,S6_REVERSAL
2026-03-06 15:00:00+00:00,SOL,BUY,100.8746676172459,0.10087466761724591,0.075,S6_REVERSAL
2026-03-06 16:00:00+00:00,BTC,SELL,9.74150148514127,0.00974150148514127,0.075,S6_REVERSAL
2026-03-06 16:00:00+00:00,ETH,BUY,14.220740962077798,0.014220740962077798,0.075,S6_REVERSAL
2026-03-06 16:00:00+00:00,SOL,SELL,27.00699688034092,0.02700699688034092,0.075,S6_REVERSAL
2026-03-06 17:00:00+00:00,BTC,BUY,2.062463733441291,0.002062463733441291,0.075,S6_REVERSAL
2026-03-06 17:00:00+00:00,ETH,BUY,21.278360579663058,0.02127836057966306,0.075,S6_REVERSAL
2026-03-06 17:00:00+00:00,SOL,BUY,21.49330123699383,0.02149330123699383,0.075,S6_REVERSAL
2026-03-06 18:00:00+00:00,BTC,BUY,47.75221948696435,0.04775221948696435,0.075,S6_REVERSAL
2026-03-06 18:00:00+00:00,ETH,BUY,10.919288243917435,0.010919288243917436,0.075,S6_REVERSAL
2026-03-06 18:00:00+00:00,SOL,SELL,7523.991158527953,7.523991158527953,0.0,CASH
2026-03-06 19:00:00+00:00,BTC,SELL,21.489340752646058,0.02148934075264606,0.075,S6_REVERSAL
2026-03-06 19:00:00+00:00,ETH,SELL,26.529283580052834,0.026529283580052833,0.075,S6_REVERSAL
2026-03-06 20:00:00+00:00,BTC,BUY,7.65991837407455,0.007659918374074551,0.075,S6_REVERSAL
2026-03-06 20:00:00+00:00,ETH,SELL,32.63783080498615,0.032637830804986154,0.075,S6_REVERSAL
2026-03-06 21:00:00+00:00,ETH,BUY,17.782930124284576,0.017782930124284575,0.075,S6_REVERSAL
2026-03-06 22:00:00+00:00,BTC,SELL,16.095714278440028,0.01609571427844003,0.075,S6_REVERSAL
2026-03-06 22:00:00+00:00,ETH,SELL,16.559778387430924,0.016559778387430925,0.075,S6_REVERSAL
2026-03-06 22:00:00+00:00,SOL,BUY,7538.104687054321,7.538104687054322,0.075,S6_REVERSAL
2026-03-06 23:00:00+00:00,BTC,SELL,1.121342061120231,0.001121342061120231,0.075,S6_REVERSAL
2026-03-06 23:00:00+00:00,ETH,SELL,10.908262173708863,0.010908262173708863,0.075,S6_REVERSAL
2026-03-06 23:00:00+00:00,SOL,SELL,19.074466749508247,0.019074466749508245,0.075,S6_REVERSAL
2026-03-07 00:00:00+00:00,BTC,BUY,16.719435497250743,0.016719435497250742,0.075,S6_REVERSAL
2026-03-07 00:00:00+00:00,ETH,BUY,26.43899425905329,0.02643899425905329,0.075,S6_REVERSAL
2026-03-07 00:00:00+00:00,SOL,BUY,18.844392344978587,0.01884439234497859,0.075,S6_REVERSAL
2026-03-07 01:00:00+00:00,BTC,SELL,16.866259017167977,0.016866259017167977,0.075,S6_REVERSAL
2026-03-07 01:00:00+00:00,ETH,SELL,7.897038571652048,0.007897038571652047,0.075,S6_REVERSAL
2026-03-07 01:00:00+00:00,SOL,SELL,2.6873395170514414,0.0026873395170514416,0.075,S6_REVERSAL
2026-03-07 02:00:00+00:00,BTC,BUY,2.4130734856826166,0.0024130734856826165,0.075,S6_REVERSAL
2026-03-07 02:00:00+00:00,ETH,BUY,2.2400856079248115,0.0022400856079248114,0.075,S6_REVERSAL
2026-03-07 02:00:00+00:00,SOL,BUY,2.8304255943712633,0.0028304255943712633,0.075,S6_REVERSAL
2026-03-07 03:00:00+00:00,BTC,SELL,8.50888228098029,0.00850888228098029,0.075,S6_REVERSAL
2026-03-07 03:00:00+00:00,ETH,SELL,9.671126467552313,0.009671126467552313,0.075,S6_REVERSAL
2026-03-07 03:00:00+00:00,SOL,BUY,5.659257061239259,0.005659257061239259,0.075,S6_REVERSAL
2026-03-07 04:00:00+00:00,BTC,BUY,24.152723000192964,0.024152723000192965,0.075,S6_REVERSAL
2026-03-07 04:00:00+00:00,ETH,BUY,8.659599401782543,0.008659599401782543,0.075,S6_REVERSAL
2026-03-07 04:00:00+00:00,SOL,BUY,7.65569223141938,0.00765569223141938,0.075,S6_REVERSAL
2026-03-07 05:00:00+00:00,ETH,BUY,15.130852820953805,0.015130852820953805,0.075,S6_REVERSAL
2026-03-07 05:00:00+00:00,SOL,BUY,19.775377062621374,0.019775377062621374,0.075,S6_REVERSAL
2026-03-07 06:00:00+00:00,BTC,BUY,6.285780022933977,0.006285780022933977,0.075,S6_REVERSAL
2026-03-07 06:00:00+00:00,ETH,SELL,12.813925786288564,0.012813925786288564,0.075,S6_REVERSAL
2026-03-07 06:00:00+00:00,SOL,SELL,5.116761573232907,0.0051167615732329065,0.075,S6_REVERSAL
2026-03-07 07:00:00+00:00,BTC,BUY,29.456145764637768,0.02945614576463777,0.075,S6_REVERSAL
2026-03-07 07:00:00+00:00,ETH,BUY,20.756211006661033,0.020756211006661033,0.075,S6_REVERSAL
2026-03-07 07:00:00+00:00,SOL,BUY,19.992806204458248,0.019992806204458247,0.075,S6_REVERSAL
2026-03-07 08:00:00+00:00,BTC,SELL,10.470516967800904,0.010470516967800905,0.075,S6_REVERSAL
2026-03-07 08:00:00+00:00,ETH,SELL,36.221488854405834,0.036221488854405834,0.075,S6_REVERSAL
2026-03-07 08:00:00+00:00,SOL,SELL,19.560477809644,0.019560477809643997,0.075,S6_REVERSAL
2026-03-07 09:00:00+00:00,BTC,BUY,3.648260539367584,0.003648260539367584,0.075,S6_REVERSAL
2026-03-07 09:00:00+00:00,ETH,BUY,17.08651760136854,0.01708651760136854,0.075,S6_REVERSAL
2026-03-07 09:00:00+00:00,SOL,SELL,4.278092162659959,0.004278092162659959,0.075,S6_REVERSAL
2026-03-07 10:00:00+00:00,BTC,SELL,17.236662022727614,0.017236662022727615,0.075,S6_REVERSAL
2026-03-07 10:00:00+00:00,ETH,SELL,26.22201857302116,0.02622201857302116,0.075,S6_REVERSAL
2026-03-07 10:00:00+00:00,SOL,SELL,13.256857386951197,0.013256857386951197,0.075,S6_REVERSAL
2026-03-07 11:00:00+00:00,BTC,BUY,11.229574003249581,0.011229574003249582,0.075,S6_REVERSAL
2026-03-07 11:00:00+00:00,ETH,BUY,5.515839187552956,0.0055158391875529565,0.075,S6_REVERSAL
2026-03-07 11:00:00+00:00,SOL,BUY,4.203867784544855,0.0042038677845448544,0.075,S6_REVERSAL
2026-03-07 12:00:00+00:00,BTC,SELL,10.946099482148384,0.010946099482148385,0.075,S6_REVERSAL
2026-03-07 12:00:00+00:00,ETH,SELL,13.864316135602166,0.013864316135602166,0.075,S6_REVERSAL
2026-03-07 12:00:00+00:00,SOL,SELL,10.817457049319273,0.010817457049319273,0.075,S6_REVERSAL
2026-03-07 13:00:00+00:00,BTC,SELL,2.438118296352514,0.002438118296352514,0.075,S6_REVERSAL
2026-03-07 13:00:00+00:00,ETH,BUY,19.915346436114305,0.019915346436114305,0.075,S6_REVERSAL
2026-03-07 13:00:00+00:00,SOL,BUY,27.67352416591075,0.02767352416591075,0.075,S6_REVERSAL
2026-03-07 14:00:00+00:00,BTC,BUY,6.102153046405874,0.006102153046405875,0.075,S6_REVERSAL
2026-03-07 14:00:00+00:00,ETH,BUY,1.8751360093210678,0.001875136009321068,0.075,S6_REVERSAL
2026-03-07 15:00:00+00:00,BTC,SELL,7.775701308224598,0.007775701308224598,0.075,S6_REVERSAL
2026-03-07 15:00:00+00:00,ETH,SELL,17.965787698918575,0.017965787698918576,0.075,S6_REVERSAL
2026-03-07 15:00:00+00:00,SOL,BUY,7.264691707044221,0.007264691707044222,0.075,S6_REVERSAL
2026-03-07 16:00:00+00:00,BTC,BUY,9.34302422667588,0.00934302422667588,0.075,S6_REVERSAL
2026-03-07 16:00:00+00:00,ETH,BUY,16.59158328328158,0.01659158328328158,0.075,S6_REVERSAL
2026-03-07 16:00:00+00:00,SOL,BUY,36.848522777843755,0.036848522777843756,0.075,S6_REVERSAL
2026-03-07 17:00:00+00:00,BTC,BUY,7.465792527949816,0.007465792527949816,0.075,S6_REVERSAL
2026-03-07 17:00:00+00:00,ETH,BUY,11.386154885492033,0.011386154885492033,0.075,S6_REVERSAL
2026-03-07 17:00:00+00:00,SOL,BUY,11.441833119260991,0.011441833119260992,0.075,S6_REVERSAL
2026-03-07 18:00:00+00:00,SOL,SELL,2.3661380009643835,0.002366138000964384,0.075,S6_REVERSAL
2026-03-07 19:00:00+00:00,BTC,BUY,19.05026471976271,0.01905026471976271,0.075,S6_REVERSAL
2026-03-07 19:00:00+00:00,ETH,BUY,18.113533022627053,0.018113533022627054,0.075,S6_REVERSAL
2026-03-07 19:00:00+00:00,SOL,SELL,7503.504405786927,7.503504405786927,0.0,CASH
2026-03-07 20:00:00+00:00,BTC,SELL,7464.713516290876,7.464713516290876,0.0,CASH
2026-03-07 20:00:00+00:00,ETH,BUY,51.88675746619447,0.05188675746619447,0.075,S6_REVERSAL
2026-03-07 20:00:00+00:00,SOL,BUY,7509.776282177148,7.509776282177148,0.075,S6_REVERSAL
2026-03-07 21:00:00+00:00,ETH,SELL,37.50905538173265,0.03750905538173265,0.075,S6_REVERSAL
2026-03-07 21:00:00+00:00,SOL,SELL,40.82669844586144,0.04082669844586144,0.075,S6_REVERSAL
2026-03-07 22:00:00+00:00,ETH,SELL,13.156628572865884,0.013156628572865885,0.075,S6_REVERSAL
2026-03-07 22:00:00+00:00,SOL,SELL,19.733313088777322,0.01973331308877732,0.075,S6_REVERSAL
2026-03-07 23:00:00+00:00,ETH,BUY,12.679509321979822,0.012679509321979822,0.075,S6_REVERSAL
2026-03-07 23:00:00+00:00,SOL,BUY,23.0268302196464,0.0230268302196464,0.075,S6_REVERSAL
2026-03-08 00:00:00+00:00,ETH,SELL,9.505165459361706,0.009505165459361706,0.075,S6_REVERSAL
2026-03-08 00:00:00+00:00,SOL,SELL,18.370986637796705,0.018370986637796707,0.075,S6_REVERSAL
2026-03-08 01:00:00+00:00,ETH,BUY,1.3824209306876583,0.0013824209306876583,0.075,S6_REVERSAL
2026-03-08 01:00:00+00:00,SOL,BUY,12.337037049038372,0.012337037049038373,0.075,S6_REVERSAL
2026-03-08 02:00:00+00:00,SOL,BUY,8.374291032596375,0.008374291032596374,0.075,S6_REVERSAL
2026-03-08 03:00:00+00:00,ETH,SELL,7414.878504655631,7.414878504655632,0.0,CASH
2026-03-08 03:00:00+00:00,SOL,BUY,40.1433645045272,0.0401433645045272,0.075,S6_REVERSAL
2026-03-08 04:00:00+00:00,SOL,BUY,4.495269618115344,0.004495269618115344,0.075,S6_REVERSAL
2026-03-08 05:00:00+00:00,BTC,BUY,7500.686722218881,7.500686722218881,0.075,S6_REVERSAL
2026-03-08 05:00:00+00:00,ETH,BUY,7500.686722218881,7.500686722218881,0.075,S6_REVERSAL
2026-03-08 05:00:00+00:00,SOL,BUY,31.187124576057613,0.031187124576057615,0.075,S6_REVERSAL
2026-03-08 06:00:00+00:00,BTC,SELL,47.78254467254919,0.04778254467254919,0.075,S6_REVERSAL
2026-03-08 06:00:00+00:00,ETH,SELL,31.103604957803327,0.031103604957803326,0.075,S6_REVERSAL
2026-03-08 06:00:00+00:00,SOL,SELL,38.584434319580396,0.0385844343195804,0.075,S6_REVERSAL
2026-03-08 07:00:00+00:00,BTC,SELL,1.755586393754129,0.001755586393754129,0.075,S6_REVERSAL
2026-03-08 07:00:00+00:00,ETH,BUY,3.201622138296443,0.003201622138296443,0.075,S6_REVERSAL
2026-03-08 07:00:00+00:00,SOL,BUY,3.1822375337096673,0.0031822375337096673,0.075,S6_REVERSAL
2026-03-08 08:00:00+00:00,BTC,SELL,10.962524737307831,0.01096252473730783,0.075,S6_REVERSAL
2026-03-08 08:00:00+00:00,ETH,SELL,20.893995742530933,0.020893995742530935,0.075,S6_REVERSAL
2026-03-08 08:00:00+00:00,SOL,SELL,37.87946614446355,0.03787946614446355,0.075,S6_REVERSAL
2026-03-08 09:00:00+00:00,BTC,SELL,20.350165940941224,0.020350165940941224,0.075,S6_REVERSAL
2026-03-08 09:00:00+00:00,ETH,SELL,13.186462645749089,0.013186462645749089,0.075,S6_REVERSAL
2026-03-08 09:00:00+00:00,SOL,SELL,9.440590040705501,0.009440590040705502,0.075,S6_REVERSAL
2026-03-08 10:00:00+00:00,BTC,SELL,13.091138789329307,0.013091138789329307,0.075,S6_REVERSAL
2026-03-08 10:00:00+00:00,ETH,SELL,11.938171640635119,0.011938171640635119,0.075,S6_REVERSAL
2026-03-08 10:00:00+00:00,SOL,SELL,2.7465291298285592,0.002746529129828559,0.075,S6_REVERSAL
2026-03-08 11:00:00+00:00,BTC,SELL,16.500397936275476,0.016500397936275477,0.075,S6_REVERSAL
2026-03-08 11:00:00+00:00,ETH,SELL,32.4251646556022,0.032425164655602204,0.075,S6_REVERSAL
2026-03-08 11:00:00+00:00,SOL,SELL,36.930479537300016,0.03693047953730002,0.075,S6_REVERSAL
2026-03-08 12:00:00+00:00,BTC,BUY,27.663355742193744,0.027663355742193745,0.075,S6_REVERSAL
2026-03-08 12:00:00+00:00,ETH,BUY,71.41055360191967,0.07141055360191967,0.075,S6_REVERSAL
2026-03-08 12:00:00+00:00,SOL,BUY,61.024979783592244,0.06102497978359225,0.075,S6_REVERSAL
2026-03-08 13:00:00+00:00,BTC,BUY,14.772351091935889,0.014772351091935889,0.075,S6_REVERSAL
2026-03-08 13:00:00+00:00,ETH,BUY,13.270258560863113,0.013270258560863113,0.075,S6_REVERSAL
2026-03-08 13:00:00+00:00,SOL,BUY,38.06363159353077,0.038063631593530774,0.075,S6_REVERSAL
2026-03-08 14:00:00+00:00,BTC,BUY,7.116515228171011,0.007116515228171011,0.075,S6_REVERSAL
2026-03-08 14:00:00+00:00,ETH,BUY,4.772506637370498,0.004772506637370498,0.075,S6_REVERSAL
2026-03-08 14:00:00+00:00,SOL,BUY,18.076762802444136,0.018076762802444135,0.075,S6_REVERSAL
2026-03-08 15:00:00+00:00,BTC,SELL,8.970392250938858,0.008970392250938857,0.075,S6_REVERSAL
2026-03-08 15:00:00+00:00,ETH,SELL,2.0079645407795397,0.0020079645407795397,0.075,S6_REVERSAL
2026-03-08 15:00:00+00:00,SOL,SELL,17.37795353556794,0.01737795353556794,0.075,S6_REVERSAL
2026-03-08 16:00:00+00:00,BTC,BUY,10.186093638877537,0.010186093638877538,0.075,S6_REVERSAL
2026-03-08 16:00:00+00:00,ETH,BUY,5.126058086843841,0.005126058086843841,0.075,S6_REVERSAL
2026-03-08 16:00:00+00:00,SOL,BUY,19.443741925282666,0.019443741925282667,0.075,S6_REVERSAL
2026-03-08 17:00:00+00:00,BTC,BUY,30.242375092782822,0.03024237509278282,0.075,S6_REVERSAL
2026-03-08 17:00:00+00:00,ETH,BUY,16.50876975905703,0.016508769759057032,0.075,S6_REVERSAL
2026-03-08 17:00:00+00:00,SOL,BUY,40.07664294852475,0.04007664294852475,0.075,S6_REVERSAL
2026-03-08 18:00:00+00:00,BTC,SELL,19.221298824423684,0.019221298824423683,0.075,S6_REVERSAL
2026-03-08 18:00:00+00:00,ETH,BUY,6.622110748656269,0.0066221107486562686,0.075,S6_REVERSAL
2026-03-08 18:00:00+00:00,SOL,SELL,12.312526204515052,0.012312526204515053,0.075,S6_REVERSAL
2026-03-08 19:00:00+00:00,BTC,BUY,24.781173029238744,0.024781173029238743,0.075,S6_REVERSAL
2026-03-08 19:00:00+00:00,ETH,BUY,16.9005825951308,0.0169005825951308,0.075,S6_REVERSAL
2026-03-08 19:00:00+00:00,SOL,BUY,3.8532770886740764,0.0038532770886740763,0.075,S6_REVERSAL
2026-03-08 20:00:00+00:00,BTC,SELL,39.22064363199115,0.03922064363199115,0.075,S6_REVERSAL
2026-03-08 20:00:00+00:00,ETH,SELL,113.84914852522616,0.11384914852522615,0.075,S6_REVERSAL
2026-03-08 20:00:00+00:00,SOL,SELL,60.205884279746904,0.06020588427974691,0.075,S6_REVERSAL
2026-03-08 21:00:00+00:00,BTC,BUY,7.477312425072341,0.007477312425072342,0.075,S6_REVERSAL
2026-03-08 21:00:00+00:00,ETH,BUY,19.574614743229176,0.019574614743229177,0.075,S6_REVERSAL
2026-03-08 21:00:00+00:00,SOL,BUY,9.227348086636084,0.009227348086636084,0.075,S6_REVERSAL
2026-03-08 22:00:00+00:00,BTC,BUY,20.644643864423415,0.020644643864423416,0.075,S6_REVERSAL
2026-03-08 22:00:00+00:00,ETH,BUY,15.107214229167766,0.015107214229167767,0.075,S6_REVERSAL
2026-03-08 22:00:00+00:00,SOL,BUY,3.497883696896679,0.003497883696896679,0.075,S6_REVERSAL
2026-03-08 23:00:00+00:00,BTC,BUY,76.22819807366523,0.07622819807366522,0.075,S6_REVERSAL
2026-03-08 23:00:00+00:00,ETH,BUY,29.74737845841173,0.02974737845841173,0.075,S6_REVERSAL
2026-03-08 23:00:00+00:00,SOL,BUY,13.11907287754002,0.01311907287754002,0.075,S6_REVERSAL
2026-03-09 00:00:00+00:00,BTC,BUY,23.364520989679477,0.023364520989679477,0.075,S6_REVERSAL
2026-03-09 00:00:00+00:00,ETH,BUY,16.79744867703539,0.016797448677035393,0.075,S6_REVERSAL
2026-03-09 00:00:00+00:00,SOL,BUY,28.964150957526726,0.028964150957526726,0.075,S6_REVERSAL
2026-03-09 01:00:00+00:00,BTC,SELL,32.70510146473225,0.03270510146473225,0.075,S6_REVERSAL
2026-03-09 01:00:00+00:00,ETH,SELL,41.09603921885446,0.041096039218854456,0.075,S6_REVERSAL
2026-03-09 01:00:00+00:00,SOL,SELL,56.27227163490624,0.05627227163490624,0.075,S6_REVERSAL
2026-03-09 02:00:00+00:00,BTC,BUY,15.107718621198728,0.015107718621198729,0.075,S6_REVERSAL
2026-03-09 02:00:00+00:00,ETH,BUY,14.62754764800684,0.01462754764800684,0.075,S6_REVERSAL
2026-03-09 02:00:00+00:00,SOL,BUY,17.30426620457365,0.017304266204573652,0.075,S6_REVERSAL
2026-03-09 03:00:00+00:00,BTC,SELL,27.986064267543952,0.027986064267543954,0.075,S6_REVERSAL
2026-03-09 03:00:00+00:00,ETH,SELL,41.96075510837545,0.04196075510837545,0.075,S6_REVERSAL
2026-03-09 03:00:00+00:00,SOL,SELL,40.46534379770037,0.04046534379770037,0.075,S6_REVERSAL
2026-03-09 04:00:00+00:00,BTC,SELL,61.26203835260185,0.06126203835260185,0.075,S6_REVERSAL
2026-03-09 04:00:00+00:00,ETH,SELL,54.186497652912294,0.054186497652912294,0.075,S6_REVERSAL
2026-03-09 04:00:00+00:00,SOL,SELL,30.408274159633944,0.030408274159633944,0.075,S6_REVERSAL
2026-03-09 05:00:00+00:00,BTC,BUY,7.871259328322594,0.007871259328322595,0.075,S6_REVERSAL
2026-03-09 05:00:00+00:00,SOL,SELL,4.028112526025325,0.004028112526025325,0.075,S6_REVERSAL
2026-03-09 06:00:00+00:00,BTC,SELL,64.0428043080201,0.06404280430802009,0.075,S6_REVERSAL
2026-03-09 06:00:00+00:00,ETH,SELL,103.04582976845722,0.10304582976845722,0.075,S6_REVERSAL
2026-03-09 06:00:00+00:00,SOL,SELL,74.28223465299197,0.07428223465299198,0.075,S6_REVERSAL
2026-03-09 07:00:00+00:00,BTC,BUY,51.251838447205955,0.051251838447205954,0.075,S6_REVERSAL
2026-03-09 07:00:00+00:00,ETH,BUY,75.74195428385883,0.07574195428385884,0.075,S6_REVERSAL
2026-03-09 07:00:00+00:00,SOL,BUY,82.66595463195335,0.08266595463195335,0.075,S6_REVERSAL
2026-03-09 08:00:00+00:00,BTC,SELL,29.792038334081553,0.029792038334081554,0.075,S6_REVERSAL
2026-03-09 08:00:00+00:00,ETH,BUY,6.598393171931093,0.006598393171931094,0.075,S6_REVERSAL
2026-03-09 08:00:00+00:00,SOL,SELL,2.0996214200595205,0.0020996214200595205,0.075,S6_REVERSAL
2026-03-09 09:00:00+00:00,BTC,SELL,19.356098387193924,0.019356098387193925,0.075,S6_REVERSAL
2026-03-09 09:00:00+00:00,ETH,SELL,39.384454857698984,0.03938445485769899,0.075,S6_REVERSAL
2026-03-09 09:00:00+00:00,SOL,SELL,40.21156958185384,0.04021156958185384,0.075,S6_REVERSAL
2026-03-09 10:00:00+00:00,BTC,SELL,12.776478947143913,0.012776478947143913,0.075,S6_REVERSAL
2026-03-09 10:00:00+00:00,ETH,SELL,23.279953857012515,0.023279953857012516,0.075,S6_REVERSAL
2026-03-09 10:00:00+00:00,SOL,SELL,23.096564446092998,0.023096564446093,0.075,S6_REVERSAL
2026-03-09 11:00:00+00:00,BTC,BUY,33.69282989817566,0.03369282989817566,0.075,S6_REVERSAL
2026-03-09 11:00:00+00:00,ETH,BUY,26.483964382589875,0.026483964382589875,0.075,S6_REVERSAL
2026-03-09 11:00:00+00:00,SOL,BUY,19.237351936938467,0.019237351936938468,0.075,S6_REVERSAL
2026-03-09 12:00:00+00:00,BTC,SELL,18.237414031650587,0.01823741403165059,0.075,S6_REVERSAL
2026-03-09 12:00:00+00:00,ETH,BUY,11.373078155671465,0.011373078155671465,0.075,S6_REVERSAL
2026-03-09 12:00:00+00:00,SOL,BUY,14.54723648320578,0.014547236483205779,0.075,S6_REVERSAL
2026-03-09 13:00:00+00:00,BTC,SELL,34.064608345791385,0.034064608345791385,0.075,S6_REVERSAL
2026-03-09 13:00:00+00:00,ETH,SELL,28.823553837555664,0.028823553837555665,0.075,S6_REVERSAL
2026-03-09 13:00:00+00:00,SOL,SELL,29.80484853179405,0.02980484853179405,0.075,S6_REVERSAL
2026-03-09 14:00:00+00:00,BTC,SELL,7636.149217647974,7.636149217647974,0.0,CASH
2026-03-09 14:00:00+00:00,ETH,SELL,41.1196019161207,0.0411196019161207,0.075,S6_REVERSAL
2026-03-09 14:00:00+00:00,SOL,SELL,83.36026562644838,0.08336026562644838,0.075,S6_REVERSAL
2026-03-09 15:00:00+00:00,ETH,SELL,13.866207815827693,0.013866207815827694,0.075,S6_REVERSAL
2026-03-09 15:00:00+00:00,SOL,SELL,11.749232551606838,0.011749232551606838,0.075,S6_REVERSAL
2026-03-09 16:00:00+00:00,ETH,SELL,2.945316336527867,0.002945316336527867,0.075,S6_REVERSAL
2026-03-09 16:00:00+00:00,SOL,BUY,20.612221963226148,0.020612221963226148,0.075,S6_REVERSAL
2026-03-09 17:00:00+00:00,ETH,SELL,16.35144231425238,0.016351442314252382,0.075,S6_REVERSAL
2026-03-09 17:00:00+00:00,SOL,SELL,6.031337000206804,0.0060313370002068045,0.075,S6_REVERSAL
2026-03-09 18:00:00+00:00,ETH,BUY,36.2533320454404,0.0362533320454404,0.075,S6_REVERSAL
2026-03-09 18:00:00+00:00,SOL,BUY,1.1417040868545882,0.0011417040868545883,0.075,S6_REVERSAL
2026-03-09 19:00:00+00:00,ETH,BUY,17.34924625794065,0.01734924625794065,0.075,S6_REVERSAL
2026-03-09 19:00:00+00:00,SOL,SELL,8.760198216066783,0.008760198216066783,0.075,S6_REVERSAL
2026-03-09 20:00:00+00:00,ETH,SELL,70.52588216159893,0.07052588216159893,0.075,S6_REVERSAL
2026-03-09 20:00:00+00:00,SOL,SELL,58.72994047856355,0.05872994047856355,0.075,S6_REVERSAL
2026-03-09 21:00:00+00:00,ETH,BUY,26.490012491629386,0.026490012491629387,0.075,S6_REVERSAL
2026-03-09 21:00:00+00:00,SOL,SELL,7558.315104773397,7.558315104773397,0.0,CASH
2026-03-09 22:00:00+00:00,ETH,SELL,9.002341683914892,0.009002341683914892,0.075,S6_REVERSAL
2026-03-09 23:00:00+00:00,ETH,BUY,89.10162284827038,0.08910162284827038,0.075,S6_REVERSAL
2026-03-10 00:00:00+00:00,ETH,BUY,33.355258799450894,0.03335525879945089,0.075,S6_REVERSAL
2026-03-10 01:00:00+00:00,ETH,SELL,78.60137402212058,0.07860137402212058,0.075,S6_REVERSAL
2026-03-10 02:00:00+00:00,ETH,BUY,7554.232471116734,7.554232471116734,0.15,S3_TREND
2026-03-10 03:00:00+00:00,BTC,BUY,15160.02988750736,15.160029887507362,0.15,S3_TREND
2026-03-10 03:00:00+00:00,ETH,SELL,148.9460043316285,0.1489460043316285,0.15,S3_TREND
2026-03-10 04:00:00+00:00,BTC,BUY,134.7626684294446,0.1347626684294446,0.15,S3_TREND
2026-03-10 04:00:00+00:00,ETH,BUY,68.87604975537215,0.06887604975537215,0.15,S3_TREND
2026-03-10 05:00:00+00:00,BTC,SELL,97.89070079985868,0.09789070079985868,0.15,S3_TREND
2026-03-10 05:00:00+00:00,ETH,SELL,98.7600658803076,0.0987600658803076,0.15,S3_TREND
2026-03-10 05:00:00+00:00,SOL,BUY,15155.208337625645,15.155208337625645,0.15,S3_TREND
2026-03-10 06:00:00+00:00,BTC,BUY,11.083859449490774,0.011083859449490774,0.15,S3_TREND
2026-03-10 06:00:00+00:00,ETH,BUY,1.6280228328632802,0.0016280228328632803,0.15,S3_TREND
2026-03-10 06:00:00+00:00,SOL,BUY,11.873980144606321,0.011873980144606321,0.15,S3_TREND
2026-03-10 07:00:00+00:00,BTC,BUY,9.543580402929365,0.009543580402929365,0.15,S3_TREND
2026-03-10 07:00:00+00:00,ETH,SELL,1.831540427832806,0.001831540427832806,0.15,S3_TREND
2026-03-10 07:00:00+00:00,SOL,BUY,5.227411188852784,0.0052274111888527845,0.15,S3_TREND
2026-03-10 08:00:00+00:00,BTC,SELL,73.90513168653706,0.07390513168653706,0.15,S3_TREND
2026-03-10 08:00:00+00:00,ETH,SELL,20.24181022601806,0.02024181022601806,0.15,S3_TREND
2026-03-10 08:00:00+00:00,SOL,SELL,28.042675946753658,0.028042675946753658,0.15,S3_TREND
2026-03-10 09:00:00+00:00,BTC,SELL,48.63398888522897,0.048633988885228976,0.15,S3_TREND
2026-03-10 09:00:00+00:00,ETH,SELL,29.640905178868707,0.029640905178868707,0.15,S3_TREND
2026-03-10 09:00:00+00:00,SOL,BUY,16.74700809562455,0.01674700809562455,0.15,S3_TREND
2026-03-10 10:00:00+00:00,BTC,SELL,41.75994327801891,0.04175994327801891,0.15,S3_TREND
2026-03-10 10:00:00+00:00,ETH,SELL,42.85308795380661,0.04285308795380661,0.15,S3_TREND
2026-03-10 10:00:00+00:00,SOL,SELL,53.46720428617846,0.05346720428617846,0.15,S3_TREND
2026-03-10 11:00:00+00:00,BTC,BUY,46.231975976450485,0.046231975976450485,0.15,S3_TREND
2026-03-10 11:00:00+00:00,ETH,BUY,20.0111298284628,0.0200111298284628,0.15,S3_TREND
2026-03-10 11:00:00+00:00,SOL,BUY,3.6074037379930814,0.0036074037379930815,0.15,S3_TREND
2026-03-10 12:00:00+00:00,BTC,BUY,26.119634632670568,0.026119634632670568,0.15,S3_TREND
2026-03-10 12:00:00+00:00,ETH,SELL,6.822907112176836,0.006822907112176836,0.15,S3_TREND
2026-03-10 12:00:00+00:00,SOL,BUY,37.01042061191947,0.037010420611919476,0.15,S3_TREND
2026-03-10 13:00:00+00:00,BTC,SELL,4.5906527916285995,0.004590652791628599,0.15,S3_TREND
2026-03-10 13:00:00+00:00,ETH,BUY,69.80994934832597,0.06980994934832598,0.15,S3_TREND
2026-03-10 14:00:00+00:00,BTC,BUY,75.51660899611306,0.07551660899611307,0.15,S3_TREND
2026-03-10 14:00:00+00:00,ETH,BUY,66.53043732054357,0.06653043732054358,0.15,S3_TREND
2026-03-10 14:00:00+00:00,SOL,BUY,53.20566448012687,0.05320566448012687,0.15,S3_TREND
2026-03-10 15:00:00+00:00,BTC,SELL,185.05572910752198,0.185055729107522,0.15,S3_TREND
2026-03-10 15:00:00+00:00,ETH,SELL,159.5866500621978,0.1595866500621978,0.15,S3_TREND
2026-03-10 15:00:00+00:00,SOL,SELL,203.61401581838072,0.20361401581838073,0.15,S3_TREND
2026-03-10 16:00:00+00:00,BTC,BUY,32.83469876534764,0.03283469876534764,0.15,S3_TREND
2026-03-10 16:00:00+00:00,ETH,SELL,23.701350341716534,0.023701350341716533,0.15,S3_TREND
2026-03-10 16:00:00+00:00,SOL,SELL,34.76407649089015,0.034764076490890146,0.15,S3_TREND
2026-03-10 17:00:00+00:00,BTC,BUY,16.917488941291595,0.016917488941291595,0.15,S3_TREND
2026-03-10 17:00:00+00:00,ETH,SELL,9.765851373724217,0.009765851373724217,0.15,S3_TREND
2026-03-10 17:00:00+00:00,SOL,SELL,8.346899566478896,0.008346899566478896,0.15,S3_TREND
2026-03-10 18:00:00+00:00,BTC,BUY,51.255305993312504,0.0512553059933125,0.15,S3_TREND
2026-03-10 18:00:00+00:00,ETH,BUY,31.890927067517623,0.03189092706751762,0.15,S3_TREND
2026-03-10 18:00:00+00:00,SOL,BUY,43.295628305275386,0.043295628305275384,0.15,S3_TREND
2026-03-10 19:00:00+00:00,BTC,BUY,77.01428929236317,0.07701428929236317,0.15,S3_TREND
2026-03-10 19:00:00+00:00,ETH,BUY,128.5517052402829,0.1285517052402829,0.15,S3_TREND
2026-03-10 19:00:00+00:00,SOL,BUY,186.1170444931413,0.1861170444931413,0.15,S3_TREND
2026-03-10 20:00:00+00:00,BTC,SELL,14.808054490111317,0.014808054490111317,0.15,S3_TREND
2026-03-10 20:00:00+00:00,ETH,BUY,11.368692940486653,0.011368692940486654,0.15,S3_TREND
2026-03-10 20:00:00+00:00,SOL,BUY,33.75025975061544,0.03375025975061544,0.15,S3_TREND
2026-03-10 21:00:00+00:00,BTC,SELL,23.150475158256086,0.023150475158256086,0.15,S3_TREND
2026-03-10 21:00:00+00:00,ETH,SELL,22.671978409545773,0.022671978409545775,0.15,S3_TREND
2026-03-10 21:00:00+00:00,SOL,SELL,21.98279283554984,0.021982792835549842,0.15,S3_TREND
2026-03-10 22:00:00+00:00,BTC,BUY,57.67087957651347,0.05767087957651347,0.15,S3_TREND
2026-03-10 22:00:00+00:00,ETH,BUY,54.66924169306549,0.05466924169306549,0.15,S3_TREND
2026-03-10 22:00:00+00:00,SOL,BUY,50.439593091265124,0.050439593091265125,0.15,S3_TREND
2026-03-10 23:00:00+00:00,BTC,BUY,1.0902688913283782,0.0010902688913283782,0.15,S3_TREND
2026-03-10 23:00:00+00:00,ETH,BUY,3.804331495659426,0.003804331495659426,0.15,S3_TREND
2026-03-10 23:00:00+00:00,SOL,BUY,23.84185019974757,0.02384185019974757,0.15,S3_TREND
2026-03-11 00:00:00+00:00,BTC,SELL,22.354726575043966,0.022354726575043966,0.15,S3_TREND
2026-03-11 00:00:00+00:00,ETH,SELL,39.23052431090218,0.03923052431090218,0.15,S3_TREND
2026-03-11 00:00:00+00:00,SOL,SELL,36.73932419747507,0.036739324197475075,0.15,S3_TREND
2026-03-11 01:00:00+00:00,BTC,SELL,12.686521134570285,0.012686521134570285,0.15,S3_TREND
2026-03-11 01:00:00+00:00,SOL,SELL,16.53464262755915,0.016534642627559153,0.15,S3_TREND
2026-03-11 02:00:00+00:00,BTC,SELL,4.76296837627342,0.004762968376273421,0.15,S3_TREND
2026-03-11 02:00:00+00:00,ETH,BUY,12.026391525007057,0.012026391525007058,0.15,S3_TREND
2026-03-11 02:00:00+00:00,SOL,SELL,11.375274176065432,0.011375274176065433,0.15,S3_TREND
2026-03-11 03:00:00+00:00,BTC,BUY,32.85704907996114,0.03285704907996114,0.15,S3_TREND
2026-03-11 03:00:00+00:00,ETH,BUY,46.45450481035914,0.04645450481035914,0.15,S3_TREND
2026-03-11 03:00:00+00:00,SOL,BUY,6.476224410964278,0.006476224410964278,0.15,S3_TREND
2026-03-11 04:00:00+00:00,BTC,BUY,33.76610460663869,0.033766104606638696,0.15,S3_TREND
2026-03-11 04:00:00+00:00,ETH,BUY,18.976734666932316,0.018976734666932317,0.15,S3_TREND
2026-03-11 04:00:00+00:00,SOL,BUY,28.74676568009636,0.02874676568009636,0.15,S3_TREND
2026-03-11 05:00:00+00:00,BTC,SELL,58.183886728189464,0.058183886728189464,0.15,S3_TREND
2026-03-11 05:00:00+00:00,ETH,SELL,66.2600911264617,0.06626009112646171,0.15,S3_TREND
2026-03-11 05:00:00+00:00,SOL,SELL,122.85149476897277,0.12285149476897278,0.15,S3_TREND
2026-03-11 06:00:00+00:00,BTC,BUY,60.74134496177976,0.06074134496177976,0.15,S3_TREND
2026-03-11 06:00:00+00:00,ETH,BUY,108.34290140624216,0.10834290140624217,0.15,S3_TREND
2026-03-11 06:00:00+00:00,SOL,BUY,99.65481083813575,0.09965481083813575,0.15,S3_TREND
2026-03-11 07:00:00+00:00,BTC,SELL,62.063981306888316,0.06206398130688832,0.15,S3_TREND
2026-03-11 07:00:00+00:00,ETH,SELL,39.14256627788018,0.03914256627788018,0.15,S3_TREND
2026-03-11 07:00:00+00:00,SOL,SELL,21.220751408980504,0.021220751408980505,0.15,S3_TREND
2026-03-11 08:00:00+00:00,BTC,BUY,26.666550453997843,0.026666550453997843,0.15,S3_TREND
2026-03-11 08:00:00+00:00,ETH,BUY,49.349309685030676,0.04934930968503068,0.15,S3_TREND
2026-03-11 08:00:00+00:00,SOL,BUY,65.12406712563097,0.06512406712563097,0.15,S3_TREND
2026-03-11 09:00:00+00:00,BTC,BUY,11.329182067594957,0.011329182067594958,0.15,S3_TREND
2026-03-11 09:00:00+00:00,ETH,SELL,69.61853333192084,0.06961853333192085,0.15,S3_TREND
2026-03-11 09:00:00+00:00,SOL,BUY,5.5287413571040815,0.005528741357104082,0.15,S3_TREND
2026-03-11 10:00:00+00:00,BTC,BUY,13.253520828491673,0.013253520828491674,0.15,S3_TREND
2026-03-11 10:00:00+00:00,ETH,BUY,14.75103078725806,0.014751030787258061,0.15,S3_TREND
2026-03-11 10:00:00+00:00,SOL,BUY,78.57688362243425,0.07857688362243426,0.15,S3_TREND
2026-03-11 11:00:00+00:00,BTC,SELL,3.5247233420650446,0.0035247233420650447,0.15,S3_TREND
2026-03-11 11:00:00+00:00,ETH,SELL,54.254140657334574,0.054254140657334575,0.15,S3_TREND
2026-03-11 11:00:00+00:00,SOL,SELL,39.223344033795,0.039223344033795,0.15,S3_TREND
2026-03-11 12:00:00+00:00,BTC,BUY,48.57478166271903,0.04857478166271904,0.15,S3_TREND
2026-03-11 12:00:00+00:00,ETH,BUY,35.870624169714574,0.03587062416971457,0.15,S3_TREND
2026-03-11 12:00:00+00:00,SOL,BUY,80.60818220015426,0.08060818220015427,0.15,S3_TREND
2026-03-11 13:00:00+00:00,BTC,SELL,11.269603347458542,0.011269603347458542,0.15,S3_TREND
2026-03-11 13:00:00+00:00,ETH,SELL,9.792798922604561,0.00979279892260456,0.15,S3_TREND
2026-03-11 13:00:00+00:00,SOL,SELL,87.78843930590119,0.08778843930590119,0.15,S3_TREND
2026-03-11 14:00:00+00:00,BTC,SELL,101.07407125368809,0.10107407125368809,0.15,S3_TREND
2026-03-11 14:00:00+00:00,ETH,SELL,127.65659037399746,0.12765659037399746,0.15,S3_TREND
2026-03-11 14:00:00+00:00,SOL,SELL,58.0304146522667,0.0580304146522667,0.15,S3_TREND
2026-03-11 15:00:00+00:00,BTC,SELL,43.757625528785866,0.043757625528785864,0.15,S3_TREND
2026-03-11 15:00:00+00:00,ETH,SELL,47.36490102565767,0.04736490102565767,0.15,S3_TREND
2026-03-11 15:00:00+00:00,SOL,SELL,59.45607767061846,0.05945607767061847,0.15,S3_TREND
2026-03-11 16:00:00+00:00,BTC,BUY,20.11447678026707,0.02011447678026707,0.15,S3_TREND
2026-03-11 16:00:00+00:00,ETH,BUY,39.83920953838788,0.039839209538387876,0.15,S3_TREND
2026-03-11 16:00:00+00:00,SOL,BUY,142.96771721719415,0.14296771721719415,0.15,S3_TREND
2026-03-11 17:00:00+00:00,BTC,SELL,16.053171723635387,0.016053171723635386,0.15,S3_TREND
2026-03-11 17:00:00+00:00,ETH,SELL,69.69681841057172,0.06969681841057172,0.15,S3_TREND
2026-03-11 17:00:00+00:00,SOL,SELL,126.47089342266916,0.12647089342266918,0.15,S3_TREND
2026-03-11 18:00:00+00:00,BTC,SELL,16.828188351782956,0.016828188351782954,0.15,S3_TREND
2026-03-11 18:00:00+00:00,ETH,BUY,21.213123674058807,0.021213123674058806,0.15,S3_TREND
2026-03-11 18:00:00+00:00,SOL,SELL,112.83284872734475,0.11283284872734475,0.15,S3_TREND
2026-03-11 19:00:00+00:00,BTC,BUY,54.62495172513627,0.05462495172513627,0.15,S3_TREND
2026-03-11 19:00:00+00:00,ETH,SELL,43.04040067392634,0.043040400673926345,0.15,S3_TREND
2026-03-11 19:00:00+00:00,SOL,SELL,79.27262062778209,0.07927262062778209,0.15,S3_TREND
2026-03-11 20:00:00+00:00,BTC,SELL,19.015092385658136,0.019015092385658135,0.15,S3_TREND
2026-03-11 20:00:00+00:00,ETH,SELL,10.493625338242055,0.010493625338242055,0.15,S3_TREND
2026-03-11 20:00:00+00:00,SOL,BUY,79.91892426617233,0.07991892426617232,0.15,S3_TREND
2026-03-11 21:00:00+00:00,BTC,SELL,7.166865255449011,0.007166865255449011,0.15,S3_TREND
2026-03-11 21:00:00+00:00,ETH,BUY,47.393343775685935,0.04739334377568594,0.15,S3_TREND
2026-03-11 21:00:00+00:00,SOL,SELL,8.643408463334708,0.00864340846333471,0.15,S3_TREND
2026-03-11 22:00:00+00:00,BTC,SELL,7.785889466647859,0.007785889466647859,0.15,S3_TREND
2026-03-11 22:00:00+00:00,ETH,SELL,19.24099150985967,0.019240991509859667,0.15,S3_TREND
2026-03-11 22:00:00+00:00,SOL,SELL,28.472081903097205,0.028472081903097204,0.15,S3_TREND
2026-03-11 23:00:00+00:00,BTC,BUY,42.129103072660655,0.042129103072660656,0.15,S3_TREND
2026-03-11 23:00:00+00:00,ETH,BUY,46.009760529950654,0.046009760529950657,0.15,S3_TREND
2026-03-11 23:00:00+00:00,SOL,BUY,48.10599881961025,0.04810599881961025,0.15,S3_TREND
2026-03-12 00:00:00+00:00,BTC,BUY,10.35908691064833,0.01035908691064833,0.15,S3_TREND
2026-03-12 00:00:00+00:00,ETH,BUY,43.39957774825962,0.043399577748259616,0.15,S3_TREND
2026-03-12 00:00:00+00:00,SOL,BUY,51.55330486516323,0.05155330486516323,0.15,S3_TREND
2026-03-12 01:00:00+00:00,ETH,SELL,20.24098787879666,0.02024098787879666,0.15,S3_TREND
2026-03-12 01:00:00+00:00,SOL,SELL,9.597071360592963,0.009597071360592964,0.15,S3_TREND
2026-03-12 02:00:00+00:00,BTC,BUY,44.10184289750032,0.04410184289750032,0.15,S3_TREND
2026-03-12 02:00:00+00:00,ETH,BUY,30.925480944080846,0.030925480944080846,0.15,S3_TREND
2026-03-12 02:00:00+00:00,SOL,BUY,70.72605953248058,0.07072605953248058,0.15,S3_TREND
2026-03-12 03:00:00+00:00,BTC,BUY,56.07353810089626,0.056073538100896256,0.15,S3_TREND
2026-03-12 03:00:00+00:00,ETH,BUY,95.40184973609394,0.09540184973609393,0.15,S3_TREND
2026-03-12 03:00:00+00:00,SOL,BUY,83.60226854249413,0.08360226854249413,0.15,S3_TREND
2026-03-12 04:00:00+00:00,BTC,SELL,36.089486224804205,0.03608948622480421,0.15,S3_TREND
2026-03-12 04:00:00+00:00,ETH,BUY,8.18229680604054,0.00818229680604054,0.15,S3_TREND
2026-03-12 04:00:00+00:00,SOL,BUY,32.33522806309702,0.03233522806309702,0.15,S3_TREND
2026-03-12 05:00:00+00:00,BTC,BUY,15.797587834833394,0.015797587834833395,0.15,S3_TREND
2026-03-12 05:00:00+00:00,ETH,BUY,1.9154418636862829,0.001915441863686283,0.15,S3_TREND
2026-03-12 05:00:00+00:00,SOL,SELL,16.3468230199378,0.0163468230199378,0.15,S3_TREND
2026-03-12 06:00:00+00:00,BTC,SELL,15.292344875941126,0.015292344875941126,0.15,S3_TREND
2026-03-12 06:00:00+00:00,ETH,SELL,19.871119250743504,0.019871119250743505,0.15,S3_TREND
2026-03-12 06:00:00+00:00,SOL,BUY,4.745245902951865,0.004745245902951865,0.15,S3_TREND
2026-03-12 07:00:00+00:00,BTC,BUY,6.972614852298648,0.006972614852298648,0.15,S3_TREND
2026-03-12 07:00:00+00:00,ETH,SELL,14.675980614245418,0.014675980614245418,0.15,S3_TREND
2026-03-12 07:00:00+00:00,SOL,SELL,34.5415043529847,0.034541504352984705,0.15,S3_TREND
2026-03-12 08:00:00+00:00,BTC,SELL,37.047082505434446,0.037047082505434446,0.15,S3_TREND
2026-03-12 08:00:00+00:00,ETH,SELL,43.16526544343833,0.04316526544343833,0.15,S3_TREND
2026-03-12 08:00:00+00:00,SOL,SELL,42.52924191931015,0.04252924191931015,0.15,S3_TREND
2026-03-12 09:00:00+00:00,BTC,SELL,5.473707049002769,0.005473707049002769,0.15,S3_TREND
2026-03-12 09:00:00+00:00,ETH,SELL,38.34518319399831,0.03834518319399831,0.15,S3_TREND
2026-03-12 09:00:00+00:00,SOL,SELL,8.636439903997598,0.008636439903997598,0.15,S3_TREND
2026-03-12 10:00:00+00:00,BTC,BUY,8.590313124934255,0.008590313124934254,0.15,S3_TREND
2026-03-12 10:00:00+00:00,ETH,SELL,41.97617561154948,0.04197617561154948,0.15,S3_TREND
2026-03-12 10:00:00+00:00,SOL,SELL,26.06876420127264,0.02606876420127264,0.15,S3_TREND
2026-03-12 11:00:00+00:00,BTC,SELL,53.89330787879226,0.053893307878792256,0.15,S3_TREND
2026-03-12 11:00:00+00:00,ETH,SELL,59.08493288747195,0.05908493288747195,0.15,S3_TREND
2026-03-12 11:00:00+00:00,SOL,SELL,54.548979577792124,0.054548979577792124,0.15,S3_TREND
2026-03-12 12:00:00+00:00,BTC,SELL,9.627540178658819,0.009627540178658819,0.15,S3_TREND
2026-03-12 12:00:00+00:00,ETH,BUY,45.47965515245778,0.04547965515245778,0.15,S3_TREND
2026-03-12 12:00:00+00:00,SOL,SELL,13.224501608856373,0.013224501608856373,0.15,S3_TREND
2026-03-12 13:00:00+00:00,BTC,BUY,23.06440196591393,0.02306440196591393,0.15,S3_TREND
2026-03-12 13:00:00+00:00,ETH,SELL,5.588587582502441,0.005588587582502441,0.15,S3_TREND
2026-03-12 13:00:00+00:00,SOL,SELL,65.64816823838737,0.06564816823838737,0.15,S3_TREND
2026-03-12 14:00:00+00:00,BTC,BUY,62.11471544991218,0.062114715449912185,0.15,S3_TREND
2026-03-12 14:00:00+00:00,ETH,SELL,26.235003404375675,0.026235003404375675,0.15,S3_TREND
2026-03-12 14:00:00+00:00,SOL,BUY,60.760922975856374,0.06076092297585638,0.15,S3_TREND
2026-03-12 15:00:00+00:00,BTC,BUY,16.619078385310786,0.016619078385310786,0.15,S3_TREND
2026-03-12 15:00:00+00:00,ETH,BUY,80.79368209536551,0.08079368209536551,0.15,S3_TREND
2026-03-12 15:00:00+00:00,SOL,BUY,145.45630746792267,0.14545630746792268,0.15,S3_TREND
2026-03-12 16:00:00+00:00,BTC,SELL,80.3168693745738,0.0803168693745738,0.15,S3_TREND
2026-03-12 16:00:00+00:00,ETH,SELL,117.99830569203368,0.11799830569203368,0.15,S3_TREND
2026-03-12 16:00:00+00:00,SOL,SELL,15295.812507591876,15.295812507591876,0.0,CASH
2026-03-12 17:00:00+00:00,BTC,SELL,13.799736010825654,0.013799736010825655,0.15,S3_TREND
2026-03-12 17:00:00+00:00,ETH,BUY,16.065303616534948,0.016065303616534948,0.15,S3_TREND
2026-03-12 18:00:00+00:00,BTC,BUY,18.677510026214804,0.018677510026214806,0.15,S3_TREND
2026-03-12 18:00:00+00:00,ETH,BUY,64.46185731580044,0.06446185731580044,0.15,S3_TREND
2026-03-12 19:00:00+00:00,BTC,SELL,15088.834150782137,15.088834150782137,0.0,CASH
2026-03-12 19:00:00+00:00,ETH,BUY,47.6692225420702,0.047669222542070205,0.15,S3_TREND
2026-03-12 20:00:00+00:00,ETH,SELL,133.1991219990323,0.13319912199903228,0.15,S3_TREND
2026-03-12 21:00:00+00:00,ETH,BUY,43.72076166124134,0.04372076166124134,0.15,S3_TREND
2026-03-12 23:00:00+00:00,ETH,SELL,17.00354548627729,0.01700354548627729,0.15,S3_TREND
2026-03-13 00:00:00+00:00,ETH,SELL,51.24850351275563,0.05124850351275564,0.15,S3_TREND
2026-03-13 01:00:00+00:00,ETH,SELL,284.1777573018153,0.28417775730181527,0.15,S3_TREND
2026-03-13 02:00:00+00:00,ETH,SELL,33.99700846187261,0.03399700846187261,0.15,S3_TREND
2026-03-13 03:00:00+00:00,ETH,BUY,115.4020554371109,0.1154020554371109,0.15,S3_TREND
2026-03-13 04:00:00+00:00,ETH,SELL,80.14280013674215,0.08014280013674216,0.15,S3_TREND
2026-03-13 05:00:00+00:00,ETH,BUY,43.9025879335004,0.0439025879335004,0.15,S3_TREND
2026-03-13 06:00:00+00:00,ETH,BUY,7.343901995714987,0.007343901995714987,0.15,S3_TREND
2026-03-13 06:00:00+00:00,SOL,BUY,15216.15087171085,15.21615087171085,0.15,S3_TREND
2026-03-13 07:00:00+00:00,ETH,BUY,69.27920232252109,0.06927920232252109,0.15,S3_TREND
2026-03-13 07:00:00+00:00,SOL,BUY,80.7331122168489,0.0807331122168489,0.15,S3_TREND
2026-03-13 08:00:00+00:00,BTC,BUY,15191.40135711256,15.19140135711256,0.15,S3_TREND
2026-03-13 08:00:00+00:00,ETH,SELL,14.18496680689168,0.01418496680689168,0.15,S3_TREND
2026-03-13 08:00:00+00:00,SOL,SELL,35.70312002868923,0.03570312002868923,0.15,S3_TREND
2026-03-13 09:00:00+00:00,BTC,SELL,27.127867512550438,0.02712786751255044,0.15,S3_TREND
2026-03-13 09:00:00+00:00,ETH,BUY,12.31329381038995,0.01231329381038995,0.15,S3_TREND
2026-03-13 09:00:00+00:00,SOL,SELL,63.35223634916656,0.06335223634916656,0.15,S3_TREND
2026-03-13 10:00:00+00:00,BTC,SELL,9.79181936247187,0.00979181936247187,0.15,S3_TREND
2026-03-13 10:00:00+00:00,ETH,SELL,68.26741303123345,0.06826741303123345,0.15,S3_TREND
2026-03-13 10:00:00+00:00,SOL,SELL,30.20873120104989,0.03020873120104989,0.15,S3_TREND
2026-03-13 11:00:00+00:00,BTC,SELL,48.9470293617469,0.0489470293617469,0.15,S3_TREND
2026-03-13 11:00:00+00:00,ETH,SELL,49.49511115375208,0.04949511115375208,0.15,S3_TREND
2026-03-13 11:00:00+00:00,SOL,SELL,72.57018046310804,0.07257018046310805,0.15,S3_TREND
2026-03-13 12:00:00+00:00,BTC,BUY,37.82185942146498,0.03782185942146498,0.15,S3_TREND
2026-03-13 12:00:00+00:00,ETH,BUY,31.56465699024193,0.03156465699024193,0.15,S3_TREND
2026-03-13 12:00:00+00:00,SOL,SELL,30.882194468025773,0.030882194468025773,0.15,S3_TREND
2026-03-13 13:00:00+00:00,BTC,SELL,55.01673524398029,0.05501673524398029,0.15,S3_TREND
2026-03-13 13:00:00+00:00,ETH,SELL,121.95470490086882,0.12195470490086882,0.15,S3_TREND
2026-03-13 13:00:00+00:00,SOL,SELL,52.45274036358387,0.05245274036358387,0.15,S3_TREND
2026-03-13 14:00:00+00:00,BTC,SELL,42.57982771366551,0.04257982771366551,0.15,S3_TREND
2026-03-13 14:00:00+00:00,ETH,SELL,195.17123022057058,0.1951712302205706,0.15,S3_TREND
2026-03-13 14:00:00+00:00,SOL,SELL,65.63229002390653,0.06563229002390654,0.15,S3_TREND
2026-03-13 15:00:00+00:00,BTC,BUY,111.84689729264392,0.11184689729264392,0.15,S3_TREND
2026-03-13 15:00:00+00:00,ETH,BUY,145.01602146138794,0.14501602146138795,0.15,S3_TREND
2026-03-13 15:00:00+00:00,SOL,BUY,100.48649818994818,0.10048649818994818,0.15,S3_TREND
2026-03-13 16:00:00+00:00,BTC,BUY,43.74932381315011,0.043749323813150116,0.15,S3_TREND
2026-03-13 16:00:00+00:00,ETH,BUY,91.87711574552668,0.09187711574552668,0.15,S3_TREND
2026-03-13 16:00:00+00:00,SOL,BUY,131.46324414684568,0.13146324414684568,0.15,S3_TREND
2026-03-13 17:00:00+00:00,ETH,SELL,31.442216368224763,0.031442216368224765,0.15,S3_TREND
2026-03-13 17:00:00+00:00,SOL,SELL,7.907794089969684,0.007907794089969684,0.15,S3_TREND
2026-03-13 18:00:00+00:00,BTC,BUY,100.47740055448776,0.10047740055448776,0.15,S3_TREND
2026-03-13 18:00:00+00:00,ETH,BUY,144.0123701245593,0.1440123701245593,0.15,S3_TREND
2026-03-13 18:00:00+00:00,SOL,BUY,43.80819777364195,0.04380819777364195,0.15,S3_TREND
2026-03-13 19:00:00+00:00,BTC,SELL,6.744663792685969,0.0067446637926859695,0.15,S3_TREND
2026-03-13 19:00:00+00:00,ETH,BUY,10.211136510119104,0.010211136510119104,0.15,S3_TREND
2026-03-13 19:00:00+00:00,SOL,BUY,7.24750271837911,0.00724750271837911,0.15,S3_TREND
2026-03-13 20:00:00+00:00,BTC,SELL,20.428537173984296,0.020428537173984296,0.15,S3_TREND
2026-03-13 20:00:00+00:00,ETH,SELL,2.9664292754587223,0.0029664292754587223,0.15,S3_TREND
2026-03-13 20:00:00+00:00,SOL,SELL,7.075894100034929,0.007075894100034929,0.15,S3_TREND
2026-03-13 21:00:00+00:00,BTC,SELL,18.818410748594033,0.018818410748594035,0.15,S3_TREND
2026-03-13 21:00:00+00:00,ETH,SELL,49.56525453755785,0.04956525453755785,0.15,S3_TREND
2026-03-13 21:00:00+00:00,SOL,BUY,14.647113091197753,0.014647113091197752,0.15,S3_TREND
2026-03-13 22:00:00+00:00,BTC,BUY,25.91901161558053,0.02591901161558053,0.15,S3_TREND
2026-03-13 22:00:00+00:00,ETH,BUY,34.00306601426928,0.03400306601426928,0.15,S3_TREND
2026-03-13 22:00:00+00:00,SOL,BUY,34.158182280894835,0.03415818228089484,0.15,S3_TREND
2026-03-13 23:00:00+00:00,BTC,BUY,23.29227499228,0.02329227499228,0.15,S3_TREND
2026-03-13 23:00:00+00:00,ETH,BUY,63.147169435153046,0.06314716943515304,0.15,S3_TREND
2026-03-13 23:00:00+00:00,SOL,BUY,55.50672762828617,0.05550672762828617,0.15,S3_TREND
2026-03-14 00:00:00+00:00,BTC,SELL,13.438727485410709,0.01343872748541071,0.15,S3_TREND
2026-03-14 00:00:00+00:00,ETH,SELL,12.190922505971685,0.012190922505971685,0.15,S3_TREND
2026-03-14 00:00:00+00:00,SOL,SELL,16.159344813479038,0.016159344813479037,0.15,S3_TREND
2026-03-14 01:00:00+00:00,BTC,BUY,40.68762829480693,0.040687628294806925,0.15,S3_TREND
2026-03-14 01:00:00+00:00,ETH,BUY,26.920404615601,0.026920404615601003,0.15,S3_TREND
2026-03-14 01:00:00+00:00,SOL,BUY,16.550670426349825,0.016550670426349827,0.15,S3_TREND
2026-03-14 02:00:00+00:00,BTC,SELL,20.76291147717347,0.020762911477173473,0.15,S3_TREND
2026-03-14 02:00:00+00:00,ETH,SELL,30.430622409050557,0.030430622409050558,0.15,S3_TREND
2026-03-14 02:00:00+00:00,SOL,SELL,29.588519738268584,0.029588519738268586,0.15,S3_TREND
2026-03-14 03:00:00+00:00,BTC,BUY,8.359606468122365,0.008359606468122366,0.15,S3_TREND
2026-03-14 04:00:00+00:00,BTC,SELL,40.316198821079524,0.04031619882107953,0.15,S3_TREND
2026-03-14 04:00:00+00:00,ETH,SELL,40.79487035375496,0.04079487035375496,0.15,S3_TREND
2026-03-14 04:00:00+00:00,SOL,SELL,6.008963595242676,0.006008963595242676,0.15,S3_TREND
2026-03-14 05:00:00+00:00,BTC,SELL,7.653618814512811,0.0076536188145128106,0.15,S3_TREND
2026-03-14 05:00:00+00:00,ETH,BUY,60.82740108424332,0.060827401084243324,0.15,S3_TREND
2026-03-14 05:00:00+00:00,SOL,BUY,7.461500631543458,0.007461500631543458,0.15,S3_TREND
2026-03-14 06:00:00+00:00,BTC,BUY,2.2415165600505134,0.0022415165600505136,0.15,S3_TREND
2026-03-14 06:00:00+00:00,ETH,SELL,17.97922707304133,0.01797922707304133,0.15,S3_TREND
2026-03-14 06:00:00+00:00,SOL,BUY,27.63532953081267,0.02763532953081267,0.15,S3_TREND
2026-03-14 07:00:00+00:00,BTC,BUY,34.17342603887482,0.03417342603887482,0.15,S3_TREND
2026-03-14 07:00:00+00:00,ETH,BUY,55.16460682665638,0.05516460682665638,0.15,S3_TREND
2026-03-14 07:00:00+00:00,SOL,BUY,91.65343748270243,0.09165343748270244,0.15,S3_TREND
2026-03-14 08:00:00+00:00,BTC,BUY,5.537600557945552,0.005537600557945553,0.15,S3_TREND
2026-03-14 08:00:00+00:00,ETH,BUY,4.173925546972896,0.004173925546972896,0.15,S3_TREND
2026-03-14 08:00:00+00:00,SOL,SELL,10.277211629578233,0.010277211629578233,0.15,S3_TREND
2026-03-14 09:00:00+00:00,BTC,SELL,5.53654707728856,0.00553654707728856,0.15,S3_TREND
2026-03-14 09:00:00+00:00,ETH,BUY,14.706004153133108,0.014706004153133109,0.15,S3_TREND
2026-03-14 09:00:00+00:00,SOL,BUY,19.76906746883469,0.01976906746883469,0.15,S3_TREND
2026-03-14 10:00:00+00:00,ETH,BUY,32.38480678139422,0.032384806781394215,0.15,S3_TREND
2026-03-14 10:00:00+00:00,SOL,BUY,36.71926849233387,0.03671926849233387,0.15,S3_TREND
2026-03-14 11:00:00+00:00,BTC,SELL,19.364495021367475,0.019364495021367476,0.15,S3_TREND
2026-03-14 11:00:00+00:00,ETH,BUY,4.019756578574743,0.004019756578574743,0.15,S3_TREND
2026-03-14 11:00:00+00:00,SOL,BUY,29.05053972380665,0.02905053972380665,0.15,S3_TREND
2026-03-14 12:00:00+00:00,BTC,SELL,16.901863961868003,0.016901863961868,0.15,S3_TREND
2026-03-14 12:00:00+00:00,ETH,SELL,32.44329359217227,0.03244329359217227,0.15,S3_TREND
2026-03-14 12:00:00+00:00,SOL,SELL,30.428621720406227,0.030428621720406227,0.15,S3_TREND
2026-03-14 13:00:00+00:00,ETH,SELL,6.122263080453195,0.006122263080453195,0.15,S3_TREND
2026-03-14 13:00:00+00:00,SOL,SELL,19.27461541708908,0.01927461541708908,0.15,S3_TREND
2026-03-14 14:00:00+00:00,BTC,SELL,7.969675522756006,0.007969675522756006,0.15,S3_TREND
2026-03-14 14:00:00+00:00,ETH,SELL,16.52846662726006,0.01652846662726006,0.15,S3_TREND
2026-03-14 14:00:00+00:00,SOL,BUY,3.9972750961587735,0.0039972750961587734,0.15,S3_TREND
2026-03-14 15:00:00+00:00,BTC,BUY,26.886580665806832,0.026886580665806833,0.15,S3_TREND
2026-03-14 15:00:00+00:00,ETH,BUY,26.82130266238528,0.02682130266238528,0.15,S3_TREND
2026-03-14 15:00:00+00:00,SOL,BUY,41.61282861298423,0.04161282861298423,0.15,S3_TREND
2026-03-14 16:00:00+00:00,BTC,BUY,7.270706250179501,0.007270706250179501,0.15,S3_TREND
2026-03-14 16:00:00+00:00,ETH,SELL,22.221160527862594,0.022221160527862594,0.15,S3_TREND
2026-03-14 16:00:00+00:00,SOL,BUY,3.183242906945452,0.003183242906945452,0.15,S3_TREND
2026-03-14 17:00:00+00:00,BTC,SELL,4.587135026140459,0.004587135026140459,0.15,S3_TREND
2026-03-14 17:00:00+00:00,ETH,SELL,5.335762018788955,0.005335762018788956,0.15,S3_TREND
2026-03-14 17:00:00+00:00,SOL,SELL,45.701485871772086,0.045701485871772085,0.15,S3_TREND
2026-03-14 18:00:00+00:00,BTC,BUY,2.7621843655142584,0.0027621843655142586,0.15,S3_TREND
2026-03-14 18:00:00+00:00,ETH,BUY,8.416438215492235,0.008416438215492235,0.15,S3_TREND
2026-03-14 18:00:00+00:00,SOL,BUY,22.11199216798377,0.022111992167983773,0.15,S3_TREND
2026-03-14 19:00:00+00:00,BTC,SELL,3.7187697884291993,0.0037187697884291993,0.15,S3_TREND
2026-03-14 19:00:00+00:00,ETH,SELL,5.717029088664276,0.005717029088664276,0.15,S3_TREND
2026-03-14 19:00:00+00:00,SOL,SELL,17.083760510369757,0.017083760510369757,0.15,S3_TREND
2026-03-14 20:00:00+00:00,BTC,SELL,5.646934221227638,0.005646934221227638,0.15,S3_TREND
2026-03-14 20:00:00+00:00,ETH,SELL,3.1512735677115415,0.0031512735677115414,0.15,S3_TREND
2026-03-14 20:00:00+00:00,SOL,BUY,4.60493190608031,0.00460493190608031,0.15,S3_TREND
2026-03-14 21:00:00+00:00,BTC,SELL,7.8311843955743825,0.007831184395574382,0.15,S3_TREND
2026-03-14 21:00:00+00:00,ETH,SELL,47.09103974508071,0.04709103974508071,0.15,S3_TREND
2026-03-14 22:00:00+00:00,BTC,BUY,6.961603017203743,0.006961603017203743,0.15,S3_TREND
2026-03-14 22:00:00+00:00,SOL,SELL,28.09330041103931,0.02809330041103931,0.15,S3_TREND
2026-03-14 23:00:00+00:00,BTC,BUY,14.517865822552267,0.014517865822552267,0.15,S3_TREND
2026-03-14 23:00:00+00:00,ETH,BUY,12.53846882218204,0.01253846882218204,0.15,S3_TREND
2026-03-14 23:00:00+00:00,SOL,SELL,9.696575799942366,0.009696575799942366,0.15,S3_TREND
2026-03-15 00:00:00+00:00,BTC,SELL,59.59389164456297,0.059593891644562975,0.15,S3_TREND
2026-03-15 00:00:00+00:00,ETH,SELL,37.410099939634165,0.037410099939634164,0.15,S3_TREND
2026-03-15 00:00:00+00:00,SOL,SELL,77.11659606230933,0.07711659606230933,0.15,S3_TREND
2026-03-15 01:00:00+00:00,BTC,BUY,24.642560273257914,0.024642560273257914,0.15,S3_TREND
2026-03-15 01:00:00+00:00,ETH,BUY,35.40380119463589,0.03540380119463589,0.15,S3_TREND
2026-03-15 01:00:00+00:00,SOL,BUY,26.326072195390225,0.026326072195390224,0.15,S3_TREND
2026-03-15 02:00:00+00:00,BTC,SELL,1.3169543657950271,0.001316954365795027,0.15,S3_TREND
2026-03-15 02:00:00+00:00,ETH,SELL,3.5191339139018964,0.0035191339139018967,0.15,S3_TREND
2026-03-15 02:00:00+00:00,SOL,BUY,9.14858683222701,0.009148586832227011,0.15,S3_TREND
2026-03-15 03:00:00+00:00,BTC,SELL,53.55957571585532,0.05355957571585532,0.15,S3_TREND
2026-03-15 03:00:00+00:00,ETH,SELL,53.55285127195748,0.05355285127195748,0.15,S3_TREND
2026-03-15 03:00:00+00:00,SOL,SELL,59.76337462104857,0.05976337462104857,0.15,S3_TREND
2026-03-15 04:00:00+00:00,BTC,SELL,1.9123562107615726,0.0019123562107615727,0.15,S3_TREND
2026-03-15 04:00:00+00:00,ETH,BUY,21.689799276628037,0.021689799276628036,0.15,S3_TREND
2026-03-15 04:00:00+00:00,SOL,BUY,55.15409589987212,0.05515409589987212,0.15,S3_TREND
2026-03-15 05:00:00+00:00,BTC,SELL,23.129271680934835,0.023129271680934836,0.15,S3_TREND
2026-03-15 05:00:00+00:00,ETH,SELL,30.70110501851923,0.03070110501851923,0.15,S3_TREND
2026-03-15 05:00:00+00:00,SOL,SELL,50.83782804494513,0.050837828044945126,0.15,S3_TREND
2026-03-15 06:00:00+00:00,BTC,BUY,24.875996256567305,0.024875996256567307,0.15,S3_TREND
2026-03-15 06:00:00+00:00,ETH,SELL,25.62589557001229,0.02562589557001229,0.15,S3_TREND
2026-03-15 07:00:00+00:00,BTC,BUY,6.248686219814772,0.006248686219814772,0.15,S3_TREND
2026-03-15 07:00:00+00:00,SOL,SELL,5.412270369120961,0.005412270369120961,0.15,S3_TREND
2026-03-15 08:00:00+00:00,BTC,SELL,4.7739901818822545,0.004773990181882255,0.15,S3_TREND
2026-03-15 08:00:00+00:00,ETH,BUY,10.164306602506258,0.010164306602506258,0.15,S3_TREND
2026-03-15 08:00:00+00:00,SOL,BUY,16.547317125618065,0.016547317125618067,0.15,S3_TREND
2026-03-15 09:00:00+00:00,BTC,SELL,32.81058193057834,0.032810581930578335,0.15,S3_TREND
2026-03-15 09:00:00+00:00,ETH,SELL,29.299052262653277,0.029299052262653277,0.15,S3_TREND
2026-03-15 09:00:00+00:00,SOL,SELL,23.202503681513917,0.023202503681513918,0.15,S3_TREND
2026-03-15 10:00:00+00:00,BTC,SELL,7.121996321835468,0.007121996321835468,0.15,S3_TREND
2026-03-15 10:00:00+00:00,ETH,SELL,22.242322949934533,0.022242322949934532,0.15,S3_TREND
2026-03-15 10:00:00+00:00,SOL,SELL,1.8257802013395121,0.0018257802013395123,0.15,S3_TREND
2026-03-15 11:00:00+00:00,BTC,BUY,1.7250663462091325,0.0017250663462091325,0.15,S3_TREND
2026-03-15 11:00:00+00:00,ETH,SELL,13.91142719947311,0.01391142719947311,0.15,S3_TREND
2026-03-15 11:00:00+00:00,SOL,BUY,12.053374107308628,0.012053374107308628,0.15,S3_TREND
2026-03-15 12:00:00+00:00,BTC,SELL,7.55669340541499,0.0075566934054149895,0.15,S3_TREND
2026-03-15 12:00:00+00:00,SOL,SELL,9.377813310255078,0.009377813310255079,0.15,S3_TREND
2026-03-15 13:00:00+00:00,BTC,BUY,22.967468633432873,0.022967468633432873,0.15,S3_TREND
2026-03-15 13:00:00+00:00,ETH,BUY,47.30478741226398,0.04730478741226398,0.15,S3_TREND
2026-03-15 13:00:00+00:00,SOL,SELL,7571.349992021907,7.571349992021908,0.075,S6_REVERSAL
2026-03-15 14:00:00+00:00,BTC,SELL,15190.655389925234,15.190655389925235,0.0,CASH
2026-03-15 14:00:00+00:00,ETH,SELL,15103.322941795734,15.103322941795733,0.0,CASH
2026-03-15 14:00:00+00:00,SOL,BUY,27.01450812598432,0.02701450812598432,0.075,S6_REVERSAL
2026-03-15 15:00:00+00:00,SOL,SELL,13.457361695177495,0.013457361695177495,0.075,S6_REVERSAL
2026-03-15 16:00:00+00:00,SOL,BUY,6.378121554551399,0.006378121554551399,0.075,S6_REVERSAL
2026-03-15 17:00:00+00:00,SOL,BUY,27.931710798161475,0.027931710798161476,0.075,S6_REVERSAL
2026-03-15 18:00:00+00:00,SOL,SELL,71.29230900445964,0.07129230900445964,0.075,S6_REVERSAL
2026-03-15 19:00:00+00:00,SOL,BUY,41.259623866936636,0.041259623866936636,0.075,S6_REVERSAL
2026-03-15 20:00:00+00:00,SOL,SELL,21.54634117236492,0.021546341172364918,0.075,S6_REVERSAL
2026-03-15 21:00:00+00:00,SOL,SELL,45.35298716721263,0.04535298716721263,0.075,S6_REVERSAL
2026-03-15 22:00:00+00:00,SOL,SELL,98.0764513534832,0.0980764513534832,0.075,S6_REVERSAL
2026-03-15 23:00:00+00:00,SOL,SELL,7820.97826279994,7.82097826279994,0.0,CASH
2026-03-16 06:00:00+00:00,ETH,BUY,15226.927912580271,15.226927912580273,0.15,S3_TREND
2026-03-16 07:00:00+00:00,BTC,BUY,15205.854429532938,15.205854429532938,0.15,S3_TREND
2026-03-16 07:00:00+00:00,ETH,BUY,104.18947602233129,0.10418947602233129,0.15,S3_TREND
2026-03-16 08:00:00+00:00,BTC,BUY,30.024888928010114,0.030024888928010116,0.15,S3_TREND
2026-03-16 08:00:00+00:00,ETH,BUY,62.59328518898292,0.06259328518898293,0.15,S3_TREND
2026-03-16 09:00:00+00:00,BTC,BUY,51.02410219197009,0.05102410219197009,0.15,S3_TREND
2026-03-16 09:00:00+00:00,ETH,BUY,21.05722264409087,0.02105722264409087,0.15,S3_TREND
2026-03-16 09:00:00+00:00,SOL,BUY,15167.26110931164,15.167261109311639,0.15,S3_TREND
2026-03-16 10:00:00+00:00,BTC,BUY,3.505761214873928,0.003505761214873928,0.15,S3_TREND
2026-03-16 10:00:00+00:00,ETH,SELL,85.10428542461341,0.08510428542461342,0.15,S3_TREND
2026-03-16 10:00:00+00:00,SOL,SELL,42.24731770562539,0.04224731770562539,0.15,S3_TREND
2026-03-16 11:00:00+00:00,BTC,SELL,59.5476374544578,0.0595476374544578,0.15,S3_TREND
2026-03-16 11:00:00+00:00,ETH,SELL,70.76085212567887,0.07076085212567887,0.15,S3_TREND
2026-03-16 11:00:00+00:00,SOL,SELL,48.89197348286689,0.04889197348286689,0.15,S3_TREND
2026-03-16 12:00:00+00:00,BTC,BUY,28.43676436360147,0.028436764363601468,0.15,S3_TREND
2026-03-16 12:00:00+00:00,ETH,BUY,36.722768052644824,0.03672276805264482,0.15,S3_TREND
2026-03-16 12:00:00+00:00,SOL,BUY,5.134272041377699,0.005134272041377699,0.15,S3_TREND
2026-03-16 13:00:00+00:00,BTC,SELL,44.787471272466064,0.044787471272466066,0.15,S3_TREND
2026-03-16 13:00:00+00:00,ETH,SELL,42.84436340554385,0.04284436340554385,0.15,S3_TREND
2026-03-16 13:00:00+00:00,SOL,BUY,14.934810609967826,0.014934810609967826,0.15,S3_TREND
2026-03-16 14:00:00+00:00,BTC,SELL,35.84264990417432,0.03584264990417432,0.15,S3_TREND
2026-03-16 14:00:00+00:00,ETH,SELL,49.00435497683793,0.04900435497683793,0.15,S3_TREND
2026-03-16 14:00:00+00:00,SOL,BUY,30.933291002222177,0.03093329100222218,0.15,S3_TREND
2026-03-16 15:00:00+00:00,BTC,BUY,92.68503797694939,0.0926850379769494,0.15,S3_TREND
2026-03-16 15:00:00+00:00,ETH,SELL,13.941242841408894,0.013941242841408893,0.15,S3_TREND
2026-03-16 15:00:00+00:00,SOL,SELL,7.938681392388389,0.007938681392388389,0.15,S3_TREND
2026-03-16 16:00:00+00:00,BTC,BUY,27.080204881705868,0.027080204881705868,0.15,S3_TREND
2026-03-16 16:00:00+00:00,ETH,BUY,60.82798630182879,0.06082798630182879,0.15,S3_TREND
2026-03-16 16:00:00+00:00,SOL,BUY,33.5894842565358,0.033589484256535795,0.15,S3_TREND
2026-03-16 17:00:00+00:00,BTC,SELL,47.33655786055896,0.047336557860558966,0.15,S3_TREND
2026-03-16 17:00:00+00:00,ETH,SELL,101.32515494908512,0.10132515494908512,0.15,S3_TREND
2026-03-16 17:00:00+00:00,SOL,SELL,47.66242887994122,0.04766242887994122,0.15,S3_TREND
2026-03-16 18:00:00+00:00,BTC,SELL,8.129160058892012,0.008129160058892013,0.15,S3_TREND
2026-03-16 18:00:00+00:00,ETH,SELL,88.09503902732467,0.08809503902732467,0.15,S3_TREND
2026-03-16 18:00:00+00:00,SOL,SELL,12.654371037899184,0.012654371037899183,0.15,S3_TREND
2026-03-16 19:00:00+00:00,BTC,BUY,19.38868904418632,0.019388689044186322,0.15,S3_TREND
2026-03-16 19:00:00+00:00,ETH,SELL,31.053830926231967,0.031053830926231967,0.15,S3_TREND
2026-03-16 19:00:00+00:00,SOL,SELL,37.11339427506755,0.037113394275067546,0.15,S3_TREND
2026-03-16 20:00:00+00:00,BTC,BUY,20.591262070702214,0.020591262070702214,0.15,S3_TREND
2026-03-16 20:00:00+00:00,ETH,SELL,31.547527872729916,0.031547527872729915,0.15,S3_TREND
2026-03-16 20:00:00+00:00,SOL,SELL,102.13890099486342,0.10213890099486342,0.15,S3_TREND
2026-03-16 21:00:00+00:00,BTC,SELL,20.564307047177866,0.020564307047177866,0.15,S3_TREND
2026-03-16 21:00:00+00:00,ETH,SELL,58.44851254402237,0.05844851254402237,0.15,S3_TREND
2026-03-16 21:00:00+00:00,SOL,SELL,53.973658764374704,0.0539736587643747,0.15,S3_TREND
2026-03-16 22:00:00+00:00,BTC,SELL,3.868674260487751,0.003868674260487751,0.15,S3_TREND
2026-03-16 22:00:00+00:00,ETH,SELL,72.91632162650603,0.07291632162650603,0.15,S3_TREND
2026-03-16 22:00:00+00:00,SOL,SELL,34.0202439629993,0.034020243962999304,0.15,S3_TREND
2026-03-16 23:00:00+00:00,BTC,SELL,64.08804194526783,0.06408804194526783,0.15,S3_TREND
2026-03-16 23:00:00+00:00,ETH,BUY,33.904943171319246,0.03390494317131925,0.15,S3_TREND
2026-03-16 23:00:00+00:00,SOL,SELL,17.46482252466376,0.017464822524663758,0.15,S3_TREND
2026-03-17 00:00:00+00:00,BTC,SELL,28.332919891676283,0.028332919891676283,0.15,S3_TREND
2026-03-17 00:00:00+00:00,ETH,BUY,26.3470359375533,0.0263470359375533,0.15,S3_TREND
2026-03-17 00:00:00+00:00,SOL,BUY,21.7687570172111,0.0217687570172111,0.15,S3_TREND
2026-03-17 01:00:00+00:00,BTC,SELL,88.1430529103036,0.0881430529103036,0.15,S3_TREND
2026-03-17 01:00:00+00:00,ETH,SELL,29.3272027489802,0.029327202748980197,0.15,S3_TREND
2026-03-17 01:00:00+00:00,SOL,BUY,113.26596855802018,0.11326596855802018,0.15,S3_TREND
2026-03-17 02:00:00+00:00,BTC,SELL,44.07613183988178,0.04407613183988178,0.15,S3_TREND
2026-03-17 02:00:00+00:00,ETH,SELL,4.9835860374569165,0.004983586037456917,0.15,S3_TREND
2026-03-17 02:00:00+00:00,SOL,SELL,18.701480766250825,0.018701480766250826,0.15,S3_TREND
2026-03-17 03:00:00+00:00,BTC,BUY,50.130882795090656,0.050130882795090655,0.15,S3_TREND
2026-03-17 03:00:00+00:00,ETH,BUY,27.864433101947725,0.027864433101947726,0.15,S3_TREND
2026-03-17 03:00:00+00:00,SOL,BUY,56.72926477625697,0.05672926477625697,0.15,S3_TREND
2026-03-17 04:00:00+00:00,BTC,BUY,70.99232371280777,0.07099232371280778,0.15,S3_TREND
2026-03-17 04:00:00+00:00,ETH,BUY,125.64014331515318,0.1256401433151532,0.15,S3_TREND
2026-03-17 04:00:00+00:00,SOL,BUY,93.85251933952532,0.09385251933952532,0.15,S3_TREND
2026-03-17 05:00:00+00:00,BTC,BUY,21.982049787438882,0.02198204978743888,0.15,S3_TREND
2026-03-17 05:00:00+00:00,ETH,BUY,34.625419882770075,0.03462541988277008,0.15,S3_TREND
2026-03-17 05:00:00+00:00,SOL,BUY,22.341259470234945,0.022341259470234947,0.15,S3_TREND
2026-03-17 06:00:00+00:00,BTC,BUY,33.58114238950475,0.03358114238950475,0.15,S3_TREND
2026-03-17 06:00:00+00:00,ETH,BUY,16.505859501148734,0.016505859501148735,0.15,S3_TREND
2026-03-17 06:00:00+00:00,SOL,SELL,10.74984656138622,0.010749846561386221,0.15,S3_TREND
2026-03-17 07:00:00+00:00,BTC,BUY,1.8145379336983751,0.001814537933698375,0.15,S3_TREND
2026-03-17 07:00:00+00:00,ETH,SELL,40.97836623174953,0.04097836623174953,0.15,S3_TREND
2026-03-17 07:00:00+00:00,SOL,SELL,4.420748307624308,0.004420748307624308,0.15,S3_TREND
2026-03-17 08:00:00+00:00,BTC,SELL,3.564412236411954,0.003564412236411954,0.15,S3_TREND
2026-03-17 08:00:00+00:00,ETH,SELL,51.377267266883784,0.05137726726688378,0.15,S3_TREND
2026-03-17 08:00:00+00:00,SOL,SELL,56.05708703401252,0.05605708703401252,0.15,S3_TREND
2026-03-17 09:00:00+00:00,BTC,BUY,3.2349072910765244,0.0032349072910765244,0.15,S3_TREND
2026-03-17 09:00:00+00:00,ETH,BUY,37.00185121396498,0.03700185121396499,0.15,S3_TREND
2026-03-17 09:00:00+00:00,SOL,SELL,6.0960242247529095,0.006096024224752909,0.15,S3_TREND
2026-03-17 10:00:00+00:00,BTC,BUY,26.82158112772595,0.02682158112772595,0.15,S3_TREND
2026-03-17 10:00:00+00:00,ETH,BUY,7.234021613212462,0.007234021613212463,0.15,S3_TREND
2026-03-17 10:00:00+00:00,SOL,BUY,57.6896243227784,0.0576896243227784,0.15,S3_TREND
2026-03-17 11:00:00+00:00,BTC,BUY,25.865958704122022,0.025865958704122022,0.15,S3_TREND
2026-03-17 11:00:00+00:00,ETH,BUY,1.6655300666770927,0.0016655300666770928,0.15,S3_TREND
2026-03-17 11:00:00+00:00,SOL,BUY,35.01775202442877,0.03501775202442877,0.15,S3_TREND
2026-03-17 12:00:00+00:00,BTC,SELL,37.52998597885745,0.03752998597885745,0.15,S3_TREND
2026-03-17 12:00:00+00:00,ETH,SELL,66.21384363436846,0.06621384363436845,0.15,S3_TREND
2026-03-17 12:00:00+00:00,SOL,BUY,10.677419971994823,0.010677419971994824,0.15,S3_TREND
2026-03-17 13:00:00+00:00,BTC,BUY,33.904340508946916,0.03390434050894692,0.15,S3_TREND
2026-03-17 13:00:00+00:00,ETH,BUY,48.169612049681746,0.048169612049681745,0.15,S3_TREND
2026-03-17 13:00:00+00:00,SOL,BUY,15.749261925480823,0.015749261925480824,0.15,S3_TREND
2026-03-17 14:00:00+00:00,BTC,BUY,44.516631068217976,0.044516631068217974,0.15,S3_TREND
2026-03-17 14:00:00+00:00,ETH,SELL,68.53081653005756,0.06853081653005756,0.15,S3_TREND
2026-03-17 14:00:00+00:00,SOL,SELL,44.96831466127878,0.044968314661278784,0.15,S3_TREND
2026-03-17 15:00:00+00:00,BTC,SELL,103.6034765947934,0.10360347659479341,0.15,S3_TREND
2026-03-17 15:00:00+00:00,ETH,SELL,41.57865198970648,0.04157865198970648,0.15,S3_TREND
2026-03-17 15:00:00+00:00,SOL,SELL,58.57069142122418,0.05857069142122418,0.15,S3_TREND
2026-03-17 16:00:00+00:00,BTC,BUY,38.36598964286168,0.03836598964286168,0.15,S3_TREND
2026-03-17 16:00:00+00:00,ETH,BUY,121.8353900856855,0.1218353900856855,0.15,S3_TREND
2026-03-17 16:00:00+00:00,SOL,BUY,52.38225958915791,0.05238225958915791,0.15,S3_TREND
2026-03-17 17:00:00+00:00,BTC,SELL,17.75387269568455,0.01775387269568455,0.15,S3_TREND
2026-03-17 17:00:00+00:00,ETH,SELL,39.600641567265484,0.039600641567265484,0.15,S3_TREND
2026-03-17 17:00:00+00:00,SOL,SELL,60.72627664220636,0.06072627664220636,0.15,S3_TREND
2026-03-17 18:00:00+00:00,BTC,SELL,47.24076953581243,0.04724076953581243,0.15,S3_TREND
2026-03-17 18:00:00+00:00,ETH,SELL,58.04030574624994,0.058040305746249944,0.15,S3_TREND
2026-03-17 19:00:00+00:00,BTC,SELL,16.341964399372955,0.016341964399372955,0.15,S3_TREND
2026-03-17 19:00:00+00:00,ETH,BUY,62.763716120472964,0.06276371612047296,0.15,S3_TREND
2026-03-17 19:00:00+00:00,SOL,SELL,107.29808833156312,0.10729808833156312,0.15,S3_TREND
2026-03-17 20:00:00+00:00,BTC,BUY,1.2169550137969054,0.0012169550137969055,0.15,S3_TREND
2026-03-17 20:00:00+00:00,ETH,BUY,49.89893604253848,0.049898936042538485,0.15,S3_TREND
2026-03-17 20:00:00+00:00,SOL,BUY,73.84835394879883,0.07384835394879884,0.15,S3_TREND
2026-03-17 21:00:00+00:00,BTC,BUY,13.939746351497888,0.01393974635149789,0.15,S3_TREND
2026-03-17 21:00:00+00:00,ETH,SELL,37.58747741604202,0.03758747741604202,0.15,S3_TREND
2026-03-17 21:00:00+00:00,SOL,SELL,24.225153790102922,0.024225153790102923,0.15,S3_TREND
2026-03-17 22:00:00+00:00,BTC,SELL,11.618817843684155,0.011618817843684156,0.15,S3_TREND
2026-03-17 22:00:00+00:00,ETH,SELL,44.49173756527853,0.04449173756527853,0.15,S3_TREND
2026-03-17 22:00:00+00:00,SOL,SELL,36.268420960466756,0.03626842096046676,0.15,S3_TREND
2026-03-17 23:00:00+00:00,BTC,BUY,58.58554303490564,0.058585543034905645,0.15,S3_TREND
2026-03-17 23:00:00+00:00,ETH,BUY,39.29015122187229,0.039290151221872294,0.15,S3_TREND
2026-03-17 23:00:00+00:00,SOL,SELL,27.33029214606904,0.02733029214606904,0.15,S3_TREND
2026-03-18 00:00:00+00:00,BTC,BUY,40.641817309666294,0.040641817309666296,0.15,S3_TREND
2026-03-18 00:00:00+00:00,ETH,BUY,38.610665426147534,0.038610665426147536,0.15,S3_TREND
2026-03-18 00:00:00+00:00,SOL,BUY,72.81784270902972,0.07281784270902972,0.15,S3_TREND
2026-03-18 01:00:00+00:00,BTC,BUY,12.379214423637677,0.012379214423637677,0.15,S3_TREND
2026-03-18 01:00:00+00:00,ETH,SELL,41.5263885712684,0.0415263885712684,0.15,S3_TREND
2026-03-18 01:00:00+00:00,SOL,BUY,15.111785366367258,0.015111785366367259,0.15,S3_TREND
2026-03-18 02:00:00+00:00,BTC,SELL,37.91728625506221,0.03791728625506221,0.15,S3_TREND
2026-03-18 02:00:00+00:00,SOL,BUY,22.268393393216684,0.022268393393216686,0.15,S3_TREND
2026-03-18 03:00:00+00:00,BTC,SELL,28.087976283137323,0.028087976283137323,0.15,S3_TREND
2026-03-18 03:00:00+00:00,ETH,SELL,16.198650373185956,0.016198650373185956,0.15,S3_TREND
2026-03-18 03:00:00+00:00,SOL,SELL,55.67453923835819,0.055674539238358196,0.15,S3_TREND
2026-03-18 04:00:00+00:00,BTC,SELL,6.901632639908712,0.006901632639908712,0.15,S3_TREND
2026-03-18 04:00:00+00:00,ETH,SELL,44.85550250293636,0.044855502502936365,0.15,S3_TREND
2026-03-18 04:00:00+00:00,SOL,SELL,4.167275371541109,0.004167275371541109,0.15,S3_TREND
2026-03-18 05:00:00+00:00,BTC,BUY,12.011127424224469,0.01201112742422447,0.15,S3_TREND
2026-03-18 05:00:00+00:00,ETH,BUY,42.19586085279843,0.04219586085279843,0.15,S3_TREND
2026-03-18 05:00:00+00:00,SOL,BUY,106.42439058554555,0.10642439058554555,0.15,S3_TREND
2026-03-18 06:00:00+00:00,BTC,BUY,25.456702673329346,0.025456702673329345,0.15,S3_TREND
2026-03-18 06:00:00+00:00,ETH,BUY,38.64951107519482,0.03864951107519483,0.15,S3_TREND
2026-03-18 06:00:00+00:00,SOL,BUY,13.072022772597848,0.013072022772597848,0.15,S3_TREND
2026-03-18 07:00:00+00:00,BTC,BUY,10.873438797047129,0.010873438797047129,0.15,S3_TREND
2026-03-18 07:00:00+00:00,ETH,SELL,16.724761807554387,0.016724761807554386,0.15,S3_TREND
2026-03-18 07:00:00+00:00,SOL,SELL,37.143332837395064,0.037143332837395064,0.15,S3_TREND
2026-03-18 08:00:00+00:00,ETH,BUY,19.234854869095216,0.019234854869095215,0.15,S3_TREND
2026-03-18 08:00:00+00:00,SOL,BUY,30.14681613007633,0.03014681613007633,0.15,S3_TREND
2026-03-18 09:00:00+00:00,BTC,SELL,20.515118185196116,0.020515118185196114,0.15,S3_TREND
2026-03-18 09:00:00+00:00,ETH,SELL,20.062757548985246,0.020062757548985247,0.15,S3_TREND
2026-03-18 09:00:00+00:00,SOL,SELL,2.6478216500418057,0.002647821650041806,0.15,S3_TREND
2026-03-18 10:00:00+00:00,BTC,SELL,11.46898291999423,0.011468982919994231,0.15,S3_TREND
2026-03-18 10:00:00+00:00,ETH,SELL,27.33705051052675,0.02733705051052675,0.15,S3_TREND
2026-03-18 10:00:00+00:00,SOL,SELL,22.379064840719366,0.022379064840719366,0.15,S3_TREND
2026-03-18 11:00:00+00:00,BTC,BUY,14.495337944765197,0.014495337944765197,0.15,S3_TREND
2026-03-18 11:00:00+00:00,ETH,BUY,74.14474077048362,0.07414474077048362,0.15,S3_TREND
2026-03-18 11:00:00+00:00,SOL,BUY,35.89036372010378,0.03589036372010378,0.15,S3_TREND
2026-03-18 12:00:00+00:00,BTC,BUY,86.22215186108951,0.08622215186108952,0.15,S3_TREND
2026-03-18 12:00:00+00:00,ETH,BUY,168.34619113122062,0.16834619113122062,0.15,S3_TREND
2026-03-18 12:00:00+00:00,SOL,BUY,182.16694634531632,0.18216694634531633,0.15,S3_TREND
2026-03-18 13:00:00+00:00,BTC,BUY,33.76488921355303,0.033764889213553036,0.15,S3_TREND
2026-03-18 13:00:00+00:00,ETH,BUY,123.47594741495777,0.12347594741495778,0.15,S3_TREND
2026-03-18 13:00:00+00:00,SOL,BUY,169.56698118574968,0.1695669811857497,0.15,S3_TREND
2026-03-18 14:00:00+00:00,BTC,BUY,35.68831357282761,0.03568831357282761,0.15,S3_TREND
2026-03-18 14:00:00+00:00,SOL,BUY,6.595480701331326,0.006595480701331325,0.15,S3_TREND
2026-03-18 15:00:00+00:00,BTC,BUY,86.71578549877086,0.08671578549877086,0.15,S3_TREND
2026-03-18 15:00:00+00:00,ETH,BUY,196.91640234576334,0.19691640234576335,0.15,S3_TREND
2026-03-18 15:00:00+00:00,SOL,BUY,118.8564436691886,0.1188564436691886,0.15,S3_TREND
2026-03-18 16:00:00+00:00,BTC,SELL,41.40364328430405,0.041403643284304056,0.15,S3_TREND
2026-03-18 16:00:00+00:00,ETH,BUY,33.9647803786429,0.0339647803786429,0.15,S3_TREND
2026-03-18 16:00:00+00:00,SOL,SELL,52.65569243857681,0.05265569243857681,0.15,S3_TREND
2026-03-18 17:00:00+00:00,BTC,BUY,10.710084912294406,0.010710084912294405,0.15,S3_TREND
2026-03-18 17:00:00+00:00,ETH,BUY,24.148671543662203,0.024148671543662206,0.15,S3_TREND
2026-03-18 17:00:00+00:00,SOL,BUY,43.84363423988361,0.04384363423988361,0.15,S3_TREND
2026-03-18 18:00:00+00:00,BTC,SELL,1.9902828975536977,0.001990282897553698,0.15,S3_TREND
2026-03-18 18:00:00+00:00,ETH,SELL,100.84990069128798,0.10084990069128799,0.15,S3_TREND
2026-03-18 18:00:00+00:00,SOL,SELL,106.0490482630139,0.10604904826301391,0.15,S3_TREND
2026-03-18 19:00:00+00:00,BTC,BUY,56.46223108018239,0.05646223108018239,0.15,S3_TREND
2026-03-18 19:00:00+00:00,ETH,BUY,107.36126967108976,0.10736126967108976,0.15,S3_TREND
2026-03-18 19:00:00+00:00,SOL,BUY,12.04758138784564,0.01204758138784564,0.15,S3_TREND
2026-03-18 20:00:00+00:00,BTC,BUY,12.121664467986193,0.012121664467986194,0.15,S3_TREND
2026-03-18 20:00:00+00:00,ETH,SELL,24.897049894754673,0.024897049894754674,0.15,S3_TREND
2026-03-18 20:00:00+00:00,SOL,SELL,13.045244267310409,0.01304524426731041,0.15,S3_TREND
2026-03-18 21:00:00+00:00,BTC,SELL,16.667497978567553,0.016667497978567553,0.15,S3_TREND
2026-03-18 21:00:00+00:00,ETH,BUY,2.9568761640039156,0.0029568761640039157,0.15,S3_TREND
2026-03-18 21:00:00+00:00,SOL,SELL,35.09035537710952,0.03509035537710952,0.15,S3_TREND
2026-03-18 22:00:00+00:00,BTC,BUY,18.51866996277022,0.01851866996277022,0.15,S3_TREND
2026-03-18 22:00:00+00:00,ETH,SELL,74.85707326770353,0.07485707326770352,0.15,S3_TREND
2026-03-18 22:00:00+00:00,SOL,SELL,7553.624890144175,7.553624890144175,0.075,S6_REVERSAL
2026-03-18 23:00:00+00:00,BTC,SELL,7490.231575836518,7.490231575836518,0.075,S6_REVERSAL
2026-03-18 23:00:00+00:00,ETH,BUY,36.761201329563846,0.03676120132956385,0.15,S3_TREND
2026-03-18 23:00:00+00:00,SOL,BUY,27.317591948712106,0.027317591948712108,0.075,S6_REVERSAL
2026-03-19 00:00:00+00:00,BTC,SELL,4.703479763151336,0.0047034797631513355,0.075,S6_REVERSAL
2026-03-19 00:00:00+00:00,ETH,SELL,51.18235341245054,0.05118235341245054,0.15,S3_TREND
2026-03-19 01:00:00+00:00,BTC,BUY,18.904535645874603,0.018904535645874604,0.075,S6_REVERSAL
2026-03-19 01:00:00+00:00,ETH,BUY,54.84589785275966,0.054845897852759666,0.15,S3_TREND
2026-03-19 01:00:00+00:00,SOL,SELL,9.233504983664716,0.009233504983664716,0.075,S6_REVERSAL
2026-03-19 02:00:00+00:00,BTC,SELL,8.761808823372121,0.008761808823372122,0.075,S6_REVERSAL
2026-03-19 02:00:00+00:00,ETH,SELL,7514.719635035508,7.514719635035508,0.075,S6_REVERSAL
2026-03-19 02:00:00+00:00,SOL,SELL,2.6509009396013425,0.0026509009396013428,0.075,S6_REVERSAL
2026-03-19 03:00:00+00:00,BTC,BUY,4.020462107479943,0.004020462107479943,0.075,S6_REVERSAL
2026-03-19 03:00:00+00:00,ETH,SELL,1.4642890748536954,0.0014642890748536954,0.075,S6_REVERSAL
2026-03-19 03:00:00+00:00,SOL,BUY,13.51104746767578,0.01351104746767578,0.075,S6_REVERSAL
2026-03-19 04:00:00+00:00,BTC,SELL,6.93009812980381,0.00693009812980381,0.075,S6_REVERSAL
2026-03-19 04:00:00+00:00,ETH,SELL,43.280870307101395,0.0432808703071014,0.075,S6_REVERSAL
2026-03-19 04:00:00+00:00,SOL,SELL,52.51868638716769,0.05251868638716769,0.075,S6_REVERSAL
2026-03-19 05:00:00+00:00,BTC,BUY,28.432180806717952,0.02843218080671795,0.075,S6_REVERSAL
2026-03-19 05:00:00+00:00,ETH,BUY,50.31505390107577,0.050315053901075775,0.075,S6_REVERSAL
2026-03-19 05:00:00+00:00,SOL,BUY,55.626426455498404,0.0556264264554984,0.075,S6_REVERSAL
2026-03-19 06:00:00+00:00,BTC,SELL,2.471642736816648,0.0024716427368166476,0.075,S6_REVERSAL
2026-03-19 06:00:00+00:00,ETH,BUY,13.302260432968069,0.01330226043296807,0.075,S6_REVERSAL
2026-03-19 06:00:00+00:00,SOL,BUY,9.667774342361554,0.009667774342361555,0.075,S6_REVERSAL
2026-03-19 07:00:00+00:00,BTC,BUY,22.245138295095785,0.022245138295095786,0.075,S6_REVERSAL
2026-03-19 07:00:00+00:00,ETH,BUY,25.56026089426632,0.025560260894266322,0.075,S6_REVERSAL
2026-03-19 07:00:00+00:00,SOL,SELL,11.826811541436655,0.011826811541436656,0.075,S6_REVERSAL
2026-03-19 08:00:00+00:00,BTC,SELL,7444.043968491319,7.444043968491319,0.0,CASH
2026-03-19 08:00:00+00:00,ETH,BUY,38.36226370099757,0.03836226370099757,0.075,S6_REVERSAL
2026-03-19 08:00:00+00:00,SOL,BUY,28.721961744817236,0.028721961744817236,0.075,S6_REVERSAL
2026-03-19 09:00:00+00:00,ETH,BUY,18.30616841508163,0.01830616841508163,0.075,S6_REVERSAL
2026-03-19 09:00:00+00:00,SOL,BUY,2.5168380594850532,0.002516838059485053,0.075,S6_REVERSAL
2026-03-19 10:00:00+00:00,ETH,SELL,86.81385212060559,0.08681385212060559,0.075,S6_REVERSAL
2026-03-19 10:00:00+00:00,SOL,SELL,57.526323563323785,0.05752632356332379,0.075,S6_REVERSAL
2026-03-19 11:00:00+00:00,ETH,BUY,50.34789061139327,0.05034789061139327,0.075,S6_REVERSAL
2026-03-19 11:00:00+00:00,SOL,BUY,24.89065144898359,0.02489065144898359,0.075,S6_REVERSAL
2026-03-19 12:00:00+00:00,ETH,BUY,17.403682408355962,0.017403682408355964,0.075,S6_REVERSAL
2026-03-19 12:00:00+00:00,SOL,BUY,13.123486769330157,0.013123486769330157,0.075,S6_REVERSAL
2026-03-19 13:00:00+00:00,BTC,BUY,7458.541576300122,7.458541576300122,0.075,S6_REVERSAL
2026-03-19 13:00:00+00:00,ETH,SELL,7357.974537954543,7.357974537954543,0.0,CASH
2026-03-19 13:00:00+00:00,SOL,BUY,107.6069016022584,0.1076069016022584,0.075,S6_REVERSAL
2026-03-19 14:00:00+00:00,BTC,SELL,59.787971916764945,0.059787971916764944,0.075,S6_REVERSAL
2026-03-19 14:00:00+00:00,SOL,SELL,28.254978694825695,0.028254978694825697,0.075,S6_REVERSAL
2026-03-19 15:00:00+00:00,BTC,BUY,39.98265675409675,0.039982656754096756,0.075,S6_REVERSAL
2026-03-19 15:00:00+00:00,SOL,BUY,19.224135730127273,0.019224135730127274,0.075,S6_REVERSAL
2026-03-19 16:00:00+00:00,BTC,BUY,3.1147441031080234,0.0031147441031080234,0.075,S6_REVERSAL
2026-03-19 16:00:00+00:00,SOL,SELL,7409.031919434929,7.409031919434929,0.0,CASH
2026-03-19 17:00:00+00:00,BTC,SELL,4.861804077017041,0.004861804077017041,0.075,S6_REVERSAL
2026-03-19 18:00:00+00:00,BTC,SELL,39.545276283857675,0.03954527628385768,0.075,S6_REVERSAL
2026-03-19 19:00:00+00:00,BTC,BUY,3.2502898357024606,0.0032502898357024607,0.075,S6_REVERSAL
2026-03-19 20:00:00+00:00,BTC,SELL,44.54106203689662,0.04454106203689662,0.075,S6_REVERSAL
2026-03-19 21:00:00+00:00,BTC,SELL,20.730672646274797,0.020730672646274796,0.075,S6_REVERSAL
2026-03-19 22:00:00+00:00,BTC,BUY,6.812671745075022,0.006812671745075022,0.075,S6_REVERSAL
2026-03-19 23:00:00+00:00,BTC,BUY,22.49512071613026,0.02249512071613026,0.075,S6_REVERSAL
2026-03-20 00:00:00+00:00,BTC,BUY,24.97410108836266,0.02497410108836266,0.075,S6_REVERSAL
2026-03-20 01:00:00+00:00,BTC,SELL,24.76557338416842,0.024765573384168422,0.075,S6_REVERSAL
2026-03-20 02:00:00+00:00,BTC,SELL,21.91149166605919,0.021911491666059192,0.075,S6_REVERSAL
2026-03-20 03:00:00+00:00,BTC,SELL,1.146864933912184,0.001146864933912184,0.075,S6_REVERSAL
2026-03-20 04:00:00+00:00,BTC,SELL,30.8271057773527,0.0308271057773527,0.075,S6_REVERSAL
2026-03-20 05:00:00+00:00,BTC,SELL,5.251961674574886,0.005251961674574887,0.075,S6_REVERSAL
2026-03-20 06:00:00+00:00,BTC,BUY,17.314101020447197,0.017314101020447198,0.075,S6_REVERSAL
2026-03-20 07:00:00+00:00,BTC,BUY,10.102340353995714,0.010102340353995714,0.075,S6_REVERSAL
2026-03-20 08:00:00+00:00,BTC,SELL,34.44493083646921,0.03444493083646921,0.075,S6_REVERSAL
2026-03-20 09:00:00+00:00,BTC,SELL,18.285525868283912,0.018285525868283914,0.075,S6_REVERSAL
2026-03-20 10:00:00+00:00,BTC,BUY,44.572891713080026,0.04457289171308003,0.075,S6_REVERSAL
2026-03-20 11:00:00+00:00,BTC,SELL,2.729549544607835,0.002729549544607835,0.075,S6_REVERSAL
2026-03-20 12:00:00+00:00,BTC,BUY,13.001990447195567,0.013001990447195567,0.075,S6_REVERSAL
2026-03-20 13:00:00+00:00,BTC,BUY,13.328546277009991,0.013328546277009991,0.075,S6_REVERSAL
2026-03-20 14:00:00+00:00,BTC,BUY,46.98112471669447,0.04698112471669447,0.075,S6_REVERSAL
2026-03-20 15:00:00+00:00,BTC,BUY,13.095779108263741,0.013095779108263742,0.075,S6_REVERSAL
2026-03-20 16:00:00+00:00,BTC,SELL,12.75137218133932,0.01275137218133932,0.075,S6_REVERSAL
2026-03-20 17:00:00+00:00,BTC,BUY,3.042695834567894,0.003042695834567894,0.075,S6_REVERSAL
2026-03-20 18:00:00+00:00,BTC,SELL,16.86669062027977,0.01686669062027977,0.075,S6_REVERSAL
2026-03-20 19:00:00+00:00,BTC,BUY,22.66859336228663,0.02266859336228663,0.075,S6_REVERSAL
2026-03-20 20:00:00+00:00,BTC,SELL,40.32635397685863,0.04032635397685863,0.075,S6_REVERSAL
2026-03-20 21:00:00+00:00,BTC,BUY,11.816721702437462,0.011816721702437463,0.075,S6_REVERSAL
2026-03-20 22:00:00+00:00,BTC,SELL,47.58142548968044,0.047581425489680446,0.075,S6_REVERSAL
2026-03-20 23:00:00+00:00,BTC,SELL,22.233749843479018,0.02223374984347902,0.075,S6_REVERSAL
2026-03-21 00:00:00+00:00,BTC,BUY,25.089039836017037,0.025089039836017037,0.075,S6_REVERSAL
2026-03-21 01:00:00+00:00,BTC,SELL,16.790985985872794,0.016790985985872794,0.075,S6_REVERSAL
2026-03-21 02:00:00+00:00,BTC,BUY,21.256746217435648,0.02125674621743565,0.075,S6_REVERSAL
2026-03-21 03:00:00+00:00,BTC,SELL,26.74797232987021,0.02674797232987021,0.075,S6_REVERSAL
2026-03-21 04:00:00+00:00,BTC,BUY,7.832184366423462,0.007832184366423462,0.075,S6_REVERSAL
2026-03-21 05:00:00+00:00,BTC,BUY,1.4858074776811918,0.001485807477681192,0.075,S6_REVERSAL
2026-03-21 06:00:00+00:00,BTC,SELL,5.454243395077356,0.0054542433950773555,0.075,S6_REVERSAL
2026-03-21 07:00:00+00:00,BTC,SELL,7.38545990613693,0.00738545990613693,0.075,S6_REVERSAL
2026-03-21 08:00:00+00:00,BTC,BUY,4.509427809554836,0.004509427809554836,0.075,S6_REVERSAL
2026-03-21 09:00:00+00:00,BTC,BUY,12.976381097372723,0.012976381097372723,0.075,S6_REVERSAL
2026-03-21 10:00:00+00:00,BTC,SELL,6.57056308180745,0.0065705630818074495,0.075,S6_REVERSAL
2026-03-21 11:00:00+00:00,BTC,BUY,5.466907891244773,0.005466907891244773,0.075,S6_REVERSAL
2026-03-21 12:00:00+00:00,BTC,SELL,4.605389439168903,0.004605389439168903,0.075,S6_REVERSAL
2026-03-21 13:00:00+00:00,BTC,SELL,6.829768917376897,0.006829768917376897,0.075,S6_REVERSAL
2026-03-21 14:00:00+00:00,BTC,SELL,1.7160716844518902,0.0017160716844518901,0.075,S6_REVERSAL
2026-03-21 15:00:00+00:00,BTC,BUY,10.844361969127021,0.010844361969127022,0.075,S6_REVERSAL
2026-03-21 17:00:00+00:00,BTC,BUY,32.00906690828924,0.032009066908289245,0.075,S6_REVERSAL
2026-03-21 18:00:00+00:00,SOL,BUY,14924.062860134432,14.924062860134432,0.15,S3_TREND
2026-03-21 19:00:00+00:00,BTC,BUY,7457.379644947924,7.457379644947924,0.15,S3_TREND
2026-03-21 19:00:00+00:00,SOL,SELL,32.03837497474524,0.03203837497474524,0.15,S3_TREND
2026-03-21 20:00:00+00:00,BTC,SELL,1.6063417491732253,0.0016063417491732253,0.15,S3_TREND
2026-03-21 20:00:00+00:00,SOL,SELL,5.146761060796052,0.005146761060796053,0.15,S3_TREND
2026-03-21 21:00:00+00:00,BTC,SELL,2.9676591162278783,0.002967659116227878,0.15,S3_TREND
2026-03-21 21:00:00+00:00,SOL,SELL,48.763348946145925,0.048763348946145924,0.15,S3_TREND
2026-03-21 22:00:00+00:00,BTC,BUY,17.047024554829477,0.01704702455482948,0.15,S3_TREND
2026-03-21 22:00:00+00:00,SOL,BUY,18.816134603433966,0.018816134603433968,0.15,S3_TREND
2026-03-21 23:00:00+00:00,BTC,BUY,9.839851008633559,0.00983985100863356,0.15,S3_TREND
2026-03-21 23:00:00+00:00,SOL,BUY,11.920420574451782,0.011920420574451782,0.15,S3_TREND
2026-03-22 00:00:00+00:00,BTC,BUY,186.84281785192798,0.18684281785192797,0.15,S3_TREND
2026-03-22 00:00:00+00:00,ETH,BUY,7412.706579179033,7.412706579179033,0.075,S6_REVERSAL
2026-03-22 00:00:00+00:00,SOL,BUY,288.36556217968064,0.2883655621796806,0.15,S3_TREND
2026-03-22 01:00:00+00:00,BTC,SELL,12.209935779947045,0.012209935779947046,0.15,S3_TREND
2026-03-22 01:00:00+00:00,ETH,SELL,12.196982396245403,0.012196982396245403,0.075,S6_REVERSAL
2026-03-22 01:00:00+00:00,SOL,BUY,34.60642141833887,0.03460642141833887,0.15,S3_TREND
2026-03-22 02:00:00+00:00,BTC,BUY,4.113492336597119,0.004113492336597119,0.15,S3_TREND
2026-03-22 02:00:00+00:00,ETH,SELL,10.213951089829607,0.010213951089829606,0.075,S6_REVERSAL
2026-03-22 02:00:00+00:00,SOL,SELL,17.99407390756096,0.01799407390756096,0.15,S3_TREND
2026-03-22 03:00:00+00:00,BTC,SELL,34.35000060668608,0.03435000060668608,0.15,S3_TREND
2026-03-22 03:00:00+00:00,ETH,SELL,21.9441334765379,0.0219441334765379,0.075,S6_REVERSAL
2026-03-22 03:00:00+00:00,SOL,SELL,83.44424856274964,0.08344424856274964,0.15,S3_TREND
2026-03-22 04:00:00+00:00,BTC,BUY,7.96380836224489,0.00796380836224489,0.15,S3_TREND
2026-03-22 04:00:00+00:00,ETH,SELL,30.167530268244263,0.030167530268244265,0.075,S6_REVERSAL
2026-03-22 04:00:00+00:00,SOL,SELL,66.4245955974493,0.0664245955974493,0.15,S3_TREND
2026-03-22 05:00:00+00:00,BTC,BUY,8.447537254158306,0.008447537254158305,0.15,S3_TREND
2026-03-22 05:00:00+00:00,ETH,SELL,13.416191164083102,0.013416191164083102,0.075,S6_REVERSAL
2026-03-22 05:00:00+00:00,SOL,SELL,46.43031882895775,0.046430318828957755,0.15,S3_TREND
2026-03-22 06:00:00+00:00,BTC,BUY,20.418585978939518,0.02041858597893952,0.15,S3_TREND
2026-03-22 06:00:00+00:00,ETH,BUY,10.660074268666904,0.010660074268666903,0.075,S6_REVERSAL
2026-03-22 06:00:00+00:00,SOL,BUY,66.83227502422415,0.06683227502422415,0.15,S3_TREND
2026-03-22 07:00:00+00:00,BTC,SELL,11.26324403214494,0.01126324403214494,0.15,S3_TREND
2026-03-22 07:00:00+00:00,ETH,BUY,10.468222550061,0.010468222550061001,0.075,S6_REVERSAL
2026-03-22 07:00:00+00:00,SOL,BUY,38.085116183016,0.038085116183016,0.15,S3_TREND
2026-03-22 08:00:00+00:00,BTC,BUY,23.92557325391863,0.023925573253918628,0.15,S3_TREND
2026-03-22 08:00:00+00:00,ETH,BUY,39.79884949558618,0.03979884949558618,0.075,S6_REVERSAL
2026-03-22 08:00:00+00:00,SOL,BUY,55.59697710280852,0.055596977102808524,0.15,S3_TREND
2026-03-22 09:00:00+00:00,BTC,SELL,7399.60321297129,7.39960321297129,0.075,S6_REVERSAL
2026-03-22 09:00:00+00:00,ETH,BUY,16.56684248948477,0.01656684248948477,0.075,S6_REVERSAL
2026-03-22 09:00:00+00:00,SOL,BUY,40.05695030557763,0.040056950305577634,0.15,S3_TREND
2026-03-22 10:00:00+00:00,BTC,SELL,3.703397735784165,0.003703397735784165,0.075,S6_REVERSAL
2026-03-22 10:00:00+00:00,ETH,BUY,3.5761046158213503,0.00357610461582135,0.075,S6_REVERSAL
2026-03-22 10:00:00+00:00,SOL,BUY,5.689749937051602,0.005689749937051602,0.15,S3_TREND
2026-03-22 11:00:00+00:00,BTC,BUY,17.00307936430272,0.01700307936430272,0.075,S6_REVERSAL
2026-03-22 11:00:00+00:00,ETH,BUY,10.84303241201178,0.010843032412011781,0.075,S6_REVERSAL
2026-03-22 11:00:00+00:00,SOL,SELL,7.710618120738218,0.007710618120738218,0.15,S3_TREND
2026-03-22 12:00:00+00:00,BTC,SELL,7358.550398322169,7.358550398322169,0.0,CASH
2026-03-22 12:00:00+00:00,ETH,BUY,27.90345013096521,0.02790345013096521,0.075,S6_REVERSAL
2026-03-22 12:00:00+00:00,SOL,BUY,58.97838127513205,0.05897838127513205,0.15,S3_TREND
2026-03-22 13:00:00+00:00,ETH,SELL,36.25965688924771,0.03625965688924771,0.075,S6_REVERSAL
2026-03-22 13:00:00+00:00,SOL,SELL,56.661778007955945,0.056661778007955944,0.15,S3_TREND
2026-03-22 14:00:00+00:00,ETH,BUY,12.890103445463865,0.012890103445463865,0.075,S6_REVERSAL
2026-03-22 14:00:00+00:00,SOL,SELL,9.21005798634178,0.009210057986341781,0.15,S3_TREND
2026-03-22 15:00:00+00:00,SOL,BUY,16.980361567722866,0.016980361567722868,0.15,S3_TREND
2026-03-22 16:00:00+00:00,ETH,SELL,11.148103498784621,0.011148103498784622,0.075,S6_REVERSAL
2026-03-22 16:00:00+00:00,SOL,SELL,52.16237298252053,0.05216237298252053,0.15,S3_TREND
2026-03-22 17:00:00+00:00,ETH,BUY,2.015018670716927,0.002015018670716927,0.075,S6_REVERSAL
2026-03-22 17:00:00+00:00,SOL,SELL,7389.072168422835,7.389072168422834,0.075,S6_REVERSAL
2026-03-22 18:00:00+00:00,ETH,BUY,6.271462312928634,0.006271462312928634,0.075,S6_REVERSAL
2026-03-22 18:00:00+00:00,SOL,BUY,15.999984057042639,0.01599998405704264,0.075,S6_REVERSAL
2026-03-22 19:00:00+00:00,ETH,BUY,22.568720753580237,0.022568720753580237,0.075,S6_REVERSAL
2026-03-22 19:00:00+00:00,SOL,BUY,17.651055626069137,0.017651055626069136,0.075,S6_REVERSAL
2026-03-22 20:00:00+00:00,ETH,BUY,28.951736870200875,0.028951736870200875,0.075,S6_REVERSAL
2026-03-22 20:00:00+00:00,SOL,BUY,8.585743093349265,0.008585743093349266,0.075,S6_REVERSAL
2026-03-22 21:00:00+00:00,ETH,BUY,13.526174624994383,0.013526174624994383,0.075,S6_REVERSAL
2026-03-22 21:00:00+00:00,SOL,BUY,21.580636597729608,0.02158063659772961,0.075,S6_REVERSAL
2026-03-22 22:00:00+00:00,ETH,SELL,7345.011528020765,7.345011528020764,0.0,CASH
2026-03-22 22:00:00+00:00,SOL,SELL,7340.809635420929,7.340809635420929,0.0,CASH
2026-03-24 12:00:00+00:00,SOL,BUY,14764.20465158825,14.764204651588251,0.15,S3_TREND
2026-03-24 13:00:00+00:00,BTC,BUY,14757.164066003308,14.757164066003309,0.15,S3_TREND
2026-03-24 13:00:00+00:00,SOL,BUY,25.132446996423823,0.025132446996423825,0.15,S3_TREND
2026-03-24 14:00:00+00:00,BTC,BUY,107.53468458329917,0.10753468458329916,0.15,S3_TREND
2026-03-24 14:00:00+00:00,SOL,BUY,206.66414663037358,0.20666414663037358,0.15,S3_TREND
2026-03-24 15:00:00+00:00,BTC,BUY,33.89662220831815,0.03389662220831815,0.15,S3_TREND
2026-03-24 15:00:00+00:00,ETH,BUY,14672.26665263687,14.672266652636871,0.15,S3_TREND
2026-03-24 15:00:00+00:00,SOL,BUY,32.99598027717366,0.03299598027717366,0.15,S3_TREND
2026-03-24 16:00:00+00:00,BTC,BUY,2.617763840675252,0.002617763840675252,0.15,S3_TREND
2026-03-24 16:00:00+00:00,ETH,SELL,4.773537582628705,0.004773537582628705,0.15,S3_TREND
2026-03-24 16:00:00+00:00,SOL,SELL,24.576484602366687,0.024576484602366687,0.15,S3_TREND
2026-03-24 17:00:00+00:00,BTC,BUY,51.48540420484278,0.05148540420484278,0.15,S3_TREND
2026-03-24 17:00:00+00:00,ETH,BUY,22.92211192173272,0.022922111921732723,0.15,S3_TREND
2026-03-24 17:00:00+00:00,SOL,BUY,41.86961758999678,0.04186961758999678,0.15,S3_TREND
2026-03-24 18:00:00+00:00,BTC,BUY,21.386949370866205,0.021386949370866205,0.15,S3_TREND
2026-03-24 18:00:00+00:00,ETH,BUY,95.18148788256804,0.09518148788256804,0.15,S3_TREND
2026-03-24 18:00:00+00:00,SOL,SELL,10.82933305120423,0.01082933305120423,0.15,S3_TREND
2026-03-24 19:00:00+00:00,BTC,SELL,30.947130710310375,0.030947130710310376,0.15,S3_TREND
2026-03-24 19:00:00+00:00,ETH,SELL,57.95009354447757,0.05795009354447757,0.15,S3_TREND
2026-03-24 19:00:00+00:00,SOL,BUY,53.78838345813347,0.05378838345813347,0.15,S3_TREND
2026-03-24 20:00:00+00:00,BTC,SELL,2.0549893350435013,0.0020549893350435013,0.15,S3_TREND
2026-03-24 20:00:00+00:00,ETH,BUY,1.0160007726717595,0.0010160007726717595,0.15,S3_TREND
2026-03-24 20:00:00+00:00,SOL,BUY,49.30301023723587,0.04930301023723587,0.15,S3_TREND
2026-03-24 21:00:00+00:00,BTC,SELL,58.03753040536867,0.05803753040536867,0.15,S3_TREND
2026-03-24 21:00:00+00:00,ETH,SELL,125.52504552380378,0.12552504552380378,0.15,S3_TREND
2026-03-24 21:00:00+00:00,SOL,SELL,156.48850410236628,0.15648850410236628,0.15,S3_TREND
2026-03-24 22:00:00+00:00,BTC,SELL,33.80493778788514,0.03380493778788514,0.15,S3_TREND
2026-03-24 22:00:00+00:00,ETH,BUY,13.681246954241942,0.013681246954241942,0.15,S3_TREND
2026-03-24 22:00:00+00:00,SOL,SELL,40.66961668094882,0.040669616680948824,0.15,S3_TREND
2026-03-24 23:00:00+00:00,BTC,SELL,2.2627110243411153,0.002262711024341115,0.15,S3_TREND
2026-03-24 23:00:00+00:00,ETH,BUY,16.932233225992604,0.016932233225992604,0.15,S3_TREND
2026-03-24 23:00:00+00:00,SOL,BUY,5.79468761910357,0.00579468761910357,0.15,S3_TREND
2026-03-25 00:00:00+00:00,BTC,SELL,19.99944551131921,0.01999944551131921,0.15,S3_TREND
2026-03-25 00:00:00+00:00,ETH,SELL,42.65561995424832,0.042655619954248325,0.15,S3_TREND
2026-03-25 00:00:00+00:00,SOL,SELL,48.02321810099784,0.04802321810099784,0.15,S3_TREND
2026-03-25 01:00:00+00:00,BTC,SELL,32.117404785105464,0.03211740478510546,0.15,S3_TREND
2026-03-25 01:00:00+00:00,ETH,SELL,10.649169925351089,0.01064916992535109,0.15,S3_TREND
2026-03-25 01:00:00+00:00,SOL,SELL,57.207639085212584,0.057207639085212585,0.15,S3_TREND
2026-03-25 02:00:00+00:00,BTC,BUY,15.067615370182466,0.015067615370182466,0.15,S3_TREND
2026-03-25 02:00:00+00:00,ETH,BUY,13.829670125247503,0.013829670125247504,0.15,S3_TREND
2026-03-25 02:00:00+00:00,SOL,BUY,40.81347065279988,0.04081347065279988,0.15,S3_TREND
2026-03-25 03:00:00+00:00,BTC,BUY,28.812680585229828,0.028812680585229827,0.15,S3_TREND
2026-03-25 03:00:00+00:00,ETH,BUY,8.167041982756928,0.008167041982756928,0.15,S3_TREND
2026-03-25 03:00:00+00:00,SOL,SELL,30.88071211858005,0.03088071211858005,0.15,S3_TREND
2026-03-25 04:00:00+00:00,BTC,SELL,16.30809480143398,0.01630809480143398,0.15,S3_TREND
2026-03-25 04:00:00+00:00,ETH,BUY,1.8422980289651605,0.0018422980289651606,0.15,S3_TREND
2026-03-25 04:00:00+00:00,SOL,SELL,68.1393319698218,0.0681393319698218,0.15,S3_TREND
2026-03-25 05:00:00+00:00,BTC,SELL,27.822523341250417,0.02782252334125042,0.15,S3_TREND
2026-03-25 05:00:00+00:00,ETH,SELL,28.437695124421225,0.028437695124421226,0.15,S3_TREND
2026-03-25 05:00:00+00:00,SOL,SELL,34.8057989093395,0.0348057989093395,0.15,S3_TREND
2026-03-25 06:00:00+00:00,BTC,SELL,14.957571473132703,0.014957571473132703,0.15,S3_TREND
2026-03-25 06:00:00+00:00,ETH,SELL,2.4662782523610076,0.0024662782523610077,0.15,S3_TREND
2026-03-25 06:00:00+00:00,SOL,SELL,41.7559306418334,0.0417559306418334,0.15,S3_TREND
2026-03-25 07:00:00+00:00,BTC,BUY,16.45303943216095,0.01645303943216095,0.15,S3_TREND
2026-03-25 07:00:00+00:00,ETH,BUY,25.826115629120977,0.025826115629120978,0.15,S3_TREND
2026-03-25 07:00:00+00:00,SOL,SELL,6.553483547470023,0.006553483547470023,0.15,S3_TREND
2026-03-25 08:00:00+00:00,BTC,SELL,1.6659109352440282,0.0016659109352440283,0.15,S3_TREND
2026-03-25 08:00:00+00:00,ETH,SELL,20.340717423694514,0.020340717423694515,0.15,S3_TREND
2026-03-25 08:00:00+00:00,SOL,BUY,77.72440683416426,0.07772440683416426,0.15,S3_TREND
2026-03-25 09:00:00+00:00,BTC,SELL,31.585307045235822,0.03158530704523582,0.15,S3_TREND
2026-03-25 09:00:00+00:00,ETH,SELL,47.01201683493127,0.047012016834931274,0.15,S3_TREND
2026-03-25 09:00:00+00:00,SOL,SELL,51.52159987122832,0.05152159987122832,0.15,S3_TREND
2026-03-25 10:00:00+00:00,BTC,SELL,2.715292150971436,0.002715292150971436,0.15,S3_TREND
2026-03-25 10:00:00+00:00,ETH,SELL,50.53714107385167,0.050537141073851675,0.15,S3_TREND
2026-03-25 10:00:00+00:00,SOL,SELL,11.31859073195119,0.01131859073195119,0.15,S3_TREND
2026-03-25 11:00:00+00:00,BTC,SELL,26.50532258822568,0.02650532258822568,0.15,S3_TREND
2026-03-25 11:00:00+00:00,ETH,BUY,15.210996214136685,0.015210996214136685,0.15,S3_TREND
2026-03-25 11:00:00+00:00,SOL,SELL,10.196204760341061,0.010196204760341061,0.15,S3_TREND
2026-03-25 12:00:00+00:00,BTC,SELL,21.765675726503105,0.021765675726503106,0.15,S3_TREND
2026-03-25 12:00:00+00:00,ETH,BUY,7.296579503117755,0.007296579503117755,0.15,S3_TREND
2026-03-25 12:00:00+00:00,SOL,SELL,40.989369435366825,0.040989369435366824,0.15,S3_TREND
2026-03-25 13:00:00+00:00,BTC,SELL,8.366015518697168,0.008366015518697168,0.15,S3_TREND
2026-03-25 13:00:00+00:00,ETH,BUY,20.23025925220645,0.02023025925220645,0.15,S3_TREND
2026-03-25 13:00:00+00:00,SOL,SELL,8.836998688693711,0.008836998688693712,0.15,S3_TREND
2026-03-25 14:00:00+00:00,BTC,BUY,17.472642514552717,0.017472642514552716,0.15,S3_TREND
2026-03-25 14:00:00+00:00,ETH,SELL,17.54613754235106,0.017546137542351063,0.15,S3_TREND
2026-03-25 14:00:00+00:00,SOL,BUY,37.66323732543606,0.037663237325436055,0.15,S3_TREND
2026-03-25 15:00:00+00:00,BTC,BUY,31.792282728540158,0.03179228272854016,0.15,S3_TREND
2026-03-25 15:00:00+00:00,ETH,BUY,29.38976894258485,0.02938976894258485,0.15,S3_TREND
2026-03-25 15:00:00+00:00,SOL,BUY,86.285577062823,0.086285577062823,0.15,S3_TREND
2026-03-25 16:00:00+00:00,BTC,BUY,54.722676309163944,0.05472267630916394,0.15,S3_TREND
2026-03-25 16:00:00+00:00,ETH,BUY,50.17311379688908,0.05017311379688909,0.15,S3_TREND
2026-03-25 17:00:00+00:00,BTC,SELL,64.93779875103428,0.06493779875103428,0.15,S3_TREND
2026-03-25 17:00:00+00:00,ETH,SELL,39.49953331361394,0.03949953331361394,0.15,S3_TREND
2026-03-25 17:00:00+00:00,SOL,SELL,33.06175887547033,0.03306175887547033,0.15,S3_TREND
2026-03-25 18:00:00+00:00,BTC,BUY,74.24246321350438,0.07424246321350438,0.15,S3_TREND
2026-03-25 18:00:00+00:00,ETH,BUY,27.325005401318776,0.027325005401318776,0.15,S3_TREND
2026-03-25 18:00:00+00:00,SOL,BUY,41.352604600608174,0.041352604600608175,0.15,S3_TREND
2026-03-25 19:00:00+00:00,BTC,SELL,7.843038998109478,0.007843038998109477,0.15,S3_TREND
2026-03-25 19:00:00+00:00,ETH,BUY,10.521810582396938,0.01052181058239694,0.15,S3_TREND
2026-03-25 19:00:00+00:00,SOL,BUY,1.9282985060926876,0.0019282985060926877,0.15,S3_TREND
2026-03-25 20:00:00+00:00,ETH,SELL,55.92948566175256,0.05592948566175256,0.15,S3_TREND
2026-03-25 20:00:00+00:00,SOL,BUY,3.261502562558235,0.0032615025625582347,0.15,S3_TREND
2026-03-25 21:00:00+00:00,BTC,SELL,36.180534140888994,0.036180534140888995,0.15,S3_TREND
2026-03-25 21:00:00+00:00,ETH,BUY,33.00010934449165,0.03300010934449165,0.15,S3_TREND
2026-03-25 21:00:00+00:00,SOL,BUY,35.99510474813724,0.03599510474813724,0.15,S3_TREND
2026-03-25 22:00:00+00:00,BTC,SELL,12.163087734470539,0.01216308773447054,0.15,S3_TREND
2026-03-25 22:00:00+00:00,ETH,BUY,9.852291969375074,0.009852291969375074,0.15,S3_TREND
2026-03-25 22:00:00+00:00,SOL,BUY,27.142831587594628,0.02714283158759463,0.15,S3_TREND
2026-03-25 23:00:00+00:00,BTC,SELL,36.88167033507307,0.03688167033507307,0.15,S3_TREND
2026-03-25 23:00:00+00:00,ETH,SELL,39.0696076005388,0.039069607600538805,0.15,S3_TREND
2026-03-25 23:00:00+00:00,SOL,SELL,43.535526894518625,0.043535526894518624,0.15,S3_TREND
2026-03-26 00:00:00+00:00,ETH,BUY,29.960914973704348,0.029960914973704348,0.15,S3_TREND
2026-03-26 00:00:00+00:00,SOL,SELL,1.181413891234115,0.001181413891234115,0.15,S3_TREND
2026-03-26 01:00:00+00:00,BTC,BUY,3.2967190354647755,0.0032967190354647757,0.15,S3_TREND
2026-03-26 01:00:00+00:00,ETH,BUY,12.353339579976819,0.01235333957997682,0.15,S3_TREND
2026-03-26 01:00:00+00:00,SOL,SELL,3.550173958296,0.003550173958296,0.15,S3_TREND
2026-03-26 02:00:00+00:00,BTC,BUY,9.560224184215258,0.009560224184215258,0.15,S3_TREND
2026-03-26 02:00:00+00:00,ETH,BUY,12.476279360373155,0.012476279360373155,0.15,S3_TREND
2026-03-26 02:00:00+00:00,SOL,SELL,21.21297891330505,0.02121297891330505,0.15,S3_TREND
2026-03-26 03:00:00+00:00,BTC,BUY,26.873523719177683,0.026873523719177683,0.15,S3_TREND
2026-03-26 03:00:00+00:00,ETH,BUY,53.94519898258295,0.05394519898258295,0.15,S3_TREND
2026-03-26 03:00:00+00:00,SOL,BUY,94.1153732293169,0.0941153732293169,0.15,S3_TREND
2026-03-26 04:00:00+00:00,BTC,BUY,1.2148688138477155,0.0012148688138477156,0.15,S3_TREND
2026-03-26 04:00:00+00:00,ETH,SELL,15.232884221324639,0.01523288422132464,0.15,S3_TREND
2026-03-26 04:00:00+00:00,SOL,SELL,12.327956982919204,0.012327956982919204,0.15,S3_TREND
2026-03-26 05:00:00+00:00,BTC,BUY,16.748744512355188,0.01674874451235519,0.15,S3_TREND
2026-03-26 05:00:00+00:00,ETH,BUY,9.703845636198821,0.009703845636198822,0.15,S3_TREND
2026-03-26 05:00:00+00:00,SOL,BUY,26.162022202001026,0.026162022202001027,0.15,S3_TREND
2026-03-26 06:00:00+00:00,BTC,BUY,64.43400030840894,0.06443400030840894,0.15,S3_TREND
2026-03-26 06:00:00+00:00,ETH,BUY,114.06653707707301,0.11406653707707301,0.15,S3_TREND
2026-03-26 06:00:00+00:00,SOL,BUY,162.02781025120385,0.16202781025120386,0.15,S3_TREND
2026-03-26 07:00:00+00:00,BTC,SELL,16.59453865438627,0.01659453865438627,0.15,S3_TREND
2026-03-26 07:00:00+00:00,ETH,SELL,15.8451025164577,0.0158451025164577,0.15,S3_TREND
2026-03-26 07:00:00+00:00,SOL,BUY,31.3882206034923,0.0313882206034923,0.15,S3_TREND
2026-03-26 08:00:00+00:00,BTC,BUY,4.55394034058736,0.00455394034058736,0.15,S3_TREND
2026-03-26 08:00:00+00:00,ETH,SELL,9.776707247110608,0.009776707247110607,0.15,S3_TREND
2026-03-26 08:00:00+00:00,SOL,SELL,4.0655558823800675,0.004065555882380068,0.15,S3_TREND
2026-03-26 09:00:00+00:00,BTC,BUY,1.5760319148703275,0.0015760319148703276,0.15,S3_TREND
2026-03-26 09:00:00+00:00,ETH,BUY,16.00944738542421,0.01600944738542421,0.15,S3_TREND
2026-03-26 09:00:00+00:00,SOL,BUY,24.660589154627814,0.024660589154627814,0.15,S3_TREND
2026-03-26 10:00:00+00:00,BTC,BUY,25.03698726928451,0.02503698726928451,0.15,S3_TREND
2026-03-26 10:00:00+00:00,ETH,BUY,184.10644604399022,0.18410644604399024,0.15,S3_TREND
2026-03-26 10:00:00+00:00,SOL,BUY,53.56274663715158,0.053562746637151576,0.15,S3_TREND
2026-03-26 11:00:00+00:00,BTC,SELL,7281.876918549501,7.281876918549501,0.075,S6_REVERSAL
2026-03-26 11:00:00+00:00,ETH,BUY,18.009663190359788,0.01800966319035979,0.15,S3_TREND
2026-03-26 11:00:00+00:00,SOL,BUY,18.27404471887712,0.01827404471887712,0.15,S3_TREND
2026-03-26 12:00:00+00:00,BTC,BUY,12.911244450557206,0.012911244450557207,0.075,S6_REVERSAL
2026-03-26 12:00:00+00:00,ETH,SELL,7222.349603293624,7.222349603293623,0.075,S6_REVERSAL
2026-03-26 12:00:00+00:00,SOL,SELL,14501.551334730439,14.501551334730438,0.0,CASH
2026-03-26 13:00:00+00:00,BTC,SELL,15.842056282307567,0.015842056282307566,0.075,S6_REVERSAL
2026-03-26 13:00:00+00:00,ETH,SELL,17.10880309838558,0.01710880309838558,0.075,S6_REVERSAL
2026-03-26 13:00:00+00:00,SOL,BUY,7269.995847811964,7.269995847811964,0.075,S6_REVERSAL
2026-03-26 14:00:00+00:00,BTC,SELL,16.59445383738148,0.01659445383738148,0.075,S6_REVERSAL
2026-03-26 14:00:00+00:00,ETH,SELL,21.305198615592413,0.021305198615592415,0.075,S6_REVERSAL
2026-03-26 14:00:00+00:00,SOL,SELL,25.31027789653581,0.02531027789653581,0.075,S6_REVERSAL
2026-03-26 15:00:00+00:00,BTC,BUY,12.385727782889262,0.012385727782889263,0.075,S6_REVERSAL
2026-03-26 15:00:00+00:00,ETH,BUY,12.243000453542663,0.012243000453542664,0.075,S6_REVERSAL
2026-03-26 15:00:00+00:00,SOL,BUY,27.242985597465122,0.027242985597465123,0.075,S6_REVERSAL
2026-03-26 16:00:00+00:00,BTC,BUY,36.84216918529364,0.03684216918529364,0.075,S6_REVERSAL
2026-03-26 16:00:00+00:00,ETH,BUY,15.861451770080748,0.015861451770080748,0.075,S6_REVERSAL
2026-03-26 16:00:00+00:00,SOL,SELL,3.8976567384888767,0.0038976567384888766,0.075,S6_REVERSAL
2026-03-26 17:00:00+00:00,BTC,BUY,10.044444833010857,0.010044444833010858,0.075,S6_REVERSAL
2026-03-26 17:00:00+00:00,ETH,BUY,27.595212404202357,0.027595212404202357,0.075,S6_REVERSAL
2026-03-26 17:00:00+00:00,SOL,BUY,21.649370663300033,0.021649370663300034,0.075,S6_REVERSAL
2026-03-26 18:00:00+00:00,BTC,SELL,7212.971394261901,7.212971394261901,0.0,CASH
2026-03-26 18:00:00+00:00,ETH,SELL,7219.433245603804,7.2194332456038035,0.0,CASH
2026-03-26 18:00:00+00:00,SOL,BUY,38.106316919018354,0.038106316919018356,0.075,S6_REVERSAL
2026-03-26 19:00:00+00:00,BTC,BUY,7245.126359102975,7.245126359102975,0.075,S6_REVERSAL
2026-03-26 19:00:00+00:00,ETH,BUY,7245.126359102975,7.245126359102975,0.075,S6_REVERSAL
2026-03-26 19:00:00+00:00,SOL,SELL,7202.857242918208,7.202857242918208,0.0,CASH
2026-03-26 20:00:00+00:00,BTC,BUY,7239.559620844329,7.23955962084433,0.15,S3_TREND
2026-03-26 20:00:00+00:00,ETH,SELL,7.650648653137068,0.007650648653137068,0.075,S6_REVERSAL
2026-03-26 20:00:00+00:00,SOL,BUY,7244.306127840135,7.244306127840135,0.075,S6_REVERSAL
2026-03-26 21:00:00+00:00,BTC,SELL,67.35373196769979,0.06735373196769978,0.15,S3_TREND
2026-03-26 21:00:00+00:00,ETH,SELL,39.695252615935715,0.03969525261593571,0.075,S6_REVERSAL
2026-03-26 21:00:00+00:00,SOL,SELL,57.638783693030746,0.05763878369303075,0.075,S6_REVERSAL
2026-03-26 22:00:00+00:00,BTC,BUY,22.914229708254425,0.022914229708254425,0.15,S3_TREND
2026-03-26 22:00:00+00:00,ETH,SELL,9.663792253235442,0.009663792253235442,0.075,S6_REVERSAL
2026-03-26 22:00:00+00:00,SOL,SELL,37.7514411154807,0.037751441115480705,0.075,S6_REVERSAL
2026-03-26 23:00:00+00:00,BTC,BUY,3.647438600206442,0.003647438600206442,0.15,S3_TREND
2026-03-26 23:00:00+00:00,ETH,BUY,7.570172804984395,0.007570172804984395,0.075,S6_REVERSAL
2026-03-27 00:00:00+00:00,BTC,SELL,7251.046448927415,7.251046448927416,0.075,S6_REVERSAL
2026-03-27 00:00:00+00:00,ETH,BUY,14.72624616344001,0.01472624616344001,0.075,S6_REVERSAL
2026-03-27 00:00:00+00:00,SOL,BUY,20.290755787638773,0.020290755787638774,0.075,S6_REVERSAL
2026-03-27 01:00:00+00:00,BTC,BUY,4.238852707288061,0.004238852707288061,0.075,S6_REVERSAL
2026-03-27 01:00:00+00:00,ETH,SELL,15.687110343265886,0.015687110343265885,0.075,S6_REVERSAL
2026-03-27 01:00:00+00:00,SOL,SELL,1.162338554937378,0.001162338554937378,0.075,S6_REVERSAL
2026-03-27 02:00:00+00:00,BTC,SELL,21.371289103084564,0.021371289103084563,0.075,S6_REVERSAL
2026-03-27 02:00:00+00:00,ETH,SELL,25.505131674945915,0.025505131674945915,0.075,S6_REVERSAL
2026-03-27 02:00:00+00:00,SOL,SELL,22.629262018843292,0.022629262018843292,0.075,S6_REVERSAL
2026-03-27 03:00:00+00:00,BTC,BUY,11.558162854672446,0.011558162854672446,0.075,S6_REVERSAL
2026-03-27 03:00:00+00:00,ETH,BUY,16.754295114209526,0.016754295114209526,0.075,S6_REVERSAL
2026-03-27 03:00:00+00:00,SOL,BUY,12.741678471403247,0.012741678471403247,0.075,S6_REVERSAL
2026-03-27 04:00:00+00:00,BTC,BUY,9.777010805747523,0.009777010805747523,0.075,S6_REVERSAL
2026-03-27 04:00:00+00:00,ETH,BUY,19.27381862328093,0.019273818623280932,0.075,S6_REVERSAL
2026-03-27 04:00:00+00:00,SOL,BUY,18.05131072995573,0.018051310729955732,0.075,S6_REVERSAL
2026-03-27 05:00:00+00:00,BTC,BUY,14.643581976653877,0.014643581976653877,0.075,S6_REVERSAL
2026-03-27 05:00:00+00:00,ETH,BUY,24.14331773548929,0.024143317735489292,0.075,S6_REVERSAL
2026-03-27 05:00:00+00:00,SOL,BUY,16.47759005444641,0.01647759005444641,0.075,S6_REVERSAL
2026-03-27 06:00:00+00:00,BTC,SELL,3.400946083814233,0.003400946083814233,0.075,S6_REVERSAL
2026-03-27 06:00:00+00:00,ETH,SELL,26.3920438368732,0.0263920438368732,0.075,S6_REVERSAL
2026-03-27 06:00:00+00:00,SOL,BUY,7.227637502080142,0.0072276375020801425,0.075,S6_REVERSAL
2026-03-27 07:00:00+00:00,BTC,SELL,2.2767597675447178,0.0022767597675447176,0.075,S6_REVERSAL
2026-03-27 07:00:00+00:00,ETH,SELL,4.905834540782962,0.004905834540782962,0.075,S6_REVERSAL
2026-03-27 07:00:00+00:00,SOL,BUY,2.9346482055889282,0.0029346482055889285,0.075,S6_REVERSAL
2026-03-27 08:00:00+00:00,BTC,BUY,11.285788295162092,0.011285788295162092,0.075,S6_REVERSAL
2026-03-27 08:00:00+00:00,ETH,SELL,13.347230700494038,0.013347230700494038,0.075,S6_REVERSAL
2026-03-27 08:00:00+00:00,SOL,BUY,11.706444468277368,0.011706444468277368,0.075,S6_REVERSAL
2026-03-27 09:00:00+00:00,BTC,BUY,50.78835674425227,0.05078835674425227,0.075,S6_REVERSAL
2026-03-27 09:00:00+00:00,ETH,BUY,49.52448827859189,0.04952448827859189,0.075,S6_REVERSAL
2026-03-27 09:00:00+00:00,SOL,BUY,52.71408223405069,0.05271408223405069,0.075,S6_REVERSAL
2026-03-27 10:00:00+00:00,BTC,BUY,20.071137897321023,0.020071137897321022,0.075,S6_REVERSAL
2026-03-27 10:00:00+00:00,ETH,BUY,20.265310185023736,0.020265310185023738,0.075,S6_REVERSAL
2026-03-27 11:00:00+00:00,BTC,SELL,7106.156133709226,7.106156133709226,0.0,CASH
2026-03-27 11:00:00+00:00,ETH,SELL,7058.5664071677775,7.058566407167778,0.0,CASH
2026-03-27 11:00:00+00:00,SOL,SELL,7058.992341650343,7.0589923416503435,0.0,CASH
2026-03-27 12:00:00+00:00,BTC,BUY,7196.248604893871,7.196248604893871,0.075,S6_REVERSAL
2026-03-27 12:00:00+00:00,ETH,BUY,7196.248604893871,7.196248604893871,0.075,S6_REVERSAL
2026-03-27 12:00:00+00:00,SOL,BUY,7196.248604893871,7.196248604893871,0.075,S6_REVERSAL
2026-03-27 13:00:00+00:00,BTC,BUY,4.21772829272777,0.00421772829272777,0.075,S6_REVERSAL
2026-03-27 13:00:00+00:00,ETH,BUY,3.750415624285779,0.003750415624285779,0.075,S6_REVERSAL
2026-03-27 13:00:00+00:00,SOL,BUY,19.422977358797652,0.019422977358797652,0.075,S6_REVERSAL
2026-03-27 14:00:00+00:00,BTC,BUY,39.201557979759855,0.039201557979759855,0.075,S6_REVERSAL
2026-03-27 14:00:00+00:00,ETH,BUY,29.60784896880341,0.02960784896880341,0.075,S6_REVERSAL
2026-03-27 14:00:00+00:00,SOL,BUY,7.338315468804467,0.007338315468804467,0.075,S6_REVERSAL
2026-03-27 15:00:00+00:00,BTC,BUY,2.57436470110315,0.00257436470110315,0.075,S6_REVERSAL
2026-03-27 15:00:00+00:00,ETH,SELL,32.52137170860715,0.03252137170860715,0.075,S6_REVERSAL
2026-03-27 15:00:00+00:00,SOL,SELL,15.528740978221322,0.015528740978221323,0.075,S6_REVERSAL
2026-03-27 16:00:00+00:00,BTC,BUY,11.016146826034856,0.011016146826034856,0.075,S6_REVERSAL
2026-03-27 16:00:00+00:00,ETH,SELL,5.974264129829862,0.005974264129829862,0.075,S6_REVERSAL
2026-03-27 16:00:00+00:00,SOL,SELL,15.422372030675433,0.015422372030675433,0.075,S6_REVERSAL
2026-03-27 17:00:00+00:00,BTC,BUY,9.924941248934374,0.009924941248934374,0.075,S6_REVERSAL
2026-03-27 17:00:00+00:00,ETH,BUY,12.806330073057325,0.012806330073057325,0.075,S6_REVERSAL
2026-03-27 17:00:00+00:00,SOL,BUY,24.727935583717226,0.024727935583717227,0.075,S6_REVERSAL
2026-03-27 18:00:00+00:00,BTC,SELL,7147.216545170592,7.1472165451705925,0.0,CASH
2026-03-27 18:00:00+00:00,ETH,BUY,22.95133747595628,0.02295133747595628,0.075,S6_REVERSAL
2026-03-27 18:00:00+00:00,SOL,BUY,57.10849564577711,0.057108495645777115,0.075,S6_REVERSAL
2026-03-27 19:00:00+00:00,BTC,BUY,7176.92290867618,7.17692290867618,0.075,S6_REVERSAL
2026-03-27 19:00:00+00:00,ETH,SELL,23.558522460171844,0.023558522460171843,0.075,S6_REVERSAL
2026-03-27 19:00:00+00:00,SOL,SELL,10.700684033671678,0.010700684033671679,0.075,S6_REVERSAL
2026-03-27 20:00:00+00:00,BTC,SELL,16.39128094532225,0.016391280945322252,0.075,S6_REVERSAL
2026-03-27 20:00:00+00:00,ETH,SELL,20.450203203687124,0.020450203203687126,0.075,S6_REVERSAL
2026-03-27 20:00:00+00:00,SOL,SELL,30.743242154336258,0.03074324215433626,0.075,S6_REVERSAL
2026-03-27 21:00:00+00:00,ETH,BUY,18.420234124500894,0.018420234124500893,0.075,S6_REVERSAL
2026-03-27 21:00:00+00:00,SOL,BUY,1.5138776940975731,0.001513877694097573,0.075,S6_REVERSAL
2026-03-27 22:00:00+00:00,BTC,SELL,7.778895773733893,0.007778895773733894,0.075,S6_REVERSAL
2026-03-27 22:00:00+00:00,ETH,BUY,1.535132097679707,0.001535132097679707,0.075,S6_REVERSAL
2026-03-27 22:00:00+00:00,SOL,BUY,2.1494124908731465,0.0021494124908731467,0.075,S6_REVERSAL
2026-03-27 23:00:00+00:00,BTC,BUY,7.631022695950378,0.007631022695950378,0.075,S6_REVERSAL
2026-03-28 00:00:00+00:00,BTC,SELL,34.508251634930275,0.03450825163493028,0.075,S6_REVERSAL
2026-03-28 00:00:00+00:00,ETH,SELL,18.617905189301382,0.018617905189301384,0.075,S6_REVERSAL
2026-03-28 00:00:00+00:00,SOL,SELL,24.472377742963545,0.024472377742963545,0.075,S6_REVERSAL
2026-03-28 01:00:00+00:00,BTC,SELL,4.164597998163117,0.004164597998163117,0.075,S6_REVERSAL
2026-03-28 01:00:00+00:00,SOL,BUY,20.94813366914059,0.020948133669140587,0.075,S6_REVERSAL
2026-03-28 02:00:00+00:00,BTC,BUY,23.459434257521025,0.023459434257521027,0.075,S6_REVERSAL
2026-03-28 02:00:00+00:00,ETH,BUY,2.9906936860361384,0.0029906936860361385,0.075,S6_REVERSAL
2026-03-28 02:00:00+00:00,SOL,BUY,12.605632398641319,0.01260563239864132,0.075,S6_REVERSAL
2026-03-28 03:00:00+00:00,BTC,BUY,11.184215774731456,0.011184215774731457,0.075,S6_REVERSAL
2026-03-28 03:00:00+00:00,ETH,BUY,8.768590612914522,0.008768590612914523,0.075,S6_REVERSAL
2026-03-28 03:00:00+00:00,SOL,BUY,5.366353724669352,0.005366353724669352,0.075,S6_REVERSAL
2026-03-28 04:00:00+00:00,BTC,SELL,18.082170879571095,0.018082170879571095,0.075,S6_REVERSAL
2026-03-28 04:00:00+00:00,ETH,SELL,4.53285922838495,0.00453285922838495,0.075,S6_REVERSAL
2026-03-28 05:00:00+00:00,BTC,SELL,4.210509995880784,0.004210509995880784,0.075,S6_REVERSAL
2026-03-28 05:00:00+00:00,ETH,SELL,5.143323875919123,0.005143323875919123,0.075,S6_REVERSAL
2026-03-28 05:00:00+00:00,SOL,BUY,2.0236998848404255,0.0020236998848404257,0.075,S6_REVERSAL
2026-03-28 06:00:00+00:00,BTC,SELL,3.668899676640649,0.003668899676640649,0.075,S6_REVERSAL
2026-03-28 06:00:00+00:00,ETH,SELL,9.843702277951706,0.009843702277951706,0.075,S6_REVERSAL
2026-03-28 06:00:00+00:00,SOL,SELL,12.29101055376941,0.01229101055376941,0.075,S6_REVERSAL
2026-03-28 07:00:00+00:00,ETH,SELL,19.306432687956658,0.01930643268795666,0.075,S6_REVERSAL
2026-03-28 07:00:00+00:00,SOL,SELL,32.395721739289,0.032395721739289,0.075,S6_REVERSAL
2026-03-28 08:00:00+00:00,BTC,SELL,12.884699758480565,0.012884699758480566,0.075,S6_REVERSAL
2026-03-28 08:00:00+00:00,ETH,SELL,7212.450161370015,7.212450161370015,0.0,CASH
2026-03-28 08:00:00+00:00,SOL,SELL,7228.493409578641,7.2284934095786415,0.0,CASH
2026-03-28 09:00:00+00:00,BTC,BUY,14.132183566876847,0.014132183566876847,0.075,S6_REVERSAL
2026-03-28 10:00:00+00:00,BTC,BUY,9.821021126425876,0.009821021126425876,0.075,S6_REVERSAL
2026-03-28 11:00:00+00:00,BTC,BUY,9.025014058988745,0.009025014058988746,0.075,S6_REVERSAL
2026-03-28 12:00:00+00:00,BTC,SELL,9.855575910210973,0.009855575910210973,0.075,S6_REVERSAL
2026-03-28 13:00:00+00:00,BTC,SELL,13.609563539817827,0.013609563539817827,0.075,S6_REVERSAL
2026-03-28 14:00:00+00:00,BTC,SELL,38.05461282694433,0.03805461282694433,0.075,S6_REVERSAL
2026-03-28 15:00:00+00:00,BTC,BUY,9.262277040666959,0.009262277040666959,0.075,S6_REVERSAL
2026-03-28 16:00:00+00:00,BTC,SELL,27.21350195824016,0.02721350195824016,0.075,S6_REVERSAL
2026-03-28 17:00:00+00:00,BTC,BUY,8.74027631154513,0.008740276311545132,0.075,S6_REVERSAL
2026-03-28 18:00:00+00:00,BTC,BUY,8.031997379843233,0.008031997379843232,0.075,S6_REVERSAL
2026-03-28 19:00:00+00:00,BTC,SELL,6.158811219209383,0.006158811219209383,0.075,S6_REVERSAL
2026-03-28 22:00:00+00:00,BTC,BUY,22.141380306999963,0.022141380306999962,0.075,S6_REVERSAL
2026-03-28 23:00:00+00:00,BTC,SELL,7.0240695264856186,0.007024069526485619,0.075,S6_REVERSAL
2026-03-29 00:00:00+00:00,BTC,BUY,37.77879729324923,0.037778797293249226,0.075,S6_REVERSAL
2026-03-29 01:00:00+00:00,BTC,SELL,11.119573834025687,0.011119573834025688,0.075,S6_REVERSAL
2026-03-29 02:00:00+00:00,BTC,SELL,8.13759413884236,0.00813759413884236,0.075,S6_REVERSAL
2026-03-29 03:00:00+00:00,BTC,SELL,24.875228729077207,0.024875228729077208,0.075,S6_REVERSAL
2026-03-29 04:00:00+00:00,BTC,SELL,9.366843739053365,0.009366843739053365,0.075,S6_REVERSAL
2026-03-29 05:00:00+00:00,BTC,BUY,17.59837750207771,0.01759837750207771,0.075,S6_REVERSAL
2026-03-29 06:00:00+00:00,BTC,SELL,3.6722105853023095,0.0036722105853023096,0.075,S6_REVERSAL
2026-03-29 07:00:00+00:00,BTC,BUY,3.333745863264994,0.003333745863264994,0.075,S6_REVERSAL
2026-03-29 08:00:00+00:00,BTC,BUY,6.73272641575295,0.00673272641575295,0.075,S6_REVERSAL
2026-03-29 09:00:00+00:00,BTC,SELL,5.2920890695131675,0.005292089069513168,0.075,S6_REVERSAL
2026-03-29 10:00:00+00:00,BTC,BUY,8.977711471651673,0.008977711471651674,0.075,S6_REVERSAL
2026-03-29 11:00:00+00:00,BTC,BUY,13.106217905759877,0.013106217905759877,0.075,S6_REVERSAL
2026-03-29 12:00:00+00:00,BTC,SELL,31.373422215374376,0.031373422215374376,0.075,S6_REVERSAL
2026-03-29 13:00:00+00:00,BTC,SELL,3.349275295174266,0.003349275295174266,0.075,S6_REVERSAL
2026-03-29 14:00:00+00:00,BTC,BUY,26.842348872478397,0.026842348872478397,0.075,S6_REVERSAL
2026-03-29 16:00:00+00:00,BTC,BUY,5.731095066918897,0.005731095066918897,0.075,S6_REVERSAL
2026-03-29 17:00:00+00:00,BTC,BUY,2.365674729159764,0.002365674729159764,0.075,S6_REVERSAL
2026-03-29 18:00:00+00:00,BTC,BUY,11.360859993873419,0.011360859993873419,0.075,S6_REVERSAL
2026-03-29 18:00:00+00:00,SOL,BUY,7193.92197424867,7.193921974248671,0.075,S6_REVERSAL
2026-03-29 19:00:00+00:00,BTC,SELL,3.03942694728903,0.0030394269472890302,0.075,S6_REVERSAL
2026-03-29 19:00:00+00:00,SOL,SELL,20.60086369826877,0.020600863698268773,0.075,S6_REVERSAL
2026-03-29 20:00:00+00:00,BTC,BUY,6.6262924261909575,0.006626292426190957,0.075,S6_REVERSAL
2026-03-29 20:00:00+00:00,SOL,BUY,14.81680060304825,0.01481680060304825,0.075,S6_REVERSAL
2026-03-29 21:00:00+00:00,BTC,SELL,24.571933001883735,0.024571933001883737,0.075,S6_REVERSAL
2026-03-29 21:00:00+00:00,SOL,SELL,23.11563313998795,0.02311563313998795,0.075,S6_REVERSAL
2026-03-29 22:00:00+00:00,BTC,SELL,8.156909527053358,0.008156909527053358,0.075,S6_REVERSAL
2026-03-29 22:00:00+00:00,SOL,SELL,17.1027704612643,0.0171027704612643,0.075,S6_REVERSAL
2026-03-29 23:00:00+00:00,BTC,BUY,76.88410423492951,0.07688410423492952,0.075,S6_REVERSAL
2026-03-29 23:00:00+00:00,SOL,BUY,91.21413356560151,0.09121413356560151,0.075,S6_REVERSAL
2026-03-30 00:00:00+00:00,BTC,SELL,11.816729799551467,0.011816729799551468,0.075,S6_REVERSAL
2026-03-30 00:00:00+00:00,SOL,SELL,40.65763172692186,0.04065763172692186,0.075,S6_REVERSAL
2026-03-30 01:00:00+00:00,BTC,SELL,24.223402856508073,0.024223402856508074,0.075,S6_REVERSAL
2026-03-30 01:00:00+00:00,SOL,SELL,33.730388347228654,0.033730388347228656,0.075,S6_REVERSAL
2026-03-30 02:00:00+00:00,BTC,SELL,32.03818045560547,0.03203818045560547,0.075,S6_REVERSAL
2026-03-30 02:00:00+00:00,SOL,SELL,64.41753529139714,0.06441753529139714,0.075,S6_REVERSAL
2026-03-30 03:00:00+00:00,BTC,SELL,42.66873864209447,0.042668738642094466,0.075,S6_REVERSAL
2026-03-30 03:00:00+00:00,SOL,SELL,46.16057687361536,0.04616057687361536,0.075,S6_REVERSAL
2026-03-30 04:00:00+00:00,BTC,SELL,5.707049812092919,0.005707049812092919,0.075,S6_REVERSAL
2026-03-30 04:00:00+00:00,ETH,BUY,14422.19536263561,14.42219536263561,0.15,S3_TREND
2026-03-30 04:00:00+00:00,SOL,BUY,6.021301414942172,0.006021301414942172,0.075,S6_REVERSAL
2026-03-30 05:00:00+00:00,BTC,BUY,7188.215624882216,7.188215624882216,0.15,S3_TREND
2026-03-30 05:00:00+00:00,ETH,SELL,64.00286441096614,0.06400286441096614,0.15,S3_TREND
2026-03-30 05:00:00+00:00,SOL,SELL,30.124450154587976,0.030124450154587975,0.075,S6_REVERSAL
2026-03-30 06:00:00+00:00,BTC,BUY,19.131076472316636,0.019131076472316638,0.15,S3_TREND
2026-03-30 06:00:00+00:00,ETH,SELL,3.4451357591096894,0.0034451357591096894,0.15,S3_TREND
2026-03-30 06:00:00+00:00,SOL,BUY,7.549035327334423,0.0075490353273344225,0.075,S6_REVERSAL
2026-03-30 07:00:00+00:00,BTC,BUY,26.297661225604315,0.026297661225604316,0.15,S3_TREND
2026-03-30 07:00:00+00:00,ETH,BUY,24.156822626595385,0.024156822626595385,0.15,S3_TREND
2026-03-30 07:00:00+00:00,SOL,BUY,6.92373509583922,0.00692373509583922,0.075,S6_REVERSAL
2026-03-30 08:00:00+00:00,BTC,SELL,33.033570636891454,0.033033570636891454,0.15,S3_TREND
2026-03-30 08:00:00+00:00,ETH,SELL,85.52478684319613,0.08552478684319613,0.15,S3_TREND
2026-03-30 08:00:00+00:00,SOL,SELL,28.966660875280468,0.028966660875280468,0.075,S6_REVERSAL
2026-03-30 09:00:00+00:00,BTC,BUY,1.804506458409378,0.001804506458409378,0.15,S3_TREND
2026-03-30 09:00:00+00:00,ETH,SELL,8.441926653953487,0.008441926653953487,0.15,S3_TREND
2026-03-30 09:00:00+00:00,SOL,SELL,38.49621933375056,0.03849621933375056,0.075,S6_REVERSAL
2026-03-30 10:00:00+00:00,BTC,BUY,18.658755358756025,0.018658755358756024,0.15,S3_TREND
2026-03-30 10:00:00+00:00,ETH,BUY,32.33486969745172,0.032334869697451724,0.15,S3_TREND
2026-03-30 10:00:00+00:00,SOL,BUY,23.578199264119576,0.023578199264119575,0.075,S6_REVERSAL
2026-03-30 11:00:00+00:00,BTC,BUY,1.116067777007629,0.0011160677770076291,0.15,S3_TREND
2026-03-30 11:00:00+00:00,ETH,SELL,18.71954849188296,0.01871954849188296,0.15,S3_TREND
2026-03-30 11:00:00+00:00,SOL,BUY,18.749840058570953,0.018749840058570954,0.075,S6_REVERSAL
2026-03-30 12:00:00+00:00,BTC,SELL,16.380550330544793,0.016380550330544794,0.15,S3_TREND
2026-03-30 12:00:00+00:00,ETH,SELL,70.24853206044463,0.07024853206044464,0.15,S3_TREND
2026-03-30 12:00:00+00:00,SOL,SELL,16.095891402875168,0.01609589140287517,0.075,S6_REVERSAL
2026-03-30 13:00:00+00:00,BTC,SELL,33.234471594572824,0.03323447159457282,0.15,S3_TREND
2026-03-30 13:00:00+00:00,ETH,SELL,9.070980330901875,0.009070980330901875,0.15,S3_TREND
2026-03-30 13:00:00+00:00,SOL,SELL,7260.652713839362,7.260652713839362,0.0,CASH
2026-03-30 14:00:00+00:00,BTC,BUY,51.780640489438156,0.05178064048943816,0.15,S3_TREND
2026-03-30 14:00:00+00:00,ETH,BUY,67.87017906755682,0.06787017906755682,0.15,S3_TREND
2026-03-30 15:00:00+00:00,BTC,SELL,37.89449636221252,0.037894496362212524,0.15,S3_TREND
2026-03-30 15:00:00+00:00,ETH,SELL,55.295454002067345,0.05529545400206735,0.15,S3_TREND
2026-03-30 16:00:00+00:00,BTC,BUY,33.90299176845474,0.03390299176845474,0.15,S3_TREND
2026-03-30 16:00:00+00:00,ETH,SELL,22.582421082695873,0.022582421082695873,0.15,S3_TREND
2026-03-30 17:00:00+00:00,BTC,BUY,38.80980085583178,0.03880980085583178,0.15,S3_TREND
2026-03-30 17:00:00+00:00,ETH,BUY,41.14584852872758,0.04114584852872758,0.15,S3_TREND
2026-03-30 18:00:00+00:00,BTC,BUY,72.9453030321547,0.0729453030321547,0.15,S3_TREND
2026-03-30 18:00:00+00:00,ETH,BUY,127.73261815119804,0.12773261815119805,0.15,S3_TREND
2026-03-30 19:00:00+00:00,BTC,BUY,22.255684681913408,0.02225568468191341,0.15,S3_TREND
2026-03-30 19:00:00+00:00,ETH,BUY,49.49509905463128,0.049495099054631286,0.15,S3_TREND
2026-03-30 20:00:00+00:00,BTC,BUY,9.522001340146744,0.009522001340146745,0.15,S3_TREND
2026-03-30 20:00:00+00:00,ETH,BUY,50.256524998447276,0.05025652499844728,0.15,S3_TREND
2026-03-30 21:00:00+00:00,BTC,SELL,19.18561974991644,0.019185619749916442,0.15,S3_TREND
2026-03-30 21:00:00+00:00,ETH,BUY,6.362462480095928,0.0063624624800959284,0.15,S3_TREND
2026-03-30 22:00:00+00:00,BTC,SELL,15.319240998402165,0.015319240998402166,0.15,S3_TREND
2026-03-30 22:00:00+00:00,ETH,SELL,72.36858789489816,0.07236858789489815,0.15,S3_TREND
2026-03-30 23:00:00+00:00,BTC,BUY,1.337292344771413,0.001337292344771413,0.15,S3_TREND
2026-03-30 23:00:00+00:00,ETH,BUY,16.832766248784537,0.016832766248784537,0.15,S3_TREND
2026-03-31 00:00:00+00:00,BTC,SELL,9.285993064444483,0.009285993064444484,0.15,S3_TREND
2026-03-31 00:00:00+00:00,ETH,BUY,40.10537943292911,0.04010537943292911,0.15,S3_TREND
2026-03-31 01:00:00+00:00,BTC,SELL,64.56707869641286,0.06456707869641287,0.15,S3_TREND
2026-03-31 01:00:00+00:00,ETH,SELL,48.14882046522871,0.04814882046522871,0.15,S3_TREND
2026-03-31 02:00:00+00:00,BTC,SELL,94.48728372606092,0.09448728372606092,0.15,S3_TREND
2026-03-31 02:00:00+00:00,ETH,SELL,195.3693499453384,0.19536934994533842,0.15,S3_TREND
2026-03-31 04:00:00+00:00,BTC,BUY,35.67156305002209,0.03567156305002209,0.15,S3_TREND
2026-03-31 04:00:00+00:00,ETH,BUY,29.806759809105642,0.029806759809105642,0.15,S3_TREND
2026-03-31 05:00:00+00:00,BTC,BUY,23.06689260184794,0.02306689260184794,0.15,S3_TREND
2026-03-31 05:00:00+00:00,ETH,BUY,29.607067260876647,0.029607067260876647,0.15,S3_TREND
2026-03-31 06:00:00+00:00,BTC,SELL,21.43900935122838,0.021439009351228378,0.15,S3_TREND
2026-03-31 06:00:00+00:00,ETH,SELL,16.168798021242765,0.016168798021242766,0.15,S3_TREND
2026-03-31 07:00:00+00:00,BTC,BUY,32.22562704891243,0.03222562704891243,0.15,S3_TREND
2026-03-31 07:00:00+00:00,ETH,BUY,5.796923131096264,0.005796923131096264,0.15,S3_TREND
2026-03-31 08:00:00+00:00,BTC,BUY,16.114754644384448,0.016114754644384447,0.15,S3_TREND
2026-03-31 08:00:00+00:00,ETH,BUY,33.82966799902897,0.03382966799902897,0.15,S3_TREND
2026-03-31 08:00:00+00:00,SOL,BUY,14454.891697069388,14.454891697069389,0.15,S3_TREND
2026-03-31 09:00:00+00:00,BTC,BUY,66.39838463336491,0.06639838463336492,0.15,S3_TREND
2026-03-31 09:00:00+00:00,ETH,BUY,51.517659734830886,0.051517659734830884,0.15,S3_TREND
2026-03-31 09:00:00+00:00,SOL,BUY,87.79500761729469,0.08779500761729468,0.15,S3_TREND
2026-03-31 10:00:00+00:00,BTC,BUY,52.04111863199796,0.052041118631997965,0.15,S3_TREND
2026-03-31 10:00:00+00:00,ETH,BUY,64.60171630942568,0.06460171630942568,0.15,S3_TREND
2026-03-31 10:00:00+00:00,SOL,BUY,208.72861049239327,0.20872861049239327,0.15,S3_TREND
2026-03-31 11:00:00+00:00,BTC,SELL,37.37350963625431,0.03737350963625431,0.15,S3_TREND
2026-03-31 11:00:00+00:00,ETH,SELL,43.425139347400545,0.04342513934740055,0.15,S3_TREND
2026-03-31 11:00:00+00:00,SOL,BUY,28.407982512930175,0.028407982512930176,0.15,S3_TREND
2026-03-31 12:00:00+00:00,BTC,SELL,33.397880747303134,0.033397880747303134,0.15,S3_TREND
2026-03-31 12:00:00+00:00,ETH,SELL,67.79618005628436,0.06779618005628436,0.15,S3_TREND
2026-03-31 12:00:00+00:00,SOL,SELL,31.471979809301047,0.03147197980930105,0.15,S3_TREND
2026-03-31 13:00:00+00:00,BTC,BUY,10.979518898509923,0.010979518898509923,0.15,S3_TREND
2026-03-31 13:00:00+00:00,ETH,SELL,42.20861663204596,0.04220861663204596,0.15,S3_TREND
2026-03-31 13:00:00+00:00,SOL,SELL,14343.960762915853,14.343960762915852,0.0,CASH
2026-03-31 14:00:00+00:00,BTC,SELL,91.99202384491036,0.09199202384491037,0.15,S3_TREND
2026-03-31 14:00:00+00:00,ETH,SELL,145.64273475507616,0.14564273475507616,0.15,S3_TREND
2026-03-31 14:00:00+00:00,SOL,BUY,14408.227166710092,14.408227166710093,0.15,S3_TREND
2026-03-31 15:00:00+00:00,BTC,BUY,65.01740812106436,0.06501740812106437,0.15,S3_TREND
2026-03-31 15:00:00+00:00,ETH,BUY,116.30445851320292,0.11630445851320292,0.15,S3_TREND
2026-03-31 15:00:00+00:00,SOL,BUY,126.74625432362518,0.12674625432362518,0.15,S3_TREND
2026-03-31 16:00:00+00:00,BTC,SELL,11.595368228277948,0.011595368228277949,0.15,S3_TREND
2026-03-31 16:00:00+00:00,ETH,SELL,41.844701051428274,0.041844701051428276,0.15,S3_TREND
2026-03-31 16:00:00+00:00,SOL,SELL,22.10561993245392,0.02210561993245392,0.15,S3_TREND
2026-03-31 17:00:00+00:00,BTC,SELL,90.69491214824302,0.09069491214824302,0.15,S3_TREND
2026-03-31 17:00:00+00:00,ETH,SELL,148.23316536347556,0.14823316536347556,0.15,S3_TREND
2026-03-31 17:00:00+00:00,SOL,SELL,160.60083491331898,0.16060083491331897,0.15,S3_TREND
2026-03-31 18:00:00+00:00,BTC,BUY,26.62975894932424,0.02662975894932424,0.15,S3_TREND
2026-03-31 18:00:00+00:00,ETH,SELL,14.46626151590499,0.01446626151590499,0.15,S3_TREND
2026-03-31 18:00:00+00:00,SOL,SELL,1.3140801791232661,0.0013140801791232662,0.15,S3_TREND
2026-03-31 19:00:00+00:00,BTC,SELL,39.34644934493008,0.03934644934493008,0.15,S3_TREND
2026-03-31 19:00:00+00:00,ETH,SELL,14.393268491130584,0.014393268491130585,0.15,S3_TREND
2026-03-31 19:00:00+00:00,SOL,SELL,58.764883728230416,0.05876488372823042,0.15,S3_TREND
2026-03-31 20:00:00+00:00,BTC,SELL,5.68298132473501,0.005682981324735011,0.15,S3_TREND
2026-03-31 20:00:00+00:00,ETH,BUY,14.090375387890163,0.014090375387890163,0.15,S3_TREND
2026-03-31 20:00:00+00:00,SOL,BUY,24.248030970567925,0.024248030970567925,0.15,S3_TREND
2026-03-31 21:00:00+00:00,BTC,SELL,53.522842186263006,0.053522842186263006,0.15,S3_TREND
2026-03-31 21:00:00+00:00,ETH,SELL,39.249470592190846,0.03924947059219085,0.15,S3_TREND
2026-03-31 21:00:00+00:00,SOL,SELL,44.736086396524115,0.04473608639652411,0.15,S3_TREND
2026-03-31 22:00:00+00:00,BTC,SELL,15.565551956302443,0.015565551956302444,0.15,S3_TREND
2026-03-31 22:00:00+00:00,ETH,BUY,21.634037745787282,0.02163403774578728,0.15,S3_TREND
2026-03-31 22:00:00+00:00,SOL,BUY,41.15188482967278,0.04115188482967278,0.15,S3_TREND
2026-03-31 23:00:00+00:00,BTC,BUY,10.137515987848019,0.010137515987848018,0.15,S3_TREND
2026-03-31 23:00:00+00:00,ETH,BUY,30.158569740140592,0.030158569740140594,0.15,S3_TREND
2026-03-31 23:00:00+00:00,SOL,BUY,3.7168632775355945,0.0037168632775355947,0.15,S3_TREND
2026-04-01 00:00:00+00:00,ETH,SELL,37.76205327781645,0.03776205327781645,0.15,S3_TREND
2026-04-01 00:00:00+00:00,SOL,SELL,49.70013606680368,0.04970013606680368,0.15,S3_TREND
2026-04-01 01:00:00+00:00,BTC,BUY,7.220755200596614,0.007220755200596614,0.15,S3_TREND
2026-04-01 01:00:00+00:00,ETH,SELL,47.244042130401795,0.047244042130401794,0.15,S3_TREND
2026-04-01 01:00:00+00:00,SOL,SELL,21.533041026636056,0.021533041026636057,0.15,S3_TREND
2026-04-01 02:00:00+00:00,BTC,BUY,59.041896151189576,0.05904189615118958,0.15,S3_TREND
2026-04-01 02:00:00+00:00,ETH,BUY,92.20622229835317,0.09220622229835317,0.15,S3_TREND
2026-04-01 02:00:00+00:00,SOL,BUY,59.22345981781655,0.05922345981781655,0.15,S3_TREND
2026-04-01 03:00:00+00:00,BTC,BUY,13.612679567895611,0.013612679567895612,0.15,S3_TREND
2026-04-01 03:00:00+00:00,ETH,BUY,20.281283586955396,0.020281283586955398,0.15,S3_TREND
2026-04-01 03:00:00+00:00,SOL,BUY,5.053724137162135,0.005053724137162135,0.15,S3_TREND
2026-04-01 04:00:00+00:00,BTC,SELL,55.37985554935767,0.05537985554935767,0.15,S3_TREND
2026-04-01 04:00:00+00:00,ETH,SELL,48.20950163374073,0.04820950163374073,0.15,S3_TREND
2026-04-01 04:00:00+00:00,SOL,SELL,86.35786592519072,0.08635786592519072,0.15,S3_TREND
2026-04-01 05:00:00+00:00,BTC,SELL,7.3890473106894206,0.0073890473106894205,0.15,S3_TREND
2026-04-01 05:00:00+00:00,ETH,SELL,36.651170624818405,0.03665117062481841,0.15,S3_TREND
2026-04-01 05:00:00+00:00,SOL,SELL,32.94591072982439,0.03294591072982439,0.15,S3_TREND
2026-04-01 06:00:00+00:00,BTC,SELL,5.598699352127369,0.005598699352127369,0.15,S3_TREND
2026-04-01 06:00:00+00:00,ETH,SELL,51.73906471367263,0.051739064713672636,0.15,S3_TREND
2026-04-01 06:00:00+00:00,SOL,SELL,40.87875678424098,0.04087875678424098,0.15,S3_TREND
2026-04-01 07:00:00+00:00,BTC,SELL,79.2060983866013,0.0792060983866013,0.15,S3_TREND
2026-04-01 07:00:00+00:00,ETH,SELL,137.58077985218733,0.13758077985218733,0.15,S3_TREND
2026-04-01 07:00:00+00:00,SOL,BUY,2.946066130481995,0.0029460661304819952,0.15,S3_TREND
2026-04-01 08:00:00+00:00,BTC,BUY,37.0891025825822,0.037089102582582203,0.15,S3_TREND
2026-04-01 08:00:00+00:00,ETH,BUY,87.69877803457712,0.08769877803457712,0.15,S3_TREND
2026-04-01 08:00:00+00:00,SOL,BUY,57.48613225313238,0.057486132253132385,0.15,S3_TREND
2026-04-01 09:00:00+00:00,BTC,BUY,4.53730565796468,0.00453730565796468,0.15,S3_TREND
2026-04-01 09:00:00+00:00,ETH,SELL,40.75166908959909,0.04075166908959909,0.15,S3_TREND
2026-04-01 09:00:00+00:00,SOL,BUY,36.37853925521267,0.03637853925521267,0.15,S3_TREND
2026-04-01 10:00:00+00:00,BTC,SELL,2.392282267084738,0.0023922822670847384,0.15,S3_TREND
2026-04-01 10:00:00+00:00,ETH,SELL,4.187462835121551,0.00418746283512155,0.15,S3_TREND
2026-04-01 10:00:00+00:00,SOL,BUY,35.59381570844016,0.03559381570844016,0.15,S3_TREND
2026-04-01 11:00:00+00:00,BTC,BUY,6.424945154216402,0.006424945154216402,0.15,S3_TREND
2026-04-01 11:00:00+00:00,ETH,BUY,19.64422469710371,0.01964422469710371,0.15,S3_TREND
2026-04-01 11:00:00+00:00,SOL,SELL,4.223878943552336,0.004223878943552336,0.15,S3_TREND
2026-04-01 12:00:00+00:00,BTC,SELL,20.15383140367885,0.02015383140367885,0.15,S3_TREND
2026-04-01 12:00:00+00:00,ETH,SELL,11.50384430311533,0.011503844303115329,0.15,S3_TREND
2026-04-01 12:00:00+00:00,SOL,BUY,6.77729628385714,0.00677729628385714,0.15,S3_TREND
2026-04-01 13:00:00+00:00,BTC,BUY,44.17075738011226,0.044170757380112266,0.15,S3_TREND
2026-04-01 13:00:00+00:00,ETH,BUY,7.291082343155722,0.007291082343155722,0.15,S3_TREND
2026-04-01 13:00:00+00:00,SOL,BUY,34.22866283820258,0.034228662838202584,0.15,S3_TREND
2026-04-01 14:00:00+00:00,BTC,BUY,28.319355696921775,0.028319355696921775,0.15,S3_TREND
2026-04-01 14:00:00+00:00,ETH,BUY,48.117108736754744,0.048117108736754746,0.15,S3_TREND
2026-04-01 14:00:00+00:00,SOL,BUY,35.84814884903244,0.035848148849032445,0.15,S3_TREND
2026-04-01 15:00:00+00:00,BTC,SELL,59.46021831102371,0.05946021831102371,0.15,S3_TREND
2026-04-01 15:00:00+00:00,ETH,SELL,9.470195599918952,0.009470195599918952,0.15,S3_TREND
2026-04-01 15:00:00+00:00,SOL,SELL,14628.228697352642,14.628228697352643,0.0,CASH
2026-04-01 16:00:00+00:00,BTC,SELL,52.333710746706856,0.052333710746706855,0.15,S3_TREND
2026-04-01 16:00:00+00:00,ETH,SELL,39.64483454835863,0.03964483454835863,0.15,S3_TREND
2026-04-01 17:00:00+00:00,BTC,BUY,29.64474117199461,0.029644741171994612,0.15,S3_TREND
2026-04-01 17:00:00+00:00,ETH,SELL,67.35706435852444,0.06735706435852444,0.15,S3_TREND
2026-04-01 18:00:00+00:00,BTC,BUY,89.84550423325891,0.0898455042332589,0.15,S3_TREND
2026-04-01 18:00:00+00:00,ETH,BUY,33.821396936413294,0.0338213969364133,0.15,S3_TREND
2026-04-01 19:00:00+00:00,BTC,BUY,24.762694486620603,0.024762694486620603,0.15,S3_TREND
2026-04-01 19:00:00+00:00,ETH,BUY,40.319144523155046,0.04031914452315505,0.15,S3_TREND
2026-04-01 20:00:00+00:00,BTC,SELL,4.223917857889319,0.004223917857889319,0.15,S3_TREND
2026-04-01 20:00:00+00:00,ETH,SELL,67.81128085352793,0.06781128085352793,0.15,S3_TREND
2026-04-01 21:00:00+00:00,ETH,SELL,13.927500138785035,0.013927500138785036,0.15,S3_TREND
2026-04-01 22:00:00+00:00,BTC,SELL,17.94382971615596,0.017943829716155962,0.15,S3_TREND
2026-04-01 22:00:00+00:00,ETH,SELL,69.3099227423645,0.06930992274236451,0.15,S3_TREND
2026-04-01 23:00:00+00:00,BTC,BUY,26.215641146431153,0.026215641146431153,0.15,S3_TREND
2026-04-01 23:00:00+00:00,ETH,BUY,89.49871105948296,0.08949871105948295,0.15,S3_TREND
2026-04-02 00:00:00+00:00,BTC,BUY,2.0254442019231647,0.0020254442019231648,0.15,S3_TREND
2026-04-02 00:00:00+00:00,ETH,SELL,2.5599050565178914,0.0025599050565178914,0.15,S3_TREND
2026-04-02 01:00:00+00:00,BTC,SELL,72.15499009664927,0.07215499009664927,0.15,S3_TREND
2026-04-02 01:00:00+00:00,ETH,SELL,75.59721673610511,0.07559721673610512,0.15,S3_TREND
2026-04-02 02:00:00+00:00,BTC,BUY,167.14245674485574,0.16714245674485573,0.15,S3_TREND
2026-04-02 02:00:00+00:00,ETH,BUY,282.79442026199104,0.28279442026199103,0.15,S3_TREND
2026-04-02 03:00:00+00:00,BTC,BUY,65.39870727577363,0.06539870727577363,0.15,S3_TREND
2026-04-02 03:00:00+00:00,ETH,BUY,136.63804529419576,0.13663804529419576,0.15,S3_TREND
2026-04-02 04:00:00+00:00,BTC,BUY,32.40705886742944,0.03240705886742944,0.15,S3_TREND
2026-04-02 04:00:00+00:00,ETH,BUY,94.92694208576177,0.09492694208576177,0.15,S3_TREND
2026-04-02 05:00:00+00:00,BTC,BUY,32.85891200702645,0.032858912007026446,0.15,S3_TREND
2026-04-02 05:00:00+00:00,ETH,BUY,62.01438213347319,0.06201438213347319,0.15,S3_TREND
2026-04-02 06:00:00+00:00,BTC,SELL,42.21833906411848,0.04221833906411848,0.15,S3_TREND
2026-04-02 06:00:00+00:00,ETH,SELL,25.240671538856986,0.025240671538856986,0.15,S3_TREND
2026-04-02 07:00:00+00:00,BTC,SELL,16.66517497713903,0.01666517497713903,0.15,S3_TREND
2026-04-02 07:00:00+00:00,ETH,BUY,3.62298831982298,0.00362298831982298,0.15,S3_TREND
2026-04-02 07:00:00+00:00,SOL,BUY,7200.100643125805,7.200100643125805,0.075,S6_REVERSAL
2026-04-02 08:00:00+00:00,BTC,SELL,33.5642885039033,0.0335642885039033,0.15,S3_TREND
2026-04-02 08:00:00+00:00,ETH,SELL,21.869619278211758,0.02186961927821176,0.15,S3_TREND
2026-04-02 08:00:00+00:00,SOL,SELL,36.267568707105056,0.036267568707105055,0.075,S6_REVERSAL
2026-04-02 09:00:00+00:00,BTC,BUY,72.66733836792082,0.07266733836792082,0.15,S3_TREND
2026-04-02 09:00:00+00:00,ETH,BUY,35.397879530504724,0.035397879530504724,0.15,S3_TREND
2026-04-02 09:00:00+00:00,SOL,BUY,30.44604635160249,0.03044604635160249,0.075,S6_REVERSAL
2026-04-02 10:00:00+00:00,BTC,SELL,6.011020189482224,0.006011020189482224,0.15,S3_TREND
2026-04-02 10:00:00+00:00,ETH,BUY,16.760278164936608,0.01676027816493661,0.15,S3_TREND
2026-04-02 10:00:00+00:00,SOL,SELL,13.343358855147017,0.013343358855147017,0.075,S6_REVERSAL
2026-04-02 11:00:00+00:00,BTC,SELL,8.265862218537222,0.008265862218537222,0.15,S3_TREND
2026-04-02 11:00:00+00:00,ETH,BUY,25.6704063799516,0.0256704063799516,0.15,S3_TREND
2026-04-02 11:00:00+00:00,SOL,BUY,28.111886272547963,0.028111886272547962,0.075,S6_REVERSAL
2026-04-02 12:00:00+00:00,BTC,BUY,29.530696505024025,0.029530696505024025,0.15,S3_TREND
2026-04-02 12:00:00+00:00,ETH,BUY,19.018333768633966,0.019018333768633967,0.15,S3_TREND
2026-04-02 12:00:00+00:00,SOL,BUY,41.972685266599,0.041972685266599,0.075,S6_REVERSAL
2026-04-02 13:00:00+00:00,BTC,BUY,19.51711482014798,0.019517114820147983,0.15,S3_TREND
2026-04-02 13:00:00+00:00,ETH,BUY,25.839916540280683,0.025839916540280682,0.15,S3_TREND
2026-04-02 13:00:00+00:00,SOL,BUY,24.58764496954518,0.024587644969545182,0.075,S6_REVERSAL
2026-04-02 14:00:00+00:00,BTC,SELL,30.746128747701732,0.03074612874770173,0.15,S3_TREND
2026-04-02 14:00:00+00:00,ETH,SELL,67.0715738980798,0.0670715738980798,0.15,S3_TREND
2026-04-02 14:00:00+00:00,SOL,SELL,7148.929024784222,7.148929024784222,0.0,CASH
2026-04-02 15:00:00+00:00,BTC,SELL,84.6472712844934,0.0846472712844934,0.15,S3_TREND
2026-04-02 15:00:00+00:00,ETH,SELL,131.35749677304557,0.13135749677304556,0.15,S3_TREND
2026-04-02 16:00:00+00:00,BTC,SELL,1.6661998234831117,0.0016661998234831117,0.15,S3_TREND
2026-04-02 16:00:00+00:00,ETH,BUY,24.561164241136794,0.024561164241136794,0.15,S3_TREND
2026-04-02 17:00:00+00:00,BTC,SELL,40.55671524488025,0.040556715244880255,0.15,S3_TREND
2026-04-02 17:00:00+00:00,ETH,SELL,14.31647935502042,0.01431647935502042,0.15,S3_TREND
2026-04-02 18:00:00+00:00,BTC,BUY,59.17886007282323,0.059178860072823226,0.15,S3_TREND
2026-04-02 18:00:00+00:00,ETH,BUY,82.1224404048462,0.0821224404048462,0.15,S3_TREND
2026-04-02 19:00:00+00:00,BTC,SELL,43.81574369246482,0.04381574369246482,0.15,S3_TREND
2026-04-02 19:00:00+00:00,ETH,SELL,56.54257813084769,0.05654257813084769,0.15,S3_TREND
2026-04-02 20:00:00+00:00,BTC,BUY,8.444900850532576,0.008444900850532577,0.15,S3_TREND
2026-04-02 20:00:00+00:00,ETH,SELL,41.9462812761285,0.041946281276128504,0.15,S3_TREND
2026-04-02 21:00:00+00:00,BTC,BUY,9.692424152388412,0.009692424152388412,0.15,S3_TREND
2026-04-02 21:00:00+00:00,ETH,SELL,18.08890895759214,0.01808890895759214,0.15,S3_TREND
2026-04-02 22:00:00+00:00,BTC,SELL,4.842394185990997,0.004842394185990998,0.15,S3_TREND
2026-04-02 22:00:00+00:00,ETH,BUY,30.7368678938401,0.0307368678938401,0.15,S3_TREND
2026-04-02 23:00:00+00:00,BTC,SELL,11.605265810327182,0.011605265810327182,0.15,S3_TREND
2026-04-02 23:00:00+00:00,ETH,BUY,19.000617636065726,0.019000617636065725,0.15,S3_TREND
2026-04-03 00:00:00+00:00,BTC,BUY,11.704471860115518,0.011704471860115518,0.15,S3_TREND
2026-04-03 00:00:00+00:00,ETH,BUY,14.392345622640278,0.014392345622640279,0.15,S3_TREND
2026-04-03 01:00:00+00:00,BTC,BUY,16.855102614539646,0.016855102614539645,0.15,S3_TREND
2026-04-03 01:00:00+00:00,ETH,BUY,21.04908757465637,0.02104908757465637,0.15,S3_TREND
2026-04-03 02:00:00+00:00,BTC,BUY,26.008242749014244,0.026008242749014244,0.15,S3_TREND
2026-04-03 02:00:00+00:00,ETH,BUY,9.2530208795215,0.0092530208795215,0.15,S3_TREND
2026-04-03 03:00:00+00:00,BTC,BUY,19.594358331652984,0.019594358331652986,0.15,S3_TREND
2026-04-03 03:00:00+00:00,ETH,SELL,14.204247145704358,0.014204247145704358,0.15,S3_TREND
2026-04-03 04:00:00+00:00,BTC,SELL,6.64466006949624,0.00664466006949624,0.15,S3_TREND
2026-04-03 04:00:00+00:00,ETH,SELL,8.928427346681929,0.008928427346681929,0.15,S3_TREND
2026-04-03 05:00:00+00:00,BTC,SELL,7194.539341088198,7.194539341088198,0.075,S6_REVERSAL
2026-04-03 05:00:00+00:00,ETH,SELL,1.052326009472381,0.001052326009472381,0.15,S3_TREND
2026-04-03 06:00:00+00:00,BTC,BUY,1.0569958739552021,0.001056995873955202,0.075,S6_REVERSAL
2026-04-03 06:00:00+00:00,ETH,SELL,16.586622808419634,0.016586622808419636,0.15,S3_TREND
2026-04-03 07:00:00+00:00,BTC,SELL,16.193527561203155,0.016193527561203156,0.075,S6_REVERSAL
2026-04-03 07:00:00+00:00,ETH,SELL,35.6882062920231,0.0356882062920231,0.15,S3_TREND
2026-04-03 08:00:00+00:00,BTC,SELL,23.30744530197444,0.02330744530197444,0.075,S6_REVERSAL
2026-04-03 08:00:00+00:00,ETH,SELL,7208.598099116866,7.208598099116866,0.075,S6_REVERSAL
2026-04-03 09:00:00+00:00,BTC,BUY,5.802718395253578,0.005802718395253578,0.075,S6_REVERSAL
2026-04-03 09:00:00+00:00,ETH,BUY,14.539370176269585,0.014539370176269585,0.075,S6_REVERSAL
2026-04-03 10:00:00+00:00,BTC,BUY,10.617170025259838,0.010617170025259838,0.075,S6_REVERSAL
2026-04-03 10:00:00+00:00,ETH,SELL,2.081918795549427,0.002081918795549427,0.075,S6_REVERSAL
2026-04-03 11:00:00+00:00,BTC,SELL,2.7187097755804643,0.0027187097755804646,0.075,S6_REVERSAL
2026-04-03 11:00:00+00:00,ETH,BUY,4.839021538656198,0.0048390215386561975,0.075,S6_REVERSAL
2026-04-03 12:00:00+00:00,BTC,SELL,12.65545667209608,0.01265545667209608,0.075,S6_REVERSAL
2026-04-03 12:00:00+00:00,ETH,SELL,7.738408462811094,0.007738408462811095,0.075,S6_REVERSAL
2026-04-03 13:00:00+00:00,BTC,BUY,25.986099986204863,0.025986099986204863,0.075,S6_REVERSAL
2026-04-03 13:00:00+00:00,ETH,BUY,38.90604728244034,0.03890604728244034,0.075,S6_REVERSAL
2026-04-03 14:00:00+00:00,BTC,BUY,4.55551252074747,0.004555512520747471,0.075,S6_REVERSAL
2026-04-03 14:00:00+00:00,ETH,BUY,5.042059428189532,0.005042059428189532,0.075,S6_REVERSAL
2026-04-03 15:00:00+00:00,BTC,SELL,24.032754306155766,0.024032754306155767,0.075,S6_REVERSAL
2026-04-03 15:00:00+00:00,ETH,SELL,18.766181237684577,0.018766181237684577,0.075,S6_REVERSAL
2026-04-03 16:00:00+00:00,BTC,BUY,9.329834402002234,0.009329834402002234,0.075,S6_REVERSAL
2026-04-03 16:00:00+00:00,ETH,BUY,9.956287414759572,0.009956287414759572,0.075,S6_REVERSAL
2026-04-03 17:00:00+00:00,BTC,SELL,17.347981350763803,0.017347981350763802,0.075,S6_REVERSAL
2026-04-03 17:00:00+00:00,ETH,SELL,9.680533989717333,0.009680533989717332,0.075,S6_REVERSAL
2026-04-03 18:00:00+00:00,BTC,BUY,14.299056413595281,0.01429905641359528,0.075,S6_REVERSAL
2026-04-03 18:00:00+00:00,ETH,BUY,12.805491999120932,0.012805491999120932,0.075,S6_REVERSAL
2026-04-03 19:00:00+00:00,BTC,BUY,3.9842918645299505,0.00398429186452995,0.075,S6_REVERSAL
2026-04-03 19:00:00+00:00,ETH,BUY,3.221104529998229,0.0032211045299982287,0.075,S6_REVERSAL
2026-04-03 20:00:00+00:00,BTC,SELL,6.435957454658819,0.006435957454658819,0.075,S6_REVERSAL
2026-04-03 20:00:00+00:00,ETH,SELL,10.541877191843014,0.010541877191843014,0.075,S6_REVERSAL
2026-04-03 21:00:00+00:00,BTC,BUY,5.363362893839621,0.005363362893839621,0.075,S6_REVERSAL
2026-04-03 22:00:00+00:00,BTC,SELL,11.679656798215547,0.011679656798215548,0.075,S6_REVERSAL
2026-04-03 22:00:00+00:00,ETH,SELL,17.91198241161146,0.01791198241161146,0.075,S6_REVERSAL
2026-04-03 23:00:00+00:00,BTC,BUY,5.764904468795066,0.0057649044687950665,0.075,S6_REVERSAL
2026-04-03 23:00:00+00:00,ETH,BUY,20.766030633245464,0.020766030633245464,0.075,S6_REVERSAL
2026-04-04 00:00:00+00:00,BTC,SELL,6.982477230475524,0.006982477230475524,0.075,S6_REVERSAL
2026-04-04 00:00:00+00:00,ETH,SELL,5.976636542808592,0.005976636542808592,0.075,S6_REVERSAL
2026-04-04 01:00:00+00:00,BTC,BUY,6.632363638163042,0.006632363638163042,0.075,S6_REVERSAL
2026-04-04 01:00:00+00:00,ETH,BUY,4.515510278947659,0.004515510278947659,0.075,S6_REVERSAL
2026-04-04 02:00:00+00:00,BTC,BUY,3.8574767733125555,0.0038574767733125554,0.075,S6_REVERSAL
2026-04-04 02:00:00+00:00,ETH,BUY,2.8754485023855523,0.0028754485023855525,0.075,S6_REVERSAL
2026-04-04 03:00:00+00:00,ETH,BUY,3.639811255625318,0.0036398112556253184,0.075,S6_REVERSAL
2026-04-04 04:00:00+00:00,BTC,BUY,1.6511369447134712,0.0016511369447134712,0.075,S6_REVERSAL
2026-04-04 05:00:00+00:00,BTC,SELL,2.537282387163941,0.002537282387163941,0.075,S6_REVERSAL
2026-04-04 05:00:00+00:00,ETH,SELL,3.3773411688389388,0.0033773411688389388,0.075,S6_REVERSAL
2026-04-04 06:00:00+00:00,BTC,SELL,4.852382279166704,0.004852382279166704,0.075,S6_REVERSAL
2026-04-04 06:00:00+00:00,ETH,SELL,7.921714131927729,0.007921714131927729,0.075,S6_REVERSAL
2026-04-04 07:00:00+00:00,BTC,SELL,8.941806676458327,0.008941806676458327,0.075,S6_REVERSAL
2026-04-04 07:00:00+00:00,ETH,SELL,7.8712785203561,0.0078712785203561,0.075,S6_REVERSAL
2026-04-04 08:00:00+00:00,ETH,BUY,8.558003500373161,0.008558003500373161,0.075,S6_REVERSAL
2026-04-04 09:00:00+00:00,BTC,BUY,5.7274117793813275,0.005727411779381328,0.075,S6_REVERSAL
2026-04-04 09:00:00+00:00,ETH,BUY,9.928348634625763,0.009928348634625763,0.075,S6_REVERSAL
2026-04-04 10:00:00+00:00,BTC,SELL,4.8157962066452455,0.004815796206645246,0.075,S6_REVERSAL
2026-04-04 11:00:00+00:00,BTC,SELL,16.75382203238223,0.01675382203238223,0.075,S6_REVERSAL
2026-04-04 11:00:00+00:00,ETH,SELL,10.34261160315691,0.010342611603156911,0.075,S6_REVERSAL
2026-04-04 12:00:00+00:00,ETH,BUY,7.953816693967383,0.007953816693967383,0.075,S6_REVERSAL
2026-04-04 13:00:00+00:00,BTC,BUY,5.753060772672143,0.005753060772672143,0.075,S6_REVERSAL
2026-04-04 13:00:00+00:00,ETH,BUY,5.007506843852752,0.0050075068438527525,0.075,S6_REVERSAL
2026-04-04 14:00:00+00:00,BTC,SELL,8.578990361214892,0.008578990361214891,0.075,S6_REVERSAL
2026-04-04 14:00:00+00:00,ETH,SELL,10.367500256948915,0.010367500256948915,0.075,S6_REVERSAL
2026-04-04 15:00:00+00:00,BTC,SELL,2.2864738687749195,0.0022864738687749194,0.075,S6_REVERSAL
2026-04-04 15:00:00+00:00,ETH,BUY,1.7296927683355534,0.0017296927683355535,0.075,S6_REVERSAL
2026-04-04 16:00:00+00:00,BTC,SELL,7215.180784716684,7.215180784716684,0.0,CASH
2026-04-04 16:00:00+00:00,ETH,SELL,8.991630492462718,0.008991630492462719,0.075,S6_REVERSAL
2026-04-04 17:00:00+00:00,ETH,BUY,1.2070013433722124,0.0012070013433722125,0.075,S6_REVERSAL
2026-04-04 18:00:00+00:00,ETH,SELL,3.9841688290989623,0.003984168829098962,0.075,S6_REVERSAL
2026-04-04 18:00:00+00:00,SOL,BUY,14397.954562379631,14.397954562379631,0.15,S3_TREND
2026-04-04 19:00:00+00:00,ETH,BUY,3.643239705939777,0.003643239705939777,0.075,S6_REVERSAL
2026-04-04 19:00:00+00:00,SOL,BUY,10.488849383860725,0.010488849383860724,0.15,S3_TREND
2026-04-04 20:00:00+00:00,ETH,SELL,30.69823593934143,0.030698235939341432,0.075,S6_REVERSAL
2026-04-04 20:00:00+00:00,SOL,BUY,1.9924943452497246,0.0019924943452497247,0.15,S3_TREND
2026-04-04 21:00:00+00:00,ETH,BUY,5.356375211833438,0.005356375211833438,0.075,S6_REVERSAL
2026-04-04 21:00:00+00:00,SOL,BUY,8.077254976220502,0.008077254976220503,0.15,S3_TREND
2026-04-04 22:00:00+00:00,BTC,BUY,14402.012083354342,14.402012083354343,0.15,S3_TREND
2026-04-04 22:00:00+00:00,ETH,SELL,17.758555686355976,0.017758555686355978,0.075,S6_REVERSAL
2026-04-04 22:00:00+00:00,SOL,SELL,16.527475547556605,0.016527475547556604,0.15,S3_TREND
2026-04-04 23:00:00+00:00,BTC,SELL,7.536996874559918,0.007536996874559918,0.15,S3_TREND
2026-04-04 23:00:00+00:00,ETH,SELL,7202.050250901906,7.202050250901906,0.0,CASH
2026-04-04 23:00:00+00:00,SOL,SELL,11.291915040652386,0.011291915040652386,0.15,S3_TREND
2026-04-05 00:00:00+00:00,BTC,BUY,12.720890715576388,0.012720890715576388,0.15,S3_TREND
2026-04-05 00:00:00+00:00,SOL,BUY,19.910869035085852,0.019910869035085852,0.15,S3_TREND
2026-04-05 01:00:00+00:00,BTC,BUY,9.967384415631386,0.009967384415631386,0.15,S3_TREND
2026-04-05 01:00:00+00:00,ETH,BUY,14388.473345957393,14.388473345957394,0.15,S3_TREND
2026-04-05 01:00:00+00:00,SOL,BUY,18.764942455572964,0.018764942455572965,0.15,S3_TREND
2026-04-05 02:00:00+00:00,BTC,BUY,13.008062081318712,0.013008062081318713,0.15,S3_TREND
2026-04-05 02:00:00+00:00,ETH,BUY,16.04718988656714,0.01604718988656714,0.15,S3_TREND
2026-04-05 02:00:00+00:00,SOL,BUY,18.702389242602294,0.018702389242602296,0.15,S3_TREND
2026-04-05 03:00:00+00:00,BTC,SELL,10.4969557466884,0.010496955746688401,0.15,S3_TREND
2026-04-05 03:00:00+00:00,ETH,SELL,9.64472002639377,0.00964472002639377,0.15,S3_TREND
2026-04-05 03:00:00+00:00,SOL,SELL,8.318651441872134,0.008318651441872134,0.15,S3_TREND
2026-04-05 04:00:00+00:00,ETH,BUY,17.25459729756585,0.01725459729756585,0.15,S3_TREND
2026-04-05 04:00:00+00:00,SOL,BUY,1.9137394953922922,0.001913739495392292,0.15,S3_TREND
2026-04-05 05:00:00+00:00,ETH,BUY,1.4771201619860221,0.0014771201619860222,0.15,S3_TREND
2026-04-05 05:00:00+00:00,SOL,BUY,30.391979250221993,0.030391979250221995,0.15,S3_TREND
2026-04-05 06:00:00+00:00,BTC,BUY,23.824193214228217,0.023824193214228215,0.15,S3_TREND
2026-04-05 06:00:00+00:00,ETH,BUY,32.70683101508439,0.03270683101508439,0.15,S3_TREND
2026-04-05 06:00:00+00:00,SOL,SELL,7.78150378483042,0.00778150378483042,0.15,S3_TREND
2026-04-05 07:00:00+00:00,BTC,SELL,6.260535600700678,0.006260535600700678,0.15,S3_TREND
2026-04-05 07:00:00+00:00,ETH,BUY,38.00967831725393,0.03800967831725393,0.15,S3_TREND
2026-04-05 07:00:00+00:00,SOL,BUY,92.88870865054378,0.09288870865054377,0.15,S3_TREND
2026-04-05 08:00:00+00:00,BTC,SELL,4.45803736041853,0.00445803736041853,0.15,S3_TREND
2026-04-05 08:00:00+00:00,ETH,BUY,6.72087046028355,0.0067208704602835494,0.15,S3_TREND
2026-04-05 09:00:00+00:00,BTC,SELL,17.706956509022348,0.017706956509022348,0.15,S3_TREND
2026-04-05 09:00:00+00:00,ETH,SELL,6.80538397165401,0.00680538397165401,0.15,S3_TREND
2026-04-05 10:00:00+00:00,BTC,SELL,7.364365912240828,0.007364365912240828,0.15,S3_TREND
2026-04-05 10:00:00+00:00,ETH,SELL,14360.719681397872,14.360719681397873,0.0,CASH
2026-04-05 10:00:00+00:00,SOL,SELL,22.825348826829217,0.02282534882682922,0.15,S3_TREND
2026-04-05 11:00:00+00:00,BTC,SELL,3.8636685234268953,0.0038636685234268954,0.15,S3_TREND
2026-04-05 11:00:00+00:00,SOL,SELL,3.3369002066101525,0.0033369002066101524,0.15,S3_TREND
2026-04-05 12:00:00+00:00,BTC,BUY,10.43076997326716,0.01043076997326716,0.15,S3_TREND
2026-04-05 12:00:00+00:00,ETH,BUY,7168.602438914763,7.168602438914763,0.075,S6_REVERSAL
2026-04-05 12:00:00+00:00,SOL,SELL,12.193648172955363,0.012193648172955363,0.15,S3_TREND
2026-04-05 13:00:00+00:00,BTC,BUY,6.540205008992416,0.0065402050089924165,0.15,S3_TREND
2026-04-05 13:00:00+00:00,ETH,BUY,29.153277130866627,0.02915327713086663,0.075,S6_REVERSAL
2026-04-05 13:00:00+00:00,SOL,BUY,121.921680913405,0.121921680913405,0.15,S3_TREND
2026-04-05 14:00:00+00:00,BTC,SELL,9.71952477258128,0.00971952477258128,0.15,S3_TREND
2026-04-05 14:00:00+00:00,ETH,SELL,22.505911031910728,0.022505911031910728,0.075,S6_REVERSAL
2026-04-05 14:00:00+00:00,SOL,SELL,22.980425372030368,0.022980425372030367,0.15,S3_TREND
2026-04-05 15:00:00+00:00,BTC,SELL,1.830038022419103,0.001830038022419103,0.15,S3_TREND
2026-04-05 15:00:00+00:00,ETH,SELL,4.526339658124925,0.004526339658124925,0.075,S6_REVERSAL
2026-04-05 15:00:00+00:00,SOL,SELL,10.43654105571295,0.01043654105571295,0.15,S3_TREND
2026-04-05 16:00:00+00:00,BTC,SELL,54.45105275636524,0.05445105275636524,0.15,S3_TREND
2026-04-05 16:00:00+00:00,ETH,SELL,39.59061705197564,0.03959061705197564,0.075,S6_REVERSAL
2026-04-05 16:00:00+00:00,SOL,SELL,25.48025210697233,0.02548025210697233,0.15,S3_TREND
2026-04-05 17:00:00+00:00,BTC,BUY,12.88226398365623,0.01288226398365623,0.15,S3_TREND
2026-04-05 17:00:00+00:00,ETH,BUY,2.3569926684176608,0.0023569926684176607,0.075,S6_REVERSAL
2026-04-05 17:00:00+00:00,SOL,BUY,14.467797662940939,0.01446779766294094,0.15,S3_TREND
2026-04-05 18:00:00+00:00,BTC,SELL,12.390820983446247,0.012390820983446247,0.15,S3_TREND
2026-04-05 18:00:00+00:00,ETH,SELL,25.314097086215952,0.02531409708621595,0.075,S6_REVERSAL
2026-04-05 18:00:00+00:00,SOL,SELL,53.811312675365116,0.05381131267536512,0.15,S3_TREND
2026-04-05 19:00:00+00:00,BTC,SELL,5.162931522261715,0.005162931522261716,0.15,S3_TREND
2026-04-05 19:00:00+00:00,SOL,SELL,9.189343081452535,0.009189343081452535,0.15,S3_TREND
2026-04-05 20:00:00+00:00,BTC,BUY,5.732679832261056,0.005732679832261056,0.15,S3_TREND
2026-04-05 20:00:00+00:00,SOL,BUY,17.840142425840895,0.017840142425840897,0.15,S3_TREND
2026-04-05 21:00:00+00:00,BTC,SELL,41.56224795210801,0.04156224795210801,0.15,S3_TREND
2026-04-05 21:00:00+00:00,ETH,SELL,12.292471860563637,0.012292471860563637,0.075,S6_REVERSAL
2026-04-05 21:00:00+00:00,SOL,SELL,37.53759155499574,0.037537591554995746,0.15,S3_TREND
2026-04-05 22:00:00+00:00,BTC,BUY,3.002750155465037,0.0030027501554650373,0.15,S3_TREND
2026-04-05 22:00:00+00:00,ETH,BUY,21.24520327981827,0.02124520327981827,0.075,S6_REVERSAL
2026-04-05 22:00:00+00:00,SOL,BUY,56.04245969584554,0.05604245969584554,0.15,S3_TREND
2026-04-05 23:00:00+00:00,BTC,SELL,105.67642682244696,0.10567642682244696,0.15,S3_TREND
2026-04-05 23:00:00+00:00,ETH,SELL,59.22331155940992,0.05922331155940992,0.075,S6_REVERSAL
2026-04-05 23:00:00+00:00,SOL,SELL,90.08216371214803,0.09008216371214803,0.15,S3_TREND
2026-04-06 00:00:00+00:00,BTC,SELL,77.01510745702763,0.07701510745702762,0.15,S3_TREND
2026-04-06 00:00:00+00:00,ETH,SELL,7294.276767316345,7.2942767673163456,0.0,CASH
2026-04-06 00:00:00+00:00,SOL,SELL,164.63333754088674,0.16463333754088674,0.15,S3_TREND
2026-04-06 01:00:00+00:00,BTC,BUY,1.696906601120645,0.001696906601120645,0.15,S3_TREND
2026-04-06 01:00:00+00:00,ETH,BUY,14501.837651972999,14.501837651973,0.15,S3_TREND
2026-04-06 01:00:00+00:00,SOL,SELL,65.7445455995894,0.06574454559958941,0.15,S3_TREND
2026-04-06 02:00:00+00:00,BTC,BUY,22.927914127900294,0.022927914127900295,0.15,S3_TREND
2026-04-06 02:00:00+00:00,ETH,BUY,12.577071901232557,0.012577071901232558,0.15,S3_TREND
2026-04-06 02:00:00+00:00,SOL,BUY,76.46049190790654,0.07646049190790655,0.15,S3_TREND
2026-04-06 03:00:00+00:00,BTC,SELL,33.29282439666349,0.03329282439666349,0.15,S3_TREND
2026-04-06 03:00:00+00:00,ETH,SELL,76.05421593739811,0.07605421593739811,0.15,S3_TREND
2026-04-06 03:00:00+00:00,SOL,SELL,75.37709055969208,0.07537709055969208,0.15,S3_TREND
2026-04-06 04:00:00+00:00,BTC,BUY,2.748331963826786,0.002748331963826786,0.15,S3_TREND
2026-04-06 04:00:00+00:00,ETH,BUY,13.915234069441794,0.013915234069441795,0.15,S3_TREND
2026-04-06 04:00:00+00:00,SOL,BUY,37.914028413475535,0.037914028413475534,0.15,S3_TREND
2026-04-06 05:00:00+00:00,BTC,SELL,4.671931823851992,0.004671931823851992,0.15,S3_TREND
2026-04-06 05:00:00+00:00,ETH,SELL,12.516801075609692,0.012516801075609691,0.15,S3_TREND
2026-04-06 05:00:00+00:00,SOL,BUY,20.324891355861837,0.020324891355861838,0.15,S3_TREND
2026-04-06 06:00:00+00:00,BTC,SELL,12.409739656237434,0.012409739656237434,0.15,S3_TREND
2026-04-06 06:00:00+00:00,ETH,SELL,1.9147837175441964,0.0019147837175441963,0.15,S3_TREND
2026-04-06 06:00:00+00:00,SOL,BUY,15.56899677578258,0.01556899677578258,0.15,S3_TREND
2026-04-06 07:00:00+00:00,BTC,BUY,25.192460751342878,0.02519246075134288,0.15,S3_TREND
2026-04-06 07:00:00+00:00,ETH,BUY,4.119090408581542,0.004119090408581542,0.15,S3_TREND
2026-04-06 07:00:00+00:00,SOL,BUY,49.361157815146726,0.049361157815146724,0.15,S3_TREND
2026-04-06 08:00:00+00:00,BTC,SELL,8.528563450234287,0.008528563450234287,0.15,S3_TREND
2026-04-06 08:00:00+00:00,ETH,SELL,29.526930416375762,0.029526930416375764,0.15,S3_TREND
2026-04-06 08:00:00+00:00,SOL,SELL,37.92925177055076,0.037929251770550766,0.15,S3_TREND
2026-04-06 09:00:00+00:00,BTC,SELL,11.509587242562702,0.011509587242562703,0.15,S3_TREND
2026-04-06 09:00:00+00:00,ETH,SELL,12.947945001376866,0.012947945001376866,0.15,S3_TREND
2026-04-06 09:00:00+00:00,SOL,SELL,17.05269650839182,0.017052696508391817,0.15,S3_TREND
2026-04-06 10:00:00+00:00,BTC,SELL,64.24662181229905,0.06424662181229905,0.15,S3_TREND
2026-04-06 10:00:00+00:00,ETH,SELL,43.47852634627816,0.04347852634627816,0.15,S3_TREND
2026-04-06 10:00:00+00:00,SOL,SELL,43.678436131312985,0.04367843613131299,0.15,S3_TREND
2026-04-06 11:00:00+00:00,ETH,SELL,6.349230376015839,0.006349230376015839,0.15,S3_TREND
2026-04-06 11:00:00+00:00,SOL,SELL,27.845903220031687,0.02784590322003169,0.15,S3_TREND
2026-04-06 12:00:00+00:00,BTC,BUY,19.824183270107824,0.019824183270107824,0.15,S3_TREND
2026-04-06 12:00:00+00:00,ETH,SELL,1.2264062927151826,0.0012264062927151826,0.15,S3_TREND
2026-04-06 12:00:00+00:00,SOL,BUY,29.277544040303837,0.02927754404030384,0.15,S3_TREND
2026-04-06 13:00:00+00:00,BTC,BUY,32.316159816449726,0.032316159816449724,0.15,S3_TREND
2026-04-06 13:00:00+00:00,ETH,BUY,34.146306999253284,0.034146306999253286,0.15,S3_TREND
2026-04-06 13:00:00+00:00,SOL,BUY,5.160788462770142,0.005160788462770143,0.15,S3_TREND
2026-04-06 14:00:00+00:00,BTC,SELL,4.267703260722556,0.004267703260722556,0.15,S3_TREND
2026-04-06 14:00:00+00:00,ETH,SELL,7.727630992552804,0.007727630992552804,0.15,S3_TREND
2026-04-06 14:00:00+00:00,SOL,SELL,19.63969394132073,0.01963969394132073,0.15,S3_TREND
2026-04-06 15:00:00+00:00,BTC,SELL,35.71332701050233,0.03571332701050233,0.15,S3_TREND
2026-04-06 15:00:00+00:00,ETH,SELL,60.979638657834585,0.06097963865783459,0.15,S3_TREND
2026-04-06 15:00:00+00:00,SOL,BUY,53.96039207945432,0.05396039207945432,0.15,S3_TREND
2026-04-06 16:00:00+00:00,BTC,SELL,46.243534980823824,0.04624353498082383,0.15,S3_TREND
2026-04-06 16:00:00+00:00,ETH,SELL,34.05066183862618,0.034050661838626185,0.15,S3_TREND
2026-04-06 16:00:00+00:00,SOL,BUY,8.830864489616943,0.008830864489616943,0.15,S3_TREND
2026-04-06 17:00:00+00:00,BTC,SELL,12.294334817128401,0.012294334817128402,0.15,S3_TREND
2026-04-06 17:00:00+00:00,ETH,BUY,114.10243183766033,0.11410243183766033,0.15,S3_TREND
2026-04-06 17:00:00+00:00,SOL,BUY,72.77341321158565,0.07277341321158565,0.15,S3_TREND
2026-04-06 18:00:00+00:00,BTC,BUY,34.983941688105915,0.03498394168810592,0.15,S3_TREND
2026-04-06 18:00:00+00:00,ETH,BUY,26.66911219802023,0.02666911219802023,0.15,S3_TREND
2026-04-06 18:00:00+00:00,SOL,SELL,18.847284768002282,0.018847284768002282,0.15,S3_TREND
2026-04-06 19:00:00+00:00,BTC,SELL,39.53390681597921,0.03953390681597921,0.15,S3_TREND
2026-04-06 19:00:00+00:00,ETH,SELL,41.12352703192482,0.041123527031924824,0.15,S3_TREND
2026-04-06 19:00:00+00:00,SOL,SELL,14.852906160806015,0.014852906160806015,0.15,S3_TREND
2026-04-06 20:00:00+00:00,BTC,BUY,26.87299612624338,0.02687299612624338,0.15,S3_TREND
2026-04-06 20:00:00+00:00,SOL,SELL,11.313641023627499,0.011313641023627499,0.15,S3_TREND
2026-04-06 21:00:00+00:00,BTC,SELL,8.30248404125632,0.00830248404125632,0.15,S3_TREND
2026-04-06 21:00:00+00:00,ETH,SELL,21.331830426894157,0.02133183042689416,0.15,S3_TREND
2026-04-06 21:00:00+00:00,SOL,SELL,6.2494380848329465,0.006249438084832947,0.15,S3_TREND
2026-04-06 22:00:00+00:00,BTC,BUY,33.587309684569846,0.03358730968456985,0.15,S3_TREND
2026-04-06 22:00:00+00:00,ETH,BUY,29.400662970205303,0.029400662970205303,0.15,S3_TREND
2026-04-06 22:00:00+00:00,SOL,BUY,58.95094890247856,0.05895094890247856,0.15,S3_TREND
2026-04-06 23:00:00+00:00,BTC,BUY,53.40935009272289,0.05340935009272289,0.15,S3_TREND
2026-04-06 23:00:00+00:00,ETH,BUY,139.98835197129665,0.13998835197129667,0.15,S3_TREND
2026-04-06 23:00:00+00:00,SOL,BUY,141.8097341136836,0.14180973411368358,0.15,S3_TREND
2026-04-07 00:00:00+00:00,BTC,SELL,9.624806394547704,0.009624806394547705,0.15,S3_TREND
2026-04-07 00:00:00+00:00,ETH,SELL,12.672283229474488,0.012672283229474487,0.15,S3_TREND
2026-04-07 00:00:00+00:00,SOL,BUY,24.487678788125777,0.02448767878812578,0.15,S3_TREND
2026-04-07 01:00:00+00:00,BTC,BUY,16.267754146347215,0.016267754146347214,0.15,S3_TREND
2026-04-07 01:00:00+00:00,ETH,SELL,37.68242683013705,0.03768242683013705,0.15,S3_TREND
2026-04-07 01:00:00+00:00,SOL,BUY,21.56330665020141,0.02156330665020141,0.15,S3_TREND
2026-04-07 02:00:00+00:00,BTC,BUY,43.184910203442996,0.043184910203443,0.15,S3_TREND
2026-04-07 02:00:00+00:00,ETH,BUY,54.165842164158676,0.05416584216415868,0.15,S3_TREND
2026-04-07 02:00:00+00:00,SOL,BUY,32.9876771748859,0.032987677174885904,0.15,S3_TREND
2026-04-07 03:00:00+00:00,BTC,SELL,36.03007377842732,0.036030073778427325,0.15,S3_TREND
2026-04-07 03:00:00+00:00,ETH,SELL,28.630312365448845,0.028630312365448846,0.15,S3_TREND
2026-04-07 03:00:00+00:00,SOL,SELL,14.587172864805325,0.014587172864805325,0.15,S3_TREND
2026-04-07 04:00:00+00:00,BTC,SELL,15.297827809057708,0.015297827809057708,0.15,S3_TREND
2026-04-07 04:00:00+00:00,ETH,SELL,3.6963350627465843,0.003696335062746584,0.15,S3_TREND
2026-04-07 04:00:00+00:00,SOL,SELL,5.882005300034508,0.005882005300034508,0.15,S3_TREND
2026-04-07 05:00:00+00:00,BTC,SELL,3.9110674757630477,0.003911067475763048,0.15,S3_TREND
2026-04-07 05:00:00+00:00,ETH,SELL,28.153231693393536,0.028153231693393538,0.15,S3_TREND
2026-04-07 05:00:00+00:00,SOL,SELL,11.57796886016149,0.011577968860161492,0.15,S3_TREND
2026-04-07 06:00:00+00:00,BTC,BUY,15.211777310732941,0.015211777310732942,0.15,S3_TREND
2026-04-07 06:00:00+00:00,ETH,BUY,35.671174365596016,0.03567117436559602,0.15,S3_TREND
2026-04-07 06:00:00+00:00,SOL,BUY,35.86786698453761,0.035867866984537616,0.15,S3_TREND
2026-04-07 07:00:00+00:00,BTC,BUY,14.993796145869055,0.014993796145869055,0.15,S3_TREND
2026-04-07 07:00:00+00:00,ETH,BUY,2.5752563689893577,0.002575256368989358,0.15,S3_TREND
2026-04-07 07:00:00+00:00,SOL,BUY,4.743439577823665,0.004743439577823665,0.15,S3_TREND
2026-04-07 08:00:00+00:00,BTC,SELL,1.3181922156618384,0.0013181922156618384,0.15,S3_TREND
2026-04-07 08:00:00+00:00,ETH,BUY,12.06070725617974,0.01206070725617974,0.15,S3_TREND
2026-04-07 08:00:00+00:00,SOL,SELL,49.21975452960396,0.04921975452960396,0.15,S3_TREND
2026-04-07 09:00:00+00:00,BTC,SELL,37.00233870821285,0.037002338708212845,0.15,S3_TREND
2026-04-07 09:00:00+00:00,ETH,SELL,45.563265816528656,0.045563265816528656,0.15,S3_TREND
2026-04-07 09:00:00+00:00,SOL,SELL,21.990184417478304,0.021990184417478305,0.15,S3_TREND
2026-04-07 10:00:00+00:00,BTC,SELL,18.040034449335508,0.01804003444933551,0.15,S3_TREND
2026-04-07 10:00:00+00:00,ETH,SELL,64.88087528930009,0.06488087528930009,0.15,S3_TREND
2026-04-07 10:00:00+00:00,SOL,SELL,14.789635687960981,0.014789635687960982,0.15,S3_TREND
2026-04-07 11:00:00+00:00,BTC,BUY,95.14078833928033,0.09514078833928033,0.15,S3_TREND
2026-04-07 11:00:00+00:00,ETH,BUY,169.02640974825408,0.1690264097482541,0.15,S3_TREND
2026-04-07 11:00:00+00:00,SOL,BUY,86.1012571357096,0.08610125713570961,0.15,S3_TREND
2026-04-07 12:00:00+00:00,BTC,SELL,23.133380099929127,0.023133380099929126,0.15,S3_TREND
2026-04-07 12:00:00+00:00,ETH,SELL,2.2974842389339756,0.0022974842389339757,0.15,S3_TREND
2026-04-07 12:00:00+00:00,SOL,BUY,26.699709186623295,0.026699709186623295,0.15,S3_TREND
2026-04-07 13:00:00+00:00,BTC,SELL,13.147524340598466,0.013147524340598465,0.15,S3_TREND
2026-04-07 13:00:00+00:00,ETH,BUY,14.410642586353788,0.014410642586353788,0.15,S3_TREND
2026-04-07 13:00:00+00:00,SOL,BUY,11.112836947217147,0.011112836947217148,0.15,S3_TREND
2026-04-07 14:00:00+00:00,BTC,BUY,9.111435323899059,0.00911143532389906,0.15,S3_TREND
2026-04-07 14:00:00+00:00,ETH,BUY,58.10400994684824,0.05810400994684824,0.15,S3_TREND
2026-04-07 14:00:00+00:00,SOL,BUY,22.649786385400148,0.022649786385400147,0.15,S3_TREND
2026-04-07 15:00:00+00:00,BTC,BUY,52.67472844416625,0.05267472844416625,0.15,S3_TREND
2026-04-07 15:00:00+00:00,ETH,BUY,12.904142009854695,0.012904142009854696,0.15,S3_TREND
2026-04-07 15:00:00+00:00,SOL,BUY,27.3312516183978,0.027331251618397803,0.15,S3_TREND
2026-04-07 16:00:00+00:00,BTC,SELL,36.74629912502678,0.036746299125026784,0.15,S3_TREND
2026-04-07 16:00:00+00:00,ETH,SELL,45.38141441863445,0.04538141441863445,0.15,S3_TREND
2026-04-07 16:00:00+00:00,SOL,SELL,21.042626213631593,0.021042626213631593,0.15,S3_TREND
2026-04-07 17:00:00+00:00,BTC,SELL,6.456220392003161,0.006456220392003161,0.15,S3_TREND
2026-04-07 17:00:00+00:00,ETH,SELL,18.8031590713872,0.018803159071387198,0.15,S3_TREND
2026-04-07 17:00:00+00:00,SOL,BUY,1.1056267437634233,0.0011056267437634232,0.15,S3_TREND
2026-04-07 18:00:00+00:00,BTC,SELL,36.59144246457981,0.036591442464579814,0.15,S3_TREND
2026-04-07 18:00:00+00:00,ETH,SELL,44.90889666975636,0.04490889666975636,0.15,S3_TREND
2026-04-07 18:00:00+00:00,SOL,SELL,151.09720518603717,0.15109720518603717,0.15,S3_TREND
2026-04-07 19:00:00+00:00,BTC,BUY,29.526880594223258,0.02952688059422326,0.15,S3_TREND
2026-04-07 19:00:00+00:00,ETH,BUY,64.892412184965,0.064892412184965,0.15,S3_TREND
2026-04-07 20:00:00+00:00,BTC,SELL,27.693224740238293,0.027693224740238293,0.15,S3_TREND
2026-04-07 20:00:00+00:00,ETH,SELL,94.9830158105342,0.0949830158105342,0.15,S3_TREND
2026-04-07 20:00:00+00:00,SOL,SELL,214.53864561148657,0.21453864561148658,0.15,S3_TREND
2026-04-07 21:00:00+00:00,BTC,SELL,44.536994480964495,0.044536994480964494,0.15,S3_TREND
2026-04-07 21:00:00+00:00,ETH,BUY,5.486877892935809,0.005486877892935809,0.15,S3_TREND
2026-04-07 21:00:00+00:00,SOL,SELL,34.88623127675055,0.03488623127675055,0.15,S3_TREND
2026-04-07 22:00:00+00:00,BTC,SELL,51.759509372617686,0.05175950937261769,0.15,S3_TREND
2026-04-07 22:00:00+00:00,ETH,SELL,126.88571732961645,0.12688571732961645,0.15,S3_TREND
2026-04-07 22:00:00+00:00,SOL,SELL,97.91961913969863,0.09791961913969863,0.15,S3_TREND
2026-04-07 23:00:00+00:00,BTC,SELL,143.6959154713586,0.1436959154713586,0.15,S3_TREND
2026-04-07 23:00:00+00:00,ETH,SELL,320.7085566664136,0.32070855666641357,0.15,S3_TREND
2026-04-07 23:00:00+00:00,SOL,SELL,220.78275020002727,0.22078275020002727,0.15,S3_TREND
2026-04-08 00:00:00+00:00,BTC,SELL,43.545581753922306,0.043545581753922306,0.15,S3_TREND
2026-04-08 00:00:00+00:00,ETH,SELL,93.3954415079279,0.0933954415079279,0.15,S3_TREND
2026-04-08 00:00:00+00:00,SOL,SELL,14.321947315851505,0.014321947315851504,0.15,S3_TREND
2026-04-08 01:00:00+00:00,BTC,BUY,13.025404313946638,0.013025404313946639,0.15,S3_TREND
2026-04-08 01:00:00+00:00,ETH,SELL,5.110247894204804,0.005110247894204804,0.15,S3_TREND
2026-04-08 01:00:00+00:00,SOL,BUY,105.606657608354,0.105606657608354,0.15,S3_TREND
2026-04-08 02:00:00+00:00,BTC,BUY,36.44226097284991,0.03644226097284991,0.15,S3_TREND
2026-04-08 02:00:00+00:00,ETH,BUY,1.76474860604867,0.00176474860604867,0.15,S3_TREND
2026-04-08 02:00:00+00:00,SOL,BUY,4.102421500307173,0.0041024215003071735,0.15,S3_TREND
2026-04-08 03:00:00+00:00,BTC,BUY,20.73689155050124,0.020736891550501242,0.15,S3_TREND
2026-04-08 03:00:00+00:00,ETH,SELL,23.58293317425705,0.02358293317425705,0.15,S3_TREND
2026-04-08 03:00:00+00:00,SOL,BUY,11.551537430292228,0.011551537430292228,0.15,S3_TREND
2026-04-08 04:00:00+00:00,BTC,BUY,10.00034193052852,0.01000034193052852,0.15,S3_TREND
2026-04-08 04:00:00+00:00,ETH,BUY,11.111292596393469,0.01111129259639347,0.15,S3_TREND
2026-04-08 05:00:00+00:00,BTC,SELL,44.651742670119354,0.04465174267011936,0.15,S3_TREND
2026-04-08 05:00:00+00:00,ETH,SELL,27.006220872557606,0.027006220872557607,0.15,S3_TREND
2026-04-08 05:00:00+00:00,SOL,BUY,24.51401033285765,0.02451401033285765,0.15,S3_TREND
2026-04-08 06:00:00+00:00,BTC,SELL,36.23065188408691,0.03623065188408691,0.15,S3_TREND
2026-04-08 06:00:00+00:00,ETH,SELL,1.9273236031585839,0.001927323603158584,0.15,S3_TREND
2026-04-08 06:00:00+00:00,SOL,BUY,46.577545532263684,0.04657754553226368,0.15,S3_TREND
2026-04-08 07:00:00+00:00,BTC,BUY,13.624691051294576,0.013624691051294576,0.15,S3_TREND
2026-04-08 07:00:00+00:00,ETH,SELL,21.012530539461295,0.021012530539461297,0.15,S3_TREND
2026-04-08 07:00:00+00:00,SOL,SELL,43.86086317360969,0.04386086317360969,0.15,S3_TREND
2026-04-08 08:00:00+00:00,BTC,BUY,24.979171797862364,0.024979171797862364,0.15,S3_TREND
2026-04-08 08:00:00+00:00,ETH,SELL,47.623029169519214,0.047623029169519215,0.15,S3_TREND
2026-04-08 08:00:00+00:00,SOL,BUY,10.325289632384738,0.010325289632384738,0.15,S3_TREND
2026-04-08 09:00:00+00:00,BTC,SELL,18.393109059137714,0.018393109059137713,0.15,S3_TREND
2026-04-08 09:00:00+00:00,SOL,SELL,44.0175485782529,0.0440175485782529,0.15,S3_TREND
2026-04-08 10:00:00+00:00,BTC,BUY,9.204153935550494,0.009204153935550494,0.15,S3_TREND
2026-04-08 10:00:00+00:00,ETH,BUY,28.75024831966948,0.02875024831966948,0.15,S3_TREND
2026-04-08 10:00:00+00:00,SOL,BUY,19.111830059613567,0.019111830059613567,0.15,S3_TREND
2026-04-08 11:00:00+00:00,BTC,BUY,24.348112656929516,0.024348112656929516,0.15,S3_TREND
2026-04-08 11:00:00+00:00,ETH,BUY,28.245886656330185,0.028245886656330186,0.15,S3_TREND
2026-04-08 11:00:00+00:00,SOL,BUY,10.65558113710722,0.01065558113710722,0.15,S3_TREND
2026-04-08 12:00:00+00:00,BTC,SELL,31.31869627148808,0.03131869627148808,0.15,S3_TREND
2026-04-08 12:00:00+00:00,ETH,SELL,20.480631965407156,0.020480631965407156,0.15,S3_TREND
2026-04-08 12:00:00+00:00,SOL,BUY,16.574753842229256,0.016574753842229256,0.15,S3_TREND
2026-04-08 13:00:00+00:00,BTC,SELL,58.87620372515812,0.05887620372515812,0.15,S3_TREND
2026-04-08 13:00:00+00:00,ETH,SELL,33.96107426441631,0.03396107426441631,0.15,S3_TREND
2026-04-08 13:00:00+00:00,SOL,BUY,8.889812964907833,0.008889812964907833,0.15,S3_TREND
2026-04-08 14:00:00+00:00,BTC,BUY,49.94324401093036,0.04994324401093036,0.15,S3_TREND
2026-04-08 14:00:00+00:00,ETH,BUY,83.10064044773753,0.08310064044773753,0.15,S3_TREND
2026-04-08 14:00:00+00:00,SOL,BUY,38.81836421081243,0.03881836421081243,0.15,S3_TREND
2026-04-08 15:00:00+00:00,BTC,BUY,49.60132265586981,0.049601322655869806,0.15,S3_TREND
2026-04-08 15:00:00+00:00,ETH,BUY,177.25092582712568,0.17725092582712568,0.15,S3_TREND
2026-04-08 15:00:00+00:00,SOL,BUY,109.8345989254467,0.1098345989254467,0.15,S3_TREND
2026-04-08 16:00:00+00:00,BTC,SELL,38.15347180392382,0.038153471803923825,0.15,S3_TREND
2026-04-08 16:00:00+00:00,ETH,SELL,90.98916907412422,0.09098916907412422,0.15,S3_TREND
2026-04-08 16:00:00+00:00,SOL,SELL,32.10507242476888,0.03210507242476888,0.15,S3_TREND
2026-04-08 17:00:00+00:00,BTC,SELL,41.654148500496376,0.041654148500496375,0.15,S3_TREND
2026-04-08 17:00:00+00:00,ETH,SELL,16.81186113251715,0.01681186113251715,0.15,S3_TREND
2026-04-08 17:00:00+00:00,SOL,SELL,9.67400335563616,0.00967400335563616,0.15,S3_TREND
2026-04-08 18:00:00+00:00,BTC,SELL,25.99285677152693,0.02599285677152693,0.15,S3_TREND
2026-04-08 18:00:00+00:00,ETH,SELL,40.747407270355325,0.04074740727035533,0.15,S3_TREND
2026-04-08 18:00:00+00:00,SOL,SELL,53.55764153733071,0.05355764153733071,0.15,S3_TREND
2026-04-08 19:00:00+00:00,BTC,BUY,79.61555718484487,0.07961555718484488,0.15,S3_TREND
2026-04-08 19:00:00+00:00,ETH,BUY,119.1769489716371,0.11917694897163711,0.15,S3_TREND
2026-04-08 19:00:00+00:00,SOL,BUY,102.2308154317052,0.1022308154317052,0.15,S3_TREND
2026-04-08 20:00:00+00:00,BTC,SELL,21.890356879566752,0.021890356879566752,0.15,S3_TREND
2026-04-08 20:00:00+00:00,ETH,SELL,40.902033699510866,0.04090203369951087,0.15,S3_TREND
2026-04-08 20:00:00+00:00,SOL,SELL,22.729677236255156,0.022729677236255158,0.15,S3_TREND
2026-04-08 21:00:00+00:00,BTC,SELL,8.644250359344369,0.00864425035934437,0.15,S3_TREND
2026-04-08 21:00:00+00:00,ETH,BUY,10.676336586393518,0.010676336586393519,0.15,S3_TREND
2026-04-08 21:00:00+00:00,SOL,SELL,11.550655766561249,0.011550655766561248,0.15,S3_TREND
2026-04-08 22:00:00+00:00,BTC,SELL,23.06764960700275,0.02306764960700275,0.15,S3_TREND
2026-04-08 22:00:00+00:00,ETH,SELL,17.780594089439546,0.017780594089439546,0.15,S3_TREND
2026-04-08 22:00:00+00:00,SOL,SELL,9.27168577743214,0.00927168577743214,0.15,S3_TREND
2026-04-08 23:00:00+00:00,BTC,BUY,40.03608491585692,0.04003608491585692,0.15,S3_TREND
2026-04-08 23:00:00+00:00,ETH,BUY,103.91022555452764,0.10391022555452764,0.15,S3_TREND
2026-04-08 23:00:00+00:00,SOL,BUY,75.79993652909252,0.07579993652909252,0.15,S3_TREND
2026-04-09 00:00:00+00:00,BTC,SELL,2.644701234970853,0.002644701234970853,0.15,S3_TREND
2026-04-09 00:00:00+00:00,ETH,SELL,2.5320441864841996,0.0025320441864842,0.15,S3_TREND
2026-04-09 00:00:00+00:00,SOL,BUY,10.808696485250039,0.01080869648525004,0.15,S3_TREND
2026-04-09 01:00:00+00:00,BTC,BUY,28.250619778955297,0.028250619778955297,0.15,S3_TREND
2026-04-09 01:00:00+00:00,ETH,BUY,22.433001531702757,0.02243300153170276,0.15,S3_TREND
2026-04-09 01:00:00+00:00,SOL,BUY,37.904213239629826,0.03790421323962983,0.15,S3_TREND
2026-04-09 02:00:00+00:00,BTC,SELL,23.74467871966226,0.023744678719662262,0.15,S3_TREND
2026-04-09 02:00:00+00:00,ETH,BUY,28.788638293095573,0.028788638293095574,0.15,S3_TREND
2026-04-09 02:00:00+00:00,SOL,SELL,3.8938434594783757,0.0038938434594783756,0.15,S3_TREND
2026-04-09 03:00:00+00:00,BTC,SELL,22.988358214228356,0.022988358214228358,0.15,S3_TREND
2026-04-09 03:00:00+00:00,ETH,SELL,16.03400705088461,0.016034007050884612,0.15,S3_TREND
2026-04-09 03:00:00+00:00,SOL,BUY,23.712816517130705,0.023712816517130704,0.15,S3_TREND
2026-04-09 04:00:00+00:00,BTC,BUY,10.06379743063735,0.010063797430637351,0.15,S3_TREND
2026-04-09 04:00:00+00:00,ETH,SELL,9.34412998420703,0.00934412998420703,0.15,S3_TREND
2026-04-09 04:00:00+00:00,SOL,BUY,13.821369193090504,0.013821369193090505,0.15,S3_TREND
2026-04-09 05:00:00+00:00,BTC,BUY,26.862131743901045,0.026862131743901046,0.15,S3_TREND
2026-04-09 05:00:00+00:00,ETH,BUY,16.028354762855088,0.01602835476285509,0.15,S3_TREND
2026-04-09 05:00:00+00:00,SOL,BUY,17.406368469142762,0.01740636846914276,0.15,S3_TREND
2026-04-09 06:00:00+00:00,BTC,SELL,21.760569638556262,0.021760569638556264,0.15,S3_TREND
2026-04-09 06:00:00+00:00,ETH,SELL,10.532763170966064,0.010532763170966063,0.15,S3_TREND
2026-04-09 06:00:00+00:00,SOL,SELL,40.75745411625758,0.04075745411625758,0.15,S3_TREND
2026-04-09 07:00:00+00:00,BTC,SELL,8.782755884007202,0.008782755884007202,0.15,S3_TREND
2026-04-09 07:00:00+00:00,ETH,BUY,5.492565165259293,0.005492565165259294,0.15,S3_TREND
2026-04-09 08:00:00+00:00,BTC,BUY,11.268433451930832,0.011268433451930833,0.15,S3_TREND
2026-04-09 08:00:00+00:00,ETH,BUY,3.5602668363244447,0.003560266836324445,0.15,S3_TREND
2026-04-09 08:00:00+00:00,SOL,SELL,19.26725992764659,0.019267259927646593,0.15,S3_TREND
2026-04-09 09:00:00+00:00,BTC,SELL,36.79767340312537,0.036797673403125376,0.15,S3_TREND
2026-04-09 09:00:00+00:00,ETH,SELL,16.68727644381579,0.01668727644381579,0.15,S3_TREND
2026-04-09 09:00:00+00:00,SOL,SELL,13.677145855375784,0.013677145855375784,0.15,S3_TREND
2026-04-09 10:00:00+00:00,BTC,SELL,38.5537731833665,0.0385537731833665,0.15,S3_TREND
2026-04-09 10:00:00+00:00,ETH,SELL,31.98447230462989,0.03198447230462989,0.15,S3_TREND
2026-04-09 10:00:00+00:00,SOL,SELL,3.0322084217132215,0.0030322084217132214,0.15,S3_TREND
2026-04-09 11:00:00+00:00,BTC,BUY,40.99509585822125,0.040995095858221246,0.15,S3_TREND
2026-04-09 11:00:00+00:00,ETH,BUY,11.055287133140155,0.011055287133140156,0.15,S3_TREND
2026-04-09 11:00:00+00:00,SOL,SELL,8.380279326938762,0.008380279326938762,0.15,S3_TREND
2026-04-09 12:00:00+00:00,ETH,BUY,44.736813309051286,0.044736813309051285,0.15,S3_TREND
2026-04-09 12:00:00+00:00,SOL,BUY,45.948720607881114,0.04594872060788111,0.15,S3_TREND
2026-04-09 13:00:00+00:00,BTC,SELL,15.925143258904427,0.01592514325890443,0.15,S3_TREND
2026-04-09 13:00:00+00:00,ETH,SELL,10.856228894599553,0.010856228894599553,0.15,S3_TREND
2026-04-09 13:00:00+00:00,SOL,SELL,8.059459701384185,0.008059459701384185,0.15,S3_TREND
2026-04-09 14:00:00+00:00,BTC,BUY,54.2130238646605,0.0542130238646605,0.15,S3_TREND
2026-04-09 14:00:00+00:00,ETH,BUY,77.46388260910862,0.07746388260910862,0.15,S3_TREND
2026-04-09 14:00:00+00:00,SOL,BUY,29.069280892625102,0.0290692808926251,0.15,S3_TREND
2026-04-09 15:00:00+00:00,BTC,SELL,35.28110765033671,0.03528110765033671,0.15,S3_TREND
2026-04-09 15:00:00+00:00,ETH,SELL,52.60297982478369,0.05260297982478369,0.15,S3_TREND
2026-04-09 15:00:00+00:00,SOL,SELL,26.00807974980853,0.02600807974980853,0.15,S3_TREND
2026-04-09 16:00:00+00:00,BTC,SELL,95.67234984920833,0.09567234984920833,0.15,S3_TREND
2026-04-09 16:00:00+00:00,ETH,SELL,157.32284397483818,0.15732284397483817,0.15,S3_TREND
2026-04-09 16:00:00+00:00,SOL,SELL,163.8522371246745,0.1638522371246745,0.15,S3_TREND
2026-04-09 17:00:00+00:00,ETH,BUY,50.81988325975544,0.05081988325975544,0.15,S3_TREND
2026-04-09 17:00:00+00:00,SOL,SELL,1.103421518666437,0.0011034215186664369,0.15,S3_TREND
2026-04-09 18:00:00+00:00,BTC,SELL,7.3009604787857825,0.007300960478785782,0.15,S3_TREND
2026-04-09 18:00:00+00:00,ETH,SELL,47.933680433638074,0.047933680433638076,0.15,S3_TREND
2026-04-09 18:00:00+00:00,SOL,SELL,122.45040932970369,0.12245040932970369,0.15,S3_TREND
2026-04-09 19:00:00+00:00,BTC,BUY,42.374988782785294,0.0423749887827853,0.15,S3_TREND
2026-04-09 19:00:00+00:00,ETH,BUY,54.19297019694386,0.054192970196943864,0.15,S3_TREND
2026-04-09 19:00:00+00:00,SOL,BUY,91.67913528274585,0.09167913528274585,0.15,S3_TREND
2026-04-09 20:00:00+00:00,BTC,SELL,17.907759101402917,0.017907759101402916,0.15,S3_TREND
2026-04-09 20:00:00+00:00,ETH,SELL,39.15417238532427,0.03915417238532427,0.15,S3_TREND
2026-04-09 20:00:00+00:00,SOL,SELL,33.33465442065062,0.033334654420650624,0.15,S3_TREND
2026-04-09 21:00:00+00:00,BTC,SELL,55.92530046570573,0.055925300465705735,0.15,S3_TREND
2026-04-09 21:00:00+00:00,ETH,BUY,31.239774539497375,0.031239774539497375,0.15,S3_TREND
2026-04-09 21:00:00+00:00,SOL,SELL,8.493000865229988,0.008493000865229987,0.15,S3_TREND
2026-04-09 22:00:00+00:00,BTC,BUY,23.758365612578928,0.02375836561257893,0.15,S3_TREND
2026-04-09 22:00:00+00:00,ETH,BUY,8.669827237958089,0.008669827237958089,0.15,S3_TREND
2026-04-09 22:00:00+00:00,SOL,SELL,8.34494323744002,0.008344943237440021,0.15,S3_TREND
2026-04-09 23:00:00+00:00,BTC,BUY,34.85575773567689,0.03485575773567689,0.15,S3_TREND
2026-04-09 23:00:00+00:00,ETH,BUY,57.14785075486179,0.05714785075486179,0.15,S3_TREND
2026-04-09 23:00:00+00:00,SOL,BUY,18.769723248989976,0.018769723248989977,0.15,S3_TREND
2026-04-10 00:00:00+00:00,BTC,BUY,2.5592241414378805,0.0025592241414378806,0.15,S3_TREND
2026-04-10 00:00:00+00:00,ETH,BUY,20.588463812915506,0.020588463812915507,0.15,S3_TREND
2026-04-10 00:00:00+00:00,SOL,BUY,85.86665621041357,0.08586665621041357,0.15,S3_TREND
2026-04-10 01:00:00+00:00,BTC,SELL,30.977167815095527,0.030977167815095526,0.15,S3_TREND
2026-04-10 01:00:00+00:00,ETH,SELL,28.691598778406842,0.02869159877840684,0.15,S3_TREND
2026-04-10 01:00:00+00:00,SOL,BUY,41.83983980645644,0.04183983980645644,0.15,S3_TREND
2026-04-10 02:00:00+00:00,BTC,SELL,33.25167268754558,0.03325167268754558,0.15,S3_TREND
2026-04-10 02:00:00+00:00,ETH,BUY,9.742744754941668,0.00974274475494167,0.15,S3_TREND
2026-04-10 03:00:00+00:00,BTC,BUY,30.111669309128047,0.030111669309128047,0.15,S3_TREND
2026-04-10 03:00:00+00:00,ETH,BUY,28.256585746810742,0.028256585746810742,0.15,S3_TREND
2026-04-10 03:00:00+00:00,SOL,SELL,25.552305810257167,0.025552305810257168,0.15,S3_TREND
2026-04-10 04:00:00+00:00,BTC,BUY,4.154208790308985,0.004154208790308985,0.15,S3_TREND
2026-04-10 04:00:00+00:00,ETH,BUY,4.9512049583008775,0.004951204958300878,0.15,S3_TREND
2026-04-10 04:00:00+00:00,SOL,BUY,47.93276615920513,0.04793276615920513,0.15,S3_TREND
2026-04-10 05:00:00+00:00,BTC,SELL,21.21164496212623,0.02121164496212623,0.15,S3_TREND
2026-04-10 05:00:00+00:00,ETH,SELL,35.28984412745558,0.03528984412745558,0.15,S3_TREND
2026-04-10 05:00:00+00:00,SOL,SELL,51.87731434754824,0.05187731434754824,0.15,S3_TREND
2026-04-10 06:00:00+00:00,ETH,SELL,5.464642456825459,0.005464642456825459,0.15,S3_TREND
2026-04-10 06:00:00+00:00,SOL,SELL,4.4853169189773325,0.004485316918977332,0.15,S3_TREND
2026-04-10 07:00:00+00:00,BTC,BUY,40.52175386184717,0.04052175386184718,0.15,S3_TREND
2026-04-10 07:00:00+00:00,ETH,BUY,45.98506164284663,0.04598506164284663,0.15,S3_TREND
2026-04-10 07:00:00+00:00,SOL,BUY,7.8730118570929335,0.007873011857092934,0.15,S3_TREND
2026-04-10 08:00:00+00:00,BTC,BUY,42.59640998335453,0.04259640998335453,0.15,S3_TREND
2026-04-10 08:00:00+00:00,ETH,BUY,23.05498127199644,0.02305498127199644,0.15,S3_TREND
2026-04-10 08:00:00+00:00,SOL,BUY,20.565077196251877,0.020565077196251877,0.15,S3_TREND
2026-04-10 09:00:00+00:00,BTC,SELL,15.818891028937287,0.015818891028937288,0.15,S3_TREND
2026-04-10 09:00:00+00:00,ETH,SELL,34.597573081760856,0.034597573081760855,0.15,S3_TREND
2026-04-10 09:00:00+00:00,SOL,BUY,14.949311732609203,0.014949311732609204,0.15,S3_TREND
2026-04-10 10:00:00+00:00,BTC,SELL,5.403596296546311,0.005403596296546311,0.15,S3_TREND
2026-04-10 10:00:00+00:00,ETH,SELL,36.63033568944775,0.03663033568944775,0.15,S3_TREND
2026-04-10 10:00:00+00:00,SOL,SELL,74.37690109257528,0.07437690109257528,0.15,S3_TREND
2026-04-10 11:00:00+00:00,BTC,SELL,25.6942211300684,0.0256942211300684,0.15,S3_TREND
2026-04-10 11:00:00+00:00,ETH,SELL,8.675293358061026,0.008675293358061026,0.15,S3_TREND
2026-04-10 11:00:00+00:00,SOL,BUY,36.3725715063847,0.036372571506384704,0.15,S3_TREND
2026-04-10 12:00:00+00:00,BTC,SELL,13.763797478246488,0.013763797478246489,0.15,S3_TREND
2026-04-10 12:00:00+00:00,ETH,SELL,92.44464258717016,0.09244464258717017,0.15,S3_TREND
2026-04-10 12:00:00+00:00,SOL,SELL,6.360866161183368,0.006360866161183368,0.15,S3_TREND
2026-04-10 13:00:00+00:00,BTC,SELL,3.933917834017848,0.003933917834017848,0.15,S3_TREND
2026-04-10 13:00:00+00:00,ETH,BUY,1.2981040297181607,0.0012981040297181607,0.15,S3_TREND
2026-04-10 13:00:00+00:00,SOL,SELL,81.19423050856858,0.08119423050856858,0.15,S3_TREND
2026-04-10 14:00:00+00:00,BTC,SELL,2.5150146492251224,0.0025150146492251223,0.15,S3_TREND
2026-04-10 14:00:00+00:00,ETH,SELL,17.501198099262183,0.017501198099262184,0.15,S3_TREND
2026-04-10 14:00:00+00:00,SOL,SELL,14776.776233017545,14.776776233017545,0.0,CASH
2026-04-10 15:00:00+00:00,BTC,SELL,84.55036345993722,0.08455036345993722,0.15,S3_TREND
2026-04-10 15:00:00+00:00,ETH,SELL,7492.473588084907,7.4924735880849065,0.075,S6_REVERSAL
2026-04-10 16:00:00+00:00,BTC,BUY,67.07372295820278,0.06707372295820278,0.15,S3_TREND
2026-04-10 16:00:00+00:00,ETH,BUY,48.9867522045397,0.0489867522045397,0.075,S6_REVERSAL
2026-04-10 17:00:00+00:00,BTC,SELL,81.65605867520753,0.08165605867520753,0.15,S3_TREND
2026-04-10 17:00:00+00:00,ETH,SELL,56.65123874762139,0.056651238747621395,0.075,S6_REVERSAL
2026-04-10 18:00:00+00:00,BTC,SELL,20.805315531186352,0.020805315531186353,0.15,S3_TREND
2026-04-10 18:00:00+00:00,ETH,SELL,7.309527165857617,0.007309527165857616,0.075,S6_REVERSAL
2026-04-10 19:00:00+00:00,BTC,BUY,2.9556470728766726,0.0029556470728766726,0.15,S3_TREND
2026-04-10 19:00:00+00:00,ETH,SELL,2.9944931612963046,0.002994493161296305,0.075,S6_REVERSAL
2026-04-10 20:00:00+00:00,BTC,SELL,20.309292141600963,0.020309292141600963,0.15,S3_TREND
2026-04-10 20:00:00+00:00,ETH,SELL,9.759017188459438,0.009759017188459439,0.075,S6_REVERSAL
2026-04-10 21:00:00+00:00,BTC,SELL,20.521636374016452,0.020521636374016453,0.15,S3_TREND
2026-04-10 21:00:00+00:00,ETH,SELL,7411.308736342808,7.411308736342808,0.0,CASH
2026-04-10 22:00:00+00:00,BTC,BUY,28.234495013248306,0.028234495013248307,0.15,S3_TREND
2026-04-10 23:00:00+00:00,BTC,BUY,53.93478948009215,0.05393478948009215,0.15,S3_TREND
2026-04-11 00:00:00+00:00,BTC,SELL,14.799063876942455,0.014799063876942456,0.15,S3_TREND
2026-04-11 01:00:00+00:00,BTC,BUY,23.151755548964502,0.023151755548964502,0.15,S3_TREND
2026-04-11 02:00:00+00:00,BTC,SELL,21.75697115118419,0.02175697115118419,0.15,S3_TREND
2026-04-11 03:00:00+00:00,BTC,SELL,2.105239318058011,0.002105239318058011,0.15,S3_TREND
2026-04-11 04:00:00+00:00,BTC,BUY,17.233778968731713,0.017233778968731715,0.15,S3_TREND
2026-04-11 04:00:00+00:00,SOL,BUY,14797.14849226185,14.797148492261849,0.15,S3_TREND
2026-04-11 05:00:00+00:00,BTC,BUY,7.701744343332393,0.007701744343332394,0.15,S3_TREND
2026-04-11 05:00:00+00:00,SOL,SELL,1.0857831620924117,0.0010857831620924116,0.15,S3_TREND
2026-04-11 06:00:00+00:00,BTC,BUY,6.845081513332843,0.0068450815133328435,0.15,S3_TREND
2026-04-11 06:00:00+00:00,SOL,BUY,40.658359292545356,0.040658359292545354,0.15,S3_TREND
2026-04-11 07:00:00+00:00,BTC,SELL,5.816955648044313,0.005816955648044314,0.15,S3_TREND
2026-04-11 07:00:00+00:00,ETH,BUY,14784.6341095188,14.7846341095188,0.15,S3_TREND
2026-04-11 07:00:00+00:00,SOL,SELL,4.772666777704217,0.004772666777704217,0.15,S3_TREND
2026-04-11 08:00:00+00:00,BTC,BUY,1.2881563699793332,0.0012881563699793333,0.15,S3_TREND
2026-04-11 08:00:00+00:00,ETH,BUY,18.277232286176513,0.018277232286176514,0.15,S3_TREND
2026-04-11 08:00:00+00:00,SOL,SELL,26.693901860466212,0.02669390186046621,0.15,S3_TREND
2026-04-11 09:00:00+00:00,BTC,BUY,11.415639549459229,0.01141563954945923,0.15,S3_TREND
2026-04-11 09:00:00+00:00,ETH,SELL,7.009180634117001,0.007009180634117001,0.15,S3_TREND
2026-04-11 09:00:00+00:00,SOL,BUY,14.207043320298908,0.014207043320298908,0.15,S3_TREND
2026-04-11 10:00:00+00:00,BTC,SELL,22.441535347135872,0.022441535347135874,0.15,S3_TREND
2026-04-11 10:00:00+00:00,ETH,SELL,45.49963894189568,0.04549963894189568,0.15,S3_TREND
2026-04-11 10:00:00+00:00,SOL,SELL,30.975531146983485,0.030975531146983485,0.15,S3_TREND
2026-04-11 11:00:00+00:00,BTC,SELL,3.75498350878479,0.0037549835087847903,0.15,S3_TREND
2026-04-11 11:00:00+00:00,ETH,BUY,5.931534732439104,0.005931534732439105,0.15,S3_TREND
2026-04-11 11:00:00+00:00,SOL,BUY,58.71206718292342,0.05871206718292342,0.15,S3_TREND
2026-04-11 12:00:00+00:00,ETH,SELL,25.310559867064512,0.025310559867064514,0.15,S3_TREND
2026-04-11 12:00:00+00:00,SOL,SELL,19.353473286560984,0.019353473286560983,0.15,S3_TREND
2026-04-11 13:00:00+00:00,BTC,SELL,7.213383971993608,0.007213383971993607,0.15,S3_TREND
2026-04-11 13:00:00+00:00,ETH,BUY,4.276862936454563,0.004276862936454563,0.15,S3_TREND
2026-04-11 13:00:00+00:00,SOL,BUY,1.8825731463803095,0.0018825731463803096,0.15,S3_TREND
2026-04-11 14:00:00+00:00,BTC,BUY,39.87151233941222,0.03987151233941222,0.15,S3_TREND
2026-04-11 14:00:00+00:00,ETH,BUY,20.397000875385856,0.020397000875385856,0.15,S3_TREND
2026-04-11 14:00:00+00:00,SOL,BUY,3.649590608163635,0.0036495906081636348,0.15,S3_TREND
2026-04-11 15:00:00+00:00,BTC,BUY,1.3778761805842805,0.0013778761805842805,0.15,S3_TREND
2026-04-11 15:00:00+00:00,ETH,SELL,4.6535263218156615,0.004653526321815662,0.15,S3_TREND
2026-04-11 15:00:00+00:00,SOL,SELL,36.597036365563326,0.03659703636556333,0.15,S3_TREND
2026-04-11 16:00:00+00:00,BTC,SELL,11.568376095967324,0.011568376095967324,0.15,S3_TREND
2026-04-11 16:00:00+00:00,ETH,SELL,29.420775663156746,0.029420775663156748,0.15,S3_TREND
2026-04-11 16:00:00+00:00,SOL,SELL,31.174055612968004,0.031174055612968005,0.15,S3_TREND
2026-04-11 17:00:00+00:00,BTC,SELL,13.291287152775112,0.013291287152775113,0.15,S3_TREND
2026-04-11 17:00:00+00:00,ETH,SELL,37.66223071832064,0.037662230718320644,0.15,S3_TREND
2026-04-11 17:00:00+00:00,SOL,SELL,31.710540224203214,0.031710540224203214,0.15,S3_TREND
2026-04-11 18:00:00+00:00,BTC,SELL,14.057018139166757,0.014057018139166757,0.15,S3_TREND
2026-04-11 18:00:00+00:00,ETH,SELL,10.273728116744678,0.010273728116744677,0.15,S3_TREND
2026-04-11 18:00:00+00:00,SOL,BUY,29.88667466091647,0.02988667466091647,0.15,S3_TREND
2026-04-11 19:00:00+00:00,BTC,SELL,15.404228998888355,0.015404228998888355,0.15,S3_TREND
2026-04-11 19:00:00+00:00,ETH,SELL,221.81709011811472,0.22181709011811473,0.15,S3_TREND
2026-04-11 19:00:00+00:00,SOL,SELL,42.642595881008674,0.042642595881008674,0.15,S3_TREND
2026-04-11 20:00:00+00:00,ETH,SELL,39.82790188260333,0.03982790188260333,0.15,S3_TREND
2026-04-11 20:00:00+00:00,SOL,SELL,64.17400316652675,0.06417400316652674,0.15,S3_TREND
2026-04-11 21:00:00+00:00,BTC,BUY,35.69392006021553,0.03569392006021553,0.15,S3_TREND
2026-04-11 21:00:00+00:00,ETH,BUY,69.00538315874837,0.06900538315874838,0.15,S3_TREND
2026-04-11 21:00:00+00:00,SOL,BUY,59.43285703400579,0.0594328570340058,0.15,S3_TREND
2026-04-11 22:00:00+00:00,BTC,SELL,24.713648794077017,0.024713648794077017,0.15,S3_TREND
2026-04-11 22:00:00+00:00,ETH,SELL,3.6265535097591055,0.0036265535097591054,0.15,S3_TREND
2026-04-11 22:00:00+00:00,SOL,BUY,16.998991156564443,0.016998991156564443,0.15,S3_TREND
2026-04-11 23:00:00+00:00,BTC,BUY,5.09331747412034,0.00509331747412034,0.15,S3_TREND
2026-04-11 23:00:00+00:00,ETH,BUY,10.67814378917501,0.010678143789175011,0.15,S3_TREND
2026-04-11 23:00:00+00:00,SOL,BUY,3.4693005586141226,0.0034693005586141227,0.15,S3_TREND
2026-04-12 00:00:00+00:00,BTC,BUY,36.94802280667682,0.03694802280667682,0.15,S3_TREND
2026-04-12 00:00:00+00:00,ETH,BUY,46.48391880823692,0.04648391880823692,0.15,S3_TREND
2026-04-12 00:00:00+00:00,SOL,BUY,28.76705309992394,0.02876705309992394,0.15,S3_TREND
2026-04-12 01:00:00+00:00,BTC,SELL,6.990832136691097,0.006990832136691097,0.15,S3_TREND
2026-04-12 01:00:00+00:00,ETH,SELL,4.1863086134326295,0.00418630861343263,0.15,S3_TREND
2026-04-12 01:00:00+00:00,SOL,BUY,9.24457717203586,0.009244577172035862,0.15,S3_TREND
2026-04-12 02:00:00+00:00,BTC,BUY,115.23044821417898,0.11523044821417898,0.15,S3_TREND
2026-04-12 02:00:00+00:00,ETH,BUY,256.63517117951596,0.25663517117951595,0.15,S3_TREND
2026-04-12 02:00:00+00:00,SOL,BUY,276.57999092049613,0.2765799909204961,0.15,S3_TREND
2026-04-12 03:00:00+00:00,BTC,SELL,6.355856934367694,0.0063558569343676935,0.15,S3_TREND
2026-04-12 03:00:00+00:00,ETH,SELL,11.158084683851484,0.011158084683851485,0.15,S3_TREND
2026-04-12 03:00:00+00:00,SOL,SELL,48.25864263148288,0.04825864263148288,0.15,S3_TREND
2026-04-12 04:00:00+00:00,BTC,BUY,10.298801678982272,0.010298801678982273,0.15,S3_TREND
2026-04-12 04:00:00+00:00,ETH,BUY,40.118546771012916,0.04011854677101292,0.15,S3_TREND
2026-04-12 04:00:00+00:00,SOL,BUY,38.0904059769,0.0380904059769,0.15,S3_TREND
2026-04-12 05:00:00+00:00,BTC,BUY,17.86198104922005,0.01786198104922005,0.15,S3_TREND
2026-04-12 05:00:00+00:00,ETH,BUY,2.0403804020679672,0.002040380402067967,0.15,S3_TREND
2026-04-12 05:00:00+00:00,SOL,BUY,9.726374677024069,0.009726374677024068,0.15,S3_TREND
2026-04-12 06:00:00+00:00,BTC,SELL,32.61879935412435,0.03261879935412435,0.15,S3_TREND
2026-04-12 06:00:00+00:00,ETH,SELL,16.488958907078995,0.016488958907078997,0.15,S3_TREND
2026-04-12 06:00:00+00:00,SOL,SELL,14.718226781744306,0.014718226781744307,0.15,S3_TREND
2026-04-12 07:00:00+00:00,BTC,BUY,2.665665186368642,0.002665665186368642,0.15,S3_TREND
2026-04-12 07:00:00+00:00,ETH,BUY,1.975376681306443,0.001975376681306443,0.15,S3_TREND
2026-04-12 07:00:00+00:00,SOL,BUY,17.198824611239615,0.017198824611239616,0.15,S3_TREND
2026-04-12 08:00:00+00:00,BTC,BUY,2.7182060986906436,0.0027182060986906437,0.15,S3_TREND
2026-04-12 08:00:00+00:00,ETH,SELL,10.753261258758357,0.010753261258758357,0.15,S3_TREND
2026-04-12 09:00:00+00:00,BTC,BUY,2.5051678532963706,0.0025051678532963706,0.15,S3_TREND
2026-04-12 09:00:00+00:00,ETH,BUY,21.7875580378859,0.0217875580378859,0.15,S3_TREND
2026-04-12 09:00:00+00:00,SOL,SELL,6.295716975479081,0.006295716975479081,0.15,S3_TREND
2026-04-12 10:00:00+00:00,BTC,BUY,14.9956762765014,0.0149956762765014,0.15,S3_TREND
2026-04-12 10:00:00+00:00,ETH,SELL,6.2620656006984055,0.006262065600698406,0.15,S3_TREND
2026-04-12 10:00:00+00:00,SOL,BUY,9.334603057310233,0.009334603057310233,0.15,S3_TREND
2026-04-12 11:00:00+00:00,BTC,SELL,3.246429730570526,0.003246429730570526,0.15,S3_TREND
2026-04-12 11:00:00+00:00,ETH,BUY,63.70785488611,0.06370785488611,0.15,S3_TREND
2026-04-12 11:00:00+00:00,SOL,BUY,10.879463467534151,0.010879463467534151,0.15,S3_TREND
2026-04-12 12:00:00+00:00,BTC,BUY,4.780432597617619,0.004780432597617619,0.15,S3_TREND
2026-04-12 12:00:00+00:00,ETH,SELL,11.778874450817966,0.011778874450817966,0.15,S3_TREND
2026-04-12 12:00:00+00:00,SOL,SELL,22.376764328675563,0.022376764328675563,0.15,S3_TREND
2026-04-12 13:00:00+00:00,BTC,BUY,51.86450567119937,0.051864505671199365,0.15,S3_TREND
2026-04-12 13:00:00+00:00,ETH,BUY,38.55099578330555,0.03855099578330555,0.15,S3_TREND
2026-04-12 13:00:00+00:00,SOL,BUY,8.644429694973951,0.008644429694973952,0.15,S3_TREND
2026-04-12 14:00:00+00:00,BTC,BUY,23.045718777220827,0.02304571877722083,0.15,S3_TREND
2026-04-12 14:00:00+00:00,ETH,BUY,34.86172729153077,0.03486172729153077,0.15,S3_TREND
2026-04-12 14:00:00+00:00,SOL,BUY,4.396486875060873,0.004396486875060873,0.15,S3_TREND
2026-04-12 15:00:00+00:00,BTC,BUY,10.034904497171738,0.010034904497171739,0.15,S3_TREND
2026-04-12 15:00:00+00:00,ETH,BUY,21.716584356241583,0.021716584356241582,0.15,S3_TREND
2026-04-12 15:00:00+00:00,SOL,BUY,38.06679717104453,0.038066797171044525,0.15,S3_TREND
2026-04-12 16:00:00+00:00,BTC,SELL,19.066126393596278,0.01906612639359628,0.15,S3_TREND
2026-04-12 16:00:00+00:00,ETH,SELL,26.83374490179449,0.02683374490179449,0.15,S3_TREND
2026-04-12 16:00:00+00:00,SOL,BUY,7.008139752804709,0.007008139752804709,0.15,S3_TREND
2026-04-12 17:00:00+00:00,ETH,BUY,5.627393566968749,0.005627393566968749,0.15,S3_TREND
2026-04-12 17:00:00+00:00,SOL,SELL,42.15960845316113,0.04215960845316113,0.15,S3_TREND
2026-04-12 18:00:00+00:00,BTC,SELL,10.694289185497837,0.010694289185497837,0.15,S3_TREND
2026-04-12 18:00:00+00:00,ETH,SELL,76.8135376170867,0.0768135376170867,0.15,S3_TREND
2026-04-12 18:00:00+00:00,SOL,SELL,24.608818126052938,0.02460881812605294,0.15,S3_TREND
2026-04-12 19:00:00+00:00,BTC,SELL,3.4265587150839565,0.0034265587150839566,0.15,S3_TREND
2026-04-12 19:00:00+00:00,ETH,BUY,13.140954407957906,0.013140954407957907,0.15,S3_TREND
2026-04-12 19:00:00+00:00,SOL,SELL,7318.456516668367,7.318456516668367,0.075,S6_REVERSAL
2026-04-12 20:00:00+00:00,BTC,BUY,3.7914946798046003,0.0037914946798046005,0.15,S3_TREND
2026-04-12 20:00:00+00:00,ETH,BUY,8.29038880925873,0.00829038880925873,0.15,S3_TREND
2026-04-12 20:00:00+00:00,SOL,BUY,10.656327343926932,0.010656327343926932,0.075,S6_REVERSAL
2026-04-12 21:00:00+00:00,BTC,SELL,19.356884259479557,0.019356884259479557,0.15,S3_TREND
2026-04-12 21:00:00+00:00,ETH,SELL,69.30433094659747,0.06930433094659748,0.15,S3_TREND
2026-04-12 21:00:00+00:00,SOL,SELL,46.307369673347246,0.04630736967334725,0.075,S6_REVERSAL
2026-04-12 22:00:00+00:00,BTC,SELL,7341.801012920282,7.341801012920282,0.075,S6_REVERSAL
2026-04-12 22:00:00+00:00,ETH,BUY,15.284303044414628,0.015284303044414629,0.15,S3_TREND
2026-04-12 22:00:00+00:00,SOL,SELL,9.740282483032388,0.009740282483032388,0.075,S6_REVERSAL
2026-04-12 23:00:00+00:00,BTC,BUY,31.06512738040601,0.03106512738040601,0.075,S6_REVERSAL
2026-04-12 23:00:00+00:00,ETH,BUY,48.17193638907702,0.04817193638907702,0.15,S3_TREND
2026-04-12 23:00:00+00:00,SOL,BUY,56.44663375322034,0.05644663375322034,0.075,S6_REVERSAL
2026-04-13 00:00:00+00:00,BTC,BUY,9.533892507585733,0.009533892507585734,0.075,S6_REVERSAL
2026-04-13 00:00:00+00:00,ETH,BUY,35.119001243332605,0.03511900124333261,0.15,S3_TREND
2026-04-13 00:00:00+00:00,SOL,BUY,31.154283898422364,0.031154283898422366,0.075,S6_REVERSAL
2026-04-13 01:00:00+00:00,BTC,SELL,30.34370654823124,0.03034370654823124,0.075,S6_REVERSAL
2026-04-13 01:00:00+00:00,ETH,SELL,61.9222422006369,0.061922242200636905,0.15,S3_TREND
2026-04-13 01:00:00+00:00,SOL,SELL,40.48907464296008,0.04048907464296008,0.075,S6_REVERSAL
2026-04-13 02:00:00+00:00,BTC,SELL,1.9349994712101761,0.001934999471210176,0.075,S6_REVERSAL
2026-04-13 02:00:00+00:00,ETH,BUY,11.246699552842983,0.011246699552842984,0.15,S3_TREND
2026-04-13 02:00:00+00:00,SOL,SELL,15.414055716560144,0.015414055716560144,0.075,S6_REVERSAL
2026-04-13 03:00:00+00:00,BTC,BUY,4.600122519575962,0.004600122519575962,0.075,S6_REVERSAL
2026-04-13 03:00:00+00:00,ETH,BUY,46.41772941376257,0.04641772941376257,0.15,S3_TREND
2026-04-13 03:00:00+00:00,SOL,BUY,25.607033441383464,0.025607033441383466,0.075,S6_REVERSAL
2026-04-13 04:00:00+00:00,BTC,BUY,8.97857750314779,0.00897857750314779,0.075,S6_REVERSAL
2026-04-13 04:00:00+00:00,ETH,SELL,2.9191905477309774,0.0029191905477309777,0.15,S3_TREND
2026-04-13 04:00:00+00:00,SOL,BUY,3.4396477324280568,0.0034396477324280567,0.075,S6_REVERSAL
2026-04-13 05:00:00+00:00,BTC,BUY,6.182444433958153,0.006182444433958154,0.075,S6_REVERSAL
2026-04-13 05:00:00+00:00,ETH,BUY,22.10783799485762,0.022107837994857618,0.15,S3_TREND
2026-04-13 05:00:00+00:00,SOL,SELL,3.5463239373793836,0.003546323937379384,0.075,S6_REVERSAL
2026-04-13 06:00:00+00:00,BTC,BUY,1.2376225621119374,0.0012376225621119374,0.075,S6_REVERSAL
2026-04-13 06:00:00+00:00,ETH,SELL,7322.686375130198,7.322686375130198,0.075,S6_REVERSAL
2026-04-13 06:00:00+00:00,SOL,BUY,5.411610391093745,0.005411610391093746,0.075,S6_REVERSAL
2026-04-13 07:00:00+00:00,BTC,SELL,8.59597196993036,0.00859597196993036,0.075,S6_REVERSAL
2026-04-13 07:00:00+00:00,ETH,SELL,18.13545338699805,0.01813545338699805,0.075,S6_REVERSAL
2026-04-13 07:00:00+00:00,SOL,SELL,39.848376422244655,0.039848376422244654,0.075,S6_REVERSAL
2026-04-13 08:00:00+00:00,BTC,BUY,15.18334262308872,0.01518334262308872,0.075,S6_REVERSAL
2026-04-13 08:00:00+00:00,ETH,BUY,33.87064537607239,0.033870645376072386,0.075,S6_REVERSAL
2026-04-13 08:00:00+00:00,SOL,BUY,11.065274057245006,0.011065274057245006,0.075,S6_REVERSAL
2026-04-13 09:00:00+00:00,BTC,BUY,10.39496079203218,0.01039496079203218,0.075,S6_REVERSAL
2026-04-13 09:00:00+00:00,SOL,BUY,23.34517737346596,0.023345177373465958,0.075,S6_REVERSAL
2026-04-13 10:00:00+00:00,BTC,SELL,10.102741545976642,0.010102741545976643,0.075,S6_REVERSAL
2026-04-13 10:00:00+00:00,ETH,SELL,6.911528889867441,0.006911528889867441,0.075,S6_REVERSAL
2026-04-13 10:00:00+00:00,SOL,BUY,2.3966647421084417,0.0023966647421084417,0.075,S6_REVERSAL
2026-04-13 11:00:00+00:00,BTC,BUY,1.4925208852982905,0.0014925208852982906,0.075,S6_REVERSAL
2026-04-13 11:00:00+00:00,ETH,BUY,13.279347384534958,0.013279347384534958,0.075,S6_REVERSAL
2026-04-13 11:00:00+00:00,SOL,BUY,9.284577701378112,0.009284577701378112,0.075,S6_REVERSAL
2026-04-13 12:00:00+00:00,BTC,SELL,14.756087175020186,0.014756087175020187,0.075,S6_REVERSAL
2026-04-13 12:00:00+00:00,ETH,SELL,9.924573693480852,0.009924573693480852,0.075,S6_REVERSAL
2026-04-13 12:00:00+00:00,SOL,SELL,8.427572842498193,0.008427572842498194,0.075,S6_REVERSAL
2026-04-13 13:00:00+00:00,BTC,SELL,8.053179750187155,0.008053179750187156,0.075,S6_REVERSAL
2026-04-13 13:00:00+00:00,ETH,SELL,9.695377605115029,0.009695377605115029,0.075,S6_REVERSAL
2026-04-13 13:00:00+00:00,SOL,SELL,53.83570247271564,0.05383570247271564,0.075,S6_REVERSAL
2026-04-13 14:00:00+00:00,BTC,SELL,43.153687630593595,0.043153687630593594,0.075,S6_REVERSAL
2026-04-13 14:00:00+00:00,ETH,SELL,59.95683138110235,0.059956831381102346,0.075,S6_REVERSAL
2026-04-13 14:00:00+00:00,SOL,SELL,76.63496093146841,0.07663496093146842,0.075,S6_REVERSAL
2026-04-13 15:00:00+00:00,BTC,SELL,64.16996018641385,0.06416996018641384,0.075,S6_REVERSAL
2026-04-13 15:00:00+00:00,ETH,SELL,50.65520677772474,0.05065520677772475,0.075,S6_REVERSAL
2026-04-13 15:00:00+00:00,SOL,SELL,2.690368113267141,0.0026903681132671407,0.075,S6_REVERSAL
2026-04-13 16:00:00+00:00,BTC,BUY,36.712608374587035,0.036712608374587036,0.075,S6_REVERSAL
2026-04-13 16:00:00+00:00,ETH,BUY,64.46240030114586,0.06446240030114586,0.075,S6_REVERSAL
2026-04-13 16:00:00+00:00,SOL,BUY,79.07242650622811,0.07907242650622812,0.075,S6_REVERSAL
2026-04-13 17:00:00+00:00,BTC,SELL,22.988720929799456,0.022988720929799457,0.075,S6_REVERSAL
2026-04-13 17:00:00+00:00,ETH,SELL,43.72480073477891,0.04372480073477891,0.075,S6_REVERSAL
2026-04-13 17:00:00+00:00,SOL,SELL,49.93750402500791,0.04993750402500791,0.075,S6_REVERSAL
2026-04-13 18:00:00+00:00,BTC,BUY,2.8616692988098293,0.0028616692988098296,0.075,S6_REVERSAL
2026-04-13 18:00:00+00:00,SOL,BUY,23.852839075316297,0.023852839075316296,0.075,S6_REVERSAL
2026-04-13 19:00:00+00:00,BTC,SELL,23.160829413302054,0.023160829413302053,0.075,S6_REVERSAL
2026-04-13 19:00:00+00:00,ETH,SELL,18.67512412456108,0.01867512412456108,0.075,S6_REVERSAL
2026-04-13 19:00:00+00:00,SOL,SELL,9.221577728964803,0.009221577728964803,0.075,S6_REVERSAL
2026-04-13 20:00:00+00:00,BTC,SELL,7437.257884689693,7.437257884689693,0.0,CASH
2026-04-13 20:00:00+00:00,ETH,SELL,79.01239921132765,0.07901239921132765,0.075,S6_REVERSAL
2026-04-13 20:00:00+00:00,SOL,SELL,57.61155930796758,0.05761155930796758,0.075,S6_REVERSAL
2026-04-13 21:00:00+00:00,ETH,BUY,28.017635052377955,0.028017635052377955,0.075,S6_REVERSAL
2026-04-13 21:00:00+00:00,SOL,BUY,9.993863927970779,0.009993863927970779,0.075,S6_REVERSAL
2026-04-13 22:00:00+00:00,ETH,SELL,22.78852259373798,0.02278852259373798,0.075,S6_REVERSAL
2026-04-13 23:00:00+00:00,ETH,SELL,7666.262649876667,7.666262649876667,0.0,CASH
2026-04-13 23:00:00+00:00,SOL,SELL,7563.194269286019,7.5631942692860195,0.0,CASH
2026-04-14 11:00:00+00:00,ETH,BUY,14801.480665057063,14.801480665057063,0.15,S3_TREND
2026-04-14 13:00:00+00:00,ETH,BUY,3.765606663397193,0.0037656066633971934,0.15,S3_TREND
2026-04-14 14:00:00+00:00,BTC,BUY,14814.622801650772,14.814622801650772,0.15,S3_TREND
2026-04-14 14:00:00+00:00,ETH,SELL,93.04296029946636,0.09304296029946636,0.15,S3_TREND
2026-04-14 14:00:00+00:00,SOL,BUY,14814.622801650772,14.814622801650772,0.15,S3_TREND
2026-04-14 15:00:00+00:00,BTC,BUY,12.64330801077449,0.01264330801077449,0.15,S3_TREND
2026-04-14 15:00:00+00:00,ETH,BUY,150.39548582798307,0.15039548582798307,0.15,S3_TREND
2026-04-14 15:00:00+00:00,SOL,BUY,129.36161149244253,0.12936161149244255,0.15,S3_TREND
2026-04-14 16:00:00+00:00,BTC,SELL,41.61734770300609,0.04161734770300609,0.15,S3_TREND
2026-04-14 16:00:00+00:00,ETH,SELL,54.45550866722078,0.054455508667220785,0.15,S3_TREND
2026-04-14 16:00:00+00:00,SOL,BUY,29.94047751175458,0.02994047751175458,0.15,S3_TREND
2026-04-14 17:00:00+00:00,BTC,BUY,58.55958821308377,0.05855958821308377,0.15,S3_TREND
2026-04-14 17:00:00+00:00,ETH,BUY,119.33358628871247,0.11933358628871248,0.15,S3_TREND
2026-04-14 17:00:00+00:00,SOL,BUY,84.51132290196801,0.08451132290196801,0.15,S3_TREND
2026-04-14 18:00:00+00:00,BTC,SELL,6.637325113448242,0.006637325113448242,0.15,S3_TREND
2026-04-14 18:00:00+00:00,ETH,SELL,15.105420607296765,0.015105420607296765,0.15,S3_TREND
2026-04-14 18:00:00+00:00,SOL,SELL,23.866803593618897,0.023866803593618896,0.15,S3_TREND
2026-04-14 19:00:00+00:00,BTC,BUY,56.199972195125156,0.05619997219512516,0.15,S3_TREND
2026-04-14 19:00:00+00:00,ETH,BUY,81.11627200887051,0.08111627200887052,0.15,S3_TREND
2026-04-14 19:00:00+00:00,SOL,BUY,128.92504014600127,0.12892504014600126,0.15,S3_TREND
2026-04-14 20:00:00+00:00,BTC,SELL,26.042882433979685,0.026042882433979685,0.15,S3_TREND
2026-04-14 20:00:00+00:00,ETH,BUY,3.2194733514115796,0.0032194733514115796,0.15,S3_TREND
2026-04-14 20:00:00+00:00,SOL,BUY,23.95137528064697,0.02395137528064697,0.15,S3_TREND
2026-04-14 21:00:00+00:00,BTC,BUY,13.313117715330009,0.013313117715330008,0.15,S3_TREND
2026-04-14 21:00:00+00:00,ETH,SELL,21.756017745325153,0.021756017745325155,0.15,S3_TREND
2026-04-14 21:00:00+00:00,SOL,BUY,46.93491597984212,0.04693491597984212,0.15,S3_TREND
2026-04-14 22:00:00+00:00,BTC,SELL,15.90901146723445,0.01590901146723445,0.15,S3_TREND
2026-04-14 22:00:00+00:00,ETH,SELL,35.81734893515204,0.03581734893515204,0.15,S3_TREND
2026-04-14 22:00:00+00:00,SOL,SELL,16.37739915993552,0.01637739915993552,0.15,S3_TREND
2026-04-14 23:00:00+00:00,BTC,BUY,26.397621799533226,0.026397621799533227,0.15,S3_TREND
2026-04-14 23:00:00+00:00,ETH,BUY,31.32887063308226,0.03132887063308226,0.15,S3_TREND
2026-04-14 23:00:00+00:00,SOL,BUY,28.73545292381459,0.028735452923814592,0.15,S3_TREND
2026-04-15 00:00:00+00:00,BTC,SELL,5.628510098522384,0.0056285100985223845,0.15,S3_TREND
2026-04-15 00:00:00+00:00,ETH,SELL,31.229849617860964,0.031229849617860964,0.15,S3_TREND
2026-04-15 00:00:00+00:00,SOL,SELL,20.96108992801419,0.02096108992801419,0.15,S3_TREND
2026-04-15 01:00:00+00:00,BTC,SELL,60.905702469244716,0.06090570246924472,0.15,S3_TREND
2026-04-15 01:00:00+00:00,ETH,SELL,46.277089545270435,0.04627708954527043,0.15,S3_TREND
2026-04-15 01:00:00+00:00,SOL,BUY,14.726930968532542,0.014726930968532543,0.15,S3_TREND
2026-04-15 02:00:00+00:00,BTC,SELL,2.0927980678916356,0.0020927980678916358,0.15,S3_TREND
2026-04-15 02:00:00+00:00,ETH,SELL,4.943047019203732,0.004943047019203732,0.15,S3_TREND
2026-04-15 02:00:00+00:00,SOL,SELL,17.73742568623129,0.01773742568623129,0.15,S3_TREND
2026-04-15 03:00:00+00:00,BTC,BUY,24.745377733041096,0.024745377733041096,0.15,S3_TREND
2026-04-15 03:00:00+00:00,ETH,BUY,35.79448759469415,0.03579448759469415,0.15,S3_TREND
2026-04-15 03:00:00+00:00,SOL,BUY,58.32030202183705,0.05832030202183705,0.15,S3_TREND
2026-04-15 04:00:00+00:00,BTC,BUY,1.099413776430083,0.001099413776430083,0.15,S3_TREND
2026-04-15 04:00:00+00:00,ETH,SELL,19.580956249765222,0.019580956249765222,0.15,S3_TREND
2026-04-15 04:00:00+00:00,SOL,SELL,2.9482305065994296,0.0029482305065994295,0.15,S3_TREND
2026-04-15 05:00:00+00:00,BTC,BUY,9.214252344147098,0.009214252344147099,0.15,S3_TREND
2026-04-15 05:00:00+00:00,ETH,SELL,20.823766899005932,0.020823766899005933,0.15,S3_TREND
2026-04-15 05:00:00+00:00,SOL,SELL,18.162419343902002,0.018162419343902003,0.15,S3_TREND
2026-04-15 06:00:00+00:00,BTC,BUY,27.832365293590556,0.027832365293590556,0.15,S3_TREND
2026-04-15 06:00:00+00:00,ETH,BUY,52.784598117197675,0.05278459811719768,0.15,S3_TREND
2026-04-15 06:00:00+00:00,SOL,BUY,47.3223878137851,0.0473223878137851,0.15,S3_TREND
2026-04-15 07:00:00+00:00,BTC,BUY,16.629869971546213,0.016629869971546214,0.15,S3_TREND
2026-04-15 07:00:00+00:00,ETH,BUY,4.049799736458226,0.004049799736458226,0.15,S3_TREND
2026-04-15 07:00:00+00:00,SOL,BUY,12.090502915010802,0.012090502915010803,0.15,S3_TREND
2026-04-15 08:00:00+00:00,BTC,BUY,23.954334657351865,0.023954334657351865,0.15,S3_TREND
2026-04-15 08:00:00+00:00,ETH,SELL,3.1364538528323465,0.0031364538528323464,0.15,S3_TREND
2026-04-15 08:00:00+00:00,SOL,BUY,7.954260193520895,0.007954260193520895,0.15,S3_TREND
2026-04-15 09:00:00+00:00,BTC,SELL,47.894989139233076,0.047894989139233075,0.15,S3_TREND
2026-04-15 09:00:00+00:00,ETH,SELL,40.58157846299764,0.04058157846299764,0.15,S3_TREND
2026-04-15 09:00:00+00:00,SOL,SELL,11.43034351956885,0.01143034351956885,0.15,S3_TREND
2026-04-15 10:00:00+00:00,BTC,BUY,10.050426930145477,0.010050426930145477,0.15,S3_TREND
2026-04-15 10:00:00+00:00,ETH,BUY,37.32013583459229,0.037320135834592295,0.15,S3_TREND
2026-04-15 10:00:00+00:00,SOL,SELL,12.932091994654911,0.012932091994654912,0.15,S3_TREND
2026-04-15 11:00:00+00:00,BTC,BUY,21.50262173817464,0.02150262173817464,0.15,S3_TREND
2026-04-15 11:00:00+00:00,ETH,BUY,13.288427360375863,0.013288427360375863,0.15,S3_TREND
2026-04-15 11:00:00+00:00,SOL,SELL,7.468146804281787,0.007468146804281787,0.15,S3_TREND
2026-04-15 12:00:00+00:00,BTC,SELL,25.38058112469116,0.025380581124691163,0.15,S3_TREND
2026-04-15 12:00:00+00:00,ETH,SELL,89.59518712413228,0.08959518712413228,0.15,S3_TREND
2026-04-15 12:00:00+00:00,SOL,SELL,36.00324950736103,0.036003249507361036,0.15,S3_TREND
2026-04-15 13:00:00+00:00,BTC,SELL,13.374122952429389,0.01337412295242939,0.15,S3_TREND
2026-04-15 13:00:00+00:00,ETH,BUY,28.660675677318068,0.02866067567731807,0.15,S3_TREND
2026-04-15 13:00:00+00:00,SOL,SELL,18.428785759248058,0.018428785759248056,0.15,S3_TREND
2026-04-15 14:00:00+00:00,BTC,BUY,27.342426630892078,0.027342426630892078,0.15,S3_TREND
2026-04-15 14:00:00+00:00,ETH,BUY,23.882946275418362,0.023882946275418364,0.15,S3_TREND
2026-04-15 15:00:00+00:00,BTC,BUY,13.887523444051112,0.013887523444051112,0.15,S3_TREND
2026-04-15 15:00:00+00:00,ETH,SELL,40.862311645631046,0.04086231164563105,0.15,S3_TREND
2026-04-15 15:00:00+00:00,SOL,SELL,87.59348337378287,0.08759348337378288,0.15,S3_TREND
2026-04-15 16:00:00+00:00,BTC,BUY,37.567103583895005,0.037567103583895006,0.15,S3_TREND
2026-04-15 16:00:00+00:00,ETH,BUY,16.746563323271403,0.016746563323271402,0.15,S3_TREND
2026-04-15 16:00:00+00:00,SOL,BUY,30.637178895487523,0.030637178895487522,0.15,S3_TREND
2026-04-15 17:00:00+00:00,BTC,BUY,6.644854790580212,0.006644854790580212,0.15,S3_TREND
2026-04-15 17:00:00+00:00,ETH,SELL,33.39277193219095,0.03339277193219095,0.15,S3_TREND
2026-04-15 17:00:00+00:00,SOL,SELL,68.13614310808225,0.06813614310808225,0.15,S3_TREND
2026-04-15 18:00:00+00:00,BTC,SELL,21.761866312452185,0.021761866312452183,0.15,S3_TREND
2026-04-15 18:00:00+00:00,ETH,SELL,28.274028957035622,0.028274028957035624,0.15,S3_TREND
2026-04-15 18:00:00+00:00,SOL,SELL,11.081255022483674,0.011081255022483675,0.15,S3_TREND
2026-04-15 19:00:00+00:00,BTC,SELL,25.003270320807133,0.025003270320807132,0.15,S3_TREND
2026-04-15 19:00:00+00:00,ETH,SELL,36.931624629851285,0.036931624629851285,0.15,S3_TREND
2026-04-15 19:00:00+00:00,SOL,SELL,31.628769373042815,0.03162876937304281,0.15,S3_TREND
2026-04-15 20:00:00+00:00,BTC,SELL,75.033801434829,0.075033801434829,0.15,S3_TREND
2026-04-15 20:00:00+00:00,ETH,SELL,56.200109430563316,0.05620010943056332,0.15,S3_TREND
2026-04-15 20:00:00+00:00,SOL,SELL,37.04902655370279,0.03704902655370279,0.15,S3_TREND
2026-04-15 21:00:00+00:00,BTC,SELL,3.0221790294235693,0.0030221790294235693,0.15,S3_TREND
2026-04-15 21:00:00+00:00,ETH,BUY,40.429722621673136,0.04042972262167314,0.15,S3_TREND
2026-04-15 21:00:00+00:00,SOL,BUY,89.42872371153135,0.08942872371153135,0.15,S3_TREND
2026-04-15 22:00:00+00:00,BTC,BUY,14.6274403135576,0.0146274403135576,0.15,S3_TREND
2026-04-15 22:00:00+00:00,ETH,BUY,5.59379400600119,0.00559379400600119,0.15,S3_TREND
2026-04-15 22:00:00+00:00,SOL,SELL,2.999410641043141,0.002999410641043141,0.15,S3_TREND
2026-04-15 23:00:00+00:00,BTC,SELL,28.655875096181262,0.02865587509618126,0.15,S3_TREND
2026-04-15 23:00:00+00:00,ETH,BUY,1.2724480158485676,0.0012724480158485677,0.15,S3_TREND
2026-04-15 23:00:00+00:00,SOL,SELL,26.822877245176638,0.026822877245176638,0.15,S3_TREND
2026-04-16 00:00:00+00:00,BTC,BUY,19.28045156416374,0.01928045156416374,0.15,S3_TREND
2026-04-16 00:00:00+00:00,ETH,BUY,10.965708413867105,0.010965708413867105,0.15,S3_TREND
2026-04-16 00:00:00+00:00,SOL,BUY,9.819662236846852,0.009819662236846853,0.15,S3_TREND
2026-04-16 01:00:00+00:00,ETH,SELL,2.464941179372545,0.002464941179372545,0.15,S3_TREND
2026-04-16 01:00:00+00:00,SOL,SELL,3.672668501314547,0.003672668501314547,0.15,S3_TREND
2026-04-16 02:00:00+00:00,BTC,BUY,16.51395258708544,0.01651395258708544,0.15,S3_TREND
2026-04-16 02:00:00+00:00,ETH,BUY,38.12252771192652,0.03812252771192652,0.15,S3_TREND
2026-04-16 03:00:00+00:00,BTC,SELL,27.322668775095735,0.027322668775095735,0.15,S3_TREND
2026-04-16 03:00:00+00:00,ETH,SELL,10.950361886631072,0.010950361886631071,0.15,S3_TREND
2026-04-16 03:00:00+00:00,SOL,SELL,26.528163156997834,0.026528163156997835,0.15,S3_TREND
2026-04-16 04:00:00+00:00,BTC,BUY,5.855244521326313,0.005855244521326313,0.15,S3_TREND
2026-04-16 04:00:00+00:00,ETH,SELL,1.3144698505911947,0.0013144698505911947,0.15,S3_TREND
2026-04-16 04:00:00+00:00,SOL,SELL,26.780326766722283,0.026780326766722283,0.15,S3_TREND
2026-04-16 05:00:00+00:00,BTC,SELL,14.368587941626174,0.014368587941626175,0.15,S3_TREND
2026-04-16 05:00:00+00:00,ETH,BUY,19.76410264939659,0.01976410264939659,0.15,S3_TREND
2026-04-16 05:00:00+00:00,SOL,BUY,6.967030601354054,0.006967030601354054,0.15,S3_TREND
2026-04-16 06:00:00+00:00,BTC,SELL,9.364627985471088,0.009364627985471089,0.15,S3_TREND
2026-04-16 06:00:00+00:00,ETH,SELL,6.866902979920269,0.006866902979920269,0.15,S3_TREND
2026-04-16 06:00:00+00:00,SOL,SELL,20.93364479572483,0.02093364479572483,0.15,S3_TREND
2026-04-16 07:00:00+00:00,ETH,BUY,6.30711925201831,0.006307119252018311,0.15,S3_TREND
2026-04-16 07:00:00+00:00,SOL,SELL,10.998962122266677,0.010998962122266677,0.15,S3_TREND
2026-04-16 08:00:00+00:00,BTC,BUY,36.53680737129616,0.036536807371296165,0.15,S3_TREND
2026-04-16 08:00:00+00:00,ETH,BUY,60.07276205837843,0.06007276205837843,0.15,S3_TREND
2026-04-16 08:00:00+00:00,SOL,BUY,15.982371353999042,0.015982371353999044,0.15,S3_TREND
2026-04-16 09:00:00+00:00,BTC,SELL,1.8057415538114583,0.0018057415538114583,0.15,S3_TREND
2026-04-16 09:00:00+00:00,ETH,BUY,7.525092563093494,0.007525092563093494,0.15,S3_TREND
2026-04-16 09:00:00+00:00,SOL,BUY,21.77272577901931,0.02177272577901931,0.15,S3_TREND
2026-04-16 10:00:00+00:00,BTC,BUY,17.185145298171847,0.017185145298171847,0.15,S3_TREND
2026-04-16 10:00:00+00:00,ETH,BUY,7.158871686377097,0.007158871686377097,0.15,S3_TREND
2026-04-16 10:00:00+00:00,SOL,SELL,14706.921672944953,14.706921672944953,0.0,CASH
2026-04-16 11:00:00+00:00,BTC,BUY,39.46069873529268,0.03946069873529268,0.15,S3_TREND
2026-04-16 11:00:00+00:00,ETH,BUY,19.754213084321236,0.019754213084321237,0.15,S3_TREND
2026-04-16 12:00:00+00:00,BTC,SELL,40.84792427466709,0.040847924274667095,0.15,S3_TREND
2026-04-16 12:00:00+00:00,ETH,SELL,9.681000703369136,0.009681000703369136,0.15,S3_TREND
2026-04-16 13:00:00+00:00,BTC,SELL,3.7526407558743813,0.0037526407558743815,0.15,S3_TREND
2026-04-16 13:00:00+00:00,ETH,SELL,23.975861478314982,0.023975861478314982,0.15,S3_TREND
2026-04-16 14:00:00+00:00,BTC,BUY,109.53040071779105,0.10953040071779106,0.15,S3_TREND
2026-04-16 14:00:00+00:00,ETH,BUY,146.79705808165818,0.1467970580816582,0.15,S3_TREND
2026-04-16 15:00:00+00:00,BTC,SELL,29.661705024174807,0.029661705024174808,0.15,S3_TREND
2026-04-16 15:00:00+00:00,ETH,SELL,3.5772794788372266,0.003577279478837227,0.15,S3_TREND
2026-04-16 16:00:00+00:00,BTC,SELL,94.11476746255723,0.09411476746255723,0.15,S3_TREND
2026-04-16 16:00:00+00:00,ETH,SELL,7476.002308742191,7.476002308742191,0.075,S6_REVERSAL
2026-04-16 17:00:00+00:00,BTC,BUY,75.54232302935634,0.07554232302935635,0.15,S3_TREND
2026-04-16 17:00:00+00:00,ETH,BUY,56.308571715106154,0.05630857171510616,0.075,S6_REVERSAL
2026-04-16 18:00:00+00:00,BTC,SELL,23.893786882650602,0.023893786882650602,0.15,S3_TREND
2026-04-16 18:00:00+00:00,ETH,SELL,23.943729069936126,0.023943729069936127,0.075,S6_REVERSAL
2026-04-16 19:00:00+00:00,BTC,SELL,106.41341114052193,0.10641341114052193,0.15,S3_TREND
2026-04-16 19:00:00+00:00,ETH,SELL,40.37024206028582,0.04037024206028582,0.075,S6_REVERSAL
2026-04-16 20:00:00+00:00,BTC,SELL,44.873707383263536,0.04487370738326354,0.15,S3_TREND
2026-04-16 20:00:00+00:00,ETH,SELL,43.450195387995336,0.043450195387995334,0.075,S6_REVERSAL
2026-04-16 21:00:00+00:00,BTC,SELL,14686.491223600477,14.686491223600477,0.0,CASH
2026-04-16 21:00:00+00:00,ETH,BUY,25.517677101989648,0.02551767710198965,0.075,S6_REVERSAL
2026-04-16 22:00:00+00:00,ETH,BUY,25.079822759260423,0.025079822759260424,0.075,S6_REVERSAL
2026-04-16 23:00:00+00:00,ETH,SELL,4.095227868592701,0.004095227868592701,0.075,S6_REVERSAL
2026-04-17 00:00:00+00:00,BTC,BUY,14698.717138076112,14.698717138076113,0.15,S3_TREND
2026-04-17 00:00:00+00:00,ETH,SELL,16.161471897006777,0.016161471897006778,0.075,S6_REVERSAL
2026-04-17 01:00:00+00:00,BTC,BUY,30.81594464639238,0.030815944646392382,0.15,S3_TREND
2026-04-17 01:00:00+00:00,ETH,BUY,6.74092959581958,0.00674092959581958,0.075,S6_REVERSAL
2026-04-17 02:00:00+00:00,BTC,BUY,28.23977362082769,0.02823977362082769,0.15,S3_TREND
2026-04-17 02:00:00+00:00,ETH,BUY,23.268738123077128,0.02326873812307713,0.075,S6_REVERSAL
2026-04-17 02:00:00+00:00,SOL,BUY,14678.62336617863,14.67862336617863,0.15,S3_TREND
2026-04-17 03:00:00+00:00,BTC,SELL,4.802649062250566,0.004802649062250567,0.15,S3_TREND
2026-04-17 03:00:00+00:00,ETH,BUY,4.065924676002396,0.004065924676002396,0.075,S6_REVERSAL
2026-04-17 03:00:00+00:00,SOL,BUY,46.9279518010826,0.0469279518010826,0.15,S3_TREND
2026-04-17 04:00:00+00:00,BTC,BUY,7.599575028440086,0.007599575028440086,0.15,S3_TREND
2026-04-17 04:00:00+00:00,ETH,BUY,15.095591331538344,0.015095591331538344,0.075,S6_REVERSAL
2026-04-17 04:00:00+00:00,SOL,BUY,14.438207905126546,0.014438207905126546,0.15,S3_TREND
2026-04-17 05:00:00+00:00,BTC,SELL,20.6791467797284,0.0206791467797284,0.15,S3_TREND
2026-04-17 05:00:00+00:00,ETH,SELL,3.905601357847445,0.003905601357847445,0.075,S6_REVERSAL
2026-04-17 05:00:00+00:00,SOL,SELL,32.96925111636665,0.03296925111636665,0.15,S3_TREND
2026-04-17 06:00:00+00:00,BTC,BUY,6.03298934614395,0.00603298934614395,0.15,S3_TREND
2026-04-17 06:00:00+00:00,ETH,BUY,18.404797129053804,0.018404797129053806,0.075,S6_REVERSAL
2026-04-17 06:00:00+00:00,SOL,BUY,75.90713804905499,0.075907138049055,0.15,S3_TREND
2026-04-17 07:00:00+00:00,BTC,SELL,29.50407901289691,0.029504079012896908,0.15,S3_TREND
2026-04-17 07:00:00+00:00,ETH,SELL,22.53193755837674,0.02253193755837674,0.075,S6_REVERSAL
2026-04-17 07:00:00+00:00,SOL,SELL,71.01630138539258,0.07101630138539258,0.15,S3_TREND
2026-04-17 08:00:00+00:00,BTC,SELL,18.25206781714769,0.01825206781714769,0.15,S3_TREND
2026-04-17 08:00:00+00:00,ETH,SELL,5.387796241269825,0.0053877962412698256,0.075,S6_REVERSAL
2026-04-17 08:00:00+00:00,SOL,SELL,11.583944159090608,0.011583944159090608,0.15,S3_TREND
2026-04-17 09:00:00+00:00,BTC,SELL,87.2889116063543,0.08728891160635431,0.15,S3_TREND
2026-04-17 09:00:00+00:00,ETH,BUY,7326.902464217391,7.326902464217391,0.15,S3_TREND
2026-04-17 09:00:00+00:00,SOL,SELL,84.23593490371422,0.08423593490371423,0.15,S3_TREND
2026-04-17 10:00:00+00:00,BTC,SELL,2.8056398818062007,0.002805639881806201,0.15,S3_TREND
2026-04-17 10:00:00+00:00,ETH,SELL,29.346792488759096,0.029346792488759096,0.15,S3_TREND
2026-04-17 10:00:00+00:00,SOL,BUY,35.219375816492175,0.03521937581649218,0.15,S3_TREND
2026-04-17 11:00:00+00:00,BTC,BUY,42.76755111593593,0.04276755111593593,0.15,S3_TREND
2026-04-17 11:00:00+00:00,ETH,BUY,39.56159550506163,0.039561595505061636,0.15,S3_TREND
2026-04-17 11:00:00+00:00,SOL,BUY,118.03249982884518,0.11803249982884517,0.15,S3_TREND
2026-04-17 12:00:00+00:00,BTC,SELL,27.422785176520847,0.027422785176520848,0.15,S3_TREND
2026-04-17 12:00:00+00:00,ETH,SELL,35.61435912432535,0.03561435912432535,0.15,S3_TREND
2026-04-17 12:00:00+00:00,SOL,SELL,58.87533190487739,0.05887533190487739,0.15,S3_TREND
2026-04-17 13:00:00+00:00,BTC,SELL,73.7761057116968,0.07377610571169681,0.15,S3_TREND
2026-04-17 13:00:00+00:00,ETH,SELL,54.5768189876344,0.0545768189876344,0.15,S3_TREND
2026-04-17 13:00:00+00:00,SOL,SELL,60.2943109368989,0.0602943109368989,0.15,S3_TREND
2026-04-17 14:00:00+00:00,BTC,SELL,90.5926072767943,0.0905926072767943,0.15,S3_TREND
2026-04-17 14:00:00+00:00,ETH,SELL,281.22727940157165,0.28122727940157166,0.15,S3_TREND
2026-04-17 14:00:00+00:00,SOL,SELL,82.14828795220274,0.08214828795220273,0.15,S3_TREND
2026-04-17 15:00:00+00:00,BTC,SELL,82.62567741818567,0.08262567741818568,0.15,S3_TREND
2026-04-17 15:00:00+00:00,ETH,SELL,39.71628130004865,0.03971628130004865,0.15,S3_TREND
2026-04-17 15:00:00+00:00,SOL,BUY,39.09430256854466,0.03909430256854466,0.15,S3_TREND
2026-04-17 16:00:00+00:00,BTC,BUY,9.706765023152911,0.009706765023152911,0.15,S3_TREND
2026-04-17 16:00:00+00:00,ETH,BUY,22.457396127942047,0.022457396127942047,0.15,S3_TREND
2026-04-17 16:00:00+00:00,SOL,BUY,3.4807390894911805,0.0034807390894911806,0.15,S3_TREND
2026-04-17 17:00:00+00:00,BTC,BUY,8.734515090856803,0.008734515090856803,0.15,S3_TREND
2026-04-17 17:00:00+00:00,ETH,SELL,34.49261915166062,0.034492619151660624,0.15,S3_TREND
2026-04-17 17:00:00+00:00,SOL,SELL,56.948555451959685,0.05694855545195968,0.15,S3_TREND
2026-04-17 18:00:00+00:00,BTC,BUY,27.7870831536693,0.0277870831536693,0.15,S3_TREND
2026-04-17 18:00:00+00:00,ETH,BUY,29.573467980324494,0.029573467980324494,0.15,S3_TREND
2026-04-17 18:00:00+00:00,SOL,BUY,77.13255561138067,0.07713255561138067,0.15,S3_TREND
2026-04-17 19:00:00+00:00,BTC,BUY,25.984123476049717,0.02598412347604972,0.15,S3_TREND
2026-04-17 19:00:00+00:00,ETH,BUY,81.26409215288368,0.08126409215288367,0.15,S3_TREND
2026-04-17 19:00:00+00:00,SOL,BUY,51.26417534766915,0.05126417534766915,0.15,S3_TREND
2026-04-17 20:00:00+00:00,BTC,SELL,29.195512232661713,0.029195512232661713,0.15,S3_TREND
2026-04-17 20:00:00+00:00,ETH,SELL,32.81566001988358,0.032815660019883584,0.15,S3_TREND
2026-04-17 20:00:00+00:00,SOL,BUY,4.10106045025168,0.00410106045025168,0.15,S3_TREND
2026-04-17 21:00:00+00:00,BTC,BUY,2.0595326999045938,0.0020595326999045937,0.15,S3_TREND
2026-04-17 21:00:00+00:00,ETH,SELL,1.5803909899186692,0.0015803909899186693,0.15,S3_TREND
2026-04-17 21:00:00+00:00,SOL,BUY,31.273817569983294,0.03127381756998329,0.15,S3_TREND
2026-04-17 22:00:00+00:00,BTC,SELL,12.13665311117984,0.01213665311117984,0.15,S3_TREND
2026-04-17 22:00:00+00:00,ETH,SELL,8.086317561203032,0.008086317561203033,0.15,S3_TREND
2026-04-17 22:00:00+00:00,SOL,SELL,11.402447821858004,0.011402447821858005,0.15,S3_TREND
2026-04-17 23:00:00+00:00,BTC,BUY,29.750024309139917,0.02975002430913992,0.15,S3_TREND
2026-04-17 23:00:00+00:00,ETH,SELL,22.607249766044333,0.022607249766044335,0.15,S3_TREND
2026-04-17 23:00:00+00:00,SOL,SELL,14.63436862605158,0.01463436862605158,0.15,S3_TREND
2026-04-18 00:00:00+00:00,BTC,BUY,12.903271523609874,0.012903271523609873,0.15,S3_TREND
2026-04-18 00:00:00+00:00,ETH,BUY,57.492074169858824,0.057492074169858826,0.15,S3_TREND
2026-04-18 00:00:00+00:00,SOL,BUY,43.77942035547312,0.04377942035547312,0.15,S3_TREND
2026-04-18 01:00:00+00:00,BTC,SELL,8.908639783323451,0.008908639783323452,0.15,S3_TREND
2026-04-18 01:00:00+00:00,ETH,SELL,2.597729938568591,0.002597729938568591,0.15,S3_TREND
2026-04-18 01:00:00+00:00,SOL,SELL,23.80453373497039,0.023804533734970393,0.15,S3_TREND
2026-04-18 02:00:00+00:00,BTC,SELL,10.892087485846787,0.010892087485846786,0.15,S3_TREND
2026-04-18 02:00:00+00:00,ETH,SELL,1.371488460641558,0.001371488460641558,0.15,S3_TREND
2026-04-18 02:00:00+00:00,SOL,BUY,17.03236305473183,0.017032363054731832,0.15,S3_TREND
2026-04-18 03:00:00+00:00,BTC,SELL,12.057290031430966,0.012057290031430967,0.15,S3_TREND
2026-04-18 03:00:00+00:00,ETH,BUY,13.217360827489756,0.013217360827489756,0.15,S3_TREND
2026-04-18 03:00:00+00:00,SOL,SELL,9.436692302915617,0.009436692302915618,0.15,S3_TREND
2026-04-18 04:00:00+00:00,BTC,BUY,19.02252669738482,0.019022526697384818,0.15,S3_TREND
2026-04-18 04:00:00+00:00,ETH,BUY,50.88406790544832,0.05088406790544832,0.15,S3_TREND
2026-04-18 04:00:00+00:00,SOL,BUY,62.35307917707178,0.06235307917707178,0.15,S3_TREND
2026-04-18 05:00:00+00:00,BTC,SELL,13.069764158648468,0.013069764158648469,0.15,S3_TREND
2026-04-18 05:00:00+00:00,ETH,SELL,9.83794046299772,0.00983794046299772,0.15,S3_TREND
2026-04-18 05:00:00+00:00,SOL,BUY,3.5640507125572185,0.0035640507125572186,0.15,S3_TREND
2026-04-18 06:00:00+00:00,BTC,SELL,2.9385967356774927,0.002938596735677493,0.15,S3_TREND
2026-04-18 06:00:00+00:00,ETH,SELL,5.401848969311686,0.005401848969311686,0.15,S3_TREND
2026-04-18 06:00:00+00:00,SOL,SELL,4.802027825942787,0.004802027825942787,0.15,S3_TREND
2026-04-18 07:00:00+00:00,BTC,BUY,3.5194141894862696,0.0035194141894862698,0.15,S3_TREND
2026-04-18 07:00:00+00:00,ETH,SELL,2.7379720948665636,0.002737972094866564,0.15,S3_TREND
2026-04-18 07:00:00+00:00,SOL,SELL,14.649479264086038,0.014649479264086038,0.15,S3_TREND
2026-04-18 08:00:00+00:00,BTC,BUY,15.253597039167289,0.01525359703916729,0.15,S3_TREND
2026-04-18 08:00:00+00:00,ETH,BUY,27.371712997033683,0.027371712997033684,0.15,S3_TREND
2026-04-18 08:00:00+00:00,SOL,SELL,1.2485262332284037,0.0012485262332284038,0.15,S3_TREND
2026-04-18 09:00:00+00:00,BTC,SELL,1.623758042580448,0.0016237580425804482,0.15,S3_TREND
2026-04-18 09:00:00+00:00,ETH,BUY,91.04906863896394,0.09104906863896395,0.15,S3_TREND
2026-04-18 09:00:00+00:00,SOL,BUY,99.16728240748671,0.0991672824074867,0.15,S3_TREND
2026-04-18 10:00:00+00:00,BTC,BUY,20.187063591763945,0.020187063591763945,0.15,S3_TREND
2026-04-18 10:00:00+00:00,ETH,BUY,21.65151356561546,0.02165151356561546,0.15,S3_TREND
2026-04-18 10:00:00+00:00,SOL,SELL,18.27298003490978,0.018272980034909778,0.15,S3_TREND
2026-04-18 11:00:00+00:00,BTC,BUY,34.93230808500084,0.03493230808500084,0.15,S3_TREND
2026-04-18 11:00:00+00:00,ETH,BUY,59.51645732271027,0.05951645732271027,0.15,S3_TREND
2026-04-18 11:00:00+00:00,SOL,BUY,67.00945005502763,0.06700945005502763,0.15,S3_TREND
2026-04-18 12:00:00+00:00,BTC,BUY,8.04360106675449,0.00804360106675449,0.15,S3_TREND
2026-04-18 12:00:00+00:00,ETH,BUY,18.759025937531987,0.018759025937531988,0.15,S3_TREND
2026-04-18 12:00:00+00:00,SOL,BUY,50.006223869275345,0.05000622386927535,0.15,S3_TREND
2026-04-18 13:00:00+00:00,BTC,SELL,13.764299929503977,0.013764299929503978,0.15,S3_TREND
2026-04-18 13:00:00+00:00,ETH,SELL,12.291180285164955,0.012291180285164956,0.15,S3_TREND
2026-04-18 13:00:00+00:00,SOL,SELL,42.41165254291627,0.042411652542916276,0.15,S3_TREND
2026-04-18 14:00:00+00:00,BTC,BUY,6.855147109046811,0.006855147109046811,0.15,S3_TREND
2026-04-18 14:00:00+00:00,ETH,BUY,8.026150260124268,0.008026150260124269,0.15,S3_TREND
2026-04-18 14:00:00+00:00,SOL,BUY,19.38780827231676,0.019387808272316762,0.15,S3_TREND
2026-04-18 15:00:00+00:00,BTC,SELL,8.865331753411738,0.008865331753411738,0.15,S3_TREND
2026-04-18 15:00:00+00:00,ETH,SELL,47.327775585281415,0.047327775585281416,0.15,S3_TREND
2026-04-18 15:00:00+00:00,SOL,SELL,1.272544457920958,0.001272544457920958,0.15,S3_TREND
2026-04-18 16:00:00+00:00,BTC,BUY,10.027272040717435,0.010027272040717435,0.15,S3_TREND
2026-04-18 16:00:00+00:00,ETH,BUY,3.9698666879721713,0.003969866687972171,0.15,S3_TREND
2026-04-18 16:00:00+00:00,SOL,BUY,7.632642830832992,0.007632642830832992,0.15,S3_TREND
2026-04-18 17:00:00+00:00,BTC,BUY,32.6187334651986,0.032618733465198606,0.15,S3_TREND
2026-04-18 17:00:00+00:00,ETH,BUY,6.682429601542026,0.006682429601542026,0.15,S3_TREND
2026-04-18 18:00:00+00:00,BTC,BUY,20.71096099792703,0.020710960997927033,0.15,S3_TREND
2026-04-18 18:00:00+00:00,ETH,SELL,5.292090688848475,0.005292090688848475,0.15,S3_TREND
2026-04-18 18:00:00+00:00,SOL,SELL,10.407543791827266,0.010407543791827265,0.15,S3_TREND
2026-04-18 19:00:00+00:00,BTC,SELL,4.053537202373263,0.004053537202373263,0.15,S3_TREND
2026-04-18 19:00:00+00:00,ETH,BUY,48.908734158274456,0.04890873415827446,0.15,S3_TREND
2026-04-18 19:00:00+00:00,SOL,BUY,95.47340095578875,0.09547340095578875,0.15,S3_TREND
2026-04-18 20:00:00+00:00,BTC,BUY,5.706456024232466,0.005706456024232466,0.15,S3_TREND
2026-04-18 20:00:00+00:00,ETH,SELL,1.778682207548627,0.0017786822075486271,0.15,S3_TREND
2026-04-18 20:00:00+00:00,SOL,SELL,23.636800893100368,0.023636800893100367,0.15,S3_TREND
2026-04-18 21:00:00+00:00,BTC,SELL,11.983648593963153,0.011983648593963152,0.15,S3_TREND
2026-04-18 21:00:00+00:00,ETH,SELL,16.74413337531587,0.01674413337531587,0.15,S3_TREND
2026-04-18 21:00:00+00:00,SOL,SELL,1.8718922758525878,0.0018718922758525877,0.15,S3_TREND
2026-04-18 22:00:00+00:00,BTC,SELL,7.148192944066977,0.007148192944066978,0.15,S3_TREND
2026-04-18 22:00:00+00:00,ETH,SELL,11.151080401114086,0.011151080401114087,0.15,S3_TREND
2026-04-18 22:00:00+00:00,SOL,SELL,2.7687447057778627,0.002768744705777863,0.15,S3_TREND
2026-04-18 23:00:00+00:00,BTC,BUY,3.953061035814244,0.003953061035814244,0.15,S3_TREND
2026-04-18 23:00:00+00:00,ETH,SELL,5.1568495221235935,0.005156849522123593,0.15,S3_TREND
2026-04-18 23:00:00+00:00,SOL,SELL,7.7651987883982665,0.007765198788398267,0.15,S3_TREND
2026-04-19 00:00:00+00:00,BTC,BUY,10.656369395013826,0.010656369395013826,0.15,S3_TREND
2026-04-19 00:00:00+00:00,ETH,BUY,25.751900228980958,0.025751900228980957,0.15,S3_TREND
2026-04-19 00:00:00+00:00,SOL,BUY,10.894870398755302,0.010894870398755302,0.15,S3_TREND
2026-04-19 01:00:00+00:00,BTC,SELL,4.688590180403479,0.00468859018040348,0.15,S3_TREND
2026-04-19 01:00:00+00:00,ETH,BUY,3.2841256773008354,0.0032841256773008354,0.15,S3_TREND
2026-04-19 01:00:00+00:00,SOL,BUY,17.668263484491035,0.017668263484491034,0.15,S3_TREND
2026-04-19 02:00:00+00:00,BTC,BUY,4.059467668788784,0.0040594676687887845,0.15,S3_TREND
2026-04-19 02:00:00+00:00,ETH,SELL,3.1427434281886235,0.0031427434281886234,0.15,S3_TREND
2026-04-19 02:00:00+00:00,SOL,BUY,34.5949106855478,0.034594910685547806,0.15,S3_TREND
2026-04-19 03:00:00+00:00,BTC,BUY,5.665541076425143,0.005665541076425143,0.15,S3_TREND
2026-04-19 03:00:00+00:00,ETH,BUY,42.39134598704368,0.04239134598704368,0.15,S3_TREND
2026-04-19 03:00:00+00:00,SOL,BUY,20.54786321435131,0.02054786321435131,0.15,S3_TREND
2026-04-19 04:00:00+00:00,ETH,SELL,5.77472043654052,0.0057747204365405196,0.15,S3_TREND
2026-04-19 04:00:00+00:00,SOL,SELL,8.174299554077152,0.008174299554077152,0.15,S3_TREND
2026-04-19 05:00:00+00:00,BTC,SELL,31.34160928790152,0.03134160928790152,0.15,S3_TREND
2026-04-19 05:00:00+00:00,ETH,BUY,37.722752107345514,0.03772275210734551,0.15,S3_TREND
2026-04-19 05:00:00+00:00,SOL,BUY,2.6508214475124987,0.0026508214475124987,0.15,S3_TREND
2026-04-19 06:00:00+00:00,BTC,BUY,16.937931414689956,0.016937931414689956,0.15,S3_TREND
2026-04-19 06:00:00+00:00,ETH,SELL,2.3691527661376313,0.0023691527661376314,0.15,S3_TREND
2026-04-19 06:00:00+00:00,SOL,BUY,7.605874897397371,0.007605874897397371,0.15,S3_TREND
2026-04-19 07:00:00+00:00,BTC,BUY,17.68705119713195,0.017687051197131952,0.15,S3_TREND
2026-04-19 07:00:00+00:00,ETH,BUY,24.31010665942631,0.02431010665942631,0.15,S3_TREND
2026-04-19 07:00:00+00:00,SOL,SELL,3.6308001067882287,0.003630800106788229,0.15,S3_TREND
2026-04-19 08:00:00+00:00,ETH,BUY,40.681646709446795,0.040681646709446795,0.15,S3_TREND
2026-04-19 08:00:00+00:00,SOL,BUY,68.01137758761251,0.06801137758761251,0.15,S3_TREND
2026-04-19 09:00:00+00:00,BTC,SELL,1.2397360313170793,0.0012397360313170793,0.15,S3_TREND
2026-04-19 09:00:00+00:00,ETH,SELL,16.157244494235783,0.016157244494235785,0.15,S3_TREND
2026-04-19 09:00:00+00:00,SOL,BUY,14.327963393639948,0.014327963393639948,0.15,S3_TREND
2026-04-19 10:00:00+00:00,BTC,BUY,26.556999942171387,0.026556999942171387,0.15,S3_TREND
2026-04-19 10:00:00+00:00,ETH,BUY,32.692661862065506,0.03269266186206551,0.15,S3_TREND
2026-04-19 10:00:00+00:00,SOL,SELL,7263.948143943197,7.263948143943197,0.075,S6_REVERSAL
2026-04-19 11:00:00+00:00,BTC,SELL,25.387272991127247,0.02538727299112725,0.15,S3_TREND
2026-04-19 11:00:00+00:00,ETH,SELL,34.152441062018625,0.034152441062018625,0.15,S3_TREND
2026-04-19 11:00:00+00:00,SOL,SELL,9.772804071014434,0.009772804071014435,0.075,S6_REVERSAL
2026-04-19 12:00:00+00:00,BTC,SELL,41.57783343749361,0.04157783343749361,0.15,S3_TREND
2026-04-19 12:00:00+00:00,ETH,SELL,39.05821283243131,0.039058212832431306,0.15,S3_TREND
2026-04-19 12:00:00+00:00,SOL,SELL,54.28993028645801,0.05428993028645801,0.075,S6_REVERSAL
2026-04-19 13:00:00+00:00,BTC,BUY,9.416652934170997,0.009416652934170997,0.15,S3_TREND
2026-04-19 13:00:00+00:00,ETH,SELL,8.838973082061784,0.008838973082061784,0.15,S3_TREND
2026-04-19 13:00:00+00:00,SOL,SELL,13.786596980605282,0.013786596980605283,0.075,S6_REVERSAL
2026-04-19 14:00:00+00:00,BTC,SELL,43.57896218406495,0.04357896218406495,0.15,S3_TREND
2026-04-19 14:00:00+00:00,ETH,SELL,22.138017927936744,0.022138017927936744,0.15,S3_TREND
2026-04-19 14:00:00+00:00,SOL,SELL,34.77583150202099,0.034775831502020994,0.075,S6_REVERSAL
2026-04-19 15:00:00+00:00,BTC,SELL,14.89966617679238,0.01489966617679238,0.15,S3_TREND
2026-04-19 15:00:00+00:00,ETH,BUY,8.441831905585786,0.008441831905585787,0.15,S3_TREND
2026-04-19 15:00:00+00:00,SOL,SELL,13.695192720138948,0.013695192720138949,0.075,S6_REVERSAL
2026-04-19 16:00:00+00:00,BTC,BUY,19.89751179508312,0.01989751179508312,0.15,S3_TREND
2026-04-19 16:00:00+00:00,ETH,BUY,31.382728973612757,0.03138272897361276,0.15,S3_TREND
2026-04-19 16:00:00+00:00,SOL,BUY,8.095971016959993,0.008095971016959993,0.075,S6_REVERSAL
2026-04-19 17:00:00+00:00,BTC,BUY,51.65162311554923,0.05165162311554923,0.15,S3_TREND
2026-04-19 17:00:00+00:00,ETH,BUY,82.19803646603395,0.08219803646603395,0.15,S3_TREND
2026-04-19 17:00:00+00:00,SOL,BUY,23.456267015294543,0.023456267015294543,0.075,S6_REVERSAL
2026-04-19 18:00:00+00:00,BTC,BUY,73.93977409524086,0.07393977409524087,0.15,S3_TREND
2026-04-19 18:00:00+00:00,ETH,BUY,54.745526945829624,0.054745526945829626,0.15,S3_TREND
2026-04-19 18:00:00+00:00,SOL,BUY,40.04984183348006,0.04004984183348006,0.075,S6_REVERSAL
2026-04-19 19:00:00+00:00,BTC,BUY,2.2001492465715273,0.0022001492465715273,0.15,S3_TREND
2026-04-19 19:00:00+00:00,ETH,SELL,14540.902835328205,14.540902835328206,0.0,CASH
2026-04-19 19:00:00+00:00,SOL,BUY,2.459349704743545,0.0024593497047435448,0.075,S6_REVERSAL
2026-04-19 20:00:00+00:00,BTC,SELL,31.53277038240958,0.03153277038240958,0.15,S3_TREND
2026-04-19 20:00:00+00:00,SOL,SELL,16.421068826642113,0.016421068826642113,0.075,S6_REVERSAL
2026-04-19 21:00:00+00:00,BTC,BUY,50.476142648802124,0.050476142648802125,0.15,S3_TREND
2026-04-19 21:00:00+00:00,SOL,BUY,25.082173619803143,0.025082173619803142,0.075,S6_REVERSAL
2026-04-19 22:00:00+00:00,BTC,SELL,14495.988092855476,14.495988092855477,0.0,CASH
2026-04-19 22:00:00+00:00,SOL,BUY,17.578003147830714,0.017578003147830715,0.075,S6_REVERSAL
2026-04-19 23:00:00+00:00,SOL,BUY,72.68919196538718,0.07268919196538719,0.075,S6_REVERSAL
2026-04-20 00:00:00+00:00,SOL,SELL,7231.083736022089,7.231083736022089,0.0,CASH
2026-04-21 21:00:00+00:00,BTC,BUY,14507.549400107328,14.507549400107328,0.15,S3_TREND
2026-04-21 22:00:00+00:00,BTC,BUY,22.01803008232855,0.02201803008232855,0.15,S3_TREND
2026-04-21 23:00:00+00:00,BTC,SELL,16.324772142736037,0.01632477214273604,0.15,S3_TREND
2026-04-22 00:00:00+00:00,BTC,SELL,111.81505802561514,0.11181505802561514,0.15,S3_TREND
2026-04-22 00:00:00+00:00,SOL,BUY,14523.709854439745,14.523709854439746,0.15,S3_TREND
2026-04-22 01:00:00+00:00,BTC,BUY,3.6485319657640503,0.0036485319657640503,0.15,S3_TREND
2026-04-22 01:00:00+00:00,SOL,SELL,65.78257229495102,0.06578257229495102,0.15,S3_TREND
2026-04-22 02:00:00+00:00,BTC,BUY,6.167084323466042,0.006167084323466043,0.15,S3_TREND
2026-04-22 02:00:00+00:00,SOL,BUY,29.34455987011097,0.029344559870110972,0.15,S3_TREND
2026-04-22 03:00:00+00:00,BTC,SELL,182.4247623192332,0.18242476231923319,0.15,S3_TREND
2026-04-22 03:00:00+00:00,ETH,BUY,14592.621449876753,14.592621449876754,0.15,S3_TREND
2026-04-22 03:00:00+00:00,SOL,SELL,127.28075457877274,0.12728075457877275,0.15,S3_TREND
2026-04-22 04:00:00+00:00,ETH,BUY,26.325365501452325,0.026325365501452324,0.15,S3_TREND
2026-04-22 04:00:00+00:00,SOL,BUY,13.332251962518058,0.013332251962518058,0.15,S3_TREND
2026-04-22 05:00:00+00:00,BTC,SELL,3.7314939265561407,0.0037314939265561406,0.15,S3_TREND
2026-04-22 05:00:00+00:00,ETH,SELL,5.219050621124552,0.005219050621124552,0.15,S3_TREND
2026-04-22 05:00:00+00:00,SOL,BUY,24.35606608343005,0.02435606608343005,0.15,S3_TREND
2026-04-22 06:00:00+00:00,BTC,SELL,21.305908106562132,0.021305908106562133,0.15,S3_TREND
2026-04-22 06:00:00+00:00,ETH,SELL,135.9831065923936,0.1359831065923936,0.15,S3_TREND
2026-04-22 06:00:00+00:00,SOL,SELL,89.90813879045709,0.08990813879045709,0.15,S3_TREND
2026-04-22 07:00:00+00:00,BTC,SELL,7.1995651411434665,0.0071995651411434665,0.15,S3_TREND
2026-04-22 07:00:00+00:00,ETH,BUY,16.720422292941294,0.016720422292941295,0.15,S3_TREND
2026-04-22 07:00:00+00:00,SOL,BUY,5.748422685795958,0.005748422685795959,0.15,S3_TREND
2026-04-22 08:00:00+00:00,ETH,BUY,20.223055072092393,0.020223055072092395,0.15,S3_TREND
2026-04-22 08:00:00+00:00,SOL,SELL,17.20981499310801,0.017209814993108013,0.15,S3_TREND
2026-04-22 09:00:00+00:00,BTC,SELL,3.7758243134485383,0.0037758243134485385,0.15,S3_TREND
2026-04-22 09:00:00+00:00,ETH,BUY,7.6076207470359805,0.007607620747035981,0.15,S3_TREND
2026-04-22 09:00:00+00:00,SOL,BUY,6.801839786872733,0.006801839786872733,0.15,S3_TREND
2026-04-22 10:00:00+00:00,BTC,BUY,8.26526641097007,0.00826526641097007,0.15,S3_TREND
2026-04-22 10:00:00+00:00,ETH,BUY,10.873586812032954,0.010873586812032954,0.15,S3_TREND
2026-04-22 10:00:00+00:00,SOL,SELL,43.30052304587298,0.04330052304587298,0.15,S3_TREND
2026-04-22 11:00:00+00:00,BTC,SELL,21.339334678239535,0.021339334678239535,0.15,S3_TREND
2026-04-22 11:00:00+00:00,ETH,SELL,8.658461105318565,0.008658461105318566,0.15,S3_TREND
2026-04-22 11:00:00+00:00,SOL,BUY,1.204072046559304,0.001204072046559304,0.15,S3_TREND
2026-04-22 12:00:00+00:00,BTC,SELL,15.899929975370469,0.01589992997537047,0.15,S3_TREND
2026-04-22 12:00:00+00:00,ETH,SELL,39.61136655821247,0.039611366558212464,0.15,S3_TREND
2026-04-22 12:00:00+00:00,SOL,BUY,15.796898379767299,0.015796898379767298,0.15,S3_TREND
2026-04-22 13:00:00+00:00,BTC,BUY,22.81903372581837,0.022819033725818373,0.15,S3_TREND
2026-04-22 13:00:00+00:00,ETH,SELL,28.69456218960113,0.02869456218960113,0.15,S3_TREND
2026-04-22 13:00:00+00:00,SOL,SELL,33.96894663261628,0.03396894663261628,0.15,S3_TREND
2026-04-22 14:00:00+00:00,BTC,SELL,72.07119282982057,0.07207119282982058,0.15,S3_TREND
2026-04-22 14:00:00+00:00,ETH,SELL,34.84024245130058,0.03484024245130058,0.15,S3_TREND
2026-04-22 14:00:00+00:00,SOL,SELL,44.76911160034069,0.044769111600340694,0.15,S3_TREND
2026-04-22 15:00:00+00:00,BTC,SELL,54.40903905716733,0.054409039057167326,0.15,S3_TREND
2026-04-22 15:00:00+00:00,ETH,BUY,70.39769580041502,0.07039769580041502,0.15,S3_TREND
2026-04-22 15:00:00+00:00,SOL,BUY,43.241038645361186,0.04324103864536119,0.15,S3_TREND
2026-04-22 16:00:00+00:00,BTC,SELL,48.965350650381886,0.048965350650381885,0.15,S3_TREND
2026-04-22 16:00:00+00:00,ETH,SELL,10.834177038663256,0.010834177038663257,0.15,S3_TREND
2026-04-22 16:00:00+00:00,SOL,BUY,84.33548484503444,0.08433548484503445,0.15,S3_TREND
2026-04-22 17:00:00+00:00,BTC,BUY,53.634209502810336,0.05363420950281034,0.15,S3_TREND
2026-04-22 17:00:00+00:00,ETH,BUY,63.65104096767209,0.06365104096767209,0.15,S3_TREND
2026-04-22 17:00:00+00:00,SOL,BUY,45.49857030401836,0.04549857030401836,0.15,S3_TREND
2026-04-22 18:00:00+00:00,BTC,SELL,8.21486605600876,0.00821486605600876,0.15,S3_TREND
2026-04-22 18:00:00+00:00,ETH,SELL,59.27412132959216,0.059274121329592165,0.15,S3_TREND
2026-04-22 18:00:00+00:00,SOL,SELL,9.200374421619927,0.009200374421619927,0.15,S3_TREND
2026-04-22 19:00:00+00:00,BTC,SELL,21.69610058546641,0.02169610058546641,0.15,S3_TREND
2026-04-22 19:00:00+00:00,ETH,BUY,15.047018319746712,0.015047018319746712,0.15,S3_TREND
2026-04-22 19:00:00+00:00,SOL,BUY,2.720181191694792,0.002720181191694792,0.15,S3_TREND
2026-04-22 20:00:00+00:00,BTC,BUY,17.508451674517346,0.017508451674517346,0.15,S3_TREND
2026-04-22 20:00:00+00:00,ETH,SELL,20.49680932542833,0.02049680932542833,0.15,S3_TREND
2026-04-22 20:00:00+00:00,SOL,BUY,58.36231074526404,0.05836231074526404,0.15,S3_TREND
2026-04-22 21:00:00+00:00,BTC,BUY,53.29284411030858,0.05329284411030858,0.15,S3_TREND
2026-04-22 21:00:00+00:00,ETH,BUY,13.113265054671501,0.013113265054671502,0.15,S3_TREND
2026-04-22 21:00:00+00:00,SOL,BUY,17.364730452540243,0.017364730452540243,0.15,S3_TREND
2026-04-22 22:00:00+00:00,BTC,SELL,30.594812384430043,0.030594812384430042,0.15,S3_TREND
2026-04-22 22:00:00+00:00,ETH,SELL,34.869356388577216,0.034869356388577216,0.15,S3_TREND
2026-04-22 22:00:00+00:00,SOL,SELL,45.33898701340332,0.04533898701340332,0.15,S3_TREND
2026-04-22 23:00:00+00:00,BTC,BUY,18.181974467741384,0.018181974467741384,0.15,S3_TREND
2026-04-22 23:00:00+00:00,ETH,BUY,4.456496199014509,0.00445649619901451,0.15,S3_TREND
2026-04-22 23:00:00+00:00,SOL,BUY,16.161974814169298,0.016161974814169297,0.15,S3_TREND
2026-04-23 00:00:00+00:00,BTC,BUY,29.929775902372057,0.029929775902372058,0.15,S3_TREND
2026-04-23 00:00:00+00:00,ETH,BUY,108.52643393148173,0.10852643393148173,0.15,S3_TREND
2026-04-23 00:00:00+00:00,SOL,BUY,45.34895536955264,0.04534895536955264,0.15,S3_TREND
2026-04-23 01:00:00+00:00,BTC,SELL,39.86151654276,0.03986151654276,0.15,S3_TREND
2026-04-23 01:00:00+00:00,ETH,BUY,12.96934669111397,0.01296934669111397,0.15,S3_TREND
2026-04-23 01:00:00+00:00,SOL,BUY,4.402865207184732,0.004402865207184732,0.15,S3_TREND
2026-04-23 02:00:00+00:00,BTC,SELL,6.575589481861244,0.006575589481861244,0.15,S3_TREND
2026-04-23 02:00:00+00:00,ETH,BUY,19.36620344165385,0.01936620344165385,0.15,S3_TREND
2026-04-23 02:00:00+00:00,SOL,BUY,55.36006681974868,0.055360066819748685,0.15,S3_TREND
2026-04-23 03:00:00+00:00,BTC,BUY,40.28986445404553,0.04028986445404553,0.15,S3_TREND
2026-04-23 03:00:00+00:00,ETH,BUY,53.5397067835911,0.0535397067835911,0.15,S3_TREND
2026-04-23 03:00:00+00:00,SOL,BUY,44.8397884938131,0.04483978849381311,0.15,S3_TREND
2026-04-23 04:00:00+00:00,BTC,BUY,16.269169899065673,0.016269169899065673,0.15,S3_TREND
2026-04-23 04:00:00+00:00,ETH,BUY,49.06416484361034,0.04906416484361034,0.15,S3_TREND
2026-04-23 04:00:00+00:00,SOL,BUY,7.248463912239458,0.007248463912239459,0.15,S3_TREND
2026-04-23 05:00:00+00:00,BTC,SELL,16.477543513159617,0.016477543513159616,0.15,S3_TREND
2026-04-23 05:00:00+00:00,ETH,SELL,27.601622000627685,0.027601622000627685,0.15,S3_TREND
2026-04-23 05:00:00+00:00,SOL,SELL,14.519920040174839,0.01451992004017484,0.15,S3_TREND
2026-04-23 06:00:00+00:00,BTC,SELL,19.498708670764245,0.019498708670764246,0.15,S3_TREND
2026-04-23 06:00:00+00:00,ETH,SELL,4.000035696328268,0.004000035696328268,0.15,S3_TREND
2026-04-23 06:00:00+00:00,SOL,BUY,16.9858947144603,0.0169858947144603,0.15,S3_TREND
2026-04-23 07:00:00+00:00,BTC,SELL,14.71873464064083,0.014718734640640831,0.15,S3_TREND
2026-04-23 07:00:00+00:00,ETH,SELL,16.75891532505011,0.01675891532505011,0.15,S3_TREND
2026-04-23 07:00:00+00:00,SOL,SELL,35.84833352055648,0.03584833352055648,0.15,S3_TREND
2026-04-23 08:00:00+00:00,BTC,BUY,9.375258157324424,0.009375258157324425,0.15,S3_TREND
2026-04-23 08:00:00+00:00,ETH,BUY,40.97177713707424,0.04097177713707424,0.15,S3_TREND
2026-04-23 08:00:00+00:00,SOL,BUY,26.367180030823874,0.026367180030823875,0.15,S3_TREND
2026-04-23 09:00:00+00:00,BTC,BUY,20.075693547603805,0.020075693547603805,0.15,S3_TREND
2026-04-23 09:00:00+00:00,ETH,BUY,12.661556039131028,0.01266155603913103,0.15,S3_TREND
2026-04-23 09:00:00+00:00,SOL,BUY,23.556611964269905,0.023556611964269905,0.15,S3_TREND
2026-04-23 10:00:00+00:00,BTC,BUY,5.818073978234679,0.005818073978234679,0.15,S3_TREND
2026-04-23 10:00:00+00:00,ETH,BUY,114.88787942667113,0.11488787942667114,0.15,S3_TREND
2026-04-23 10:00:00+00:00,SOL,SELL,3.232249113954822,0.003232249113954822,0.15,S3_TREND
2026-04-23 11:00:00+00:00,BTC,BUY,35.609890201012604,0.03560989020101261,0.15,S3_TREND
2026-04-23 11:00:00+00:00,ETH,BUY,2.081471886986037,0.0020814718869860372,0.15,S3_TREND
2026-04-23 11:00:00+00:00,SOL,BUY,3.882776490361721,0.003882776490361721,0.15,S3_TREND
2026-04-23 12:00:00+00:00,BTC,SELL,23.741569036110377,0.02374156903611038,0.15,S3_TREND
2026-04-23 12:00:00+00:00,ETH,SELL,60.48965624300217,0.06048965624300218,0.15,S3_TREND
2026-04-23 12:00:00+00:00,SOL,SELL,35.24500247210926,0.035245002472109266,0.15,S3_TREND
2026-04-23 13:00:00+00:00,BTC,SELL,22.633376699686778,0.022633376699686777,0.15,S3_TREND
2026-04-23 13:00:00+00:00,ETH,BUY,8.86074046183603,0.00886074046183603,0.15,S3_TREND
2026-04-23 13:00:00+00:00,SOL,SELL,17.00803642343817,0.01700803642343817,0.15,S3_TREND
2026-04-23 14:00:00+00:00,BTC,BUY,39.81972319282431,0.03981972319282431,0.15,S3_TREND
2026-04-23 14:00:00+00:00,ETH,BUY,33.28498789157129,0.03328498789157129,0.15,S3_TREND
2026-04-23 14:00:00+00:00,SOL,BUY,12.19886735993532,0.012198867359935322,0.15,S3_TREND
2026-04-23 15:00:00+00:00,BTC,SELL,82.22742418517919,0.08222742418517918,0.15,S3_TREND
2026-04-23 15:00:00+00:00,ETH,SELL,51.13068803474016,0.05113068803474016,0.15,S3_TREND
2026-04-23 15:00:00+00:00,SOL,SELL,9.967386728259953,0.009967386728259954,0.15,S3_TREND
2026-04-23 16:00:00+00:00,BTC,SELL,24.06134603837927,0.02406134603837927,0.15,S3_TREND
2026-04-23 16:00:00+00:00,ETH,BUY,18.491029070486547,0.018491029070486546,0.15,S3_TREND
2026-04-23 16:00:00+00:00,SOL,SELL,39.991660369158126,0.039991660369158126,0.15,S3_TREND
2026-04-23 17:00:00+00:00,BTC,BUY,23.003255598263422,0.02300325559826342,0.15,S3_TREND
2026-04-23 17:00:00+00:00,ETH,BUY,15.153584893059815,0.015153584893059815,0.15,S3_TREND
2026-04-23 17:00:00+00:00,SOL,BUY,63.298003207970396,0.0632980032079704,0.15,S3_TREND
2026-04-23 18:00:00+00:00,BTC,BUY,25.973618381749475,0.025973618381749476,0.15,S3_TREND
2026-04-23 18:00:00+00:00,ETH,BUY,63.470016181827305,0.06347001618182731,0.15,S3_TREND
2026-04-23 18:00:00+00:00,SOL,BUY,43.30879472332708,0.04330879472332708,0.15,S3_TREND
2026-04-23 19:00:00+00:00,BTC,BUY,7.211090512037117,0.007211090512037117,0.15,S3_TREND
2026-04-23 19:00:00+00:00,ETH,BUY,22.44791124220319,0.022447911242203192,0.15,S3_TREND
2026-04-23 19:00:00+00:00,SOL,BUY,5.619450962307383,0.005619450962307383,0.15,S3_TREND
2026-04-23 20:00:00+00:00,ETH,SELL,38.03856751563217,0.038038567515632164,0.15,S3_TREND
2026-04-23 20:00:00+00:00,SOL,BUY,2.711210192202998,0.002711210192202998,0.15,S3_TREND
2026-04-23 21:00:00+00:00,BTC,SELL,5.2315449391917355,0.005231544939191736,0.15,S3_TREND
2026-04-23 21:00:00+00:00,ETH,SELL,54.143714589732554,0.05414371458973256,0.15,S3_TREND
2026-04-23 21:00:00+00:00,SOL,SELL,28.558859584167294,0.028558859584167293,0.15,S3_TREND
2026-04-23 22:00:00+00:00,BTC,BUY,4.858997017836373,0.004858997017836373,0.15,S3_TREND
2026-04-23 22:00:00+00:00,ETH,BUY,23.826074397600678,0.023826074397600677,0.15,S3_TREND
2026-04-23 22:00:00+00:00,SOL,SELL,31.47093525154014,0.03147093525154014,0.15,S3_TREND
2026-04-23 23:00:00+00:00,BTC,SELL,44.97027747516768,0.04497027747516768,0.15,S3_TREND
2026-04-23 23:00:00+00:00,ETH,SELL,40.37252774656554,0.04037252774656554,0.15,S3_TREND
2026-04-23 23:00:00+00:00,SOL,SELL,2.988754248684927,0.002988754248684927,0.15,S3_TREND
2026-04-24 00:00:00+00:00,BTC,SELL,1.048782973206471,0.0010487829732064712,0.15,S3_TREND
2026-04-24 00:00:00+00:00,ETH,BUY,13.671284047175504,0.013671284047175505,0.15,S3_TREND
2026-04-24 00:00:00+00:00,SOL,SELL,23.98298652584162,0.02398298652584162,0.15,S3_TREND
2026-04-24 01:00:00+00:00,BTC,SELL,21.400647213748016,0.021400647213748018,0.15,S3_TREND
2026-04-24 01:00:00+00:00,ETH,SELL,5.449091546350246,0.005449091546350246,0.15,S3_TREND
2026-04-24 01:00:00+00:00,SOL,SELL,3.540377524028372,0.0035403775240283723,0.15,S3_TREND
2026-04-24 02:00:00+00:00,SOL,SELL,12.23191241897075,0.012231912418970751,0.15,S3_TREND
2026-04-24 03:00:00+00:00,BTC,BUY,26.62425934172643,0.02662425934172643,0.15,S3_TREND
2026-04-24 03:00:00+00:00,ETH,BUY,50.932946312384956,0.05093294631238496,0.15,S3_TREND
2026-04-24 03:00:00+00:00,SOL,BUY,35.34567950888231,0.035345679508882316,0.15,S3_TREND
2026-04-24 04:00:00+00:00,BTC,BUY,45.59675509952103,0.04559675509952103,0.15,S3_TREND
2026-04-24 04:00:00+00:00,ETH,BUY,44.05819571665961,0.044058195716659615,0.15,S3_TREND
2026-04-24 04:00:00+00:00,SOL,BUY,7.330250363102095,0.007330250363102095,0.15,S3_TREND
2026-04-24 05:00:00+00:00,BTC,SELL,1.2321421125634515,0.0012321421125634515,0.15,S3_TREND
2026-04-24 05:00:00+00:00,ETH,BUY,1.6282350478668377,0.0016282350478668377,0.15,S3_TREND
2026-04-24 05:00:00+00:00,SOL,BUY,50.39569746678899,0.05039569746678899,0.15,S3_TREND
2026-04-24 06:00:00+00:00,BTC,SELL,26.908447904890636,0.026908447904890637,0.15,S3_TREND
2026-04-24 06:00:00+00:00,ETH,SELL,27.996409112804034,0.027996409112804033,0.15,S3_TREND
2026-04-24 06:00:00+00:00,SOL,SELL,40.25744408238825,0.040257444082388245,0.15,S3_TREND
2026-04-24 07:00:00+00:00,BTC,BUY,14.074252783519114,0.014074252783519115,0.15,S3_TREND
2026-04-24 07:00:00+00:00,ETH,BUY,18.324376708300406,0.018324376708300408,0.15,S3_TREND
2026-04-24 07:00:00+00:00,SOL,BUY,27.6153207603802,0.027615320760380202,0.15,S3_TREND
2026-04-24 08:00:00+00:00,BTC,BUY,26.77756465211678,0.02677756465211678,0.15,S3_TREND
2026-04-24 08:00:00+00:00,ETH,SELL,15.445481083694178,0.015445481083694179,0.15,S3_TREND
2026-04-24 08:00:00+00:00,SOL,SELL,10.436003126622381,0.010436003126622382,0.15,S3_TREND
2026-04-24 09:00:00+00:00,BTC,SELL,22.80946562264944,0.02280946562264944,0.15,S3_TREND
2026-04-24 09:00:00+00:00,ETH,SELL,19.104336375941784,0.019104336375941784,0.15,S3_TREND
2026-04-24 09:00:00+00:00,SOL,BUY,28.942957881383336,0.028942957881383336,0.15,S3_TREND
2026-04-24 10:00:00+00:00,BTC,BUY,39.16346972644533,0.03916346972644533,0.15,S3_TREND
2026-04-24 10:00:00+00:00,ETH,BUY,22.70534296279584,0.02270534296279584,0.15,S3_TREND
2026-04-24 10:00:00+00:00,SOL,SELL,29.282929820905338,0.02928292982090534,0.15,S3_TREND
2026-04-24 11:00:00+00:00,BTC,SELL,23.862893180643365,0.023862893180643364,0.15,S3_TREND
2026-04-24 11:00:00+00:00,ETH,SELL,18.378434432324866,0.018378434432324866,0.15,S3_TREND
2026-04-24 11:00:00+00:00,SOL,SELL,7275.26631718452,7.27526631718452,0.075,S6_REVERSAL
2026-04-24 12:00:00+00:00,BTC,SELL,61.002475325218256,0.061002475325218256,0.15,S3_TREND
2026-04-24 12:00:00+00:00,ETH,SELL,45.704796793819696,0.045704796793819696,0.15,S3_TREND
2026-04-24 12:00:00+00:00,SOL,SELL,25.6037364738022,0.0256037364738022,0.075,S6_REVERSAL
2026-04-24 13:00:00+00:00,BTC,SELL,6.494434161420941,0.006494434161420941,0.15,S3_TREND
2026-04-24 13:00:00+00:00,ETH,SELL,14514.293795923322,14.514293795923322,0.0,CASH
2026-04-24 13:00:00+00:00,SOL,SELL,11.762495545358433,0.011762495545358433,0.075,S6_REVERSAL
2026-04-24 14:00:00+00:00,BTC,BUY,23.23485050446834,0.02323485050446834,0.15,S3_TREND
2026-04-24 14:00:00+00:00,SOL,BUY,16.61755940141029,0.01661755940141029,0.075,S6_REVERSAL
2026-04-24 15:00:00+00:00,BTC,BUY,8.489397201552492,0.008489397201552493,0.15,S3_TREND
2026-04-24 15:00:00+00:00,SOL,BUY,1.554620019759568,0.0015546200197595682,0.075,S6_REVERSAL
2026-04-24 16:00:00+00:00,BTC,BUY,5.791403969813473,0.005791403969813473,0.15,S3_TREND
2026-04-24 16:00:00+00:00,SOL,SELL,36.665781413898,0.036665781413898,0.075,S6_REVERSAL
2026-04-24 17:00:00+00:00,BTC,BUY,39.15849105205234,0.03915849105205234,0.15,S3_TREND
2026-04-24 17:00:00+00:00,SOL,BUY,10.317712623155785,0.010317712623155785,0.075,S6_REVERSAL
2026-04-24 18:00:00+00:00,BTC,BUY,16.961268932223902,0.016961268932223904,0.15,S3_TREND
2026-04-24 18:00:00+00:00,SOL,SELL,12.997808130603516,0.012997808130603517,0.075,S6_REVERSAL
2026-04-24 19:00:00+00:00,BTC,BUY,8.565820421516037,0.008565820421516037,0.15,S3_TREND
2026-04-24 19:00:00+00:00,SOL,BUY,8.422594377046153,0.008422594377046153,0.075,S6_REVERSAL
2026-04-24 20:00:00+00:00,BTC,SELL,2.3155959353225626,0.0023155959353225626,0.15,S3_TREND
2026-04-24 20:00:00+00:00,SOL,BUY,4.03269959440604,0.00403269959440604,0.075,S6_REVERSAL
2026-04-24 21:00:00+00:00,BTC,SELL,7.534787754606442,0.007534787754606442,0.15,S3_TREND
2026-04-24 21:00:00+00:00,SOL,SELL,39.95504333478766,0.03995504333478766,0.075,S6_REVERSAL
2026-04-24 22:00:00+00:00,BTC,SELL,14486.822766163079,14.48682276616308,0.0,CASH
2026-04-24 22:00:00+00:00,SOL,BUY,28.379490434668696,0.028379490434668697,0.075,S6_REVERSAL
2026-04-24 23:00:00+00:00,SOL,BUY,19.871690254887653,0.019871690254887654,0.075,S6_REVERSAL
2026-04-25 01:00:00+00:00,SOL,SELL,3.8936975370470464,0.0038936975370470464,0.075,S6_REVERSAL
2026-04-25 02:00:00+00:00,BTC,BUY,7253.1786888375655,7.253178688837566,0.075,S6_REVERSAL
2026-04-25 02:00:00+00:00,SOL,SELL,3.8904107785574524,0.0038904107785574524,0.075,S6_REVERSAL
2026-04-25 03:00:00+00:00,BTC,SELL,6.269554738891202,0.006269554738891202,0.075,S6_REVERSAL
2026-04-25 04:00:00+00:00,BTC,SELL,5.027669097173202,0.005027669097173202,0.075,S6_REVERSAL
2026-04-25 04:00:00+00:00,SOL,SELL,13.577830424904276,0.013577830424904276,0.075,S6_REVERSAL
2026-04-25 05:00:00+00:00,BTC,BUY,4.429366841143747,0.004429366841143746,0.075,S6_REVERSAL
2026-04-25 05:00:00+00:00,SOL,BUY,8.89197135446193,0.00889197135446193,0.075,S6_REVERSAL
2026-04-25 06:00:00+00:00,BTC,BUY,8.520030797767504,0.008520030797767504,0.075,S6_REVERSAL
2026-04-25 06:00:00+00:00,SOL,BUY,10.116076552414597,0.010116076552414597,0.075,S6_REVERSAL
2026-04-25 07:00:00+00:00,BTC,BUY,2.1506683454763333,0.0021506683454763334,0.075,S6_REVERSAL
2026-04-25 07:00:00+00:00,SOL,SELL,19.5027960569505,0.019502796056950503,0.075,S6_REVERSAL
2026-04-25 08:00:00+00:00,SOL,BUY,6.966198282801997,0.006966198282801998,0.075,S6_REVERSAL
2026-04-25 09:00:00+00:00,BTC,SELL,11.028859989473858,0.011028859989473859,0.075,S6_REVERSAL
2026-04-25 09:00:00+00:00,SOL,SELL,19.200613845022417,0.01920061384502242,0.075,S6_REVERSAL
2026-04-25 10:00:00+00:00,BTC,SELL,6.406201216705085,0.0064062012167050856,0.075,S6_REVERSAL
2026-04-25 10:00:00+00:00,SOL,BUY,3.5958008239804258,0.0035958008239804257,0.075,S6_REVERSAL
2026-04-25 11:00:00+00:00,BTC,SELL,6.0081559349728195,0.00600815593497282,0.075,S6_REVERSAL
2026-04-25 11:00:00+00:00,SOL,SELL,3.3641090782248284,0.0033641090782248286,0.075,S6_REVERSAL
2026-04-25 12:00:00+00:00,BTC,BUY,7.404080139703183,0.0074040801397031826,0.075,S6_REVERSAL
2026-04-25 12:00:00+00:00,SOL,BUY,20.181682235737753,0.020181682235737755,0.075,S6_REVERSAL
2026-04-25 13:00:00+00:00,BTC,BUY,10.99717642235737,0.01099717642235737,0.075,S6_REVERSAL
2026-04-25 13:00:00+00:00,SOL,SELL,3.209538966530999,0.003209538966530999,0.075,S6_REVERSAL
2026-04-25 14:00:00+00:00,BTC,SELL,10.256417570536541,0.010256417570536542,0.075,S6_REVERSAL
2026-04-25 14:00:00+00:00,SOL,SELL,16.143394880930828,0.016143394880930827,0.075,S6_REVERSAL
2026-04-25 15:00:00+00:00,BTC,BUY,2.075652489350432,0.002075652489350432,0.075,S6_REVERSAL
2026-04-25 15:00:00+00:00,SOL,BUY,11.37694721635944,0.011376947216359441,0.075,S6_REVERSAL
2026-04-25 16:00:00+00:00,BTC,BUY,26.701357574967005,0.026701357574967007,0.075,S6_REVERSAL
2026-04-25 16:00:00+00:00,SOL,BUY,16.338768636134773,0.016338768636134773,0.075,S6_REVERSAL
2026-04-25 17:00:00+00:00,BTC,SELL,7.960426636703232,0.007960426636703233,0.075,S6_REVERSAL
2026-04-25 17:00:00+00:00,SOL,BUY,26.916338450302646,0.026916338450302647,0.075,S6_REVERSAL
2026-04-25 18:00:00+00:00,BTC,BUY,11.096094784228626,0.011096094784228626,0.075,S6_REVERSAL
2026-04-25 18:00:00+00:00,SOL,BUY,23.918486574965755,0.023918486574965755,0.075,S6_REVERSAL
2026-04-25 19:00:00+00:00,BTC,SELL,5.009534200774397,0.005009534200774397,0.075,S6_REVERSAL
2026-04-25 19:00:00+00:00,SOL,SELL,9.713586075383319,0.009713586075383319,0.075,S6_REVERSAL
2026-04-25 20:00:00+00:00,BTC,SELL,1.5385941441936668,0.0015385941441936669,0.075,S6_REVERSAL
2026-04-25 20:00:00+00:00,SOL,BUY,7248.259289944995,7.248259289944995,0.15,S3_TREND
2026-04-25 21:00:00+00:00,BTC,SELL,10.681464854024853,0.010681464854024852,0.075,S6_REVERSAL
2026-04-25 21:00:00+00:00,SOL,SELL,30.626157436436188,0.030626157436436187,0.15,S3_TREND
2026-04-25 22:00:00+00:00,BTC,SELL,3.918129641698215,0.003918129641698215,0.075,S6_REVERSAL
2026-04-25 23:00:00+00:00,SOL,SELL,29.047621651900045,0.029047621651900044,0.15,S3_TREND
2026-04-26 00:00:00+00:00,BTC,SELL,5.039210049987559,0.005039210049987559,0.075,S6_REVERSAL
2026-04-26 00:00:00+00:00,SOL,SELL,10.507037295947157,0.010507037295947158,0.15,S3_TREND
2026-04-26 01:00:00+00:00,BTC,BUY,8.578991042596499,0.008578991042596499,0.075,S6_REVERSAL
2026-04-26 01:00:00+00:00,SOL,BUY,21.175220529183207,0.021175220529183206,0.15,S3_TREND
2026-04-26 02:00:00+00:00,BTC,BUY,2.807880642715645,0.002807880642715645,0.075,S6_REVERSAL
2026-04-26 02:00:00+00:00,SOL,BUY,8.015564881507089,0.008015564881507089,0.15,S3_TREND
2026-04-26 03:00:00+00:00,SOL,SELL,60.936818799083994,0.060936818799084,0.15,S3_TREND
2026-04-26 04:00:00+00:00,BTC,BUY,5.547162452136945,0.005547162452136945,0.075,S6_REVERSAL
2026-04-26 04:00:00+00:00,SOL,BUY,56.956563465364525,0.056956563465364526,0.15,S3_TREND
2026-04-26 05:00:00+00:00,BTC,SELL,26.72995484902822,0.026729954849028223,0.075,S6_REVERSAL
2026-04-26 05:00:00+00:00,SOL,SELL,59.262431644850956,0.059262431644850955,0.15,S3_TREND
2026-04-26 06:00:00+00:00,BTC,SELL,18.053419397808284,0.018053419397808284,0.075,S6_REVERSAL
2026-04-26 06:00:00+00:00,SOL,BUY,2.9136368126455636,0.0029136368126455635,0.15,S3_TREND
2026-04-26 07:00:00+00:00,SOL,SELL,8.35152847804784,0.00835152847804784,0.15,S3_TREND
2026-04-26 08:00:00+00:00,BTC,SELL,7272.125340916592,7.272125340916592,0.0,CASH
2026-04-26 08:00:00+00:00,SOL,SELL,17.109356765646226,0.017109356765646226,0.15,S3_TREND
2026-04-26 09:00:00+00:00,SOL,BUY,7.459694740482519,0.007459694740482518,0.15,S3_TREND
2026-04-26 10:00:00+00:00,SOL,BUY,4.277618340936897,0.004277618340936897,0.15,S3_TREND
2026-04-26 11:00:00+00:00,SOL,BUY,9.986019760566705,0.009986019760566706,0.15,S3_TREND
2026-04-26 12:00:00+00:00,SOL,SELL,2.8567929837372503,0.0028567929837372504,0.15,S3_TREND
2026-04-26 13:00:00+00:00,SOL,BUY,57.09424278533152,0.05709424278533152,0.15,S3_TREND
2026-04-26 14:00:00+00:00,SOL,SELL,4.307575893124522,0.0043075758931245215,0.15,S3_TREND
2026-04-26 15:00:00+00:00,ETH,BUY,14522.134547409112,14.522134547409113,0.15,S3_TREND
2026-04-26 15:00:00+00:00,SOL,SELL,42.97800903726238,0.042978009037262385,0.15,S3_TREND
2026-04-26 16:00:00+00:00,ETH,SELL,8.693781949432378,0.008693781949432378,0.15,S3_TREND
2026-04-26 16:00:00+00:00,SOL,SELL,19.02642773966727,0.01902642773966727,0.15,S3_TREND
2026-04-26 17:00:00+00:00,ETH,BUY,23.749685083243094,0.023749685083243093,0.15,S3_TREND
2026-04-26 17:00:00+00:00,SOL,BUY,13.770762959089552,0.013770762959089553,0.15,S3_TREND
2026-04-26 18:00:00+00:00,ETH,SELL,31.46725659463482,0.03146725659463482,0.15,S3_TREND
2026-04-26 18:00:00+00:00,SOL,SELL,9.670667258518733,0.009670667258518733,0.15,S3_TREND
2026-04-26 19:00:00+00:00,ETH,SELL,58.76272058724862,0.05876272058724862,0.15,S3_TREND
2026-04-26 19:00:00+00:00,SOL,SELL,29.72846275550546,0.02972846275550546,0.15,S3_TREND
2026-04-26 20:00:00+00:00,ETH,SELL,26.57089877249018,0.026570898772490182,0.15,S3_TREND
2026-04-26 20:00:00+00:00,SOL,SELL,4.984055601928048,0.0049840556019280485,0.15,S3_TREND
2026-04-26 21:00:00+00:00,ETH,BUY,20.519442054745014,0.020519442054745013,0.15,S3_TREND
2026-04-26 21:00:00+00:00,SOL,BUY,23.956539131231693,0.023956539131231695,0.15,S3_TREND
2026-04-26 22:00:00+00:00,ETH,SELL,6.310144279381347,0.006310144279381347,0.15,S3_TREND
2026-04-26 22:00:00+00:00,SOL,SELL,16.852949916759826,0.016852949916759827,0.15,S3_TREND
2026-04-26 23:00:00+00:00,ETH,BUY,10.599656552374654,0.010599656552374654,0.15,S3_TREND
2026-04-26 23:00:00+00:00,SOL,BUY,10.543913271400015,0.010543913271400016,0.15,S3_TREND
2026-04-27 00:00:00+00:00,ETH,SELL,34.59072993254267,0.034590729932542676,0.15,S3_TREND
2026-04-27 00:00:00+00:00,SOL,SELL,21.51623834012389,0.02151623834012389,0.15,S3_TREND
2026-04-27 01:00:00+00:00,BTC,BUY,14584.048846040478,14.584048846040478,0.15,S3_TREND
2026-04-27 01:00:00+00:00,ETH,SELL,99.92941400480959,0.09992941400480959,0.15,S3_TREND
2026-04-27 01:00:00+00:00,SOL,SELL,38.90607182128588,0.03890607182128588,0.15,S3_TREND
2026-04-27 02:00:00+00:00,BTC,BUY,17.473501350121296,0.017473501350121295,0.15,S3_TREND
2026-04-27 02:00:00+00:00,ETH,SELL,11.834843045809976,0.011834843045809975,0.15,S3_TREND
2026-04-27 02:00:00+00:00,SOL,SELL,67.33856955463307,0.06733856955463306,0.15,S3_TREND
2026-04-27 03:00:00+00:00,BTC,BUY,21.548717377218054,0.021548717377218054,0.15,S3_TREND
2026-04-27 03:00:00+00:00,ETH,BUY,8.135765212975457,0.008135765212975456,0.15,S3_TREND
2026-04-27 03:00:00+00:00,SOL,SELL,5.0757081817482685,0.005075708181748268,0.15,S3_TREND
2026-04-27 04:00:00+00:00,BTC,BUY,4.054004512669053,0.004054004512669053,0.15,S3_TREND
2026-04-27 04:00:00+00:00,ETH,SELL,16.871881371327618,0.01687188137132762,0.15,S3_TREND
2026-04-27 04:00:00+00:00,SOL,BUY,14.48881360316409,0.01448881360316409,0.15,S3_TREND
2026-04-27 05:00:00+00:00,BTC,BUY,12.450618845718054,0.012450618845718055,0.15,S3_TREND
2026-04-27 05:00:00+00:00,ETH,BUY,52.18085731366591,0.05218085731366591,0.15,S3_TREND
2026-04-27 05:00:00+00:00,SOL,BUY,12.278929717987921,0.012278929717987922,0.15,S3_TREND
2026-04-27 06:00:00+00:00,BTC,BUY,84.72167445842024,0.08472167445842024,0.15,S3_TREND
2026-04-27 06:00:00+00:00,ETH,BUY,239.35776462981812,0.23935776462981811,0.15,S3_TREND
2026-04-27 06:00:00+00:00,SOL,BUY,135.87954023800376,0.13587954023800375,0.15,S3_TREND
2026-04-27 07:00:00+00:00,BTC,BUY,5.602475575416975,0.0056024755754169745,0.15,S3_TREND
2026-04-27 07:00:00+00:00,ETH,BUY,3.168623228521028,0.0031686232285210282,0.15,S3_TREND
2026-04-27 07:00:00+00:00,SOL,BUY,28.38950255790951,0.02838950255790951,0.15,S3_TREND
2026-04-27 08:00:00+00:00,BTC,SELL,1.2765118209117647,0.0012765118209117647,0.15,S3_TREND
2026-04-27 08:00:00+00:00,ETH,BUY,12.504248852561432,0.012504248852561432,0.15,S3_TREND
2026-04-27 08:00:00+00:00,SOL,BUY,57.118035150913784,0.057118035150913786,0.15,S3_TREND
2026-04-27 09:00:00+00:00,BTC,SELL,21.709368391500902,0.021709368391500904,0.15,S3_TREND
2026-04-27 09:00:00+00:00,ETH,SELL,7.883722945218324,0.007883722945218325,0.15,S3_TREND
2026-04-27 09:00:00+00:00,SOL,SELL,25.550499243934606,0.025550499243934606,0.15,S3_TREND
2026-04-27 10:00:00+00:00,BTC,SELL,13.506870186940432,0.013506870186940433,0.15,S3_TREND
2026-04-27 10:00:00+00:00,ETH,SELL,11.377432943003441,0.01137743294300344,0.15,S3_TREND
2026-04-27 10:00:00+00:00,SOL,BUY,9.298076433460665,0.009298076433460666,0.15,S3_TREND
2026-04-27 11:00:00+00:00,BTC,SELL,1.386965461073487,0.0013869654610734869,0.15,S3_TREND
2026-04-27 11:00:00+00:00,ETH,BUY,2.0906394879439176,0.0020906394879439175,0.15,S3_TREND
2026-04-27 11:00:00+00:00,SOL,BUY,38.31624809454843,0.03831624809454843,0.15,S3_TREND
2026-04-27 12:00:00+00:00,BTC,BUY,2.9115834329859354,0.0029115834329859354,0.15,S3_TREND
2026-04-27 12:00:00+00:00,SOL,SELL,14434.75377842331,14.43475377842331,0.0,CASH
2026-04-27 13:00:00+00:00,BTC,BUY,19.830643451568903,0.019830643451568902,0.15,S3_TREND
2026-04-27 13:00:00+00:00,ETH,BUY,26.443925519217373,0.026443925519217374,0.15,S3_TREND
2026-04-27 14:00:00+00:00,BTC,SELL,14.227290697748685,0.014227290697748685,0.15,S3_TREND
2026-04-27 14:00:00+00:00,ETH,BUY,11.83693620973645,0.01183693620973645,0.15,S3_TREND
2026-04-27 15:00:00+00:00,BTC,SELL,8.491216130081739,0.008491216130081738,0.15,S3_TREND
2026-04-27 15:00:00+00:00,ETH,SELL,11.18468229093196,0.01118468229093196,0.15,S3_TREND
2026-04-27 15:00:00+00:00,SOL,BUY,7208.256238430283,7.208256238430283,0.075,S6_REVERSAL
2026-04-27 16:00:00+00:00,BTC,BUY,109.36448466822185,0.10936448466822185,0.15,S3_TREND
2026-04-27 16:00:00+00:00,ETH,BUY,167.12443125733444,0.16712443125733445,0.15,S3_TREND
2026-04-27 16:00:00+00:00,SOL,BUY,49.645174166258585,0.049645174166258584,0.075,S6_REVERSAL
2026-04-27 17:00:00+00:00,BTC,BUY,31.941089337711674,0.03194108933771168,0.15,S3_TREND
2026-04-27 17:00:00+00:00,ETH,SELL,19.92098096878908,0.01992098096878908,0.15,S3_TREND
2026-04-27 17:00:00+00:00,SOL,SELL,9.687131855458574,0.009687131855458574,0.075,S6_REVERSAL
2026-04-27 18:00:00+00:00,BTC,SELL,8.950635451537892,0.008950635451537892,0.15,S3_TREND
2026-04-27 18:00:00+00:00,ETH,SELL,42.01331889799076,0.04201331889799076,0.15,S3_TREND
2026-04-27 18:00:00+00:00,SOL,SELL,8.974134250361203,0.008974134250361204,0.075,S6_REVERSAL
2026-04-27 19:00:00+00:00,BTC,SELL,11.60759826897447,0.011607598268974471,0.15,S3_TREND
2026-04-27 19:00:00+00:00,ETH,SELL,5.040732683855822,0.005040732683855822,0.15,S3_TREND
2026-04-27 19:00:00+00:00,SOL,SELL,5.806851368330173,0.005806851368330173,0.075,S6_REVERSAL
2026-04-27 20:00:00+00:00,BTC,SELL,11.608543235439356,0.011608543235439356,0.15,S3_TREND
2026-04-27 20:00:00+00:00,ETH,SELL,5.862887343291732,0.005862887343291732,0.15,S3_TREND
2026-04-27 20:00:00+00:00,SOL,BUY,31.423922335658972,0.03142392233565897,0.075,S6_REVERSAL
2026-04-27 21:00:00+00:00,BTC,SELL,9.383775990940194,0.009383775990940195,0.15,S3_TREND
2026-04-27 21:00:00+00:00,ETH,SELL,9.963015803759845,0.009963015803759846,0.15,S3_TREND
2026-04-27 21:00:00+00:00,SOL,SELL,5.543746622806793,0.0055437466228067936,0.075,S6_REVERSAL
2026-04-27 22:00:00+00:00,BTC,BUY,23.3132495093123,0.023313249509312302,0.15,S3_TREND
2026-04-27 22:00:00+00:00,ETH,BUY,18.1758489488966,0.0181758489488966,0.15,S3_TREND
2026-04-27 22:00:00+00:00,SOL,SELL,3.687376855164075,0.003687376855164075,0.075,S6_REVERSAL
2026-04-27 23:00:00+00:00,BTC,SELL,34.49371106954277,0.03449371106954277,0.15,S3_TREND
2026-04-27 23:00:00+00:00,ETH,SELL,26.28150366821683,0.02628150366821683,0.15,S3_TREND
2026-04-27 23:00:00+00:00,SOL,SELL,13.257366352115241,0.013257366352115241,0.075,S6_REVERSAL
2026-04-28 00:00:00+00:00,BTC,SELL,35.89330663377041,0.03589330663377041,0.15,S3_TREND
2026-04-28 00:00:00+00:00,ETH,SELL,37.28819469486916,0.037288194694869166,0.15,S3_TREND
2026-04-28 00:00:00+00:00,SOL,SELL,14.171083263004219,0.014171083263004218,0.075,S6_REVERSAL
2026-04-28 01:00:00+00:00,BTC,BUY,1.5791863083231874,0.0015791863083231875,0.15,S3_TREND
2026-04-28 01:00:00+00:00,ETH,SELL,16.23886329609377,0.01623886329609377,0.15,S3_TREND
2026-04-28 01:00:00+00:00,SOL,BUY,1.5613204717710687,0.0015613204717710688,0.075,S6_REVERSAL
2026-04-28 02:00:00+00:00,BTC,BUY,33.649072764452285,0.03364907276445229,0.15,S3_TREND
2026-04-28 02:00:00+00:00,ETH,BUY,29.64299162532552,0.02964299162532552,0.15,S3_TREND
2026-04-28 02:00:00+00:00,SOL,BUY,25.028781882856492,0.025028781882856493,0.075,S6_REVERSAL
2026-04-28 03:00:00+00:00,BTC,BUY,18.835476048750934,0.018835476048750934,0.15,S3_TREND
2026-04-28 03:00:00+00:00,ETH,BUY,42.16557223507334,0.04216557223507334,0.15,S3_TREND
2026-04-28 03:00:00+00:00,SOL,BUY,10.936548773411232,0.010936548773411232,0.075,S6_REVERSAL
2026-04-28 04:00:00+00:00,BTC,BUY,13.855193893359683,0.013855193893359683,0.15,S3_TREND
2026-04-28 04:00:00+00:00,ETH,SELL,11.756415081521482,0.011756415081521481,0.15,S3_TREND
2026-04-28 05:00:00+00:00,BTC,SELL,15.324421694427656,0.015324421694427656,0.15,S3_TREND
2026-04-28 05:00:00+00:00,ETH,BUY,13.018521528090787,0.013018521528090788,0.15,S3_TREND
2026-04-28 05:00:00+00:00,SOL,BUY,8.385380450695266,0.008385380450695265,0.075,S6_REVERSAL
2026-04-28 06:00:00+00:00,BTC,BUY,1.8265440303075593,0.0018265440303075592,0.15,S3_TREND
2026-04-28 06:00:00+00:00,ETH,BUY,4.254446701581401,0.004254446701581401,0.15,S3_TREND
2026-04-28 06:00:00+00:00,SOL,SELL,12.087430691561169,0.01208743069156117,0.075,S6_REVERSAL
2026-04-28 07:00:00+00:00,BTC,BUY,13.127050808063359,0.013127050808063359,0.15,S3_TREND
2026-04-28 07:00:00+00:00,ETH,BUY,48.007671686353206,0.048007671686353205,0.15,S3_TREND
2026-04-28 07:00:00+00:00,SOL,SELL,7153.8077666685895,7.1538077666685895,0.0,CASH
2026-04-28 08:00:00+00:00,BTC,SELL,16.58662311846092,0.01658662311846092,0.15,S3_TREND
2026-04-28 08:00:00+00:00,ETH,SELL,52.09195569263102,0.05209195569263102,0.15,S3_TREND
2026-04-28 09:00:00+00:00,BTC,BUY,2.3969432406120177,0.0023969432406120176,0.15,S3_TREND
2026-04-28 09:00:00+00:00,ETH,BUY,4.36747013429158,0.00436747013429158,0.15,S3_TREND
2026-04-28 10:00:00+00:00,BTC,BUY,36.81853911959297,0.03681853911959297,0.15,S3_TREND
2026-04-28 10:00:00+00:00,ETH,BUY,18.348131062308312,0.01834813106230831,0.15,S3_TREND
2026-04-28 11:00:00+00:00,BTC,SELL,1.1270847797331953,0.0011270847797331953,0.15,S3_TREND
2026-04-28 11:00:00+00:00,ETH,SELL,11.44841790366263,0.01144841790366263,0.15,S3_TREND
2026-04-28 12:00:00+00:00,BTC,SELL,7105.255535747674,7.105255535747674,0.075,S6_REVERSAL
2026-04-28 12:00:00+00:00,ETH,BUY,38.09144782208932,0.03809144782208932,0.15,S3_TREND
2026-04-28 13:00:00+00:00,BTC,SELL,11.588506304417933,0.011588506304417934,0.075,S6_REVERSAL
2026-04-28 13:00:00+00:00,ETH,SELL,14.620540498297487,0.014620540498297488,0.15,S3_TREND
2026-04-28 14:00:00+00:00,BTC,BUY,14.921534978710042,0.014921534978710042,0.075,S6_REVERSAL
2026-04-28 14:00:00+00:00,ETH,SELL,7150.843681901976,7.150843681901977,0.075,S6_REVERSAL
2026-04-28 15:00:00+00:00,BTC,BUY,19.615933409946592,0.019615933409946593,0.075,S6_REVERSAL
2026-04-28 15:00:00+00:00,ETH,BUY,6.29506587956439,0.006295065879564391,0.075,S6_REVERSAL
2026-04-28 15:00:00+00:00,SOL,BUY,7155.297013164357,7.155297013164357,0.075,S6_REVERSAL
2026-04-28 16:00:00+00:00,BTC,SELL,8.866101000453455,0.008866101000453454,0.075,S6_REVERSAL
2026-04-28 16:00:00+00:00,ETH,SELL,17.79402255126206,0.01779402255126206,0.075,S6_REVERSAL
2026-04-28 16:00:00+00:00,SOL,SELL,2.1920426155056703,0.0021920426155056703,0.075,S6_REVERSAL
2026-04-28 17:00:00+00:00,BTC,SELL,2.8251122989922806,0.0028251122989922804,0.075,S6_REVERSAL
2026-04-28 17:00:00+00:00,ETH,SELL,17.460450242572733,0.017460450242572735,0.075,S6_REVERSAL
2026-04-28 17:00:00+00:00,SOL,SELL,7.595618644406386,0.007595618644406386,0.075,S6_REVERSAL
2026-04-28 18:00:00+00:00,BTC,SELL,4.15736513844513,0.00415736513844513,0.075,S6_REVERSAL
2026-04-28 18:00:00+00:00,ETH,SELL,12.5515288864608,0.0125515288864608,0.075,S6_REVERSAL
2026-04-28 19:00:00+00:00,BTC,SELL,2.0264878441457768,0.0020264878441457767,0.075,S6_REVERSAL
2026-04-28 19:00:00+00:00,ETH,SELL,16.34618457565557,0.01634618457565557,0.075,S6_REVERSAL
2026-04-28 19:00:00+00:00,SOL,SELL,14.873480609323451,0.01487348060932345,0.075,S6_REVERSAL
2026-04-28 20:00:00+00:00,BTC,SELL,6.0389867381027225,0.006038986738102723,0.075,S6_REVERSAL
2026-04-28 20:00:00+00:00,ETH,SELL,13.290461653042257,0.013290461653042257,0.075,S6_REVERSAL
2026-04-28 20:00:00+00:00,SOL,SELL,4.53313747570337,0.00453313747570337,0.075,S6_REVERSAL
2026-04-28 21:00:00+00:00,BTC,SELL,13.753370716359314,0.013753370716359313,0.075,S6_REVERSAL
2026-04-28 21:00:00+00:00,ETH,BUY,18.69075053161032,0.01869075053161032,0.075,S6_REVERSAL
2026-04-28 21:00:00+00:00,SOL,BUY,8.13097114480297,0.00813097114480297,0.075,S6_REVERSAL
2026-04-28 22:00:00+00:00,BTC,BUY,7.663191468194782,0.007663191468194782,0.075,S6_REVERSAL
2026-04-28 22:00:00+00:00,ETH,BUY,14.604924157838468,0.014604924157838468,0.075,S6_REVERSAL
2026-04-28 22:00:00+00:00,SOL,BUY,1.9308868028938377,0.0019308868028938377,0.075,S6_REVERSAL
2026-04-28 23:00:00+00:00,BTC,BUY,8.985400326704621,0.008985400326704621,0.075,S6_REVERSAL
2026-04-28 23:00:00+00:00,ETH,BUY,10.554103089488308,0.010554103089488308,0.075,S6_REVERSAL
2026-04-29 00:00:00+00:00,BTC,SELL,5.798190908167271,0.005798190908167271,0.075,S6_REVERSAL
2026-04-29 00:00:00+00:00,ETH,SELL,6.528557084468048,0.006528557084468048,0.075,S6_REVERSAL
2026-04-29 00:00:00+00:00,SOL,SELL,26.38260203829759,0.026382602038297592,0.075,S6_REVERSAL
2026-04-29 01:00:00+00:00,BTC,SELL,13.991796284679367,0.013991796284679368,0.075,S6_REVERSAL
2026-04-29 01:00:00+00:00,ETH,SELL,7.4680501750654,0.0074680501750654,0.075,S6_REVERSAL
2026-04-29 01:00:00+00:00,SOL,BUY,1.8901003332084656,0.0018901003332084656,0.075,S6_REVERSAL
2026-04-29 02:00:00+00:00,BTC,SELL,4.849823530067624,0.004849823530067624,0.075,S6_REVERSAL
2026-04-29 02:00:00+00:00,SOL,SELL,2.7325793850022815,0.0027325793850022815,0.075,S6_REVERSAL
2026-04-29 03:00:00+00:00,BTC,BUY,2.2788944073163293,0.002278894407316329,0.075,S6_REVERSAL
2026-04-29 03:00:00+00:00,ETH,BUY,10.307554118134249,0.010307554118134249,0.075,S6_REVERSAL
2026-04-29 03:00:00+00:00,SOL,BUY,2.823139220547091,0.002823139220547091,0.075,S6_REVERSAL
2026-04-29 04:00:00+00:00,BTC,SELL,31.309087553524478,0.031309087553524476,0.075,S6_REVERSAL
2026-04-29 04:00:00+00:00,ETH,SELL,58.85744905596857,0.058857449055968576,0.075,S6_REVERSAL
2026-04-29 04:00:00+00:00,SOL,SELL,7213.489705462926,7.213489705462926,0.0,CASH
2026-04-29 05:00:00+00:00,BTC,SELL,7204.3248809668785,7.204324880966879,0.0,CASH
2026-04-29 05:00:00+00:00,ETH,SELL,7227.723320514388,7.2277233205143885,0.0,CASH
2026-04-29 19:00:00+00:00,ETH,BUY,7182.656458954406,7.182656458954406,0.075,S6_REVERSAL
2026-04-29 19:00:00+00:00,SOL,BUY,7182.656458954406,7.182656458954406,0.075,S6_REVERSAL
2026-04-29 20:00:00+00:00,ETH,BUY,15.238335154953347,0.015238335154953347,0.075,S6_REVERSAL
2026-04-29 20:00:00+00:00,SOL,BUY,5.619484171703334,0.005619484171703334,0.075,S6_REVERSAL
2026-04-29 21:00:00+00:00,ETH,SELL,17.25953773573019,0.01725953773573019,0.075,S6_REVERSAL
2026-04-29 21:00:00+00:00,SOL,SELL,32.3117296704977,0.032311729670497696,0.075,S6_REVERSAL
2026-04-29 22:00:00+00:00,ETH,SELL,35.84027795903512,0.03584027795903512,0.075,S6_REVERSAL
2026-04-29 22:00:00+00:00,SOL,SELL,20.26941086707302,0.02026941086707302,0.075,S6_REVERSAL
2026-04-29 23:00:00+00:00,ETH,SELL,12.62826525249693,0.012628265252496931,0.075,S6_REVERSAL
2026-04-29 23:00:00+00:00,SOL,SELL,11.728890275978301,0.011728890275978301,0.075,S6_REVERSAL
2026-04-30 00:00:00+00:00,BTC,BUY,7189.716322566878,7.189716322566879,0.075,S6_REVERSAL
2026-04-30 00:00:00+00:00,ETH,BUY,14.215981114665738,0.014215981114665738,0.075,S6_REVERSAL
2026-04-30 01:00:00+00:00,BTC,SELL,32.13030067201362,0.03213030067201362,0.075,S6_REVERSAL
2026-04-30 01:00:00+00:00,ETH,SELL,50.04637842565535,0.05004637842565535,0.075,S6_REVERSAL
2026-04-30 01:00:00+00:00,SOL,SELL,52.14409393284405,0.052144093932844054,0.075,S6_REVERSAL
2026-04-30 02:00:00+00:00,ETH,BUY,8.613278603303115,0.008613278603303116,0.075,S6_REVERSAL
2026-04-30 02:00:00+00:00,SOL,BUY,3.117334770355228,0.003117334770355228,0.075,S6_REVERSAL
2026-04-30 03:00:00+00:00,BTC,BUY,35.72961119403408,0.03572961119403408,0.075,S6_REVERSAL
2026-04-30 03:00:00+00:00,ETH,BUY,62.43982422879799,0.06243982422879799,0.075,S6_REVERSAL
2026-04-30 03:00:00+00:00,SOL,BUY,51.7292654202256,0.0517292654202256,0.075,S6_REVERSAL
2026-04-30 04:00:00+00:00,BTC,SELL,17.154016714760473,0.017154016714760474,0.075,S6_REVERSAL
2026-04-30 04:00:00+00:00,ETH,SELL,21.943435970963947,0.021943435970963945,0.075,S6_REVERSAL
2026-04-30 04:00:00+00:00,SOL,SELL,2.8804527882575712,0.002880452788257571,0.075,S6_REVERSAL
2026-04-30 05:00:00+00:00,BTC,BUY,30.060577685635508,0.030060577685635508,0.075,S6_REVERSAL
2026-04-30 05:00:00+00:00,ETH,BUY,34.74290893743455,0.03474290893743455,0.075,S6_REVERSAL
2026-04-30 05:00:00+00:00,SOL,BUY,46.372736429398174,0.046372736429398174,0.075,S6_REVERSAL
2026-04-30 06:00:00+00:00,BTC,SELL,7.05590338123875,0.00705590338123875,0.075,S6_REVERSAL
2026-04-30 06:00:00+00:00,ETH,SELL,9.374344821636441,0.009374344821636441,0.075,S6_REVERSAL
2026-04-30 06:00:00+00:00,SOL,SELL,12.065565427031288,0.012065565427031287,0.075,S6_REVERSAL
2026-04-30 07:00:00+00:00,BTC,SELL,9.742469480886028,0.009742469480886027,0.075,S6_REVERSAL
2026-04-30 07:00:00+00:00,ETH,SELL,12.0410201149798,0.0120410201149798,0.075,S6_REVERSAL
2026-04-30 07:00:00+00:00,SOL,SELL,28.218541528364767,0.02821854152836477,0.075,S6_REVERSAL
2026-04-30 08:00:00+00:00,BTC,SELL,30.27781413550656,0.03027781413550656,0.075,S6_REVERSAL
2026-04-30 08:00:00+00:00,ETH,SELL,30.816554424548485,0.030816554424548486,0.075,S6_REVERSAL
2026-04-30 08:00:00+00:00,SOL,SELL,26.213979616112738,0.02621397961611274,0.075,S6_REVERSAL
2026-04-30 09:00:00+00:00,BTC,BUY,6.675594604659636,0.006675594604659637,0.075,S6_REVERSAL
2026-04-30 09:00:00+00:00,ETH,BUY,8.548608174689434,0.008548608174689434,0.075,S6_REVERSAL
2026-04-30 09:00:00+00:00,SOL,BUY,16.753172963611178,0.016753172963611177,0.075,S6_REVERSAL
2026-04-30 10:00:00+00:00,BTC,SELL,2.0404265323568325,0.0020404265323568324,0.075,S6_REVERSAL
2026-04-30 10:00:00+00:00,ETH,SELL,14.95622872642889,0.01495622872642889,0.075,S6_REVERSAL
2026-04-30 11:00:00+00:00,BTC,BUY,5.181370111425167,0.005181370111425167,0.075,S6_REVERSAL
2026-04-30 11:00:00+00:00,ETH,SELL,1.7427833918527538,0.0017427833918527537,0.075,S6_REVERSAL
2026-04-30 11:00:00+00:00,SOL,BUY,9.870718620355547,0.009870718620355547,0.075,S6_REVERSAL
2026-04-30 12:00:00+00:00,BTC,SELL,3.604203776630129,0.0036042037766301294,0.075,S6_REVERSAL
2026-04-30 12:00:00+00:00,ETH,BUY,11.453229064609332,0.011453229064609332,0.075,S6_REVERSAL
2026-04-30 13:00:00+00:00,BTC,SELL,18.682422852951277,0.018682422852951276,0.075,S6_REVERSAL
2026-04-30 13:00:00+00:00,ETH,SELL,18.317703025554692,0.01831770302555469,0.075,S6_REVERSAL
2026-04-30 13:00:00+00:00,SOL,SELL,14.021925380157882,0.014021925380157882,0.075,S6_REVERSAL
2026-04-30 14:00:00+00:00,BTC,SELL,10.144085238527623,0.010144085238527624,0.075,S6_REVERSAL
2026-04-30 14:00:00+00:00,ETH,BUY,5.3724861037035225,0.0053724861037035224,0.075,S6_REVERSAL
2026-04-30 15:00:00+00:00,BTC,BUY,9.995342011998218,0.00999534201199822,0.075,S6_REVERSAL
2026-04-30 15:00:00+00:00,ETH,BUY,4.809270029813888,0.004809270029813888,0.075,S6_REVERSAL
2026-04-30 15:00:00+00:00,SOL,SELL,1.6796611618656243,0.0016796611618656242,0.075,S6_REVERSAL
2026-04-30 16:00:00+00:00,BTC,SELL,13.31137810866494,0.01331137810866494,0.075,S6_REVERSAL
2026-04-30 16:00:00+00:00,ETH,SELL,8.827426223439943,0.008827426223439943,0.075,S6_REVERSAL
2026-04-30 16:00:00+00:00,SOL,SELL,8.296453954472781,0.00829645395447278,0.075,S6_REVERSAL
2026-04-30 17:00:00+00:00,BTC,BUY,14.289053714307556,0.014289053714307557,0.075,S6_REVERSAL
2026-04-30 17:00:00+00:00,ETH,BUY,21.16020989768458,0.021160209897684582,0.075,S6_REVERSAL
2026-04-30 17:00:00+00:00,SOL,BUY,23.6421542167991,0.023642154216799098,0.075,S6_REVERSAL
2026-04-30 18:00:00+00:00,BTC,BUY,1.2365556326931255,0.0012365556326931256,0.075,S6_REVERSAL
2026-04-30 18:00:00+00:00,ETH,SELL,2.6411463268696025,0.0026411463268696026,0.075,S6_REVERSAL
2026-04-30 19:00:00+00:00,BTC,SELL,8.123601116916689,0.00812360111691669,0.075,S6_REVERSAL
2026-04-30 19:00:00+00:00,ETH,SELL,4.136744689810257,0.004136744689810257,0.075,S6_REVERSAL
2026-04-30 19:00:00+00:00,SOL,SELL,1.9599436582702767,0.001959943658270277,0.075,S6_REVERSAL
2026-04-30 20:00:00+00:00,BTC,SELL,5.0942637187927176,0.005094263718792718,0.075,S6_REVERSAL
2026-04-30 20:00:00+00:00,ETH,SELL,5.989629677726043,0.0059896296777260435,0.075,S6_REVERSAL
2026-04-30 20:00:00+00:00,SOL,BUY,2.5563641945982454,0.0025563641945982453,0.075,S6_REVERSAL
2026-04-30 21:00:00+00:00,BTC,SELL,5.986169424179025,0.005986169424179025,0.075,S6_REVERSAL
2026-04-30 21:00:00+00:00,ETH,SELL,5.993142852234996,0.005993142852234996,0.075,S6_REVERSAL
2026-04-30 21:00:00+00:00,SOL,SELL,3.6847745126933664,0.0036847745126933665,0.075,S6_REVERSAL
2026-04-30 22:00:00+00:00,BTC,BUY,18.3389096359615,0.0183389096359615,0.075,S6_REVERSAL
2026-04-30 22:00:00+00:00,ETH,BUY,20.33930712298661,0.02033930712298661,0.075,S6_REVERSAL
2026-04-30 22:00:00+00:00,SOL,BUY,15.53840750074869,0.01553840750074869,0.075,S6_REVERSAL
2026-04-30 23:00:00+00:00,ETH,BUY,5.912578625896458,0.005912578625896458,0.075,S6_REVERSAL
2026-05-01 00:00:00+00:00,BTC,SELL,7.360475848581699,0.0073604758485817,0.075,S6_REVERSAL
2026-05-01 00:00:00+00:00,ETH,SELL,7.283391724556168,0.007283391724556168,0.075,S6_REVERSAL
2026-05-01 00:00:00+00:00,SOL,SELL,17.43710587984515,0.01743710587984515,0.075,S6_REVERSAL
2026-05-01 01:00:00+00:00,BTC,SELL,8.41049945845225,0.00841049945845225,0.075,S6_REVERSAL
2026-05-01 01:00:00+00:00,ETH,SELL,5.840576398129087,0.005840576398129087,0.075,S6_REVERSAL
2026-05-01 01:00:00+00:00,SOL,SELL,7.42973920249642,0.00742973920249642,0.075,S6_REVERSAL
2026-05-01 02:00:00+00:00,BTC,SELL,15.28255406289827,0.015282554062898272,0.075,S6_REVERSAL
2026-05-01 02:00:00+00:00,ETH,SELL,18.495131283042614,0.018495131283042615,0.075,S6_REVERSAL
2026-05-01 02:00:00+00:00,SOL,SELL,30.145784162352356,0.030145784162352356,0.075,S6_REVERSAL
2026-05-01 03:00:00+00:00,BTC,BUY,7.932769945936343,0.007932769945936342,0.075,S6_REVERSAL
2026-05-01 03:00:00+00:00,ETH,BUY,1.7157825680696988,0.0017157825680696988,0.075,S6_REVERSAL
2026-05-01 04:00:00+00:00,BTC,SELL,41.23769427684692,0.041237694276846926,0.075,S6_REVERSAL
2026-05-01 04:00:00+00:00,ETH,SELL,41.20788282429293,0.041207882824292934,0.075,S6_REVERSAL
2026-05-01 04:00:00+00:00,SOL,SELL,15.57402564763106,0.015574025647631062,0.075,S6_REVERSAL
2026-05-01 05:00:00+00:00,BTC,BUY,6.424532493939296,0.006424532493939296,0.075,S6_REVERSAL
2026-05-01 05:00:00+00:00,ETH,BUY,6.855721993112638,0.0068557219931126385,0.075,S6_REVERSAL
2026-05-01 05:00:00+00:00,SOL,BUY,5.872803505058982,0.005872803505058983,0.075,S6_REVERSAL
2026-05-01 06:00:00+00:00,BTC,SELL,8.336154588789213,0.008336154588789214,0.075,S6_REVERSAL
2026-05-01 06:00:00+00:00,ETH,SELL,6.734540113389813,0.006734540113389813,0.075,S6_REVERSAL
2026-05-01 06:00:00+00:00,SOL,SELL,18.280227095488044,0.018280227095488044,0.075,S6_REVERSAL
2026-05-01 07:00:00+00:00,BTC,BUY,12.250857477652971,0.012250857477652971,0.075,S6_REVERSAL
2026-05-01 07:00:00+00:00,ETH,BUY,14.44924126389651,0.01444924126389651,0.075,S6_REVERSAL
2026-05-01 07:00:00+00:00,SOL,BUY,13.288154004759235,0.013288154004759236,0.075,S6_REVERSAL
2026-05-01 08:00:00+00:00,BTC,SELL,10.743695434228357,0.010743695434228357,0.075,S6_REVERSAL
2026-05-01 08:00:00+00:00,ETH,SELL,4.368892063122985,0.004368892063122985,0.075,S6_REVERSAL
2026-05-01 08:00:00+00:00,SOL,SELL,6.508006167446183,0.006508006167446183,0.075,S6_REVERSAL
2026-05-01 09:00:00+00:00,BTC,SELL,18.177006268452715,0.018177006268452714,0.075,S6_REVERSAL
2026-05-01 09:00:00+00:00,ETH,SELL,18.59453798661525,0.018594537986615253,0.075,S6_REVERSAL
2026-05-01 09:00:00+00:00,SOL,SELL,7229.96811035609,7.22996811035609,0.0,CASH
2026-05-01 10:00:00+00:00,BTC,BUY,7.70297348270833,0.00770297348270833,0.075,S6_REVERSAL
2026-05-01 10:00:00+00:00,ETH,BUY,12.84870759839032,0.012848707598390319,0.075,S6_REVERSAL
2026-05-01 11:00:00+00:00,BTC,SELL,2.9380038349063398,0.00293800383490634,0.075,S6_REVERSAL
2026-05-01 11:00:00+00:00,ETH,SELL,1.0705430982397957,0.0010705430982397956,0.075,S6_REVERSAL
2026-05-01 12:00:00+00:00,BTC,SELL,7228.827911930934,7.228827911930934,0.0,CASH
2026-05-01 12:00:00+00:00,ETH,SELL,10.368336550918684,0.010368336550918685,0.075,S6_REVERSAL
2026-05-01 13:00:00+00:00,ETH,SELL,7262.987553213773,7.262987553213773,0.0,CASH
2026-05-01 20:00:00+00:00,BTC,BUY,14436.74788490974,14.43674788490974,0.15,S3_TREND
2026-05-01 21:00:00+00:00,BTC,BUY,72.97622180853978,0.07297622180853978,0.15,S3_TREND
2026-05-01 22:00:00+00:00,BTC,SELL,50.34972505286351,0.05034972505286351,0.15,S3_TREND
2026-05-01 23:00:00+00:00,BTC,BUY,7.3063602202128095,0.007306360220212809,0.15,S3_TREND
2026-05-02 00:00:00+00:00,BTC,SELL,12.203926396996394,0.012203926396996394,0.15,S3_TREND
2026-05-02 01:00:00+00:00,BTC,SELL,17.346693186364064,0.017346693186364063,0.15,S3_TREND
2026-05-02 02:00:00+00:00,BTC,SELL,2.077665893073572,0.002077665893073572,0.15,S3_TREND
2026-05-02 04:00:00+00:00,BTC,SELL,7.045118343170543,0.007045118343170544,0.15,S3_TREND
2026-05-02 05:00:00+00:00,BTC,BUY,35.133800110075754,0.035133800110075754,0.15,S3_TREND
2026-05-02 06:00:00+00:00,ETH,BUY,14429.465912888993,14.429465912888993,0.15,S3_TREND
2026-05-02 06:00:00+00:00,SOL,BUY,14429.465912888993,14.429465912888993,0.15,S3_TREND
2026-05-02 07:00:00+00:00,BTC,SELL,19.35596877354328,0.019355968773543283,0.15,S3_TREND
2026-05-02 07:00:00+00:00,ETH,SELL,29.6645652408788,0.0296645652408788,0.15,S3_TREND
2026-05-02 07:00:00+00:00,SOL,SELL,11.882805439981892,0.011882805439981893,0.15,S3_TREND
2026-05-02 08:00:00+00:00,BTC,BUY,9.99546250682397,0.00999546250682397,0.15,S3_TREND
2026-05-02 08:00:00+00:00,ETH,BUY,18.805822407512096,0.018805822407512097,0.15,S3_TREND
2026-05-02 08:00:00+00:00,SOL,BUY,7.347815411083502,0.007347815411083502,0.15,S3_TREND
2026-05-02 09:00:00+00:00,BTC,SELL,9.663646656963465,0.009663646656963466,0.15,S3_TREND
2026-05-02 09:00:00+00:00,ETH,SELL,6.683797945161132,0.006683797945161132,0.15,S3_TREND
2026-05-02 09:00:00+00:00,SOL,SELL,12.752080580115944,0.012752080580115944,0.15,S3_TREND
2026-05-02 10:00:00+00:00,BTC,BUY,9.224690024555457,0.009224690024555457,0.15,S3_TREND
2026-05-02 10:00:00+00:00,ETH,SELL,6.010915817018031,0.006010915817018031,0.15,S3_TREND
2026-05-02 10:00:00+00:00,SOL,SELL,22.33892687704065,0.02233892687704065,0.15,S3_TREND
2026-05-02 11:00:00+00:00,BTC,BUY,3.634523990762318,0.0036345239907623183,0.15,S3_TREND
2026-05-02 11:00:00+00:00,ETH,BUY,5.431882260369093,0.005431882260369093,0.15,S3_TREND
2026-05-02 11:00:00+00:00,SOL,BUY,7.503783133901379,0.0075037831339013795,0.15,S3_TREND
2026-05-02 12:00:00+00:00,BTC,BUY,9.100618753065646,0.009100618753065646,0.15,S3_TREND
2026-05-02 12:00:00+00:00,ETH,SELL,1.4093726640494424,0.0014093726640494425,0.15,S3_TREND
2026-05-02 12:00:00+00:00,SOL,BUY,30.78107775387616,0.030781077753876163,0.15,S3_TREND
2026-05-02 13:00:00+00:00,BTC,SELL,4.951786620420535,0.004951786620420535,0.15,S3_TREND
2026-05-02 13:00:00+00:00,ETH,SELL,1.3942186551703344,0.0013942186551703345,0.15,S3_TREND
2026-05-02 13:00:00+00:00,SOL,SELL,21.671311156891534,0.021671311156891533,0.15,S3_TREND
2026-05-02 14:00:00+00:00,BTC,SELL,18.1058907510087,0.018105890751008703,0.15,S3_TREND
2026-05-02 14:00:00+00:00,ETH,SELL,17.859537132742844,0.017859537132742843,0.15,S3_TREND
2026-05-02 14:00:00+00:00,SOL,SELL,3.1169181171808304,0.0031169181171808303,0.15,S3_TREND
2026-05-02 15:00:00+00:00,BTC,SELL,9.454312863319501,0.0094543128633195,0.15,S3_TREND
2026-05-02 15:00:00+00:00,ETH,BUY,9.736413481217824,0.009736413481217824,0.15,S3_TREND
2026-05-02 15:00:00+00:00,SOL,SELL,4.1246216833351355,0.004124621683335135,0.15,S3_TREND
2026-05-02 16:00:00+00:00,BTC,SELL,6.08831803981593,0.006088318039815931,0.15,S3_TREND
2026-05-02 16:00:00+00:00,ETH,SELL,9.950332647358664,0.009950332647358664,0.15,S3_TREND
2026-05-02 16:00:00+00:00,SOL,SELL,4.677420562331463,0.004677420562331463,0.15,S3_TREND
2026-05-02 17:00:00+00:00,BTC,BUY,9.355853614750231,0.00935585361475023,0.15,S3_TREND
2026-05-02 17:00:00+00:00,ETH,BUY,2.5306310119722184,0.0025306310119722186,0.15,S3_TREND
2026-05-02 17:00:00+00:00,SOL,SELL,24.169287810664173,0.024169287810664172,0.15,S3_TREND
2026-05-02 18:00:00+00:00,BTC,BUY,1.5978118349539727,0.0015978118349539727,0.15,S3_TREND
2026-05-02 18:00:00+00:00,ETH,BUY,12.442213385709692,0.012442213385709692,0.15,S3_TREND
2026-05-02 18:00:00+00:00,SOL,BUY,18.565355929333236,0.018565355929333238,0.15,S3_TREND
2026-05-02 19:00:00+00:00,BTC,SELL,2.4797283120351494,0.0024797283120351495,0.15,S3_TREND
2026-05-02 19:00:00+00:00,ETH,SELL,17.466825063895158,0.01746682506389516,0.15,S3_TREND
2026-05-02 19:00:00+00:00,SOL,SELL,17.34215609079365,0.01734215609079365,0.15,S3_TREND
2026-05-02 20:00:00+00:00,BTC,SELL,1.57959980657688,0.00157959980657688,0.15,S3_TREND
2026-05-02 20:00:00+00:00,ETH,SELL,2.786694170335977,0.0027866941703359772,0.15,S3_TREND
2026-05-02 20:00:00+00:00,SOL,SELL,3.1192694009205297,0.00311926940092053,0.15,S3_TREND
2026-05-02 21:00:00+00:00,BTC,BUY,4.90594170492659,0.004905941704926591,0.15,S3_TREND
2026-05-02 21:00:00+00:00,ETH,SELL,4.706240252820862,0.004706240252820862,0.15,S3_TREND
2026-05-02 21:00:00+00:00,SOL,BUY,5.350323411377758,0.005350323411377758,0.15,S3_TREND
2026-05-02 22:00:00+00:00,BTC,SELL,19.61018539154793,0.01961018539154793,0.15,S3_TREND
2026-05-02 22:00:00+00:00,ETH,SELL,57.89208252147728,0.057892082521477276,0.15,S3_TREND
2026-05-02 22:00:00+00:00,SOL,SELL,31.9660388092434,0.031966038809243404,0.15,S3_TREND
2026-05-02 23:00:00+00:00,BTC,SELL,19.013298248666615,0.019013298248666616,0.15,S3_TREND
2026-05-02 23:00:00+00:00,ETH,SELL,6.71544869929312,0.00671544869929312,0.15,S3_TREND
2026-05-02 23:00:00+00:00,SOL,BUY,18.951934550779697,0.018951934550779696,0.15,S3_TREND
2026-05-03 00:00:00+00:00,BTC,BUY,8.575372096074716,0.008575372096074715,0.15,S3_TREND
2026-05-03 00:00:00+00:00,ETH,BUY,44.1034473400905,0.0441034473400905,0.15,S3_TREND
2026-05-03 00:00:00+00:00,SOL,BUY,14.313578568971934,0.014313578568971934,0.15,S3_TREND
2026-05-03 01:00:00+00:00,BTC,BUY,15.140498277216466,0.015140498277216466,0.15,S3_TREND
2026-05-03 01:00:00+00:00,ETH,BUY,7.239287636812151,0.00723928763681215,0.15,S3_TREND
2026-05-03 01:00:00+00:00,SOL,BUY,19.477500374976444,0.019477500374976444,0.15,S3_TREND
2026-05-03 02:00:00+00:00,BTC,BUY,29.17617130155304,0.02917617130155304,0.15,S3_TREND
2026-05-03 02:00:00+00:00,ETH,BUY,35.159785306694175,0.035159785306694176,0.15,S3_TREND
2026-05-03 02:00:00+00:00,SOL,BUY,32.14307376569741,0.03214307376569741,0.15,S3_TREND
2026-05-03 03:00:00+00:00,BTC,BUY,8.046889757242752,0.008046889757242753,0.15,S3_TREND
2026-05-03 03:00:00+00:00,SOL,BUY,9.110560906869068,0.009110560906869068,0.15,S3_TREND
2026-05-03 04:00:00+00:00,BTC,SELL,6.317424247037707,0.006317424247037707,0.15,S3_TREND
2026-05-03 04:00:00+00:00,ETH,BUY,8.796132525378198,0.008796132525378197,0.15,S3_TREND
2026-05-03 05:00:00+00:00,BTC,BUY,6.938151932909022,0.006938151932909023,0.15,S3_TREND
2026-05-03 05:00:00+00:00,ETH,BUY,1.89999797838027,0.00189999797838027,0.15,S3_TREND
2026-05-03 05:00:00+00:00,SOL,SELL,7.874375478961156,0.007874375478961157,0.15,S3_TREND
2026-05-03 06:00:00+00:00,BTC,SELL,9.810552809358342,0.009810552809358343,0.15,S3_TREND
2026-05-03 06:00:00+00:00,ETH,SELL,10.06902830036961,0.01006902830036961,0.15,S3_TREND
2026-05-03 06:00:00+00:00,SOL,SELL,2.5149680926951987,0.002514968092695199,0.15,S3_TREND
2026-05-03 07:00:00+00:00,BTC,SELL,5.4755107269120336,0.0054755107269120334,0.15,S3_TREND
2026-05-03 08:00:00+00:00,BTC,SELL,4.152141221078637,0.004152141221078637,0.15,S3_TREND
2026-05-03 08:00:00+00:00,ETH,SELL,21.02183502557091,0.02102183502557091,0.15,S3_TREND
2026-05-03 08:00:00+00:00,SOL,SELL,11.040530046382628,0.011040530046382628,0.15,S3_TREND
2026-05-03 09:00:00+00:00,BTC,SELL,4.534828525915145,0.004534828525915145,0.15,S3_TREND
2026-05-03 09:00:00+00:00,ETH,BUY,6.197232453503602,0.006197232453503602,0.15,S3_TREND
2026-05-03 09:00:00+00:00,SOL,SELL,1.7169789535400923,0.0017169789535400925,0.15,S3_TREND
2026-05-03 10:00:00+00:00,BTC,SELL,10.117659888937851,0.010117659888937851,0.15,S3_TREND
2026-05-03 10:00:00+00:00,ETH,SELL,35.2560930743075,0.0352560930743075,0.15,S3_TREND
2026-05-03 10:00:00+00:00,SOL,SELL,13.27780469305799,0.01327780469305799,0.15,S3_TREND
2026-05-03 11:00:00+00:00,BTC,BUY,8.198878780671293,0.008198878780671293,0.15,S3_TREND
2026-05-03 11:00:00+00:00,ETH,BUY,16.65211913645544,0.01665211913645544,0.15,S3_TREND
2026-05-03 11:00:00+00:00,SOL,BUY,27.100315371408215,0.027100315371408217,0.15,S3_TREND
2026-05-03 12:00:00+00:00,BTC,SELL,27.642519354332762,0.027642519354332762,0.15,S3_TREND
2026-05-03 12:00:00+00:00,ETH,SELL,32.50916397693072,0.032509163976930724,0.15,S3_TREND
2026-05-03 12:00:00+00:00,SOL,SELL,6.079274198818894,0.006079274198818894,0.15,S3_TREND
2026-05-03 13:00:00+00:00,BTC,SELL,4.683353458372949,0.004683353458372949,0.15,S3_TREND
2026-05-03 13:00:00+00:00,ETH,SELL,25.846245291755622,0.025846245291755623,0.15,S3_TREND
2026-05-03 13:00:00+00:00,SOL,SELL,13.775517746898913,0.013775517746898914,0.15,S3_TREND
2026-05-03 14:00:00+00:00,BTC,BUY,8.520831637608353,0.008520831637608353,0.15,S3_TREND
2026-05-03 14:00:00+00:00,ETH,BUY,16.07419624250724,0.016074196242507242,0.15,S3_TREND
2026-05-03 14:00:00+00:00,SOL,SELL,3.927585093617381,0.003927585093617381,0.15,S3_TREND
2026-05-03 15:00:00+00:00,BTC,BUY,1.5293559631663811,0.001529355963166381,0.15,S3_TREND
2026-05-03 15:00:00+00:00,ETH,SELL,23.17426730724037,0.02317426730724037,0.15,S3_TREND
2026-05-03 15:00:00+00:00,SOL,SELL,31.869352720110328,0.03186935272011033,0.15,S3_TREND
2026-05-03 16:00:00+00:00,BTC,BUY,6.100330331617442,0.006100330331617443,0.15,S3_TREND
2026-05-03 16:00:00+00:00,ETH,SELL,8.319858446051512,0.008319858446051513,0.15,S3_TREND
2026-05-03 16:00:00+00:00,SOL,BUY,28.791170196700477,0.028791170196700477,0.15,S3_TREND
2026-05-03 17:00:00+00:00,BTC,BUY,1.9335982985539886,0.0019335982985539885,0.15,S3_TREND
2026-05-03 17:00:00+00:00,SOL,BUY,1.0129656372937461,0.0010129656372937462,0.15,S3_TREND
2026-05-03 18:00:00+00:00,BTC,SELL,6.717750649049776,0.006717750649049776,0.15,S3_TREND
2026-05-03 18:00:00+00:00,ETH,SELL,15.359068363450207,0.015359068363450207,0.15,S3_TREND
2026-05-03 18:00:00+00:00,SOL,SELL,2.11342535080621,0.0021134253508062104,0.15,S3_TREND
2026-05-03 19:00:00+00:00,BTC,SELL,1.4428397746087287,0.0014428397746087287,0.15,S3_TREND
2026-05-03 19:00:00+00:00,ETH,BUY,6.521739416692071,0.006521739416692071,0.15,S3_TREND
2026-05-03 19:00:00+00:00,SOL,SELL,9.202653853837546,0.009202653853837546,0.15,S3_TREND
2026-05-03 20:00:00+00:00,BTC,BUY,3.912767733379951,0.0039127677333799515,0.15,S3_TREND
2026-05-03 20:00:00+00:00,ETH,SELL,20.998721680054587,0.020998721680054587,0.15,S3_TREND
2026-05-03 20:00:00+00:00,SOL,SELL,11.19971010043082,0.011199710100430822,0.15,S3_TREND
2026-05-03 21:00:00+00:00,BTC,SELL,30.728783171576648,0.030728783171576648,0.15,S3_TREND
2026-05-03 21:00:00+00:00,ETH,BUY,35.26883419750993,0.03526883419750993,0.15,S3_TREND
2026-05-03 21:00:00+00:00,SOL,BUY,3.0682577027910156,0.0030682577027910155,0.15,S3_TREND
2026-05-03 22:00:00+00:00,BTC,BUY,3.0521336745659937,0.0030521336745659936,0.15,S3_TREND
2026-05-03 22:00:00+00:00,ETH,BUY,20.585442532792513,0.020585442532792514,0.15,S3_TREND
2026-05-03 22:00:00+00:00,SOL,BUY,21.918148026206836,0.021918148026206837,0.15,S3_TREND
2026-05-03 23:00:00+00:00,BTC,SELL,21.95991428276284,0.021959914282762838,0.15,S3_TREND
2026-05-03 23:00:00+00:00,ETH,SELL,80.68423389081363,0.08068423389081363,0.15,S3_TREND
2026-05-03 23:00:00+00:00,SOL,SELL,49.668143690731085,0.04966814369073109,0.15,S3_TREND
2026-05-04 00:00:00+00:00,BTC,BUY,55.57222157210526,0.055572221572105264,0.15,S3_TREND
2026-05-04 00:00:00+00:00,ETH,BUY,75.52051386898529,0.0755205138689853,0.15,S3_TREND
2026-05-04 00:00:00+00:00,SOL,BUY,74.27426802051377,0.07427426802051378,0.15,S3_TREND
2026-05-04 01:00:00+00:00,BTC,SELL,3.4480490638616175,0.0034480490638616177,0.15,S3_TREND
2026-05-04 01:00:00+00:00,ETH,BUY,15.335654463478932,0.015335654463478931,0.15,S3_TREND
2026-05-04 01:00:00+00:00,SOL,BUY,15.014544887219017,0.015014544887219018,0.15,S3_TREND
2026-05-04 02:00:00+00:00,BTC,SELL,135.47018093294173,0.13547018093294172,0.15,S3_TREND
2026-05-04 02:00:00+00:00,ETH,SELL,111.30744937649071,0.11130744937649072,0.15,S3_TREND
2026-05-04 02:00:00+00:00,SOL,SELL,81.34139497902652,0.08134139497902652,0.15,S3_TREND
2026-05-04 03:00:00+00:00,BTC,SELL,28.208360376105702,0.028208360376105704,0.15,S3_TREND
2026-05-04 03:00:00+00:00,ETH,SELL,100.06769338328559,0.10006769338328558,0.15,S3_TREND
2026-05-04 03:00:00+00:00,SOL,SELL,38.64283984668873,0.03864283984668873,0.15,S3_TREND
2026-05-04 04:00:00+00:00,BTC,SELL,8.985652112181924,0.008985652112181924,0.15,S3_TREND
2026-05-04 04:00:00+00:00,ETH,SELL,46.7374421229124,0.0467374421229124,0.15,S3_TREND
2026-05-04 04:00:00+00:00,SOL,SELL,6.9196078126333305,0.006919607812633331,0.15,S3_TREND
2026-05-04 05:00:00+00:00,BTC,BUY,11.650094682929193,0.011650094682929194,0.15,S3_TREND
2026-05-04 05:00:00+00:00,ETH,SELL,16.16753888702624,0.01616753888702624,0.15,S3_TREND
2026-05-04 05:00:00+00:00,SOL,SELL,48.772315273889035,0.04877231527388903,0.15,S3_TREND
2026-05-04 06:00:00+00:00,BTC,BUY,24.646335518043998,0.024646335518044,0.15,S3_TREND
2026-05-04 06:00:00+00:00,ETH,BUY,54.38666276042386,0.05438666276042386,0.15,S3_TREND
2026-05-04 06:00:00+00:00,SOL,BUY,33.94905179277521,0.03394905179277521,0.15,S3_TREND
2026-05-04 07:00:00+00:00,BTC,BUY,2.8909979761483555,0.0028909979761483555,0.15,S3_TREND
2026-05-04 07:00:00+00:00,ETH,BUY,23.434404996714875,0.023434404996714876,0.15,S3_TREND
2026-05-04 07:00:00+00:00,SOL,BUY,62.80858915534009,0.06280858915534009,0.15,S3_TREND
2026-05-04 08:00:00+00:00,BTC,BUY,22.62620600655282,0.02262620600655282,0.15,S3_TREND
2026-05-04 08:00:00+00:00,ETH,BUY,24.154857661163987,0.024154857661163986,0.15,S3_TREND
2026-05-04 08:00:00+00:00,SOL,SELL,8.695173125028305,0.008695173125028304,0.15,S3_TREND
2026-05-04 09:00:00+00:00,BTC,SELL,6.915583028818219,0.006915583028818219,0.15,S3_TREND
2026-05-04 09:00:00+00:00,ETH,BUY,12.136225882444705,0.012136225882444706,0.15,S3_TREND
2026-05-04 09:00:00+00:00,SOL,BUY,12.345759777716012,0.012345759777716013,0.15,S3_TREND
2026-05-04 10:00:00+00:00,BTC,SELL,5.227112276277694,0.005227112276277694,0.15,S3_TREND
2026-05-04 10:00:00+00:00,ETH,SELL,34.9794649600226,0.0349794649600226,0.15,S3_TREND
2026-05-04 10:00:00+00:00,SOL,SELL,27.80809221545678,0.02780809221545678,0.15,S3_TREND
2026-05-04 11:00:00+00:00,BTC,BUY,85.60298485338353,0.08560298485338354,0.15,S3_TREND
2026-05-04 11:00:00+00:00,ETH,BUY,108.49028375405578,0.10849028375405578,0.15,S3_TREND
2026-05-04 11:00:00+00:00,SOL,BUY,93.0150794016754,0.0930150794016754,0.15,S3_TREND
2026-05-04 12:00:00+00:00,BTC,BUY,20.057365090331587,0.020057365090331587,0.15,S3_TREND
2026-05-04 12:00:00+00:00,ETH,SELL,2.1457375533682352,0.0021457375533682353,0.15,S3_TREND
2026-05-04 12:00:00+00:00,SOL,BUY,6.939526367888902,0.006939526367888902,0.15,S3_TREND
2026-05-04 13:00:00+00:00,BTC,SELL,13.654842563120837,0.013654842563120839,0.15,S3_TREND
2026-05-04 13:00:00+00:00,ETH,BUY,10.785775384510998,0.010785775384510999,0.15,S3_TREND
2026-05-04 13:00:00+00:00,SOL,BUY,10.09744971317923,0.01009744971317923,0.15,S3_TREND
2026-05-04 14:00:00+00:00,BTC,BUY,14.25988579191835,0.01425988579191835,0.15,S3_TREND
2026-05-04 14:00:00+00:00,ETH,SELL,4.278114576107328,0.004278114576107328,0.15,S3_TREND
2026-05-04 14:00:00+00:00,SOL,SELL,17.067874849091822,0.01706787484909182,0.15,S3_TREND
2026-05-04 15:00:00+00:00,BTC,SELL,164.83222349532116,0.16483222349532117,0.15,S3_TREND
2026-05-04 15:00:00+00:00,ETH,SELL,118.8174943228496,0.1188174943228496,0.15,S3_TREND
2026-05-04 15:00:00+00:00,SOL,SELL,73.36120117445716,0.07336120117445717,0.15,S3_TREND
2026-05-04 16:00:00+00:00,BTC,SELL,4.132690411612202,0.004132690411612202,0.15,S3_TREND
2026-05-04 16:00:00+00:00,ETH,BUY,92.73726956298924,0.09273726956298924,0.15,S3_TREND
2026-05-04 16:00:00+00:00,SOL,BUY,51.03922453719133,0.051039224537191334,0.15,S3_TREND
2026-05-04 17:00:00+00:00,BTC,BUY,5.616321685047296,0.005616321685047296,0.15,S3_TREND
2026-05-04 17:00:00+00:00,ETH,SELL,27.01209916312473,0.02701209916312473,0.15,S3_TREND
2026-05-04 17:00:00+00:00,SOL,BUY,3.2002436128041154,0.0032002436128041154,0.15,S3_TREND
2026-05-04 18:00:00+00:00,BTC,SELL,30.90586405147951,0.030905864051479513,0.15,S3_TREND
2026-05-04 18:00:00+00:00,ETH,SELL,56.015329058105635,0.056015329058105634,0.15,S3_TREND
2026-05-04 18:00:00+00:00,SOL,SELL,43.62746612767296,0.04362746612767296,0.15,S3_TREND
2026-05-04 19:00:00+00:00,BTC,BUY,29.362310166812676,0.029362310166812677,0.15,S3_TREND
2026-05-04 19:00:00+00:00,ETH,BUY,32.72313488853251,0.03272313488853251,0.15,S3_TREND
2026-05-04 19:00:00+00:00,SOL,BUY,13.650661818095614,0.013650661818095614,0.15,S3_TREND
2026-05-04 20:00:00+00:00,BTC,SELL,2.502228161198218,0.002502228161198218,0.15,S3_TREND
2026-05-04 20:00:00+00:00,ETH,BUY,16.520432526353034,0.016520432526353036,0.15,S3_TREND
2026-05-04 20:00:00+00:00,SOL,BUY,36.141432807506135,0.03614143280750613,0.15,S3_TREND
2026-05-04 21:00:00+00:00,BTC,BUY,2.7943973183009803,0.0027943973183009803,0.15,S3_TREND
2026-05-04 21:00:00+00:00,ETH,BUY,20.993076939321327,0.02099307693932133,0.15,S3_TREND
2026-05-04 21:00:00+00:00,SOL,BUY,43.62626941499184,0.04362626941499184,0.15,S3_TREND
2026-05-04 22:00:00+00:00,BTC,SELL,31.316247671451492,0.03131624767145149,0.15,S3_TREND
2026-05-04 22:00:00+00:00,ETH,SELL,39.16361767543276,0.03916361767543276,0.15,S3_TREND
2026-05-04 22:00:00+00:00,SOL,SELL,29.720258460041805,0.029720258460041806,0.15,S3_TREND
2026-05-04 23:00:00+00:00,BTC,BUY,18.57314196603511,0.01857314196603511,0.15,S3_TREND
2026-05-04 23:00:00+00:00,ETH,BUY,22.663884718418558,0.02266388471841856,0.15,S3_TREND
2026-05-04 23:00:00+00:00,SOL,BUY,18.24345240513867,0.01824345240513867,0.15,S3_TREND
2026-05-05 00:00:00+00:00,BTC,BUY,22.113619057508913,0.022113619057508912,0.15,S3_TREND
2026-05-05 00:00:00+00:00,ETH,BUY,30.426430891915516,0.030426430891915515,0.15,S3_TREND
2026-05-05 00:00:00+00:00,SOL,BUY,3.6531801848195755,0.0036531801848195757,0.15,S3_TREND
2026-05-05 01:00:00+00:00,BTC,SELL,31.36319378215012,0.03136319378215012,0.15,S3_TREND
2026-05-05 01:00:00+00:00,ETH,SELL,47.203177970965044,0.04720317797096504,0.15,S3_TREND
2026-05-05 01:00:00+00:00,SOL,SELL,13.032914351153522,0.013032914351153523,0.15,S3_TREND
2026-05-05 02:00:00+00:00,BTC,SELL,23.163262642829068,0.023163262642829068,0.15,S3_TREND
2026-05-05 02:00:00+00:00,ETH,SELL,8.63289109026482,0.00863289109026482,0.15,S3_TREND
2026-05-05 02:00:00+00:00,SOL,SELL,4.053370377603642,0.004053370377603642,0.15,S3_TREND
2026-05-05 03:00:00+00:00,BTC,SELL,23.17725906963096,0.02317725906963096,0.15,S3_TREND
2026-05-05 03:00:00+00:00,ETH,SELL,22.881166650589876,0.022881166650589875,0.15,S3_TREND
2026-05-05 03:00:00+00:00,SOL,SELL,3.6932507262517897,0.00369325072625179,0.15,S3_TREND
2026-05-05 04:00:00+00:00,BTC,SELL,31.74310679617702,0.03174310679617702,0.15,S3_TREND
2026-05-05 04:00:00+00:00,ETH,SELL,61.069851704110995,0.06106985170411099,0.15,S3_TREND
2026-05-05 04:00:00+00:00,SOL,SELL,15.35684376806239,0.01535684376806239,0.15,S3_TREND
2026-05-05 05:00:00+00:00,BTC,SELL,2.417307629566494,0.002417307629566494,0.15,S3_TREND
2026-05-05 05:00:00+00:00,ETH,BUY,7.42627866800467,0.00742627866800467,0.15,S3_TREND
2026-05-05 05:00:00+00:00,SOL,SELL,2.450286550050805,0.002450286550050805,0.15,S3_TREND
2026-05-05 06:00:00+00:00,BTC,SELL,7.328304452490556,0.007328304452490556,0.15,S3_TREND
2026-05-05 06:00:00+00:00,ETH,BUY,10.447706426135483,0.010447706426135482,0.15,S3_TREND
2026-05-05 06:00:00+00:00,SOL,SELL,20.974016957437925,0.020974016957437926,0.15,S3_TREND
2026-05-05 07:00:00+00:00,ETH,BUY,8.748428816781598,0.008748428816781598,0.15,S3_TREND
2026-05-05 07:00:00+00:00,SOL,SELL,9.859144921754705,0.009859144921754706,0.15,S3_TREND
2026-05-05 08:00:00+00:00,BTC,BUY,16.617751838444747,0.016617751838444748,0.15,S3_TREND
2026-05-05 08:00:00+00:00,ETH,SELL,15.233911995212111,0.015233911995212112,0.15,S3_TREND
2026-05-05 08:00:00+00:00,SOL,BUY,14.423572117819276,0.014423572117819276,0.15,S3_TREND
2026-05-05 09:00:00+00:00,ETH,BUY,16.237354597382364,0.016237354597382365,0.15,S3_TREND
2026-05-05 09:00:00+00:00,SOL,BUY,8.593907281374413,0.008593907281374413,0.15,S3_TREND
2026-05-05 10:00:00+00:00,BTC,BUY,22.478893833344046,0.022478893833344046,0.15,S3_TREND
2026-05-05 10:00:00+00:00,ETH,BUY,25.02313065062117,0.02502313065062117,0.15,S3_TREND
2026-05-05 10:00:00+00:00,SOL,BUY,23.720755101439863,0.023720755101439863,0.15,S3_TREND
2026-05-05 11:00:00+00:00,BTC,SELL,19.094654876094864,0.019094654876094866,0.15,S3_TREND
2026-05-05 11:00:00+00:00,ETH,SELL,30.37724294196596,0.030377242941965962,0.15,S3_TREND
2026-05-05 11:00:00+00:00,SOL,SELL,38.19462993956222,0.03819462993956222,0.15,S3_TREND
2026-05-05 12:00:00+00:00,BTC,SELL,26.100888280503565,0.026100888280503564,0.15,S3_TREND
2026-05-05 12:00:00+00:00,SOL,SELL,3.732323036629168,0.003732323036629168,0.15,S3_TREND
2026-05-05 13:00:00+00:00,BTC,SELL,23.965871377282383,0.023965871377282382,0.15,S3_TREND
2026-05-05 13:00:00+00:00,ETH,SELL,29.812699727794097,0.029812699727794097,0.15,S3_TREND
2026-05-05 13:00:00+00:00,SOL,SELL,34.57472600617257,0.03457472600617257,0.15,S3_TREND
2026-05-05 14:00:00+00:00,ETH,BUY,8.598598773802223,0.008598598773802223,0.15,S3_TREND
2026-05-05 14:00:00+00:00,SOL,SELL,45.13548514645845,0.04513548514645845,0.15,S3_TREND
2026-05-05 15:00:00+00:00,BTC,SELL,13.602071464671097,0.013602071464671097,0.15,S3_TREND
2026-05-05 15:00:00+00:00,ETH,BUY,47.814360446578576,0.04781436044657858,0.15,S3_TREND
2026-05-05 15:00:00+00:00,SOL,BUY,14.297823047696511,0.014297823047696511,0.15,S3_TREND
2026-05-05 16:00:00+00:00,BTC,SELL,25.755182231348954,0.025755182231348955,0.15,S3_TREND
2026-05-05 16:00:00+00:00,ETH,SELL,7.327441561990781,0.007327441561990782,0.15,S3_TREND
2026-05-05 16:00:00+00:00,SOL,BUY,3.0375425352285674,0.0030375425352285675,0.15,S3_TREND
2026-05-05 17:00:00+00:00,BTC,BUY,17.755264798133794,0.017755264798133795,0.15,S3_TREND
2026-05-05 17:00:00+00:00,ETH,BUY,69.19072369288915,0.06919072369288916,0.15,S3_TREND
2026-05-05 17:00:00+00:00,SOL,BUY,5.578201132146205,0.005578201132146205,0.15,S3_TREND
2026-05-05 18:00:00+00:00,BTC,BUY,2.996978191600647,0.0029969781916006468,0.15,S3_TREND
2026-05-05 18:00:00+00:00,ETH,BUY,19.609820378576842,0.019609820378576844,0.15,S3_TREND
2026-05-05 18:00:00+00:00,SOL,SELL,23.706951355112324,0.023706951355112325,0.15,S3_TREND
2026-05-05 19:00:00+00:00,BTC,SELL,18.060252527729972,0.018060252527729973,0.15,S3_TREND
2026-05-05 19:00:00+00:00,ETH,SELL,32.687762556606685,0.032687762556606687,0.15,S3_TREND
2026-05-05 19:00:00+00:00,SOL,SELL,44.228503212747455,0.044228503212747454,0.15,S3_TREND
2026-05-05 20:00:00+00:00,BTC,BUY,1.5813579266505258,0.0015813579266505259,0.15,S3_TREND
2026-05-05 20:00:00+00:00,ETH,BUY,20.087633444763924,0.020087633444763924,0.15,S3_TREND
2026-05-05 20:00:00+00:00,SOL,SELL,87.72439587091685,0.08772439587091685,0.15,S3_TREND
2026-05-05 21:00:00+00:00,BTC,BUY,7.6438803412202105,0.0076438803412202105,0.15,S3_TREND
2026-05-05 21:00:00+00:00,ETH,SELL,49.871391005886835,0.049871391005886834,0.15,S3_TREND
2026-05-05 21:00:00+00:00,SOL,SELL,12.282197037760852,0.012282197037760852,0.15,S3_TREND
2026-05-05 22:00:00+00:00,BTC,BUY,31.61937323622078,0.031619373236220785,0.15,S3_TREND
2026-05-05 22:00:00+00:00,ETH,BUY,31.60645324302459,0.03160645324302459,0.15,S3_TREND
2026-05-05 22:00:00+00:00,SOL,SELL,21.546981184508695,0.021546981184508696,0.15,S3_TREND
2026-05-05 23:00:00+00:00,BTC,BUY,34.39585719225397,0.03439585719225397,0.15,S3_TREND
2026-05-05 23:00:00+00:00,ETH,BUY,29.997796008672594,0.029997796008672594,0.15,S3_TREND
2026-05-05 23:00:00+00:00,SOL,BUY,4.784337459150265,0.004784337459150265,0.15,S3_TREND
2026-05-06 00:00:00+00:00,BTC,BUY,18.19515183988915,0.01819515183988915,0.15,S3_TREND
2026-05-06 00:00:00+00:00,ETH,BUY,22.801841572227204,0.022801841572227203,0.15,S3_TREND
2026-05-06 00:00:00+00:00,SOL,BUY,28.414550610756123,0.028414550610756123,0.15,S3_TREND
2026-05-06 01:00:00+00:00,BTC,SELL,13.251056070521372,0.013251056070521372,0.15,S3_TREND
2026-05-06 01:00:00+00:00,ETH,SELL,14.725858308147508,0.014725858308147509,0.15,S3_TREND
2026-05-06 01:00:00+00:00,SOL,SELL,6.004892150373053,0.006004892150373053,0.15,S3_TREND
2026-05-06 02:00:00+00:00,BTC,SELL,42.689933263649436,0.042689933263649435,0.15,S3_TREND
2026-05-06 02:00:00+00:00,ETH,SELL,21.800169220150565,0.021800169220150566,0.15,S3_TREND
2026-05-06 02:00:00+00:00,SOL,SELL,50.08213666338088,0.05008213666338088,0.15,S3_TREND
2026-05-06 03:00:00+00:00,BTC,BUY,9.147067076937674,0.009147067076937673,0.15,S3_TREND
2026-05-06 03:00:00+00:00,ETH,BUY,16.816778049178538,0.016816778049178537,0.15,S3_TREND
2026-05-06 03:00:00+00:00,SOL,SELL,9.568026527978873,0.009568026527978873,0.15,S3_TREND
2026-05-06 04:00:00+00:00,BTC,SELL,15.478133209086081,0.015478133209086082,0.15,S3_TREND
2026-05-06 04:00:00+00:00,ETH,SELL,19.84588397061088,0.01984588397061088,0.15,S3_TREND
2026-05-06 04:00:00+00:00,SOL,SELL,52.096161187153484,0.05209616118715348,0.15,S3_TREND
2026-05-06 05:00:00+00:00,BTC,BUY,14.765971779344909,0.014765971779344909,0.15,S3_TREND
2026-05-06 05:00:00+00:00,ETH,BUY,35.95146935411685,0.035951469354116854,0.15,S3_TREND
2026-05-06 05:00:00+00:00,SOL,BUY,60.449743375609614,0.06044974337560961,0.15,S3_TREND
2026-05-06 06:00:00+00:00,BTC,BUY,13.911511487965981,0.013911511487965982,0.15,S3_TREND
2026-05-06 06:00:00+00:00,ETH,BUY,20.757073239385136,0.020757073239385138,0.15,S3_TREND
2026-05-06 06:00:00+00:00,SOL,SELL,87.04389599275419,0.0870438959927542,0.15,S3_TREND
2026-05-06 07:00:00+00:00,BTC,SELL,14.666359811986693,0.014666359811986694,0.15,S3_TREND
2026-05-06 07:00:00+00:00,ETH,SELL,22.860544778664917,0.022860544778664917,0.15,S3_TREND
2026-05-06 07:00:00+00:00,SOL,SELL,3.8528393262149616,0.0038528393262149616,0.15,S3_TREND
2026-05-06 08:00:00+00:00,BTC,BUY,24.556192862817625,0.024556192862817624,0.15,S3_TREND
2026-05-06 08:00:00+00:00,ETH,SELL,3.9973779789052055,0.003997377978905206,0.15,S3_TREND
2026-05-06 08:00:00+00:00,SOL,SELL,33.417962780298694,0.033417962780298696,0.15,S3_TREND
2026-05-06 09:00:00+00:00,BTC,SELL,36.01466294651982,0.036014662946519824,0.15,S3_TREND
2026-05-06 09:00:00+00:00,ETH,SELL,70.07768668239805,0.07007768668239805,0.15,S3_TREND
2026-05-06 09:00:00+00:00,SOL,SELL,149.5905066217656,0.1495905066217656,0.15,S3_TREND
2026-05-06 10:00:00+00:00,BTC,BUY,20.592881082806343,0.020592881082806342,0.15,S3_TREND
2026-05-06 10:00:00+00:00,ETH,SELL,83.84779747397079,0.08384779747397078,0.15,S3_TREND
2026-05-06 10:00:00+00:00,SOL,SELL,46.39907309082264,0.04639907309082264,0.15,S3_TREND
2026-05-06 11:00:00+00:00,BTC,SELL,49.76769301803324,0.04976769301803324,0.15,S3_TREND
2026-05-06 11:00:00+00:00,ETH,BUY,18.807994878761747,0.01880799487876175,0.15,S3_TREND
2026-05-06 11:00:00+00:00,SOL,BUY,19.582657620887403,0.019582657620887404,0.15,S3_TREND
2026-05-06 12:00:00+00:00,BTC,SELL,23.168827153614988,0.023168827153614988,0.15,S3_TREND
2026-05-06 12:00:00+00:00,ETH,BUY,17.01369719987997,0.01701369719987997,0.15,S3_TREND
2026-05-06 12:00:00+00:00,SOL,SELL,62.390007035355666,0.06239000703535567,0.15,S3_TREND
2026-05-06 13:00:00+00:00,BTC,BUY,35.97222121485902,0.03597222121485902,0.15,S3_TREND
2026-05-06 13:00:00+00:00,ETH,BUY,14.639744098170922,0.014639744098170922,0.15,S3_TREND
2026-05-06 13:00:00+00:00,SOL,BUY,16.3137972024997,0.0163137972024997,0.15,S3_TREND
2026-05-06 14:00:00+00:00,BTC,BUY,17.355092723031703,0.017355092723031703,0.15,S3_TREND
2026-05-06 14:00:00+00:00,ETH,BUY,143.4734215927092,0.1434734215927092,0.15,S3_TREND
2026-05-06 14:00:00+00:00,SOL,BUY,137.86013371940135,0.13786013371940134,0.15,S3_TREND
2026-05-06 15:00:00+00:00,BTC,BUY,15.114414940628194,0.015114414940628195,0.15,S3_TREND
2026-05-06 15:00:00+00:00,ETH,BUY,46.83512647676616,0.046835126476766166,0.15,S3_TREND
2026-05-06 15:00:00+00:00,SOL,SELL,22.495153861606013,0.022495153861606013,0.15,S3_TREND
2026-05-06 16:00:00+00:00,BTC,SELL,13.11678277223291,0.01311678277223291,0.15,S3_TREND
2026-05-06 16:00:00+00:00,ETH,BUY,19.686677012661676,0.019686677012661677,0.15,S3_TREND
2026-05-06 16:00:00+00:00,SOL,SELL,75.86997823278762,0.07586997823278761,0.15,S3_TREND
2026-05-06 17:00:00+00:00,BTC,BUY,15.469157086510677,0.015469157086510678,0.15,S3_TREND
2026-05-06 17:00:00+00:00,ETH,BUY,8.566844838966063,0.008566844838966062,0.15,S3_TREND
2026-05-06 17:00:00+00:00,SOL,SELL,32.45990844901644,0.03245990844901644,0.15,S3_TREND
2026-05-06 18:00:00+00:00,BTC,BUY,10.806286790006197,0.010806286790006198,0.15,S3_TREND
2026-05-06 18:00:00+00:00,ETH,BUY,30.957040523233445,0.030957040523233444,0.15,S3_TREND
2026-05-06 18:00:00+00:00,SOL,BUY,36.41526334961054,0.03641526334961054,0.15,S3_TREND
2026-05-06 19:00:00+00:00,BTC,BUY,14.546140496044245,0.014546140496044245,0.15,S3_TREND
2026-05-06 19:00:00+00:00,ETH,BUY,26.054098756532767,0.026054098756532768,0.15,S3_TREND
2026-05-06 19:00:00+00:00,SOL,SELL,28.212256015516687,0.028212256015516687,0.15,S3_TREND
2026-05-06 20:00:00+00:00,BTC,SELL,6.695407742381576,0.006695407742381576,0.15,S3_TREND
2026-05-06 20:00:00+00:00,ETH,SELL,8.386635049797405,0.008386635049797406,0.15,S3_TREND
2026-05-06 20:00:00+00:00,SOL,SELL,34.40184174883689,0.03440184174883689,0.15,S3_TREND
2026-05-06 21:00:00+00:00,BTC,BUY,6.04566691081709,0.00604566691081709,0.15,S3_TREND
2026-05-06 21:00:00+00:00,ETH,SELL,16.033539791271323,0.016033539791271322,0.15,S3_TREND
2026-05-06 21:00:00+00:00,SOL,BUY,12.483076459935546,0.012483076459935547,0.15,S3_TREND
2026-05-06 22:00:00+00:00,BTC,SELL,6.610455376599931,0.006610455376599931,0.15,S3_TREND
2026-05-06 22:00:00+00:00,ETH,SELL,8.84182391734248,0.008841823917342482,0.15,S3_TREND
2026-05-06 22:00:00+00:00,SOL,SELL,34.25924806819239,0.034259248068192395,0.15,S3_TREND
2026-05-06 23:00:00+00:00,BTC,BUY,13.277013315513614,0.013277013315513614,0.15,S3_TREND
2026-05-06 23:00:00+00:00,ETH,BUY,23.01573491929412,0.02301573491929412,0.15,S3_TREND
2026-05-06 23:00:00+00:00,SOL,BUY,45.195364427854656,0.045195364427854656,0.15,S3_TREND
2026-05-07 00:00:00+00:00,BTC,SELL,10.506800087319789,0.010506800087319789,0.15,S3_TREND
2026-05-07 00:00:00+00:00,ETH,SELL,13.893621685387188,0.013893621685387188,0.15,S3_TREND
2026-05-07 00:00:00+00:00,SOL,SELL,6.455103528418476,0.006455103528418477,0.15,S3_TREND
2026-05-07 01:00:00+00:00,BTC,BUY,25.33568214042134,0.02533568214042134,0.15,S3_TREND
2026-05-07 01:00:00+00:00,ETH,BUY,80.16937138135108,0.08016937138135108,0.15,S3_TREND
2026-05-07 01:00:00+00:00,SOL,BUY,86.22287919471455,0.08622287919471455,0.15,S3_TREND
2026-05-07 02:00:00+00:00,BTC,SELL,25.59349384812049,0.025593493848120492,0.15,S3_TREND
2026-05-07 02:00:00+00:00,ETH,BUY,15.894436467078776,0.015894436467078776,0.15,S3_TREND
2026-05-07 02:00:00+00:00,SOL,BUY,3.3406425654575287,0.003340642565457529,0.15,S3_TREND
2026-05-07 03:00:00+00:00,BTC,SELL,1.087627074257398,0.0010876270742573978,0.15,S3_TREND
2026-05-07 03:00:00+00:00,ETH,BUY,23.773624380744877,0.023773624380744877,0.15,S3_TREND
2026-05-07 03:00:00+00:00,SOL,BUY,17.291242181063353,0.017291242181063354,0.15,S3_TREND
2026-05-07 04:00:00+00:00,BTC,BUY,33.468402786005754,0.033468402786005755,0.15,S3_TREND
2026-05-07 04:00:00+00:00,ETH,SELL,19.9428298289713,0.0199428298289713,0.15,S3_TREND
2026-05-07 04:00:00+00:00,SOL,BUY,47.99528662194098,0.047995286621940976,0.15,S3_TREND
2026-05-07 05:00:00+00:00,BTC,SELL,1.865426065867723,0.001865426065867723,0.15,S3_TREND
2026-05-07 05:00:00+00:00,ETH,SELL,8.00598560610706,0.00800598560610706,0.15,S3_TREND
2026-05-07 05:00:00+00:00,SOL,SELL,79.09504425889463,0.07909504425889463,0.15,S3_TREND
2026-05-07 06:00:00+00:00,BTC,SELL,6.163013093002519,0.006163013093002519,0.15,S3_TREND
2026-05-07 06:00:00+00:00,ETH,SELL,8.948493614791005,0.008948493614791005,0.15,S3_TREND
2026-05-07 06:00:00+00:00,SOL,SELL,34.55226280512761,0.03455226280512761,0.15,S3_TREND
2026-05-07 07:00:00+00:00,BTC,SELL,32.799275353685516,0.032799275353685514,0.15,S3_TREND
2026-05-07 07:00:00+00:00,ETH,SELL,7.516994453519146,0.007516994453519147,0.15,S3_TREND
2026-05-07 07:00:00+00:00,SOL,SELL,71.93419643275956,0.07193419643275957,0.15,S3_TREND
2026-05-07 08:00:00+00:00,BTC,BUY,16.718240621463337,0.016718240621463338,0.15,S3_TREND
2026-05-07 08:00:00+00:00,ETH,SELL,15.693621029977294,0.015693621029977293,0.15,S3_TREND
2026-05-07 08:00:00+00:00,SOL,SELL,115.32672554249075,0.11532672554249075,0.15,S3_TREND
2026-05-07 09:00:00+00:00,BTC,BUY,19.653315332405327,0.019653315332405327,0.15,S3_TREND
2026-05-07 09:00:00+00:00,ETH,BUY,35.95803368295492,0.03595803368295492,0.15,S3_TREND
2026-05-07 09:00:00+00:00,SOL,BUY,62.46675121725093,0.06246675121725093,0.15,S3_TREND
2026-05-07 10:00:00+00:00,BTC,BUY,38.82218657242083,0.038822186572420835,0.15,S3_TREND
2026-05-07 10:00:00+00:00,ETH,BUY,13.681367127273916,0.013681367127273915,0.15,S3_TREND
2026-05-07 10:00:00+00:00,SOL,BUY,5.4744079241190775,0.005474407924119078,0.15,S3_TREND
2026-05-07 11:00:00+00:00,BTC,BUY,2.7790676514232473,0.0027790676514232475,0.15,S3_TREND
2026-05-07 11:00:00+00:00,ETH,SELL,7329.501908016498,7.329501908016499,0.075,S6_REVERSAL
2026-05-07 11:00:00+00:00,SOL,BUY,36.16565812020599,0.03616565812020599,0.15,S3_TREND
2026-05-07 12:00:00+00:00,BTC,BUY,7.559396119317171,0.007559396119317171,0.15,S3_TREND
2026-05-07 12:00:00+00:00,ETH,SELL,4.737284612976509,0.004737284612976509,0.075,S6_REVERSAL
2026-05-07 12:00:00+00:00,SOL,SELL,53.69687367436927,0.053696873674369275,0.15,S3_TREND
2026-05-07 13:00:00+00:00,BTC,SELL,39.197539675191365,0.039197539675191365,0.15,S3_TREND
2026-05-07 13:00:00+00:00,ETH,SELL,2.4994313671231794,0.0024994313671231794,0.075,S6_REVERSAL
2026-05-07 13:00:00+00:00,SOL,SELL,18.37107622772237,0.01837107622772237,0.15,S3_TREND
2026-05-07 14:00:00+00:00,BTC,BUY,65.6784546687486,0.0656784546687486,0.15,S3_TREND
2026-05-07 14:00:00+00:00,ETH,SELL,7285.883705135312,7.285883705135312,0.0,CASH
2026-05-07 14:00:00+00:00,SOL,BUY,124.9129004407896,0.1249129004407896,0.15,S3_TREND
2026-05-07 15:00:00+00:00,BTC,BUY,37.3587553756297,0.0373587553756297,0.15,S3_TREND
2026-05-07 15:00:00+00:00,SOL,BUY,62.77323861209152,0.06277323861209153,0.15,S3_TREND
2026-05-07 16:00:00+00:00,BTC,BUY,47.80516558576892,0.047805165585768916,0.15,S3_TREND
2026-05-07 16:00:00+00:00,SOL,SELL,31.662240847361314,0.031662240847361314,0.15,S3_TREND
2026-05-07 17:00:00+00:00,BTC,BUY,16.787255242106767,0.016787255242106766,0.15,S3_TREND
2026-05-07 17:00:00+00:00,SOL,SELL,19.32342792390773,0.01932342792390773,0.15,S3_TREND
2026-05-07 18:00:00+00:00,BTC,SELL,36.74946315563284,0.036749463155632836,0.15,S3_TREND
2026-05-07 18:00:00+00:00,SOL,SELL,42.49723902616279,0.042497239026162786,0.15,S3_TREND
2026-05-07 19:00:00+00:00,BTC,SELL,21.914233739440533,0.021914233739440535,0.15,S3_TREND
2026-05-07 19:00:00+00:00,SOL,BUY,33.69634499822132,0.03369634499822132,0.15,S3_TREND
2026-05-07 20:00:00+00:00,BTC,BUY,5.115676896322839,0.005115676896322838,0.15,S3_TREND
2026-05-07 20:00:00+00:00,SOL,BUY,16.762711830708213,0.016762711830708214,0.15,S3_TREND
2026-05-07 21:00:00+00:00,BTC,BUY,31.938095385947236,0.03193809538594724,0.15,S3_TREND
2026-05-07 21:00:00+00:00,ETH,BUY,7301.517350812743,7.301517350812743,0.075,S6_REVERSAL
2026-05-07 21:00:00+00:00,SOL,BUY,46.08555014052763,0.046085550140527634,0.15,S3_TREND
2026-05-07 22:00:00+00:00,BTC,BUY,18.258087595562756,0.018258087595562758,0.15,S3_TREND
2026-05-07 22:00:00+00:00,SOL,BUY,8.331493605794094,0.008331493605794094,0.15,S3_TREND
2026-05-07 23:00:00+00:00,BTC,SELL,25.956301891466865,0.025956301891466867,0.15,S3_TREND
2026-05-07 23:00:00+00:00,ETH,BUY,6.339452865747262,0.006339452865747262,0.075,S6_REVERSAL
2026-05-07 23:00:00+00:00,SOL,SELL,12.18549941825586,0.012185499418255861,0.15,S3_TREND
2026-05-08 00:00:00+00:00,BTC,SELL,3.134532877797028,0.003134532877797028,0.15,S3_TREND
2026-05-08 00:00:00+00:00,ETH,SELL,6.484722987360328,0.006484722987360328,0.075,S6_REVERSAL
2026-05-08 00:00:00+00:00,SOL,SELL,43.599350052447335,0.04359935005244733,0.15,S3_TREND
2026-05-08 01:00:00+00:00,BTC,SELL,7281.22897323197,7.28122897323197,0.075,S6_REVERSAL
2026-05-08 01:00:00+00:00,ETH,BUY,8.108724264034208,0.008108724264034209,0.075,S6_REVERSAL
2026-05-08 01:00:00+00:00,SOL,BUY,15.677177119703629,0.01567717711970363,0.15,S3_TREND
2026-05-08 02:00:00+00:00,BTC,BUY,5.196647081911578,0.005196647081911579,0.075,S6_REVERSAL
2026-05-08 02:00:00+00:00,ETH,BUY,2.436049919630932,0.002436049919630932,0.075,S6_REVERSAL
2026-05-08 02:00:00+00:00,SOL,BUY,15.077096640588934,0.015077096640588934,0.15,S3_TREND
2026-05-08 03:00:00+00:00,BTC,BUY,18.886666070498904,0.018886666070498905,0.075,S6_REVERSAL
2026-05-08 03:00:00+00:00,ETH,BUY,14.73981825066494,0.01473981825066494,0.075,S6_REVERSAL
2026-05-08 03:00:00+00:00,SOL,BUY,4.973584929881326,0.004973584929881326,0.15,S3_TREND
2026-05-08 04:00:00+00:00,BTC,SELL,5.653207066937284,0.005653207066937284,0.075,S6_REVERSAL
2026-05-08 04:00:00+00:00,ETH,BUY,3.856591195703004,0.003856591195703004,0.075,S6_REVERSAL
2026-05-08 04:00:00+00:00,SOL,SELL,22.884984816610086,0.022884984816610086,0.15,S3_TREND
2026-05-08 05:00:00+00:00,BTC,SELL,6.538790968998001,0.006538790968998001,0.075,S6_REVERSAL
2026-05-08 05:00:00+00:00,ETH,SELL,8.69346315553048,0.008693463155530481,0.075,S6_REVERSAL
2026-05-08 05:00:00+00:00,SOL,BUY,10.856061017184402,0.010856061017184402,0.15,S3_TREND
2026-05-08 06:00:00+00:00,BTC,BUY,1.83170444289226,0.00183170444289226,0.075,S6_REVERSAL
2026-05-08 06:00:00+00:00,ETH,BUY,14.84541420309506,0.014845414203095061,0.075,S6_REVERSAL
2026-05-08 06:00:00+00:00,SOL,BUY,13.412008830864579,0.01341200883086458,0.15,S3_TREND
2026-05-08 07:00:00+00:00,BTC,BUY,6.110757662717333,0.006110757662717333,0.075,S6_REVERSAL
2026-05-08 07:00:00+00:00,ETH,BUY,1.7110238276691234,0.0017110238276691234,0.075,S6_REVERSAL
2026-05-08 07:00:00+00:00,SOL,SELL,1.3856242266829213,0.0013856242266829214,0.15,S3_TREND
2026-05-08 08:00:00+00:00,BTC,SELL,9.57631214295452,0.009576312142954522,0.075,S6_REVERSAL
2026-05-08 08:00:00+00:00,ETH,SELL,14.894268402634227,0.014894268402634227,0.075,S6_REVERSAL
2026-05-08 08:00:00+00:00,SOL,SELL,20.24298432053365,0.02024298432053365,0.15,S3_TREND
2026-05-08 09:00:00+00:00,BTC,SELL,14.867484968937788,0.014867484968937788,0.075,S6_REVERSAL
2026-05-08 09:00:00+00:00,ETH,SELL,3.224362484728772,0.003224362484728772,0.075,S6_REVERSAL
2026-05-08 09:00:00+00:00,SOL,SELL,17.253284144428108,0.01725328414442811,0.15,S3_TREND
2026-05-08 10:00:00+00:00,BTC,BUY,2.0510020583460573,0.0020510020583460573,0.075,S6_REVERSAL
2026-05-08 10:00:00+00:00,ETH,SELL,1.657350974113797,0.0016573509741137971,0.075,S6_REVERSAL
2026-05-08 10:00:00+00:00,SOL,SELL,8.241288186010934,0.008241288186010933,0.15,S3_TREND
2026-05-08 11:00:00+00:00,BTC,SELL,25.401045147372315,0.025401045147372316,0.075,S6_REVERSAL
2026-05-08 11:00:00+00:00,ETH,SELL,5.869175658439417,0.0058691756584394175,0.075,S6_REVERSAL
2026-05-08 11:00:00+00:00,SOL,SELL,21.687096274919895,0.021687096274919895,0.15,S3_TREND
2026-05-08 12:00:00+00:00,ETH,SELL,21.83230654724866,0.02183230654724866,0.075,S6_REVERSAL
2026-05-08 12:00:00+00:00,SOL,BUY,3.807665792590342,0.003807665792590342,0.15,S3_TREND
2026-05-08 13:00:00+00:00,BTC,BUY,12.819163117775133,0.012819163117775133,0.075,S6_REVERSAL
2026-05-08 13:00:00+00:00,ETH,BUY,28.457713371824866,0.028457713371824865,0.075,S6_REVERSAL
2026-05-08 13:00:00+00:00,SOL,BUY,15.84160273748057,0.01584160273748057,0.15,S3_TREND
2026-05-08 14:00:00+00:00,BTC,BUY,28.367246258851992,0.028367246258851994,0.075,S6_REVERSAL
2026-05-08 14:00:00+00:00,ETH,BUY,19.666876538705765,0.019666876538705764,0.075,S6_REVERSAL
2026-05-08 14:00:00+00:00,SOL,BUY,9.193006006957148,0.009193006006957148,0.15,S3_TREND
2026-05-08 15:00:00+00:00,BTC,SELL,30.265873869767347,0.030265873869767347,0.075,S6_REVERSAL
2026-05-08 15:00:00+00:00,ETH,SELL,13.846482232385824,0.013846482232385824,0.075,S6_REVERSAL
2026-05-08 15:00:00+00:00,SOL,SELL,103.81391943931885,0.10381391943931885,0.15,S3_TREND
2026-05-08 16:00:00+00:00,BTC,BUY,7.945070073681563,0.007945070073681563,0.075,S6_REVERSAL
2026-05-08 16:00:00+00:00,ETH,SELL,16.798889941527705,0.016798889941527704,0.075,S6_REVERSAL
2026-05-08 16:00:00+00:00,SOL,SELL,57.91843600230095,0.057918436002300955,0.15,S3_TREND
2026-05-08 17:00:00+00:00,BTC,BUY,27.924992775600913,0.027924992775600913,0.075,S6_REVERSAL
2026-05-08 17:00:00+00:00,ETH,BUY,7.3231508708004185,0.007323150870800418,0.075,S6_REVERSAL
2026-05-08 17:00:00+00:00,SOL,SELL,6.234848125130156,0.0062348481251301565,0.15,S3_TREND
2026-05-08 18:00:00+00:00,BTC,BUY,6.960776624729078,0.0069607766247290785,0.075,S6_REVERSAL
2026-05-08 18:00:00+00:00,ETH,SELL,17.15882591544596,0.01715882591544596,0.075,S6_REVERSAL
2026-05-08 18:00:00+00:00,SOL,SELL,275.34942176761433,0.27534942176761434,0.15,S3_TREND
2026-05-08 19:00:00+00:00,BTC,BUY,8.415228613479485,0.008415228613479485,0.075,S6_REVERSAL
2026-05-08 19:00:00+00:00,ETH,SELL,17.382264331100487,0.01738226433110049,0.075,S6_REVERSAL
2026-05-08 19:00:00+00:00,SOL,SELL,85.63064066445986,0.08563064066445986,0.15,S3_TREND
2026-05-08 20:00:00+00:00,BTC,SELL,4.56538357340105,0.00456538357340105,0.075,S6_REVERSAL
2026-05-08 20:00:00+00:00,ETH,SELL,3.402556970412661,0.003402556970412661,0.075,S6_REVERSAL
2026-05-08 20:00:00+00:00,SOL,SELL,36.68970645730769,0.036689706457307694,0.15,S3_TREND
2026-05-08 21:00:00+00:00,BTC,SELL,4.108133560639544,0.004108133560639544,0.075,S6_REVERSAL
2026-05-08 21:00:00+00:00,ETH,BUY,21.534381943067274,0.021534381943067275,0.075,S6_REVERSAL
2026-05-08 21:00:00+00:00,SOL,BUY,61.09259442940129,0.06109259442940129,0.15,S3_TREND
2026-05-08 22:00:00+00:00,BTC,SELL,6.938566302403159,0.006938566302403159,0.075,S6_REVERSAL
2026-05-08 22:00:00+00:00,ETH,SELL,20.368648756925722,0.020368648756925723,0.075,S6_REVERSAL
2026-05-08 22:00:00+00:00,SOL,SELL,20.184608179737552,0.02018460817973755,0.15,S3_TREND
2026-05-08 23:00:00+00:00,ETH,BUY,10.570613164999486,0.010570613164999486,0.075,S6_REVERSAL
2026-05-09 00:00:00+00:00,ETH,BUY,7.695093208626531,0.007695093208626531,0.075,S6_REVERSAL
2026-05-09 00:00:00+00:00,SOL,BUY,34.72482981729445,0.034724829817294446,0.15,S3_TREND
2026-05-09 01:00:00+00:00,BTC,BUY,2.7325824749177627,0.002732582474917763,0.075,S6_REVERSAL
2026-05-09 01:00:00+00:00,ETH,BUY,1.4609047423646189,0.0014609047423646188,0.075,S6_REVERSAL
2026-05-09 01:00:00+00:00,SOL,SELL,61.176173162259154,0.06117617316225916,0.15,S3_TREND
2026-05-09 02:00:00+00:00,BTC,BUY,6.21815746439006,0.0062181574643900605,0.075,S6_REVERSAL
2026-05-09 02:00:00+00:00,ETH,SELL,3.7285638401044707,0.0037285638401044706,0.075,S6_REVERSAL
2026-05-09 02:00:00+00:00,SOL,SELL,136.79787475489502,0.13679787475489502,0.15,S3_TREND
2026-05-09 03:00:00+00:00,BTC,SELL,7.105441671306836,0.007105441671306836,0.075,S6_REVERSAL
2026-05-09 03:00:00+00:00,ETH,SELL,7.881075783247979,0.00788107578324798,0.075,S6_REVERSAL
2026-05-09 03:00:00+00:00,SOL,BUY,3.9177659729139123,0.003917765972913913,0.15,S3_TREND
2026-05-09 04:00:00+00:00,BTC,BUY,4.117899731581019,0.004117899731581019,0.075,S6_REVERSAL
2026-05-09 04:00:00+00:00,ETH,BUY,6.545983330707713,0.006545983330707714,0.075,S6_REVERSAL
2026-05-09 04:00:00+00:00,SOL,SELL,20.075783598969792,0.020075783598969794,0.15,S3_TREND
2026-05-09 05:00:00+00:00,BTC,SELL,5.214805424433507,0.005214805424433507,0.075,S6_REVERSAL
2026-05-09 05:00:00+00:00,ETH,BUY,3.9083301708105864,0.003908330170810587,0.075,S6_REVERSAL
2026-05-09 05:00:00+00:00,SOL,BUY,53.42517822694208,0.05342517822694208,0.15,S3_TREND
2026-05-09 06:00:00+00:00,BTC,BUY,6.668485970371876,0.006668485970371876,0.075,S6_REVERSAL
2026-05-09 06:00:00+00:00,ETH,SELL,1.2430310387326244,0.0012430310387326244,0.075,S6_REVERSAL
2026-05-09 06:00:00+00:00,SOL,SELL,67.3847950996551,0.0673847950996551,0.15,S3_TREND
2026-05-09 07:00:00+00:00,BTC,BUY,7.216330566177021,0.007216330566177021,0.075,S6_REVERSAL
2026-05-09 07:00:00+00:00,ETH,SELL,1.894806486185189,0.001894806486185189,0.075,S6_REVERSAL
2026-05-09 07:00:00+00:00,SOL,BUY,26.271212895304416,0.026271212895304416,0.15,S3_TREND
2026-05-09 08:00:00+00:00,BTC,BUY,5.6597856687649255,0.005659785668764926,0.075,S6_REVERSAL
2026-05-09 08:00:00+00:00,ETH,BUY,1.355518165716603,0.0013555181657166032,0.075,S6_REVERSAL
2026-05-09 08:00:00+00:00,SOL,SELL,29.815077660417952,0.029815077660417952,0.15,S3_TREND
2026-05-09 09:00:00+00:00,BTC,SELL,15.164176318406135,0.015164176318406134,0.075,S6_REVERSAL
2026-05-09 09:00:00+00:00,ETH,SELL,6.646060666618723,0.006646060666618723,0.075,S6_REVERSAL
2026-05-09 09:00:00+00:00,SOL,BUY,10.322644500362003,0.010322644500362002,0.15,S3_TREND
2026-05-09 10:00:00+00:00,BTC,BUY,8.08103990415475,0.00808103990415475,0.075,S6_REVERSAL
2026-05-09 10:00:00+00:00,ETH,BUY,5.333277524185178,0.005333277524185178,0.075,S6_REVERSAL
2026-05-09 10:00:00+00:00,SOL,BUY,52.099538231410406,0.052099538231410406,0.15,S3_TREND
2026-05-09 11:00:00+00:00,ETH,BUY,3.5386365748099706,0.003538636574809971,0.075,S6_REVERSAL
2026-05-09 11:00:00+00:00,SOL,SELL,12.18217552992428,0.01218217552992428,0.15,S3_TREND
2026-05-09 12:00:00+00:00,BTC,SELL,4.656260337761523,0.004656260337761523,0.075,S6_REVERSAL
2026-05-09 12:00:00+00:00,ETH,SELL,2.8207914818576683,0.0028207914818576684,0.075,S6_REVERSAL
2026-05-09 12:00:00+00:00,SOL,SELL,28.762420521965396,0.028762420521965395,0.15,S3_TREND
2026-05-09 13:00:00+00:00,BTC,SELL,5.87948325817797,0.00587948325817797,0.075,S6_REVERSAL
2026-05-09 13:00:00+00:00,ETH,SELL,7.36980704407415,0.0073698070440741505,0.075,S6_REVERSAL
2026-05-09 13:00:00+00:00,SOL,BUY,23.09903195919651,0.02309903195919651,0.15,S3_TREND
2026-05-09 14:00:00+00:00,ETH,BUY,6.548361661215495,0.006548361661215495,0.075,S6_REVERSAL
2026-05-09 14:00:00+00:00,SOL,SELL,2.4913853738435137,0.002491385373843514,0.15,S3_TREND
2026-05-09 15:00:00+00:00,BTC,SELL,3.1479989878062042,0.0031479989878062044,0.075,S6_REVERSAL
2026-05-09 15:00:00+00:00,ETH,BUY,10.621302607765756,0.010621302607765757,0.075,S6_REVERSAL
2026-05-09 15:00:00+00:00,SOL,BUY,74.09582814287387,0.07409582814287387,0.15,S3_TREND
2026-05-09 16:00:00+00:00,BTC,SELL,12.816547246950906,0.012816547246950907,0.075,S6_REVERSAL
2026-05-09 16:00:00+00:00,ETH,SELL,24.77490283271345,0.02477490283271345,0.075,S6_REVERSAL
2026-05-09 16:00:00+00:00,SOL,SELL,10.364181537661352,0.010364181537661353,0.15,S3_TREND
2026-05-09 17:00:00+00:00,BTC,SELL,10.514383738860488,0.010514383738860489,0.075,S6_REVERSAL
2026-05-09 17:00:00+00:00,ETH,SELL,9.13388884453525,0.00913388884453525,0.075,S6_REVERSAL
2026-05-09 17:00:00+00:00,SOL,BUY,34.789091611790354,0.034789091611790356,0.15,S3_TREND
2026-05-09 18:00:00+00:00,BTC,SELL,8.37722085949008,0.008377220859490081,0.075,S6_REVERSAL
2026-05-09 18:00:00+00:00,ETH,SELL,21.272403106188904,0.021272403106188904,0.075,S6_REVERSAL
2026-05-09 18:00:00+00:00,SOL,SELL,52.35192597323475,0.05235192597323475,0.15,S3_TREND
2026-05-09 19:00:00+00:00,BTC,SELL,5.944522877647614,0.005944522877647614,0.075,S6_REVERSAL
2026-05-09 19:00:00+00:00,SOL,SELL,19.87847628782947,0.01987847628782947,0.15,S3_TREND
2026-05-09 20:00:00+00:00,ETH,SELL,3.0873261938877476,0.003087326193887748,0.075,S6_REVERSAL
2026-05-09 20:00:00+00:00,SOL,SELL,17.546741876643864,0.017546741876643863,0.15,S3_TREND
2026-05-09 21:00:00+00:00,BTC,BUY,6.946325235423501,0.006946325235423501,0.075,S6_REVERSAL
2026-05-09 21:00:00+00:00,ETH,BUY,4.3558825061782045,0.0043558825061782045,0.075,S6_REVERSAL
2026-05-09 21:00:00+00:00,SOL,BUY,31.72512620676207,0.03172512620676207,0.15,S3_TREND
2026-05-09 22:00:00+00:00,BTC,BUY,5.441163181250886,0.0054411631812508856,0.075,S6_REVERSAL
2026-05-09 22:00:00+00:00,ETH,SELL,2.040194869861807,0.002040194869861807,0.075,S6_REVERSAL
2026-05-09 22:00:00+00:00,SOL,SELL,33.192552394697486,0.03319255239469749,0.15,S3_TREND
2026-05-09 23:00:00+00:00,BTC,SELL,2.3684039747849965,0.0023684039747849965,0.075,S6_REVERSAL
2026-05-09 23:00:00+00:00,SOL,BUY,22.391873139711606,0.022391873139711607,0.15,S3_TREND
2026-05-10 00:00:00+00:00,BTC,BUY,5.471561646269947,0.005471561646269947,0.075,S6_REVERSAL
2026-05-10 00:00:00+00:00,ETH,BUY,7.650728506091582,0.007650728506091582,0.075,S6_REVERSAL
2026-05-10 00:00:00+00:00,SOL,BUY,25.158111498833023,0.025158111498833024,0.15,S3_TREND
2026-05-10 01:00:00+00:00,BTC,SELL,1.8108625910090268,0.0018108625910090268,0.075,S6_REVERSAL
2026-05-10 01:00:00+00:00,ETH,BUY,6.358917285957432,0.006358917285957432,0.075,S6_REVERSAL
2026-05-10 01:00:00+00:00,SOL,BUY,10.932665472808367,0.010932665472808367,0.15,S3_TREND
2026-05-10 02:00:00+00:00,BTC,SELL,1.3528504961795986,0.0013528504961795986,0.075,S6_REVERSAL
2026-05-10 02:00:00+00:00,SOL,BUY,9.401321264555008,0.009401321264555009,0.15,S3_TREND
2026-05-10 03:00:00+00:00,BTC,SELL,5.6822338912143096,0.00568223389121431,0.075,S6_REVERSAL
2026-05-10 03:00:00+00:00,ETH,SELL,10.955045164659168,0.010955045164659168,0.075,S6_REVERSAL
2026-05-10 03:00:00+00:00,SOL,SELL,8.850630151970108,0.008850630151970108,0.15,S3_TREND
2026-05-10 04:00:00+00:00,BTC,BUY,4.438980113497564,0.004438980113497564,0.075,S6_REVERSAL
2026-05-10 04:00:00+00:00,ETH,BUY,7385.463095230274,7.385463095230274,0.15,S3_TREND
2026-05-10 04:00:00+00:00,SOL,SELL,48.64297942352823,0.04864297942352823,0.15,S3_TREND
2026-05-10 05:00:00+00:00,BTC,BUY,7380.016799911519,7.38001679991152,0.15,S3_TREND
2026-05-10 05:00:00+00:00,ETH,SELL,5.364213385737458,0.005364213385737458,0.15,S3_TREND
2026-05-10 05:00:00+00:00,SOL,BUY,5.898092480385458,0.005898092480385458,0.15,S3_TREND
2026-05-10 06:00:00+00:00,BTC,BUY,6.676758643096036,0.006676758643096036,0.15,S3_TREND
2026-05-10 06:00:00+00:00,ETH,BUY,2.075496345236388,0.002075496345236388,0.15,S3_TREND
2026-05-10 07:00:00+00:00,BTC,SELL,1.556894671277405,0.001556894671277405,0.15,S3_TREND
2026-05-10 07:00:00+00:00,ETH,SELL,8.268533157794081,0.008268533157794081,0.15,S3_TREND
2026-05-10 07:00:00+00:00,SOL,SELL,7.566434935759389,0.00756643493575939,0.15,S3_TREND
2026-05-10 08:00:00+00:00,BTC,SELL,1.0252633234049426,0.0010252633234049426,0.15,S3_TREND
2026-05-10 08:00:00+00:00,ETH,BUY,11.747695947888133,0.011747695947888133,0.15,S3_TREND
2026-05-10 08:00:00+00:00,SOL,SELL,8.508888262706023,0.008508888262706023,0.15,S3_TREND
2026-05-10 09:00:00+00:00,BTC,BUY,2.218514306119687,0.002218514306119687,0.15,S3_TREND
2026-05-10 09:00:00+00:00,ETH,BUY,1.7026557882109046,0.0017026557882109047,0.15,S3_TREND
2026-05-10 09:00:00+00:00,SOL,SELL,75.29185842497463,0.07529185842497464,0.15,S3_TREND
2026-05-10 10:00:00+00:00,BTC,BUY,7.523532293027529,0.007523532293027529,0.15,S3_TREND
2026-05-10 10:00:00+00:00,ETH,BUY,15.670451714700903,0.015670451714700905,0.15,S3_TREND
2026-05-10 10:00:00+00:00,SOL,SELL,35.84948224190157,0.03584948224190157,0.15,S3_TREND
2026-05-10 11:00:00+00:00,BTC,SELL,23.4654795707047,0.023465479570704703,0.15,S3_TREND
2026-05-10 11:00:00+00:00,ETH,BUY,6.166915778148905,0.006166915778148905,0.15,S3_TREND
2026-05-10 11:00:00+00:00,SOL,BUY,59.11204545138571,0.059112045451385715,0.15,S3_TREND
2026-05-10 12:00:00+00:00,BTC,SELL,1.665103444693159,0.001665103444693159,0.15,S3_TREND
2026-05-10 12:00:00+00:00,ETH,BUY,6.959263982544144,0.0069592639825441435,0.15,S3_TREND
2026-05-10 12:00:00+00:00,SOL,BUY,35.94021243423049,0.03594021243423049,0.15,S3_TREND
2026-05-10 13:00:00+00:00,BTC,SELL,20.995247082846614,0.020995247082846613,0.15,S3_TREND
2026-05-10 13:00:00+00:00,ETH,SELL,11.26927879888899,0.01126927879888899,0.15,S3_TREND
2026-05-10 13:00:00+00:00,SOL,BUY,37.89114370911739,0.037891143709117385,0.15,S3_TREND
2026-05-10 14:00:00+00:00,BTC,BUY,9.262749023089782,0.009262749023089782,0.15,S3_TREND
2026-05-10 14:00:00+00:00,ETH,SELL,18.789487205680416,0.018789487205680418,0.15,S3_TREND
2026-05-10 14:00:00+00:00,SOL,SELL,53.89352637814227,0.05389352637814227,0.15,S3_TREND
2026-05-10 15:00:00+00:00,BTC,BUY,1.245358326648784,0.001245358326648784,0.15,S3_TREND
2026-05-10 15:00:00+00:00,ETH,SELL,2.3639541258671666,0.0023639541258671667,0.15,S3_TREND
2026-05-10 15:00:00+00:00,SOL,SELL,15.87379713147493,0.01587379713147493,0.15,S3_TREND
2026-05-10 16:00:00+00:00,BTC,SELL,35.41866697997648,0.035418666979976476,0.15,S3_TREND
2026-05-10 16:00:00+00:00,ETH,SELL,62.969128401589835,0.06296912840158983,0.15,S3_TREND
2026-05-10 16:00:00+00:00,SOL,SELL,58.077592045687204,0.05807759204568721,0.15,S3_TREND
2026-05-10 17:00:00+00:00,BTC,BUY,15.721693984054582,0.015721693984054583,0.15,S3_TREND
2026-05-10 17:00:00+00:00,ETH,SELL,6.859390019726561,0.0068593900197265615,0.15,S3_TREND
2026-05-10 17:00:00+00:00,SOL,SELL,40.124384860273494,0.0401243848602735,0.15,S3_TREND
2026-05-10 18:00:00+00:00,BTC,BUY,36.89020627611171,0.03689020627611171,0.15,S3_TREND
2026-05-10 18:00:00+00:00,ETH,SELL,34.37346483293004,0.034373464832930044,0.15,S3_TREND
2026-05-10 18:00:00+00:00,SOL,SELL,203.28314262157798,0.20328314262157798,0.15,S3_TREND
2026-05-10 19:00:00+00:00,BTC,BUY,25.01408885384808,0.02501408885384808,0.15,S3_TREND
2026-05-10 19:00:00+00:00,ETH,BUY,22.837789610119216,0.022837789610119216,0.15,S3_TREND
2026-05-10 19:00:00+00:00,SOL,SELL,3.0401103252952453,0.0030401103252952455,0.15,S3_TREND
2026-05-10 20:00:00+00:00,BTC,SELL,18.253069178894293,0.018253069178894292,0.15,S3_TREND
2026-05-10 20:00:00+00:00,ETH,SELL,32.103910845815335,0.032103910845815334,0.15,S3_TREND
2026-05-10 20:00:00+00:00,SOL,BUY,5.932403449551202,0.005932403449551203,0.15,S3_TREND
2026-05-10 21:00:00+00:00,BTC,BUY,29.124379998966106,0.029124379998966107,0.15,S3_TREND
2026-05-10 21:00:00+00:00,ETH,BUY,132.07834243875914,0.13207834243875913,0.15,S3_TREND
2026-05-10 21:00:00+00:00,SOL,BUY,203.0653548094906,0.20306535480949062,0.15,S3_TREND
2026-05-10 22:00:00+00:00,BTC,BUY,17.263534487303332,0.017263534487303334,0.15,S3_TREND
2026-05-10 22:00:00+00:00,ETH,BUY,1.735483656229917,0.001735483656229917,0.15,S3_TREND
2026-05-10 22:00:00+00:00,SOL,SELL,72.98633858669564,0.07298633858669563,0.15,S3_TREND
2026-05-10 23:00:00+00:00,BTC,SELL,138.0949517562749,0.1380949517562749,0.15,S3_TREND
2026-05-10 23:00:00+00:00,ETH,SELL,168.31551539743487,0.16831551539743486,0.15,S3_TREND
2026-05-10 23:00:00+00:00,SOL,SELL,77.47487132617789,0.07747487132617789,0.15,S3_TREND
2026-05-11 00:00:00+00:00,BTC,SELL,22.889257199269196,0.022889257199269195,0.15,S3_TREND
2026-05-11 00:00:00+00:00,ETH,BUY,23.0152990409224,0.0230152990409224,0.15,S3_TREND
2026-05-11 00:00:00+00:00,SOL,SELL,26.880544560566705,0.026880544560566703,0.15,S3_TREND
2026-05-11 01:00:00+00:00,BTC,BUY,80.55649493684905,0.08055649493684905,0.15,S3_TREND
2026-05-11 01:00:00+00:00,ETH,BUY,65.37583850062038,0.06537583850062037,0.15,S3_TREND
2026-05-11 01:00:00+00:00,SOL,BUY,50.097188299232585,0.050097188299232584,0.15,S3_TREND
2026-05-11 02:00:00+00:00,BTC,BUY,7.131969309230044,0.0071319693092300445,0.15,S3_TREND
2026-05-11 02:00:00+00:00,ETH,SELL,26.32365679162467,0.026323656791624673,0.15,S3_TREND
2026-05-11 02:00:00+00:00,SOL,SELL,27.618191719619062,0.027618191719619063,0.15,S3_TREND
2026-05-11 03:00:00+00:00,BTC,BUY,21.736494505472365,0.021736494505472364,0.15,S3_TREND
2026-05-11 03:00:00+00:00,ETH,BUY,43.893067820759825,0.04389306782075983,0.15,S3_TREND
2026-05-11 03:00:00+00:00,SOL,BUY,77.16367432408697,0.07716367432408697,0.15,S3_TREND
2026-05-11 04:00:00+00:00,BTC,BUY,40.5646251735252,0.0405646251735252,0.15,S3_TREND
2026-05-11 04:00:00+00:00,ETH,BUY,55.273079309987224,0.055273079309987226,0.15,S3_TREND
2026-05-11 04:00:00+00:00,SOL,BUY,45.46926358879682,0.04546926358879682,0.15,S3_TREND
2026-05-11 05:00:00+00:00,BTC,SELL,6.724246071060406,0.006724246071060406,0.15,S3_TREND
2026-05-11 05:00:00+00:00,ETH,SELL,5.023944729447976,0.005023944729447976,0.15,S3_TREND
2026-05-11 05:00:00+00:00,SOL,SELL,23.272849760352983,0.023272849760352984,0.15,S3_TREND
2026-05-11 06:00:00+00:00,BTC,BUY,18.416123095985313,0.018416123095985313,0.15,S3_TREND
2026-05-11 06:00:00+00:00,ETH,BUY,4.348401925701182,0.004348401925701182,0.15,S3_TREND
2026-05-11 06:00:00+00:00,SOL,SELL,95.51660648030884,0.09551660648030884,0.15,S3_TREND
2026-05-11 07:00:00+00:00,BTC,SELL,5.132541949127698,0.005132541949127698,0.15,S3_TREND
2026-05-11 07:00:00+00:00,ETH,BUY,4.554594457402345,0.0045545944574023455,0.15,S3_TREND
2026-05-11 07:00:00+00:00,SOL,BUY,25.653438455603464,0.025653438455603465,0.15,S3_TREND
2026-05-11 08:00:00+00:00,BTC,BUY,6.320196417202169,0.006320196417202169,0.15,S3_TREND
2026-05-11 08:00:00+00:00,ETH,BUY,9.87112153004091,0.009871121530040909,0.15,S3_TREND
2026-05-11 08:00:00+00:00,SOL,BUY,16.02705790982145,0.01602705790982145,0.15,S3_TREND
2026-05-11 09:00:00+00:00,BTC,SELL,17.415893720344684,0.017415893720344685,0.15,S3_TREND
2026-05-11 09:00:00+00:00,ETH,SELL,11.914807745226426,0.011914807745226427,0.15,S3_TREND
2026-05-11 09:00:00+00:00,SOL,BUY,74.61690881639697,0.07461690881639697,0.15,S3_TREND
2026-05-11 10:00:00+00:00,BTC,SELL,13.441086464286855,0.013441086464286855,0.15,S3_TREND
2026-05-11 10:00:00+00:00,ETH,SELL,12.547861672357612,0.012547861672357613,0.15,S3_TREND
2026-05-11 10:00:00+00:00,SOL,SELL,58.232197274603095,0.0582321972746031,0.15,S3_TREND
2026-05-11 11:00:00+00:00,BTC,SELL,7.317554064376964,0.007317554064376963,0.15,S3_TREND
2026-05-11 11:00:00+00:00,ETH,BUY,26.765521501420153,0.026765521501420152,0.15,S3_TREND
2026-05-11 11:00:00+00:00,SOL,BUY,25.13575990283607,0.02513575990283607,0.15,S3_TREND
2026-05-11 12:00:00+00:00,BTC,SELL,29.693562798407584,0.029693562798407583,0.15,S3_TREND
2026-05-11 12:00:00+00:00,ETH,SELL,19.99280221943809,0.01999280221943809,0.15,S3_TREND
2026-05-11 12:00:00+00:00,SOL,SELL,13.841520641868557,0.013841520641868558,0.15,S3_TREND
2026-05-11 13:00:00+00:00,BTC,BUY,5.347460001694344,0.005347460001694344,0.15,S3_TREND
2026-05-11 13:00:00+00:00,ETH,BUY,19.286527391230265,0.019286527391230265,0.15,S3_TREND
2026-05-11 13:00:00+00:00,SOL,BUY,50.94974975729383,0.050949749757293834,0.15,S3_TREND
2026-05-11 14:00:00+00:00,ETH,BUY,49.19095882455804,0.04919095882455804,0.15,S3_TREND
2026-05-11 14:00:00+00:00,SOL,SELL,62.14342295174901,0.06214342295174901,0.15,S3_TREND
2026-05-11 15:00:00+00:00,BTC,BUY,12.156904105382637,0.012156904105382636,0.15,S3_TREND
2026-05-11 15:00:00+00:00,ETH,BUY,27.395423613073945,0.027395423613073944,0.15,S3_TREND
2026-05-11 15:00:00+00:00,SOL,SELL,3.554870428813956,0.003554870428813956,0.15,S3_TREND
2026-05-11 16:00:00+00:00,BTC,SELL,22.69066028094494,0.02269066028094494,0.15,S3_TREND
2026-05-11 16:00:00+00:00,ETH,SELL,41.25985441334706,0.04125985441334706,0.15,S3_TREND
2026-05-11 16:00:00+00:00,SOL,SELL,182.9598603256727,0.1829598603256727,0.15,S3_TREND
2026-05-11 17:00:00+00:00,BTC,SELL,11.051803693855618,0.011051803693855618,0.15,S3_TREND
2026-05-11 17:00:00+00:00,ETH,BUY,36.16855988909629,0.036168559889096286,0.15,S3_TREND
2026-05-11 17:00:00+00:00,SOL,SELL,71.7982439385396,0.0717982439385396,0.15,S3_TREND
2026-05-11 18:00:00+00:00,BTC,SELL,40.14945694733797,0.040149456947337965,0.15,S3_TREND
2026-05-11 18:00:00+00:00,ETH,SELL,17.727570947839922,0.017727570947839923,0.15,S3_TREND
2026-05-11 18:00:00+00:00,SOL,SELL,39.25801428086379,0.03925801428086379,0.15,S3_TREND
2026-05-11 19:00:00+00:00,ETH,SELL,5.857074402514628,0.005857074402514628,0.15,S3_TREND
2026-05-11 19:00:00+00:00,SOL,BUY,58.63489071656113,0.05863489071656113,0.15,S3_TREND
2026-05-11 20:00:00+00:00,BTC,BUY,9.99556033713452,0.00999556033713452,0.15,S3_TREND
2026-05-11 20:00:00+00:00,ETH,SELL,4.122421577891146,0.004122421577891146,0.15,S3_TREND
2026-05-11 20:00:00+00:00,SOL,SELL,109.40056594133601,0.10940056594133601,0.15,S3_TREND
2026-05-11 21:00:00+00:00,BTC,BUY,7.074591658929421,0.007074591658929421,0.15,S3_TREND
2026-05-11 21:00:00+00:00,ETH,SELL,4.048008750945883,0.004048008750945882,0.15,S3_TREND
2026-05-11 21:00:00+00:00,SOL,BUY,64.97484385115058,0.06497484385115058,0.15,S3_TREND
2026-05-11 22:00:00+00:00,BTC,SELL,2.8615344934532914,0.0028615344934532915,0.15,S3_TREND
2026-05-11 22:00:00+00:00,ETH,SELL,19.082167290656795,0.019082167290656794,0.15,S3_TREND
2026-05-11 22:00:00+00:00,SOL,BUY,32.259752259711604,0.0322597522597116,0.15,S3_TREND
2026-05-11 23:00:00+00:00,BTC,BUY,4.21263983249446,0.00421263983249446,0.15,S3_TREND
2026-05-11 23:00:00+00:00,ETH,BUY,1.9501363601284538,0.0019501363601284539,0.15,S3_TREND
2026-05-11 23:00:00+00:00,SOL,SELL,30.16735958265599,0.03016735958265599,0.15,S3_TREND
2026-05-12 00:00:00+00:00,BTC,BUY,5.766651605041261,0.005766651605041261,0.15,S3_TREND
2026-05-12 00:00:00+00:00,SOL,BUY,32.42394474775756,0.03242394474775756,0.15,S3_TREND
2026-05-12 01:00:00+00:00,BTC,BUY,28.881621100339544,0.028881621100339545,0.15,S3_TREND
2026-05-12 01:00:00+00:00,ETH,BUY,32.273890256194136,0.032273890256194135,0.15,S3_TREND
2026-05-12 01:00:00+00:00,SOL,SELL,33.63544631359218,0.033635446313592186,0.15,S3_TREND
2026-05-12 02:00:00+00:00,BTC,BUY,3.87568052435563,0.00387568052435563,0.15,S3_TREND
2026-05-12 02:00:00+00:00,ETH,BUY,81.93346422123977,0.08193346422123977,0.15,S3_TREND
2026-05-12 02:00:00+00:00,SOL,BUY,131.4600392945904,0.13146003929459038,0.15,S3_TREND
2026-05-12 03:00:00+00:00,BTC,BUY,2.4157412509375717,0.002415741250937572,0.15,S3_TREND
2026-05-12 03:00:00+00:00,ETH,SELL,17.116292188989974,0.017116292188989975,0.15,S3_TREND
2026-05-12 03:00:00+00:00,SOL,SELL,28.3478902508341,0.0283478902508341,0.15,S3_TREND
2026-05-12 04:00:00+00:00,BTC,BUY,13.934455029037053,0.013934455029037054,0.15,S3_TREND
2026-05-12 04:00:00+00:00,ETH,BUY,20.865326873245067,0.020865326873245067,0.15,S3_TREND
2026-05-12 04:00:00+00:00,SOL,BUY,42.034578344086185,0.042034578344086186,0.15,S3_TREND
2026-05-12 05:00:00+00:00,BTC,SELL,21.347600123335724,0.021347600123335725,0.15,S3_TREND
2026-05-12 05:00:00+00:00,ETH,BUY,1.76655037324781,0.00176655037324781,0.15,S3_TREND
2026-05-12 05:00:00+00:00,SOL,SELL,23.66891550091532,0.02366891550091532,0.15,S3_TREND
2026-05-12 06:00:00+00:00,BTC,BUY,6.556625110397363,0.006556625110397363,0.15,S3_TREND
2026-05-12 06:00:00+00:00,ETH,BUY,8.710666950371888,0.008710666950371888,0.15,S3_TREND
2026-05-12 06:00:00+00:00,SOL,SELL,28.667853844926867,0.028667853844926868,0.15,S3_TREND
2026-05-12 07:00:00+00:00,BTC,BUY,16.529903422659117,0.016529903422659118,0.15,S3_TREND
2026-05-12 07:00:00+00:00,ETH,BUY,19.71546366624534,0.019715463666245343,0.15,S3_TREND
2026-05-12 07:00:00+00:00,SOL,BUY,38.072149290976085,0.03807214929097608,0.15,S3_TREND
2026-05-12 08:00:00+00:00,BTC,BUY,12.535929814734118,0.012535929814734118,0.15,S3_TREND
2026-05-12 08:00:00+00:00,ETH,BUY,39.757252126802996,0.039757252126803,0.15,S3_TREND
2026-05-12 08:00:00+00:00,SOL,BUY,6.923099980782354,0.006923099980782354,0.15,S3_TREND
2026-05-12 09:00:00+00:00,BTC,SELL,12.775221680734832,0.012775221680734833,0.15,S3_TREND
2026-05-12 09:00:00+00:00,ETH,BUY,29.591063055731865,0.029591063055731864,0.15,S3_TREND
2026-05-12 09:00:00+00:00,SOL,BUY,44.79245468179579,0.04479245468179579,0.15,S3_TREND
2026-05-12 10:00:00+00:00,BTC,BUY,8.644143360965245,0.008644143360965246,0.15,S3_TREND
2026-05-12 10:00:00+00:00,ETH,SELL,23.740103352949518,0.02374010335294952,0.15,S3_TREND
2026-05-12 10:00:00+00:00,SOL,SELL,12.564436334074344,0.012564436334074345,0.15,S3_TREND
2026-05-12 11:00:00+00:00,BTC,BUY,2.068334655903527,0.002068334655903527,0.15,S3_TREND
2026-05-12 11:00:00+00:00,ETH,BUY,13.587212462867683,0.013587212462867683,0.15,S3_TREND
2026-05-12 11:00:00+00:00,SOL,BUY,91.23886152683917,0.09123886152683917,0.15,S3_TREND
2026-05-12 12:00:00+00:00,BTC,SELL,18.35274614289301,0.018352746142893013,0.15,S3_TREND
2026-05-12 12:00:00+00:00,ETH,SELL,1.9078372596723057,0.0019078372596723057,0.15,S3_TREND
2026-05-12 12:00:00+00:00,SOL,BUY,7.979872527790576,0.007979872527790576,0.15,S3_TREND
2026-05-12 13:00:00+00:00,BTC,SELL,7.257429246343236,0.007257429246343236,0.15,S3_TREND
2026-05-12 13:00:00+00:00,ETH,SELL,2.2314729902209365,0.0022314729902209365,0.15,S3_TREND
2026-05-12 13:00:00+00:00,SOL,SELL,28.4994276665584,0.0284994276665584,0.15,S3_TREND
2026-05-12 14:00:00+00:00,BTC,BUY,36.00631540584254,0.036006315405842544,0.15,S3_TREND
2026-05-12 14:00:00+00:00,ETH,BUY,69.90774825897824,0.06990774825897825,0.15,S3_TREND
2026-05-12 14:00:00+00:00,SOL,BUY,39.45054788991183,0.039450547889911834,0.15,S3_TREND
2026-05-12 15:00:00+00:00,BTC,SELL,17.859675791209156,0.017859675791209156,0.15,S3_TREND
2026-05-12 15:00:00+00:00,ETH,BUY,13.737720934348545,0.013737720934348545,0.15,S3_TREND
2026-05-12 15:00:00+00:00,SOL,BUY,20.403961068879653,0.020403961068879654,0.15,S3_TREND
2026-05-12 16:00:00+00:00,BTC,BUY,8.215783927806115,0.008215783927806114,0.15,S3_TREND
2026-05-12 16:00:00+00:00,ETH,SELL,7329.730117290932,7.329730117290932,0.075,S6_REVERSAL
2026-05-12 16:00:00+00:00,SOL,BUY,79.93887678302963,0.07993887678302963,0.15,S3_TREND
2026-05-12 17:00:00+00:00,BTC,BUY,51.858783841888,0.051858783841888,0.15,S3_TREND
2026-05-12 17:00:00+00:00,ETH,SELL,11.203740745705545,0.011203740745705546,0.075,S6_REVERSAL
2026-05-12 17:00:00+00:00,SOL,SELL,8.041586600696974,0.008041586600696973,0.15,S3_TREND
2026-05-12 18:00:00+00:00,BTC,SELL,60.41059910935837,0.06041059910935837,0.15,S3_TREND
2026-05-12 18:00:00+00:00,ETH,SELL,23.19154889954916,0.02319154889954916,0.075,S6_REVERSAL
2026-05-12 18:00:00+00:00,SOL,SELL,68.39741893197606,0.06839741893197607,0.15,S3_TREND
2026-05-12 19:00:00+00:00,BTC,SELL,21.071916017004696,0.021071916017004696,0.15,S3_TREND
2026-05-12 19:00:00+00:00,ETH,SELL,5.456649621076394,0.005456649621076394,0.075,S6_REVERSAL
2026-05-12 19:00:00+00:00,SOL,SELL,1.176476333372193,0.001176476333372193,0.15,S3_TREND
2026-05-12 20:00:00+00:00,BTC,SELL,13.024768123475951,0.01302476812347595,0.15,S3_TREND
2026-05-12 20:00:00+00:00,ETH,SELL,10.962994666954728,0.010962994666954728,0.075,S6_REVERSAL
2026-05-12 20:00:00+00:00,SOL,SELL,40.58660810068977,0.04058660810068977,0.15,S3_TREND
2026-05-12 21:00:00+00:00,BTC,BUY,17.468343460983306,0.017468343460983304,0.15,S3_TREND
2026-05-12 21:00:00+00:00,ETH,SELL,3.730098106989317,0.003730098106989317,0.075,S6_REVERSAL
2026-05-12 21:00:00+00:00,SOL,BUY,18.625661655141812,0.018625661655141814,0.15,S3_TREND
2026-05-12 22:00:00+00:00,BTC,BUY,15.520635626506191,0.015520635626506192,0.15,S3_TREND
2026-05-12 22:00:00+00:00,ETH,SELL,3.3921544668701245,0.0033921544668701247,0.075,S6_REVERSAL
2026-05-12 22:00:00+00:00,SOL,BUY,6.425366287841825,0.006425366287841826,0.15,S3_TREND
2026-05-12 23:00:00+00:00,BTC,SELL,12.44238533679709,0.01244238533679709,0.15,S3_TREND
2026-05-12 23:00:00+00:00,ETH,BUY,9.98065032921022,0.00998065032921022,0.075,S6_REVERSAL
2026-05-12 23:00:00+00:00,SOL,BUY,1.7264682778913993,0.0017264682778913994,0.15,S3_TREND
2026-05-13 00:00:00+00:00,BTC,BUY,10.91983030188021,0.01091983030188021,0.15,S3_TREND
2026-05-13 00:00:00+00:00,ETH,BUY,15.3678179959943,0.015367817995994302,0.075,S6_REVERSAL
2026-05-13 00:00:00+00:00,SOL,BUY,43.85452599320524,0.043854525993205246,0.15,S3_TREND
2026-05-13 01:00:00+00:00,BTC,SELL,7390.344996353372,7.390344996353372,0.075,S6_REVERSAL
2026-05-13 01:00:00+00:00,ETH,SELL,14.452481841505687,0.014452481841505688,0.075,S6_REVERSAL
2026-05-13 01:00:00+00:00,SOL,SELL,17.49389615171458,0.01749389615171458,0.15,S3_TREND
2026-05-13 02:00:00+00:00,BTC,SELL,14.403325226357083,0.014403325226357084,0.075,S6_REVERSAL
2026-05-13 02:00:00+00:00,ETH,SELL,15.338587986502718,0.015338587986502719,0.075,S6_REVERSAL
2026-05-13 02:00:00+00:00,SOL,SELL,88.50478736116565,0.08850478736116565,0.15,S3_TREND
2026-05-13 03:00:00+00:00,BTC,SELL,2.28476339075587,0.0022847633907558704,0.075,S6_REVERSAL
2026-05-13 03:00:00+00:00,ETH,SELL,11.16242713574502,0.01116242713574502,0.075,S6_REVERSAL
2026-05-13 03:00:00+00:00,SOL,SELL,2.752961401709399,0.002752961401709399,0.15,S3_TREND
2026-05-13 04:00:00+00:00,BTC,SELL,11.249234297783914,0.011249234297783914,0.075,S6_REVERSAL
2026-05-13 04:00:00+00:00,ETH,SELL,18.034789972383805,0.018034789972383804,0.075,S6_REVERSAL
2026-05-13 04:00:00+00:00,SOL,SELL,35.66849608150187,0.03566849608150187,0.15,S3_TREND
2026-05-13 05:00:00+00:00,BTC,BUY,1.8836102906734595,0.0018836102906734597,0.075,S6_REVERSAL
2026-05-13 05:00:00+00:00,ETH,SELL,7401.377086263586,7.401377086263586,0.0,CASH
2026-05-13 05:00:00+00:00,SOL,BUY,11.309627018055835,0.011309627018055836,0.15,S3_TREND
2026-05-13 06:00:00+00:00,BTC,BUY,14.602038312732475,0.014602038312732475,0.075,S6_REVERSAL
2026-05-13 06:00:00+00:00,SOL,BUY,26.239570296595048,0.026239570296595047,0.15,S3_TREND
2026-05-13 07:00:00+00:00,BTC,BUY,1.9679722795353882,0.0019679722795353885,0.075,S6_REVERSAL
2026-05-13 07:00:00+00:00,SOL,BUY,15.254895888992905,0.015254895888992906,0.15,S3_TREND
2026-05-13 08:00:00+00:00,BTC,SELL,3.951250236413216,0.003951250236413216,0.075,S6_REVERSAL
2026-05-13 09:00:00+00:00,BTC,SELL,9.289994213099817,0.009289994213099817,0.075,S6_REVERSAL
2026-05-13 09:00:00+00:00,SOL,SELL,53.74463178920997,0.05374463178920997,0.15,S3_TREND
2026-05-13 10:00:00+00:00,BTC,SELL,6.126570011173499,0.006126570011173498,0.075,S6_REVERSAL
2026-05-13 10:00:00+00:00,SOL,SELL,19.737031272106833,0.019737031272106832,0.15,S3_TREND
2026-05-13 11:00:00+00:00,BTC,BUY,29.78442529622407,0.029784425296224073,0.075,S6_REVERSAL
2026-05-13 11:00:00+00:00,SOL,BUY,115.44203666056819,0.1154420366605682,0.15,S3_TREND
2026-05-13 12:00:00+00:00,BTC,BUY,20.486458893938106,0.020486458893938107,0.075,S6_REVERSAL
2026-05-13 12:00:00+00:00,SOL,BUY,57.91856342324718,0.05791856342324718,0.15,S3_TREND
2026-05-13 13:00:00+00:00,BTC,BUY,11.667862355567195,0.011667862355567195,0.075,S6_REVERSAL
2026-05-13 13:00:00+00:00,SOL,BUY,149.89730447729744,0.14989730447729743,0.15,S3_TREND
2026-05-13 14:00:00+00:00,BTC,BUY,35.9298050186535,0.0359298050186535,0.075,S6_REVERSAL
2026-05-13 14:00:00+00:00,SOL,BUY,110.49376934416978,0.11049376934416978,0.15,S3_TREND
2026-05-13 15:00:00+00:00,BTC,SELL,14.732798286595425,0.014732798286595426,0.075,S6_REVERSAL
2026-05-13 15:00:00+00:00,SOL,BUY,71.63712833729005,0.07163712833729005,0.15,S3_TREND
2026-05-13 16:00:00+00:00,BTC,SELL,7246.084228501383,7.246084228501384,0.0,CASH
2026-05-13 16:00:00+00:00,SOL,SELL,7139.8275843076935,7.139827584307693,0.075,S6_REVERSAL
2026-05-13 17:00:00+00:00,BTC,BUY,7310.584358089373,7.310584358089374,0.075,S6_REVERSAL
2026-05-13 17:00:00+00:00,SOL,SELL,33.97467936310659,0.03397467936310659,0.075,S6_REVERSAL
2026-05-13 18:00:00+00:00,BTC,SELL,35.12482699886914,0.03512482699886914,0.075,S6_REVERSAL
2026-05-13 19:00:00+00:00,BTC,SELL,6.897968713161389,0.006897968713161389,0.075,S6_REVERSAL
2026-05-13 19:00:00+00:00,SOL,SELL,1.6267770024096535,0.0016267770024096535,0.075,S6_REVERSAL
2026-05-13 20:00:00+00:00,BTC,SELL,3.641760505847742,0.003641760505847742,0.075,S6_REVERSAL
2026-05-13 20:00:00+00:00,SOL,SELL,1.183643840620789,0.001183643840620789,0.075,S6_REVERSAL
2026-05-13 21:00:00+00:00,BTC,SELL,2.9939973232822013,0.0029939973232822013,0.075,S6_REVERSAL
2026-05-13 21:00:00+00:00,SOL,SELL,21.92750486190471,0.021927504861904708,0.075,S6_REVERSAL
2026-05-13 22:00:00+00:00,BTC,BUY,23.40288131098987,0.02340288131098987,0.075,S6_REVERSAL
2026-05-13 22:00:00+00:00,SOL,BUY,23.8880107985633,0.0238880107985633,0.075,S6_REVERSAL
2026-05-13 23:00:00+00:00,SOL,SELL,19.887426834406142,0.01988742683440614,0.075,S6_REVERSAL
2026-05-14 00:00:00+00:00,BTC,BUY,8.858955170693662,0.008858955170693662,0.075,S6_REVERSAL
2026-05-14 01:00:00+00:00,BTC,SELL,22.480788669416143,0.022480788669416142,0.075,S6_REVERSAL
2026-05-14 01:00:00+00:00,SOL,SELL,1.9215206874123396,0.0019215206874123396,0.075,S6_REVERSAL
2026-05-14 02:00:00+00:00,BTC,SELL,2.3951855633040395,0.0023951855633040395,0.075,S6_REVERSAL
2026-05-14 02:00:00+00:00,SOL,BUY,3.877247097383588,0.003877247097383588,0.075,S6_REVERSAL
2026-05-14 03:00:00+00:00,BTC,BUY,16.430830385514128,0.016430830385514128,0.075,S6_REVERSAL
2026-05-14 03:00:00+00:00,SOL,BUY,41.436179081881164,0.041436179081881165,0.075,S6_REVERSAL
2026-05-14 04:00:00+00:00,BTC,BUY,23.78173864352084,0.02378173864352084,0.075,S6_REVERSAL
2026-05-14 04:00:00+00:00,SOL,BUY,46.27097802193384,0.04627097802193384,0.075,S6_REVERSAL
2026-05-14 05:00:00+00:00,BTC,SELL,31.421659016779817,0.03142165901677982,0.075,S6_REVERSAL
2026-05-14 05:00:00+00:00,SOL,SELL,38.50595162855734,0.03850595162855734,0.075,S6_REVERSAL
2026-05-14 06:00:00+00:00,BTC,SELL,25.525169064949296,0.025525169064949296,0.075,S6_REVERSAL
2026-05-14 06:00:00+00:00,SOL,SELL,58.071766739206396,0.058071766739206394,0.075,S6_REVERSAL
2026-05-14 07:00:00+00:00,BTC,BUY,1.1509637356166422,0.0011509637356166423,0.075,S6_REVERSAL
2026-05-14 07:00:00+00:00,SOL,SELL,9.675517958077762,0.009675517958077763,0.075,S6_REVERSAL
2026-05-14 08:00:00+00:00,BTC,BUY,1.738849953711906,0.001738849953711906,0.075,S6_REVERSAL
2026-05-14 08:00:00+00:00,SOL,BUY,39.580431929173756,0.03958043192917376,0.075,S6_REVERSAL
2026-05-14 09:00:00+00:00,BTC,SELL,5.266985932347779,0.005266985932347779,0.075,S6_REVERSAL
2026-05-14 09:00:00+00:00,SOL,SELL,13.628701421072039,0.01362870142107204,0.075,S6_REVERSAL
2026-05-14 10:00:00+00:00,BTC,BUY,14.504610151770976,0.014504610151770975,0.075,S6_REVERSAL
2026-05-14 10:00:00+00:00,SOL,BUY,14.325144435603761,0.014325144435603761,0.075,S6_REVERSAL
2026-05-14 11:00:00+00:00,BTC,BUY,6.710893231654154,0.006710893231654154,0.075,S6_REVERSAL
2026-05-14 11:00:00+00:00,SOL,SELL,14.600266806895888,0.01460026680689589,0.075,S6_REVERSAL
2026-05-14 12:00:00+00:00,BTC,BUY,24.035220899591877,0.024035220899591876,0.075,S6_REVERSAL
2026-05-14 12:00:00+00:00,SOL,BUY,28.31568282900298,0.028315682829002983,0.075,S6_REVERSAL
2026-05-14 13:00:00+00:00,BTC,SELL,39.90408572393153,0.03990408572393153,0.075,S6_REVERSAL
2026-05-14 13:00:00+00:00,SOL,SELL,39.75089514582578,0.03975089514582578,0.075,S6_REVERSAL
2026-05-14 14:00:00+00:00,BTC,BUY,2.893551428565843,0.002893551428565843,0.075,S6_REVERSAL
2026-05-14 14:00:00+00:00,SOL,BUY,32.18986015180508,0.032189860151805076,0.075,S6_REVERSAL
2026-05-14 15:00:00+00:00,BTC,SELL,98.09244112052784,0.09809244112052784,0.075,S6_REVERSAL
2026-05-14 15:00:00+00:00,SOL,SELL,103.8384822225571,0.10383848222255711,0.075,S6_REVERSAL
2026-05-14 16:00:00+00:00,BTC,SELL,23.006933329897947,0.023006933329897946,0.075,S6_REVERSAL
2026-05-14 16:00:00+00:00,SOL,SELL,61.65972508334198,0.061659725083341985,0.075,S6_REVERSAL
2026-05-14 17:00:00+00:00,BTC,SELL,7391.941881635769,7.39194188163577,0.0,CASH
2026-05-14 17:00:00+00:00,SOL,SELL,7.690172797721061,0.007690172797721061,0.075,S6_REVERSAL
2026-05-14 18:00:00+00:00,SOL,BUY,22.010926098043456,0.022010926098043455,0.075,S6_REVERSAL
2026-05-14 19:00:00+00:00,SOL,SELL,31.396863844724066,0.031396863844724066,0.075,S6_REVERSAL
2026-05-14 20:00:00+00:00,SOL,BUY,38.529341220149945,0.03852934122014995,0.075,S6_REVERSAL
2026-05-14 21:00:00+00:00,SOL,BUY,13.152393440707783,0.013152393440707783,0.075,S6_REVERSAL
2026-05-14 22:00:00+00:00,SOL,BUY,1.4633356515641935,0.0014633356515641935,0.075,S6_REVERSAL
2026-05-14 23:00:00+00:00,SOL,BUY,4.393732505647677,0.0043937325056476765,0.075,S6_REVERSAL
2026-05-15 00:00:00+00:00,SOL,BUY,35.904209992724645,0.035904209992724645,0.075,S6_REVERSAL
2026-05-15 01:00:00+00:00,SOL,SELL,19.88412584501384,0.019884125845013843,0.075,S6_REVERSAL
2026-05-15 02:00:00+00:00,SOL,BUY,49.93495149357204,0.04993495149357204,0.075,S6_REVERSAL
2026-05-15 03:00:00+00:00,SOL,SELL,45.1067649020315,0.0451067649020315,0.075,S6_REVERSAL
2026-05-15 04:00:00+00:00,SOL,BUY,22.777780838354374,0.022777780838354376,0.075,S6_REVERSAL
2026-05-15 05:00:00+00:00,SOL,BUY,56.022844314793474,0.05602284431479348,0.075,S6_REVERSAL
2026-05-15 06:00:00+00:00,SOL,BUY,51.251876009881016,0.051251876009881014,0.075,S6_REVERSAL
2026-05-15 07:00:00+00:00,ETH,BUY,7329.628888175117,7.329628888175117,0.075,S6_REVERSAL
2026-05-15 07:00:00+00:00,SOL,SELL,31.42296766563049,0.03142296766563049,0.075,S6_REVERSAL
2026-05-15 08:00:00+00:00,ETH,SELL,26.298502714264032,0.02629850271426403,0.075,S6_REVERSAL
2026-05-15 08:00:00+00:00,SOL,SELL,42.12358886535003,0.04212358886535003,0.075,S6_REVERSAL
2026-05-15 09:00:00+00:00,ETH,BUY,20.568340877249284,0.020568340877249285,0.075,S6_REVERSAL
2026-05-15 09:00:00+00:00,SOL,BUY,23.34254511371637,0.02334254511371637,0.075,S6_REVERSAL
2026-05-15 10:00:00+00:00,ETH,BUY,8.585964742302167,0.008585964742302167,0.075,S6_REVERSAL
2026-05-15 10:00:00+00:00,SOL,BUY,6.681369057503616,0.006681369057503616,0.075,S6_REVERSAL
2026-05-15 11:00:00+00:00,ETH,SELL,22.07050571621039,0.02207050571621039,0.075,S6_REVERSAL
2026-05-15 11:00:00+00:00,SOL,SELL,20.37520635571491,0.02037520635571491,0.075,S6_REVERSAL
2026-05-15 12:00:00+00:00,ETH,BUY,13.365865040059361,0.013365865040059361,0.075,S6_REVERSAL
2026-05-15 12:00:00+00:00,SOL,BUY,14.384282631447604,0.014384282631447604,0.075,S6_REVERSAL
2026-05-15 13:00:00+00:00,ETH,BUY,6.20539687292694,0.00620539687292694,0.075,S6_REVERSAL
2026-05-15 13:00:00+00:00,SOL,BUY,43.78563573527208,0.04378563573527208,0.075,S6_REVERSAL
2026-05-15 14:00:00+00:00,ETH,SELL,7194.70928480015,7.19470928480015,0.0,CASH
2026-05-15 14:00:00+00:00,SOL,SELL,7185.237486333241,7.185237486333241,0.0,CASH
2026-05-15 15:00:00+00:00,ETH,BUY,7305.077534115132,7.305077534115132,0.075,S6_REVERSAL
2026-05-15 16:00:00+00:00,ETH,SELL,29.581219780079664,0.029581219780079663,0.075,S6_REVERSAL
2026-05-15 17:00:00+00:00,ETH,SELL,5.262487188437262,0.005262487188437263,0.075,S6_REVERSAL
2026-05-15 18:00:00+00:00,ETH,SELL,14.827930682224178,0.014827930682224178,0.075,S6_REVERSAL
2026-05-15 19:00:00+00:00,ETH,BUY,3.3950386448468635,0.0033950386448468634,0.075,S6_REVERSAL
2026-05-15 20:00:00+00:00,ETH,BUY,15.168179096143831,0.015168179096143831,0.075,S6_REVERSAL
2026-05-15 21:00:00+00:00,ETH,BUY,9.787653682110431,0.009787653682110431,0.075,S6_REVERSAL
2026-05-15 22:00:00+00:00,ETH,BUY,9.5272214490451,0.0095272214490451,0.075,S6_REVERSAL
2026-05-15 22:00:00+00:00,SOL,BUY,7305.435137742328,7.305435137742328,0.075,S6_REVERSAL
2026-05-15 23:00:00+00:00,ETH,SELL,20.772551410896995,0.020772551410896994,0.075,S6_REVERSAL
2026-05-15 23:00:00+00:00,SOL,SELL,19.260715800959588,0.019260715800959588,0.075,S6_REVERSAL
2026-05-16 00:00:00+00:00,ETH,SELL,2.0451205294330066,0.0020451205294330066,0.075,S6_REVERSAL
2026-05-16 00:00:00+00:00,SOL,BUY,7.680491797852483,0.007680491797852483,0.075,S6_REVERSAL
2026-05-16 01:00:00+00:00,ETH,SELL,7.1723861373848194,0.00717238613738482,0.075,S6_REVERSAL
2026-05-16 01:00:00+00:00,SOL,BUY,1.333338935757638,0.001333338935757638,0.075,S6_REVERSAL
2026-05-16 02:00:00+00:00,BTC,BUY,14618.947578375748,14.618947578375748,0.15,S3_TREND
2026-05-16 02:00:00+00:00,ETH,SELL,7.4927363474371305,0.007492736347437131,0.075,S6_REVERSAL
2026-05-16 02:00:00+00:00,SOL,SELL,5.414930520831149,0.005414930520831149,0.075,S6_REVERSAL
2026-05-16 03:00:00+00:00,BTC,SELL,1.3258295591203932,0.0013258295591203934,0.15,S3_TREND
2026-05-16 03:00:00+00:00,ETH,SELL,2.7631277283589952,0.0027631277283589953,0.075,S6_REVERSAL
2026-05-16 03:00:00+00:00,SOL,BUY,6.372894645392989,0.0063728946453929895,0.075,S6_REVERSAL
2026-05-16 04:00:00+00:00,BTC,BUY,8.572738824866974,0.008572738824866975,0.15,S3_TREND
2026-05-16 04:00:00+00:00,ETH,BUY,3.865355985057249,0.0038653559850572493,0.075,S6_REVERSAL
2026-05-16 04:00:00+00:00,SOL,BUY,9.89474325372612,0.00989474325372612,0.075,S6_REVERSAL
2026-05-16 05:00:00+00:00,BTC,BUY,4.198398712493145,0.004198398712493144,0.15,S3_TREND
2026-05-16 05:00:00+00:00,ETH,BUY,4.26124661870017,0.00426124661870017,0.075,S6_REVERSAL
2026-05-16 05:00:00+00:00,SOL,BUY,13.257525640843596,0.013257525640843596,0.075,S6_REVERSAL
2026-05-16 06:00:00+00:00,BTC,SELL,2.5158322515562763,0.002515832251556276,0.15,S3_TREND
2026-05-16 06:00:00+00:00,SOL,BUY,21.024773998879027,0.021024773998879028,0.075,S6_REVERSAL
2026-05-16 07:00:00+00:00,BTC,BUY,47.64787277022697,0.047647872770226966,0.15,S3_TREND
2026-05-16 07:00:00+00:00,ETH,BUY,21.33616058294865,0.02133616058294865,0.075,S6_REVERSAL
2026-05-16 07:00:00+00:00,SOL,BUY,35.75732904560027,0.03575732904560027,0.075,S6_REVERSAL
2026-05-16 08:00:00+00:00,BTC,BUY,26.797988637625167,0.026797988637625166,0.15,S3_TREND
2026-05-16 08:00:00+00:00,ETH,BUY,55.557890001652595,0.05555789000165259,0.075,S6_REVERSAL
2026-05-16 08:00:00+00:00,SOL,SELL,7244.172363377621,7.244172363377621,0.0,CASH
2026-05-16 09:00:00+00:00,BTC,SELL,10.831609441207547,0.010831609441207547,0.15,S3_TREND
2026-05-16 09:00:00+00:00,ETH,BUY,4.995141158164188,0.004995141158164188,0.075,S6_REVERSAL
2026-05-16 09:00:00+00:00,SOL,BUY,7277.195118475966,7.277195118475967,0.075,S6_REVERSAL
2026-05-16 10:00:00+00:00,BTC,BUY,25.25644198068221,0.025256441980682214,0.15,S3_TREND
2026-05-16 10:00:00+00:00,ETH,SELL,7211.864071594707,7.211864071594706,0.0,CASH
2026-05-16 10:00:00+00:00,SOL,SELL,7157.405898418749,7.157405898418749,0.0,CASH
2026-05-16 11:00:00+00:00,BTC,BUY,17.352863878206335,0.017352863878206337,0.15,S3_TREND
2026-05-16 11:00:00+00:00,ETH,BUY,7255.187725439634,7.255187725439634,0.075,S6_REVERSAL
2026-05-16 11:00:00+00:00,SOL,BUY,7255.187725439634,7.255187725439634,0.075,S6_REVERSAL
2026-05-16 12:00:00+00:00,BTC,SELL,18.841808881445104,0.018841808881445106,0.15,S3_TREND
2026-05-16 12:00:00+00:00,ETH,SELL,5.752321092496459,0.005752321092496459,0.075,S6_REVERSAL
2026-05-16 12:00:00+00:00,SOL,SELL,6.6439125256165426,0.0066439125256165426,0.075,S6_REVERSAL
2026-05-16 13:00:00+00:00,BTC,BUY,13.528886800959299,0.0135288868009593,0.15,S3_TREND
2026-05-16 13:00:00+00:00,ETH,SELL,1.341379848604447,0.001341379848604447,0.075,S6_REVERSAL
2026-05-16 13:00:00+00:00,SOL,SELL,11.83801641091577,0.01183801641091577,0.075,S6_REVERSAL
2026-05-16 14:00:00+00:00,ETH,SELL,1.8114762244558733,0.0018114762244558734,0.075,S6_REVERSAL
2026-05-16 15:00:00+00:00,BTC,SELL,16.155057133742957,0.016155057133742958,0.15,S3_TREND
2026-05-16 15:00:00+00:00,ETH,SELL,6.195357947497541,0.006195357947497542,0.075,S6_REVERSAL
2026-05-16 15:00:00+00:00,SOL,SELL,7.54284420327258,0.00754284420327258,0.075,S6_REVERSAL
2026-05-16 16:00:00+00:00,BTC,SELL,15.785581022206316,0.015785581022206317,0.15,S3_TREND
2026-05-16 16:00:00+00:00,ETH,BUY,1.888814772837577,0.001888814772837577,0.075,S6_REVERSAL
2026-05-16 16:00:00+00:00,SOL,SELL,6.248875093367133,0.006248875093367133,0.075,S6_REVERSAL
2026-05-16 17:00:00+00:00,BTC,SELL,7257.396389618631,7.257396389618631,0.075,S6_REVERSAL
2026-05-16 17:00:00+00:00,ETH,BUY,18.63766027204747,0.018637660272047468,0.075,S6_REVERSAL
2026-05-16 17:00:00+00:00,SOL,SELL,13.579742113382963,0.013579742113382963,0.075,S6_REVERSAL
2026-05-16 18:00:00+00:00,BTC,BUY,2.107339074393167,0.0021073390743931667,0.075,S6_REVERSAL
2026-05-16 18:00:00+00:00,ETH,SELL,14.338720521088362,0.014338720521088363,0.075,S6_REVERSAL
2026-05-16 18:00:00+00:00,SOL,SELL,12.554876070715181,0.012554876070715182,0.075,S6_REVERSAL
2026-05-16 19:00:00+00:00,BTC,SELL,1.8251923453772179,0.001825192345377218,0.075,S6_REVERSAL
2026-05-16 19:00:00+00:00,ETH,SELL,7.328403408831946,0.007328403408831946,0.075,S6_REVERSAL
2026-05-16 20:00:00+00:00,BTC,SELL,3.7620896768439707,0.0037620896768439708,0.075,S6_REVERSAL
2026-05-16 20:00:00+00:00,ETH,BUY,4.937106425079946,0.004937106425079946,0.075,S6_REVERSAL
2026-05-16 20:00:00+00:00,SOL,BUY,9.854859256616692,0.009854859256616692,0.075,S6_REVERSAL
2026-05-16 21:00:00+00:00,ETH,SELL,5.91269899010058,0.00591269899010058,0.075,S6_REVERSAL
2026-05-16 21:00:00+00:00,SOL,BUY,2.0276780718377267,0.002027678071837727,0.075,S6_REVERSAL
2026-05-16 22:00:00+00:00,ETH,SELL,3.365590868656909,0.0033655908686569093,0.075,S6_REVERSAL
2026-05-16 22:00:00+00:00,SOL,BUY,6.468619857939302,0.006468619857939302,0.075,S6_REVERSAL
2026-05-16 23:00:00+00:00,BTC,BUY,5.51699074348744,0.00551699074348744,0.075,S6_REVERSAL
2026-05-16 23:00:00+00:00,ETH,BUY,5.010005124029703,0.005010005124029704,0.075,S6_REVERSAL
2026-05-16 23:00:00+00:00,SOL,BUY,3.6196183223937624,0.0036196183223937625,0.075,S6_REVERSAL
2026-05-17 00:00:00+00:00,BTC,BUY,3.3581826222361997,0.0033581826222361996,0.075,S6_REVERSAL
2026-05-17 00:00:00+00:00,ETH,SELL,1.222134182317859,0.001222134182317859,0.075,S6_REVERSAL
2026-05-17 01:00:00+00:00,BTC,BUY,14.006724047609168,0.014006724047609168,0.075,S6_REVERSAL
2026-05-17 01:00:00+00:00,ETH,BUY,5.773742321002828,0.005773742321002829,0.075,S6_REVERSAL
2026-05-17 01:00:00+00:00,SOL,BUY,29.43630737804324,0.02943630737804324,0.075,S6_REVERSAL
2026-05-17 02:00:00+00:00,BTC,BUY,14.571263937727963,0.014571263937727964,0.075,S6_REVERSAL
2026-05-17 02:00:00+00:00,ETH,BUY,22.169756802243683,0.022169756802243683,0.075,S6_REVERSAL
2026-05-17 02:00:00+00:00,SOL,BUY,24.411939557475307,0.024411939557475306,0.075,S6_REVERSAL
2026-05-17 03:00:00+00:00,BTC,SELL,11.731012721905245,0.011731012721905245,0.075,S6_REVERSAL
2026-05-17 03:00:00+00:00,ETH,SELL,13.742559295423234,0.013742559295423234,0.075,S6_REVERSAL
2026-05-17 03:00:00+00:00,SOL,SELL,17.029651704205207,0.017029651704205208,0.075,S6_REVERSAL
2026-05-17 04:00:00+00:00,BTC,SELL,6.466053371536873,0.006466053371536873,0.075,S6_REVERSAL
2026-05-17 04:00:00+00:00,ETH,SELL,18.065205788087038,0.018065205788087037,0.075,S6_REVERSAL
2026-05-17 04:00:00+00:00,SOL,SELL,37.06188409914466,0.03706188409914466,0.075,S6_REVERSAL
2026-05-17 05:00:00+00:00,BTC,SELL,7.449868997672638,0.007449868997672638,0.075,S6_REVERSAL
2026-05-17 05:00:00+00:00,ETH,SELL,15.062930470868196,0.015062930470868196,0.075,S6_REVERSAL
2026-05-17 05:00:00+00:00,SOL,SELL,24.799822806288827,0.024799822806288827,0.075,S6_REVERSAL
2026-05-17 06:00:00+00:00,BTC,BUY,2.9143095051749697,0.00291430950517497,0.075,S6_REVERSAL
2026-05-17 06:00:00+00:00,ETH,BUY,5.1515353379336375,0.005151535337933637,0.075,S6_REVERSAL
2026-05-17 06:00:00+00:00,SOL,SELL,3.003556199481864,0.0030035561994818643,0.075,S6_REVERSAL
2026-05-17 07:00:00+00:00,ETH,BUY,2.305850263953289,0.002305850263953289,0.075,S6_REVERSAL
2026-05-17 07:00:00+00:00,SOL,BUY,3.5279685932555367,0.003527968593255537,0.075,S6_REVERSAL
2026-05-17 08:00:00+00:00,BTC,SELL,4.359640399217824,0.004359640399217824,0.075,S6_REVERSAL
2026-05-17 08:00:00+00:00,ETH,SELL,3.611516659884728,0.0036115166598847284,0.075,S6_REVERSAL
2026-05-17 08:00:00+00:00,SOL,SELL,9.13237875230152,0.00913237875230152,0.075,S6_REVERSAL
2026-05-17 09:00:00+00:00,BTC,BUY,6.58125252535865,0.00658125252535865,0.075,S6_REVERSAL
2026-05-17 09:00:00+00:00,SOL,BUY,11.563986760136686,0.011563986760136686,0.075,S6_REVERSAL
2026-05-17 10:00:00+00:00,BTC,SELL,12.162318891425457,0.012162318891425458,0.075,S6_REVERSAL
2026-05-17 10:00:00+00:00,ETH,SELL,11.053461077475731,0.011053461077475731,0.075,S6_REVERSAL
2026-05-17 10:00:00+00:00,SOL,SELL,4.015771456601215,0.004015771456601215,0.075,S6_REVERSAL
2026-05-17 11:00:00+00:00,BTC,SELL,17.03668616957293,0.01703668616957293,0.075,S6_REVERSAL
2026-05-17 11:00:00+00:00,ETH,SELL,10.419563127212314,0.010419563127212313,0.075,S6_REVERSAL
2026-05-17 11:00:00+00:00,SOL,SELL,4.4418798436663565,0.0044418798436663565,0.075,S6_REVERSAL
2026-05-17 12:00:00+00:00,BTC,BUY,3.0869199637063502,0.0030869199637063504,0.075,S6_REVERSAL
2026-05-17 12:00:00+00:00,ETH,BUY,6.0414448397696106,0.006041444839769611,0.075,S6_REVERSAL
2026-05-17 12:00:00+00:00,SOL,BUY,6.811627292031517,0.006811627292031517,0.075,S6_REVERSAL
2026-05-17 13:00:00+00:00,BTC,BUY,4.141618635596387,0.004141618635596388,0.075,S6_REVERSAL
2026-05-17 13:00:00+00:00,ETH,SELL,8.227040333716104,0.008227040333716105,0.075,S6_REVERSAL
2026-05-17 13:00:00+00:00,SOL,BUY,10.274215394524617,0.010274215394524618,0.075,S6_REVERSAL
2026-05-17 14:00:00+00:00,BTC,BUY,11.148626283014892,0.011148626283014891,0.075,S6_REVERSAL
2026-05-17 14:00:00+00:00,ETH,BUY,3.3520258075423044,0.0033520258075423045,0.075,S6_REVERSAL
2026-05-17 14:00:00+00:00,SOL,BUY,25.45094012241225,0.02545094012241225,0.075,S6_REVERSAL
2026-05-17 15:00:00+00:00,BTC,BUY,11.012888386773739,0.011012888386773738,0.075,S6_REVERSAL
2026-05-17 15:00:00+00:00,ETH,BUY,15.108865203996174,0.015108865203996175,0.075,S6_REVERSAL
2026-05-17 15:00:00+00:00,SOL,BUY,5.3562997548597195,0.00535629975485972,0.075,S6_REVERSAL
2026-05-17 16:00:00+00:00,ETH,BUY,1.342734187928727,0.001342734187928727,0.075,S6_REVERSAL
2026-05-17 16:00:00+00:00,SOL,SELL,11.707895860847202,0.011707895860847202,0.075,S6_REVERSAL
2026-05-17 17:00:00+00:00,ETH,BUY,11.192915819723567,0.011192915819723566,0.075,S6_REVERSAL
2026-05-17 17:00:00+00:00,SOL,BUY,10.539932962445164,0.010539932962445164,0.075,S6_REVERSAL
2026-05-17 18:00:00+00:00,BTC,SELL,4.493120691729018,0.0044931206917290184,0.075,S6_REVERSAL
2026-05-17 18:00:00+00:00,ETH,SELL,3.624318781456168,0.003624318781456168,0.075,S6_REVERSAL
2026-05-17 18:00:00+00:00,SOL,BUY,6.122146346406225,0.006122146346406225,0.075,S6_REVERSAL
2026-05-17 19:00:00+00:00,BTC,SELL,12.911396579409484,0.012911396579409484,0.075,S6_REVERSAL
2026-05-17 19:00:00+00:00,ETH,SELL,12.383021317481507,0.012383021317481507,0.075,S6_REVERSAL
2026-05-17 19:00:00+00:00,SOL,SELL,12.353043704990341,0.012353043704990341,0.075,S6_REVERSAL
2026-05-17 20:00:00+00:00,BTC,SELL,9.305655380618191,0.009305655380618191,0.075,S6_REVERSAL
2026-05-17 20:00:00+00:00,ETH,SELL,9.048941508097414,0.009048941508097414,0.075,S6_REVERSAL
2026-05-17 20:00:00+00:00,SOL,SELL,26.735317213855524,0.026735317213855525,0.075,S6_REVERSAL
2026-05-17 21:00:00+00:00,BTC,BUY,10.325077879442688,0.010325077879442687,0.075,S6_REVERSAL
2026-05-17 21:00:00+00:00,ETH,BUY,7.45236544159161,0.00745236544159161,0.075,S6_REVERSAL
2026-05-17 21:00:00+00:00,SOL,BUY,7.588810682900657,0.0075888106829006576,0.075,S6_REVERSAL
2026-05-17 22:00:00+00:00,BTC,SELL,8.890902709382317,0.008890902709382318,0.075,S6_REVERSAL
2026-05-17 22:00:00+00:00,ETH,SELL,4.4429061691644165,0.004442906169164417,0.075,S6_REVERSAL
2026-05-17 22:00:00+00:00,SOL,SELL,17.931905057844233,0.017931905057844234,0.075,S6_REVERSAL
2026-05-17 23:00:00+00:00,BTC,BUY,27.689104027998837,0.02768910402799884,0.075,S6_REVERSAL
2026-05-17 23:00:00+00:00,ETH,BUY,29.947840579804506,0.029947840579804506,0.075,S6_REVERSAL
2026-05-17 23:00:00+00:00,SOL,BUY,47.51490938732968,0.04751490938732968,0.075,S6_REVERSAL
2026-05-18 00:00:00+00:00,BTC,BUY,27.900162241752696,0.027900162241752697,0.075,S6_REVERSAL
2026-05-18 00:00:00+00:00,ETH,SELL,7096.247487471517,7.096247487471517,0.0,CASH
2026-05-18 00:00:00+00:00,SOL,BUY,62.69480055814165,0.06269480055814165,0.075,S6_REVERSAL
2026-05-18 01:00:00+00:00,BTC,BUY,21.631480475746685,0.021631480475746687,0.075,S6_REVERSAL
2026-05-18 01:00:00+00:00,ETH,BUY,7234.596137050919,7.23459613705092,0.075,S6_REVERSAL
2026-05-18 01:00:00+00:00,SOL,SELL,11.698669832421727,0.011698669832421727,0.075,S6_REVERSAL
2026-05-18 02:00:00+00:00,BTC,SELL,7225.1567679690015,7.225156767969001,0.0,CASH
2026-05-18 02:00:00+00:00,ETH,SELL,10.153407761052222,0.010153407761052223,0.075,S6_REVERSAL
2026-05-18 02:00:00+00:00,SOL,BUY,28.288318840390275,0.028288318840390275,0.075,S6_REVERSAL
2026-05-18 03:00:00+00:00,BTC,BUY,7230.110874085684,7.2301108740856845,0.075,S6_REVERSAL
2026-05-18 03:00:00+00:00,ETH,BUY,1.6284509495462771,0.0016284509495462771,0.075,S6_REVERSAL
2026-05-18 03:00:00+00:00,SOL,BUY,7.0987243799027056,0.0070987243799027055,0.075,S6_REVERSAL
2026-05-18 04:00:00+00:00,BTC,SELL,8.044428280910324,0.008044428280910324,0.075,S6_REVERSAL
2026-05-18 04:00:00+00:00,ETH,SELL,5.760451723735969,0.0057604517237359685,0.075,S6_REVERSAL
2026-05-18 04:00:00+00:00,SOL,BUY,2.909290637434424,0.002909290637434424,0.075,S6_REVERSAL
2026-05-18 05:00:00+00:00,BTC,SELL,5.6369487843385295,0.00563694878433853,0.075,S6_REVERSAL
2026-05-18 05:00:00+00:00,ETH,SELL,16.815622551155684,0.016815622551155686,0.075,S6_REVERSAL
2026-05-18 05:00:00+00:00,SOL,SELL,29.875614257838606,0.029875614257838606,0.075,S6_REVERSAL
2026-05-18 06:00:00+00:00,BTC,BUY,5.068219917179704,0.005068219917179704,0.075,S6_REVERSAL
2026-05-18 06:00:00+00:00,ETH,BUY,17.4845093116146,0.0174845093116146,0.075,S6_REVERSAL
2026-05-18 06:00:00+00:00,SOL,BUY,28.95593241451752,0.02895593241451752,0.075,S6_REVERSAL
2026-05-18 07:00:00+00:00,BTC,BUY,1.0720507063688274,0.0010720507063688273,0.075,S6_REVERSAL
2026-05-18 07:00:00+00:00,ETH,SELL,3.3981048729292525,0.0033981048729292526,0.075,S6_REVERSAL
2026-05-18 07:00:00+00:00,SOL,BUY,9.523177569315521,0.00952317756931552,0.075,S6_REVERSAL
2026-05-18 08:00:00+00:00,BTC,SELL,13.430565974214005,0.013430565974214005,0.075,S6_REVERSAL
2026-05-18 08:00:00+00:00,ETH,SELL,4.354488267122179,0.0043544882671221795,0.075,S6_REVERSAL
2026-05-18 09:00:00+00:00,BTC,BUY,3.972923644859293,0.003972923644859293,0.075,S6_REVERSAL
2026-05-18 09:00:00+00:00,ETH,SELL,1.7050895081165436,0.0017050895081165435,0.075,S6_REVERSAL
2026-05-18 09:00:00+00:00,SOL,SELL,11.08000842387537,0.01108000842387537,0.075,S6_REVERSAL
2026-05-18 10:00:00+00:00,BTC,BUY,5.4942798137790305,0.005494279813779031,0.075,S6_REVERSAL
2026-05-18 10:00:00+00:00,ETH,BUY,11.413072101365287,0.011413072101365287,0.075,S6_REVERSAL
2026-05-18 10:00:00+00:00,SOL,SELL,7197.479932938362,7.1974799329383625,0.0,CASH
2026-05-18 11:00:00+00:00,BTC,BUY,13.501068198932444,0.013501068198932445,0.075,S6_REVERSAL
2026-05-18 11:00:00+00:00,ETH,BUY,5.599456438357265,0.0055994564383572655,0.075,S6_REVERSAL
2026-05-18 11:00:00+00:00,SOL,BUY,7225.509764201749,7.225509764201749,0.075,S6_REVERSAL
2026-05-18 12:00:00+00:00,BTC,SELL,36.45380235666107,0.03645380235666107,0.075,S6_REVERSAL
2026-05-18 12:00:00+00:00,ETH,SELL,53.492272237239376,0.053492272237239374,0.075,S6_REVERSAL
2026-05-18 12:00:00+00:00,SOL,SELL,47.42662055864366,0.04742662055864366,0.075,S6_REVERSAL
2026-05-18 13:00:00+00:00,BTC,SELL,22.502497004714314,0.022502497004714316,0.075,S6_REVERSAL
2026-05-18 13:00:00+00:00,ETH,SELL,47.40445787265526,0.04740445787265526,0.075,S6_REVERSAL
2026-05-18 13:00:00+00:00,SOL,SELL,40.44463719819396,0.04044463719819396,0.075,S6_REVERSAL
2026-05-18 14:00:00+00:00,BTC,BUY,49.966412127451804,0.04996641212745181,0.075,S6_REVERSAL
2026-05-18 14:00:00+00:00,ETH,BUY,52.200733049185146,0.05220073304918515,0.075,S6_REVERSAL
2026-05-18 14:00:00+00:00,SOL,BUY,58.94408906885019,0.05894408906885019,0.075,S6_REVERSAL
2026-05-18 15:00:00+00:00,BTC,BUY,37.51164676823919,0.03751164676823919,0.075,S6_REVERSAL
2026-05-18 15:00:00+00:00,ETH,BUY,56.221789228945454,0.056221789228945454,0.075,S6_REVERSAL
2026-05-18 15:00:00+00:00,SOL,BUY,47.004024860631034,0.04700402486063104,0.075,S6_REVERSAL
2026-05-18 16:00:00+00:00,ETH,BUY,10.539847427563473,0.010539847427563472,0.075,S6_REVERSAL
2026-05-18 16:00:00+00:00,SOL,SELL,18.914224171025126,0.018914224171025125,0.075,S6_REVERSAL
2026-05-18 17:00:00+00:00,BTC,SELL,2.425666433478,0.002425666433478,0.075,S6_REVERSAL
2026-05-18 17:00:00+00:00,ETH,BUY,31.767164072814012,0.03176716407281401,0.075,S6_REVERSAL
2026-05-18 17:00:00+00:00,SOL,SELL,12.02883285466396,0.01202883285466396,0.075,S6_REVERSAL
2026-05-18 18:00:00+00:00,BTC,SELL,22.67971705617765,0.02267971705617765,0.075,S6_REVERSAL
2026-05-18 18:00:00+00:00,ETH,SELL,30.812584733807853,0.030812584733807855,0.075,S6_REVERSAL
2026-05-18 18:00:00+00:00,SOL,SELL,1.527935660325966,0.001527935660325966,0.075,S6_REVERSAL
2026-05-18 19:00:00+00:00,BTC,BUY,27.016148314364727,0.02701614831436473,0.075,S6_REVERSAL
2026-05-18 19:00:00+00:00,ETH,SELL,7131.794609902495,7.131794609902495,0.0,CASH
2026-05-18 19:00:00+00:00,SOL,BUY,59.53707516911527,0.05953707516911527,0.075,S6_REVERSAL
2026-05-18 20:00:00+00:00,BTC,SELL,50.13687915501396,0.050136879155013955,0.075,S6_REVERSAL
2026-05-18 20:00:00+00:00,SOL,SELL,113.08790942422274,0.11308790942422274,0.075,S6_REVERSAL
2026-05-18 21:00:00+00:00,BTC,BUY,1.1117362095401404,0.0011117362095401403,0.075,S6_REVERSAL
2026-05-18 21:00:00+00:00,SOL,BUY,5.361891903522519,0.0053618919035225195,0.075,S6_REVERSAL
2026-05-18 22:00:00+00:00,BTC,SELL,12.628237028227886,0.012628237028227886,0.075,S6_REVERSAL
2026-05-18 22:00:00+00:00,SOL,SELL,49.76323195993791,0.04976323195993791,0.075,S6_REVERSAL
2026-05-18 23:00:00+00:00,BTC,BUY,1.3238767551411001,0.0013238767551411001,0.075,S6_REVERSAL
2026-05-18 23:00:00+00:00,SOL,BUY,9.9754599812768,0.0099754599812768,0.075,S6_REVERSAL
2026-05-19 00:00:00+00:00,BTC,BUY,6.175118894370826,0.006175118894370826,0.075,S6_REVERSAL
2026-05-19 00:00:00+00:00,SOL,BUY,4.937832437037287,0.004937832437037287,0.075,S6_REVERSAL
2026-05-19 01:00:00+00:00,BTC,SELL,10.793663425291015,0.010793663425291016,0.075,S6_REVERSAL
2026-05-19 01:00:00+00:00,SOL,SELL,14.677607785695727,0.014677607785695728,0.075,S6_REVERSAL
2026-05-19 02:00:00+00:00,BTC,BUY,36.755519033034034,0.036755519033034034,0.075,S6_REVERSAL
2026-05-19 02:00:00+00:00,SOL,BUY,49.78694192053899,0.049786941920538993,0.075,S6_REVERSAL
2026-05-19 03:00:00+00:00,BTC,BUY,3.990653897233642,0.003990653897233642,0.075,S6_REVERSAL
2026-05-19 03:00:00+00:00,SOL,BUY,3.576447156893664,0.0035764471568936643,0.075,S6_REVERSAL
2026-05-19 04:00:00+00:00,BTC,SELL,13.317558179255684,0.013317558179255685,0.075,S6_REVERSAL
2026-05-19 04:00:00+00:00,SOL,SELL,16.902061011432124,0.016902061011432126,0.075,S6_REVERSAL
2026-05-19 05:00:00+00:00,BTC,SELL,11.748614427835493,0.011748614427835494,0.075,S6_REVERSAL
2026-05-19 05:00:00+00:00,SOL,SELL,4.5096353472627015,0.004509635347262702,0.075,S6_REVERSAL
2026-05-19 06:00:00+00:00,BTC,BUY,1.5792543865736661,0.001579254386573666,0.075,S6_REVERSAL
2026-05-19 06:00:00+00:00,SOL,SELL,2.4678096530014955,0.0024678096530014954,0.075,S6_REVERSAL
2026-05-19 07:00:00+00:00,BTC,SELL,9.69247882372747,0.009692478823727469,0.075,S6_REVERSAL
2026-05-19 07:00:00+00:00,SOL,SELL,6.227386731517073,0.006227386731517073,0.075,S6_REVERSAL
2026-05-19 08:00:00+00:00,BTC,SELL,16.19731549262906,0.01619731549262906,0.075,S6_REVERSAL
2026-05-19 08:00:00+00:00,SOL,SELL,17.373049240184628,0.017373049240184627,0.075,S6_REVERSAL
2026-05-19 09:00:00+00:00,BTC,BUY,14.295997430065654,0.014295997430065654,0.075,S6_REVERSAL
2026-05-19 09:00:00+00:00,SOL,BUY,19.808421155513315,0.019808421155513317,0.075,S6_REVERSAL
2026-05-19 10:00:00+00:00,BTC,BUY,16.887569751514093,0.016887569751514092,0.075,S6_REVERSAL
2026-05-19 10:00:00+00:00,SOL,BUY,36.0109668259538,0.036010966825953804,0.075,S6_REVERSAL
2026-05-19 11:00:00+00:00,BTC,SELL,19.715876618344737,0.019715876618344737,0.075,S6_REVERSAL
2026-05-19 11:00:00+00:00,SOL,BUY,5.507877947394263,0.005507877947394263,0.075,S6_REVERSAL
2026-05-19 12:00:00+00:00,BTC,BUY,26.325011583838204,0.026325011583838206,0.075,S6_REVERSAL
2026-05-19 12:00:00+00:00,SOL,BUY,22.929541478163628,0.022929541478163628,0.075,S6_REVERSAL
2026-05-19 13:00:00+00:00,BTC,SELL,17.13216129579905,0.017132161295799052,0.075,S6_REVERSAL
2026-05-19 13:00:00+00:00,SOL,SELL,29.26151900214063,0.02926151900214063,0.075,S6_REVERSAL
2026-05-19 14:00:00+00:00,BTC,BUY,5.980429520288453,0.005980429520288454,0.075,S6_REVERSAL
2026-05-19 14:00:00+00:00,SOL,SELL,2.0539396232170475,0.0020539396232170477,0.075,S6_REVERSAL
2026-05-19 15:00:00+00:00,BTC,BUY,37.386919577854314,0.03738691957785432,0.075,S6_REVERSAL
2026-05-19 15:00:00+00:00,SOL,BUY,50.17230347311579,0.05017230347311579,0.075,S6_REVERSAL
2026-05-19 16:00:00+00:00,BTC,SELL,9.584088858285211,0.009584088858285211,0.075,S6_REVERSAL
2026-05-19 16:00:00+00:00,SOL,SELL,19.715342081655763,0.019715342081655762,0.075,S6_REVERSAL
2026-05-19 17:00:00+00:00,BTC,SELL,29.550913357071295,0.029550913357071294,0.075,S6_REVERSAL
2026-05-19 17:00:00+00:00,SOL,SELL,34.536619533790144,0.03453661953379015,0.075,S6_REVERSAL
2026-05-19 18:00:00+00:00,BTC,BUY,2.1961673634477847,0.0021961673634477846,0.075,S6_REVERSAL
2026-05-19 18:00:00+00:00,SOL,BUY,13.11090620453615,0.01311090620453615,0.075,S6_REVERSAL
2026-05-19 19:00:00+00:00,BTC,BUY,2.6634782213486687,0.002663478221348669,0.075,S6_REVERSAL
2026-05-19 19:00:00+00:00,SOL,BUY,24.06921669879921,0.02406921669879921,0.075,S6_REVERSAL
2026-05-19 20:00:00+00:00,BTC,SELL,1.409092268412678,0.0014090922684126782,0.075,S6_REVERSAL
2026-05-19 21:00:00+00:00,BTC,SELL,16.65773879423432,0.01665773879423432,0.075,S6_REVERSAL
2026-05-19 21:00:00+00:00,SOL,SELL,10.328217558532742,0.010328217558532743,0.075,S6_REVERSAL
2026-05-19 22:00:00+00:00,BTC,BUY,2.879157642296377,0.0028791576422963774,0.075,S6_REVERSAL
2026-05-19 22:00:00+00:00,SOL,BUY,6.828748980461569,0.006828748980461569,0.075,S6_REVERSAL
2026-05-19 23:00:00+00:00,BTC,BUY,21.313008477584845,0.021313008477584845,0.075,S6_REVERSAL
2026-05-19 23:00:00+00:00,SOL,BUY,24.19839249829056,0.02419839249829056,0.075,S6_REVERSAL
2026-05-20 00:00:00+00:00,BTC,SELL,9.342253567736407,0.009342253567736407,0.075,S6_REVERSAL
2026-05-20 00:00:00+00:00,SOL,SELL,15.012582611315338,0.015012582611315339,0.075,S6_REVERSAL
2026-05-20 01:00:00+00:00,BTC,BUY,3.5045166692170824,0.0035045166692170824,0.075,S6_REVERSAL
2026-05-20 01:00:00+00:00,SOL,BUY,5.220650453847156,0.005220650453847156,0.075,S6_REVERSAL
2026-05-20 02:00:00+00:00,BTC,SELL,1.9600101248797728,0.0019600101248797726,0.075,S6_REVERSAL
2026-05-20 02:00:00+00:00,SOL,SELL,10.076060083657467,0.010076060083657468,0.075,S6_REVERSAL
2026-05-20 03:00:00+00:00,BTC,BUY,8.970931827268942,0.008970931827268942,0.075,S6_REVERSAL
2026-05-20 03:00:00+00:00,SOL,BUY,28.35935493162833,0.028359354931628333,0.075,S6_REVERSAL
2026-05-20 04:00:00+00:00,BTC,SELL,2.1768523463688325,0.0021768523463688324,0.075,S6_REVERSAL
2026-05-20 04:00:00+00:00,SOL,SELL,8.50835111228298,0.00850835111228298,0.075,S6_REVERSAL
2026-05-20 05:00:00+00:00,BTC,SELL,4.10678251486388,0.0041067825148638805,0.075,S6_REVERSAL
2026-05-20 05:00:00+00:00,SOL,SELL,9.916138022568703,0.009916138022568704,0.075,S6_REVERSAL
2026-05-20 06:00:00+00:00,BTC,SELL,32.749961355383675,0.032749961355383675,0.075,S6_REVERSAL
2026-05-20 06:00:00+00:00,SOL,SELL,39.85698726525516,0.039856987265255155,0.075,S6_REVERSAL
2026-05-20 07:00:00+00:00,BTC,SELL,17.388747412744124,0.017388747412744123,0.075,S6_REVERSAL
2026-05-20 07:00:00+00:00,SOL,SELL,15.820335598710699,0.0158203355987107,0.075,S6_REVERSAL
2026-05-20 08:00:00+00:00,BTC,BUY,9.879630473303223,0.009879630473303223,0.075,S6_REVERSAL
2026-05-20 08:00:00+00:00,SOL,BUY,17.16418642384997,0.01716418642384997,0.075,S6_REVERSAL
2026-05-20 09:00:00+00:00,BTC,SELL,13.695782269564916,0.013695782269564916,0.075,S6_REVERSAL
2026-05-20 09:00:00+00:00,SOL,SELL,16.902453443756713,0.016902453443756713,0.075,S6_REVERSAL
2026-05-20 10:00:00+00:00,BTC,SELL,2.977495121773245,0.0029774951217732453,0.075,S6_REVERSAL
2026-05-20 10:00:00+00:00,SOL,BUY,8.051414484233646,0.008051414484233646,0.075,S6_REVERSAL
2026-05-20 11:00:00+00:00,BTC,SELL,2.214020602466917,0.0022140206024669168,0.075,S6_REVERSAL
2026-05-20 11:00:00+00:00,SOL,SELL,6.860452220615115,0.006860452220615115,0.075,S6_REVERSAL
2026-05-20 12:00:00+00:00,BTC,BUY,9.850819406227856,0.009850819406227857,0.075,S6_REVERSAL
2026-05-20 12:00:00+00:00,SOL,BUY,21.07911623021846,0.02107911623021846,0.075,S6_REVERSAL
2026-05-20 13:00:00+00:00,BTC,SELL,7245.22415077964,7.24522415077964,0.0,CASH
2026-05-20 13:00:00+00:00,SOL,SELL,29.912797200347995,0.029912797200347997,0.075,S6_REVERSAL
2026-05-20 14:00:00+00:00,SOL,BUY,31.66392017668386,0.03166392017668386,0.075,S6_REVERSAL
2026-05-20 15:00:00+00:00,SOL,SELL,91.53302227494169,0.09153302227494169,0.075,S6_REVERSAL
2026-05-20 16:00:00+00:00,SOL,SELL,5.461229854599878,0.0054612298545998784,0.075,S6_REVERSAL
2026-05-20 17:00:00+00:00,SOL,SELL,7280.18622010761,7.28018622010761,0.0,CASH
2026-05-20 21:00:00+00:00,BTC,BUY,14470.518391003801,14.470518391003802,0.15,S3_TREND
2026-05-20 21:00:00+00:00,ETH,BUY,14470.518391003801,14.470518391003802,0.15,S3_TREND
2026-05-20 21:00:00+00:00,SOL,BUY,14470.518391003801,14.470518391003802,0.15,S3_TREND
2026-05-20 22:00:00+00:00,BTC,BUY,18.123224393697456,0.018123224393697457,0.15,S3_TREND
2026-05-20 22:00:00+00:00,ETH,BUY,13.136312090749925,0.013136312090749926,0.15,S3_TREND
2026-05-20 22:00:00+00:00,SOL,BUY,9.068584967280913,0.009068584967280913,0.15,S3_TREND
2026-05-20 23:00:00+00:00,BTC,SELL,1.8166451056222286,0.0018166451056222286,0.15,S3_TREND
2026-05-20 23:00:00+00:00,ETH,BUY,14.584313176372234,0.014584313176372234,0.15,S3_TREND
2026-05-20 23:00:00+00:00,SOL,SELL,9.34595977583922,0.00934595977583922,0.15,S3_TREND
2026-05-21 00:00:00+00:00,BTC,SELL,2.870790486480473,0.0028707904864804733,0.15,S3_TREND
2026-05-21 00:00:00+00:00,ETH,SELL,1.6099573191386298,0.0016099573191386298,0.15,S3_TREND
2026-05-21 00:00:00+00:00,SOL,SELL,17.517296643694863,0.017517296643694863,0.15,S3_TREND
2026-05-21 01:00:00+00:00,BTC,SELL,40.1602469843765,0.0401602469843765,0.15,S3_TREND
2026-05-21 01:00:00+00:00,ETH,SELL,54.40632202113375,0.05440632202113375,0.15,S3_TREND
2026-05-21 01:00:00+00:00,SOL,SELL,41.678318246718845,0.041678318246718846,0.15,S3_TREND
2026-05-21 02:00:00+00:00,BTC,BUY,11.903291177402934,0.011903291177402934,0.15,S3_TREND
2026-05-21 02:00:00+00:00,ETH,BUY,5.225710264307054,0.005225710264307054,0.15,S3_TREND
2026-05-21 02:00:00+00:00,SOL,BUY,9.440777475256255,0.009440777475256255,0.15,S3_TREND
2026-05-21 03:00:00+00:00,BTC,SELL,12.354706607899061,0.012354706607899061,0.15,S3_TREND
2026-05-21 03:00:00+00:00,ETH,BUY,1.9032346899093682,0.0019032346899093683,0.15,S3_TREND
2026-05-21 03:00:00+00:00,SOL,SELL,6.970423612696323,0.006970423612696323,0.15,S3_TREND
2026-05-21 04:00:00+00:00,BTC,SELL,9.078711694128287,0.009078711694128288,0.15,S3_TREND
2026-05-21 04:00:00+00:00,ETH,SELL,15.050566815876664,0.015050566815876664,0.15,S3_TREND
2026-05-21 04:00:00+00:00,SOL,SELL,26.376519934614407,0.026376519934614408,0.15,S3_TREND
2026-05-21 05:00:00+00:00,BTC,BUY,9.253462042579486,0.009253462042579486,0.15,S3_TREND
2026-05-21 05:00:00+00:00,ETH,BUY,6.418280914454954,0.006418280914454954,0.15,S3_TREND
2026-05-21 05:00:00+00:00,SOL,SELL,20.423569764954664,0.020423569764954665,0.15,S3_TREND
2026-05-21 06:00:00+00:00,BTC,BUY,12.252367528510149,0.012252367528510149,0.15,S3_TREND
2026-05-21 06:00:00+00:00,ETH,BUY,32.38751249284178,0.03238751249284178,0.15,S3_TREND
2026-05-21 06:00:00+00:00,SOL,BUY,51.998502034877674,0.05199850203487767,0.15,S3_TREND
2026-05-21 07:00:00+00:00,BTC,BUY,19.6550204962532,0.0196550204962532,0.15,S3_TREND
2026-05-21 07:00:00+00:00,ETH,BUY,33.74490193034944,0.033744901930349444,0.15,S3_TREND
2026-05-21 07:00:00+00:00,SOL,BUY,14.831724282214054,0.014831724282214055,0.15,S3_TREND
2026-05-21 08:00:00+00:00,BTC,SELL,27.356309112099552,0.027356309112099554,0.15,S3_TREND
2026-05-21 08:00:00+00:00,ETH,SELL,21.731162847245287,0.021731162847245286,0.15,S3_TREND
2026-05-21 08:00:00+00:00,SOL,SELL,32.92763386996012,0.032927633869960116,0.15,S3_TREND
2026-05-21 09:00:00+00:00,BTC,BUY,3.1193913121351216,0.0031193913121351216,0.15,S3_TREND
2026-05-21 09:00:00+00:00,ETH,SELL,11.892896302304507,0.011892896302304508,0.15,S3_TREND
2026-05-21 09:00:00+00:00,SOL,SELL,27.026347850936872,0.027026347850936872,0.15,S3_TREND
2026-05-21 10:00:00+00:00,BTC,BUY,26.36394121057856,0.02636394121057856,0.15,S3_TREND
2026-05-21 10:00:00+00:00,ETH,BUY,41.87125927050511,0.041871259270505105,0.15,S3_TREND
2026-05-21 10:00:00+00:00,SOL,BUY,33.86443362584578,0.03386443362584578,0.15,S3_TREND
2026-05-21 11:00:00+00:00,BTC,BUY,36.2559815433724,0.0362559815433724,0.15,S3_TREND
2026-05-21 11:00:00+00:00,ETH,BUY,48.81508759398457,0.04881508759398457,0.15,S3_TREND
2026-05-21 11:00:00+00:00,SOL,BUY,78.96680132805704,0.07896680132805704,0.15,S3_TREND
2026-05-21 12:00:00+00:00,BTC,SELL,1.7800854132074164,0.0017800854132074165,0.15,S3_TREND
2026-05-21 12:00:00+00:00,ETH,SELL,10.82356739806528,0.01082356739806528,0.15,S3_TREND
2026-05-21 12:00:00+00:00,SOL,BUY,25.122546698132282,0.025122546698132284,0.15,S3_TREND
2026-05-21 13:00:00+00:00,BTC,SELL,7.920754601400404,0.007920754601400404,0.15,S3_TREND
2026-05-21 13:00:00+00:00,ETH,SELL,4.442549602679719,0.004442549602679719,0.15,S3_TREND
2026-05-21 13:00:00+00:00,SOL,SELL,19.854930370489456,0.019854930370489455,0.15,S3_TREND
2026-05-21 14:00:00+00:00,BTC,BUY,36.1118022842129,0.0361118022842129,0.15,S3_TREND
2026-05-21 14:00:00+00:00,ETH,SELL,15.11235010256496,0.01511235010256496,0.15,S3_TREND
2026-05-21 14:00:00+00:00,SOL,SELL,46.79421794159134,0.046794217941591346,0.15,S3_TREND
2026-05-21 15:00:00+00:00,BTC,BUY,21.96324339485909,0.02196324339485909,0.15,S3_TREND
2026-05-21 15:00:00+00:00,ETH,SELL,14.074057709227418,0.014074057709227419,0.15,S3_TREND
2026-05-21 15:00:00+00:00,SOL,BUY,6.1917192122054985,0.006191719212205499,0.15,S3_TREND
2026-05-21 16:00:00+00:00,BTC,SELL,21.579570436657377,0.021579570436657376,0.15,S3_TREND
2026-05-21 16:00:00+00:00,ETH,SELL,42.6157793240036,0.0426157793240036,0.15,S3_TREND
2026-05-21 16:00:00+00:00,SOL,SELL,45.55282776590866,0.04555282776590866,0.15,S3_TREND
2026-05-21 17:00:00+00:00,BTC,SELL,1.5072027464575513,0.0015072027464575514,0.15,S3_TREND
2026-05-21 17:00:00+00:00,ETH,BUY,21.65754887744879,0.02165754887744879,0.15,S3_TREND
2026-05-21 17:00:00+00:00,SOL,BUY,20.617643803421743,0.020617643803421744,0.15,S3_TREND
2026-05-21 18:00:00+00:00,BTC,SELL,52.89705855513603,0.05289705855513603,0.15,S3_TREND
2026-05-21 18:00:00+00:00,ETH,SELL,56.77040572570331,0.05677040572570331,0.15,S3_TREND
2026-05-21 18:00:00+00:00,SOL,SELL,150.15708914844618,0.15015708914844617,0.15,S3_TREND
2026-05-21 19:00:00+00:00,BTC,BUY,43.33520996484003,0.043335209964840034,0.15,S3_TREND
2026-05-21 19:00:00+00:00,ETH,BUY,86.96788804285825,0.08696788804285825,0.15,S3_TREND
2026-05-21 19:00:00+00:00,SOL,BUY,39.728549506606214,0.03972854950660622,0.15,S3_TREND
2026-05-21 20:00:00+00:00,BTC,SELL,12.909355966818111,0.012909355966818113,0.15,S3_TREND
2026-05-21 20:00:00+00:00,ETH,SELL,64.93326166862062,0.06493326166862062,0.15,S3_TREND
2026-05-21 20:00:00+00:00,SOL,SELL,82.58372925024742,0.08258372925024741,0.15,S3_TREND
2026-05-21 21:00:00+00:00,BTC,SELL,13.412440190295454,0.013412440190295454,0.15,S3_TREND
2026-05-21 21:00:00+00:00,ETH,BUY,17.946219801573534,0.017946219801573533,0.15,S3_TREND
2026-05-21 21:00:00+00:00,SOL,BUY,34.046628659598355,0.03404662865959836,0.15,S3_TREND
2026-05-21 22:00:00+00:00,BTC,SELL,3.167543008501525,0.003167543008501525,0.15,S3_TREND
2026-05-21 22:00:00+00:00,ETH,BUY,12.279209014399385,0.012279209014399385,0.15,S3_TREND
2026-05-21 22:00:00+00:00,SOL,BUY,25.36072178181348,0.02536072178181348,0.15,S3_TREND
2026-05-21 23:00:00+00:00,ETH,BUY,15.481687044990394,0.015481687044990394,0.15,S3_TREND
2026-05-21 23:00:00+00:00,SOL,BUY,17.66351134983961,0.01766351134983961,0.15,S3_TREND
2026-05-22 00:00:00+00:00,BTC,BUY,7.3110123454334826,0.007311012345433483,0.15,S3_TREND
2026-05-22 00:00:00+00:00,ETH,SELL,7.513105081086906,0.007513105081086905,0.15,S3_TREND
2026-05-22 00:00:00+00:00,SOL,SELL,20.979025140688464,0.020979025140688463,0.15,S3_TREND
2026-05-22 01:00:00+00:00,BTC,BUY,21.16417430759975,0.021164174307599752,0.15,S3_TREND
2026-05-22 01:00:00+00:00,ETH,BUY,6.214788891062199,0.006214788891062199,0.15,S3_TREND
2026-05-22 01:00:00+00:00,SOL,BUY,60.59283447613052,0.06059283447613052,0.15,S3_TREND
2026-05-22 02:00:00+00:00,BTC,SELL,25.845788038741375,0.025845788038741376,0.15,S3_TREND
2026-05-22 02:00:00+00:00,ETH,SELL,25.155110185894955,0.025155110185894957,0.15,S3_TREND
2026-05-22 02:00:00+00:00,SOL,SELL,20.500452696440334,0.020500452696440335,0.15,S3_TREND
2026-05-22 03:00:00+00:00,BTC,SELL,4.749655086909114,0.004749655086909115,0.15,S3_TREND
2026-05-22 03:00:00+00:00,ETH,SELL,8.14887748086403,0.00814887748086403,0.15,S3_TREND
2026-05-22 03:00:00+00:00,SOL,SELL,9.01358989549226,0.00901358989549226,0.15,S3_TREND
2026-05-22 04:00:00+00:00,BTC,SELL,20.23149403269599,0.02023149403269599,0.15,S3_TREND
2026-05-22 04:00:00+00:00,SOL,BUY,21.267239600387256,0.021267239600387258,0.15,S3_TREND
2026-05-22 05:00:00+00:00,BTC,BUY,14.273520724435002,0.014273520724435003,0.15,S3_TREND
2026-05-22 05:00:00+00:00,ETH,BUY,17.567058780643492,0.017567058780643494,0.15,S3_TREND
2026-05-22 05:00:00+00:00,SOL,BUY,1.0589878820592276,0.0010589878820592275,0.15,S3_TREND
2026-05-22 06:00:00+00:00,BTC,BUY,17.244151201090062,0.017244151201090064,0.15,S3_TREND
2026-05-22 06:00:00+00:00,ETH,BUY,18.7806106440421,0.0187806106440421,0.15,S3_TREND
2026-05-22 06:00:00+00:00,SOL,BUY,14.511372958566426,0.014511372958566426,0.15,S3_TREND
2026-05-22 07:00:00+00:00,BTC,BUY,4.553682764360929,0.004553682764360929,0.15,S3_TREND
2026-05-22 07:00:00+00:00,ETH,BUY,16.293176160097573,0.016293176160097574,0.15,S3_TREND
2026-05-22 07:00:00+00:00,SOL,BUY,7.306874147308918,0.007306874147308917,0.15,S3_TREND
2026-05-22 08:00:00+00:00,BTC,BUY,12.015241657913066,0.012015241657913065,0.15,S3_TREND
2026-05-22 08:00:00+00:00,ETH,SELL,11.392769337035134,0.011392769337035133,0.15,S3_TREND
2026-05-22 08:00:00+00:00,SOL,SELL,34.20186281484348,0.034201862814843484,0.15,S3_TREND
2026-05-22 09:00:00+00:00,BTC,BUY,20.04885983825443,0.02004885983825443,0.15,S3_TREND
2026-05-22 09:00:00+00:00,ETH,BUY,37.32234983719354,0.03732234983719354,0.15,S3_TREND
2026-05-22 09:00:00+00:00,SOL,SELL,34.525250605389374,0.03452525060538938,0.15,S3_TREND
2026-05-22 10:00:00+00:00,BTC,SELL,1.8793319790656824,0.0018793319790656824,0.15,S3_TREND
2026-05-22 10:00:00+00:00,ETH,SELL,5.891372295895052,0.005891372295895052,0.15,S3_TREND
2026-05-22 10:00:00+00:00,SOL,SELL,12.697350253776678,0.012697350253776678,0.15,S3_TREND
2026-05-22 11:00:00+00:00,BTC,SELL,8.235269136457646,0.008235269136457645,0.15,S3_TREND
2026-05-22 11:00:00+00:00,SOL,BUY,35.78528490804456,0.03578528490804456,0.15,S3_TREND
2026-05-22 12:00:00+00:00,BTC,SELL,2.4056540600686276,0.0024056540600686277,0.15,S3_TREND
2026-05-22 12:00:00+00:00,ETH,SELL,34.263697377004064,0.03426369737700406,0.15,S3_TREND
2026-05-22 12:00:00+00:00,SOL,SELL,35.402574920379266,0.035402574920379265,0.15,S3_TREND
2026-05-22 13:00:00+00:00,BTC,SELL,1.7179920688213313,0.0017179920688213312,0.15,S3_TREND
2026-05-22 13:00:00+00:00,ETH,SELL,10.744640026108755,0.010744640026108756,0.15,S3_TREND
2026-05-22 13:00:00+00:00,SOL,SELL,53.36506808860577,0.05336506808860577,0.15,S3_TREND
2026-05-22 14:00:00+00:00,BTC,BUY,24.73029120848696,0.024730291208486962,0.15,S3_TREND
2026-05-22 14:00:00+00:00,ETH,BUY,11.512951117972989,0.01151295111797299,0.15,S3_TREND
2026-05-22 14:00:00+00:00,SOL,BUY,40.246125248513636,0.040246125248513634,0.15,S3_TREND
2026-05-22 15:00:00+00:00,BTC,BUY,49.175933088276,0.049175933088275996,0.15,S3_TREND
2026-05-22 15:00:00+00:00,ETH,BUY,42.88677704874317,0.04288677704874317,0.15,S3_TREND
2026-05-22 15:00:00+00:00,SOL,BUY,81.78347751066758,0.08178347751066758,0.15,S3_TREND
2026-05-22 16:00:00+00:00,BTC,BUY,3.714588531762274,0.0037145885317622744,0.15,S3_TREND
2026-05-22 16:00:00+00:00,ETH,SELL,10.590372733715412,0.010590372733715412,0.15,S3_TREND
2026-05-22 16:00:00+00:00,SOL,SELL,18.199696597317597,0.0181996965973176,0.15,S3_TREND
2026-05-22 17:00:00+00:00,BTC,SELL,18.229103552239394,0.018229103552239393,0.15,S3_TREND
2026-05-22 17:00:00+00:00,ETH,SELL,10.54535869022584,0.01054535869022584,0.15,S3_TREND
2026-05-22 17:00:00+00:00,SOL,SELL,14.759519178755,0.014759519178754999,0.15,S3_TREND
2026-05-22 18:00:00+00:00,BTC,BUY,21.55117839022023,0.02155117839022023,0.15,S3_TREND
2026-05-22 18:00:00+00:00,ETH,BUY,5.450941247130686,0.005450941247130686,0.15,S3_TREND
2026-05-22 18:00:00+00:00,SOL,BUY,32.080610871717,0.032080610871717,0.15,S3_TREND
2026-05-22 19:00:00+00:00,BTC,SELL,15.313765566415896,0.015313765566415895,0.15,S3_TREND
2026-05-22 19:00:00+00:00,ETH,BUY,78.31141864276287,0.07831141864276288,0.15,S3_TREND
2026-05-22 19:00:00+00:00,SOL,BUY,139.6387749718615,0.1396387749718615,0.15,S3_TREND
2026-05-22 20:00:00+00:00,BTC,BUY,49.72277492519606,0.04972277492519606,0.15,S3_TREND
2026-05-22 20:00:00+00:00,ETH,BUY,158.4006854051804,0.1584006854051804,0.15,S3_TREND
2026-05-22 20:00:00+00:00,SOL,BUY,75.63780859619328,0.07563780859619328,0.15,S3_TREND
2026-05-22 21:00:00+00:00,ETH,SELL,31.62552198787853,0.031625521987878526,0.15,S3_TREND
2026-05-22 21:00:00+00:00,SOL,SELL,51.62671382481494,0.05162671382481494,0.15,S3_TREND
2026-05-22 22:00:00+00:00,BTC,BUY,9.792954897253367,0.009792954897253367,0.15,S3_TREND
2026-05-22 22:00:00+00:00,ETH,SELL,23.62920513615245,0.02362920513615245,0.15,S3_TREND
2026-05-22 22:00:00+00:00,SOL,SELL,21.012887569784652,0.021012887569784654,0.15,S3_TREND
2026-05-22 23:00:00+00:00,BTC,BUY,27.489664062688462,0.027489664062688463,0.15,S3_TREND
2026-05-22 23:00:00+00:00,ETH,SELL,7137.297614662276,7.137297614662276,0.075,S6_REVERSAL
2026-05-22 23:00:00+00:00,SOL,BUY,18.993587167557052,0.018993587167557054,0.15,S3_TREND
2026-05-23 00:00:00+00:00,BTC,SELL,14276.28672684075,14.27628672684075,0.0,CASH
2026-05-23 00:00:00+00:00,ETH,BUY,11.614084450097835,0.011614084450097834,0.075,S6_REVERSAL
2026-05-23 00:00:00+00:00,SOL,BUY,68.52729006029949,0.06852729006029949,0.15,S3_TREND
2026-05-23 01:00:00+00:00,BTC,BUY,7143.895770808199,7.143895770808199,0.075,S6_REVERSAL
2026-05-23 01:00:00+00:00,ETH,BUY,3.3661030283456057,0.003366103028345606,0.075,S6_REVERSAL
2026-05-23 01:00:00+00:00,SOL,SELL,8.548018816009062,0.008548018816009062,0.15,S3_TREND
2026-05-23 02:00:00+00:00,BTC,SELL,10.30962422745597,0.01030962422745597,0.075,S6_REVERSAL
2026-05-23 02:00:00+00:00,ETH,SELL,12.181739485640719,0.012181739485640719,0.075,S6_REVERSAL
2026-05-23 02:00:00+00:00,SOL,SELL,9.83490877521217,0.00983490877521217,0.15,S3_TREND
2026-05-23 03:00:00+00:00,BTC,SELL,7.310348938169227,0.007310348938169228,0.075,S6_REVERSAL
2026-05-23 03:00:00+00:00,ETH,BUY,1.8915203619408203,0.0018915203619408202,0.075,S6_REVERSAL
2026-05-23 04:00:00+00:00,BTC,SELL,2.9103156704313733,0.0029103156704313733,0.075,S6_REVERSAL
2026-05-23 04:00:00+00:00,ETH,SELL,4.7467006032220525,0.004746700603222053,0.075,S6_REVERSAL
2026-05-23 04:00:00+00:00,SOL,SELL,19.97993229084568,0.019979932290845683,0.15,S3_TREND
2026-05-23 05:00:00+00:00,BTC,BUY,3.894761469890909,0.0038947614698909092,0.075,S6_REVERSAL
2026-05-23 05:00:00+00:00,ETH,BUY,6.921962428781626,0.006921962428781626,0.075,S6_REVERSAL
2026-05-23 05:00:00+00:00,SOL,BUY,37.022074444803366,0.03702207444480337,0.15,S3_TREND
2026-05-23 06:00:00+00:00,BTC,BUY,4.86672158975307,0.004866721589753069,0.075,S6_REVERSAL
2026-05-23 06:00:00+00:00,ETH,BUY,7.899977068420412,0.007899977068420412,0.075,S6_REVERSAL
2026-05-23 06:00:00+00:00,SOL,SELL,7.838091929850633,0.007838091929850634,0.15,S3_TREND
2026-05-23 07:00:00+00:00,BTC,BUY,4.281801755999368,0.004281801755999368,0.075,S6_REVERSAL
2026-05-23 07:00:00+00:00,ETH,BUY,7.197170885415289,0.00719717088541529,0.075,S6_REVERSAL
2026-05-23 07:00:00+00:00,SOL,BUY,23.052067935144805,0.023052067935144804,0.15,S3_TREND
2026-05-23 08:00:00+00:00,BTC,BUY,34.83494984846038,0.03483494984846038,0.075,S6_REVERSAL
2026-05-23 08:00:00+00:00,ETH,SELL,7026.053932258397,7.026053932258398,0.0,CASH
2026-05-23 08:00:00+00:00,SOL,BUY,262.56596557237935,0.2625659655723794,0.15,S3_TREND
2026-05-23 09:00:00+00:00,BTC,SELL,8.698912748204748,0.008698912748204748,0.075,S6_REVERSAL
2026-05-23 09:00:00+00:00,ETH,BUY,7099.312422279383,7.099312422279383,0.075,S6_REVERSAL
2026-05-23 09:00:00+00:00,SOL,BUY,17.5829597624288,0.0175829597624288,0.15,S3_TREND
2026-05-23 10:00:00+00:00,ETH,BUY,7.5146881062592,0.0075146881062592005,0.075,S6_REVERSAL
2026-05-23 10:00:00+00:00,SOL,SELL,7081.646988671773,7.081646988671773,0.075,S6_REVERSAL
2026-05-23 11:00:00+00:00,BTC,SELL,2.4293329675865607,0.0024293329675865605,0.075,S6_REVERSAL
2026-05-23 11:00:00+00:00,ETH,SELL,12.327047549729286,0.012327047549729287,0.075,S6_REVERSAL
2026-05-23 11:00:00+00:00,SOL,SELL,19.87804185519599,0.01987804185519599,0.075,S6_REVERSAL
2026-05-23 12:00:00+00:00,BTC,SELL,7.299888222854861,0.007299888222854861,0.075,S6_REVERSAL
2026-05-23 12:00:00+00:00,ETH,BUY,1.0558397717859407,0.0010558397717859408,0.075,S6_REVERSAL
2026-05-23 12:00:00+00:00,SOL,SELL,1.812320492537765,0.001812320492537765,0.075,S6_REVERSAL
2026-05-23 13:00:00+00:00,BTC,BUY,4.353848306555847,0.004353848306555847,0.075,S6_REVERSAL
2026-05-23 13:00:00+00:00,ETH,BUY,2.32963363584895,0.0023296336358489497,0.075,S6_REVERSAL
2026-05-23 13:00:00+00:00,SOL,SELL,16.32133370324209,0.01632133370324209,0.075,S6_REVERSAL
2026-05-23 14:00:00+00:00,BTC,SELL,32.0841506537181,0.0320841506537181,0.075,S6_REVERSAL
2026-05-23 14:00:00+00:00,ETH,SELL,36.63864902192108,0.036638649021921085,0.075,S6_REVERSAL
2026-05-23 14:00:00+00:00,SOL,SELL,51.223696155840116,0.05122369615584012,0.075,S6_REVERSAL
2026-05-23 15:00:00+00:00,BTC,SELL,18.12952916229824,0.01812952916229824,0.075,S6_REVERSAL
2026-05-23 15:00:00+00:00,ETH,SELL,45.8003026519591,0.0458003026519591,0.075,S6_REVERSAL
2026-05-23 15:00:00+00:00,SOL,SELL,65.26969601126166,0.06526969601126166,0.075,S6_REVERSAL
2026-05-23 16:00:00+00:00,ETH,BUY,3.9266704922201825,0.003926670492220182,0.075,S6_REVERSAL
2026-05-23 16:00:00+00:00,SOL,BUY,3.4260078461775265,0.0034260078461775265,0.075,S6_REVERSAL
2026-05-23 17:00:00+00:00,BTC,BUY,7.920233064848617,0.007920233064848617,0.075,S6_REVERSAL
2026-05-23 17:00:00+00:00,ETH,SELL,4.851773227954254,0.004851773227954255,0.075,S6_REVERSAL
2026-05-23 17:00:00+00:00,SOL,SELL,1.7398733425970931,0.0017398733425970931,0.075,S6_REVERSAL
2026-05-23 18:00:00+00:00,BTC,SELL,2.4970078121150436,0.0024970078121150435,0.075,S6_REVERSAL
2026-05-23 18:00:00+00:00,ETH,SELL,6.40979818989581,0.0064097981898958096,0.075,S6_REVERSAL
2026-05-23 18:00:00+00:00,SOL,SELL,7.709923725963563,0.007709923725963563,0.075,S6_REVERSAL
2026-05-23 19:00:00+00:00,BTC,SELL,25.391330001109054,0.025391330001109054,0.075,S6_REVERSAL
2026-05-23 19:00:00+00:00,ETH,SELL,27.156186987103865,0.027156186987103866,0.075,S6_REVERSAL
2026-05-23 19:00:00+00:00,SOL,SELL,33.934722763957325,0.03393472276395733,0.075,S6_REVERSAL
2026-05-23 20:00:00+00:00,BTC,SELL,9.609884702786987,0.009609884702786987,0.075,S6_REVERSAL
2026-05-23 20:00:00+00:00,ETH,SELL,7.2231827038440315,0.0072231827038440315,0.075,S6_REVERSAL
2026-05-23 20:00:00+00:00,SOL,SELL,17.715959052303333,0.01771595905230333,0.075,S6_REVERSAL
2026-05-23 21:00:00+00:00,BTC,SELL,82.11997846058149,0.0821199784605815,0.075,S6_REVERSAL
2026-05-23 21:00:00+00:00,ETH,SELL,7374.038601325223,7.374038601325223,0.0,CASH
2026-05-23 21:00:00+00:00,SOL,SELL,136.99504167559462,0.13699504167559462,0.075,S6_REVERSAL
2026-05-23 22:00:00+00:00,BTC,SELL,7132.672114068491,7.132672114068491,0.0,CASH
2026-05-23 22:00:00+00:00,SOL,SELL,7111.4107331506975,7.111410733150698,0.0,CASH
2026-05-24 21:00:00+00:00,ETH,BUY,7167.414823754228,7.1674148237542274,0.075,S6_REVERSAL
2026-05-24 22:00:00+00:00,ETH,BUY,70.91915389089445,0.07091915389089445,0.075,S6_REVERSAL
2026-05-24 22:00:00+00:00,SOL,BUY,7161.083480344932,7.1610834803449315,0.075,S6_REVERSAL
2026-05-24 23:00:00+00:00,ETH,SELL,63.59780955997303,0.06359780955997303,0.075,S6_REVERSAL
2026-05-24 23:00:00+00:00,SOL,SELL,76.94091537042914,0.07694091537042914,0.075,S6_REVERSAL
2026-05-25 00:00:00+00:00,ETH,SELL,22.020600250869393,0.022020600250869393,0.075,S6_REVERSAL
2026-05-25 00:00:00+00:00,SOL,SELL,19.162896376950812,0.019162896376950813,0.075,S6_REVERSAL
2026-05-25 01:00:00+00:00,ETH,SELL,14.673795578966747,0.014673795578966748,0.075,S6_REVERSAL
2026-05-25 01:00:00+00:00,SOL,SELL,16.601258830884035,0.016601258830884036,0.075,S6_REVERSAL
2026-05-25 02:00:00+00:00,ETH,BUY,30.196948980233174,0.030196948980233174,0.075,S6_REVERSAL
2026-05-25 02:00:00+00:00,SOL,BUY,46.15945048070262,0.04615945048070262,0.075,S6_REVERSAL
2026-05-25 03:00:00+00:00,ETH,SELL,12.044323353819891,0.012044323353819891,0.075,S6_REVERSAL
2026-05-25 03:00:00+00:00,SOL,SELL,15.33804176997819,0.01533804176997819,0.075,S6_REVERSAL
2026-05-25 04:00:00+00:00,ETH,BUY,7.90519596336344,0.00790519596336344,0.075,S6_REVERSAL
2026-05-25 04:00:00+00:00,SOL,BUY,9.430969080241084,0.009430969080241084,0.075,S6_REVERSAL
2026-05-25 05:00:00+00:00,ETH,SELL,26.724815598808163,0.026724815598808165,0.075,S6_REVERSAL
2026-05-25 05:00:00+00:00,SOL,SELL,67.6704665310981,0.0676704665310981,0.075,S6_REVERSAL
2026-05-25 06:00:00+00:00,ETH,SELL,6.636672876237753,0.006636672876237754,0.075,S6_REVERSAL
2026-05-25 06:00:00+00:00,SOL,SELL,10.231507063327626,0.010231507063327627,0.075,S6_REVERSAL
2026-05-25 07:00:00+00:00,BTC,BUY,14366.73702349031,14.36673702349031,0.15,S3_TREND
2026-05-25 07:00:00+00:00,ETH,SELL,2.491102435952598,0.002491102435952598,0.075,S6_REVERSAL
2026-05-25 08:00:00+00:00,BTC,BUY,4.027011787869924,0.004027011787869924,0.15,S3_TREND
2026-05-25 08:00:00+00:00,ETH,BUY,7159.0841110486535,7.159084111048654,0.15,S3_TREND
2026-05-25 08:00:00+00:00,SOL,BUY,3.8148780107958373,0.0038148780107958376,0.075,S6_REVERSAL
2026-05-25 09:00:00+00:00,BTC,SELL,8.330930569245538,0.008330930569245538,0.15,S3_TREND
2026-05-25 09:00:00+00:00,ETH,SELL,1.6337083770940808,0.0016337083770940808,0.15,S3_TREND
2026-05-25 09:00:00+00:00,SOL,SELL,5.670195493900792,0.005670195493900792,0.075,S6_REVERSAL
2026-05-25 10:00:00+00:00,BTC,SELL,24.20382102127951,0.02420382102127951,0.15,S3_TREND
2026-05-25 10:00:00+00:00,ETH,BUY,1.8240694289070234,0.0018240694289070234,0.15,S3_TREND
2026-05-25 10:00:00+00:00,SOL,BUY,7195.3554292585695,7.195355429258569,0.15,S3_TREND
2026-05-25 11:00:00+00:00,BTC,BUY,11.441461844580772,0.011441461844580772,0.15,S3_TREND
2026-05-25 11:00:00+00:00,SOL,SELL,21.20980588659404,0.02120980588659404,0.15,S3_TREND
2026-05-25 12:00:00+00:00,BTC,BUY,20.01490885466046,0.020014908854660462,0.15,S3_TREND
2026-05-25 12:00:00+00:00,SOL,BUY,35.239140188818055,0.035239140188818054,0.15,S3_TREND
2026-05-25 13:00:00+00:00,BTC,BUY,3.293400075579484,0.0032934000755794842,0.15,S3_TREND
2026-05-25 13:00:00+00:00,ETH,SELL,11.261228128807488,0.011261228128807489,0.15,S3_TREND
2026-05-25 13:00:00+00:00,SOL,SELL,11.501744739758577,0.011501744739758577,0.15,S3_TREND
2026-05-25 14:00:00+00:00,BTC,BUY,6.669599723854844,0.006669599723854844,0.15,S3_TREND
2026-05-25 14:00:00+00:00,ETH,BUY,8.928559512065476,0.008928559512065476,0.15,S3_TREND
2026-05-25 14:00:00+00:00,SOL,SELL,21.74766050351718,0.02174766050351718,0.15,S3_TREND
2026-05-25 15:00:00+00:00,BTC,SELL,38.32719015518887,0.03832719015518887,0.15,S3_TREND
2026-05-25 15:00:00+00:00,ETH,SELL,50.98835803360271,0.05098835803360271,0.15,S3_TREND
2026-05-25 15:00:00+00:00,SOL,SELL,24.173915571111138,0.024173915571111138,0.15,S3_TREND
2026-05-25 16:00:00+00:00,BTC,BUY,10.154958006336528,0.010154958006336529,0.15,S3_TREND
2026-05-25 16:00:00+00:00,ETH,BUY,2.6297601490223315,0.0026297601490223315,0.15,S3_TREND
2026-05-25 16:00:00+00:00,SOL,BUY,7.71667116567005,0.00771667116567005,0.15,S3_TREND
2026-05-25 17:00:00+00:00,BTC,SELL,7.4354249146199445,0.007435424914619944,0.15,S3_TREND
2026-05-25 17:00:00+00:00,ETH,SELL,50.33759213059784,0.05033759213059784,0.15,S3_TREND
2026-05-25 17:00:00+00:00,SOL,BUY,12.375539069125807,0.012375539069125807,0.15,S3_TREND
2026-05-25 18:00:00+00:00,BTC,BUY,15.573700343122255,0.015573700343122256,0.15,S3_TREND
2026-05-25 18:00:00+00:00,ETH,BUY,36.75223313528477,0.03675223313528477,0.15,S3_TREND
2026-05-25 18:00:00+00:00,SOL,BUY,7.138892409731852,0.007138892409731853,0.15,S3_TREND
2026-05-25 19:00:00+00:00,BTC,SELL,3.7249772078739625,0.0037249772078739624,0.15,S3_TREND
2026-05-25 19:00:00+00:00,ETH,BUY,3.8071993847297563,0.0038071993847297566,0.15,S3_TREND
2026-05-25 19:00:00+00:00,SOL,BUY,27.53325253795265,0.02753325253795265,0.15,S3_TREND
2026-05-25 20:00:00+00:00,BTC,BUY,3.7038518767767528,0.003703851876776753,0.15,S3_TREND
2026-05-25 20:00:00+00:00,ETH,BUY,21.65315428413487,0.021653154284134873,0.15,S3_TREND
2026-05-25 20:00:00+00:00,SOL,BUY,30.06576369459617,0.03006576369459617,0.15,S3_TREND
2026-05-25 21:00:00+00:00,BTC,BUY,7.584868707874193,0.007584868707874193,0.15,S3_TREND
2026-05-25 21:00:00+00:00,ETH,BUY,62.80955554393768,0.06280955554393768,0.15,S3_TREND
2026-05-25 21:00:00+00:00,SOL,BUY,16.531514613745458,0.016531514613745458,0.15,S3_TREND
2026-05-25 22:00:00+00:00,BTC,SELL,13.03427755215671,0.01303427755215671,0.15,S3_TREND
2026-05-25 22:00:00+00:00,ETH,SELL,10.965048901198315,0.010965048901198315,0.15,S3_TREND
2026-05-25 22:00:00+00:00,SOL,BUY,7.7627869563057175,0.007762786956305718,0.15,S3_TREND
2026-05-25 23:00:00+00:00,BTC,BUY,17.46613128556237,0.017466131285562368,0.15,S3_TREND
2026-05-25 23:00:00+00:00,ETH,BUY,20.568729072496353,0.020568729072496354,0.15,S3_TREND
2026-05-25 23:00:00+00:00,SOL,BUY,68.40663317681901,0.06840663317681901,0.15,S3_TREND
2026-05-26 00:00:00+00:00,BTC,SELL,16.299804907372163,0.016299804907372165,0.15,S3_TREND
2026-05-26 00:00:00+00:00,ETH,SELL,42.13334471797498,0.04213334471797498,0.15,S3_TREND
2026-05-26 00:00:00+00:00,SOL,SELL,21.98790175311842,0.021987901753118422,0.15,S3_TREND
2026-05-26 01:00:00+00:00,BTC,BUY,51.25669627606476,0.05125669627606476,0.15,S3_TREND
2026-05-26 01:00:00+00:00,ETH,BUY,56.63581146499382,0.05663581146499382,0.15,S3_TREND
2026-05-26 01:00:00+00:00,SOL,BUY,64.27150209996398,0.06427150209996399,0.15,S3_TREND
2026-05-26 02:00:00+00:00,BTC,SELL,5.01364647594346,0.00501364647594346,0.15,S3_TREND
2026-05-26 02:00:00+00:00,ETH,BUY,11.450319569084968,0.011450319569084969,0.15,S3_TREND
2026-05-26 02:00:00+00:00,SOL,BUY,35.83377163213845,0.03583377163213845,0.15,S3_TREND
2026-05-26 03:00:00+00:00,BTC,BUY,7.380026299675592,0.007380026299675592,0.15,S3_TREND
2026-05-26 03:00:00+00:00,ETH,BUY,27.041397549452086,0.027041397549452086,0.15,S3_TREND
2026-05-26 03:00:00+00:00,SOL,BUY,4.616095637276885,0.0046160956372768855,0.15,S3_TREND
2026-05-26 04:00:00+00:00,BTC,BUY,8.840610194954934,0.008840610194954935,0.15,S3_TREND
2026-05-26 04:00:00+00:00,ETH,SELL,19.650351767404572,0.019650351767404574,0.15,S3_TREND
2026-05-26 04:00:00+00:00,SOL,SELL,24.37467266222302,0.02437467266222302,0.15,S3_TREND
2026-05-26 05:00:00+00:00,BTC,SELL,9.401469698606888,0.009401469698606888,0.15,S3_TREND
2026-05-26 05:00:00+00:00,ETH,BUY,2.635624824302795,0.002635624824302795,0.15,S3_TREND
2026-05-26 05:00:00+00:00,SOL,SELL,17.20754886513896,0.01720754886513896,0.15,S3_TREND
2026-05-26 06:00:00+00:00,BTC,SELL,13.803995487402062,0.013803995487402063,0.15,S3_TREND
2026-05-26 06:00:00+00:00,ETH,SELL,29.470985781023046,0.029470985781023046,0.15,S3_TREND
2026-05-26 06:00:00+00:00,SOL,SELL,29.310533345582368,0.029310533345582368,0.15,S3_TREND
2026-05-26 07:00:00+00:00,BTC,BUY,3.0465954720639274,0.0030465954720639275,0.15,S3_TREND
2026-05-26 07:00:00+00:00,ETH,SELL,6.695109989355842,0.006695109989355842,0.15,S3_TREND
2026-05-26 07:00:00+00:00,SOL,BUY,7.4039583323356055,0.007403958332335606,0.15,S3_TREND
2026-05-26 08:00:00+00:00,BTC,BUY,15.41624348401092,0.01541624348401092,0.15,S3_TREND
2026-05-26 08:00:00+00:00,ETH,BUY,24.11758250227831,0.02411758250227831,0.15,S3_TREND
2026-05-26 08:00:00+00:00,SOL,BUY,24.730419802335746,0.024730419802335746,0.15,S3_TREND
2026-05-26 09:00:00+00:00,BTC,BUY,4.416997629605248,0.004416997629605248,0.15,S3_TREND
2026-05-26 09:00:00+00:00,ETH,SELL,7.663065302436735,0.007663065302436735,0.15,S3_TREND
2026-05-26 09:00:00+00:00,SOL,SELL,9.962412728480558,0.00996241272848056,0.15,S3_TREND
2026-05-26 10:00:00+00:00,BTC,BUY,8.863159858361541,0.008863159858361542,0.15,S3_TREND
2026-05-26 10:00:00+00:00,ETH,BUY,1.9089145888192434,0.0019089145888192434,0.15,S3_TREND
2026-05-26 10:00:00+00:00,SOL,SELL,6.301829452786479,0.006301829452786479,0.15,S3_TREND
2026-05-26 11:00:00+00:00,BTC,SELL,60.67635773973233,0.06067635773973233,0.15,S3_TREND
2026-05-26 11:00:00+00:00,ETH,SELL,129.13113798569066,0.12913113798569065,0.15,S3_TREND
2026-05-26 11:00:00+00:00,SOL,SELL,105.52230567751577,0.10552230567751578,0.15,S3_TREND
2026-05-26 12:00:00+00:00,BTC,BUY,23.356061258526097,0.023356061258526097,0.15,S3_TREND
2026-05-26 12:00:00+00:00,ETH,BUY,21.99514623334835,0.02199514623334835,0.15,S3_TREND
2026-05-26 12:00:00+00:00,SOL,SELL,7136.627876897804,7.136627876897804,0.075,S6_REVERSAL
2026-05-26 13:00:00+00:00,BTC,BUY,13.52636528563562,0.013526365285635621,0.15,S3_TREND
2026-05-26 13:00:00+00:00,ETH,SELL,31.134080556690606,0.031134080556690605,0.15,S3_TREND
2026-05-26 13:00:00+00:00,SOL,SELL,6.39819354546853,0.00639819354546853,0.075,S6_REVERSAL
2026-05-26 14:00:00+00:00,BTC,SELL,14.185626531549133,0.014185626531549133,0.15,S3_TREND
2026-05-26 14:00:00+00:00,ETH,SELL,14344.009270021435,14.344009270021436,0.0,CASH
2026-05-26 14:00:00+00:00,SOL,SELL,13.85713217565717,0.01385713217565717,0.075,S6_REVERSAL
2026-05-26 15:00:00+00:00,BTC,BUY,45.43397488943265,0.04543397488943265,0.15,S3_TREND
2026-05-26 15:00:00+00:00,SOL,BUY,16.150753973587598,0.0161507539735876,0.075,S6_REVERSAL
2026-05-26 16:00:00+00:00,BTC,BUY,52.44755158323278,0.052447551583232783,0.15,S3_TREND
2026-05-26 16:00:00+00:00,SOL,BUY,52.12519397945562,0.05212519397945562,0.075,S6_REVERSAL
2026-05-26 17:00:00+00:00,BTC,SELL,9.667301081852202,0.009667301081852202,0.15,S3_TREND
2026-05-26 17:00:00+00:00,SOL,BUY,20.932145081136696,0.020932145081136697,0.075,S6_REVERSAL
2026-05-26 18:00:00+00:00,BTC,BUY,90.85376562339115,0.09085376562339116,0.15,S3_TREND
2026-05-26 18:00:00+00:00,SOL,BUY,41.57411276470975,0.04157411276470975,0.075,S6_REVERSAL
2026-05-26 19:00:00+00:00,BTC,BUY,15.617198082925825,0.015617198082925825,0.15,S3_TREND
2026-05-26 19:00:00+00:00,SOL,SELL,4.507394389696856,0.004507394389696856,0.075,S6_REVERSAL
2026-05-26 20:00:00+00:00,BTC,SELL,31.688473502203124,0.03168847350220312,0.15,S3_TREND
2026-05-26 20:00:00+00:00,SOL,SELL,10.447696327170888,0.010447696327170889,0.075,S6_REVERSAL
2026-05-26 21:00:00+00:00,BTC,SELL,6.981331411880092,0.006981331411880092,0.15,S3_TREND
2026-05-26 21:00:00+00:00,SOL,SELL,10.27694928643541,0.01027694928643541,0.075,S6_REVERSAL
2026-05-26 22:00:00+00:00,BTC,BUY,31.567430000226523,0.03156743000022652,0.15,S3_TREND
2026-05-26 22:00:00+00:00,SOL,BUY,15.853578238020418,0.01585357823802042,0.075,S6_REVERSAL
2026-05-26 23:00:00+00:00,BTC,BUY,22.04768018645882,0.02204768018645882,0.15,S3_TREND
2026-05-26 23:00:00+00:00,SOL,BUY,1.164083874438802,0.001164083874438802,0.075,S6_REVERSAL
2026-05-27 00:00:00+00:00,BTC,SELL,28.123227909245543,0.028123227909245544,0.15,S3_TREND
2026-05-27 00:00:00+00:00,SOL,SELL,2.9703652278767545,0.0029703652278767548,0.075,S6_REVERSAL
2026-05-27 01:00:00+00:00,BTC,SELL,19.682705449235073,0.019682705449235074,0.15,S3_TREND
2026-05-27 01:00:00+00:00,SOL,SELL,29.39468707261858,0.02939468707261858,0.075,S6_REVERSAL
2026-05-27 02:00:00+00:00,BTC,BUY,29.587537468218216,0.029587537468218215,0.15,S3_TREND
2026-05-27 02:00:00+00:00,SOL,BUY,19.085862799987808,0.019085862799987807,0.075,S6_REVERSAL
2026-05-27 03:00:00+00:00,BTC,BUY,1.1476268541409809,0.001147626854140981,0.15,S3_TREND
2026-05-27 03:00:00+00:00,SOL,SELL,8.65372192445102,0.00865372192445102,0.075,S6_REVERSAL
2026-05-27 04:00:00+00:00,BTC,BUY,27.044013121128955,0.027044013121128956,0.15,S3_TREND
2026-05-27 04:00:00+00:00,ETH,BUY,7142.398490880117,7.142398490880117,0.075,S6_REVERSAL
2026-05-27 04:00:00+00:00,SOL,BUY,24.002551214230152,0.02400255121423015,0.075,S6_REVERSAL
2026-05-27 05:00:00+00:00,BTC,SELL,7124.085023225082,7.124085023225082,0.075,S6_REVERSAL
2026-05-27 05:00:00+00:00,ETH,SELL,8.905055709543376,0.008905055709543376,0.075,S6_REVERSAL
2026-05-27 05:00:00+00:00,SOL,SELL,3.0224365517478877,0.0030224365517478877,0.075,S6_REVERSAL
2026-05-27 06:00:00+00:00,BTC,SELL,7.996805785336619,0.00799680578533662,0.075,S6_REVERSAL
2026-05-27 06:00:00+00:00,ETH,SELL,14.571418447068936,0.014571418447068937,0.075,S6_REVERSAL
2026-05-27 06:00:00+00:00,SOL,SELL,18.099682524185482,0.018099682524185482,0.075,S6_REVERSAL
2026-05-27 07:00:00+00:00,BTC,SELL,10.619199623075474,0.010619199623075474,0.075,S6_REVERSAL
2026-05-27 07:00:00+00:00,ETH,SELL,5.047392752513588,0.005047392752513588,0.075,S6_REVERSAL
2026-05-27 07:00:00+00:00,SOL,SELL,11.821516761269777,0.011821516761269777,0.075,S6_REVERSAL
2026-05-27 08:00:00+00:00,BTC,SELL,10.113771143476697,0.010113771143476698,0.075,S6_REVERSAL
2026-05-27 08:00:00+00:00,ETH,SELL,11.322894112895483,0.011322894112895483,0.075,S6_REVERSAL
2026-05-27 08:00:00+00:00,SOL,SELL,8.963818253678255,0.008963818253678256,0.075,S6_REVERSAL
2026-05-27 09:00:00+00:00,BTC,BUY,7.6553304517656215,0.0076553304517656216,0.075,S6_REVERSAL
2026-05-27 09:00:00+00:00,ETH,SELL,6.54955475776751,0.00654955475776751,0.075,S6_REVERSAL
2026-05-27 09:00:00+00:00,SOL,BUY,20.804063617323663,0.020804063617323666,0.075,S6_REVERSAL
2026-05-27 10:00:00+00:00,BTC,SELL,4.827695594558463,0.004827695594558463,0.075,S6_REVERSAL
2026-05-27 10:00:00+00:00,ETH,BUY,4.708073402915943,0.004708073402915943,0.075,S6_REVERSAL
2026-05-27 10:00:00+00:00,SOL,BUY,11.654874318509428,0.011654874318509428,0.075,S6_REVERSAL
2026-05-27 11:00:00+00:00,ETH,BUY,13.282705655188693,0.013282705655188692,0.075,S6_REVERSAL
2026-05-27 11:00:00+00:00,SOL,SELL,14.42569666086365,0.01442569666086365,0.075,S6_REVERSAL
2026-05-27 12:00:00+00:00,BTC,BUY,12.85435454079743,0.012854354540797431,0.075,S6_REVERSAL
2026-05-27 12:00:00+00:00,ETH,SELL,4.33304846721785,0.00433304846721785,0.075,S6_REVERSAL
2026-05-27 13:00:00+00:00,BTC,BUY,6.552429128597396,0.006552429128597396,0.075,S6_REVERSAL
2026-05-27 13:00:00+00:00,ETH,BUY,5.079430035911173,0.005079430035911174,0.075,S6_REVERSAL
2026-05-27 14:00:00+00:00,BTC,BUY,48.08045339478849,0.048080453394788496,0.075,S6_REVERSAL
2026-05-27 14:00:00+00:00,ETH,BUY,39.0058847518967,0.0390058847518967,0.075,S6_REVERSAL
2026-05-27 14:00:00+00:00,SOL,BUY,14.62462933736606,0.014624629337366059,0.075,S6_REVERSAL
2026-05-27 15:00:00+00:00,BTC,BUY,4.873934771556378,0.004873934771556379,0.075,S6_REVERSAL
2026-05-27 15:00:00+00:00,ETH,BUY,7.498076612258046,0.0074980766122580466,0.075,S6_REVERSAL
2026-05-27 15:00:00+00:00,SOL,SELL,22.10094637246857,0.02210094637246857,0.075,S6_REVERSAL
2026-05-27 16:00:00+00:00,BTC,SELL,20.219212061477265,0.020219212061477265,0.075,S6_REVERSAL
2026-05-27 16:00:00+00:00,ETH,SELL,22.589827945455,0.022589827945455,0.075,S6_REVERSAL
2026-05-27 16:00:00+00:00,SOL,SELL,37.32135262985321,0.037321352629853206,0.075,S6_REVERSAL
2026-05-27 17:00:00+00:00,ETH,BUY,2.1753262977954364,0.0021753262977954363,0.075,S6_REVERSAL
2026-05-27 17:00:00+00:00,SOL,BUY,19.860563763428217,0.019860563763428218,0.075,S6_REVERSAL
2026-05-27 18:00:00+00:00,BTC,BUY,29.277084680457847,0.029277084680457848,0.075,S6_REVERSAL
2026-05-27 18:00:00+00:00,ETH,BUY,48.90435540881299,0.048904355408812994,0.075,S6_REVERSAL
2026-05-27 18:00:00+00:00,SOL,BUY,53.429180670384085,0.05342918067038409,0.075,S6_REVERSAL
2026-05-27 19:00:00+00:00,BTC,SELL,10.032982043561788,0.010032982043561787,0.075,S6_REVERSAL
2026-05-27 19:00:00+00:00,ETH,SELL,9.658940938320484,0.009658940938320483,0.075,S6_REVERSAL
2026-05-27 19:00:00+00:00,SOL,SELL,40.35902460526904,0.040359024605269044,0.075,S6_REVERSAL
2026-05-27 20:00:00+00:00,BTC,SELL,3.404335742926378,0.003404335742926378,0.075,S6_REVERSAL
2026-05-27 20:00:00+00:00,ETH,SELL,2.2574149377223875,0.0022574149377223877,0.075,S6_REVERSAL
2026-05-27 20:00:00+00:00,SOL,BUY,2.044201226473888,0.0020442012264738877,0.075,S6_REVERSAL
2026-05-27 21:00:00+00:00,BTC,SELL,17.4523903208883,0.0174523903208883,0.075,S6_REVERSAL
2026-05-27 21:00:00+00:00,ETH,SELL,17.85307388694673,0.017853073886946732,0.075,S6_REVERSAL
2026-05-27 21:00:00+00:00,SOL,BUY,10.86639705732432,0.01086639705732432,0.075,S6_REVERSAL
2026-05-27 22:00:00+00:00,BTC,SELL,7061.300573752136,7.061300573752137,0.0,CASH
2026-05-27 22:00:00+00:00,ETH,SELL,6991.118490047889,6.9911184900478895,0.0,CASH
2026-05-27 22:00:00+00:00,SOL,SELL,7024.052987651919,7.024052987651919,0.0,CASH
2026-05-27 23:00:00+00:00,ETH,BUY,7110.561001957278,7.110561001957278,0.075,S6_REVERSAL
2026-05-28 00:00:00+00:00,ETH,BUY,1.122927202935898,0.001122927202935898,0.075,S6_REVERSAL
2026-05-28 01:00:00+00:00,ETH,SELL,11.043290222840369,0.01104329022284037,0.075,S6_REVERSAL
2026-05-28 02:00:00+00:00,ETH,BUY,25.651027538790913,0.025651027538790915,0.075,S6_REVERSAL
2026-05-28 03:00:00+00:00,ETH,BUY,8.362679874648165,0.008362679874648166,0.075,S6_REVERSAL
2026-05-28 04:00:00+00:00,BTC,BUY,7098.4629971019685,7.098462997101969,0.075,S6_REVERSAL
2026-05-28 04:00:00+00:00,ETH,SELL,6980.504355873485,6.980504355873485,0.0,CASH
2026-05-28 05:00:00+00:00,BTC,BUY,5.760401298616671,0.0057604012986166705,0.075,S6_REVERSAL
2026-05-28 05:00:00+00:00,ETH,BUY,7096.854399643731,7.096854399643731,0.075,S6_REVERSAL
2026-05-28 06:00:00+00:00,BTC,BUY,15.58462092125319,0.01558462092125319,0.075,S6_REVERSAL
2026-05-28 06:00:00+00:00,ETH,BUY,10.694564244863614,0.010694564244863614,0.075,S6_REVERSAL
2026-05-28 06:00:00+00:00,SOL,BUY,7093.908946705461,7.0939089467054615,0.075,S6_REVERSAL
2026-05-28 07:00:00+00:00,BTC,SELL,16.305872323667245,0.016305872323667245,0.075,S6_REVERSAL
2026-05-28 07:00:00+00:00,ETH,SELL,15.616672627445041,0.015616672627445042,0.075,S6_REVERSAL
2026-05-28 07:00:00+00:00,SOL,SELL,19.45162449813506,0.01945162449813506,0.075,S6_REVERSAL
2026-05-28 08:00:00+00:00,BTC,SELL,21.499835771974176,0.021499835771974177,0.075,S6_REVERSAL
2026-05-28 08:00:00+00:00,ETH,SELL,33.97319873644574,0.03397319873644574,0.075,S6_REVERSAL
2026-05-28 08:00:00+00:00,SOL,SELL,18.289368931736135,0.018289368931736136,0.075,S6_REVERSAL
2026-05-28 09:00:00+00:00,BTC,BUY,11.668599484445622,0.011668599484445622,0.075,S6_REVERSAL
2026-05-28 09:00:00+00:00,ETH,BUY,20.98565198567485,0.02098565198567485,0.075,S6_REVERSAL
2026-05-28 09:00:00+00:00,SOL,BUY,18.63775474526392,0.01863775474526392,0.075,S6_REVERSAL
2026-05-28 10:00:00+00:00,BTC,SELL,16.17116708104095,0.01617116708104095,0.075,S6_REVERSAL
2026-05-28 10:00:00+00:00,ETH,SELL,15.921647792202746,0.015921647792202745,0.075,S6_REVERSAL
2026-05-28 10:00:00+00:00,SOL,SELL,16.3569595399249,0.0163569595399249,0.075,S6_REVERSAL
2026-05-28 11:00:00+00:00,BTC,BUY,8.475590897923212,0.008475590897923211,0.075,S6_REVERSAL
2026-05-28 11:00:00+00:00,ETH,BUY,8.084846335512339,0.008084846335512338,0.075,S6_REVERSAL
2026-05-28 11:00:00+00:00,SOL,BUY,36.814688203844526,0.03681468820384453,0.075,S6_REVERSAL
2026-05-28 12:00:00+00:00,BTC,SELL,8.71647313568792,0.00871647313568792,0.075,S6_REVERSAL
2026-05-28 12:00:00+00:00,ETH,BUY,3.0714858272203855,0.0030714858272203856,0.075,S6_REVERSAL
2026-05-28 12:00:00+00:00,SOL,SELL,9.9282094052287,0.0099282094052287,0.075,S6_REVERSAL
2026-05-28 13:00:00+00:00,BTC,BUY,1.141267770864033,0.001141267770864033,0.075,S6_REVERSAL
2026-05-28 13:00:00+00:00,ETH,SELL,4.802119840553132,0.004802119840553132,0.075,S6_REVERSAL
2026-05-28 13:00:00+00:00,SOL,SELL,20.49297414926241,0.02049297414926241,0.075,S6_REVERSAL
2026-05-28 14:00:00+00:00,BTC,BUY,39.26856757734549,0.039268567577345495,0.075,S6_REVERSAL
2026-05-28 14:00:00+00:00,ETH,BUY,28.18259104154731,0.02818259104154731,0.075,S6_REVERSAL
2026-05-28 14:00:00+00:00,SOL,BUY,21.98444347692657,0.02198444347692657,0.075,S6_REVERSAL
2026-05-28 15:00:00+00:00,BTC,BUY,4.939266507592947,0.004939266507592947,0.075,S6_REVERSAL
2026-05-28 15:00:00+00:00,ETH,SELL,37.16856588868086,0.03716856588868086,0.075,S6_REVERSAL
2026-05-28 15:00:00+00:00,SOL,SELL,29.993634076947274,0.029993634076947273,0.075,S6_REVERSAL
2026-05-28 16:00:00+00:00,BTC,BUY,8.259184530445054,0.008259184530445055,0.075,S6_REVERSAL
2026-05-28 16:00:00+00:00,ETH,BUY,8.658353754310156,0.008658353754310157,0.075,S6_REVERSAL
2026-05-28 16:00:00+00:00,SOL,BUY,2.487672868383015,0.002487672868383015,0.075,S6_REVERSAL
2026-05-28 17:00:00+00:00,BTC,SELL,33.969311234183806,0.033969311234183806,0.075,S6_REVERSAL
2026-05-28 17:00:00+00:00,ETH,SELL,64.48382665083773,0.06448382665083773,0.075,S6_REVERSAL
2026-05-28 17:00:00+00:00,SOL,SELL,65.49437684354143,0.06549437684354144,0.075,S6_REVERSAL
2026-05-28 18:00:00+00:00,BTC,SELL,7.133725210860575,0.007133725210860575,0.075,S6_REVERSAL
2026-05-28 18:00:00+00:00,ETH,SELL,18.44637538414827,0.01844637538414827,0.075,S6_REVERSAL
2026-05-28 18:00:00+00:00,SOL,SELL,15.145229684285367,0.015145229684285368,0.075,S6_REVERSAL
2026-05-28 19:00:00+00:00,BTC,SELL,3.502849090734344,0.003502849090734344,0.075,S6_REVERSAL
2026-05-28 19:00:00+00:00,ETH,SELL,13.364933947070313,0.013364933947070314,0.075,S6_REVERSAL
2026-05-28 19:00:00+00:00,SOL,SELL,45.04726763326926,0.04504726763326926,0.075,S6_REVERSAL
2026-05-28 20:00:00+00:00,BTC,BUY,13.557238271913775,0.013557238271913775,0.075,S6_REVERSAL
2026-05-28 20:00:00+00:00,ETH,BUY,27.766819467910864,0.027766819467910864,0.075,S6_REVERSAL
2026-05-28 20:00:00+00:00,SOL,BUY,51.99263236162005,0.05199263236162006,0.075,S6_REVERSAL
2026-05-28 21:00:00+00:00,BTC,SELL,13.745215866405488,0.013745215866405489,0.075,S6_REVERSAL
2026-05-28 21:00:00+00:00,ETH,BUY,3.3126705784798105,0.0033126705784798107,0.075,S6_REVERSAL
2026-05-28 21:00:00+00:00,SOL,SELL,8.561612894813152,0.008561612894813152,0.075,S6_REVERSAL
2026-05-28 22:00:00+00:00,BTC,SELL,18.724728245429105,0.018724728245429107,0.075,S6_REVERSAL
2026-05-28 22:00:00+00:00,ETH,SELL,17.14883212937184,0.01714883212937184,0.075,S6_REVERSAL
2026-05-28 22:00:00+00:00,SOL,SELL,7.8765480897709494,0.00787654808977095,0.075,S6_REVERSAL
2026-05-28 23:00:00+00:00,BTC,BUY,24.947579955934998,0.024947579955935,0.075,S6_REVERSAL
2026-05-28 23:00:00+00:00,ETH,BUY,42.3025983250227,0.0423025983250227,0.075,S6_REVERSAL
2026-05-28 23:00:00+00:00,SOL,BUY,26.356846402046358,0.026356846402046358,0.075,S6_REVERSAL
2026-05-29 00:00:00+00:00,BTC,SELL,11.958098756032996,0.011958098756032997,0.075,S6_REVERSAL
2026-05-29 00:00:00+00:00,ETH,SELL,12.38623974303573,0.01238623974303573,0.075,S6_REVERSAL
2026-05-29 00:00:00+00:00,SOL,SELL,4.975642358828736,0.004975642358828736,0.075,S6_REVERSAL
2026-05-29 01:00:00+00:00,BTC,SELL,6.795772605237289,0.006795772605237289,0.075,S6_REVERSAL
2026-05-29 01:00:00+00:00,ETH,SELL,6.304434381093415,0.006304434381093415,0.075,S6_REVERSAL
2026-05-29 01:00:00+00:00,SOL,SELL,15.437715084524825,0.015437715084524826,0.075,S6_REVERSAL
2026-05-29 02:00:00+00:00,BTC,BUY,9.671140788782395,0.009671140788782395,0.075,S6_REVERSAL
2026-05-29 02:00:00+00:00,ETH,BUY,12.089086297829454,0.012089086297829454,0.075,S6_REVERSAL
2026-05-29 02:00:00+00:00,SOL,BUY,7.5375338851672495,0.007537533885167249,0.075,S6_REVERSAL
2026-05-29 03:00:00+00:00,BTC,BUY,25.80917418222998,0.025809174182229982,0.075,S6_REVERSAL
2026-05-29 03:00:00+00:00,ETH,BUY,22.717143427757037,0.022717143427757037,0.075,S6_REVERSAL
2026-05-29 03:00:00+00:00,SOL,BUY,46.22289986740361,0.04622289986740361,0.075,S6_REVERSAL
2026-05-29 04:00:00+00:00,BTC,SELL,5.595226536669543,0.005595226536669543,0.075,S6_REVERSAL
2026-05-29 04:00:00+00:00,ETH,SELL,10.829211291307729,0.01082921129130773,0.075,S6_REVERSAL
2026-05-29 04:00:00+00:00,SOL,SELL,2.5308548742495987,0.002530854874249599,0.075,S6_REVERSAL
2026-05-29 05:00:00+00:00,BTC,SELL,14.945742080669334,0.014945742080669334,0.075,S6_REVERSAL
2026-05-29 05:00:00+00:00,ETH,SELL,15.256089915174925,0.015256089915174926,0.075,S6_REVERSAL
2026-05-29 05:00:00+00:00,SOL,SELL,21.952641199618483,0.021952641199618483,0.075,S6_REVERSAL
2026-05-29 06:00:00+00:00,BTC,SELL,15.302513691527565,0.015302513691527566,0.075,S6_REVERSAL
2026-05-29 06:00:00+00:00,ETH,SELL,17.537772031578243,0.017537772031578244,0.075,S6_REVERSAL
2026-05-29 06:00:00+00:00,SOL,SELL,7.397940386942537,0.007397940386942537,0.075,S6_REVERSAL
2026-05-29 07:00:00+00:00,BTC,SELL,4.615673182705905,0.004615673182705905,0.075,S6_REVERSAL
2026-05-29 07:00:00+00:00,ETH,SELL,9.330913840566609,0.009330913840566609,0.075,S6_REVERSAL
2026-05-29 07:00:00+00:00,SOL,SELL,18.542825051964428,0.018542825051964428,0.075,S6_REVERSAL
2026-05-29 08:00:00+00:00,BTC,BUY,19.84428083108014,0.01984428083108014,0.075,S6_REVERSAL
2026-05-29 08:00:00+00:00,ETH,BUY,31.945833254056197,0.0319458332540562,0.075,S6_REVERSAL
2026-05-29 09:00:00+00:00,BTC,SELL,11.707974205028222,0.011707974205028223,0.075,S6_REVERSAL
2026-05-29 09:00:00+00:00,ETH,BUY,5.690055124077844,0.005690055124077844,0.075,S6_REVERSAL
2026-05-29 09:00:00+00:00,SOL,BUY,2.263762134364697,0.002263762134364697,0.075,S6_REVERSAL
2026-05-29 10:00:00+00:00,BTC,SELL,4.498418770382159,0.004498418770382159,0.075,S6_REVERSAL
2026-05-29 10:00:00+00:00,ETH,SELL,26.618286697060284,0.026618286697060286,0.075,S6_REVERSAL
2026-05-29 10:00:00+00:00,SOL,SELL,13.824958656884519,0.013824958656884519,0.075,S6_REVERSAL
2026-05-29 11:00:00+00:00,BTC,BUY,6.982113172267418,0.006982113172267418,0.075,S6_REVERSAL
2026-05-29 11:00:00+00:00,ETH,BUY,9.511856434073707,0.009511856434073707,0.075,S6_REVERSAL
2026-05-29 11:00:00+00:00,SOL,BUY,21.377088330056722,0.021377088330056724,0.075,S6_REVERSAL
2026-05-29 12:00:00+00:00,BTC,BUY,9.637381689144604,0.009637381689144605,0.075,S6_REVERSAL
2026-05-29 12:00:00+00:00,ETH,BUY,7.954520824064275,0.007954520824064275,0.075,S6_REVERSAL
2026-05-29 12:00:00+00:00,SOL,BUY,29.247989090505143,0.029247989090505144,0.075,S6_REVERSAL
2026-05-29 13:00:00+00:00,BTC,BUY,13.307240161196205,0.013307240161196205,0.075,S6_REVERSAL
2026-05-29 13:00:00+00:00,ETH,BUY,22.333637090803677,0.022333637090803677,0.075,S6_REVERSAL
2026-05-29 13:00:00+00:00,SOL,BUY,19.05778460248166,0.01905778460248166,0.075,S6_REVERSAL
2026-05-29 14:00:00+00:00,BTC,BUY,14.020023463341204,0.014020023463341203,0.075,S6_REVERSAL
2026-05-29 14:00:00+00:00,SOL,BUY,1.9926476374948834,0.0019926476374948834,0.075,S6_REVERSAL
2026-05-29 15:00:00+00:00,BTC,BUY,3.389463031748164,0.003389463031748164,0.075,S6_REVERSAL
2026-05-29 15:00:00+00:00,ETH,SELL,9.237973716046326,0.009237973716046326,0.075,S6_REVERSAL
2026-05-29 15:00:00+00:00,SOL,BUY,9.210986740772569,0.00921098674077257,0.075,S6_REVERSAL
2026-05-29 16:00:00+00:00,BTC,SELL,47.84781565136291,0.04784781565136291,0.075,S6_REVERSAL
2026-05-29 16:00:00+00:00,ETH,SELL,84.35751178648661,0.08435751178648661,0.075,S6_REVERSAL
2026-05-29 16:00:00+00:00,SOL,SELL,87.89734274435614,0.08789734274435614,0.075,S6_REVERSAL
2026-05-29 17:00:00+00:00,BTC,SELL,17.59524517983482,0.01759524517983482,0.075,S6_REVERSAL
2026-05-29 17:00:00+00:00,ETH,SELL,24.634998013362747,0.024634998013362747,0.075,S6_REVERSAL
2026-05-29 17:00:00+00:00,SOL,SELL,23.830522895750622,0.023830522895750623,0.075,S6_REVERSAL
2026-05-29 18:00:00+00:00,BTC,BUY,2.6938784027843212,0.0026938784027843213,0.075,S6_REVERSAL
2026-05-29 18:00:00+00:00,ETH,BUY,37.992488308472275,0.03799248830847227,0.075,S6_REVERSAL
2026-05-29 18:00:00+00:00,SOL,BUY,6.598277309780315,0.006598277309780315,0.075,S6_REVERSAL
2026-05-29 19:00:00+00:00,BTC,BUY,44.81761710851242,0.044817617108512425,0.075,S6_REVERSAL
2026-05-29 19:00:00+00:00,ETH,BUY,45.674952273042436,0.045674952273042434,0.075,S6_REVERSAL
2026-05-29 19:00:00+00:00,SOL,BUY,50.09279470407182,0.050092794704071825,0.075,S6_REVERSAL
2026-05-29 20:00:00+00:00,BTC,SELL,11.612619193626415,0.011612619193626415,0.075,S6_REVERSAL
2026-05-29 20:00:00+00:00,ETH,SELL,17.10806837864766,0.01710806837864766,0.075,S6_REVERSAL
2026-05-29 20:00:00+00:00,SOL,BUY,2.521773724252853,0.0025217737242528527,0.075,S6_REVERSAL
2026-05-29 21:00:00+00:00,BTC,SELL,12.305423019332922,0.012305423019332922,0.075,S6_REVERSAL
2026-05-29 21:00:00+00:00,ETH,SELL,1.7326192569771592,0.0017326192569771593,0.075,S6_REVERSAL
2026-05-29 21:00:00+00:00,SOL,SELL,12.206559047649534,0.012206559047649534,0.075,S6_REVERSAL
2026-05-29 22:00:00+00:00,BTC,BUY,17.932741204197555,0.017932741204197557,0.075,S6_REVERSAL
2026-05-29 22:00:00+00:00,ETH,BUY,23.289557934158438,0.023289557934158437,0.075,S6_REVERSAL
2026-05-29 22:00:00+00:00,SOL,BUY,37.40813462482765,0.03740813462482765,0.075,S6_REVERSAL
2026-05-29 23:00:00+00:00,BTC,SELL,3.7229005717708787,0.003722900571770879,0.075,S6_REVERSAL
2026-05-29 23:00:00+00:00,ETH,SELL,12.173881676278143,0.012173881676278142,0.075,S6_REVERSAL
2026-05-29 23:00:00+00:00,SOL,SELL,20.030219300982935,0.020030219300982935,0.075,S6_REVERSAL
2026-05-30 00:00:00+00:00,BTC,BUY,2.611784776132481,0.002611784776132481,0.075,S6_REVERSAL
2026-05-30 00:00:00+00:00,ETH,SELL,2.0975725535245147,0.0020975725535245147,0.075,S6_REVERSAL
2026-05-30 00:00:00+00:00,SOL,SELL,4.796495061542373,0.004796495061542373,0.075,S6_REVERSAL
2026-05-30 01:00:00+00:00,BTC,SELL,1.660270620407573,0.0016602706204075731,0.075,S6_REVERSAL
2026-05-30 01:00:00+00:00,ETH,BUY,1.2806574154019472,0.0012806574154019471,0.075,S6_REVERSAL
2026-05-30 01:00:00+00:00,SOL,SELL,20.52794833124335,0.020527948331243353,0.075,S6_REVERSAL
2026-05-30 02:00:00+00:00,BTC,SELL,9.632505219517043,0.009632505219517043,0.075,S6_REVERSAL
2026-05-30 02:00:00+00:00,ETH,SELL,10.864532913036783,0.010864532913036783,0.075,S6_REVERSAL
2026-05-30 02:00:00+00:00,SOL,SELL,39.19645996541931,0.03919645996541931,0.075,S6_REVERSAL
2026-05-30 03:00:00+00:00,BTC,SELL,10.061290951581213,0.010061290951581214,0.075,S6_REVERSAL
2026-05-30 03:00:00+00:00,ETH,SELL,4.236696213144569,0.004236696213144569,0.075,S6_REVERSAL
2026-05-30 03:00:00+00:00,SOL,SELL,10.506727378048708,0.010506727378048709,0.075,S6_REVERSAL
2026-05-30 04:00:00+00:00,BTC,BUY,20.339105259571625,0.020339105259571624,0.075,S6_REVERSAL
2026-05-30 04:00:00+00:00,ETH,BUY,10.869535048237594,0.010869535048237594,0.075,S6_REVERSAL
2026-05-30 04:00:00+00:00,SOL,BUY,20.7355647987024,0.020735564798702397,0.075,S6_REVERSAL
2026-05-30 05:00:00+00:00,BTC,BUY,6.995082054451814,0.006995082054451814,0.075,S6_REVERSAL
2026-05-30 05:00:00+00:00,ETH,BUY,16.515301683681173,0.016515301683681174,0.075,S6_REVERSAL
2026-05-30 05:00:00+00:00,SOL,BUY,25.407713056122702,0.025407713056122702,0.075,S6_REVERSAL
2026-05-30 06:00:00+00:00,BTC,SELL,15.015425188595145,0.015015425188595145,0.075,S6_REVERSAL
2026-05-30 06:00:00+00:00,ETH,SELL,13.608890396210882,0.013608890396210882,0.075,S6_REVERSAL
2026-05-30 06:00:00+00:00,SOL,SELL,18.75868081264889,0.018758680812648892,0.075,S6_REVERSAL
2026-05-30 07:00:00+00:00,BTC,BUY,1.3503535675899911,0.0013503535675899912,0.075,S6_REVERSAL
2026-05-30 07:00:00+00:00,ETH,SELL,4.257801690268025,0.0042578016902680245,0.075,S6_REVERSAL
2026-05-30 07:00:00+00:00,SOL,BUY,8.899224554935245,0.008899224554935244,0.075,S6_REVERSAL
2026-05-30 08:00:00+00:00,BTC,BUY,2.3663052905740187,0.002366305290574019,0.075,S6_REVERSAL
2026-05-30 08:00:00+00:00,ETH,BUY,1.2103717346835765,0.0012103717346835766,0.075,S6_REVERSAL
2026-05-30 08:00:00+00:00,SOL,BUY,8.340817943600086,0.008340817943600087,0.075,S6_REVERSAL
2026-05-30 09:00:00+00:00,ETH,BUY,6.01122245903116,0.0060112224590311595,0.075,S6_REVERSAL
2026-05-30 09:00:00+00:00,SOL,BUY,10.484578745830731,0.010484578745830732,0.075,S6_REVERSAL
2026-05-30 10:00:00+00:00,BTC,SELL,6.05651460388799,0.006056514603887991,0.075,S6_REVERSAL
2026-05-30 10:00:00+00:00,ETH,SELL,7.2635799918271005,0.0072635799918271005,0.075,S6_REVERSAL
2026-05-30 10:00:00+00:00,SOL,SELL,7.4910159527207725,0.007491015952720772,0.075,S6_REVERSAL
2026-05-30 11:00:00+00:00,BTC,SELL,2.9727079973317814,0.0029727079973317816,0.075,S6_REVERSAL
2026-05-30 11:00:00+00:00,ETH,SELL,3.302632196956438,0.003302632196956438,0.075,S6_REVERSAL
2026-05-30 11:00:00+00:00,SOL,SELL,3.389723589080859,0.003389723589080859,0.075,S6_REVERSAL
2026-05-30 12:00:00+00:00,BTC,BUY,4.268484060524315,0.004268484060524315,0.075,S6_REVERSAL
2026-05-30 12:00:00+00:00,ETH,BUY,1.1456244216751656,0.0011456244216751657,0.075,S6_REVERSAL
2026-05-30 12:00:00+00:00,SOL,BUY,4.249093576640917,0.004249093576640917,0.075,S6_REVERSAL
2026-05-30 13:00:00+00:00,BTC,SELL,7.307279832473796,0.007307279832473796,0.075,S6_REVERSAL
2026-05-30 13:00:00+00:00,ETH,SELL,6.651947940780701,0.006651947940780702,0.075,S6_REVERSAL
2026-05-30 13:00:00+00:00,SOL,SELL,6.653298116211772,0.006653298116211772,0.075,S6_REVERSAL
2026-05-30 14:00:00+00:00,BTC,SELL,11.166079445247307,0.011166079445247308,0.075,S6_REVERSAL
2026-05-30 14:00:00+00:00,ETH,SELL,1.5970483125729515,0.0015970483125729517,0.075,S6_REVERSAL
2026-05-30 14:00:00+00:00,SOL,BUY,7119.8620563249915,7.119862056324991,0.15,S3_TREND
2026-05-30 15:00:00+00:00,BTC,SELL,5.948858105852196,0.005948858105852196,0.075,S6_REVERSAL
2026-05-30 15:00:00+00:00,ETH,SELL,16.976010304110787,0.01697601030411079,0.075,S6_REVERSAL
2026-05-30 15:00:00+00:00,SOL,SELL,18.548244843925204,0.018548244843925206,0.15,S3_TREND
2026-05-30 16:00:00+00:00,ETH,BUY,7127.538077507505,7.127538077507505,0.15,S3_TREND
2026-05-30 16:00:00+00:00,SOL,SELL,7.301128175944541,0.0073011281759445415,0.15,S3_TREND
2026-05-30 17:00:00+00:00,BTC,BUY,2.4226276581448474,0.0024226276581448473,0.075,S6_REVERSAL
2026-05-30 17:00:00+00:00,ETH,BUY,1.4221442426096473,0.0014221442426096474,0.15,S3_TREND
2026-05-30 17:00:00+00:00,SOL,SELL,29.822511845350164,0.029822511845350164,0.15,S3_TREND
2026-05-30 18:00:00+00:00,BTC,SELL,5.353749262094425,0.005353749262094425,0.075,S6_REVERSAL
2026-05-30 18:00:00+00:00,ETH,BUY,5.1339730428444454,0.005133973042844446,0.15,S3_TREND
2026-05-30 18:00:00+00:00,SOL,SELL,23.55013519885506,0.02355013519885506,0.15,S3_TREND
2026-05-30 19:00:00+00:00,BTC,SELL,7134.442145783313,7.134442145783313,0.0,CASH
2026-05-30 19:00:00+00:00,ETH,SELL,2.9528835115688707,0.002952883511568871,0.15,S3_TREND
2026-05-30 19:00:00+00:00,SOL,BUY,5.1551882977255445,0.0051551882977255445,0.15,S3_TREND
2026-05-30 20:00:00+00:00,ETH,SELL,8.900817846384598,0.008900817846384598,0.15,S3_TREND
2026-05-30 20:00:00+00:00,SOL,BUY,4.555215821621459,0.00455521582162146,0.15,S3_TREND
2026-05-30 21:00:00+00:00,BTC,BUY,14261.20213068814,14.26120213068814,0.15,S3_TREND
2026-05-30 21:00:00+00:00,ETH,BUY,9.503518950617945,0.009503518950617944,0.15,S3_TREND
2026-05-30 21:00:00+00:00,SOL,BUY,2.566823199740611,0.002566823199740611,0.15,S3_TREND
2026-05-30 22:00:00+00:00,ETH,SELL,7.110112834361644,0.007110112834361644,0.15,S3_TREND
2026-05-30 22:00:00+00:00,SOL,SELL,9.68539499929102,0.00968539499929102,0.15,S3_TREND
2026-05-30 23:00:00+00:00,BTC,BUY,1.751348253863398,0.001751348253863398,0.15,S3_TREND
2026-05-30 23:00:00+00:00,ETH,BUY,14.786996248370997,0.014786996248370998,0.15,S3_TREND
2026-05-30 23:00:00+00:00,SOL,BUY,47.789787298139345,0.04778978729813935,0.15,S3_TREND
2026-05-31 00:00:00+00:00,BTC,BUY,1.216263866672307,0.001216263866672307,0.15,S3_TREND
2026-05-31 00:00:00+00:00,ETH,BUY,9.308440776210773,0.009308440776210774,0.15,S3_TREND
2026-05-31 00:00:00+00:00,SOL,SELL,15.812135719190337,0.015812135719190337,0.15,S3_TREND
2026-05-31 01:00:00+00:00,BTC,SELL,15.372282146568978,0.015372282146568978,0.15,S3_TREND
2026-05-31 01:00:00+00:00,ETH,SELL,18.60878494568169,0.018608784945681692,0.15,S3_TREND
2026-05-31 01:00:00+00:00,SOL,SELL,18.42726574146218,0.018427265741462178,0.15,S3_TREND
2026-05-31 02:00:00+00:00,BTC,BUY,1.4386710676935763,0.0014386710676935763,0.15,S3_TREND
2026-05-31 02:00:00+00:00,ETH,SELL,8.815186066951355,0.008815186066951355,0.15,S3_TREND
2026-05-31 02:00:00+00:00,SOL,SELL,11.941131563897214,0.011941131563897214,0.15,S3_TREND
2026-05-31 03:00:00+00:00,BTC,BUY,3.49753166766277,0.00349753166766277,0.15,S3_TREND
2026-05-31 03:00:00+00:00,ETH,SELL,27.017553407666128,0.02701755340766613,0.15,S3_TREND
2026-05-31 03:00:00+00:00,SOL,SELL,12.51381941384352,0.01251381941384352,0.15,S3_TREND
2026-05-31 04:00:00+00:00,BTC,SELL,8.7294020127174,0.0087294020127174,0.15,S3_TREND
2026-05-31 04:00:00+00:00,ETH,BUY,9.388323684852367,0.009388323684852366,0.15,S3_TREND
2026-05-31 04:00:00+00:00,SOL,SELL,10.940385775091272,0.010940385775091273,0.15,S3_TREND
2026-05-31 05:00:00+00:00,BTC,SELL,4.805253234315387,0.004805253234315387,0.15,S3_TREND
2026-05-31 05:00:00+00:00,ETH,SELL,2.8986744579560764,0.0028986744579560762,0.15,S3_TREND
2026-05-31 05:00:00+00:00,SOL,BUY,5.687754796999798,0.0056877547969997975,0.15,S3_TREND
2026-05-31 06:00:00+00:00,BTC,BUY,11.477354864035078,0.011477354864035078,0.15,S3_TREND
2026-05-31 06:00:00+00:00,ETH,BUY,14.02824551460617,0.01402824551460617,0.15,S3_TREND
2026-05-31 06:00:00+00:00,SOL,BUY,18.800151119272414,0.018800151119272412,0.15,S3_TREND
2026-05-31 07:00:00+00:00,BTC,SELL,1.9525047748466025,0.0019525047748466026,0.15,S3_TREND
2026-05-31 07:00:00+00:00,SOL,BUY,9.857343421586847,0.009857343421586848,0.15,S3_TREND
2026-05-31 08:00:00+00:00,BTC,BUY,16.413886880334758,0.01641388688033476,0.15,S3_TREND
2026-05-31 08:00:00+00:00,ETH,BUY,22.16456849413771,0.022164568494137712,0.15,S3_TREND
2026-05-31 08:00:00+00:00,SOL,BUY,30.91034724108067,0.030910347241080674,0.15,S3_TREND
2026-05-31 09:00:00+00:00,BTC,SELL,3.707511403115859,0.0037075114031158594,0.15,S3_TREND
2026-05-31 09:00:00+00:00,ETH,SELL,16.386708629705026,0.016386708629705028,0.15,S3_TREND
2026-05-31 09:00:00+00:00,SOL,SELL,13.309696617878217,0.013309696617878217,0.15,S3_TREND
2026-05-31 10:00:00+00:00,BTC,BUY,7.542729808608783,0.007542729808608783,0.15,S3_TREND
2026-05-31 10:00:00+00:00,ETH,BUY,34.833190529896456,0.03483319052989645,0.15,S3_TREND
2026-05-31 10:00:00+00:00,SOL,SELL,2.3245233072138944,0.0023245233072138943,0.15,S3_TREND
2026-05-31 11:00:00+00:00,BTC,SELL,10.667980413971236,0.010667980413971236,0.15,S3_TREND
2026-05-31 11:00:00+00:00,ETH,BUY,1.123980229594963,0.001123980229594963,0.15,S3_TREND
2026-05-31 11:00:00+00:00,SOL,BUY,7.445232599333394,0.007445232599333394,0.15,S3_TREND
2026-05-31 12:00:00+00:00,BTC,SELL,2.5188705398995808,0.0025188705398995806,0.15,S3_TREND
2026-05-31 12:00:00+00:00,ETH,SELL,10.982427790850124,0.010982427790850124,0.15,S3_TREND
2026-05-31 12:00:00+00:00,SOL,SELL,3.8766087078238343,0.0038766087078238344,0.15,S3_TREND
2026-05-31 13:00:00+00:00,BTC,BUY,3.452395395097483,0.003452395395097483,0.15,S3_TREND
2026-05-31 13:00:00+00:00,ETH,BUY,6.604286873465753,0.006604286873465754,0.15,S3_TREND
2026-05-31 13:00:00+00:00,SOL,SELL,10.275265105286962,0.010275265105286962,0.15,S3_TREND
2026-05-31 14:00:00+00:00,BTC,BUY,4.22687861533268,0.0042268786153326805,0.15,S3_TREND
2026-05-31 14:00:00+00:00,ETH,BUY,8.163087563998488,0.008163087563998488,0.15,S3_TREND
2026-05-31 14:00:00+00:00,SOL,BUY,5.4513394327786955,0.005451339432778695,0.15,S3_TREND
2026-05-31 15:00:00+00:00,BTC,BUY,10.542299380749682,0.010542299380749683,0.15,S3_TREND
2026-05-31 15:00:00+00:00,ETH,BUY,46.060402958568375,0.04606040295856838,0.15,S3_TREND
2026-05-31 15:00:00+00:00,SOL,BUY,96.05095031079327,0.09605095031079328,0.15,S3_TREND
2026-05-31 16:00:00+00:00,BTC,SELL,8.18860545147436,0.00818860545147436,0.15,S3_TREND
2026-05-31 16:00:00+00:00,ETH,SELL,15.356536964682164,0.015356536964682165,0.15,S3_TREND
2026-05-31 16:00:00+00:00,SOL,BUY,15.904732398246779,0.01590473239824678,0.15,S3_TREND
2026-05-31 17:00:00+00:00,BTC,BUY,4.407977887089146,0.004407977887089146,0.15,S3_TREND
2026-05-31 17:00:00+00:00,ETH,BUY,39.07870366905627,0.03907870366905627,0.15,S3_TREND
2026-05-31 17:00:00+00:00,SOL,BUY,31.563968898793973,0.031563968898793975,0.15,S3_TREND
2026-05-31 18:00:00+00:00,BTC,SELL,18.34593644468623,0.018345936444686232,0.15,S3_TREND
2026-05-31 18:00:00+00:00,ETH,SELL,10.690089160720163,0.010690089160720163,0.15,S3_TREND
2026-05-31 18:00:00+00:00,SOL,SELL,33.410200413774874,0.033410200413774876,0.15,S3_TREND
2026-05-31 19:00:00+00:00,BTC,BUY,8.547550320601658,0.008547550320601659,0.15,S3_TREND
2026-05-31 19:00:00+00:00,ETH,BUY,25.76422225361057,0.02576422225361057,0.15,S3_TREND
2026-05-31 19:00:00+00:00,SOL,BUY,8.98849780017008,0.008988497800170081,0.15,S3_TREND
2026-05-31 20:00:00+00:00,BTC,BUY,1.2457153484883747,0.0012457153484883748,0.15,S3_TREND
2026-05-31 20:00:00+00:00,ETH,BUY,1.3548175056876062,0.0013548175056876063,0.15,S3_TREND
2026-05-31 20:00:00+00:00,SOL,BUY,21.253155852389682,0.021253155852389682,0.15,S3_TREND
2026-05-31 21:00:00+00:00,BTC,SELL,10.989903291152586,0.010989903291152587,0.15,S3_TREND
2026-05-31 21:00:00+00:00,ETH,SELL,30.274681773638804,0.030274681773638804,0.15,S3_TREND
2026-05-31 21:00:00+00:00,SOL,SELL,43.06224183848281,0.04306224183848281,0.15,S3_TREND
2026-05-31 22:00:00+00:00,BTC,SELL,10.799254765774094,0.010799254765774095,0.15,S3_TREND
2026-05-31 22:00:00+00:00,ETH,SELL,17.378904878882167,0.01737890487888217,0.15,S3_TREND
2026-05-31 22:00:00+00:00,SOL,SELL,40.27598353734538,0.040275983537345385,0.15,S3_TREND
2026-05-31 23:00:00+00:00,BTC,SELL,2.82636428632577,0.00282636428632577,0.15,S3_TREND
2026-05-31 23:00:00+00:00,ETH,BUY,5.435498628874484,0.005435498628874484,0.15,S3_TREND
2026-05-31 23:00:00+00:00,SOL,SELL,29.087675227716318,0.02908767522771632,0.15,S3_TREND
2026-06-01 00:00:00+00:00,BTC,BUY,36.65189456805092,0.03665189456805092,0.15,S3_TREND
2026-06-01 00:00:00+00:00,ETH,BUY,22.901599582135532,0.022901599582135532,0.15,S3_TREND
2026-06-01 00:00:00+00:00,SOL,SELL,3.2842181660635106,0.003284218166063511,0.15,S3_TREND
2026-06-01 01:00:00+00:00,BTC,SELL,15.780002633391632,0.015780002633391632,0.15,S3_TREND
2026-06-01 01:00:00+00:00,ETH,SELL,34.77934581266163,0.034779345812661636,0.15,S3_TREND
2026-06-01 01:00:00+00:00,SOL,SELL,40.65877430240471,0.04065877430240471,0.15,S3_TREND
2026-06-01 02:00:00+00:00,BTC,BUY,47.41298428543814,0.047412984285438144,0.15,S3_TREND
2026-06-01 02:00:00+00:00,ETH,BUY,79.83775114007403,0.07983775114007403,0.15,S3_TREND
2026-06-01 02:00:00+00:00,SOL,BUY,117.25506496980961,0.11725506496980961,0.15,S3_TREND
2026-06-01 03:00:00+00:00,BTC,SELL,39.94689777619351,0.03994689777619351,0.15,S3_TREND
2026-06-01 03:00:00+00:00,ETH,SELL,62.98429716428291,0.06298429716428292,0.15,S3_TREND
2026-06-01 03:00:00+00:00,SOL,SELL,103.31202728398785,0.10331202728398785,0.15,S3_TREND
2026-06-01 04:00:00+00:00,ETH,BUY,12.384636991206207,0.012384636991206208,0.15,S3_TREND
2026-06-01 04:00:00+00:00,SOL,BUY,4.1527918458505155,0.004152791845850516,0.15,S3_TREND
2026-06-01 05:00:00+00:00,BTC,BUY,12.612332469727335,0.012612332469727336,0.15,S3_TREND
2026-06-01 05:00:00+00:00,ETH,BUY,32.59104301753723,0.03259104301753723,0.15,S3_TREND
2026-06-01 05:00:00+00:00,SOL,BUY,71.38341846347248,0.07138341846347249,0.15,S3_TREND
2026-06-01 06:00:00+00:00,BTC,BUY,19.28183530917522,0.01928183530917522,0.15,S3_TREND
2026-06-01 06:00:00+00:00,ETH,BUY,21.842166522545085,0.021842166522545087,0.15,S3_TREND
2026-06-01 06:00:00+00:00,SOL,BUY,19.71324581589579,0.01971324581589579,0.15,S3_TREND
2026-06-01 07:00:00+00:00,BTC,BUY,18.66279545759062,0.018662795457590618,0.15,S3_TREND
2026-06-01 07:00:00+00:00,ETH,BUY,23.31360048101851,0.023313600481018514,0.15,S3_TREND
2026-06-01 07:00:00+00:00,SOL,BUY,41.36535250142879,0.04136535250142879,0.15,S3_TREND
2026-06-01 08:00:00+00:00,BTC,BUY,21.299561823867407,0.021299561823867406,0.15,S3_TREND
2026-06-01 08:00:00+00:00,ETH,BUY,42.81866690289644,0.042818666902896436,0.15,S3_TREND
2026-06-01 08:00:00+00:00,SOL,BUY,83.18817295027293,0.08318817295027293,0.15,S3_TREND
2026-06-01 09:00:00+00:00,ETH,SELL,36.774849899389665,0.036774849899389665,0.15,S3_TREND
2026-06-01 09:00:00+00:00,SOL,SELL,26.63198643285432,0.026631986432854318,0.15,S3_TREND
2026-06-01 10:00:00+00:00,BTC,BUY,10.555697297228107,0.010555697297228108,0.15,S3_TREND
2026-06-01 10:00:00+00:00,ETH,SELL,19.92649727328535,0.01992649727328535,0.15,S3_TREND
2026-06-01 10:00:00+00:00,SOL,SELL,10.201481504851472,0.010201481504851471,0.15,S3_TREND
2026-06-01 11:00:00+00:00,BTC,BUY,18.892488936833615,0.018892488936833617,0.15,S3_TREND
2026-06-01 11:00:00+00:00,ETH,SELL,7050.116707939903,7.050116707939903,0.075,S6_REVERSAL
2026-06-01 11:00:00+00:00,SOL,SELL,10.028742406724632,0.010028742406724632,0.15,S3_TREND
2026-06-01 12:00:00+00:00,BTC,BUY,34.38358687555956,0.034383586875559556,0.15,S3_TREND
2026-06-01 12:00:00+00:00,ETH,BUY,1.9374435597146658,0.0019374435597146657,0.075,S6_REVERSAL
2026-06-01 12:00:00+00:00,SOL,BUY,30.943200334060748,0.03094320033406075,0.15,S3_TREND
2026-06-01 13:00:00+00:00,BTC,BUY,47.06494555478275,0.04706494555478275,0.15,S3_TREND
2026-06-01 13:00:00+00:00,ETH,SELL,30.491601942716443,0.030491601942716443,0.075,S6_REVERSAL
2026-06-01 13:00:00+00:00,SOL,SELL,3.2207628082924202,0.0032207628082924203,0.15,S3_TREND
2026-06-01 14:00:00+00:00,BTC,BUY,49.239900188369575,0.04923990018836957,0.15,S3_TREND
2026-06-01 14:00:00+00:00,ETH,SELL,6989.6708935521165,6.989670893552117,0.0,CASH
2026-06-01 14:00:00+00:00,SOL,SELL,13938.247327384624,13.938247327384625,0.0,CASH
2026-06-01 15:00:00+00:00,BTC,SELL,7004.947313682402,7.004947313682402,0.075,S6_REVERSAL
2026-06-01 15:00:00+00:00,SOL,BUY,7025.793674428126,7.025793674428126,0.075,S6_REVERSAL
2026-06-01 16:00:00+00:00,BTC,SELL,6982.766916911171,6.982766916911172,0.0,CASH
2026-06-01 16:00:00+00:00,SOL,BUY,3.8738166409075347,0.003873816640907535,0.075,S6_REVERSAL
2026-06-01 17:00:00+00:00,BTC,BUY,7025.554592245143,7.025554592245143,0.075,S6_REVERSAL
2026-06-01 17:00:00+00:00,SOL,SELL,64.96927562273504,0.06496927562273504,0.075,S6_REVERSAL
2026-06-01 18:00:00+00:00,BTC,SELL,4.569280091955079,0.004569280091955079,0.075,S6_REVERSAL
2026-06-01 18:00:00+00:00,SOL,SELL,41.95909949900579,0.04195909949900579,0.075,S6_REVERSAL
2026-06-01 19:00:00+00:00,BTC,BUY,12.978506039989952,0.012978506039989953,0.075,S6_REVERSAL
2026-06-01 19:00:00+00:00,SOL,BUY,3.7331741815451096,0.00373317418154511,0.075,S6_REVERSAL
2026-06-01 20:00:00+00:00,BTC,SELL,6.632872831447457,0.0066328728314474575,0.075,S6_REVERSAL
2026-06-01 20:00:00+00:00,SOL,SELL,25.818474040407636,0.025818474040407637,0.075,S6_REVERSAL
2026-06-01 21:00:00+00:00,BTC,BUY,13.229516239284749,0.013229516239284748,0.075,S6_REVERSAL
2026-06-01 21:00:00+00:00,SOL,BUY,2.903264116603168,0.002903264116603168,0.075,S6_REVERSAL
2026-06-01 22:00:00+00:00,BTC,BUY,34.07265892936084,0.034072658929360844,0.075,S6_REVERSAL
2026-06-01 22:00:00+00:00,SOL,BUY,34.649949992160145,0.034649949992160145,0.075,S6_REVERSAL
2026-06-01 23:00:00+00:00,BTC,SELL,29.006993040372436,0.029006993040372436,0.075,S6_REVERSAL
2026-06-01 23:00:00+00:00,SOL,SELL,56.85273322396279,0.05685273322396279,0.075,S6_REVERSAL
2026-06-02 00:00:00+00:00,SOL,BUY,10.384964165232304,0.010384964165232305,0.075,S6_REVERSAL
2026-06-02 01:00:00+00:00,BTC,BUY,7.435739397042198,0.007435739397042198,0.075,S6_REVERSAL
2026-06-02 01:00:00+00:00,SOL,BUY,30.315778367799794,0.030315778367799796,0.075,S6_REVERSAL
2026-06-02 02:00:00+00:00,BTC,BUY,52.96858190621151,0.05296858190621151,0.075,S6_REVERSAL
2026-06-02 02:00:00+00:00,SOL,BUY,57.96087424211328,0.057960874242113276,0.075,S6_REVERSAL
2026-06-02 03:00:00+00:00,BTC,SELL,13.429140662607097,0.013429140662607097,0.075,S6_REVERSAL
2026-06-02 03:00:00+00:00,SOL,SELL,52.844210387213934,0.05284421038721394,0.075,S6_REVERSAL
2026-06-02 04:00:00+00:00,BTC,SELL,8.922744888758643,0.008922744888758643,0.075,S6_REVERSAL
2026-06-02 04:00:00+00:00,SOL,SELL,10.465464204609816,0.010465464204609816,0.075,S6_REVERSAL
2026-06-02 05:00:00+00:00,BTC,BUY,10.032217393627434,0.010032217393627434,0.075,S6_REVERSAL
2026-06-02 05:00:00+00:00,SOL,BUY,37.47158175195091,0.03747158175195091,0.075,S6_REVERSAL
2026-06-02 06:00:00+00:00,BTC,SELL,6966.162963091232,6.966162963091232,0.0,CASH
2026-06-02 06:00:00+00:00,SOL,BUY,61.35896385594515,0.06135896385594515,0.075,S6_REVERSAL
2026-06-02 07:00:00+00:00,SOL,BUY,1.9159919894818813,0.0019159919894818813,0.075,S6_REVERSAL
2026-06-02 08:00:00+00:00,SOL,SELL,5.702166560831756,0.005702166560831757,0.075,S6_REVERSAL
2026-06-02 09:00:00+00:00,BTC,BUY,7009.8772693002,7.0098772693002,0.075,S6_REVERSAL
2026-06-02 09:00:00+00:00,SOL,BUY,4.069135590259066,0.004069135590259066,0.075,S6_REVERSAL
2026-06-02 10:00:00+00:00,BTC,BUY,32.8806321340644,0.0328806321340644,0.075,S6_REVERSAL
2026-06-02 10:00:00+00:00,SOL,BUY,38.025911192981766,0.038025911192981765,0.075,S6_REVERSAL
2026-06-02 11:00:00+00:00,BTC,SELL,18.983518169049603,0.018983518169049602,0.075,S6_REVERSAL
2026-06-02 11:00:00+00:00,SOL,SELL,24.496896522020506,0.024496896522020507,0.075,S6_REVERSAL
2026-06-02 12:00:00+00:00,BTC,BUY,14.41059348446197,0.01441059348446197,0.075,S6_REVERSAL
2026-06-02 12:00:00+00:00,SOL,BUY,39.35877105331383,0.03935877105331383,0.075,S6_REVERSAL
2026-06-02 13:00:00+00:00,BTC,BUY,42.345234924115175,0.042345234924115176,0.075,S6_REVERSAL
2026-06-02 13:00:00+00:00,SOL,SELL,6.698543852599869,0.006698543852599869,0.075,S6_REVERSAL
2026-06-02 14:00:00+00:00,BTC,BUY,18.67083691876269,0.01867083691876269,0.075,S6_REVERSAL
2026-06-02 15:00:00+00:00,BTC,SELL,6916.873344094817,6.916873344094817,0.0,CASH
2026-06-02 15:00:00+00:00,SOL,SELL,6863.333482047223,6.8633334820472225,0.0,CASH
2026-06-02 16:00:00+00:00,BTC,BUY,6980.170462465824,6.980170462465824,0.075,S6_REVERSAL
2026-06-02 16:00:00+00:00,ETH,BUY,6980.170462465824,6.980170462465824,0.075,S6_REVERSAL
2026-06-02 16:00:00+00:00,SOL,BUY,6980.170462465824,6.980170462465824,0.075,S6_REVERSAL
2026-06-02 17:00:00+00:00,BTC,SELL,8.130910445736845,0.008130910445736845,0.075,S6_REVERSAL
2026-06-02 17:00:00+00:00,ETH,SELL,17.881071764399167,0.017881071764399167,0.075,S6_REVERSAL
2026-06-02 17:00:00+00:00,SOL,SELL,27.882614732092406,0.027882614732092408,0.075,S6_REVERSAL
2026-06-02 18:00:00+00:00,BTC,SELL,5.766078673558695,0.005766078673558696,0.075,S6_REVERSAL
2026-06-02 18:00:00+00:00,ETH,SELL,10.646242449707643,0.010646242449707643,0.075,S6_REVERSAL
2026-06-02 18:00:00+00:00,SOL,SELL,8.515703452539128,0.008515703452539129,0.075,S6_REVERSAL
2026-06-02 19:00:00+00:00,BTC,BUY,6.742094424836068,0.006742094424836069,0.075,S6_REVERSAL
2026-06-02 19:00:00+00:00,ETH,BUY,31.369994641891026,0.031369994641891025,0.075,S6_REVERSAL
2026-06-02 19:00:00+00:00,SOL,BUY,53.00112446358435,0.05300112446358435,0.075,S6_REVERSAL
2026-06-02 20:00:00+00:00,BTC,SELL,1.9892301920945101,0.0019892301920945103,0.075,S6_REVERSAL
2026-06-02 20:00:00+00:00,ETH,SELL,1.74407817966312,0.00174407817966312,0.075,S6_REVERSAL
2026-06-02 20:00:00+00:00,SOL,BUY,52.94269885439553,0.05294269885439553,0.075,S6_REVERSAL
2026-06-02 21:00:00+00:00,BTC,SELL,28.260347410564464,0.028260347410564463,0.075,S6_REVERSAL
2026-06-02 21:00:00+00:00,ETH,BUY,20.140770969576806,0.020140770969576807,0.075,S6_REVERSAL
2026-06-02 21:00:00+00:00,SOL,BUY,8.28628413468141,0.00828628413468141,0.075,S6_REVERSAL
2026-06-02 22:00:00+00:00,BTC,BUY,1.8428239983895764,0.0018428239983895765,0.075,S6_REVERSAL
2026-06-02 22:00:00+00:00,ETH,BUY,22.99910812555663,0.022999108125556632,0.075,S6_REVERSAL
2026-06-02 22:00:00+00:00,SOL,SELL,20.7352737697247,0.0207352737697247,0.075,S6_REVERSAL
2026-06-02 23:00:00+00:00,BTC,BUY,90.32941702257085,0.09032941702257086,0.075,S6_REVERSAL
2026-06-02 23:00:00+00:00,ETH,SELL,6855.931564540047,6.855931564540047,0.0,CASH
2026-06-02 23:00:00+00:00,SOL,SELL,6789.302694501245,6.789302694501245,0.0,CASH
2026-06-03 00:00:00+00:00,BTC,SELL,37.35609962667513,0.03735609962667513,0.075,S6_REVERSAL
2026-06-03 00:00:00+00:00,ETH,BUY,6942.154925978534,6.942154925978534,0.075,S6_REVERSAL
2026-06-03 00:00:00+00:00,SOL,BUY,6942.154925978534,6.942154925978534,0.075,S6_REVERSAL
2026-06-03 01:00:00+00:00,BTC,SELL,11.63428615943485,0.011634286159434851,0.075,S6_REVERSAL
2026-06-03 01:00:00+00:00,ETH,SELL,21.243481785238146,0.021243481785238147,0.075,S6_REVERSAL
2026-06-03 01:00:00+00:00,SOL,SELL,51.194967677752174,0.051194967677752175,0.075,S6_REVERSAL
2026-06-03 02:00:00+00:00,ETH,BUY,8.898580926591421,0.008898580926591421,0.075,S6_REVERSAL
2026-06-03 02:00:00+00:00,SOL,BUY,7.651167021746005,0.0076511670217460056,0.075,S6_REVERSAL
2026-06-03 03:00:00+00:00,BTC,BUY,23.758778586548033,0.023758778586548034,0.075,S6_REVERSAL
2026-06-03 03:00:00+00:00,ETH,BUY,31.24109484449309,0.03124109484449309,0.075,S6_REVERSAL
2026-06-03 03:00:00+00:00,SOL,BUY,23.978111567606902,0.023978111567606902,0.075,S6_REVERSAL
2026-06-03 04:00:00+00:00,BTC,SELL,6859.469406313789,6.859469406313789,0.0,CASH
2026-06-03 04:00:00+00:00,ETH,SELL,6842.935195219651,6.842935195219651,0.0,CASH
2026-06-03 04:00:00+00:00,SOL,SELL,6781.142520889974,6.781142520889974,0.0,CASH
2026-06-03 05:00:00+00:00,ETH,BUY,6912.983116000087,6.9129831160000865,0.075,S6_REVERSAL
2026-06-03 06:00:00+00:00,ETH,SELL,78.59972983362422,0.07859972983362423,0.075,S6_REVERSAL
2026-06-03 07:00:00+00:00,ETH,BUY,5.357405069711604,0.005357405069711604,0.075,S6_REVERSAL
2026-06-03 08:00:00+00:00,ETH,SELL,22.29073061314739,0.02229073061314739,0.075,S6_REVERSAL
2026-06-03 09:00:00+00:00,ETH,SELL,5.522283784902356,0.005522283784902356,0.075,S6_REVERSAL
2026-06-03 10:00:00+00:00,ETH,BUY,12.70048986499387,0.01270048986499387,0.075,S6_REVERSAL
2026-06-03 11:00:00+00:00,ETH,SELL,29.031365789115625,0.029031365789115627,0.075,S6_REVERSAL
2026-06-03 12:00:00+00:00,ETH,BUY,22.48650322780304,0.022486503227803042,0.075,S6_REVERSAL
2026-06-03 13:00:00+00:00,ETH,BUY,5.996668559341742,0.005996668559341742,0.075,S6_REVERSAL
2026-06-03 14:00:00+00:00,ETH,BUY,29.915006087555412,0.029915006087555412,0.075,S6_REVERSAL
2026-06-03 15:00:00+00:00,ETH,BUY,31.27648484434576,0.03127648484434576,0.075,S6_REVERSAL
2026-06-03 16:00:00+00:00,ETH,BUY,73.26708865624187,0.07326708865624187,0.075,S6_REVERSAL
2026-06-03 17:00:00+00:00,ETH,BUY,15.786366728581925,0.015786366728581924,0.075,S6_REVERSAL
2026-06-03 18:00:00+00:00,ETH,BUY,15.896578527934253,0.015896578527934253,0.075,S6_REVERSAL
2026-06-03 19:00:00+00:00,ETH,SELL,14.433042955838575,0.014433042955838575,0.075,S6_REVERSAL
2026-06-03 20:00:00+00:00,BTC,BUY,6899.146783111496,6.8991467831114965,0.075,S6_REVERSAL
2026-06-03 20:00:00+00:00,ETH,SELL,6798.579658935971,6.798579658935971,0.0,CASH
2026-06-03 20:00:00+00:00,SOL,BUY,6899.146783111496,6.8991467831114965,0.075,S6_REVERSAL
2026-06-03 21:00:00+00:00,BTC,BUY,37.25018715790793,0.037250187157907934,0.075,S6_REVERSAL
2026-06-03 21:00:00+00:00,ETH,BUY,6888.473281649237,6.888473281649237,0.075,S6_REVERSAL
2026-06-03 21:00:00+00:00,SOL,BUY,63.119289522541294,0.0631192895225413,0.075,S6_REVERSAL
2026-06-03 22:00:00+00:00,BTC,SELL,43.73003230033373,0.04373003230033373,0.075,S6_REVERSAL
2026-06-03 22:00:00+00:00,ETH,SELL,228.51975773065715,0.22851975773065716,0.075,S6_REVERSAL
2026-06-03 22:00:00+00:00,SOL,SELL,116.81169948056959,0.11681169948056959,0.075,S6_REVERSAL
2026-06-03 23:00:00+00:00,BTC,BUY,73.2095221255795,0.0732095221255795,0.075,S6_REVERSAL
2026-06-03 23:00:00+00:00,ETH,BUY,62.027195643364394,0.0620271956433644,0.075,S6_REVERSAL
2026-06-03 23:00:00+00:00,SOL,BUY,39.200217303171485,0.03920021730317148,0.075,S6_REVERSAL
2026-06-04 00:00:00+00:00,BTC,SELL,6826.556769082108,6.826556769082108,0.0,CASH
2026-06-04 00:00:00+00:00,ETH,BUY,45.2252926863348,0.045225292686334795,0.075,S6_REVERSAL
2026-06-04 00:00:00+00:00,SOL,BUY,43.29354088528453,0.04329354088528453,0.075,S6_REVERSAL
2026-06-04 01:00:00+00:00,BTC,BUY,6881.3429560400655,6.881342956040066,0.075,S6_REVERSAL
2026-06-04 01:00:00+00:00,ETH,BUY,60.83537803939453,0.06083537803939453,0.075,S6_REVERSAL
2026-06-04 01:00:00+00:00,SOL,SELL,6811.6461856603855,6.811646185660385,0.0,CASH
2026-06-04 02:00:00+00:00,BTC,SELL,6754.581506773778,6.7545815067737776,0.0,CASH
2026-06-04 02:00:00+00:00,ETH,BUY,110.4600724211241,0.1104600724211241,0.075,S6_REVERSAL
2026-06-04 02:00:00+00:00,SOL,BUY,6860.993603644891,6.860993603644891,0.075,S6_REVERSAL
2026-06-04 03:00:00+00:00,BTC,BUY,6872.828344778055,6.872828344778055,0.075,S6_REVERSAL
2026-06-04 03:00:00+00:00,ETH,SELL,15.72994085629398,0.01572994085629398,0.075,S6_REVERSAL
2026-06-04 03:00:00+00:00,SOL,SELL,132.1231605023977,0.1321231605023977,0.075,S6_REVERSAL
2026-06-04 04:00:00+00:00,BTC,SELL,91.46799423167522,0.09146799423167522,0.075,S6_REVERSAL
2026-06-04 04:00:00+00:00,ETH,SELL,133.45533140009138,0.1334553314000914,0.075,S6_REVERSAL
2026-06-04 04:00:00+00:00,SOL,SELL,107.76475159414713,0.10776475159414713,0.075,S6_REVERSAL
2026-06-04 05:00:00+00:00,BTC,SELL,9.065987020255307,0.009065987020255307,0.075,S6_REVERSAL
2026-06-04 05:00:00+00:00,ETH,BUY,9.15999946649572,0.009159999466495719,0.075,S6_REVERSAL
2026-06-04 05:00:00+00:00,SOL,BUY,52.796069406664174,0.052796069406664176,0.075,S6_REVERSAL
2026-06-04 06:00:00+00:00,BTC,BUY,33.88455659511328,0.03388455659511328,0.075,S6_REVERSAL
2026-06-04 06:00:00+00:00,ETH,BUY,68.19122920583868,0.06819122920583869,0.075,S6_REVERSAL
2026-06-04 06:00:00+00:00,SOL,BUY,39.79143133280286,0.03979143133280286,0.075,S6_REVERSAL
2026-06-04 07:00:00+00:00,BTC,SELL,5.374061100142171,0.005374061100142171,0.075,S6_REVERSAL
2026-06-04 07:00:00+00:00,ETH,SELL,20.376992121590774,0.020376992121590776,0.075,S6_REVERSAL
2026-06-04 08:00:00+00:00,BTC,BUY,29.84977868464739,0.02984977868464739,0.075,S6_REVERSAL
2026-06-04 08:00:00+00:00,ETH,BUY,32.324918564072505,0.032324918564072505,0.075,S6_REVERSAL
2026-06-04 08:00:00+00:00,SOL,BUY,102.08757684974444,0.10208757684974444,0.075,S6_REVERSAL
2026-06-04 09:00:00+00:00,BTC,SELL,3.203363135089603,0.003203363135089603,0.075,S6_REVERSAL
2026-06-04 09:00:00+00:00,ETH,BUY,14.427013554301084,0.014427013554301085,0.075,S6_REVERSAL
2026-06-04 09:00:00+00:00,SOL,SELL,8.252567376611296,0.008252567376611297,0.075,S6_REVERSAL
2026-06-04 10:00:00+00:00,BTC,BUY,31.55541111594448,0.03155541111594448,0.075,S6_REVERSAL
2026-06-04 10:00:00+00:00,ETH,BUY,19.561763429942403,0.019561763429942404,0.075,S6_REVERSAL
2026-06-04 10:00:00+00:00,SOL,BUY,28.968019827549142,0.02896801982754914,0.075,S6_REVERSAL
2026-06-04 11:00:00+00:00,BTC,BUY,68.90982825913034,0.06890982825913033,0.075,S6_REVERSAL
2026-06-04 11:00:00+00:00,ETH,SELL,6748.505394310603,6.7485053943106035,0.0,CASH
2026-06-04 11:00:00+00:00,SOL,BUY,74.79637082363661,0.0747963708236366,0.075,S6_REVERSAL
2026-06-04 12:00:00+00:00,BTC,SELL,7.243493688764829,0.007243493688764829,0.075,S6_REVERSAL
2026-06-04 12:00:00+00:00,SOL,SELL,74.04924416282302,0.07404924416282302,0.075,S6_REVERSAL
2026-06-04 13:00:00+00:00,BTC,SELL,112.94803977706579,0.11294803977706579,0.075,S6_REVERSAL
2026-06-04 13:00:00+00:00,SOL,SELL,121.84600072675221,0.12184600072675221,0.075,S6_REVERSAL
2026-06-04 14:00:00+00:00,BTC,SELL,44.255358362389416,0.04425535836238942,0.075,S6_REVERSAL
2026-06-04 14:00:00+00:00,SOL,SELL,19.833302402495065,0.019833302402495066,0.075,S6_REVERSAL
2026-06-04 15:00:00+00:00,BTC,BUY,22.28421355354385,0.02228421355354385,0.075,S6_REVERSAL
2026-06-04 15:00:00+00:00,SOL,BUY,53.83347448823315,0.053833474488233155,0.075,S6_REVERSAL
2026-06-04 16:00:00+00:00,BTC,BUY,5.346448443236113,0.005346448443236113,0.075,S6_REVERSAL
2026-06-04 16:00:00+00:00,SOL,BUY,10.415524120632654,0.010415524120632654,0.075,S6_REVERSAL
2026-06-04 17:00:00+00:00,BTC,BUY,31.36183330554013,0.031361833305540134,0.075,S6_REVERSAL
2026-06-04 17:00:00+00:00,SOL,BUY,18.29326485002821,0.018293264850028208,0.075,S6_REVERSAL
2026-06-04 18:00:00+00:00,BTC,BUY,1.061664848602959,0.0010616648486029589,0.075,S6_REVERSAL
2026-06-04 18:00:00+00:00,SOL,BUY,14.444221071387801,0.014444221071387802,0.075,S6_REVERSAL
2026-06-04 19:00:00+00:00,BTC,SELL,26.046889864640434,0.026046889864640436,0.075,S6_REVERSAL
2026-06-04 19:00:00+00:00,SOL,SELL,19.736839910631716,0.019736839910631715,0.075,S6_REVERSAL
2026-06-04 20:00:00+00:00,BTC,BUY,15.960015449421917,0.015960015449421917,0.075,S6_REVERSAL
2026-06-04 20:00:00+00:00,SOL,BUY,35.01032220000616,0.03501032220000616,0.075,S6_REVERSAL
2026-06-04 21:00:00+00:00,BTC,SELL,2.988316393061723,0.002988316393061723,0.075,S6_REVERSAL
2026-06-04 21:00:00+00:00,SOL,BUY,25.784207534251436,0.025784207534251438,0.075,S6_REVERSAL
2026-06-04 22:00:00+00:00,BTC,BUY,27.47931579310898,0.027479315793108982,0.075,S6_REVERSAL
2026-06-04 22:00:00+00:00,SOL,BUY,91.18142484683085,0.09118142484683085,0.075,S6_REVERSAL
2026-06-04 23:00:00+00:00,BTC,SELL,39.7385336389907,0.0397385336389907,0.075,S6_REVERSAL
2026-06-04 23:00:00+00:00,SOL,SELL,60.83075913803714,0.06083075913803714,0.075,S6_REVERSAL
2026-06-05 00:00:00+00:00,BTC,SELL,12.06122765123655,0.01206122765123655,0.075,S6_REVERSAL
2026-06-05 00:00:00+00:00,SOL,SELL,34.91018935184911,0.034910189351849114,0.075,S6_REVERSAL
2026-06-05 01:00:00+00:00,BTC,BUY,41.355535943147515,0.04135553594314752,0.075,S6_REVERSAL
2026-06-05 01:00:00+00:00,SOL,BUY,48.81749379971643,0.04881749379971643,0.075,S6_REVERSAL
2026-06-05 02:00:00+00:00,BTC,BUY,6.851024806553141,0.006851024806553142,0.075,S6_REVERSAL
2026-06-05 02:00:00+00:00,SOL,SELL,20.844803939414305,0.020844803939414305,0.075,S6_REVERSAL
2026-06-05 03:00:00+00:00,BTC,BUY,66.78964460327916,0.06678964460327916,0.075,S6_REVERSAL
2026-06-05 03:00:00+00:00,SOL,SELL,6734.42783623313,6.73442783623313,0.0,CASH
2026-06-05 04:00:00+00:00,BTC,SELL,11.852372733509583,0.011852372733509583,0.075,S6_REVERSAL
2026-06-05 04:00:00+00:00,ETH,BUY,6838.794308152244,6.838794308152244,0.075,S6_REVERSAL
2026-06-05 04:00:00+00:00,SOL,BUY,6838.794308152244,6.838794308152244,0.075,S6_REVERSAL
2026-06-05 05:00:00+00:00,BTC,SELL,79.37344102544466,0.07937344102544466,0.075,S6_REVERSAL
2026-06-05 05:00:00+00:00,ETH,SELL,41.856391060105125,0.04185639106010513,0.075,S6_REVERSAL
2026-06-05 05:00:00+00:00,SOL,SELL,69.498706624041,0.069498706624041,0.075,S6_REVERSAL
2026-06-05 06:00:00+00:00,BTC,BUY,97.40653635708804,0.09740653635708804,0.075,S6_REVERSAL
2026-06-05 06:00:00+00:00,ETH,SELL,6618.258337111405,6.618258337111405,0.0,CASH
2026-06-05 06:00:00+00:00,SOL,BUY,131.36034776137785,0.13136034776137787,0.075,S6_REVERSAL
2026-06-05 07:00:00+00:00,BTC,SELL,6772.902023742055,6.772902023742055,0.0,CASH
2026-06-05 07:00:00+00:00,ETH,BUY,6801.919748750441,6.801919748750441,0.075,S6_REVERSAL
2026-06-05 07:00:00+00:00,SOL,SELL,6692.327311737094,6.692327311737094,0.0,CASH
2026-06-05 08:00:00+00:00,ETH,SELL,87.73892271717978,0.08773892271717977,0.075,S6_REVERSAL
2026-06-05 09:00:00+00:00,ETH,BUY,57.51623764540909,0.05751623764540909,0.075,S6_REVERSAL
2026-06-05 10:00:00+00:00,ETH,SELL,71.29186078687235,0.07129186078687234,0.075,S6_REVERSAL
2026-06-05 11:00:00+00:00,ETH,BUY,21.96397021634766,0.02196397021634766,0.075,S6_REVERSAL
2026-06-05 12:00:00+00:00,ETH,BUY,50.42477093225989,0.05042477093225989,0.075,S6_REVERSAL
2026-06-05 13:00:00+00:00,ETH,BUY,23.260435459659675,0.023260435459659674,0.075,S6_REVERSAL
2026-06-05 14:00:00+00:00,ETH,SELL,6627.43576282347,6.62743576282347,0.0,CASH
2026-06-05 15:00:00+00:00,ETH,BUY,6787.232843921334,6.787232843921334,0.075,S6_REVERSAL
2026-06-05 16:00:00+00:00,ETH,BUY,68.78414663929561,0.06878414663929562,0.075,S6_REVERSAL
2026-06-05 17:00:00+00:00,ETH,SELL,99.80042212934768,0.09980042212934769,0.075,S6_REVERSAL
2026-06-05 18:00:00+00:00,ETH,BUY,55.433697998411844,0.05543369799841184,0.075,S6_REVERSAL
2026-06-05 19:00:00+00:00,ETH,SELL,6610.1225263527085,6.610122526352709,0.0,CASH
2026-06-08 04:00:00+00:00,BTC,BUY,13542.193320785567,13.542193320785568,0.15,S3_TREND
2026-06-08 05:00:00+00:00,BTC,BUY,79.20097603142312,0.07920097603142312,0.15,S3_TREND
2026-06-08 06:00:00+00:00,BTC,SELL,14.57092609110805,0.01457092609110805,0.15,S3_TREND
2026-06-08 07:00:00+00:00,BTC,SELL,41.14980618453046,0.041149806184530464,0.15,S3_TREND
2026-06-08 07:00:00+00:00,ETH,BUY,13535.64340155403,13.535643401554031,0.15,S3_TREND
2026-06-08 08:00:00+00:00,BTC,SELL,47.566372184299325,0.04756637218429933,0.15,S3_TREND
2026-06-08 08:00:00+00:00,ETH,SELL,40.287702591274865,0.040287702591274864,0.15,S3_TREND
2026-06-08 09:00:00+00:00,BTC,BUY,12.572128256972064,0.012572128256972065,0.15,S3_TREND
2026-06-08 09:00:00+00:00,ETH,BUY,79.72645209692746,0.07972645209692746,0.15,S3_TREND
2026-06-08 10:00:00+00:00,BTC,SELL,55.147134352566354,0.05514713435256636,0.15,S3_TREND
2026-06-08 10:00:00+00:00,ETH,SELL,56.831839734484674,0.056831839734484677,0.15,S3_TREND
2026-06-08 10:00:00+00:00,SOL,BUY,13555.73858497814,13.55573858497814,0.15,S3_TREND
2026-06-08 11:00:00+00:00,BTC,BUY,54.42739850462749,0.054427398504627494,0.15,S3_TREND
2026-06-08 11:00:00+00:00,ETH,SELL,26.334613793052995,0.026334613793052995,0.15,S3_TREND
2026-06-08 11:00:00+00:00,SOL,BUY,16.727831316273296,0.016727831316273294,0.15,S3_TREND
2026-06-08 12:00:00+00:00,BTC,SELL,27.4343421739286,0.027434342173928598,0.15,S3_TREND
2026-06-08 12:00:00+00:00,ETH,SELL,53.86242161096561,0.05386242161096561,0.15,S3_TREND
2026-06-08 12:00:00+00:00,SOL,SELL,59.72497113660211,0.059724971136602106,0.15,S3_TREND
2026-06-08 13:00:00+00:00,BTC,SELL,39.643497459410355,0.03964349745941036,0.15,S3_TREND
2026-06-08 13:00:00+00:00,ETH,SELL,51.113072292662764,0.051113072292662765,0.15,S3_TREND
2026-06-08 13:00:00+00:00,SOL,SELL,71.76701759170828,0.07176701759170828,0.15,S3_TREND
2026-06-08 14:00:00+00:00,BTC,SELL,10.823762672836892,0.010823762672836893,0.15,S3_TREND
2026-06-08 14:00:00+00:00,ETH,BUY,77.41932864613955,0.07741932864613955,0.15,S3_TREND
2026-06-08 14:00:00+00:00,SOL,BUY,62.07934138754172,0.06207934138754172,0.15,S3_TREND
2026-06-08 15:00:00+00:00,BTC,SELL,10.394766502624407,0.010394766502624407,0.15,S3_TREND
2026-06-08 15:00:00+00:00,ETH,SELL,44.45220769022308,0.04445220769022308,0.15,S3_TREND
2026-06-08 15:00:00+00:00,SOL,SELL,68.21183264127649,0.06821183264127649,0.15,S3_TREND
2026-06-08 16:00:00+00:00,BTC,BUY,31.987840047431746,0.03198784004743175,0.15,S3_TREND
2026-06-08 16:00:00+00:00,ETH,SELL,11.203410644491669,0.011203410644491669,0.15,S3_TREND
2026-06-08 16:00:00+00:00,SOL,BUY,9.835988143493523,0.009835988143493523,0.15,S3_TREND
2026-06-08 17:00:00+00:00,BTC,BUY,25.959081512806733,0.025959081512806733,0.15,S3_TREND
2026-06-08 17:00:00+00:00,ETH,BUY,45.74376373745508,0.04574376373745508,0.15,S3_TREND
2026-06-08 17:00:00+00:00,SOL,BUY,22.82778454036088,0.02282778454036088,0.15,S3_TREND
2026-06-08 18:00:00+00:00,BTC,BUY,14.784806017112714,0.014784806017112715,0.15,S3_TREND
2026-06-08 18:00:00+00:00,ETH,SELL,14.555642590583375,0.014555642590583374,0.15,S3_TREND
2026-06-08 18:00:00+00:00,SOL,SELL,68.63347162115315,0.06863347162115314,0.15,S3_TREND
2026-06-08 19:00:00+00:00,BTC,BUY,14.092078070259959,0.014092078070259959,0.15,S3_TREND
2026-06-08 19:00:00+00:00,ETH,BUY,13.226470439120021,0.013226470439120022,0.15,S3_TREND
2026-06-08 19:00:00+00:00,SOL,SELL,13.807523313265847,0.013807523313265848,0.15,S3_TREND
2026-06-08 20:00:00+00:00,BTC,BUY,18.259129538746492,0.018259129538746494,0.15,S3_TREND
2026-06-08 20:00:00+00:00,ETH,SELL,2.626972739431949,0.002626972739431949,0.15,S3_TREND
2026-06-08 20:00:00+00:00,SOL,SELL,8.113266467709764,0.008113266467709764,0.15,S3_TREND
2026-06-08 21:00:00+00:00,BTC,SELL,14.13009781364417,0.01413009781364417,0.15,S3_TREND
2026-06-08 21:00:00+00:00,ETH,SELL,29.57243513479989,0.02957243513479989,0.15,S3_TREND
2026-06-08 21:00:00+00:00,SOL,BUY,6.190700359587936,0.006190700359587936,0.15,S3_TREND
2026-06-08 22:00:00+00:00,BTC,SELL,27.699728283059812,0.02769972828305981,0.15,S3_TREND
2026-06-08 22:00:00+00:00,ETH,SELL,86.65777616495325,0.08665777616495325,0.15,S3_TREND
2026-06-08 22:00:00+00:00,SOL,BUY,24.49448811743423,0.02449448811743423,0.15,S3_TREND
2026-06-08 23:00:00+00:00,BTC,BUY,43.68045092470493,0.043680450924704926,0.15,S3_TREND
2026-06-08 23:00:00+00:00,ETH,SELL,15.739058140230554,0.015739058140230553,0.15,S3_TREND
2026-06-08 23:00:00+00:00,SOL,BUY,38.43364102180567,0.03843364102180567,0.15,S3_TREND
2026-06-09 00:00:00+00:00,BTC,BUY,37.75285086111762,0.037752850861117626,0.15,S3_TREND
2026-06-09 00:00:00+00:00,ETH,BUY,63.542463217314435,0.06354246321731444,0.15,S3_TREND
2026-06-09 00:00:00+00:00,SOL,BUY,38.76978947048519,0.03876978947048519,0.15,S3_TREND
2026-06-09 01:00:00+00:00,BTC,BUY,20.070142342314284,0.020070142342314284,0.15,S3_TREND
2026-06-09 01:00:00+00:00,ETH,BUY,125.92105730629737,0.12592105730629738,0.15,S3_TREND
2026-06-09 01:00:00+00:00,SOL,BUY,193.8042773076213,0.19380427730762131,0.15,S3_TREND
2026-06-09 02:00:00+00:00,BTC,SELL,12.131634477053012,0.012131634477053012,0.15,S3_TREND
2026-06-09 02:00:00+00:00,ETH,SELL,15.209892184706405,0.015209892184706406,0.15,S3_TREND
2026-06-09 02:00:00+00:00,SOL,SELL,88.16593724601444,0.08816593724601444,0.15,S3_TREND
2026-06-09 03:00:00+00:00,BTC,SELL,22.576391088516175,0.022576391088516175,0.15,S3_TREND
2026-06-09 03:00:00+00:00,ETH,BUY,8.969900509591753,0.008969900509591754,0.15,S3_TREND
2026-06-09 03:00:00+00:00,SOL,BUY,14.156479403362027,0.014156479403362027,0.15,S3_TREND
2026-06-09 04:00:00+00:00,BTC,BUY,3.343597536044399,0.003343597536044399,0.15,S3_TREND
2026-06-09 04:00:00+00:00,ETH,SELL,7.7527534876553545,0.007752753487655355,0.15,S3_TREND
2026-06-09 04:00:00+00:00,SOL,SELL,13.564444675334016,0.013564444675334016,0.15,S3_TREND
2026-06-09 05:00:00+00:00,BTC,SELL,15.532582931600698,0.015532582931600699,0.15,S3_TREND
2026-06-09 05:00:00+00:00,ETH,SELL,73.61087751294144,0.07361087751294144,0.15,S3_TREND
2026-06-09 05:00:00+00:00,SOL,SELL,143.45632121929157,0.14345632121929158,0.15,S3_TREND
2026-06-09 06:00:00+00:00,BTC,SELL,10.170648423812963,0.010170648423812963,0.15,S3_TREND
2026-06-09 06:00:00+00:00,ETH,SELL,4.703724702036197,0.004703724702036198,0.15,S3_TREND
2026-06-09 06:00:00+00:00,SOL,SELL,23.937008233648157,0.02393700823364816,0.15,S3_TREND
2026-06-09 07:00:00+00:00,ETH,BUY,10.27243039334644,0.01027243039334644,0.15,S3_TREND
2026-06-09 07:00:00+00:00,SOL,BUY,18.377219278394477,0.018377219278394478,0.15,S3_TREND
2026-06-09 08:00:00+00:00,BTC,BUY,6.6295873362832936,0.006629587336283294,0.15,S3_TREND
2026-06-09 08:00:00+00:00,ETH,BUY,33.85434113282827,0.033854341132828265,0.15,S3_TREND
2026-06-09 08:00:00+00:00,SOL,BUY,16.871201860738438,0.016871201860738438,0.15,S3_TREND
2026-06-09 09:00:00+00:00,BTC,BUY,48.96072655025819,0.04896072655025819,0.15,S3_TREND
2026-06-09 09:00:00+00:00,ETH,BUY,11.082298033396,0.011082298033396,0.15,S3_TREND
2026-06-09 09:00:00+00:00,SOL,BUY,34.93999544948019,0.03493999544948019,0.15,S3_TREND
2026-06-09 10:00:00+00:00,BTC,BUY,6.114146015779625,0.006114146015779625,0.15,S3_TREND
2026-06-09 10:00:00+00:00,ETH,BUY,14.992763822850975,0.014992763822850976,0.15,S3_TREND
2026-06-09 10:00:00+00:00,SOL,BUY,62.57597089160845,0.06257597089160845,0.15,S3_TREND
2026-06-09 11:00:00+00:00,ETH,SELL,19.02617282965366,0.01902617282965366,0.15,S3_TREND
2026-06-09 11:00:00+00:00,SOL,SELL,32.673487927348106,0.03267348792734811,0.15,S3_TREND
2026-06-09 12:00:00+00:00,ETH,BUY,7.36085926593114,0.00736085926593114,0.15,S3_TREND
2026-06-09 12:00:00+00:00,SOL,BUY,46.20434666455003,0.04620434666455003,0.15,S3_TREND
2026-06-09 13:00:00+00:00,BTC,BUY,21.74416103989097,0.02174416103989097,0.15,S3_TREND
2026-06-09 13:00:00+00:00,ETH,SELL,32.727599631865814,0.03272759963186581,0.15,S3_TREND
2026-06-09 13:00:00+00:00,SOL,SELL,15.27392157493341,0.015273921574933411,0.15,S3_TREND
2026-06-09 14:00:00+00:00,BTC,BUY,44.826727444200515,0.04482672744420051,0.15,S3_TREND
2026-06-09 14:00:00+00:00,ETH,BUY,46.80396552750062,0.04680396552750062,0.15,S3_TREND
2026-06-09 14:00:00+00:00,SOL,BUY,38.1414132453483,0.0381414132453483,0.15,S3_TREND
2026-06-09 15:00:00+00:00,BTC,BUY,85.50068776249827,0.08550068776249828,0.15,S3_TREND
2026-06-09 15:00:00+00:00,ETH,BUY,95.43781371348814,0.09543781371348814,0.15,S3_TREND
2026-06-09 15:00:00+00:00,SOL,BUY,86.76951115307202,0.08676951115307202,0.15,S3_TREND
2026-06-09 16:00:00+00:00,BTC,BUY,41.1595759928241,0.041159575992824105,0.15,S3_TREND
2026-06-09 16:00:00+00:00,ETH,BUY,29.190180115565454,0.029190180115565456,0.15,S3_TREND
2026-06-09 16:00:00+00:00,SOL,BUY,106.39361160195403,0.10639361160195404,0.15,S3_TREND
2026-06-09 17:00:00+00:00,BTC,SELL,58.78535070515318,0.05878535070515318,0.15,S3_TREND
2026-06-09 17:00:00+00:00,ETH,BUY,31.467069907859695,0.0314670699078597,0.15,S3_TREND
2026-06-09 17:00:00+00:00,SOL,BUY,35.216170628131295,0.035216170628131295,0.15,S3_TREND
2026-06-09 18:00:00+00:00,BTC,SELL,22.304402705995017,0.022304402705995017,0.15,S3_TREND
2026-06-09 18:00:00+00:00,ETH,SELL,44.69627512568513,0.044696275125685136,0.15,S3_TREND
2026-06-09 18:00:00+00:00,SOL,SELL,92.11708770441874,0.09211708770441873,0.15,S3_TREND
2026-06-09 19:00:00+00:00,BTC,BUY,8.026557638830127,0.008026557638830128,0.15,S3_TREND
2026-06-09 19:00:00+00:00,ETH,SELL,45.66942291427222,0.04566942291427222,0.15,S3_TREND
2026-06-09 19:00:00+00:00,SOL,SELL,71.66549847774331,0.07166549847774331,0.15,S3_TREND
2026-06-09 20:00:00+00:00,BTC,SELL,46.43342064067838,0.04643342064067838,0.15,S3_TREND
2026-06-09 20:00:00+00:00,ETH,SELL,21.009793314047783,0.021009793314047783,0.15,S3_TREND
2026-06-09 20:00:00+00:00,SOL,SELL,6.606924637837437,0.0066069246378374375,0.15,S3_TREND
2026-06-09 21:00:00+00:00,ETH,SELL,14.02632171809637,0.01402632171809637,0.15,S3_TREND
2026-06-09 21:00:00+00:00,SOL,SELL,30.762171161257356,0.030762171161257356,0.15,S3_TREND
2026-06-09 22:00:00+00:00,BTC,BUY,41.23270698936176,0.04123270698936176,0.15,S3_TREND
2026-06-09 22:00:00+00:00,ETH,BUY,39.07916936636684,0.039079169366366844,0.15,S3_TREND
2026-06-09 22:00:00+00:00,SOL,BUY,80.9906625964777,0.0809906625964777,0.15,S3_TREND
2026-06-09 23:00:00+00:00,BTC,SELL,8.559429623403048,0.008559429623403048,0.15,S3_TREND
2026-06-09 23:00:00+00:00,ETH,BUY,65.84876828823326,0.06584876828823326,0.15,S3_TREND
2026-06-09 23:00:00+00:00,SOL,BUY,8.790366770337641,0.008790366770337642,0.15,S3_TREND
2026-06-10 00:00:00+00:00,ETH,BUY,6.2823691584708286,0.006282369158470829,0.15,S3_TREND
2026-06-10 00:00:00+00:00,SOL,SELL,14.263147648323866,0.014263147648323865,0.15,S3_TREND
2026-06-10 01:00:00+00:00,BTC,SELL,21.97882157611275,0.02197882157611275,0.15,S3_TREND
2026-06-10 01:00:00+00:00,ETH,SELL,30.53459002464842,0.03053459002464842,0.15,S3_TREND
2026-06-10 01:00:00+00:00,SOL,SELL,22.919023788135746,0.022919023788135748,0.15,S3_TREND
2026-06-10 02:00:00+00:00,BTC,BUY,27.814171747511864,0.027814171747511864,0.15,S3_TREND
2026-06-10 02:00:00+00:00,ETH,BUY,37.62057739710508,0.03762057739710508,0.15,S3_TREND
2026-06-10 02:00:00+00:00,SOL,SELL,1.0799174124513229,0.001079917412451323,0.15,S3_TREND
2026-06-10 03:00:00+00:00,BTC,BUY,33.49159404628699,0.033491594046286995,0.15,S3_TREND
2026-06-10 03:00:00+00:00,ETH,BUY,64.99716920775245,0.06499716920775245,0.15,S3_TREND
2026-06-10 03:00:00+00:00,SOL,BUY,106.83075417138753,0.10683075417138753,0.15,S3_TREND
2026-06-10 04:00:00+00:00,BTC,SELL,31.14451596687286,0.03114451596687286,0.15,S3_TREND
2026-06-10 04:00:00+00:00,ETH,SELL,31.626373199283993,0.03162637319928399,0.15,S3_TREND
2026-06-10 04:00:00+00:00,SOL,SELL,20.879144419874137,0.020879144419874138,0.15,S3_TREND
2026-06-10 05:00:00+00:00,BTC,BUY,33.77096492649616,0.033770964926496165,0.15,S3_TREND
2026-06-10 05:00:00+00:00,ETH,BUY,18.253890575735568,0.01825389057573557,0.15,S3_TREND
2026-06-10 05:00:00+00:00,SOL,BUY,26.326801711511507,0.026326801711511506,0.15,S3_TREND
2026-06-10 06:00:00+00:00,BTC,SELL,14.600622897629364,0.014600622897629364,0.15,S3_TREND
2026-06-10 06:00:00+00:00,ETH,SELL,16.91227960515971,0.01691227960515971,0.15,S3_TREND
2026-06-10 06:00:00+00:00,SOL,BUY,32.869479648621564,0.032869479648621566,0.15,S3_TREND
2026-06-10 07:00:00+00:00,BTC,SELL,13.167400904900205,0.013167400904900206,0.15,S3_TREND
2026-06-10 07:00:00+00:00,ETH,SELL,22.327869182636277,0.022327869182636278,0.15,S3_TREND
2026-06-10 07:00:00+00:00,SOL,SELL,5.506636237689236,0.005506636237689236,0.15,S3_TREND
2026-06-10 08:00:00+00:00,BTC,SELL,20.78791111263672,0.020787911112636722,0.15,S3_TREND
2026-06-10 08:00:00+00:00,ETH,SELL,39.80592531604998,0.03980592531604998,0.15,S3_TREND
2026-06-10 08:00:00+00:00,SOL,SELL,34.4886153968273,0.0344886153968273,0.15,S3_TREND
2026-06-10 09:00:00+00:00,BTC,BUY,28.243160948704826,0.028243160948704826,0.15,S3_TREND
2026-06-10 09:00:00+00:00,ETH,BUY,88.90366690177689,0.0889036669017769,0.15,S3_TREND
2026-06-10 09:00:00+00:00,SOL,BUY,118.53638738169684,0.11853638738169685,0.15,S3_TREND
2026-06-10 10:00:00+00:00,BTC,SELL,6681.553777979599,6.681553777979599,0.075,S6_REVERSAL
2026-06-10 10:00:00+00:00,ETH,SELL,13.231235235312852,0.013231235235312852,0.15,S3_TREND
2026-06-10 10:00:00+00:00,SOL,BUY,1.6600620553399494,0.0016600620553399495,0.15,S3_TREND
2026-06-10 11:00:00+00:00,BTC,SELL,2.208121121801014,0.002208121121801014,0.075,S6_REVERSAL
2026-06-10 11:00:00+00:00,ETH,SELL,30.763985231522383,0.030763985231522385,0.15,S3_TREND
2026-06-10 11:00:00+00:00,SOL,SELL,1.6776625153252098,0.00167766251532521,0.15,S3_TREND
2026-06-10 12:00:00+00:00,BTC,BUY,27.55246876783167,0.02755246876783167,0.075,S6_REVERSAL
2026-06-10 12:00:00+00:00,ETH,BUY,45.52937348819796,0.04552937348819796,0.15,S3_TREND
2026-06-10 12:00:00+00:00,SOL,BUY,16.279331284955333,0.016279331284955335,0.15,S3_TREND
2026-06-10 13:00:00+00:00,BTC,SELL,34.30601184934039,0.034306011849340394,0.075,S6_REVERSAL
2026-06-10 13:00:00+00:00,ETH,SELL,79.08474320403911,0.07908474320403912,0.15,S3_TREND
2026-06-10 13:00:00+00:00,SOL,SELL,83.01646188997984,0.08301646188997984,0.15,S3_TREND
2026-06-10 14:00:00+00:00,BTC,SELL,33.44729441561958,0.03344729441561958,0.075,S6_REVERSAL
2026-06-10 14:00:00+00:00,ETH,SELL,13509.520373113557,13.509520373113558,0.0,CASH
2026-06-10 14:00:00+00:00,SOL,SELL,6858.045812942384,6.858045812942384,0.075,S6_REVERSAL
2026-06-10 15:00:00+00:00,BTC,SELL,6.562679997416126,0.006562679997416126,0.075,S6_REVERSAL
2026-06-10 16:00:00+00:00,BTC,SELL,41.4096872812288,0.0414096872812288,0.075,S6_REVERSAL
2026-06-10 16:00:00+00:00,SOL,SELL,31.9106878819166,0.0319106878819166,0.075,S6_REVERSAL
2026-06-10 17:00:00+00:00,BTC,BUY,35.36196380691126,0.03536196380691126,0.075,S6_REVERSAL
2026-06-10 17:00:00+00:00,SOL,BUY,74.53568146212183,0.07453568146212183,0.075,S6_REVERSAL
2026-06-10 18:00:00+00:00,BTC,BUY,20.434920840644736,0.020434920840644737,0.075,S6_REVERSAL
2026-06-10 18:00:00+00:00,SOL,BUY,52.74692508890712,0.05274692508890712,0.075,S6_REVERSAL
2026-06-10 19:00:00+00:00,BTC,BUY,7.154635383342793,0.007154635383342793,0.075,S6_REVERSAL
2026-06-10 19:00:00+00:00,SOL,BUY,19.6196712957435,0.0196196712957435,0.075,S6_REVERSAL
2026-06-10 20:00:00+00:00,BTC,SELL,8.2661511643646,0.008266151164364601,0.075,S6_REVERSAL
2026-06-10 20:00:00+00:00,SOL,BUY,27.68807902351091,0.02768807902351091,0.075,S6_REVERSAL
2026-06-10 21:00:00+00:00,BTC,BUY,11.806358280358836,0.011806358280358836,0.075,S6_REVERSAL
2026-06-10 21:00:00+00:00,SOL,BUY,22.295902996160294,0.022295902996160293,0.075,S6_REVERSAL
2026-06-10 22:00:00+00:00,BTC,BUY,39.335402867252924,0.03933540286725293,0.075,S6_REVERSAL
2026-06-10 22:00:00+00:00,SOL,SELL,6623.238067810667,6.623238067810668,0.0,CASH
2026-06-10 23:00:00+00:00,BTC,SELL,3.0493964525603587,0.0030493964525603588,0.075,S6_REVERSAL
2026-06-11 00:00:00+00:00,BTC,SELL,13.058480736325691,0.013058480736325692,0.075,S6_REVERSAL
2026-06-11 01:00:00+00:00,BTC,SELL,30.28746048650646,0.030287460486506462,0.075,S6_REVERSAL
2026-06-11 02:00:00+00:00,BTC,SELL,39.46747631127528,0.03946747631127528,0.075,S6_REVERSAL
2026-06-11 03:00:00+00:00,BTC,BUY,5.772452164658716,0.005772452164658716,0.075,S6_REVERSAL
2026-06-11 04:00:00+00:00,BTC,SELL,53.9634135030019,0.053963413503001906,0.075,S6_REVERSAL
2026-06-11 05:00:00+00:00,BTC,SELL,3.6996487787446313,0.0036996487787446315,0.075,S6_REVERSAL
2026-06-11 06:00:00+00:00,BTC,BUY,11.545809790242856,0.011545809790242856,0.075,S6_REVERSAL
2026-06-11 07:00:00+00:00,BTC,SELL,16.03690173308223,0.016036901733082233,0.075,S6_REVERSAL
2026-06-11 08:00:00+00:00,BTC,BUY,5.194782687888619,0.005194782687888619,0.075,S6_REVERSAL
2026-06-11 09:00:00+00:00,BTC,SELL,23.580321704201197,0.0235803217042012,0.075,S6_REVERSAL
2026-06-11 10:00:00+00:00,BTC,BUY,3.002722383600485,0.003002722383600485,0.075,S6_REVERSAL
2026-06-11 11:00:00+00:00,BTC,SELL,21.724815259052775,0.021724815259052777,0.075,S6_REVERSAL
2026-06-11 12:00:00+00:00,BTC,SELL,6699.786632401473,6.699786632401473,0.0,CASH
2026-06-12 02:00:00+00:00,BTC,BUY,13406.419195818627,13.406419195818629,0.15,S3_TREND
2026-06-12 03:00:00+00:00,BTC,SELL,37.55943703180856,0.03755943703180856,0.15,S3_TREND
2026-06-12 04:00:00+00:00,BTC,BUY,17.778085488957004,0.017778085488957002,0.15,S3_TREND
2026-06-12 05:00:00+00:00,BTC,SELL,31.431907173868236,0.031431907173868234,0.15,S3_TREND
2026-06-12 06:00:00+00:00,BTC,BUY,61.17114845518881,0.06117114845518881,0.15,S3_TREND
2026-06-12 07:00:00+00:00,BTC,BUY,67.9092769893141,0.0679092769893141,0.15,S3_TREND
2026-06-12 07:00:00+00:00,ETH,BUY,13390.285985259496,13.390285985259496,0.15,S3_TREND
2026-06-12 08:00:00+00:00,BTC,SELL,17.98564619986064,0.01798564619986064,0.15,S3_TREND
2026-06-12 08:00:00+00:00,ETH,SELL,30.938567261389835,0.030938567261389837,0.15,S3_TREND
2026-06-12 08:00:00+00:00,SOL,BUY,13397.885846302137,13.397885846302136,0.15,S3_TREND
2026-06-12 09:00:00+00:00,BTC,SELL,36.81746612808456,0.036817466128084564,0.15,S3_TREND
2026-06-12 09:00:00+00:00,ETH,SELL,50.227871495777435,0.05022787149577743,0.15,S3_TREND
2026-06-12 09:00:00+00:00,SOL,SELL,79.46631434327173,0.07946631434327174,0.15,S3_TREND
2026-06-12 10:00:00+00:00,BTC,SELL,34.982906925464704,0.034982906925464706,0.15,S3_TREND
2026-06-12 10:00:00+00:00,ETH,SELL,28.48898333894249,0.02848898333894249,0.15,S3_TREND
2026-06-12 10:00:00+00:00,SOL,SELL,27.461527929810472,0.027461527929810475,0.15,S3_TREND
2026-06-12 11:00:00+00:00,BTC,SELL,8.980311341680135,0.008980311341680135,0.15,S3_TREND
2026-06-12 11:00:00+00:00,ETH,BUY,22.818593736166804,0.022818593736166803,0.15,S3_TREND
2026-06-12 11:00:00+00:00,SOL,BUY,58.430356899836625,0.058430356899836625,0.15,S3_TREND
2026-06-12 12:00:00+00:00,BTC,SELL,8.737630879304561,0.008737630879304561,0.15,S3_TREND
2026-06-12 12:00:00+00:00,ETH,BUY,12.556467382959454,0.012556467382959454,0.15,S3_TREND
2026-06-12 12:00:00+00:00,SOL,SELL,21.398744910708047,0.021398744910708048,0.15,S3_TREND
2026-06-12 13:00:00+00:00,BTC,BUY,40.50927606504047,0.04050927606504047,0.15,S3_TREND
2026-06-12 13:00:00+00:00,ETH,BUY,36.0260771781941,0.0360260771781941,0.15,S3_TREND
2026-06-12 13:00:00+00:00,SOL,BUY,7.2770642438626965,0.007277064243862696,0.15,S3_TREND
2026-06-12 14:00:00+00:00,BTC,BUY,30.478849453586008,0.030478849453586008,0.15,S3_TREND
2026-06-12 14:00:00+00:00,ETH,BUY,52.568259766001574,0.052568259766001574,0.15,S3_TREND
2026-06-12 14:00:00+00:00,SOL,SELL,11.493904802633551,0.011493904802633551,0.15,S3_TREND
2026-06-12 15:00:00+00:00,BTC,SELL,68.75817722191823,0.06875817722191824,0.15,S3_TREND
2026-06-12 15:00:00+00:00,ETH,SELL,132.1739314643819,0.1321739314643819,0.15,S3_TREND
2026-06-12 15:00:00+00:00,SOL,SELL,146.39689957254086,0.14639689957254087,0.15,S3_TREND
2026-06-12 16:00:00+00:00,BTC,BUY,22.228748429501138,0.02222874842950114,0.15,S3_TREND
2026-06-12 16:00:00+00:00,ETH,BUY,141.18310833352552,0.14118310833352551,0.15,S3_TREND
2026-06-12 16:00:00+00:00,SOL,BUY,69.54128162477173,0.06954128162477173,0.15,S3_TREND
2026-06-12 17:00:00+00:00,BTC,SELL,31.633552612680433,0.031633552612680436,0.15,S3_TREND
2026-06-12 17:00:00+00:00,ETH,SELL,53.19208951134351,0.053192089511343514,0.15,S3_TREND
2026-06-12 17:00:00+00:00,SOL,SELL,101.17804404062372,0.10117804404062372,0.15,S3_TREND
2026-06-12 18:00:00+00:00,BTC,SELL,2.4214470741935656,0.0024214470741935655,0.15,S3_TREND
2026-06-12 18:00:00+00:00,ETH,BUY,5.722952466772767,0.005722952466772768,0.15,S3_TREND
2026-06-12 18:00:00+00:00,SOL,BUY,95.85586683105248,0.09585586683105249,0.15,S3_TREND
2026-06-12 19:00:00+00:00,BTC,BUY,18.41805661064427,0.01841805661064427,0.15,S3_TREND
2026-06-12 19:00:00+00:00,ETH,SELL,1.7467080977639853,0.0017467080977639853,0.15,S3_TREND
2026-06-12 19:00:00+00:00,SOL,BUY,48.19186400248691,0.04819186400248691,0.15,S3_TREND
2026-06-12 20:00:00+00:00,BTC,BUY,9.223392335990866,0.009223392335990866,0.15,S3_TREND
2026-06-12 20:00:00+00:00,ETH,SELL,5.300540158730655,0.005300540158730655,0.15,S3_TREND
2026-06-12 20:00:00+00:00,SOL,BUY,43.242947597562306,0.04324294759756231,0.15,S3_TREND
2026-06-12 21:00:00+00:00,BTC,BUY,20.960832257998845,0.020960832257998847,0.15,S3_TREND
2026-06-12 21:00:00+00:00,SOL,BUY,11.442982761287567,0.011442982761287567,0.15,S3_TREND
2026-06-12 22:00:00+00:00,BTC,SELL,8.666771091699047,0.008666771091699048,0.15,S3_TREND
2026-06-12 22:00:00+00:00,ETH,BUY,1.556466037647624,0.001556466037647624,0.15,S3_TREND
2026-06-12 22:00:00+00:00,SOL,BUY,20.346409479499926,0.020346409479499925,0.15,S3_TREND
2026-06-12 23:00:00+00:00,BTC,SELL,5.191804207086534,0.005191804207086534,0.15,S3_TREND
2026-06-12 23:00:00+00:00,ETH,BUY,13.892423921713998,0.013892423921714,0.15,S3_TREND
2026-06-12 23:00:00+00:00,SOL,SELL,12.957377680115314,0.012957377680115314,0.15,S3_TREND
2026-06-13 00:00:00+00:00,BTC,SELL,3.651614929198331,0.003651614929198331,0.15,S3_TREND
2026-06-13 00:00:00+00:00,ETH,SELL,18.001319520573816,0.018001319520573815,0.15,S3_TREND
2026-06-13 00:00:00+00:00,SOL,SELL,25.429604951121288,0.025429604951121287,0.15,S3_TREND
2026-06-13 01:00:00+00:00,BTC,BUY,2.7945121795673913,0.002794512179567391,0.15,S3_TREND
2026-06-13 01:00:00+00:00,ETH,SELL,1.441739587158736,0.001441739587158736,0.15,S3_TREND
2026-06-13 01:00:00+00:00,SOL,SELL,27.147307033637844,0.027147307033637845,0.15,S3_TREND
2026-06-13 02:00:00+00:00,BTC,SELL,21.56032852028693,0.02156032852028693,0.15,S3_TREND
2026-06-13 02:00:00+00:00,ETH,SELL,24.16774396785513,0.02416774396785513,0.15,S3_TREND
2026-06-13 02:00:00+00:00,SOL,SELL,59.55500254686558,0.05955500254686558,0.15,S3_TREND
2026-06-13 03:00:00+00:00,BTC,BUY,13.07197815231666,0.01307197815231666,0.15,S3_TREND
2026-06-13 03:00:00+00:00,ETH,BUY,20.864504584291353,0.020864504584291354,0.15,S3_TREND
2026-06-13 03:00:00+00:00,SOL,BUY,66.4545915498511,0.0664545915498511,0.15,S3_TREND
2026-06-13 04:00:00+00:00,BTC,BUY,14.079604292213844,0.014079604292213844,0.15,S3_TREND
2026-06-13 04:00:00+00:00,ETH,BUY,12.403828019856519,0.01240382801985652,0.15,S3_TREND
2026-06-13 04:00:00+00:00,SOL,BUY,10.072764141326843,0.010072764141326844,0.15,S3_TREND
2026-06-13 05:00:00+00:00,BTC,SELL,3.3221034055059135,0.0033221034055059134,0.15,S3_TREND
2026-06-13 05:00:00+00:00,ETH,SELL,1.6603256235848678,0.0016603256235848678,0.15,S3_TREND
2026-06-13 05:00:00+00:00,SOL,BUY,32.62209608920966,0.032622096089209664,0.15,S3_TREND
2026-06-13 06:00:00+00:00,BTC,SELL,8.473048377554733,0.008473048377554733,0.15,S3_TREND
2026-06-13 06:00:00+00:00,ETH,BUY,1.1033947267078474,0.0011033947267078475,0.15,S3_TREND
2026-06-13 06:00:00+00:00,SOL,SELL,17.4123409915519,0.0174123409915519,0.15,S3_TREND
2026-06-13 07:00:00+00:00,BTC,SELL,10.69630812977266,0.010696308129772661,0.15,S3_TREND
2026-06-13 07:00:00+00:00,ETH,SELL,14.809607901353957,0.014809607901353957,0.15,S3_TREND
2026-06-13 07:00:00+00:00,SOL,SELL,52.99688083463298,0.052996880834632984,0.15,S3_TREND
2026-06-13 08:00:00+00:00,BTC,SELL,5.073380711688515,0.005073380711688514,0.15,S3_TREND
2026-06-13 08:00:00+00:00,ETH,SELL,35.59473321524638,0.03559473321524638,0.15,S3_TREND
2026-06-13 08:00:00+00:00,SOL,SELL,25.923830912959602,0.025923830912959602,0.15,S3_TREND
2026-06-13 09:00:00+00:00,BTC,BUY,3.180583053977898,0.003180583053977898,0.15,S3_TREND
2026-06-13 09:00:00+00:00,ETH,BUY,9.287129056514459,0.00928712905651446,0.15,S3_TREND
2026-06-13 09:00:00+00:00,SOL,BUY,6.738195759300652,0.006738195759300652,0.15,S3_TREND
2026-06-13 10:00:00+00:00,BTC,BUY,11.724710159453025,0.011724710159453025,0.15,S3_TREND
2026-06-13 10:00:00+00:00,ETH,BUY,5.453080958784994,0.005453080958784995,0.15,S3_TREND
2026-06-13 10:00:00+00:00,SOL,SELL,11.542434692437382,0.011542434692437382,0.15,S3_TREND
2026-06-13 11:00:00+00:00,BTC,SELL,15.24567235624636,0.01524567235624636,0.15,S3_TREND
2026-06-13 11:00:00+00:00,ETH,BUY,1.907993156597513,0.0019079931565975131,0.15,S3_TREND
2026-06-13 11:00:00+00:00,SOL,SELL,8.138966586504466,0.008138966586504466,0.15,S3_TREND
2026-06-13 12:00:00+00:00,BTC,SELL,3.929589255581959,0.003929589255581959,0.15,S3_TREND
2026-06-13 12:00:00+00:00,ETH,SELL,10.174890840198714,0.010174890840198713,0.15,S3_TREND
2026-06-13 12:00:00+00:00,SOL,SELL,70.734415493278,0.070734415493278,0.15,S3_TREND
2026-06-13 13:00:00+00:00,BTC,SELL,24.298749486644738,0.02429874948664474,0.15,S3_TREND
2026-06-13 13:00:00+00:00,ETH,SELL,7.7710475383373705,0.007771047538337371,0.15,S3_TREND
2026-06-13 13:00:00+00:00,SOL,SELL,4.073041635512709,0.004073041635512709,0.15,S3_TREND
2026-06-13 14:00:00+00:00,BTC,BUY,3.6330829490452743,0.0036330829490452744,0.15,S3_TREND
2026-06-13 14:00:00+00:00,ETH,BUY,17.29547852801261,0.01729547852801261,0.15,S3_TREND
2026-06-13 14:00:00+00:00,SOL,SELL,10.734531435387908,0.010734531435387908,0.15,S3_TREND
2026-06-13 15:00:00+00:00,BTC,SELL,10.78629337647908,0.01078629337647908,0.15,S3_TREND
2026-06-13 15:00:00+00:00,ETH,SELL,1.6311581146455865,0.0016311581146455866,0.15,S3_TREND
2026-06-13 15:00:00+00:00,SOL,SELL,39.44656317610861,0.03944656317610861,0.15,S3_TREND
2026-06-13 16:00:00+00:00,BTC,SELL,1.6482882267791865,0.0016482882267791865,0.15,S3_TREND
2026-06-13 16:00:00+00:00,ETH,SELL,3.2013104215020576,0.003201310421502058,0.15,S3_TREND
2026-06-13 16:00:00+00:00,SOL,SELL,47.16901469912409,0.047169014699124094,0.15,S3_TREND
2026-06-13 17:00:00+00:00,BTC,BUY,26.137593648838447,0.02613759364883845,0.15,S3_TREND
2026-06-13 17:00:00+00:00,ETH,BUY,13.39294863563373,0.01339294863563373,0.15,S3_TREND
2026-06-13 17:00:00+00:00,SOL,BUY,70.53449790324157,0.07053449790324158,0.15,S3_TREND
2026-06-13 18:00:00+00:00,BTC,BUY,4.760264917442328,0.004760264917442328,0.15,S3_TREND
2026-06-13 18:00:00+00:00,ETH,BUY,12.10098285807544,0.01210098285807544,0.15,S3_TREND
2026-06-13 18:00:00+00:00,SOL,BUY,10.380626974589177,0.010380626974589177,0.15,S3_TREND
2026-06-13 19:00:00+00:00,BTC,SELL,25.138019048701608,0.02513801904870161,0.15,S3_TREND
2026-06-13 19:00:00+00:00,ETH,SELL,19.01762234900525,0.01901762234900525,0.15,S3_TREND
2026-06-13 19:00:00+00:00,SOL,SELL,10.806771495072098,0.0108067714950721,0.15,S3_TREND
2026-06-13 20:00:00+00:00,BTC,SELL,21.190961749302005,0.021190961749302007,0.15,S3_TREND
2026-06-13 20:00:00+00:00,ETH,BUY,9.101580579314032,0.009101580579314032,0.15,S3_TREND
2026-06-13 20:00:00+00:00,SOL,SELL,14.552981167436883,0.014552981167436883,0.15,S3_TREND
2026-06-13 21:00:00+00:00,BTC,BUY,2.30908669200835,0.00230908669200835,0.15,S3_TREND
2026-06-13 21:00:00+00:00,ETH,BUY,12.717733398450946,0.012717733398450946,0.15,S3_TREND
2026-06-13 21:00:00+00:00,SOL,SELL,9.452680187658189,0.009452680187658189,0.15,S3_TREND
2026-06-13 22:00:00+00:00,BTC,BUY,6.925917067865157,0.006925917067865157,0.15,S3_TREND
2026-06-13 22:00:00+00:00,ETH,SELL,32.42510297022636,0.03242510297022636,0.15,S3_TREND
2026-06-13 22:00:00+00:00,SOL,SELL,148.45362734714217,0.14845362734714218,0.15,S3_TREND
2026-06-13 23:00:00+00:00,BTC,SELL,14.097121940625584,0.014097121940625585,0.15,S3_TREND
2026-06-13 23:00:00+00:00,ETH,BUY,21.58627990698369,0.021586279906983693,0.15,S3_TREND
2026-06-13 23:00:00+00:00,SOL,BUY,55.25475314201503,0.055254753142015035,0.15,S3_TREND
2026-06-14 00:00:00+00:00,ETH,BUY,4.157418064676676,0.004157418064676677,0.15,S3_TREND
2026-06-14 00:00:00+00:00,SOL,SELL,7.166050674042708,0.007166050674042708,0.15,S3_TREND
2026-06-14 01:00:00+00:00,BTC,SELL,23.47879956527686,0.023478799565276858,0.15,S3_TREND
2026-06-14 01:00:00+00:00,ETH,SELL,7.089000189560466,0.007089000189560467,0.15,S3_TREND
2026-06-14 01:00:00+00:00,SOL,BUY,35.9499967085012,0.03594999670850121,0.15,S3_TREND
2026-06-14 02:00:00+00:00,BTC,BUY,4.927963012249165,0.004927963012249166,0.15,S3_TREND
2026-06-14 02:00:00+00:00,ETH,SELL,12.238397581430036,0.012238397581430036,0.15,S3_TREND
2026-06-14 02:00:00+00:00,SOL,SELL,9.27971280446036,0.00927971280446036,0.15,S3_TREND
2026-06-14 03:00:00+00:00,BTC,BUY,11.4729174005206,0.0114729174005206,0.15,S3_TREND
2026-06-14 03:00:00+00:00,ETH,BUY,8.386128151338198,0.008386128151338199,0.15,S3_TREND
2026-06-14 03:00:00+00:00,SOL,SELL,5.807543129001715,0.005807543129001715,0.15,S3_TREND
2026-06-14 04:00:00+00:00,BTC,SELL,7.199599751704227,0.007199599751704227,0.15,S3_TREND
2026-06-14 04:00:00+00:00,ETH,BUY,10.204010940437001,0.010204010940437002,0.15,S3_TREND
2026-06-14 04:00:00+00:00,SOL,SELL,19.197743233418805,0.019197743233418805,0.15,S3_TREND
2026-06-14 05:00:00+00:00,BTC,BUY,19.825874288706473,0.019825874288706472,0.15,S3_TREND
2026-06-14 05:00:00+00:00,ETH,BUY,7.073179853246984,0.007073179853246984,0.15,S3_TREND
2026-06-14 05:00:00+00:00,SOL,BUY,59.055734931418556,0.05905573493141856,0.15,S3_TREND
2026-06-14 06:00:00+00:00,BTC,SELL,7.891161081566679,0.00789116108156668,0.15,S3_TREND
2026-06-14 06:00:00+00:00,ETH,SELL,9.566546793355883,0.009566546793355883,0.15,S3_TREND
2026-06-14 06:00:00+00:00,SOL,BUY,47.13054428166288,0.04713054428166288,0.15,S3_TREND
2026-06-14 07:00:00+00:00,BTC,BUY,5.68150378586688,0.00568150378586688,0.15,S3_TREND
2026-06-14 07:00:00+00:00,ETH,BUY,8.711661615543562,0.008711661615543563,0.15,S3_TREND
2026-06-14 07:00:00+00:00,SOL,BUY,4.680472145100794,0.004680472145100794,0.15,S3_TREND
2026-06-14 08:00:00+00:00,BTC,SELL,25.296578381514337,0.025296578381514338,0.15,S3_TREND
2026-06-14 08:00:00+00:00,ETH,BUY,8.760933378975096,0.008760933378975096,0.15,S3_TREND
2026-06-14 08:00:00+00:00,SOL,SELL,1.1294897104435224,0.0011294897104435224,0.15,S3_TREND
2026-06-14 09:00:00+00:00,BTC,SELL,4.612961647024349,0.0046129616470243495,0.15,S3_TREND
2026-06-14 09:00:00+00:00,ETH,BUY,3.698122718675222,0.003698122718675222,0.15,S3_TREND
2026-06-14 09:00:00+00:00,SOL,SELL,2.9237463571571425,0.0029237463571571425,0.15,S3_TREND
2026-06-14 10:00:00+00:00,BTC,SELL,18.11732574987218,0.01811732574987218,0.15,S3_TREND
2026-06-14 10:00:00+00:00,ETH,SELL,8.029889701761931,0.008029889701761932,0.15,S3_TREND
2026-06-14 10:00:00+00:00,SOL,SELL,30.182487929880153,0.030182487929880153,0.15,S3_TREND
2026-06-14 11:00:00+00:00,ETH,BUY,24.184010023374867,0.024184010023374867,0.15,S3_TREND
2026-06-14 11:00:00+00:00,SOL,BUY,44.281902021692076,0.04428190202169208,0.15,S3_TREND
2026-06-14 12:00:00+00:00,BTC,SELL,4.2739795612651506,0.0042739795612651505,0.15,S3_TREND
2026-06-14 12:00:00+00:00,ETH,SELL,4.833740842181214,0.004833740842181214,0.15,S3_TREND
2026-06-14 12:00:00+00:00,SOL,BUY,9.922158863877485,0.009922158863877486,0.15,S3_TREND
2026-06-14 13:00:00+00:00,BTC,BUY,20.778232960663445,0.020778232960663445,0.15,S3_TREND
2026-06-14 13:00:00+00:00,ETH,BUY,30.181418651147396,0.030181418651147398,0.15,S3_TREND
2026-06-14 13:00:00+00:00,SOL,BUY,40.5088462044132,0.0405088462044132,0.15,S3_TREND
2026-06-14 14:00:00+00:00,ETH,BUY,1.932219088452257,0.001932219088452257,0.15,S3_TREND
2026-06-14 15:00:00+00:00,BTC,BUY,37.39467593784684,0.037394675937846844,0.15,S3_TREND
2026-06-14 15:00:00+00:00,ETH,BUY,21.122704943234567,0.021122704943234566,0.15,S3_TREND
2026-06-14 15:00:00+00:00,SOL,BUY,66.75311837127629,0.06675311837127629,0.15,S3_TREND
2026-06-14 16:00:00+00:00,BTC,BUY,1.2422616919793654,0.0012422616919793654,0.15,S3_TREND
2026-06-14 16:00:00+00:00,ETH,SELL,15.885553878359133,0.015885553878359132,0.15,S3_TREND
2026-06-14 16:00:00+00:00,SOL,SELL,22.026016165596957,0.02202601616559696,0.15,S3_TREND
2026-06-14 17:00:00+00:00,BTC,BUY,14.303724759565739,0.014303724759565739,0.15,S3_TREND
2026-06-14 17:00:00+00:00,ETH,BUY,9.762764894428983,0.009762764894428984,0.15,S3_TREND
2026-06-14 17:00:00+00:00,SOL,SELL,13.007981354212461,0.013007981354212462,0.15,S3_TREND
2026-06-14 18:00:00+00:00,BTC,BUY,34.24595933096316,0.03424595933096316,0.15,S3_TREND
2026-06-14 18:00:00+00:00,ETH,SELL,15.780224407959395,0.015780224407959394,0.15,S3_TREND
2026-06-14 18:00:00+00:00,SOL,BUY,17.972869498426007,0.017972869498426008,0.15,S3_TREND
2026-06-14 19:00:00+00:00,BTC,SELL,11.803386933430374,0.011803386933430375,0.15,S3_TREND
2026-06-14 19:00:00+00:00,ETH,BUY,5.375935950774874,0.005375935950774874,0.15,S3_TREND
2026-06-14 19:00:00+00:00,SOL,SELL,12.758977689169114,0.012758977689169115,0.15,S3_TREND
2026-06-14 20:00:00+00:00,BTC,BUY,10.303575079566144,0.010303575079566144,0.15,S3_TREND
2026-06-14 20:00:00+00:00,ETH,SELL,19.358157580187253,0.019358157580187253,0.15,S3_TREND
2026-06-14 20:00:00+00:00,SOL,SELL,20.01244961584598,0.02001244961584598,0.15,S3_TREND
2026-06-14 21:00:00+00:00,BTC,SELL,24.08342824158717,0.02408342824158717,0.15,S3_TREND
2026-06-14 21:00:00+00:00,ETH,SELL,21.220274617060568,0.021220274617060567,0.15,S3_TREND
2026-06-14 21:00:00+00:00,SOL,SELL,26.303824250349862,0.026303824250349862,0.15,S3_TREND
2026-06-14 22:00:00+00:00,BTC,SELL,104.526985337734,0.10452698533773401,0.15,S3_TREND
2026-06-14 22:00:00+00:00,ETH,SELL,219.08626640770305,0.21908626640770307,0.15,S3_TREND
2026-06-14 22:00:00+00:00,SOL,SELL,299.3530118579565,0.29935301185795654,0.15,S3_TREND
2026-06-14 23:00:00+00:00,BTC,SELL,7.400016993351528,0.007400016993351528,0.15,S3_TREND
2026-06-14 23:00:00+00:00,ETH,SELL,14.617771464412726,0.014617771464412727,0.15,S3_TREND
2026-06-14 23:00:00+00:00,SOL,SELL,39.747504522623785,0.03974750452262379,0.15,S3_TREND
2026-06-15 00:00:00+00:00,BTC,SELL,28.74331117035399,0.028743311170353992,0.15,S3_TREND
2026-06-15 00:00:00+00:00,ETH,BUY,14.151912502866253,0.014151912502866253,0.15,S3_TREND
2026-06-15 00:00:00+00:00,SOL,SELL,124.9243863106658,0.1249243863106658,0.15,S3_TREND
2026-06-15 01:00:00+00:00,BTC,BUY,10.98469198938983,0.01098469198938983,0.15,S3_TREND
2026-06-15 01:00:00+00:00,ETH,BUY,23.99844072205815,0.02399844072205815,0.15,S3_TREND
2026-06-15 01:00:00+00:00,SOL,BUY,16.63552624536169,0.01663552624536169,0.15,S3_TREND
2026-06-15 02:00:00+00:00,BTC,BUY,8.144469178949294,0.008144469178949294,0.15,S3_TREND
2026-06-15 02:00:00+00:00,ETH,BUY,27.0946555866376,0.027094655586637602,0.15,S3_TREND
2026-06-15 02:00:00+00:00,SOL,BUY,12.09798344646697,0.012097983446466969,0.15,S3_TREND
2026-06-15 03:00:00+00:00,BTC,BUY,9.990801805672163,0.009990801805672163,0.15,S3_TREND
2026-06-15 03:00:00+00:00,ETH,SELL,8.885105290457432,0.008885105290457431,0.15,S3_TREND
2026-06-15 03:00:00+00:00,SOL,BUY,2.7802583129414415,0.0027802583129414417,0.15,S3_TREND
2026-06-15 04:00:00+00:00,BTC,SELL,68.5175717778202,0.0685175717778202,0.15,S3_TREND
2026-06-15 04:00:00+00:00,ETH,SELL,5.314595554653351,0.005314595554653351,0.15,S3_TREND
2026-06-15 04:00:00+00:00,SOL,SELL,23.546843987702232,0.023546843987702234,0.15,S3_TREND
2026-06-15 05:00:00+00:00,BTC,BUY,36.31652576533088,0.03631652576533088,0.15,S3_TREND
2026-06-15 05:00:00+00:00,ETH,BUY,7.173672126178644,0.007173672126178645,0.15,S3_TREND
2026-06-15 05:00:00+00:00,SOL,BUY,39.023940164697706,0.03902394016469771,0.15,S3_TREND
2026-06-15 06:00:00+00:00,BTC,SELL,24.915223341286037,0.024915223341286038,0.15,S3_TREND
2026-06-15 06:00:00+00:00,ETH,SELL,9.158239851312828,0.009158239851312828,0.15,S3_TREND
2026-06-15 06:00:00+00:00,SOL,SELL,38.187304451177624,0.03818730445117763,0.15,S3_TREND
2026-06-15 07:00:00+00:00,BTC,BUY,11.146107356062203,0.011146107356062203,0.15,S3_TREND
2026-06-15 07:00:00+00:00,ETH,BUY,8.346685794991572,0.008346685794991572,0.15,S3_TREND
2026-06-15 07:00:00+00:00,SOL,SELL,25.353367864256143,0.025353367864256144,0.15,S3_TREND
2026-06-15 08:00:00+00:00,BTC,BUY,18.13039390132326,0.01813039390132326,0.15,S3_TREND
2026-06-15 08:00:00+00:00,ETH,BUY,15.209115545696477,0.015209115545696478,0.15,S3_TREND
2026-06-15 08:00:00+00:00,SOL,BUY,4.915795001308652,0.004915795001308652,0.15,S3_TREND
2026-06-15 09:00:00+00:00,BTC,BUY,7.318256558606663,0.007318256558606663,0.15,S3_TREND
2026-06-15 09:00:00+00:00,ETH,SELL,25.2524285151776,0.0252524285151776,0.15,S3_TREND
2026-06-15 10:00:00+00:00,BTC,BUY,7.497510165187123,0.007497510165187123,0.15,S3_TREND
2026-06-15 10:00:00+00:00,ETH,BUY,7.444378974128995,0.007444378974128995,0.15,S3_TREND
2026-06-15 10:00:00+00:00,SOL,BUY,8.172226716194928,0.008172226716194927,0.15,S3_TREND
2026-06-15 11:00:00+00:00,BTC,SELL,15.276354986019214,0.015276354986019215,0.15,S3_TREND
2026-06-15 11:00:00+00:00,ETH,SELL,100.69008972541087,0.10069008972541087,0.15,S3_TREND
2026-06-15 11:00:00+00:00,SOL,SELL,73.31419819026814,0.07331419819026815,0.15,S3_TREND
2026-06-15 12:00:00+00:00,BTC,SELL,3.274120495741954,0.003274120495741954,0.15,S3_TREND
2026-06-15 12:00:00+00:00,ETH,SELL,150.00909374069488,0.15000909374069488,0.15,S3_TREND
2026-06-15 12:00:00+00:00,SOL,SELL,76.84947099129386,0.07684947099129386,0.15,S3_TREND
2026-06-15 13:00:00+00:00,BTC,SELL,36.548819468254806,0.036548819468254806,0.15,S3_TREND
2026-06-15 13:00:00+00:00,ETH,SELL,68.0649173826896,0.0680649173826896,0.15,S3_TREND
2026-06-15 13:00:00+00:00,SOL,SELL,13.483565402128079,0.013483565402128079,0.15,S3_TREND
2026-06-15 14:00:00+00:00,BTC,BUY,85.55934618147512,0.08555934618147512,0.15,S3_TREND
2026-06-15 14:00:00+00:00,ETH,SELL,223.86703298470093,0.22386703298470093,0.15,S3_TREND
2026-06-15 14:00:00+00:00,SOL,SELL,86.79182529322316,0.08679182529322316,0.15,S3_TREND
2026-06-15 15:00:00+00:00,BTC,SELL,20.15564675787573,0.02015564675787573,0.15,S3_TREND
2026-06-15 15:00:00+00:00,ETH,BUY,6.769844555039526,0.006769844555039526,0.15,S3_TREND
2026-06-15 15:00:00+00:00,SOL,SELL,23.912241786272716,0.023912241786272718,0.15,S3_TREND
2026-06-15 16:00:00+00:00,BTC,SELL,48.06712127751052,0.048067121277510526,0.15,S3_TREND
2026-06-15 16:00:00+00:00,ETH,SELL,139.1955889935216,0.1391955889935216,0.15,S3_TREND
2026-06-15 16:00:00+00:00,SOL,SELL,173.08241358268603,0.17308241358268603,0.15,S3_TREND
2026-06-15 17:00:00+00:00,BTC,BUY,26.77169848523772,0.02677169848523772,0.15,S3_TREND
2026-06-15 17:00:00+00:00,ETH,BUY,19.18871002989181,0.01918871002989181,0.15,S3_TREND
2026-06-15 17:00:00+00:00,SOL,SELL,42.10039395385684,0.04210039395385684,0.15,S3_TREND
2026-06-15 18:00:00+00:00,BTC,BUY,33.403528044527775,0.03340352804452778,0.15,S3_TREND
2026-06-15 18:00:00+00:00,ETH,BUY,73.36142039467632,0.07336142039467632,0.15,S3_TREND
2026-06-15 18:00:00+00:00,SOL,BUY,4.806732512099188,0.004806732512099188,0.15,S3_TREND
2026-06-15 19:00:00+00:00,BTC,BUY,14.536426650902285,0.014536426650902285,0.15,S3_TREND
2026-06-15 19:00:00+00:00,ETH,BUY,4.802415223854041,0.004802415223854041,0.15,S3_TREND
2026-06-15 19:00:00+00:00,SOL,SELL,7.085139237849945,0.007085139237849945,0.15,S3_TREND
2026-06-15 20:00:00+00:00,BTC,BUY,18.715128111231024,0.018715128111231025,0.15,S3_TREND
2026-06-15 20:00:00+00:00,ETH,BUY,34.984300081539914,0.03498430008153992,0.15,S3_TREND
2026-06-15 20:00:00+00:00,SOL,SELL,7.1391102813249745,0.007139110281324974,0.15,S3_TREND
2026-06-15 21:00:00+00:00,BTC,BUY,2.5087295337089017,0.0025087295337089016,0.15,S3_TREND
2026-06-15 21:00:00+00:00,ETH,BUY,20.244022454669903,0.020244022454669903,0.15,S3_TREND
2026-06-15 21:00:00+00:00,SOL,BUY,41.73896444956881,0.04173896444956881,0.15,S3_TREND
2026-06-15 22:00:00+00:00,BTC,BUY,6.9457681590320135,0.006945768159032014,0.15,S3_TREND
2026-06-15 22:00:00+00:00,ETH,BUY,17.93811324021044,0.01793811324021044,0.15,S3_TREND
2026-06-15 22:00:00+00:00,SOL,BUY,66.26682170447566,0.06626682170447566,0.15,S3_TREND
2026-06-15 23:00:00+00:00,BTC,SELL,15.490909550073411,0.015490909550073411,0.15,S3_TREND
2026-06-15 23:00:00+00:00,ETH,BUY,117.06713353002306,0.11706713353002306,0.15,S3_TREND
2026-06-15 23:00:00+00:00,SOL,BUY,79.53927980332628,0.07953927980332628,0.15,S3_TREND
2026-06-16 00:00:00+00:00,BTC,SELL,8.123439738543311,0.008123439738543311,0.15,S3_TREND
2026-06-16 00:00:00+00:00,ETH,SELL,32.462888519341504,0.0324628885193415,0.15,S3_TREND
2026-06-16 00:00:00+00:00,SOL,SELL,23.841322976519223,0.023841322976519225,0.15,S3_TREND
2026-06-16 01:00:00+00:00,BTC,BUY,8.094450383308867,0.008094450383308867,0.15,S3_TREND
2026-06-16 01:00:00+00:00,ETH,BUY,42.24460510791505,0.04224460510791505,0.15,S3_TREND
2026-06-16 01:00:00+00:00,SOL,SELL,19.64726781759782,0.019647267817597822,0.15,S3_TREND
2026-06-16 02:00:00+00:00,BTC,SELL,18.584378234965698,0.0185843782349657,0.15,S3_TREND
2026-06-16 02:00:00+00:00,ETH,SELL,19.07291564174011,0.019072915641740112,0.15,S3_TREND
2026-06-16 02:00:00+00:00,SOL,BUY,31.611791799667117,0.03161179179966712,0.15,S3_TREND
2026-06-16 03:00:00+00:00,BTC,BUY,57.255000330707844,0.05725500033070784,0.15,S3_TREND
2026-06-16 03:00:00+00:00,ETH,BUY,102.16515344902837,0.10216515344902836,0.15,S3_TREND
2026-06-16 03:00:00+00:00,SOL,BUY,94.20933481185057,0.09420933481185056,0.15,S3_TREND
2026-06-16 04:00:00+00:00,BTC,SELL,44.322483910947994,0.04432248391094799,0.15,S3_TREND
2026-06-16 04:00:00+00:00,ETH,SELL,25.87266884653218,0.02587266884653218,0.15,S3_TREND
2026-06-16 04:00:00+00:00,SOL,SELL,93.47842578384734,0.09347842578384734,0.15,S3_TREND
2026-06-16 05:00:00+00:00,BTC,BUY,25.508360099171114,0.025508360099171113,0.15,S3_TREND
2026-06-16 05:00:00+00:00,ETH,BUY,101.56433400496098,0.10156433400496098,0.15,S3_TREND
2026-06-16 05:00:00+00:00,SOL,BUY,28.81832236072296,0.02881832236072296,0.15,S3_TREND
2026-06-16 06:00:00+00:00,BTC,SELL,26.42482274744725,0.02642482274744725,0.15,S3_TREND
2026-06-16 06:00:00+00:00,ETH,BUY,5.49261808430856,0.0054926180843085605,0.15,S3_TREND
2026-06-16 06:00:00+00:00,SOL,SELL,39.916773366745474,0.03991677336674548,0.15,S3_TREND
2026-06-16 07:00:00+00:00,BTC,SELL,45.72887621502741,0.045728876215027414,0.15,S3_TREND
2026-06-16 07:00:00+00:00,ETH,SELL,35.14240591987618,0.035142405919876184,0.15,S3_TREND
2026-06-16 07:00:00+00:00,SOL,SELL,59.37044579211579,0.05937044579211579,0.15,S3_TREND
2026-06-16 08:00:00+00:00,BTC,BUY,23.729218140579178,0.02372921814057918,0.15,S3_TREND
2026-06-16 08:00:00+00:00,ETH,SELL,13.943960307156887,0.013943960307156887,0.15,S3_TREND
2026-06-16 08:00:00+00:00,SOL,SELL,40.30572000219399,0.04030572000219399,0.15,S3_TREND
2026-06-16 09:00:00+00:00,BTC,SELL,33.48808913605535,0.03348808913605535,0.15,S3_TREND
2026-06-16 09:00:00+00:00,ETH,SELL,149.80963407954187,0.14980963407954187,0.15,S3_TREND
2026-06-16 09:00:00+00:00,SOL,SELL,98.36992325953725,0.09836992325953725,0.15,S3_TREND
2026-06-16 10:00:00+00:00,BTC,BUY,38.24306271608293,0.03824306271608293,0.15,S3_TREND
2026-06-16 10:00:00+00:00,ETH,BUY,62.215026862337254,0.06221502686233726,0.15,S3_TREND
2026-06-16 10:00:00+00:00,SOL,BUY,56.924082912035374,0.05692408291203537,0.15,S3_TREND
2026-06-16 11:00:00+00:00,ETH,SELL,32.614231846135226,0.032614231846135225,0.15,S3_TREND
2026-06-16 11:00:00+00:00,SOL,BUY,28.827500276271167,0.028827500276271168,0.15,S3_TREND
2026-06-16 12:00:00+00:00,BTC,BUY,11.581427107654235,0.011581427107654236,0.15,S3_TREND
2026-06-16 12:00:00+00:00,ETH,SELL,39.092972528163955,0.039092972528163954,0.15,S3_TREND
2026-06-16 12:00:00+00:00,SOL,BUY,10.296749393277423,0.010296749393277424,0.15,S3_TREND
2026-06-16 13:00:00+00:00,BTC,BUY,34.49909255474813,0.03449909255474813,0.15,S3_TREND
2026-06-16 13:00:00+00:00,ETH,SELL,94.57037051392035,0.09457037051392035,0.15,S3_TREND
2026-06-16 13:00:00+00:00,SOL,SELL,26.66869384518941,0.02666869384518941,0.15,S3_TREND
2026-06-16 14:00:00+00:00,BTC,BUY,21.23656644078801,0.021236566440788012,0.15,S3_TREND
2026-06-16 14:00:00+00:00,ETH,BUY,72.74434441043377,0.07274434441043377,0.15,S3_TREND
2026-06-16 14:00:00+00:00,SOL,BUY,118.64239082732274,0.11864239082732274,0.15,S3_TREND
2026-06-16 15:00:00+00:00,BTC,BUY,22.160657084634295,0.022160657084634296,0.15,S3_TREND
2026-06-16 15:00:00+00:00,ETH,BUY,72.26923458023884,0.07226923458023884,0.15,S3_TREND
2026-06-16 15:00:00+00:00,SOL,BUY,130.04751451947777,0.13004751451947777,0.15,S3_TREND
2026-06-16 16:00:00+00:00,BTC,SELL,25.414543136186694,0.025414543136186695,0.15,S3_TREND
2026-06-16 16:00:00+00:00,ETH,BUY,3.1878018094048457,0.0031878018094048458,0.15,S3_TREND
2026-06-16 16:00:00+00:00,SOL,SELL,42.89506872696984,0.04289506872696984,0.15,S3_TREND
2026-06-16 17:00:00+00:00,BTC,BUY,7.775837310731731,0.007775837310731731,0.15,S3_TREND
2026-06-16 17:00:00+00:00,ETH,BUY,21.57546477035612,0.02157546477035612,0.15,S3_TREND
2026-06-16 17:00:00+00:00,SOL,BUY,20.39287403392882,0.02039287403392882,0.15,S3_TREND
2026-06-16 18:00:00+00:00,BTC,SELL,3.218395007741492,0.003218395007741492,0.15,S3_TREND
2026-06-16 18:00:00+00:00,ETH,SELL,90.5419178827633,0.0905419178827633,0.15,S3_TREND
2026-06-16 18:00:00+00:00,SOL,SELL,64.58699201464333,0.06458699201464332,0.15,S3_TREND
2026-06-16 19:00:00+00:00,BTC,BUY,37.118288403757106,0.0371182884037571,0.15,S3_TREND
2026-06-16 19:00:00+00:00,ETH,SELL,22.0305219696329,0.022030521969632903,0.15,S3_TREND
2026-06-16 19:00:00+00:00,SOL,SELL,50.57944095788844,0.05057944095788844,0.15,S3_TREND
2026-06-16 20:00:00+00:00,BTC,BUY,22.205450066576304,0.022205450066576305,0.15,S3_TREND
2026-06-16 20:00:00+00:00,ETH,BUY,15.167628836488802,0.015167628836488803,0.15,S3_TREND
2026-06-16 20:00:00+00:00,SOL,BUY,14.065109110379126,0.014065109110379127,0.15,S3_TREND
2026-06-16 21:00:00+00:00,BTC,SELL,21.00300352391605,0.02100300352391605,0.15,S3_TREND
2026-06-16 21:00:00+00:00,ETH,SELL,2.019395886016355,0.0020193958860163547,0.15,S3_TREND
2026-06-16 21:00:00+00:00,SOL,SELL,37.84218353704455,0.03784218353704455,0.15,S3_TREND
2026-06-16 22:00:00+00:00,BTC,BUY,6.679266103701593,0.006679266103701593,0.15,S3_TREND
2026-06-16 22:00:00+00:00,SOL,BUY,27.8815746736218,0.0278815746736218,0.15,S3_TREND
2026-06-16 23:00:00+00:00,BTC,SELL,3.4407688587689336,0.0034407688587689334,0.15,S3_TREND
2026-06-16 23:00:00+00:00,SOL,BUY,14.079453279815425,0.014079453279815425,0.15,S3_TREND
2026-06-17 00:00:00+00:00,BTC,BUY,6.067273891709192,0.006067273891709192,0.15,S3_TREND
2026-06-17 00:00:00+00:00,ETH,BUY,8.79016520660116,0.008790165206601159,0.15,S3_TREND
2026-06-17 00:00:00+00:00,SOL,BUY,44.01482546366606,0.04401482546366606,0.15,S3_TREND
2026-06-17 01:00:00+00:00,BTC,SELL,7.592759692943218,0.007592759692943219,0.15,S3_TREND
2026-06-17 01:00:00+00:00,ETH,SELL,11.748207312863087,0.011748207312863088,0.15,S3_TREND
2026-06-17 01:00:00+00:00,SOL,BUY,27.808560053934343,0.027808560053934343,0.15,S3_TREND
2026-06-17 02:00:00+00:00,BTC,SELL,22.766565405048823,0.022766565405048823,0.15,S3_TREND
2026-06-17 02:00:00+00:00,SOL,SELL,79.75543091208783,0.07975543091208784,0.15,S3_TREND
2026-06-17 03:00:00+00:00,BTC,BUY,7.00883538124981,0.00700883538124981,0.15,S3_TREND
2026-06-17 03:00:00+00:00,ETH,BUY,16.672711537939904,0.016672711537939904,0.15,S3_TREND
2026-06-17 03:00:00+00:00,SOL,SELL,21.20788784875549,0.02120788784875549,0.15,S3_TREND
2026-06-17 04:00:00+00:00,BTC,SELL,3.4315291683815303,0.0034315291683815305,0.15,S3_TREND
2026-06-17 04:00:00+00:00,ETH,BUY,1.1540923625743744,0.0011540923625743744,0.15,S3_TREND
2026-06-17 04:00:00+00:00,SOL,BUY,54.94407792090897,0.05494407792090897,0.15,S3_TREND
2026-06-17 05:00:00+00:00,BTC,SELL,1.8173978394297592,0.0018173978394297593,0.15,S3_TREND
2026-06-17 05:00:00+00:00,ETH,BUY,1.03953127756904,0.00103953127756904,0.15,S3_TREND
2026-06-17 05:00:00+00:00,SOL,SELL,23.492541640704076,0.023492541640704075,0.15,S3_TREND
2026-06-17 06:00:00+00:00,BTC,BUY,4.2379749791125505,0.004237974979112551,0.15,S3_TREND
2026-06-17 06:00:00+00:00,ETH,SELL,5.012196834910355,0.005012196834910355,0.15,S3_TREND
2026-06-17 06:00:00+00:00,SOL,BUY,28.192946694358398,0.028192946694358397,0.15,S3_TREND
2026-06-17 07:00:00+00:00,BTC,BUY,27.031964255382263,0.027031964255382263,0.15,S3_TREND
2026-06-17 07:00:00+00:00,ETH,BUY,10.1555485659228,0.0101555485659228,0.15,S3_TREND
2026-06-17 07:00:00+00:00,SOL,BUY,27.505119740128066,0.027505119740128068,0.15,S3_TREND
2026-06-17 08:00:00+00:00,BTC,BUY,5.045188633173893,0.0050451886331738935,0.15,S3_TREND
2026-06-17 08:00:00+00:00,ETH,BUY,28.117786967415668,0.028117786967415667,0.15,S3_TREND
2026-06-17 08:00:00+00:00,SOL,BUY,13.618772644453202,0.013618772644453202,0.15,S3_TREND
2026-06-17 09:00:00+00:00,BTC,BUY,60.691789898142815,0.06069178989814281,0.15,S3_TREND
2026-06-17 09:00:00+00:00,ETH,BUY,84.55368225231177,0.08455368225231177,0.15,S3_TREND
2026-06-17 09:00:00+00:00,SOL,BUY,106.76789392731007,0.10676789392731008,0.15,S3_TREND
2026-06-17 10:00:00+00:00,BTC,BUY,17.750400598357373,0.017750400598357374,0.15,S3_TREND
2026-06-17 10:00:00+00:00,ETH,SELL,46.401286401345715,0.046401286401345714,0.15,S3_TREND
2026-06-17 10:00:00+00:00,SOL,SELL,23.8027902506401,0.0238027902506401,0.15,S3_TREND
2026-06-17 11:00:00+00:00,BTC,BUY,3.514205612887963,0.0035142056128879633,0.15,S3_TREND
2026-06-17 11:00:00+00:00,ETH,BUY,16.29929829197681,0.01629929829197681,0.15,S3_TREND
2026-06-17 11:00:00+00:00,SOL,BUY,53.916965039672505,0.053916965039672506,0.15,S3_TREND
2026-06-17 12:00:00+00:00,BTC,SELL,10.525854947787593,0.010525854947787593,0.15,S3_TREND
2026-06-17 12:00:00+00:00,ETH,BUY,26.7092830459369,0.0267092830459369,0.15,S3_TREND
2026-06-17 12:00:00+00:00,SOL,BUY,12.991094871678797,0.012991094871678797,0.15,S3_TREND
2026-06-17 13:00:00+00:00,BTC,SELL,38.59824322789609,0.038598243227896095,0.15,S3_TREND
2026-06-17 13:00:00+00:00,ETH,BUY,45.50841612111617,0.04550841612111617,0.15,S3_TREND
2026-06-17 13:00:00+00:00,SOL,SELL,44.96609300885757,0.04496609300885757,0.15,S3_TREND
2026-06-17 14:00:00+00:00,BTC,SELL,37.94362501316209,0.03794362501316209,0.15,S3_TREND
2026-06-17 14:00:00+00:00,ETH,SELL,2.0244390216212196,0.0020244390216212194,0.15,S3_TREND
2026-06-17 14:00:00+00:00,SOL,SELL,4.911222356728103,0.004911222356728103,0.15,S3_TREND
2026-06-17 15:00:00+00:00,BTC,BUY,23.436257696010216,0.023436257696010217,0.15,S3_TREND
2026-06-17 15:00:00+00:00,ETH,BUY,35.2131556133354,0.035213155613335406,0.15,S3_TREND
2026-06-17 15:00:00+00:00,SOL,SELL,8.096230575980371,0.008096230575980372,0.15,S3_TREND
2026-06-17 16:00:00+00:00,BTC,SELL,54.95901961734489,0.054959019617344895,0.15,S3_TREND
2026-06-17 16:00:00+00:00,ETH,SELL,62.11498085107633,0.062114980851076335,0.15,S3_TREND
2026-06-17 16:00:00+00:00,SOL,SELL,185.41565040282512,0.18541565040282512,0.15,S3_TREND
2026-06-17 17:00:00+00:00,BTC,SELL,22.573916041477787,0.022573916041477786,0.15,S3_TREND
2026-06-17 17:00:00+00:00,ETH,BUY,11.8687375589343,0.011868737558934299,0.15,S3_TREND
2026-06-17 17:00:00+00:00,SOL,BUY,6.648408145756548,0.006648408145756548,0.15,S3_TREND
2026-06-17 18:00:00+00:00,BTC,SELL,10.980327274615775,0.010980327274615774,0.15,S3_TREND
2026-06-17 18:00:00+00:00,ETH,SELL,94.37076195162808,0.09437076195162808,0.15,S3_TREND
2026-06-17 18:00:00+00:00,SOL,SELL,42.280550030072845,0.04228055003007285,0.15,S3_TREND
2026-06-17 19:00:00+00:00,BTC,BUY,63.354743424702974,0.06335474342470297,0.15,S3_TREND
2026-06-17 19:00:00+00:00,ETH,BUY,86.13627262382215,0.08613627262382215,0.15,S3_TREND
2026-06-17 19:00:00+00:00,SOL,BUY,73.7255014037255,0.07372550140372551,0.15,S3_TREND
2026-06-17 20:00:00+00:00,BTC,SELL,6718.130108447627,6.718130108447627,0.075,S6_REVERSAL
2026-06-17 20:00:00+00:00,ETH,BUY,145.98692837057752,0.14598692837057753,0.15,S3_TREND
2026-06-17 20:00:00+00:00,SOL,BUY,212.35073249096786,0.21235073249096786,0.15,S3_TREND
2026-06-17 21:00:00+00:00,BTC,BUY,1.4958553155756817,0.0014958553155756818,0.075,S6_REVERSAL
2026-06-17 21:00:00+00:00,ETH,SELL,68.52160089796234,0.06852160089796235,0.15,S3_TREND
2026-06-17 21:00:00+00:00,SOL,SELL,70.02147694213454,0.07002147694213454,0.15,S3_TREND
2026-06-17 22:00:00+00:00,BTC,BUY,4.12961302047097,0.00412961302047097,0.075,S6_REVERSAL
2026-06-17 22:00:00+00:00,ETH,BUY,37.07608387455184,0.03707608387455184,0.15,S3_TREND
2026-06-17 22:00:00+00:00,SOL,BUY,80.86890157058224,0.08086890157058224,0.15,S3_TREND
2026-06-17 23:00:00+00:00,BTC,SELL,1.9103761784026574,0.0019103761784026575,0.075,S6_REVERSAL
2026-06-17 23:00:00+00:00,ETH,SELL,5.842975045305138,0.005842975045305138,0.15,S3_TREND
2026-06-17 23:00:00+00:00,SOL,SELL,13.936689277741607,0.013936689277741608,0.15,S3_TREND
2026-06-18 00:00:00+00:00,BTC,SELL,9.676725801258726,0.009676725801258727,0.075,S6_REVERSAL
2026-06-18 00:00:00+00:00,ETH,SELL,55.80198650853162,0.055801986508531624,0.15,S3_TREND
2026-06-18 00:00:00+00:00,SOL,SELL,39.684225874227195,0.039684225874227194,0.15,S3_TREND
2026-06-18 01:00:00+00:00,BTC,BUY,7.876962911314877,0.007876962911314877,0.075,S6_REVERSAL
2026-06-18 01:00:00+00:00,ETH,SELL,11.53943164172233,0.01153943164172233,0.15,S3_TREND
2026-06-18 01:00:00+00:00,SOL,SELL,25.41264151697942,0.02541264151697942,0.15,S3_TREND
2026-06-18 02:00:00+00:00,BTC,SELL,6.802037211487914,0.0068020372114879135,0.075,S6_REVERSAL
2026-06-18 02:00:00+00:00,ETH,SELL,11.760893593855144,0.011760893593855144,0.15,S3_TREND
2026-06-18 02:00:00+00:00,SOL,BUY,3.584148729536537,0.0035841487295365368,0.15,S3_TREND
2026-06-18 03:00:00+00:00,BTC,SELL,8.880966013412035,0.008880966013412036,0.075,S6_REVERSAL
2026-06-18 03:00:00+00:00,ETH,SELL,13735.0420646803,13.7350420646803,0.0,CASH
2026-06-18 03:00:00+00:00,SOL,SELL,46.753841051122436,0.04675384105112244,0.15,S3_TREND
2026-06-18 04:00:00+00:00,BTC,BUY,26.554756610039476,0.026554756610039476,0.075,S6_REVERSAL
2026-06-18 04:00:00+00:00,SOL,SELL,13575.127933761049,13.575127933761049,0.0,CASH
2026-06-18 05:00:00+00:00,BTC,BUY,38.383010020702386,0.038383010020702386,0.075,S6_REVERSAL
2026-06-18 06:00:00+00:00,BTC,SELL,10.985195607372589,0.01098519560737259,0.075,S6_REVERSAL
2026-06-18 07:00:00+00:00,BTC,SELL,8.912021016824838,0.008912021016824838,0.075,S6_REVERSAL
2026-06-18 08:00:00+00:00,BTC,SELL,42.170033234756374,0.04217003323475638,0.075,S6_REVERSAL
2026-06-18 09:00:00+00:00,BTC,BUY,10.85874258433796,0.010858742584337961,0.075,S6_REVERSAL
2026-06-18 10:00:00+00:00,BTC,BUY,19.725753131105193,0.019725753131105195,0.075,S6_REVERSAL
2026-06-18 11:00:00+00:00,BTC,BUY,11.935764546775317,0.011935764546775317,0.075,S6_REVERSAL
2026-06-18 12:00:00+00:00,BTC,BUY,10.30468973306779,0.01030468973306779,0.075,S6_REVERSAL
2026-06-18 13:00:00+00:00,BTC,SELL,39.97985282752779,0.03997985282752779,0.075,S6_REVERSAL
2026-06-18 14:00:00+00:00,BTC,BUY,38.799904023848285,0.03879990402384829,0.075,S6_REVERSAL
2026-06-18 15:00:00+00:00,BTC,SELL,6832.030352308515,6.832030352308515,0.0,CASH
2026-06-18 16:00:00+00:00,ETH,BUY,6848.090338340809,6.848090338340809,0.075,S6_REVERSAL
2026-06-18 16:00:00+00:00,SOL,BUY,6848.090338340809,6.848090338340809,0.075,S6_REVERSAL
2026-06-18 17:00:00+00:00,ETH,SELL,14.034588689919472,0.014034588689919473,0.075,S6_REVERSAL
2026-06-18 17:00:00+00:00,SOL,SELL,58.82712022988744,0.058827120229887446,0.075,S6_REVERSAL
2026-06-18 18:00:00+00:00,ETH,BUY,25.166236482655222,0.025166236482655223,0.075,S6_REVERSAL
2026-06-18 18:00:00+00:00,SOL,BUY,37.15995552561162,0.037159955525611625,0.075,S6_REVERSAL
2026-06-18 19:00:00+00:00,ETH,SELL,22.372038106219406,0.02237203810621941,0.075,S6_REVERSAL
2026-06-18 20:00:00+00:00,ETH,SELL,69.87790310697437,0.06987790310697438,0.075,S6_REVERSAL
2026-06-18 20:00:00+00:00,SOL,SELL,60.36670275429424,0.06036670275429424,0.075,S6_REVERSAL
2026-06-18 21:00:00+00:00,ETH,SELL,15.68851069844368,0.01568851069844368,0.075,S6_REVERSAL
2026-06-18 21:00:00+00:00,SOL,SELL,37.81500167669401,0.03781500167669401,0.075,S6_REVERSAL
2026-06-18 22:00:00+00:00,ETH,BUY,5.874982710747645,0.005874982710747645,0.075,S6_REVERSAL
2026-06-18 22:00:00+00:00,SOL,BUY,22.113756169142107,0.02211375616914211,0.075,S6_REVERSAL
2026-06-18 23:00:00+00:00,ETH,BUY,5.499499785439184,0.005499499785439184,0.075,S6_REVERSAL
2026-06-18 23:00:00+00:00,SOL,BUY,4.085320736820904,0.0040853207368209046,0.075,S6_REVERSAL
2026-06-19 00:00:00+00:00,ETH,SELL,14.438257494835854,0.014438257494835854,0.075,S6_REVERSAL
2026-06-19 00:00:00+00:00,SOL,SELL,17.882130272483664,0.017882130272483664,0.075,S6_REVERSAL
2026-06-19 01:00:00+00:00,ETH,SELL,9.580785589540938,0.009580785589540938,0.075,S6_REVERSAL
2026-06-19 01:00:00+00:00,SOL,SELL,6.464858400444427,0.006464858400444427,0.075,S6_REVERSAL
2026-06-19 02:00:00+00:00,ETH,BUY,2.328960269669551,0.002328960269669551,0.075,S6_REVERSAL
2026-06-19 02:00:00+00:00,SOL,SELL,12.846572202141942,0.012846572202141943,0.075,S6_REVERSAL
2026-06-19 03:00:00+00:00,ETH,BUY,21.40554119274566,0.02140554119274566,0.075,S6_REVERSAL
2026-06-19 03:00:00+00:00,SOL,BUY,24.431141279076655,0.024431141279076654,0.075,S6_REVERSAL
2026-06-19 04:00:00+00:00,ETH,BUY,30.781073093776286,0.030781073093776288,0.075,S6_REVERSAL
2026-06-19 04:00:00+00:00,SOL,BUY,50.928950747334966,0.050928950747334965,0.075,S6_REVERSAL
2026-06-19 05:00:00+00:00,ETH,BUY,24.370064741549868,0.024370064741549867,0.075,S6_REVERSAL
2026-06-19 05:00:00+00:00,SOL,BUY,64.61848189163265,0.06461848189163266,0.075,S6_REVERSAL
2026-06-19 06:00:00+00:00,ETH,SELL,26.506591584705347,0.02650659158470535,0.075,S6_REVERSAL
2026-06-19 06:00:00+00:00,SOL,SELL,31.015231644869345,0.031015231644869346,0.075,S6_REVERSAL
2026-06-19 07:00:00+00:00,ETH,SELL,9.863188632837591,0.009863188632837592,0.075,S6_REVERSAL
2026-06-19 07:00:00+00:00,SOL,SELL,4.706250968796667,0.0047062509687966665,0.075,S6_REVERSAL
2026-06-19 08:00:00+00:00,ETH,BUY,13.75287679180201,0.01375287679180201,0.075,S6_REVERSAL
2026-06-19 08:00:00+00:00,SOL,BUY,33.70141553514895,0.03370141553514895,0.075,S6_REVERSAL
2026-06-19 09:00:00+00:00,ETH,SELL,5.520859266997832,0.005520859266997831,0.075,S6_REVERSAL
2026-06-19 09:00:00+00:00,SOL,SELL,29.021321751570213,0.02902132175157021,0.075,S6_REVERSAL
2026-06-19 10:00:00+00:00,ETH,BUY,29.825154002608542,0.02982515400260854,0.075,S6_REVERSAL
2026-06-19 10:00:00+00:00,SOL,BUY,31.504329550341936,0.031504329550341936,0.075,S6_REVERSAL
2026-06-19 11:00:00+00:00,ETH,SELL,12.792954180567904,0.012792954180567903,0.075,S6_REVERSAL
2026-06-19 11:00:00+00:00,SOL,BUY,1.953433619731186,0.001953433619731186,0.075,S6_REVERSAL
2026-06-19 12:00:00+00:00,ETH,BUY,2.766836057470755,0.002766836057470755,0.075,S6_REVERSAL
2026-06-19 12:00:00+00:00,SOL,BUY,5.302881317811625,0.005302881317811626,0.075,S6_REVERSAL
2026-06-19 13:00:00+00:00,ETH,SELL,10.80928307515478,0.010809283075154781,0.075,S6_REVERSAL
2026-06-19 13:00:00+00:00,SOL,SELL,33.24253591065826,0.03324253591065826,0.075,S6_REVERSAL
2026-06-19 14:00:00+00:00,ETH,SELL,25.307133615723615,0.025307133615723613,0.075,S6_REVERSAL
2026-06-19 14:00:00+00:00,SOL,SELL,58.51752142620353,0.058517521426203534,0.075,S6_REVERSAL
2026-06-19 15:00:00+00:00,ETH,SELL,14.08376658596535,0.01408376658596535,0.075,S6_REVERSAL
2026-06-19 15:00:00+00:00,SOL,BUY,13.873774784714442,0.013873774784714443,0.075,S6_REVERSAL
2026-06-19 16:00:00+00:00,ETH,SELL,1.8966818750004677,0.0018966818750004678,0.075,S6_REVERSAL
2026-06-19 16:00:00+00:00,SOL,SELL,18.083423611724356,0.018083423611724356,0.075,S6_REVERSAL
2026-06-19 17:00:00+00:00,ETH,BUY,36.537702670560066,0.036537702670560064,0.075,S6_REVERSAL
2026-06-19 17:00:00+00:00,SOL,BUY,53.41560131225742,0.05341560131225742,0.075,S6_REVERSAL
2026-06-19 18:00:00+00:00,ETH,SELL,25.59615788721476,0.025596157887214758,0.075,S6_REVERSAL
2026-06-19 18:00:00+00:00,SOL,SELL,52.921527651189535,0.052921527651189536,0.075,S6_REVERSAL
2026-06-19 19:00:00+00:00,ETH,BUY,6.030411961055506,0.006030411961055506,0.075,S6_REVERSAL
2026-06-19 19:00:00+00:00,SOL,BUY,24.06058543439667,0.02406058543439667,0.075,S6_REVERSAL
2026-06-19 20:00:00+00:00,ETH,BUY,4.9158941309569855,0.004915894130956985,0.075,S6_REVERSAL
2026-06-19 20:00:00+00:00,SOL,BUY,6.900413506322366,0.006900413506322366,0.075,S6_REVERSAL
2026-06-19 21:00:00+00:00,ETH,SELL,26.845433321046585,0.026845433321046587,0.075,S6_REVERSAL
2026-06-19 21:00:00+00:00,SOL,SELL,23.405081433681517,0.023405081433681516,0.075,S6_REVERSAL
2026-06-19 22:00:00+00:00,ETH,BUY,24.02413427993997,0.024024134279939973,0.075,S6_REVERSAL
2026-06-19 22:00:00+00:00,SOL,BUY,19.899867621300473,0.019899867621300475,0.075,S6_REVERSAL
2026-06-19 23:00:00+00:00,ETH,SELL,17.70661362174269,0.01770661362174269,0.075,S6_REVERSAL
2026-06-19 23:00:00+00:00,SOL,SELL,36.91991055118069,0.03691991055118069,0.075,S6_REVERSAL
2026-06-20 00:00:00+00:00,ETH,SELL,11.051090169091367,0.011051090169091367,0.075,S6_REVERSAL
2026-06-20 00:00:00+00:00,SOL,SELL,26.356102653498056,0.026356102653498057,0.075,S6_REVERSAL
2026-06-20 01:00:00+00:00,ETH,BUY,8.017925343116076,0.008017925343116076,0.075,S6_REVERSAL
2026-06-20 01:00:00+00:00,SOL,BUY,9.299485142729282,0.009299485142729281,0.075,S6_REVERSAL
2026-06-20 02:00:00+00:00,ETH,SELL,2.720376772241252,0.0027203767722412523,0.075,S6_REVERSAL
2026-06-20 02:00:00+00:00,SOL,SELL,16.0890328400792,0.0160890328400792,0.075,S6_REVERSAL
2026-06-20 03:00:00+00:00,ETH,BUY,17.685478176278593,0.017685478176278593,0.075,S6_REVERSAL
2026-06-20 03:00:00+00:00,SOL,BUY,11.219018876360678,0.01121901887636068,0.075,S6_REVERSAL
2026-06-20 04:00:00+00:00,ETH,SELL,9.890097438991688,0.009890097438991689,0.075,S6_REVERSAL
2026-06-20 04:00:00+00:00,SOL,SELL,29.983123454823726,0.029983123454823728,0.075,S6_REVERSAL
2026-06-20 05:00:00+00:00,ETH,SELL,13.458755666621075,0.013458755666621075,0.075,S6_REVERSAL
2026-06-20 05:00:00+00:00,SOL,SELL,77.33699472565695,0.07733699472565696,0.075,S6_REVERSAL
2026-06-20 06:00:00+00:00,ETH,SELL,39.964687700979994,0.039964687700979995,0.075,S6_REVERSAL
2026-06-20 06:00:00+00:00,SOL,SELL,79.66803784314743,0.07966803784314744,0.075,S6_REVERSAL
2026-06-20 07:00:00+00:00,ETH,SELL,3.426622955032144,0.0034266229550321443,0.075,S6_REVERSAL
2026-06-20 07:00:00+00:00,SOL,SELL,6916.070955294379,6.916070955294379,0.0,CASH
2026-06-20 08:00:00+00:00,ETH,BUY,6.303751665323944,0.006303751665323943,0.075,S6_REVERSAL
2026-06-20 09:00:00+00:00,ETH,BUY,10.999697147258303,0.010999697147258304,0.075,S6_REVERSAL
2026-06-20 10:00:00+00:00,ETH,SELL,20.816274965082812,0.02081627496508281,0.075,S6_REVERSAL
2026-06-20 11:00:00+00:00,ETH,BUY,3.0579001216492543,0.003057900121649254,0.075,S6_REVERSAL
2026-06-20 12:00:00+00:00,ETH,BUY,1.6592515200227353,0.0016592515200227354,0.075,S6_REVERSAL
2026-06-20 13:00:00+00:00,ETH,BUY,1.180235194737179,0.001180235194737179,0.075,S6_REVERSAL
2026-06-20 14:00:00+00:00,ETH,BUY,34.30999292124943,0.034309992921249435,0.075,S6_REVERSAL
2026-06-20 15:00:00+00:00,ETH,SELL,59.06677390103141,0.05906677390103141,0.075,S6_REVERSAL
2026-06-20 16:00:00+00:00,ETH,SELL,26.252608778966533,0.026252608778966534,0.075,S6_REVERSAL
2026-06-20 17:00:00+00:00,ETH,BUY,24.571825427663498,0.024571825427663497,0.075,S6_REVERSAL
2026-06-20 18:00:00+00:00,ETH,BUY,25.90953570284273,0.025909535702842733,0.075,S6_REVERSAL
2026-06-20 20:00:00+00:00,ETH,SELL,8.856146392019582,0.008856146392019582,0.075,S6_REVERSAL
2026-06-20 21:00:00+00:00,ETH,SELL,6.301183325329475,0.006301183325329475,0.075,S6_REVERSAL
2026-06-20 22:00:00+00:00,ETH,SELL,16.013461514968185,0.016013461514968186,0.075,S6_REVERSAL
2026-06-20 23:00:00+00:00,ETH,SELL,29.34536343384389,0.02934536343384389,0.075,S6_REVERSAL
2026-06-21 00:00:00+00:00,ETH,BUY,8.189569842728815,0.008189569842728816,0.075,S6_REVERSAL
2026-06-21 01:00:00+00:00,ETH,BUY,11.569382799651976,0.011569382799651976,0.075,S6_REVERSAL
2026-06-21 02:00:00+00:00,ETH,BUY,3.373277571764447,0.0033732775717644475,0.075,S6_REVERSAL
2026-06-21 03:00:00+00:00,ETH,BUY,3.375544933203855,0.003375544933203855,0.075,S6_REVERSAL
2026-06-21 03:00:00+00:00,SOL,BUY,13780.323989082515,13.780323989082515,0.15,S3_TREND
2026-06-21 04:00:00+00:00,BTC,BUY,13787.501505942482,13.787501505942483,0.15,S3_TREND
2026-06-21 04:00:00+00:00,ETH,SELL,3.5550895437136205,0.0035550895437136206,0.075,S6_REVERSAL
2026-06-21 04:00:00+00:00,SOL,SELL,47.312447100135614,0.047312447100135616,0.15,S3_TREND
2026-06-21 05:00:00+00:00,BTC,BUY,16.858429606751088,0.016858429606751088,0.15,S3_TREND
2026-06-21 05:00:00+00:00,ETH,BUY,12.344458894248419,0.01234445889424842,0.075,S6_REVERSAL
2026-06-21 05:00:00+00:00,SOL,BUY,20.361557305104725,0.020361557305104725,0.15,S3_TREND
2026-06-21 06:00:00+00:00,BTC,SELL,5.926795978333757,0.005926795978333757,0.15,S3_TREND
2026-06-21 06:00:00+00:00,ETH,BUY,6873.600478149999,6.873600478149998,0.15,S3_TREND
2026-06-21 06:00:00+00:00,SOL,BUY,55.518020363293545,0.05551802036329354,0.15,S3_TREND
2026-06-21 07:00:00+00:00,BTC,SELL,1.8696673844387988,0.0018696673844387987,0.15,S3_TREND
2026-06-21 07:00:00+00:00,ETH,SELL,13.099577361241245,0.013099577361241245,0.15,S3_TREND
2026-06-21 07:00:00+00:00,SOL,SELL,21.94921617080945,0.02194921617080945,0.15,S3_TREND
2026-06-21 08:00:00+00:00,BTC,BUY,14.830655453492,0.014830655453492,0.15,S3_TREND
2026-06-21 08:00:00+00:00,ETH,BUY,20.739876473895492,0.020739876473895493,0.15,S3_TREND
2026-06-21 08:00:00+00:00,SOL,SELL,1.7218778642672987,0.0017218778642672987,0.15,S3_TREND
2026-06-21 09:00:00+00:00,BTC,BUY,26.976155062930047,0.026976155062930048,0.15,S3_TREND
2026-06-21 09:00:00+00:00,ETH,BUY,14.835084301261304,0.014835084301261304,0.15,S3_TREND
2026-06-21 09:00:00+00:00,SOL,SELL,1.5831039164368121,0.0015831039164368123,0.15,S3_TREND
2026-06-21 10:00:00+00:00,BTC,SELL,6.464018121949266,0.006464018121949266,0.15,S3_TREND
2026-06-21 10:00:00+00:00,ETH,BUY,6.351262952439356,0.006351262952439356,0.15,S3_TREND
2026-06-21 10:00:00+00:00,SOL,SELL,129.93629466866514,0.12993629466866513,0.15,S3_TREND
2026-06-21 11:00:00+00:00,BTC,SELL,33.921234721539804,0.0339212347215398,0.15,S3_TREND
2026-06-21 11:00:00+00:00,ETH,BUY,10.731006029021955,0.010731006029021956,0.15,S3_TREND
2026-06-21 11:00:00+00:00,SOL,BUY,23.95681988501201,0.02395681988501201,0.15,S3_TREND
2026-06-21 12:00:00+00:00,BTC,BUY,7.804551805729716,0.007804551805729716,0.15,S3_TREND
2026-06-21 12:00:00+00:00,ETH,BUY,15.043312995110682,0.015043312995110683,0.15,S3_TREND
2026-06-21 12:00:00+00:00,SOL,BUY,97.67261938707452,0.09767261938707453,0.15,S3_TREND
2026-06-21 13:00:00+00:00,BTC,BUY,8.749678546369978,0.008749678546369977,0.15,S3_TREND
2026-06-21 13:00:00+00:00,ETH,BUY,8.950854276450627,0.008950854276450627,0.15,S3_TREND
2026-06-21 13:00:00+00:00,SOL,SELL,68.76095610505945,0.06876095610505945,0.15,S3_TREND
2026-06-21 14:00:00+00:00,BTC,BUY,16.394434105881373,0.016394434105881373,0.15,S3_TREND
2026-06-21 14:00:00+00:00,ETH,BUY,11.515035669726785,0.011515035669726786,0.15,S3_TREND
2026-06-21 14:00:00+00:00,SOL,SELL,45.651938041468384,0.04565193804146839,0.15,S3_TREND
2026-06-21 15:00:00+00:00,BTC,BUY,9.255311243259712,0.009255311243259711,0.15,S3_TREND
2026-06-21 15:00:00+00:00,ETH,SELL,17.093646151979556,0.017093646151979554,0.15,S3_TREND
2026-06-21 15:00:00+00:00,SOL,SELL,26.14775243376789,0.026147752433767893,0.15,S3_TREND
2026-06-21 16:00:00+00:00,BTC,SELL,10.717002740855605,0.010717002740855606,0.15,S3_TREND
2026-06-21 16:00:00+00:00,ETH,SELL,11.97219804888664,0.01197219804888664,0.15,S3_TREND
2026-06-21 17:00:00+00:00,BTC,BUY,16.88420089669853,0.01688420089669853,0.15,S3_TREND
2026-06-21 17:00:00+00:00,ETH,BUY,20.307327613949383,0.020307327613949384,0.15,S3_TREND
2026-06-21 17:00:00+00:00,SOL,SELL,36.72670565691624,0.03672670565691624,0.15,S3_TREND
2026-06-21 18:00:00+00:00,BTC,SELL,4.583535939047579,0.004583535939047579,0.15,S3_TREND
2026-06-21 18:00:00+00:00,ETH,BUY,3.0404978376973304,0.0030404978376973304,0.15,S3_TREND
2026-06-21 18:00:00+00:00,SOL,BUY,13.428857436567341,0.013428857436567342,0.15,S3_TREND
2026-06-21 19:00:00+00:00,BTC,SELL,2.892607560283068,0.002892607560283068,0.15,S3_TREND
2026-06-21 19:00:00+00:00,ETH,SELL,53.57013975530208,0.05357013975530208,0.15,S3_TREND
2026-06-21 19:00:00+00:00,SOL,BUY,17.928797882770596,0.017928797882770596,0.15,S3_TREND
2026-06-21 20:00:00+00:00,BTC,BUY,5.563118551417574,0.0055631185514175745,0.15,S3_TREND
2026-06-21 20:00:00+00:00,ETH,BUY,14.14105288367864,0.01414105288367864,0.15,S3_TREND
2026-06-21 20:00:00+00:00,SOL,SELL,34.90740940114483,0.03490740940114483,0.15,S3_TREND
2026-06-21 21:00:00+00:00,BTC,BUY,22.757776791620927,0.02275777679162093,0.15,S3_TREND
2026-06-21 21:00:00+00:00,ETH,BUY,47.58567922304428,0.04758567922304428,0.15,S3_TREND
2026-06-21 21:00:00+00:00,SOL,BUY,129.13295491471945,0.12913295491471946,0.15,S3_TREND
2026-06-21 22:00:00+00:00,BTC,SELL,4.122496967020197,0.004122496967020197,0.15,S3_TREND
2026-06-21 22:00:00+00:00,ETH,BUY,9.06434320804874,0.00906434320804874,0.15,S3_TREND
2026-06-21 22:00:00+00:00,SOL,BUY,41.544745835797585,0.041544745835797585,0.15,S3_TREND
2026-06-21 23:00:00+00:00,BTC,SELL,2.510464901179148,0.0025104649011791482,0.15,S3_TREND
2026-06-21 23:00:00+00:00,ETH,BUY,3.702352804653856,0.003702352804653856,0.15,S3_TREND
2026-06-21 23:00:00+00:00,SOL,BUY,13.008141754955432,0.013008141754955432,0.15,S3_TREND
2026-06-22 00:00:00+00:00,BTC,BUY,60.35830060081389,0.060358300600813895,0.15,S3_TREND
2026-06-22 00:00:00+00:00,ETH,BUY,40.532575931034444,0.040532575931034445,0.15,S3_TREND
2026-06-22 00:00:00+00:00,SOL,BUY,64.0093265408068,0.0640093265408068,0.15,S3_TREND
2026-06-22 01:00:00+00:00,BTC,SELL,57.75212651149559,0.05775212651149559,0.15,S3_TREND
2026-06-22 01:00:00+00:00,ETH,SELL,91.93706890181966,0.09193706890181966,0.15,S3_TREND
2026-06-22 01:00:00+00:00,SOL,SELL,101.46233266569106,0.10146233266569106,0.15,S3_TREND
2026-06-22 02:00:00+00:00,BTC,SELL,81.63758479756507,0.08163758479756507,0.15,S3_TREND
2026-06-22 02:00:00+00:00,ETH,SELL,63.24871498302672,0.06324871498302673,0.15,S3_TREND
2026-06-22 02:00:00+00:00,SOL,SELL,116.2571486542529,0.1162571486542529,0.15,S3_TREND
2026-06-22 03:00:00+00:00,BTC,BUY,40.66853198352328,0.040668531983523284,0.15,S3_TREND
2026-06-22 03:00:00+00:00,ETH,BUY,18.213437490108845,0.018213437490108845,0.15,S3_TREND
2026-06-22 03:00:00+00:00,SOL,BUY,64.71821285406986,0.06471821285406987,0.15,S3_TREND
2026-06-22 04:00:00+00:00,BTC,BUY,34.43876749651463,0.03443876749651463,0.15,S3_TREND
2026-06-22 04:00:00+00:00,ETH,BUY,31.201423081283792,0.031201423081283795,0.15,S3_TREND
2026-06-22 04:00:00+00:00,SOL,BUY,31.388106145812344,0.03138810614581235,0.15,S3_TREND
2026-06-22 05:00:00+00:00,BTC,SELL,7.183894763245917,0.007183894763245917,0.15,S3_TREND
2026-06-22 05:00:00+00:00,ETH,SELL,22.23902560518036,0.02223902560518036,0.15,S3_TREND
2026-06-22 05:00:00+00:00,SOL,SELL,43.71158776013362,0.04371158776013362,0.15,S3_TREND
2026-06-22 06:00:00+00:00,BTC,SELL,22.642765247806892,0.022642765247806892,0.15,S3_TREND
2026-06-22 06:00:00+00:00,ETH,SELL,3.191347685713481,0.003191347685713481,0.15,S3_TREND
2026-06-22 06:00:00+00:00,SOL,SELL,7.672103966453506,0.007672103966453505,0.15,S3_TREND
2026-06-22 07:00:00+00:00,BTC,BUY,38.1931923499742,0.038193192349974196,0.15,S3_TREND
2026-06-22 07:00:00+00:00,ETH,SELL,3.0040334048098885,0.0030040334048098884,0.15,S3_TREND
2026-06-22 07:00:00+00:00,SOL,BUY,27.612227938703654,0.027612227938703656,0.15,S3_TREND
2026-06-22 08:00:00+00:00,BTC,SELL,16.418071973681435,0.016418071973681437,0.15,S3_TREND
2026-06-22 08:00:00+00:00,ETH,SELL,58.26047203595044,0.058260472035950445,0.15,S3_TREND
2026-06-22 08:00:00+00:00,SOL,SELL,39.793939305971435,0.039793939305971436,0.15,S3_TREND
2026-06-22 09:00:00+00:00,BTC,BUY,4.105347542004893,0.004105347542004893,0.15,S3_TREND
2026-06-22 09:00:00+00:00,ETH,SELL,17.152615891376627,0.01715261589137663,0.15,S3_TREND
2026-06-22 09:00:00+00:00,SOL,BUY,33.50945422742916,0.03350945422742916,0.15,S3_TREND
2026-06-22 10:00:00+00:00,ETH,BUY,7.330208951912937,0.007330208951912937,0.15,S3_TREND
2026-06-22 10:00:00+00:00,SOL,BUY,13.294037337791451,0.013294037337791451,0.15,S3_TREND
2026-06-22 11:00:00+00:00,BTC,BUY,2.7213625036638405,0.0027213625036638404,0.15,S3_TREND
2026-06-22 11:00:00+00:00,ETH,SELL,18.354705094463498,0.0183547050944635,0.15,S3_TREND
2026-06-22 11:00:00+00:00,SOL,BUY,6.079292226328107,0.006079292226328107,0.15,S3_TREND
2026-06-22 12:00:00+00:00,BTC,SELL,60.87959328989746,0.060879593289897456,0.15,S3_TREND
2026-06-22 12:00:00+00:00,ETH,SELL,98.31877195126981,0.09831877195126981,0.15,S3_TREND
2026-06-22 12:00:00+00:00,SOL,SELL,26.135122301739102,0.026135122301739103,0.15,S3_TREND
2026-06-22 13:00:00+00:00,BTC,SELL,87.2534991842731,0.0872534991842731,0.15,S3_TREND
2026-06-22 13:00:00+00:00,ETH,BUY,47.00875311052732,0.047008753110527324,0.15,S3_TREND
2026-06-22 13:00:00+00:00,SOL,SELL,26.61373746323079,0.026613737463230792,0.15,S3_TREND
2026-06-22 14:00:00+00:00,BTC,SELL,46.2087042388157,0.0462087042388157,0.15,S3_TREND
2026-06-22 14:00:00+00:00,ETH,SELL,61.301486921480326,0.061301486921480325,0.15,S3_TREND
2026-06-22 14:00:00+00:00,SOL,SELL,57.50388236973231,0.05750388236973231,0.15,S3_TREND
2026-06-22 15:00:00+00:00,BTC,BUY,38.53457258647359,0.03853457258647359,0.15,S3_TREND
2026-06-22 15:00:00+00:00,ETH,BUY,90.97667857130546,0.09097667857130545,0.15,S3_TREND
2026-06-22 15:00:00+00:00,SOL,BUY,193.78910288979205,0.19378910288979206,0.15,S3_TREND
2026-06-22 16:00:00+00:00,BTC,BUY,5.754760011161125,0.005754760011161124,0.15,S3_TREND
2026-06-22 16:00:00+00:00,ETH,BUY,52.9910998653977,0.052991099865397705,0.15,S3_TREND
2026-06-22 16:00:00+00:00,SOL,BUY,31.696504725045088,0.03169650472504509,0.15,S3_TREND
2026-06-22 17:00:00+00:00,BTC,BUY,10.00695184475444,0.01000695184475444,0.15,S3_TREND
2026-06-22 17:00:00+00:00,ETH,BUY,21.84188844570963,0.02184188844570963,0.15,S3_TREND
2026-06-22 17:00:00+00:00,SOL,BUY,22.793413923862317,0.02279341392386232,0.15,S3_TREND
2026-06-22 18:00:00+00:00,BTC,BUY,31.63337263261019,0.03163337263261019,0.15,S3_TREND
2026-06-22 18:00:00+00:00,SOL,SELL,55.78638628988665,0.05578638628988665,0.15,S3_TREND
2026-06-22 19:00:00+00:00,BTC,BUY,21.738393798184916,0.021738393798184916,0.15,S3_TREND
2026-06-22 19:00:00+00:00,ETH,BUY,23.289152797649876,0.023289152797649877,0.15,S3_TREND
2026-06-22 19:00:00+00:00,SOL,BUY,84.96009165851137,0.08496009165851137,0.15,S3_TREND
2026-06-22 20:00:00+00:00,BTC,SELL,21.91205500907199,0.021912055009071993,0.15,S3_TREND
2026-06-22 20:00:00+00:00,SOL,SELL,5.558046907202879,0.005558046907202879,0.15,S3_TREND
2026-06-22 21:00:00+00:00,BTC,BUY,10.164732244911647,0.010164732244911647,0.15,S3_TREND
2026-06-22 21:00:00+00:00,SOL,SELL,18.914167133951196,0.018914167133951196,0.15,S3_TREND
2026-06-22 22:00:00+00:00,BTC,BUY,16.059026398803326,0.016059026398803328,0.15,S3_TREND
2026-06-22 22:00:00+00:00,ETH,BUY,7.581098247605041,0.007581098247605041,0.15,S3_TREND
2026-06-22 22:00:00+00:00,SOL,BUY,6.993854066777203,0.006993854066777203,0.15,S3_TREND
2026-06-22 23:00:00+00:00,BTC,BUY,35.42505819450707,0.03542505819450707,0.15,S3_TREND
2026-06-22 23:00:00+00:00,ETH,BUY,28.808147940759227,0.028808147940759227,0.15,S3_TREND
2026-06-22 23:00:00+00:00,SOL,BUY,79.82541751207282,0.07982541751207282,0.15,S3_TREND
2026-06-23 00:00:00+00:00,BTC,SELL,8.685133725670312,0.008685133725670311,0.15,S3_TREND
2026-06-23 00:00:00+00:00,ETH,SELL,30.262013048173685,0.030262013048173685,0.15,S3_TREND
2026-06-23 00:00:00+00:00,SOL,BUY,32.224586311291205,0.03222458631129121,0.15,S3_TREND
2026-06-23 01:00:00+00:00,BTC,SELL,22.653269872957026,0.022653269872957026,0.15,S3_TREND
2026-06-23 01:00:00+00:00,ETH,SELL,18.09971767242496,0.018099717672424957,0.15,S3_TREND
2026-06-23 01:00:00+00:00,SOL,BUY,17.704760622806134,0.017704760622806133,0.15,S3_TREND
2026-06-23 02:00:00+00:00,BTC,SELL,6.11910668161363,0.00611910668161363,0.15,S3_TREND
2026-06-23 02:00:00+00:00,SOL,BUY,28.45613394328575,0.02845613394328575,0.15,S3_TREND
2026-06-23 03:00:00+00:00,BTC,BUY,1.729108009914853,0.001729108009914853,0.15,S3_TREND
2026-06-23 03:00:00+00:00,ETH,SELL,4.926967881987366,0.004926967881987366,0.15,S3_TREND
2026-06-23 03:00:00+00:00,SOL,SELL,41.56494235025275,0.04156494235025275,0.15,S3_TREND
2026-06-23 04:00:00+00:00,BTC,BUY,21.940271589979602,0.021940271589979604,0.15,S3_TREND
2026-06-23 04:00:00+00:00,ETH,BUY,13.998981708202336,0.013998981708202336,0.15,S3_TREND
2026-06-23 04:00:00+00:00,SOL,SELL,7.711601639235596,0.007711601639235596,0.15,S3_TREND
2026-06-23 05:00:00+00:00,BTC,BUY,52.46533602981981,0.05246533602981981,0.15,S3_TREND
2026-06-23 05:00:00+00:00,ETH,BUY,43.71372363316732,0.04371372363316732,0.15,S3_TREND
2026-06-23 05:00:00+00:00,SOL,BUY,58.75079687102152,0.05875079687102152,0.15,S3_TREND
2026-06-23 06:00:00+00:00,BTC,BUY,21.752298110452102,0.021752298110452102,0.15,S3_TREND
2026-06-23 06:00:00+00:00,ETH,BUY,18.042817234099857,0.018042817234099857,0.15,S3_TREND
2026-06-23 06:00:00+00:00,SOL,BUY,56.11153210498378,0.056111532104983784,0.15,S3_TREND
2026-06-23 07:00:00+00:00,BTC,BUY,39.38322327532114,0.03938322327532114,0.15,S3_TREND
2026-06-23 07:00:00+00:00,ETH,BUY,108.46055166154838,0.10846055166154839,0.15,S3_TREND
2026-06-23 07:00:00+00:00,SOL,BUY,74.01353974299855,0.07401353974299854,0.15,S3_TREND
2026-06-23 08:00:00+00:00,BTC,SELL,11.31689665135309,0.011316896651353091,0.15,S3_TREND
2026-06-23 08:00:00+00:00,ETH,BUY,52.42554712441415,0.052425547124414155,0.15,S3_TREND
2026-06-23 08:00:00+00:00,SOL,BUY,39.73487124747771,0.03973487124747772,0.15,S3_TREND
2026-06-23 09:00:00+00:00,BTC,BUY,12.118665271671489,0.01211866527167149,0.15,S3_TREND
2026-06-23 09:00:00+00:00,ETH,SELL,13291.385517471326,13.291385517471326,0.0,CASH
2026-06-23 09:00:00+00:00,SOL,BUY,156.19428997061186,0.15619428997061185,0.15,S3_TREND
2026-06-23 10:00:00+00:00,BTC,BUY,4.45241399519,0.0044524139951899995,0.15,S3_TREND
2026-06-23 10:00:00+00:00,ETH,BUY,6739.313296670901,6.739313296670901,0.075,S6_REVERSAL
2026-06-23 10:00:00+00:00,SOL,SELL,38.69004444545135,0.03869004444545135,0.15,S3_TREND
2026-06-23 11:00:00+00:00,BTC,SELL,6729.331659333865,6.729331659333865,0.075,S6_REVERSAL
2026-06-23 11:00:00+00:00,ETH,SELL,9.405038906688787,0.009405038906688788,0.075,S6_REVERSAL
2026-06-23 11:00:00+00:00,SOL,BUY,16.415038392522547,0.016415038392522546,0.15,S3_TREND
2026-06-23 12:00:00+00:00,BTC,SELL,8.396128915078407,0.008396128915078406,0.075,S6_REVERSAL
2026-06-23 12:00:00+00:00,ETH,SELL,22.67428551014109,0.02267428551014109,0.075,S6_REVERSAL
2026-06-23 12:00:00+00:00,SOL,SELL,77.93638167780773,0.07793638167780773,0.15,S3_TREND
2026-06-23 13:00:00+00:00,BTC,BUY,17.951913342360058,0.017951913342360057,0.075,S6_REVERSAL
2026-06-23 13:00:00+00:00,ETH,BUY,16.75528012144332,0.01675528012144332,0.075,S6_REVERSAL
2026-06-23 13:00:00+00:00,SOL,SELL,6688.675722354837,6.688675722354836,0.075,S6_REVERSAL
2026-06-23 14:00:00+00:00,BTC,SELL,18.32886307212084,0.018328863072120838,0.075,S6_REVERSAL
2026-06-23 14:00:00+00:00,ETH,SELL,28.305072848368578,0.028305072848368577,0.075,S6_REVERSAL
2026-06-23 14:00:00+00:00,SOL,SELL,16.07389291758318,0.01607389291758318,0.075,S6_REVERSAL
2026-06-23 15:00:00+00:00,BTC,SELL,1.9840780383001402,0.00198407803830014,0.075,S6_REVERSAL
2026-06-23 15:00:00+00:00,ETH,BUY,2.839188035157349,0.002839188035157349,0.075,S6_REVERSAL
2026-06-23 16:00:00+00:00,BTC,SELL,2.096926034023454,0.002096926034023454,0.075,S6_REVERSAL
2026-06-23 16:00:00+00:00,ETH,BUY,6.686258699405698,0.006686258699405699,0.075,S6_REVERSAL
2026-06-23 16:00:00+00:00,SOL,BUY,23.505382183732763,0.023505382183732763,0.075,S6_REVERSAL
2026-06-23 17:00:00+00:00,BTC,SELL,7.436100908247681,0.007436100908247681,0.075,S6_REVERSAL
2026-06-23 17:00:00+00:00,ETH,BUY,1.9253006827102581,0.0019253006827102581,0.075,S6_REVERSAL
2026-06-23 17:00:00+00:00,SOL,BUY,4.05016547811465,0.00405016547811465,0.075,S6_REVERSAL
2026-06-23 18:00:00+00:00,BTC,BUY,18.369023140025092,0.018369023140025094,0.075,S6_REVERSAL
2026-06-23 18:00:00+00:00,ETH,BUY,6.8952954061760465,0.006895295406176047,0.075,S6_REVERSAL
2026-06-23 18:00:00+00:00,SOL,BUY,7.584118842294629,0.007584118842294629,0.075,S6_REVERSAL
2026-06-23 19:00:00+00:00,BTC,BUY,12.071063111606236,0.012071063111606236,0.075,S6_REVERSAL
2026-06-23 19:00:00+00:00,ETH,BUY,4.94215301632903,0.00494215301632903,0.075,S6_REVERSAL
2026-06-23 19:00:00+00:00,SOL,SELL,12.222863639060051,0.012222863639060052,0.075,S6_REVERSAL
2026-06-23 20:00:00+00:00,BTC,SELL,12.961693423426368,0.012961693423426368,0.075,S6_REVERSAL
2026-06-23 20:00:00+00:00,ETH,SELL,25.755711173321288,0.02575571117332129,0.075,S6_REVERSAL
2026-06-23 20:00:00+00:00,SOL,BUY,8.763356660846512,0.008763356660846511,0.075,S6_REVERSAL
2026-06-23 21:00:00+00:00,BTC,SELL,6.426401526581685,0.006426401526581685,0.075,S6_REVERSAL
2026-06-23 21:00:00+00:00,ETH,SELL,3.8284297448781217,0.003828429744878122,0.075,S6_REVERSAL
2026-06-23 21:00:00+00:00,SOL,SELL,15.16932785946301,0.015169327859463011,0.075,S6_REVERSAL
2026-06-23 22:00:00+00:00,BTC,SELL,10.260785513664814,0.010260785513664814,0.075,S6_REVERSAL
2026-06-23 22:00:00+00:00,ETH,SELL,6.945323069567166,0.006945323069567167,0.075,S6_REVERSAL
2026-06-23 22:00:00+00:00,SOL,SELL,20.753371687930667,0.020753371687930667,0.075,S6_REVERSAL
2026-06-23 23:00:00+00:00,BTC,BUY,2.461127081835002,0.0024611270818350023,0.075,S6_REVERSAL
2026-06-23 23:00:00+00:00,ETH,BUY,9.787263827354764,0.009787263827354764,0.075,S6_REVERSAL
2026-06-23 23:00:00+00:00,SOL,SELL,26.837276411595663,0.026837276411595664,0.075,S6_REVERSAL
2026-06-24 00:00:00+00:00,BTC,SELL,12.6542506809501,0.012654250680950099,0.075,S6_REVERSAL
2026-06-24 00:00:00+00:00,ETH,SELL,7.039614360613086,0.007039614360613087,0.075,S6_REVERSAL
2026-06-24 00:00:00+00:00,SOL,SELL,10.649079514423647,0.010649079514423647,0.075,S6_REVERSAL
2026-06-24 01:00:00+00:00,BTC,SELL,24.350409652954113,0.024350409652954114,0.075,S6_REVERSAL
2026-06-24 01:00:00+00:00,ETH,SELL,11.449929730615622,0.011449929730615623,0.075,S6_REVERSAL
2026-06-24 01:00:00+00:00,SOL,SELL,23.337728689723917,0.02333772868972392,0.075,S6_REVERSAL
2026-06-24 02:00:00+00:00,BTC,BUY,9.167752939734783,0.009167752939734783,0.075,S6_REVERSAL
2026-06-24 02:00:00+00:00,ETH,SELL,5.021713040647228,0.005021713040647228,0.075,S6_REVERSAL
2026-06-24 02:00:00+00:00,SOL,SELL,8.291858474866785,0.008291858474866786,0.075,S6_REVERSAL
2026-06-24 03:00:00+00:00,BTC,BUY,22.82574112452403,0.02282574112452403,0.075,S6_REVERSAL
2026-06-24 03:00:00+00:00,ETH,BUY,25.44421595458607,0.025444215954586073,0.075,S6_REVERSAL
2026-06-24 03:00:00+00:00,SOL,BUY,51.116641369743775,0.051116641369743775,0.075,S6_REVERSAL
2026-06-24 04:00:00+00:00,BTC,SELL,8.345927828473577,0.008345927828473577,0.075,S6_REVERSAL
2026-06-24 04:00:00+00:00,ETH,SELL,8.302092506452937,0.008302092506452937,0.075,S6_REVERSAL
2026-06-24 04:00:00+00:00,SOL,SELL,8.282763369707936,0.008282763369707936,0.075,S6_REVERSAL
2026-06-24 05:00:00+00:00,ETH,SELL,8.467010510274122,0.008467010510274122,0.075,S6_REVERSAL
2026-06-24 06:00:00+00:00,BTC,SELL,10.813461012998232,0.010813461012998233,0.075,S6_REVERSAL
2026-06-24 06:00:00+00:00,ETH,SELL,16.709789039596217,0.016709789039596218,0.075,S6_REVERSAL
2026-06-24 06:00:00+00:00,SOL,SELL,30.443504550868965,0.030443504550868965,0.075,S6_REVERSAL
2026-06-24 07:00:00+00:00,BTC,BUY,9.60015261665103,0.009600152616651031,0.075,S6_REVERSAL
2026-06-24 07:00:00+00:00,ETH,SELL,3.8695960576105795,0.0038695960576105794,0.075,S6_REVERSAL
2026-06-24 07:00:00+00:00,SOL,BUY,17.102605126777235,0.017102605126777234,0.075,S6_REVERSAL
2026-06-24 08:00:00+00:00,BTC,BUY,8.920246592375406,0.008920246592375407,0.075,S6_REVERSAL
2026-06-24 08:00:00+00:00,ETH,BUY,2.891182285877221,0.002891182285877221,0.075,S6_REVERSAL
2026-06-24 08:00:00+00:00,SOL,BUY,31.622546810803215,0.03162254681080322,0.075,S6_REVERSAL
2026-06-24 09:00:00+00:00,BTC,SELL,13.378233505181925,0.013378233505181926,0.075,S6_REVERSAL
2026-06-24 09:00:00+00:00,ETH,BUY,1.3139535637592417,0.0013139535637592416,0.075,S6_REVERSAL
2026-06-24 09:00:00+00:00,SOL,SELL,7.809929167981863,0.007809929167981864,0.075,S6_REVERSAL
2026-06-24 10:00:00+00:00,BTC,BUY,8.666177196399076,0.008666177196399076,0.075,S6_REVERSAL
2026-06-24 10:00:00+00:00,ETH,BUY,20.722965385133648,0.02072296538513365,0.075,S6_REVERSAL
2026-06-24 10:00:00+00:00,SOL,BUY,12.467438518629933,0.012467438518629933,0.075,S6_REVERSAL
2026-06-24 11:00:00+00:00,BTC,BUY,20.51980511641068,0.020519805116410682,0.075,S6_REVERSAL
2026-06-24 11:00:00+00:00,ETH,BUY,9.149525780012482,0.009149525780012482,0.075,S6_REVERSAL
2026-06-24 11:00:00+00:00,SOL,BUY,20.45795924844424,0.020457959248444242,0.075,S6_REVERSAL
2026-06-24 12:00:00+00:00,BTC,SELL,36.998367983796925,0.03699836798379692,0.075,S6_REVERSAL
2026-06-24 12:00:00+00:00,ETH,SELL,50.08885288025249,0.05008885288025249,0.075,S6_REVERSAL
2026-06-24 12:00:00+00:00,SOL,SELL,60.87919009491634,0.06087919009491634,0.075,S6_REVERSAL
2026-06-24 13:00:00+00:00,BTC,BUY,25.0375756638241,0.0250375756638241,0.075,S6_REVERSAL
2026-06-24 13:00:00+00:00,ETH,BUY,24.857147024766164,0.024857147024766164,0.075,S6_REVERSAL
2026-06-24 13:00:00+00:00,SOL,BUY,27.351792950131312,0.027351792950131314,0.075,S6_REVERSAL
2026-06-24 14:00:00+00:00,BTC,SELL,6611.832400591356,6.611832400591356,0.0,CASH
2026-06-24 14:00:00+00:00,ETH,BUY,82.87120006742134,0.08287120006742134,0.075,S6_REVERSAL
2026-06-24 14:00:00+00:00,SOL,BUY,34.76965492243016,0.034769654922430164,0.075,S6_REVERSAL
2026-06-24 15:00:00+00:00,BTC,BUY,6727.266537563058,6.727266537563058,0.075,S6_REVERSAL
2026-06-24 15:00:00+00:00,ETH,SELL,7.57439338844415,0.0075743933884441506,0.075,S6_REVERSAL
2026-06-24 16:00:00+00:00,BTC,BUY,67.15556607533017,0.06715556607533017,0.075,S6_REVERSAL
2026-06-24 16:00:00+00:00,ETH,SELL,6608.057840609026,6.6080578406090265,0.0,CASH
2026-06-24 16:00:00+00:00,SOL,SELL,6575.871979135349,6.575871979135349,0.0,CASH
2026-06-24 17:00:00+00:00,BTC,SELL,6654.935522205286,6.654935522205286,0.0,CASH
2026-06-24 17:00:00+00:00,ETH,BUY,6695.083313912729,6.695083313912729,0.075,S6_REVERSAL
2026-06-24 17:00:00+00:00,SOL,BUY,6695.083313912729,6.695083313912729,0.075,S6_REVERSAL
2026-06-24 18:00:00+00:00,BTC,BUY,6672.732782958441,6.672732782958441,0.075,S6_REVERSAL
2026-06-24 18:00:00+00:00,ETH,SELL,6572.118755545168,6.572118755545168,0.0,CASH
2026-06-24 18:00:00+00:00,SOL,SELL,6540.085895039825,6.540085895039825,0.0,CASH
2026-06-24 19:00:00+00:00,BTC,SELL,21.848937534477045,0.021848937534477045,0.075,S6_REVERSAL
2026-06-24 19:00:00+00:00,ETH,BUY,6672.900134317976,6.672900134317977,0.075,S6_REVERSAL
2026-06-24 20:00:00+00:00,BTC,SELL,33.687631480968776,0.033687631480968774,0.075,S6_REVERSAL
2026-06-24 20:00:00+00:00,ETH,SELL,45.859397139288376,0.045859397139288376,0.075,S6_REVERSAL
2026-06-24 21:00:00+00:00,BTC,SELL,93.63290023495756,0.09363290023495756,0.075,S6_REVERSAL
2026-06-24 21:00:00+00:00,ETH,SELL,104.89831615310506,0.10489831615310506,0.075,S6_REVERSAL
2026-06-24 22:00:00+00:00,BTC,SELL,13.254753688211167,0.013254753688211168,0.075,S6_REVERSAL
2026-06-24 22:00:00+00:00,ETH,SELL,28.459190638650398,0.0284591906386504,0.075,S6_REVERSAL
2026-06-24 23:00:00+00:00,BTC,BUY,22.096825075508605,0.022096825075508607,0.075,S6_REVERSAL
2026-06-24 23:00:00+00:00,ETH,BUY,20.686421874345797,0.020686421874345797,0.075,S6_REVERSAL
2026-06-25 00:00:00+00:00,BTC,SELL,18.669614350192205,0.018669614350192206,0.075,S6_REVERSAL
2026-06-25 00:00:00+00:00,ETH,SELL,24.126355099384455,0.024126355099384454,0.075,S6_REVERSAL
2026-06-25 01:00:00+00:00,BTC,BUY,24.01195416320479,0.024011954163204792,0.075,S6_REVERSAL
2026-06-25 01:00:00+00:00,ETH,BUY,9.66427475331875,0.00966427475331875,0.075,S6_REVERSAL
2026-06-25 02:00:00+00:00,BTC,SELL,9.279800061784954,0.009279800061784953,0.075,S6_REVERSAL
2026-06-25 02:00:00+00:00,ETH,SELL,5.37012613538991,0.00537012613538991,0.075,S6_REVERSAL
2026-06-25 03:00:00+00:00,BTC,BUY,13.196908321481715,0.013196908321481715,0.075,S6_REVERSAL
2026-06-25 03:00:00+00:00,ETH,SELL,2.1346700013464215,0.0021346700013464216,0.075,S6_REVERSAL
2026-06-25 04:00:00+00:00,BTC,SELL,9.053796013609826,0.009053796013609826,0.075,S6_REVERSAL
2026-06-25 04:00:00+00:00,ETH,BUY,6.048467203177097,0.006048467203177097,0.075,S6_REVERSAL
2026-06-25 05:00:00+00:00,BTC,SELL,43.448066808220574,0.043448066808220574,0.075,S6_REVERSAL
2026-06-25 05:00:00+00:00,ETH,SELL,55.11707195320924,0.055117071953209244,0.075,S6_REVERSAL
2026-06-25 06:00:00+00:00,BTC,SELL,21.17716839100285,0.02117716839100285,0.075,S6_REVERSAL
2026-06-25 06:00:00+00:00,ETH,SELL,39.18810640213633,0.03918810640213633,0.075,S6_REVERSAL
2026-06-25 07:00:00+00:00,BTC,SELL,10.847701398603931,0.01084770139860393,0.075,S6_REVERSAL
2026-06-25 07:00:00+00:00,ETH,SELL,29.32976911220794,0.029329769112207943,0.075,S6_REVERSAL
2026-06-25 08:00:00+00:00,BTC,SELL,6735.119028785626,6.735119028785626,0.0,CASH
2026-06-25 08:00:00+00:00,ETH,SELL,6728.8456117652295,6.728845611765229,0.0,CASH
2026-06-25 14:00:00+00:00,BTC,BUY,6717.08653451202,6.7170865345120205,0.075,S6_REVERSAL
2026-06-25 15:00:00+00:00,BTC,SELL,126.25745068073682,0.12625745068073682,0.075,S6_REVERSAL
2026-06-25 16:00:00+00:00,BTC,SELL,9.059627703270053,0.009059627703270052,0.075,S6_REVERSAL
2026-06-25 17:00:00+00:00,BTC,BUY,25.634814102410928,0.02563481410241093,0.075,S6_REVERSAL
2026-06-25 18:00:00+00:00,BTC,SELL,38.11300382923946,0.03811300382923946,0.075,S6_REVERSAL
2026-06-25 19:00:00+00:00,BTC,BUY,17.02737744512615,0.017027377445126148,0.075,S6_REVERSAL
2026-06-25 20:00:00+00:00,BTC,BUY,20.149347934197976,0.020149347934197977,0.075,S6_REVERSAL
2026-06-25 21:00:00+00:00,BTC,SELL,14.330346355400252,0.014330346355400252,0.075,S6_REVERSAL
2026-06-25 22:00:00+00:00,BTC,SELL,79.03718756389299,0.07903718756389298,0.075,S6_REVERSAL
2026-06-25 23:00:00+00:00,BTC,BUY,37.29210421532207,0.03729210421532207,0.075,S6_REVERSAL
2026-06-26 00:00:00+00:00,BTC,BUY,5.887429424254151,0.005887429424254151,0.075,S6_REVERSAL
2026-06-26 01:00:00+00:00,BTC,BUY,13.277966119637313,0.013277966119637313,0.075,S6_REVERSAL
2026-06-26 02:00:00+00:00,BTC,BUY,24.574297171265243,0.024574297171265243,0.075,S6_REVERSAL
2026-06-26 03:00:00+00:00,BTC,BUY,91.0266917629724,0.0910266917629724,0.075,S6_REVERSAL
2026-06-26 04:00:00+00:00,BTC,SELL,156.44194294832323,0.15644194294832323,0.075,S6_REVERSAL
2026-06-26 05:00:00+00:00,BTC,BUY,11.970956540048974,0.011970956540048974,0.075,S6_REVERSAL
2026-06-26 06:00:00+00:00,BTC,SELL,3.412069036210596,0.0034120690362105964,0.075,S6_REVERSAL
2026-06-26 07:00:00+00:00,BTC,SELL,38.497986366524856,0.03849798636652486,0.075,S6_REVERSAL
2026-06-26 08:00:00+00:00,BTC,SELL,21.48120063771421,0.02148120063771421,0.075,S6_REVERSAL
2026-06-26 09:00:00+00:00,BTC,BUY,29.447481192924897,0.0294474811929249,0.075,S6_REVERSAL
2026-06-26 10:00:00+00:00,BTC,BUY,52.71276534161643,0.05271276534161643,0.075,S6_REVERSAL
2026-06-26 11:00:00+00:00,BTC,BUY,44.04712038548314,0.04404712038548314,0.075,S6_REVERSAL
2026-06-26 12:00:00+00:00,BTC,SELL,10.4900218893099,0.0104900218893099,0.075,S6_REVERSAL
2026-06-26 13:00:00+00:00,BTC,BUY,23.89951688815472,0.023899516888154722,0.075,S6_REVERSAL
2026-06-26 14:00:00+00:00,BTC,SELL,104.09121547555696,0.10409121547555697,0.075,S6_REVERSAL
2026-06-26 15:00:00+00:00,BTC,BUY,60.5066175845659,0.0605066175845659,0.075,S6_REVERSAL
2026-06-26 16:00:00+00:00,BTC,SELL,77.02198912793301,0.07702198912793301,0.075,S6_REVERSAL
2026-06-26 17:00:00+00:00,BTC,BUY,29.568967226823588,0.02956896722682359,0.075,S6_REVERSAL
2026-06-26 18:00:00+00:00,BTC,BUY,1.8438576668786482,0.0018438576668786482,0.075,S6_REVERSAL
2026-06-26 19:00:00+00:00,BTC,BUY,36.926297139424605,0.03692629713942461,0.075,S6_REVERSAL
2026-06-26 20:00:00+00:00,BTC,SELL,8.759842495848716,0.008759842495848717,0.075,S6_REVERSAL
2026-06-26 21:00:00+00:00,BTC,BUY,3.538247666046118,0.003538247666046118,0.075,S6_REVERSAL
2026-06-26 22:00:00+00:00,BTC,SELL,20.920701756632297,0.0209207017566323,0.075,S6_REVERSAL
2026-06-26 23:00:00+00:00,BTC,SELL,13.437027665771893,0.013437027665771893,0.075,S6_REVERSAL
2026-06-26 23:00:00+00:00,SOL,BUY,13464.021516280634,13.464021516280635,0.15,S3_TREND
2026-06-27 00:00:00+00:00,BTC,SELL,4.995403158784939,0.004995403158784939,0.075,S6_REVERSAL
2026-06-27 00:00:00+00:00,SOL,SELL,13.940956244572591,0.013940956244572592,0.15,S3_TREND
2026-06-27 01:00:00+00:00,BTC,BUY,2.9718001911096508,0.002971800191109651,0.075,S6_REVERSAL
2026-06-27 01:00:00+00:00,SOL,BUY,10.498445919933147,0.010498445919933147,0.15,S3_TREND
2026-06-27 02:00:00+00:00,BTC,BUY,6.289807202191696,0.006289807202191696,0.075,S6_REVERSAL
2026-06-27 02:00:00+00:00,SOL,BUY,60.219001605970334,0.06021900160597034,0.15,S3_TREND
2026-06-27 03:00:00+00:00,BTC,SELL,26.290763542451714,0.026290763542451714,0.075,S6_REVERSAL
2026-06-27 03:00:00+00:00,SOL,SELL,101.42976190575973,0.10142976190575974,0.15,S3_TREND
2026-06-27 04:00:00+00:00,SOL,SELL,23.580001609370807,0.023580001609370807,0.15,S3_TREND
2026-06-27 05:00:00+00:00,BTC,BUY,2.6434242106342936,0.0026434242106342935,0.075,S6_REVERSAL
2026-06-27 05:00:00+00:00,SOL,BUY,51.21672079304517,0.05121672079304517,0.15,S3_TREND
2026-06-27 06:00:00+00:00,BTC,SELL,1.3531616057643987,0.0013531616057643988,0.075,S6_REVERSAL
2026-06-27 06:00:00+00:00,SOL,BUY,19.03623829987555,0.01903623829987555,0.15,S3_TREND
2026-06-27 07:00:00+00:00,BTC,SELL,9.342456791900986,0.009342456791900986,0.075,S6_REVERSAL
2026-06-27 07:00:00+00:00,SOL,SELL,48.760828684324224,0.04876082868432423,0.15,S3_TREND
2026-06-27 08:00:00+00:00,BTC,SELL,15.800249939284187,0.015800249939284187,0.075,S6_REVERSAL
2026-06-27 08:00:00+00:00,SOL,SELL,25.62355921965536,0.02562355921965536,0.15,S3_TREND
2026-06-27 09:00:00+00:00,BTC,SELL,6731.861199421628,6.731861199421628,0.0,CASH
2026-06-27 09:00:00+00:00,SOL,BUY,42.83789952150619,0.04283789952150619,0.15,S3_TREND
2026-06-27 10:00:00+00:00,SOL,BUY,27.60592226911831,0.02760592226911831,0.15,S3_TREND
2026-06-27 11:00:00+00:00,SOL,SELL,30.278437086408303,0.030278437086408302,0.15,S3_TREND
2026-06-27 12:00:00+00:00,SOL,BUY,36.56112175612179,0.03656112175612179,0.15,S3_TREND
2026-06-27 13:00:00+00:00,SOL,SELL,57.39449253251041,0.057394492532510416,0.15,S3_TREND
2026-06-27 14:00:00+00:00,SOL,SELL,30.168816693054396,0.030168816693054396,0.15,S3_TREND
2026-06-27 15:00:00+00:00,SOL,SELL,55.43876663546325,0.05543876663546325,0.15,S3_TREND
2026-06-27 16:00:00+00:00,SOL,SELL,18.93657006711328,0.01893657006711328,0.15,S3_TREND
2026-06-27 17:00:00+00:00,SOL,BUY,29.924903706052646,0.029924903706052646,0.15,S3_TREND
2026-06-27 18:00:00+00:00,SOL,BUY,93.13563153412179,0.09313563153412178,0.15,S3_TREND
2026-06-27 19:00:00+00:00,SOL,BUY,20.65126716697523,0.02065126716697523,0.15,S3_TREND
2026-06-27 20:00:00+00:00,SOL,BUY,128.95492575045682,0.12895492575045683,0.15,S3_TREND
2026-06-27 21:00:00+00:00,SOL,SELL,32.16911819449706,0.03216911819449706,0.15,S3_TREND
2026-06-27 22:00:00+00:00,SOL,BUY,52.91576512854226,0.052915765128542264,0.15,S3_TREND
2026-06-27 23:00:00+00:00,SOL,SELL,17.71783867754857,0.017717838677548572,0.15,S3_TREND
2026-06-28 00:00:00+00:00,SOL,BUY,96.4696961708687,0.0964696961708687,0.15,S3_TREND
2026-06-28 01:00:00+00:00,SOL,SELL,37.26309263654912,0.03726309263654912,0.15,S3_TREND
2026-06-28 02:00:00+00:00,SOL,SELL,19.385908365944488,0.019385908365944487,0.15,S3_TREND
2026-06-28 03:00:00+00:00,SOL,BUY,19.349497934859755,0.019349497934859756,0.15,S3_TREND
2026-06-28 04:00:00+00:00,SOL,SELL,22.613268467321177,0.022613268467321177,0.15,S3_TREND
2026-06-28 05:00:00+00:00,SOL,BUY,14.507430183735778,0.014507430183735778,0.15,S3_TREND
2026-06-28 06:00:00+00:00,BTC,BUY,13431.31755924579,13.431317559245791,0.15,S3_TREND
2026-06-28 06:00:00+00:00,ETH,BUY,6715.658779622895,6.7156587796228955,0.075,S6_REVERSAL
2026-06-28 06:00:00+00:00,SOL,BUY,40.34922449712758,0.04034922449712758,0.15,S3_TREND
2026-06-28 07:00:00+00:00,BTC,SELL,8.477592007691783,0.008477592007691784,0.15,S3_TREND
2026-06-28 07:00:00+00:00,ETH,BUY,2.9802066241045395,0.0029802066241045398,0.075,S6_REVERSAL
2026-06-28 07:00:00+00:00,SOL,BUY,7.908622692173594,0.007908622692173595,0.15,S3_TREND
2026-06-28 08:00:00+00:00,BTC,SELL,18.090853944906485,0.018090853944906483,0.15,S3_TREND
2026-06-28 08:00:00+00:00,ETH,SELL,19.471923572514243,0.019471923572514243,0.075,S6_REVERSAL
2026-06-28 08:00:00+00:00,SOL,SELL,89.55710026334964,0.08955710026334963,0.15,S3_TREND
2026-06-28 09:00:00+00:00,BTC,SELL,1.3428326421235397,0.0013428326421235396,0.15,S3_TREND
2026-06-28 09:00:00+00:00,ETH,BUY,6736.383212380793,6.736383212380794,0.15,S3_TREND
2026-06-28 09:00:00+00:00,SOL,SELL,124.95264287463942,0.12495264287463942,0.15,S3_TREND
2026-06-28 10:00:00+00:00,BTC,BUY,6.191743632631187,0.0061917436326311874,0.15,S3_TREND
2026-06-28 10:00:00+00:00,ETH,BUY,2.6764344165931107,0.002676434416593111,0.15,S3_TREND
2026-06-28 10:00:00+00:00,SOL,BUY,52.63387564525874,0.05263387564525874,0.15,S3_TREND
2026-06-28 11:00:00+00:00,BTC,BUY,13.628725325947016,0.013628725325947017,0.15,S3_TREND
2026-06-28 11:00:00+00:00,ETH,BUY,9.410318345344422,0.009410318345344422,0.15,S3_TREND
2026-06-28 11:00:00+00:00,SOL,BUY,2.4478397888051404,0.0024478397888051404,0.15,S3_TREND
2026-06-28 12:00:00+00:00,BTC,SELL,13.612242335324481,0.013612242335324482,0.15,S3_TREND
2026-06-28 12:00:00+00:00,ETH,SELL,23.047790173059184,0.023047790173059184,0.15,S3_TREND
2026-06-28 12:00:00+00:00,SOL,SELL,57.26359846662671,0.05726359846662671,0.15,S3_TREND
2026-06-28 13:00:00+00:00,BTC,BUY,8.687408973115453,0.008687408973115453,0.15,S3_TREND
2026-06-28 13:00:00+00:00,ETH,SELL,8.116974722768646,0.008116974722768646,0.15,S3_TREND
2026-06-28 13:00:00+00:00,SOL,BUY,7.2256598956628295,0.00722565989566283,0.15,S3_TREND
2026-06-28 14:00:00+00:00,BTC,BUY,33.51477322372557,0.03351477322372557,0.15,S3_TREND
2026-06-28 14:00:00+00:00,ETH,BUY,16.989256044724243,0.016989256044724243,0.15,S3_TREND
2026-06-28 14:00:00+00:00,SOL,BUY,8.339685925551748,0.00833968592555175,0.15,S3_TREND
2026-06-28 15:00:00+00:00,BTC,BUY,7.5404743497601885,0.007540474349760189,0.15,S3_TREND
2026-06-28 15:00:00+00:00,ETH,SELL,17.12387906249205,0.01712387906249205,0.15,S3_TREND
2026-06-28 15:00:00+00:00,SOL,BUY,13.843439625548854,0.013843439625548853,0.15,S3_TREND
2026-06-28 16:00:00+00:00,BTC,BUY,38.493749323521115,0.03849374932352111,0.15,S3_TREND
2026-06-28 16:00:00+00:00,ETH,BUY,12.021812740844325,0.012021812740844325,0.15,S3_TREND
2026-06-28 16:00:00+00:00,SOL,SELL,74.33651766607726,0.07433651766607725,0.15,S3_TREND
2026-06-28 17:00:00+00:00,BTC,BUY,13.014219380404029,0.01301421938040403,0.15,S3_TREND
2026-06-28 17:00:00+00:00,ETH,BUY,36.777676380259436,0.03677767638025944,0.15,S3_TREND
2026-06-28 17:00:00+00:00,SOL,BUY,67.14590756979669,0.06714590756979669,0.15,S3_TREND
2026-06-28 18:00:00+00:00,BTC,BUY,19.088076325813745,0.019088076325813746,0.15,S3_TREND
2026-06-28 18:00:00+00:00,SOL,SELL,2.596167339499516,0.002596167339499516,0.15,S3_TREND
2026-06-28 19:00:00+00:00,BTC,SELL,16.589146363117834,0.016589146363117833,0.15,S3_TREND
2026-06-28 19:00:00+00:00,ETH,SELL,5.670189618405857,0.005670189618405857,0.15,S3_TREND
2026-06-28 19:00:00+00:00,SOL,BUY,59.327122957869506,0.05932712295786951,0.15,S3_TREND
2026-06-28 20:00:00+00:00,BTC,BUY,3.4562736686257267,0.003456273668625727,0.15,S3_TREND
2026-06-28 20:00:00+00:00,ETH,BUY,34.91267893640543,0.03491267893640543,0.15,S3_TREND
2026-06-28 20:00:00+00:00,SOL,BUY,58.466790473315996,0.058466790473315995,0.15,S3_TREND
2026-06-28 21:00:00+00:00,BTC,SELL,17.710220508679413,0.017710220508679413,0.15,S3_TREND
2026-06-28 21:00:00+00:00,ETH,SELL,51.1361365394896,0.0511361365394896,0.15,S3_TREND
2026-06-28 21:00:00+00:00,SOL,SELL,13.55619868467511,0.01355619868467511,0.15,S3_TREND
2026-06-28 22:00:00+00:00,BTC,BUY,15.899972390949188,0.015899972390949188,0.15,S3_TREND
2026-06-28 22:00:00+00:00,ETH,BUY,49.40207246110913,0.04940207246110913,0.15,S3_TREND
2026-06-28 22:00:00+00:00,SOL,BUY,52.91992330474568,0.05291992330474568,0.15,S3_TREND
2026-06-28 23:00:00+00:00,BTC,BUY,57.29609866698047,0.05729609866698047,0.15,S3_TREND
2026-06-28 23:00:00+00:00,ETH,BUY,28.020730745027322,0.02802073074502732,0.15,S3_TREND
2026-06-28 23:00:00+00:00,SOL,BUY,17.530565351176847,0.017530565351176846,0.15,S3_TREND
2026-06-29 00:00:00+00:00,BTC,SELL,45.83308433952698,0.04583308433952698,0.15,S3_TREND
2026-06-29 00:00:00+00:00,ETH,SELL,58.15429317533744,0.05815429317533744,0.15,S3_TREND
2026-06-29 00:00:00+00:00,SOL,SELL,151.18390593043296,0.15118390593043296,0.15,S3_TREND
2026-06-29 01:00:00+00:00,BTC,SELL,7.652727115275411,0.007652727115275411,0.15,S3_TREND
2026-06-29 01:00:00+00:00,SOL,SELL,38.169628616242335,0.03816962861624234,0.15,S3_TREND
2026-06-29 02:00:00+00:00,BTC,BUY,32.33171823150224,0.032331718231502236,0.15,S3_TREND
2026-06-29 02:00:00+00:00,ETH,BUY,21.8023492350585,0.0218023492350585,0.15,S3_TREND
2026-06-29 02:00:00+00:00,SOL,BUY,13.287943678633383,0.013287943678633382,0.15,S3_TREND
2026-06-29 03:00:00+00:00,BTC,SELL,30.93600400387004,0.03093600400387004,0.15,S3_TREND
2026-06-29 03:00:00+00:00,ETH,SELL,26.97009549425275,0.02697009549425275,0.15,S3_TREND
2026-06-29 03:00:00+00:00,SOL,SELL,90.91553671664951,0.09091553671664951,0.15,S3_TREND
2026-06-29 04:00:00+00:00,BTC,SELL,31.778277775356397,0.0317782777753564,0.15,S3_TREND
2026-06-29 04:00:00+00:00,ETH,SELL,35.764456373659414,0.035764456373659416,0.15,S3_TREND
2026-06-29 04:00:00+00:00,SOL,SELL,57.390258572795574,0.057390258572795574,0.15,S3_TREND
2026-06-29 05:00:00+00:00,BTC,BUY,2.4868139622758463,0.0024868139622758463,0.15,S3_TREND
2026-06-29 05:00:00+00:00,ETH,BUY,32.127272113586514,0.032127272113586514,0.15,S3_TREND
2026-06-29 05:00:00+00:00,SOL,BUY,137.07128352280415,0.13707128352280415,0.15,S3_TREND
2026-06-29 06:00:00+00:00,BTC,SELL,24.419334348640405,0.024419334348640406,0.15,S3_TREND
2026-06-29 06:00:00+00:00,ETH,SELL,27.97777257617599,0.02797777257617599,0.15,S3_TREND
2026-06-29 06:00:00+00:00,SOL,SELL,83.19437160890993,0.08319437160890994,0.15,S3_TREND
2026-06-29 07:00:00+00:00,BTC,BUY,6.510129594811588,0.006510129594811588,0.15,S3_TREND
2026-06-29 07:00:00+00:00,ETH,BUY,2.7677868611626764,0.0027677868611626763,0.15,S3_TREND
2026-06-29 07:00:00+00:00,SOL,SELL,10.811600046532476,0.010811600046532477,0.15,S3_TREND
2026-06-29 08:00:00+00:00,BTC,BUY,15.283536932945935,0.015283536932945936,0.15,S3_TREND
2026-06-29 08:00:00+00:00,ETH,BUY,26.758749771728617,0.026758749771728617,0.15,S3_TREND
2026-06-29 08:00:00+00:00,SOL,SELL,57.34395022341596,0.05734395022341596,0.15,S3_TREND
2026-06-29 09:00:00+00:00,BTC,BUY,26.323430035796264,0.026323430035796264,0.15,S3_TREND
2026-06-29 09:00:00+00:00,ETH,BUY,45.91499738796301,0.045914997387963015,0.15,S3_TREND
2026-06-29 09:00:00+00:00,SOL,SELL,15.500960070146903,0.015500960070146903,0.15,S3_TREND
2026-06-29 10:00:00+00:00,BTC,SELL,31.31031380021705,0.03131031380021705,0.15,S3_TREND
2026-06-29 10:00:00+00:00,ETH,SELL,10.020760691662872,0.010020760691662873,0.15,S3_TREND
2026-06-29 10:00:00+00:00,SOL,SELL,23.209377680286707,0.02320937768028671,0.15,S3_TREND
2026-06-29 11:00:00+00:00,BTC,BUY,5.756806440615037,0.005756806440615037,0.15,S3_TREND
2026-06-29 11:00:00+00:00,ETH,SELL,7.830242848211128,0.007830242848211127,0.15,S3_TREND
2026-06-29 11:00:00+00:00,SOL,SELL,6800.844225282559,6.800844225282559,0.075,S6_REVERSAL
2026-06-29 12:00:00+00:00,BTC,SELL,6736.5955220282085,6.7365955220282085,0.075,S6_REVERSAL
2026-06-29 12:00:00+00:00,ETH,BUY,11.267688947062197,0.011267688947062197,0.15,S3_TREND
2026-06-29 12:00:00+00:00,SOL,BUY,56.33575340791958,0.05633575340791958,0.075,S6_REVERSAL
2026-06-29 13:00:00+00:00,BTC,BUY,7.915993824634825,0.007915993824634825,0.075,S6_REVERSAL
2026-06-29 13:00:00+00:00,ETH,SELL,6749.216956922741,6.749216956922741,0.075,S6_REVERSAL
2026-06-29 13:00:00+00:00,SOL,SELL,84.98223453750961,0.08498223453750961,0.075,S6_REVERSAL
2026-06-29 14:00:00+00:00,BTC,BUY,38.34460219216635,0.03834460219216635,0.075,S6_REVERSAL
2026-06-29 14:00:00+00:00,ETH,BUY,11.282801135594127,0.011282801135594126,0.075,S6_REVERSAL
2026-06-29 14:00:00+00:00,SOL,SELL,23.40774877419426,0.02340774877419426,0.075,S6_REVERSAL
2026-06-29 15:00:00+00:00,BTC,BUY,11.631266973229685,0.011631266973229686,0.075,S6_REVERSAL
2026-06-29 15:00:00+00:00,ETH,SELL,1.580020734761092,0.001580020734761092,0.075,S6_REVERSAL
2026-06-29 16:00:00+00:00,BTC,SELL,33.61741623877606,0.03361741623877606,0.075,S6_REVERSAL
2026-06-29 16:00:00+00:00,ETH,SELL,24.959649297748005,0.024959649297748004,0.075,S6_REVERSAL
2026-06-29 16:00:00+00:00,SOL,SELL,10.748941133567314,0.010748941133567315,0.075,S6_REVERSAL
2026-06-29 17:00:00+00:00,BTC,SELL,4.874271979831974,0.004874271979831974,0.075,S6_REVERSAL
2026-06-29 17:00:00+00:00,ETH,SELL,18.9438098834853,0.0189438098834853,0.075,S6_REVERSAL
2026-06-29 17:00:00+00:00,SOL,SELL,6.237386111619344,0.006237386111619344,0.075,S6_REVERSAL
2026-06-29 18:00:00+00:00,BTC,SELL,31.920729472753916,0.031920729472753914,0.075,S6_REVERSAL
2026-06-29 18:00:00+00:00,ETH,SELL,155.02268800553793,0.15502268800553792,0.075,S6_REVERSAL
2026-06-29 18:00:00+00:00,SOL,SELL,90.90248552254161,0.09090248552254161,0.075,S6_REVERSAL
2026-06-29 19:00:00+00:00,BTC,BUY,12.131753878347808,0.012131753878347808,0.075,S6_REVERSAL
2026-06-29 19:00:00+00:00,ETH,BUY,27.69246517628835,0.02769246517628835,0.075,S6_REVERSAL
2026-06-29 19:00:00+00:00,SOL,SELL,6811.665683540148,6.811665683540149,0.0,CASH
2026-06-29 20:00:00+00:00,BTC,SELL,13.516451528100333,0.013516451528100333,0.075,S6_REVERSAL
2026-06-29 20:00:00+00:00,ETH,SELL,16.765137982354645,0.016765137982354645,0.075,S6_REVERSAL
2026-06-29 21:00:00+00:00,BTC,BUY,11.793165311617486,0.011793165311617487,0.075,S6_REVERSAL
2026-06-29 21:00:00+00:00,ETH,BUY,29.500759204441238,0.02950075920444124,0.075,S6_REVERSAL
2026-06-29 21:00:00+00:00,SOL,BUY,13565.449009329677,13.565449009329678,0.15,S3_TREND
2026-06-29 22:00:00+00:00,BTC,SELL,17.50971496939019,0.01750971496939019,0.075,S6_REVERSAL
2026-06-29 22:00:00+00:00,ETH,SELL,6.656662531840992,0.006656662531840993,0.075,S6_REVERSAL
2026-06-29 22:00:00+00:00,SOL,SELL,18.884962696623912,0.018884962696623913,0.15,S3_TREND
2026-06-29 23:00:00+00:00,BTC,BUY,7.75375111395806,0.007753751113958061,0.075,S6_REVERSAL
2026-06-29 23:00:00+00:00,ETH,BUY,23.199935570138223,0.023199935570138223,0.075,S6_REVERSAL
2026-06-29 23:00:00+00:00,SOL,BUY,30.049295717994028,0.03004929571799403,0.15,S3_TREND
2026-06-30 00:00:00+00:00,BTC,BUY,8.13376970860645,0.00813376970860645,0.075,S6_REVERSAL
2026-06-30 00:00:00+00:00,ETH,SELL,2.927434841575632,0.002927434841575632,0.075,S6_REVERSAL
2026-06-30 00:00:00+00:00,SOL,BUY,15.386312605811327,0.015386312605811327,0.15,S3_TREND
2026-06-30 01:00:00+00:00,BTC,BUY,28.034103181758837,0.02803410318175884,0.075,S6_REVERSAL
2026-06-30 01:00:00+00:00,ETH,BUY,58.90857159904499,0.058908571599044994,0.075,S6_REVERSAL
2026-06-30 01:00:00+00:00,SOL,BUY,94.5383708098907,0.09453837080989069,0.15,S3_TREND
2026-06-30 02:00:00+00:00,BTC,SELL,11.092830038980537,0.011092830038980537,0.075,S6_REVERSAL
2026-06-30 02:00:00+00:00,ETH,BUY,2.537583051407637,0.002537583051407637,0.075,S6_REVERSAL
2026-06-30 02:00:00+00:00,SOL,BUY,4.46853195264157,0.004468531952641569,0.15,S3_TREND
2026-06-30 03:00:00+00:00,ETH,BUY,15.795726500337878,0.01579572650033788,0.075,S6_REVERSAL
2026-06-30 03:00:00+00:00,SOL,SELL,31.32854929182031,0.03132854929182031,0.15,S3_TREND
2026-06-30 04:00:00+00:00,BTC,BUY,27.453110955725606,0.027453110955725606,0.075,S6_REVERSAL
2026-06-30 04:00:00+00:00,ETH,BUY,5.03781827271996,0.00503781827271996,0.075,S6_REVERSAL
2026-06-30 04:00:00+00:00,SOL,BUY,55.563842849007415,0.055563842849007415,0.15,S3_TREND
2026-06-30 05:00:00+00:00,BTC,BUY,12.288215200056584,0.012288215200056584,0.075,S6_REVERSAL
2026-06-30 05:00:00+00:00,ETH,SELL,6.959755302911617,0.006959755302911617,0.075,S6_REVERSAL
2026-06-30 05:00:00+00:00,SOL,BUY,23.021874473381104,0.023021874473381103,0.15,S3_TREND
2026-06-30 06:00:00+00:00,BTC,SELL,12.948417472086476,0.012948417472086476,0.075,S6_REVERSAL
2026-06-30 06:00:00+00:00,ETH,BUY,6742.783133119122,6.742783133119122,0.15,S3_TREND
2026-06-30 06:00:00+00:00,SOL,SELL,26.0338531030593,0.0260338531030593,0.15,S3_TREND
2026-06-30 07:00:00+00:00,BTC,BUY,6.311515809782577,0.006311515809782577,0.075,S6_REVERSAL
2026-06-30 07:00:00+00:00,ETH,SELL,18.893683781097934,0.018893683781097934,0.15,S3_TREND
2026-06-30 07:00:00+00:00,SOL,BUY,9.92592172402692,0.00992592172402692,0.15,S3_TREND
2026-06-30 08:00:00+00:00,BTC,BUY,6.217616889856799,0.0062176168898568,0.075,S6_REVERSAL
2026-06-30 08:00:00+00:00,ETH,BUY,7.28083298749516,0.0072808329874951595,0.15,S3_TREND
2026-06-30 08:00:00+00:00,SOL,SELL,1.151112999763427,0.0011511129997634271,0.15,S3_TREND
2026-06-30 09:00:00+00:00,BTC,BUY,9.650277117517362,0.009650277117517363,0.075,S6_REVERSAL
2026-06-30 09:00:00+00:00,ETH,BUY,43.44596698206442,0.04344596698206442,0.15,S3_TREND
2026-06-30 09:00:00+00:00,SOL,BUY,67.53319581365577,0.06753319581365577,0.15,S3_TREND
2026-06-30 10:00:00+00:00,BTC,SELL,3.4877662105727723,0.003487766210572772,0.075,S6_REVERSAL
2026-06-30 10:00:00+00:00,ETH,SELL,4.24385244741643,0.00424385244741643,0.15,S3_TREND
2026-06-30 10:00:00+00:00,SOL,SELL,23.611448168736388,0.02361144816873639,0.15,S3_TREND
2026-06-30 11:00:00+00:00,BTC,BUY,2.2611988132939587,0.0022611988132939585,0.075,S6_REVERSAL
2026-06-30 11:00:00+00:00,ETH,BUY,2.282892747234655,0.002282892747234655,0.15,S3_TREND
2026-06-30 11:00:00+00:00,SOL,BUY,15.317225171504106,0.015317225171504106,0.15,S3_TREND
2026-06-30 12:00:00+00:00,BTC,BUY,7.20487685846274,0.00720487685846274,0.075,S6_REVERSAL
2026-06-30 12:00:00+00:00,ETH,BUY,32.919331361768855,0.032919331361768854,0.15,S3_TREND
2026-06-30 12:00:00+00:00,SOL,BUY,33.52058979348112,0.033520589793481124,0.15,S3_TREND
2026-06-30 13:00:00+00:00,BTC,BUY,47.322420508215146,0.04732242050821515,0.075,S6_REVERSAL
2026-06-30 13:00:00+00:00,ETH,BUY,136.8387399715848,0.1368387399715848,0.15,S3_TREND
2026-06-30 13:00:00+00:00,SOL,BUY,160.96086014783577,0.16096086014783578,0.15,S3_TREND
2026-06-30 14:00:00+00:00,BTC,SELL,14.107265224118237,0.014107265224118237,0.075,S6_REVERSAL
2026-06-30 14:00:00+00:00,ETH,SELL,78.56217471124546,0.07856217471124546,0.15,S3_TREND
2026-06-30 14:00:00+00:00,SOL,SELL,100.34232304955731,0.10034232304955731,0.15,S3_TREND
2026-06-30 15:00:00+00:00,BTC,BUY,25.686687468700256,0.025686687468700255,0.075,S6_REVERSAL
2026-06-30 15:00:00+00:00,ETH,BUY,25.538247966715062,0.025538247966715062,0.15,S3_TREND
2026-06-30 15:00:00+00:00,SOL,SELL,23.319055005251357,0.023319055005251357,0.15,S3_TREND
2026-06-30 16:00:00+00:00,BTC,BUY,14.244859225528671,0.01424485922552867,0.075,S6_REVERSAL
2026-06-30 16:00:00+00:00,ETH,SELL,8.959530122003343,0.008959530122003343,0.15,S3_TREND
2026-06-30 16:00:00+00:00,SOL,SELL,27.725387691138167,0.027725387691138168,0.15,S3_TREND
2026-06-30 17:00:00+00:00,BTC,SELL,2.4458883670422438,0.0024458883670422436,0.075,S6_REVERSAL
2026-06-30 17:00:00+00:00,ETH,SELL,39.95285817734475,0.03995285817734475,0.15,S3_TREND
2026-06-30 17:00:00+00:00,SOL,SELL,48.028799225478,0.048028799225477994,0.15,S3_TREND
2026-06-30 18:00:00+00:00,BTC,BUY,2.691399533126969,0.002691399533126969,0.075,S6_REVERSAL
2026-06-30 18:00:00+00:00,SOL,BUY,51.06599556231777,0.051065995562317765,0.15,S3_TREND
2026-06-30 19:00:00+00:00,BTC,SELL,16.754952872664035,0.016754952872664035,0.075,S6_REVERSAL
2026-06-30 19:00:00+00:00,ETH,SELL,43.45033388622687,0.04345033388622687,0.15,S3_TREND
2026-06-30 19:00:00+00:00,SOL,SELL,51.998926091209796,0.0519989260912098,0.15,S3_TREND
2026-06-30 20:00:00+00:00,BTC,SELL,11.724555822513139,0.011724555822513139,0.075,S6_REVERSAL
2026-06-30 20:00:00+00:00,ETH,SELL,4.103787435207778,0.004103787435207778,0.15,S3_TREND
2026-06-30 20:00:00+00:00,SOL,SELL,17.597968244615913,0.017597968244615913,0.15,S3_TREND
2026-06-30 21:00:00+00:00,BTC,BUY,5.522934769534004,0.005522934769534004,0.075,S6_REVERSAL
2026-06-30 21:00:00+00:00,ETH,BUY,29.947728832017674,0.029947728832017673,0.15,S3_TREND
2026-06-30 22:00:00+00:00,BTC,BUY,4.384417949678209,0.004384417949678209,0.075,S6_REVERSAL
2026-06-30 22:00:00+00:00,ETH,BUY,24.485720525428405,0.024485720525428405,0.15,S3_TREND
2026-06-30 22:00:00+00:00,SOL,BUY,22.86993357229585,0.02286993357229585,0.15,S3_TREND
2026-06-30 23:00:00+00:00,ETH,BUY,27.165543215969592,0.027165543215969593,0.15,S3_TREND
2026-06-30 23:00:00+00:00,SOL,BUY,3.5862533746258123,0.0035862533746258123,0.15,S3_TREND
2026-07-01 00:00:00+00:00,BTC,BUY,4.157274245853841,0.0041572742458538415,0.075,S6_REVERSAL
2026-07-01 00:00:00+00:00,ETH,SELL,25.165939489059383,0.025165939489059385,0.15,S3_TREND
2026-07-01 00:00:00+00:00,SOL,SELL,29.875487641893418,0.02987548764189342,0.15,S3_TREND
2026-07-01 01:00:00+00:00,BTC,BUY,6.859652486612504,0.006859652486612504,0.075,S6_REVERSAL
2026-07-01 01:00:00+00:00,ETH,SELL,23.71583946982173,0.023715839469821733,0.15,S3_TREND
2026-07-01 01:00:00+00:00,SOL,BUY,6.194989332569094,0.0061949893325690935,0.15,S3_TREND
2026-07-01 02:00:00+00:00,BTC,SELL,14.739020435486966,0.014739020435486966,0.075,S6_REVERSAL
2026-07-01 02:00:00+00:00,ETH,SELL,9.049852963509693,0.009049852963509693,0.15,S3_TREND
2026-07-01 02:00:00+00:00,SOL,SELL,39.58255906726117,0.03958255906726117,0.15,S3_TREND
2026-07-01 03:00:00+00:00,BTC,SELL,16.61689037269207,0.01661689037269207,0.075,S6_REVERSAL
2026-07-01 03:00:00+00:00,ETH,SELL,32.792206852051095,0.032792206852051094,0.15,S3_TREND
2026-07-01 03:00:00+00:00,SOL,SELL,112.32154951574739,0.1123215495157474,0.15,S3_TREND
2026-07-01 04:00:00+00:00,BTC,BUY,3.049968286600233,0.0030499682866002333,0.075,S6_REVERSAL
2026-07-01 04:00:00+00:00,ETH,SELL,40.71672729278362,0.04071672729278362,0.15,S3_TREND
2026-07-01 04:00:00+00:00,SOL,SELL,94.67694112525714,0.09467694112525715,0.15,S3_TREND
2026-07-01 05:00:00+00:00,BTC,SELL,11.152734189710827,0.011152734189710828,0.075,S6_REVERSAL
2026-07-01 05:00:00+00:00,ETH,SELL,28.16977171288636,0.02816977171288636,0.15,S3_TREND
2026-07-01 05:00:00+00:00,SOL,SELL,3.984889492885486,0.003984889492885486,0.15,S3_TREND
2026-07-01 06:00:00+00:00,BTC,BUY,11.26156759755213,0.01126156759755213,0.075,S6_REVERSAL
2026-07-01 06:00:00+00:00,ETH,BUY,33.92301798186236,0.03392301798186236,0.15,S3_TREND
2026-07-01 06:00:00+00:00,SOL,BUY,37.50821061265924,0.03750821061265924,0.15,S3_TREND
2026-07-01 07:00:00+00:00,BTC,BUY,18.902430311370154,0.018902430311370153,0.075,S6_REVERSAL
2026-07-01 07:00:00+00:00,ETH,BUY,91.10643604124016,0.09110643604124016,0.15,S3_TREND
2026-07-01 07:00:00+00:00,SOL,BUY,112.0650611951587,0.1120650611951587,0.15,S3_TREND
2026-07-01 08:00:00+00:00,BTC,BUY,7.618629668068934,0.007618629668068934,0.075,S6_REVERSAL
2026-07-01 08:00:00+00:00,ETH,SELL,2.0782380889395426,0.002078238088939543,0.15,S3_TREND
2026-07-01 08:00:00+00:00,SOL,SELL,81.51805159097785,0.08151805159097784,0.15,S3_TREND
2026-07-01 09:00:00+00:00,BTC,SELL,11.541198731995792,0.011541198731995791,0.075,S6_REVERSAL
2026-07-01 09:00:00+00:00,ETH,SELL,10.132605196718941,0.010132605196718941,0.15,S3_TREND
2026-07-01 09:00:00+00:00,SOL,SELL,78.64870194621471,0.07864870194621472,0.15,S3_TREND
2026-07-01 10:00:00+00:00,BTC,BUY,2.5102536976337433,0.0025102536976337434,0.075,S6_REVERSAL
2026-07-01 10:00:00+00:00,ETH,BUY,9.889355133042045,0.009889355133042045,0.15,S3_TREND
2026-07-01 10:00:00+00:00,SOL,SELL,5.30870113790661,0.00530870113790661,0.15,S3_TREND
2026-07-01 11:00:00+00:00,BTC,BUY,19.006510643694128,0.019006510643694127,0.075,S6_REVERSAL
2026-07-01 11:00:00+00:00,ETH,BUY,37.47496948979642,0.03747496948979642,0.15,S3_TREND
2026-07-01 11:00:00+00:00,SOL,BUY,56.93795817148566,0.05693795817148566,0.15,S3_TREND
2026-07-01 12:00:00+00:00,ETH,BUY,21.1445832845493,0.0211445832845493,0.15,S3_TREND
2026-07-01 12:00:00+00:00,SOL,BUY,17.692988765980772,0.01769298876598077,0.15,S3_TREND
2026-07-01 13:00:00+00:00,BTC,BUY,5.777598177587606,0.005777598177587606,0.075,S6_REVERSAL
2026-07-01 13:00:00+00:00,ETH,SELL,10.293502292730409,0.010293502292730409,0.15,S3_TREND
2026-07-01 13:00:00+00:00,SOL,BUY,34.2118922016125,0.0342118922016125,0.15,S3_TREND
2026-07-01 14:00:00+00:00,BTC,SELL,65.44815127223683,0.06544815127223683,0.075,S6_REVERSAL
2026-07-01 14:00:00+00:00,ETH,SELL,141.42859362178933,0.14142859362178933,0.15,S3_TREND
2026-07-01 14:00:00+00:00,SOL,SELL,168.15420477805128,0.1681542047780513,0.15,S3_TREND
2026-07-01 15:00:00+00:00,BTC,BUY,10.303497469967624,0.010303497469967624,0.075,S6_REVERSAL
2026-07-01 15:00:00+00:00,ETH,SELL,3.076622722690445,0.003076622722690445,0.15,S3_TREND
2026-07-01 15:00:00+00:00,SOL,SELL,135.20592139135806,0.13520592139135806,0.15,S3_TREND
2026-07-01 16:00:00+00:00,BTC,SELL,45.76278491850462,0.04576278491850462,0.075,S6_REVERSAL
2026-07-01 16:00:00+00:00,ETH,SELL,113.89913377742594,0.11389913377742594,0.15,S3_TREND
2026-07-01 16:00:00+00:00,SOL,SELL,34.623097045832765,0.03462309704583277,0.15,S3_TREND
2026-07-01 17:00:00+00:00,BTC,BUY,16.85920621965488,0.01685920621965488,0.075,S6_REVERSAL
2026-07-01 17:00:00+00:00,ETH,BUY,29.018254475426147,0.029018254475426147,0.15,S3_TREND
2026-07-01 17:00:00+00:00,SOL,BUY,28.008972927340437,0.028008972927340437,0.15,S3_TREND
2026-07-01 18:00:00+00:00,BTC,SELL,15.332578921725142,0.015332578921725142,0.075,S6_REVERSAL
2026-07-01 18:00:00+00:00,ETH,SELL,38.16347264092292,0.03816347264092292,0.15,S3_TREND
2026-07-01 18:00:00+00:00,SOL,SELL,75.04989014179046,0.07504989014179046,0.15,S3_TREND
2026-07-01 19:00:00+00:00,BTC,SELL,6.44598715214579,0.00644598715214579,0.075,S6_REVERSAL
2026-07-01 19:00:00+00:00,ETH,BUY,34.26319731411786,0.03426319731411786,0.15,S3_TREND
2026-07-01 19:00:00+00:00,SOL,BUY,44.129395624418976,0.04412939562441898,0.15,S3_TREND
2026-07-01 20:00:00+00:00,BTC,BUY,10.369959337297587,0.010369959337297587,0.075,S6_REVERSAL
2026-07-01 20:00:00+00:00,ETH,SELL,23.85839663783554,0.023858396637835542,0.15,S3_TREND
2026-07-01 20:00:00+00:00,SOL,BUY,60.81323599184543,0.06081323599184543,0.15,S3_TREND
2026-07-01 21:00:00+00:00,BTC,SELL,4.826609613041001,0.004826609613041001,0.075,S6_REVERSAL
2026-07-01 21:00:00+00:00,ETH,BUY,15.634414521759027,0.015634414521759028,0.15,S3_TREND
2026-07-01 21:00:00+00:00,SOL,SELL,62.01666699187808,0.062016666991878085,0.15,S3_TREND
2026-07-01 22:00:00+00:00,BTC,SELL,6894.606185569285,6.894606185569285,0.0,CASH
2026-07-01 22:00:00+00:00,ETH,SELL,65.8352803143498,0.0658352803143498,0.15,S3_TREND
2026-07-01 22:00:00+00:00,SOL,SELL,116.68787355482345,0.11668787355482346,0.15,S3_TREND
2026-07-01 23:00:00+00:00,ETH,BUY,59.319106560411456,0.05931910656041146,0.15,S3_TREND
2026-07-01 23:00:00+00:00,SOL,BUY,67.35636175003674,0.06735636175003674,0.15,S3_TREND
2026-07-02 00:00:00+00:00,ETH,SELL,13558.625071799084,13.558625071799085,0.0,CASH
2026-07-02 00:00:00+00:00,SOL,BUY,44.431007040389886,0.04443100704038989,0.15,S3_TREND
2026-07-02 01:00:00+00:00,SOL,BUY,26.386159367186337,0.02638615936718634,0.15,S3_TREND
2026-07-02 02:00:00+00:00,SOL,SELL,139.41471120090318,0.13941471120090318,0.15,S3_TREND
2026-07-02 03:00:00+00:00,SOL,SELL,35.63419024333234,0.035634190243332343,0.15,S3_TREND
2026-07-02 04:00:00+00:00,SOL,SELL,39.96602429329323,0.03996602429329323,0.15,S3_TREND
2026-07-02 05:00:00+00:00,SOL,BUY,63.44949935928889,0.0634494993592889,0.15,S3_TREND
2026-07-02 06:00:00+00:00,SOL,BUY,25.194662266841988,0.02519466226684199,0.15,S3_TREND
2026-07-02 07:00:00+00:00,SOL,BUY,29.703031021843344,0.029703031021843344,0.15,S3_TREND
2026-07-02 08:00:00+00:00,SOL,SELL,13.401685525543144,0.013401685525543144,0.15,S3_TREND
2026-07-02 09:00:00+00:00,SOL,SELL,71.38380283992774,0.07138380283992773,0.15,S3_TREND
2026-07-02 10:00:00+00:00,ETH,BUY,13685.471178025027,13.685471178025027,0.15,S3_TREND
2026-07-02 10:00:00+00:00,SOL,SELL,149.4290220981111,0.1494290220981111,0.15,S3_TREND
2026-07-02 11:00:00+00:00,ETH,BUY,45.248986166599934,0.04524898616659993,0.15,S3_TREND
2026-07-02 11:00:00+00:00,SOL,SELL,379.06424430893276,0.37906424430893276,0.15,S3_TREND
2026-07-02 12:00:00+00:00,ETH,SELL,22.784478721561754,0.022784478721561755,0.15,S3_TREND
2026-07-02 12:00:00+00:00,SOL,SELL,34.688750914014236,0.03468875091401424,0.15,S3_TREND
2026-07-02 13:00:00+00:00,ETH,SELL,112.95536093845841,0.11295536093845841,0.15,S3_TREND
2026-07-02 13:00:00+00:00,SOL,BUY,153.42825473127596,0.15342825473127597,0.15,S3_TREND
2026-07-02 14:00:00+00:00,ETH,SELL,334.50880700736525,0.33450880700736524,0.15,S3_TREND
2026-07-02 14:00:00+00:00,SOL,BUY,45.06532047320434,0.045065320473204336,0.15,S3_TREND
2026-07-02 15:00:00+00:00,BTC,BUY,13783.94669632889,13.783946696328892,0.15,S3_TREND
2026-07-02 15:00:00+00:00,ETH,BUY,38.559563883029114,0.03855956388302911,0.15,S3_TREND
2026-07-02 15:00:00+00:00,SOL,BUY,127.18445348147543,0.12718445348147545,0.15,S3_TREND
2026-07-02 16:00:00+00:00,BTC,BUY,16.814339505199314,0.016814339505199314,0.15,S3_TREND
2026-07-02 16:00:00+00:00,ETH,BUY,34.491646607682924,0.034491646607682926,0.15,S3_TREND
2026-07-02 16:00:00+00:00,SOL,SELL,58.35858237478533,0.05835858237478533,0.15,S3_TREND
2026-07-02 17:00:00+00:00,BTC,SELL,18.2267324439199,0.0182267324439199,0.15,S3_TREND
2026-07-02 17:00:00+00:00,ETH,SELL,23.815526573387615,0.023815526573387615,0.15,S3_TREND
2026-07-02 17:00:00+00:00,SOL,BUY,51.83463574664165,0.051834635746641655,0.15,S3_TREND
2026-07-02 18:00:00+00:00,ETH,BUY,27.84289663682648,0.027842896636826483,0.15,S3_TREND
2026-07-02 18:00:00+00:00,SOL,SELL,18.19799463448362,0.01819799463448362,0.15,S3_TREND
2026-07-02 19:00:00+00:00,ETH,SELL,29.21194385883064,0.02921194385883064,0.15,S3_TREND
2026-07-02 19:00:00+00:00,SOL,SELL,47.42577724752664,0.04742577724752664,0.15,S3_TREND
2026-07-02 20:00:00+00:00,BTC,BUY,46.52983990344728,0.046529839903447286,0.15,S3_TREND
2026-07-02 20:00:00+00:00,ETH,SELL,1.469127040823878,0.001469127040823878,0.15,S3_TREND
2026-07-02 20:00:00+00:00,SOL,BUY,17.17976080041626,0.01717976080041626,0.15,S3_TREND
2026-07-02 21:00:00+00:00,BTC,SELL,8.382424502577123,0.008382424502577123,0.15,S3_TREND
2026-07-02 21:00:00+00:00,ETH,SELL,30.19732917769034,0.03019732917769034,0.15,S3_TREND
2026-07-02 21:00:00+00:00,SOL,SELL,17.195256742350466,0.017195256742350465,0.15,S3_TREND
2026-07-02 22:00:00+00:00,BTC,SELL,14.260453797969603,0.014260453797969603,0.15,S3_TREND
2026-07-02 22:00:00+00:00,ETH,BUY,32.06216033837336,0.03206216033837336,0.15,S3_TREND
2026-07-02 22:00:00+00:00,SOL,BUY,28.278702383551718,0.028278702383551717,0.15,S3_TREND
2026-07-02 23:00:00+00:00,BTC,BUY,16.745620650826822,0.016745620650826822,0.15,S3_TREND
2026-07-02 23:00:00+00:00,ETH,BUY,15.482723661812997,0.015482723661812997,0.15,S3_TREND
2026-07-02 23:00:00+00:00,SOL,BUY,10.50406685884991,0.01050406685884991,0.15,S3_TREND
2026-07-03 00:00:00+00:00,BTC,SELL,12.020539726379866,0.012020539726379866,0.15,S3_TREND
2026-07-03 00:00:00+00:00,ETH,SELL,20.740963573454792,0.020740963573454792,0.15,S3_TREND
2026-07-03 00:00:00+00:00,SOL,SELL,1.0378017357234057,0.0010378017357234057,0.15,S3_TREND
2026-07-03 01:00:00+00:00,BTC,BUY,43.67156872747,0.04367156872747,0.15,S3_TREND
2026-07-03 01:00:00+00:00,ETH,BUY,18.382822015148122,0.018382822015148122,0.15,S3_TREND
2026-07-03 01:00:00+00:00,SOL,SELL,15.987399092851774,0.015987399092851774,0.15,S3_TREND
2026-07-03 02:00:00+00:00,BTC,SELL,15.168978170420814,0.015168978170420814,0.15,S3_TREND
2026-07-03 02:00:00+00:00,ETH,SELL,78.88044234980771,0.0788804423498077,0.15,S3_TREND
2026-07-03 02:00:00+00:00,SOL,SELL,80.35110124090897,0.08035110124090898,0.15,S3_TREND
2026-07-03 03:00:00+00:00,BTC,BUY,1.7252973132690386,0.0017252973132690385,0.15,S3_TREND
2026-07-03 03:00:00+00:00,ETH,BUY,29.68572868184674,0.02968572868184674,0.15,S3_TREND
2026-07-03 03:00:00+00:00,SOL,BUY,83.81383730887137,0.08381383730887138,0.15,S3_TREND
2026-07-03 04:00:00+00:00,ETH,SELL,14.068813932335614,0.014068813932335614,0.15,S3_TREND
2026-07-03 04:00:00+00:00,SOL,BUY,14.867139527861582,0.014867139527861582,0.15,S3_TREND
2026-07-03 05:00:00+00:00,BTC,SELL,11.516638382830934,0.011516638382830935,0.15,S3_TREND
2026-07-03 05:00:00+00:00,ETH,BUY,17.901171757961492,0.017901171757961493,0.15,S3_TREND
2026-07-03 05:00:00+00:00,SOL,BUY,28.327863373770015,0.028327863373770017,0.15,S3_TREND
2026-07-03 06:00:00+00:00,BTC,SELL,16.78952970296632,0.01678952970296632,0.15,S3_TREND
2026-07-03 06:00:00+00:00,ETH,SELL,56.11428873737169,0.05611428873737169,0.15,S3_TREND
2026-07-03 06:00:00+00:00,SOL,SELL,73.12393318748764,0.07312393318748764,0.15,S3_TREND
2026-07-03 07:00:00+00:00,BTC,SELL,5.355533991845732,0.005355533991845732,0.15,S3_TREND
2026-07-03 07:00:00+00:00,ETH,SELL,12.084933014928538,0.012084933014928538,0.15,S3_TREND
2026-07-03 07:00:00+00:00,SOL,BUY,29.116027590041995,0.029116027590041994,0.15,S3_TREND
2026-07-03 08:00:00+00:00,BTC,BUY,1.0489435222316388,0.0010489435222316389,0.15,S3_TREND
2026-07-03 08:00:00+00:00,ETH,SELL,3.899865126812074,0.003899865126812074,0.15,S3_TREND
2026-07-03 08:00:00+00:00,SOL,SELL,34.24420716983877,0.034244207169838774,0.15,S3_TREND
2026-07-03 09:00:00+00:00,BTC,BUY,26.05841939831953,0.02605841939831953,0.15,S3_TREND
2026-07-03 09:00:00+00:00,ETH,SELL,28.261278732163188,0.02826127873216319,0.15,S3_TREND
2026-07-03 09:00:00+00:00,SOL,BUY,43.243977097106836,0.04324397709710684,0.15,S3_TREND
2026-07-03 10:00:00+00:00,BTC,SELL,15.189164361603616,0.015189164361603617,0.15,S3_TREND
2026-07-03 10:00:00+00:00,ETH,SELL,36.2118958814699,0.0362118958814699,0.15,S3_TREND
2026-07-03 10:00:00+00:00,SOL,SELL,3.7583270018840262,0.0037583270018840265,0.15,S3_TREND
2026-07-03 11:00:00+00:00,BTC,SELL,4.997591345118053,0.004997591345118053,0.15,S3_TREND
2026-07-03 11:00:00+00:00,ETH,SELL,88.03388007142712,0.08803388007142712,0.15,S3_TREND
2026-07-03 11:00:00+00:00,SOL,SELL,51.13468475999434,0.051134684759994345,0.15,S3_TREND
2026-07-03 12:00:00+00:00,BTC,SELL,19.540113597044183,0.019540113597044183,0.15,S3_TREND
2026-07-03 12:00:00+00:00,ETH,BUY,1.597976864048178,0.001597976864048178,0.15,S3_TREND
2026-07-03 12:00:00+00:00,SOL,BUY,1.1422634792052122,0.0011422634792052123,0.15,S3_TREND
2026-07-03 13:00:00+00:00,ETH,BUY,39.1569723855373,0.0391569723855373,0.15,S3_TREND
2026-07-03 13:00:00+00:00,SOL,SELL,4.292171602292001,0.004292171602292001,0.15,S3_TREND
2026-07-03 14:00:00+00:00,BTC,SELL,9.749131398979443,0.009749131398979444,0.15,S3_TREND
2026-07-03 14:00:00+00:00,ETH,SELL,73.1709046174401,0.07317090461744011,0.15,S3_TREND
2026-07-03 14:00:00+00:00,SOL,BUY,8.315166369366125,0.008315166369366125,0.15,S3_TREND
2026-07-03 15:00:00+00:00,BTC,SELL,20.837113008052256,0.020837113008052258,0.15,S3_TREND
2026-07-03 15:00:00+00:00,ETH,BUY,77.92092278324344,0.07792092278324345,0.15,S3_TREND
2026-07-03 15:00:00+00:00,SOL,SELL,22.94212073331801,0.02294212073331801,0.15,S3_TREND
2026-07-03 16:00:00+00:00,BTC,BUY,27.096085266670343,0.027096085266670344,0.15,S3_TREND
2026-07-03 16:00:00+00:00,ETH,BUY,19.67568170613231,0.01967568170613231,0.15,S3_TREND
2026-07-03 16:00:00+00:00,SOL,BUY,53.98743399646264,0.05398743399646264,0.15,S3_TREND
2026-07-03 17:00:00+00:00,BTC,SELL,23.325163939696722,0.023325163939696723,0.15,S3_TREND
2026-07-03 17:00:00+00:00,ETH,SELL,1.6469261779348017,0.0016469261779348016,0.15,S3_TREND
2026-07-03 17:00:00+00:00,SOL,SELL,38.867572563092835,0.03886757256309284,0.15,S3_TREND
2026-07-03 18:00:00+00:00,BTC,SELL,5.072067768154739,0.005072067768154739,0.15,S3_TREND
2026-07-03 18:00:00+00:00,ETH,SELL,21.706312910093402,0.021706312910093402,0.15,S3_TREND
2026-07-03 18:00:00+00:00,SOL,SELL,27.66450857843665,0.02766450857843665,0.15,S3_TREND
2026-07-03 19:00:00+00:00,BTC,BUY,7.19739299844332,0.00719739299844332,0.15,S3_TREND
2026-07-03 19:00:00+00:00,ETH,BUY,4.720897190667529,0.004720897190667529,0.15,S3_TREND
2026-07-03 19:00:00+00:00,SOL,SELL,46.551435374645735,0.04655143537464573,0.15,S3_TREND
2026-07-03 20:00:00+00:00,BTC,BUY,15.646641688543241,0.015646641688543243,0.15,S3_TREND
2026-07-03 20:00:00+00:00,ETH,SELL,35.796186224853955,0.035796186224853956,0.15,S3_TREND
2026-07-03 20:00:00+00:00,SOL,SELL,42.190538984368686,0.04219053898436869,0.15,S3_TREND
2026-07-03 21:00:00+00:00,BTC,SELL,76.57051039684666,0.07657051039684666,0.15,S3_TREND
2026-07-03 21:00:00+00:00,ETH,SELL,115.23530614998525,0.11523530614998526,0.15,S3_TREND
2026-07-03 21:00:00+00:00,SOL,BUY,7.970408529734414,0.007970408529734414,0.15,S3_TREND
2026-07-03 22:00:00+00:00,BTC,BUY,4.001363415869491,0.004001363415869492,0.15,S3_TREND
2026-07-03 22:00:00+00:00,ETH,BUY,15.270005538255646,0.015270005538255646,0.15,S3_TREND
2026-07-03 22:00:00+00:00,SOL,BUY,2.4535518017582945,0.0024535518017582943,0.15,S3_TREND
2026-07-03 23:00:00+00:00,BTC,BUY,13.965023406697583,0.013965023406697584,0.15,S3_TREND
2026-07-03 23:00:00+00:00,ETH,BUY,26.62511718323367,0.02662511718323367,0.15,S3_TREND
2026-07-03 23:00:00+00:00,SOL,BUY,33.71093585376548,0.03371093585376548,0.15,S3_TREND
2026-07-04 00:00:00+00:00,ETH,SELL,4.482550525290208,0.004482550525290208,0.15,S3_TREND
2026-07-04 01:00:00+00:00,BTC,SELL,31.330150550398688,0.031330150550398686,0.15,S3_TREND
2026-07-04 01:00:00+00:00,ETH,BUY,3.5578740593737166,0.003557874059373717,0.15,S3_TREND
2026-07-04 01:00:00+00:00,SOL,BUY,1.5803159792976658,0.0015803159792976659,0.15,S3_TREND
2026-07-04 02:00:00+00:00,BTC,BUY,30.10411504001968,0.03010411504001968,0.15,S3_TREND
2026-07-04 02:00:00+00:00,ETH,BUY,51.520872730330666,0.051520872730330666,0.15,S3_TREND
2026-07-04 02:00:00+00:00,SOL,BUY,42.29659106219151,0.04229659106219151,0.15,S3_TREND
2026-07-04 03:00:00+00:00,BTC,SELL,5.60334487320506,0.00560334487320506,0.15,S3_TREND
2026-07-04 03:00:00+00:00,SOL,SELL,30.624251566347084,0.030624251566347085,0.15,S3_TREND
2026-07-04 04:00:00+00:00,BTC,BUY,3.0020255645213183,0.0030020255645213183,0.15,S3_TREND
2026-07-04 04:00:00+00:00,ETH,SELL,14.819788974187759,0.014819788974187759,0.15,S3_TREND
2026-07-04 04:00:00+00:00,SOL,SELL,72.14053410840643,0.07214053410840643,0.15,S3_TREND
2026-07-04 05:00:00+00:00,BTC,BUY,13.932427429723248,0.013932427429723247,0.15,S3_TREND
2026-07-04 05:00:00+00:00,ETH,SELL,31.612503584285154,0.031612503584285155,0.15,S3_TREND
2026-07-04 05:00:00+00:00,SOL,SELL,92.81447498277521,0.09281447498277522,0.15,S3_TREND
2026-07-04 06:00:00+00:00,BTC,BUY,34.19087581596068,0.034190875815960683,0.15,S3_TREND
2026-07-04 06:00:00+00:00,ETH,BUY,28.48973616213516,0.02848973616213516,0.15,S3_TREND
2026-07-04 06:00:00+00:00,SOL,SELL,1.6322489690501243,0.0016322489690501244,0.15,S3_TREND
2026-07-04 07:00:00+00:00,BTC,SELL,27.66705785729573,0.027667057857295733,0.15,S3_TREND
2026-07-04 07:00:00+00:00,ETH,SELL,11.778815359180953,0.011778815359180954,0.15,S3_TREND
2026-07-04 07:00:00+00:00,SOL,BUY,117.51542968429021,0.11751542968429021,0.15,S3_TREND
2026-07-04 08:00:00+00:00,BTC,SELL,6.065832264162964,0.006065832264162964,0.15,S3_TREND
2026-07-04 08:00:00+00:00,ETH,SELL,16.115647961585637,0.016115647961585638,0.15,S3_TREND
2026-07-04 08:00:00+00:00,SOL,SELL,17.81158283977311,0.017811582839773108,0.15,S3_TREND
2026-07-04 09:00:00+00:00,BTC,SELL,1.2622514602771844,0.0012622514602771845,0.15,S3_TREND
2026-07-04 09:00:00+00:00,ETH,SELL,38.86630682672876,0.03886630682672876,0.15,S3_TREND
2026-07-04 09:00:00+00:00,SOL,BUY,62.860808109120626,0.06286080810912063,0.15,S3_TREND
2026-07-04 10:00:00+00:00,BTC,SELL,8.12746516565312,0.00812746516565312,0.15,S3_TREND
2026-07-04 10:00:00+00:00,ETH,BUY,11.602129235549,0.011602129235549001,0.15,S3_TREND
2026-07-04 10:00:00+00:00,SOL,BUY,75.02448653117062,0.07502448653117062,0.15,S3_TREND
2026-07-04 11:00:00+00:00,BTC,SELL,4.9464757349833235,0.004946475734983324,0.15,S3_TREND
2026-07-04 11:00:00+00:00,ETH,SELL,8.791408096167288,0.008791408096167288,0.15,S3_TREND
2026-07-04 11:00:00+00:00,SOL,BUY,16.292332908044045,0.016292332908044046,0.15,S3_TREND
2026-07-04 12:00:00+00:00,BTC,BUY,9.37593537893008,0.00937593537893008,0.15,S3_TREND
2026-07-04 12:00:00+00:00,ETH,BUY,9.675792339998225,0.009675792339998225,0.15,S3_TREND
2026-07-04 12:00:00+00:00,SOL,SELL,28.181021243646683,0.028181021243646683,0.15,S3_TREND
2026-07-04 13:00:00+00:00,BTC,SELL,33.20508319275723,0.03320508319275723,0.15,S3_TREND
2026-07-04 13:00:00+00:00,ETH,SELL,40.07419440651756,0.04007419440651756,0.15,S3_TREND
2026-07-04 13:00:00+00:00,SOL,BUY,46.414653797402934,0.046414653797402936,0.15,S3_TREND
2026-07-04 14:00:00+00:00,BTC,BUY,15.506325914360787,0.015506325914360786,0.15,S3_TREND
2026-07-04 14:00:00+00:00,SOL,SELL,11.422472506741544,0.011422472506741544,0.15,S3_TREND
2026-07-04 15:00:00+00:00,BTC,SELL,6.362076838333451,0.006362076838333451,0.15,S3_TREND
2026-07-04 15:00:00+00:00,ETH,SELL,47.35814853716511,0.04735814853716511,0.15,S3_TREND
2026-07-04 15:00:00+00:00,SOL,SELL,8.548219050595435,0.008548219050595435,0.15,S3_TREND
2026-07-04 16:00:00+00:00,BTC,SELL,13.631410036057787,0.013631410036057787,0.15,S3_TREND
2026-07-04 16:00:00+00:00,ETH,SELL,106.4221235742807,0.1064221235742807,0.15,S3_TREND
2026-07-04 16:00:00+00:00,SOL,SELL,33.172424242869965,0.033172424242869966,0.15,S3_TREND
2026-07-04 17:00:00+00:00,BTC,SELL,2.7674692935361236,0.0027674692935361236,0.15,S3_TREND
2026-07-04 17:00:00+00:00,ETH,BUY,26.99841690136782,0.026998416901367818,0.15,S3_TREND
2026-07-04 17:00:00+00:00,SOL,SELL,1.2198125169634295,0.0012198125169634296,0.15,S3_TREND
2026-07-04 18:00:00+00:00,BTC,SELL,43.75133330246899,0.04375133330246899,0.15,S3_TREND
2026-07-04 18:00:00+00:00,ETH,SELL,63.48532601658736,0.06348532601658737,0.15,S3_TREND
2026-07-04 18:00:00+00:00,SOL,SELL,19.74754536528053,0.01974754536528053,0.15,S3_TREND
2026-07-04 19:00:00+00:00,BTC,BUY,6.900077861781028,0.006900077861781029,0.15,S3_TREND
2026-07-04 19:00:00+00:00,ETH,BUY,27.761785457310907,0.02776178545731091,0.15,S3_TREND
2026-07-04 19:00:00+00:00,SOL,BUY,27.20652019170666,0.02720652019170666,0.15,S3_TREND
2026-07-04 20:00:00+00:00,BTC,SELL,33.82364066366608,0.03382364066366608,0.15,S3_TREND
2026-07-04 20:00:00+00:00,SOL,BUY,59.47128365433491,0.05947128365433491,0.15,S3_TREND
2026-07-04 21:00:00+00:00,BTC,BUY,7.59779170924412,0.0075977917092441205,0.15,S3_TREND
2026-07-04 21:00:00+00:00,ETH,BUY,37.762409837732775,0.037762409837732776,0.15,S3_TREND
2026-07-04 21:00:00+00:00,SOL,SELL,24.639149568927678,0.02463914956892768,0.15,S3_TREND
2026-07-04 22:00:00+00:00,BTC,SELL,9.576337538317603,0.009576337538317603,0.15,S3_TREND
2026-07-04 22:00:00+00:00,ETH,SELL,11.844284739392606,0.011844284739392606,0.15,S3_TREND
2026-07-04 22:00:00+00:00,SOL,BUY,4.575133484271646,0.004575133484271646,0.15,S3_TREND
2026-07-04 23:00:00+00:00,BTC,BUY,14.343672231698292,0.014343672231698293,0.15,S3_TREND
2026-07-04 23:00:00+00:00,ETH,BUY,24.73864627893272,0.02473864627893272,0.15,S3_TREND
2026-07-05 00:00:00+00:00,ETH,BUY,22.517700261290884,0.022517700261290883,0.15,S3_TREND
2026-07-05 00:00:00+00:00,SOL,BUY,12.32878111784521,0.01232878111784521,0.15,S3_TREND
2026-07-05 01:00:00+00:00,BTC,BUY,6.381317665736788,0.006381317665736788,0.15,S3_TREND
2026-07-05 01:00:00+00:00,ETH,BUY,35.29272549304733,0.03529272549304733,0.15,S3_TREND
2026-07-05 01:00:00+00:00,SOL,BUY,56.66424203664792,0.056664242036647924,0.15,S3_TREND
2026-07-05 02:00:00+00:00,ETH,BUY,25.414189128881844,0.025414189128881846,0.15,S3_TREND
2026-07-05 02:00:00+00:00,SOL,BUY,56.367539283784936,0.056367539283784934,0.15,S3_TREND
2026-07-05 03:00:00+00:00,BTC,BUY,17.77574315745187,0.01777574315745187,0.15,S3_TREND
2026-07-05 03:00:00+00:00,ETH,BUY,19.56630572462018,0.01956630572462018,0.15,S3_TREND
2026-07-05 03:00:00+00:00,SOL,BUY,56.948838855454596,0.0569488388554546,0.15,S3_TREND
2026-07-05 04:00:00+00:00,BTC,SELL,8.454838047928206,0.008454838047928206,0.15,S3_TREND
2026-07-05 04:00:00+00:00,ETH,BUY,2.6572767579291394,0.0026572767579291397,0.15,S3_TREND
2026-07-05 04:00:00+00:00,SOL,SELL,24.564925938189845,0.024564925938189847,0.15,S3_TREND
2026-07-05 05:00:00+00:00,BTC,SELL,1.025126407157586,0.0010251264071575862,0.15,S3_TREND
2026-07-05 05:00:00+00:00,ETH,SELL,37.551827652499924,0.037551827652499925,0.15,S3_TREND
2026-07-05 05:00:00+00:00,SOL,BUY,4.1943923303551855,0.004194392330355186,0.15,S3_TREND
2026-07-05 06:00:00+00:00,BTC,BUY,9.518439465560732,0.009518439465560732,0.15,S3_TREND
2026-07-05 06:00:00+00:00,ETH,BUY,5.003103841454504,0.005003103841454504,0.15,S3_TREND
2026-07-05 06:00:00+00:00,SOL,BUY,11.786567097205989,0.01178656709720599,0.15,S3_TREND
2026-07-05 07:00:00+00:00,BTC,SELL,6.264076856639804,0.006264076856639804,0.15,S3_TREND
2026-07-05 07:00:00+00:00,ETH,BUY,13.114174567388545,0.013114174567388545,0.15,S3_TREND
2026-07-05 07:00:00+00:00,SOL,SELL,17.7500421744262,0.0177500421744262,0.15,S3_TREND
2026-07-05 08:00:00+00:00,BTC,SELL,35.30652340634879,0.03530652340634879,0.15,S3_TREND
2026-07-05 08:00:00+00:00,ETH,SELL,25.14373687628722,0.025143736876287223,0.15,S3_TREND
2026-07-05 08:00:00+00:00,SOL,SELL,3.3100915379745857,0.0033100915379745857,0.15,S3_TREND
2026-07-05 09:00:00+00:00,BTC,BUY,11.251916250284921,0.011251916250284922,0.15,S3_TREND
2026-07-05 09:00:00+00:00,ETH,BUY,6.652785323329226,0.006652785323329227,0.15,S3_TREND
2026-07-05 09:00:00+00:00,SOL,BUY,25.94475851214338,0.02594475851214338,0.15,S3_TREND
2026-07-05 10:00:00+00:00,BTC,BUY,27.96947244466719,0.02796947244466719,0.15,S3_TREND
2026-07-05 10:00:00+00:00,ETH,BUY,39.78653314664916,0.039786533146649164,0.15,S3_TREND
2026-07-05 10:00:00+00:00,SOL,BUY,66.88288025079783,0.06688288025079783,0.15,S3_TREND
2026-07-05 11:00:00+00:00,BTC,SELL,7.14894746209211,0.00714894746209211,0.15,S3_TREND
2026-07-05 11:00:00+00:00,ETH,SELL,4.308977254648198,0.004308977254648199,0.15,S3_TREND
2026-07-05 11:00:00+00:00,SOL,SELL,71.19902225009173,0.07119902225009173,0.15,S3_TREND
2026-07-05 12:00:00+00:00,BTC,BUY,20.087962605068242,0.020087962605068243,0.15,S3_TREND
2026-07-05 12:00:00+00:00,ETH,BUY,8.90691670292108,0.00890691670292108,0.15,S3_TREND
2026-07-05 12:00:00+00:00,SOL,SELL,23.86513509676297,0.023865135096762972,0.15,S3_TREND
2026-07-05 13:00:00+00:00,BTC,SELL,5.346573500883096,0.005346573500883097,0.15,S3_TREND
2026-07-05 13:00:00+00:00,ETH,SELL,26.032771372494608,0.026032771372494608,0.15,S3_TREND
2026-07-05 13:00:00+00:00,SOL,SELL,19.01607474818229,0.01901607474818229,0.15,S3_TREND
2026-07-05 14:00:00+00:00,BTC,BUY,5.12925291432839,0.00512925291432839,0.15,S3_TREND
2026-07-05 14:00:00+00:00,ETH,BUY,6.640444802558704,0.006640444802558705,0.15,S3_TREND
2026-07-05 14:00:00+00:00,SOL,SELL,68.79568417064729,0.0687956841706473,0.15,S3_TREND
2026-07-05 15:00:00+00:00,BTC,BUY,8.766442717402242,0.008766442717402243,0.15,S3_TREND
2026-07-05 15:00:00+00:00,ETH,SELL,36.45652421417617,0.036456524214176174,0.15,S3_TREND
2026-07-05 15:00:00+00:00,SOL,SELL,20.996663431100387,0.020996663431100387,0.15,S3_TREND
2026-07-05 16:00:00+00:00,BTC,BUY,13.77291449887889,0.01377291449887889,0.15,S3_TREND
2026-07-05 16:00:00+00:00,ETH,SELL,18.747631206590086,0.018747631206590086,0.15,S3_TREND
2026-07-05 16:00:00+00:00,SOL,BUY,13.144436395661614,0.013144436395661615,0.15,S3_TREND
2026-07-05 17:00:00+00:00,BTC,BUY,10.451450221622508,0.010451450221622508,0.15,S3_TREND
2026-07-05 17:00:00+00:00,SOL,BUY,33.90853990587675,0.03390853990587675,0.15,S3_TREND
2026-07-05 18:00:00+00:00,BTC,BUY,11.265645337376554,0.011265645337376555,0.15,S3_TREND
2026-07-05 18:00:00+00:00,ETH,SELL,41.57442953682039,0.04157442953682039,0.15,S3_TREND
2026-07-05 19:00:00+00:00,BTC,SELL,38.15385533001063,0.03815385533001063,0.15,S3_TREND
2026-07-05 19:00:00+00:00,ETH,SELL,8.87491876803142,0.00887491876803142,0.15,S3_TREND
2026-07-05 19:00:00+00:00,SOL,BUY,27.491135031583326,0.027491135031583326,0.15,S3_TREND
2026-07-05 20:00:00+00:00,BTC,BUY,10.647827307042462,0.010647827307042463,0.15,S3_TREND
2026-07-05 20:00:00+00:00,ETH,SELL,2.0122428928516456,0.0020122428928516455,0.15,S3_TREND
2026-07-05 20:00:00+00:00,SOL,SELL,5.918986657139612,0.005918986657139613,0.15,S3_TREND
2026-07-05 21:00:00+00:00,BTC,BUY,3.1545900571454695,0.0031545900571454694,0.15,S3_TREND
2026-07-05 21:00:00+00:00,ETH,BUY,28.594849629016608,0.028594849629016608,0.15,S3_TREND
2026-07-05 21:00:00+00:00,SOL,SELL,12.20851808706175,0.01220851808706175,0.15,S3_TREND
2026-07-05 22:00:00+00:00,BTC,SELL,38.10702850844609,0.03810702850844609,0.15,S3_TREND
2026-07-05 22:00:00+00:00,ETH,SELL,34.75534845167749,0.03475534845167749,0.15,S3_TREND
2026-07-05 22:00:00+00:00,SOL,SELL,81.53041034730086,0.08153041034730087,0.15,S3_TREND
2026-07-05 23:00:00+00:00,BTC,SELL,117.05105123096473,0.11705105123096474,0.15,S3_TREND
2026-07-05 23:00:00+00:00,ETH,BUY,1.4102086764487467,0.0014102086764487467,0.15,S3_TREND
2026-07-05 23:00:00+00:00,SOL,BUY,22.064582283552227,0.022064582283552226,0.15,S3_TREND
2026-07-06 00:00:00+00:00,BTC,BUY,5.033290403369392,0.005033290403369392,0.15,S3_TREND
2026-07-06 00:00:00+00:00,ETH,BUY,20.079947544883908,0.02007994754488391,0.15,S3_TREND
2026-07-06 00:00:00+00:00,SOL,BUY,25.48612490717278,0.02548612490717278,0.15,S3_TREND
2026-07-06 01:00:00+00:00,BTC,BUY,3.713840248330598,0.003713840248330598,0.15,S3_TREND
2026-07-06 01:00:00+00:00,ETH,SELL,31.33915392412382,0.03133915392412382,0.15,S3_TREND
2026-07-06 01:00:00+00:00,SOL,SELL,14079.831094002153,14.079831094002154,0.0,CASH
2026-07-06 02:00:00+00:00,BTC,BUY,24.44895122975322,0.02444895122975322,0.15,S3_TREND
2026-07-06 02:00:00+00:00,ETH,BUY,37.95396433008136,0.037953964330081365,0.15,S3_TREND
2026-07-06 03:00:00+00:00,BTC,BUY,18.627791679204165,0.018627791679204166,0.15,S3_TREND
2026-07-06 03:00:00+00:00,ETH,BUY,13.46766995550388,0.013467669955503879,0.15,S3_TREND
2026-07-06 04:00:00+00:00,BTC,BUY,26.36721239250801,0.02636721239250801,0.15,S3_TREND
2026-07-06 04:00:00+00:00,ETH,BUY,21.22447019782703,0.02122447019782703,0.15,S3_TREND
2026-07-06 05:00:00+00:00,BTC,BUY,2.847385933093392,0.002847385933093392,0.15,S3_TREND
2026-07-06 05:00:00+00:00,ETH,BUY,10.608022999971581,0.010608022999971581,0.15,S3_TREND
2026-07-06 06:00:00+00:00,BTC,BUY,24.276768662570248,0.02427676866257025,0.15,S3_TREND
2026-07-06 06:00:00+00:00,ETH,BUY,21.073502634750184,0.021073502634750184,0.15,S3_TREND
2026-07-06 07:00:00+00:00,BTC,BUY,20.715789256064454,0.020715789256064456,0.15,S3_TREND
2026-07-06 07:00:00+00:00,ETH,BUY,24.97421618491535,0.02497421618491535,0.15,S3_TREND
2026-07-06 08:00:00+00:00,BTC,SELL,18.19035311558764,0.01819035311558764,0.15,S3_TREND
2026-07-06 08:00:00+00:00,ETH,SELL,14.193332830092913,0.014193332830092914,0.15,S3_TREND
2026-07-06 09:00:00+00:00,BTC,BUY,26.846624389278077,0.026846624389278078,0.15,S3_TREND
2026-07-06 09:00:00+00:00,ETH,BUY,39.21952501207852,0.039219525012078524,0.15,S3_TREND
2026-07-06 10:00:00+00:00,BTC,BUY,36.919774194726415,0.03691977419472642,0.15,S3_TREND
2026-07-06 10:00:00+00:00,ETH,BUY,38.14522281443533,0.03814522281443533,0.15,S3_TREND
2026-07-06 11:00:00+00:00,BTC,SELL,14.958811753189366,0.014958811753189366,0.15,S3_TREND
2026-07-06 11:00:00+00:00,ETH,SELL,78.42148768843981,0.07842148768843982,0.15,S3_TREND
2026-07-06 12:00:00+00:00,BTC,BUY,50.266173483902094,0.050266173483902096,0.15,S3_TREND
2026-07-06 12:00:00+00:00,ETH,BUY,65.4184213708304,0.0654184213708304,0.15,S3_TREND
2026-07-06 13:00:00+00:00,BTC,BUY,115.88418829771763,0.11588418829771763,0.15,S3_TREND
2026-07-06 13:00:00+00:00,ETH,BUY,101.93704722819166,0.10193704722819166,0.15,S3_TREND
2026-07-06 14:00:00+00:00,BTC,BUY,2.086972906894516,0.0020869729068945164,0.15,S3_TREND
2026-07-06 14:00:00+00:00,ETH,SELL,26.920161296797232,0.026920161296797234,0.15,S3_TREND
2026-07-06 15:00:00+00:00,BTC,SELL,45.97224970678508,0.04597224970678508,0.15,S3_TREND
2026-07-06 15:00:00+00:00,ETH,SELL,37.08754497317386,0.03708754497317386,0.15,S3_TREND
2026-07-06 16:00:00+00:00,BTC,SELL,240.62742316166623,0.24062742316166624,0.15,S3_TREND
2026-07-06 16:00:00+00:00,ETH,SELL,197.81966890513831,0.19781966890513833,0.15,S3_TREND
2026-07-06 17:00:00+00:00,BTC,SELL,30.26485671611772,0.03026485671611772,0.15,S3_TREND
2026-07-06 17:00:00+00:00,ETH,SELL,20.051635573219755,0.020051635573219755,0.15,S3_TREND
2026-07-06 18:00:00+00:00,BTC,BUY,22.04107034545268,0.022041070345452683,0.15,S3_TREND
2026-07-06 18:00:00+00:00,ETH,BUY,23.31012329427358,0.02331012329427358,0.15,S3_TREND
2026-07-06 19:00:00+00:00,BTC,SELL,15.2088116949908,0.0152088116949908,0.15,S3_TREND
2026-07-06 19:00:00+00:00,ETH,SELL,25.802281825364844,0.025802281825364846,0.15,S3_TREND
2026-07-06 20:00:00+00:00,BTC,SELL,7.792960326141838,0.007792960326141838,0.15,S3_TREND
2026-07-06 21:00:00+00:00,BTC,SELL,16.380422395905043,0.016380422395905044,0.15,S3_TREND
2026-07-06 21:00:00+00:00,ETH,BUY,2.0063671478637843,0.0020063671478637844,0.15,S3_TREND
2026-07-06 22:00:00+00:00,BTC,SELL,97.8710937365995,0.09787109373659951,0.15,S3_TREND
2026-07-06 22:00:00+00:00,ETH,SELL,123.20887489551568,0.12320887489551569,0.15,S3_TREND
2026-07-06 23:00:00+00:00,BTC,BUY,35.545904131417046,0.03554590413141705,0.15,S3_TREND
2026-07-06 23:00:00+00:00,ETH,BUY,48.459644093138195,0.048459644093138195,0.15,S3_TREND
2026-07-07 00:00:00+00:00,BTC,BUY,29.478325590273016,0.029478325590273018,0.15,S3_TREND
2026-07-07 00:00:00+00:00,ETH,BUY,37.843562794654645,0.037843562794654645,0.15,S3_TREND
2026-07-07 01:00:00+00:00,BTC,SELL,25.09368977648228,0.02509368977648228,0.15,S3_TREND
2026-07-07 01:00:00+00:00,ETH,SELL,22.40079560063532,0.02240079560063532,0.15,S3_TREND
2026-07-07 02:00:00+00:00,BTC,BUY,54.66031507332991,0.05466031507332991,0.15,S3_TREND
2026-07-07 02:00:00+00:00,ETH,BUY,61.38127641210485,0.061381276412104856,0.15,S3_TREND
2026-07-07 03:00:00+00:00,BTC,BUY,80.06963778762656,0.08006963778762656,0.15,S3_TREND
2026-07-07 03:00:00+00:00,ETH,BUY,76.43427843528298,0.07643427843528298,0.15,S3_TREND
2026-07-07 04:00:00+00:00,BTC,BUY,16.272592658306166,0.016272592658306165,0.15,S3_TREND
2026-07-07 04:00:00+00:00,ETH,BUY,42.51286926203102,0.04251286926203102,0.15,S3_TREND
2026-07-07 05:00:00+00:00,BTC,BUY,11.13416310964385,0.01113416310964385,0.15,S3_TREND
2026-07-07 05:00:00+00:00,ETH,BUY,30.6630649748804,0.0306630649748804,0.15,S3_TREND
2026-07-07 06:00:00+00:00,ETH,SELL,26.26157284796136,0.02626157284796136,0.15,S3_TREND
2026-07-07 07:00:00+00:00,BTC,SELL,30.216303342795072,0.030216303342795073,0.15,S3_TREND
2026-07-07 07:00:00+00:00,ETH,SELL,50.18686380843428,0.05018686380843428,0.15,S3_TREND
2026-07-07 08:00:00+00:00,BTC,BUY,38.859390453211745,0.038859390453211747,0.15,S3_TREND
2026-07-07 08:00:00+00:00,ETH,BUY,44.09276184660666,0.04409276184660666,0.15,S3_TREND
2026-07-07 09:00:00+00:00,BTC,SELL,4.468864074196972,0.004468864074196972,0.15,S3_TREND
2026-07-07 09:00:00+00:00,ETH,BUY,3.758499288254825,0.003758499288254825,0.15,S3_TREND
2026-07-07 10:00:00+00:00,BTC,SELL,19.83832422803971,0.01983832422803971,0.15,S3_TREND
2026-07-07 10:00:00+00:00,ETH,SELL,44.46036813897808,0.044460368138978086,0.15,S3_TREND
2026-07-07 11:00:00+00:00,BTC,SELL,8.044181425453644,0.008044181425453644,0.15,S3_TREND
2026-07-07 11:00:00+00:00,ETH,BUY,16.675603289804712,0.016675603289804712,0.15,S3_TREND
2026-07-07 12:00:00+00:00,BTC,SELL,17.024636945128805,0.017024636945128804,0.15,S3_TREND
2026-07-07 12:00:00+00:00,ETH,SELL,29.190534779059817,0.029190534779059817,0.15,S3_TREND
2026-07-07 13:00:00+00:00,BTC,SELL,12.721341573635073,0.012721341573635072,0.15,S3_TREND
2026-07-07 13:00:00+00:00,ETH,SELL,5.519372742512132,0.005519372742512132,0.15,S3_TREND
2026-07-07 13:00:00+00:00,SOL,BUY,13980.263244209349,13.980263244209349,0.15,S3_TREND
2026-07-07 14:00:00+00:00,BTC,BUY,46.842442868450235,0.04684244286845023,0.15,S3_TREND
2026-07-07 14:00:00+00:00,ETH,BUY,54.75833288485774,0.054758332884857736,0.15,S3_TREND
2026-07-07 14:00:00+00:00,SOL,BUY,56.14579796036196,0.05614579796036196,0.15,S3_TREND
2026-07-07 15:00:00+00:00,BTC,SELL,46.11826931946234,0.04611826931946234,0.15,S3_TREND
2026-07-07 15:00:00+00:00,ETH,SELL,95.21075265247055,0.09521075265247055,0.15,S3_TREND
2026-07-07 15:00:00+00:00,SOL,SELL,99.74013710339023,0.09974013710339023,0.15,S3_TREND
2026-07-07 16:00:00+00:00,BTC,SELL,51.92449883805784,0.051924498838057845,0.15,S3_TREND
2026-07-07 16:00:00+00:00,ETH,SELL,33.36095022375957,0.033360950223759574,0.15,S3_TREND
2026-07-07 16:00:00+00:00,SOL,SELL,22.111055448780462,0.02211105544878046,0.15,S3_TREND
2026-07-07 17:00:00+00:00,BTC,SELL,1.701843387385452,0.001701843387385452,0.15,S3_TREND
2026-07-07 17:00:00+00:00,ETH,SELL,27.426176276967453,0.027426176276967452,0.15,S3_TREND
2026-07-07 17:00:00+00:00,SOL,SELL,7.205087249436474,0.007205087249436474,0.15,S3_TREND
2026-07-07 18:00:00+00:00,BTC,SELL,14.956129718179,0.014956129718179,0.15,S3_TREND
2026-07-07 18:00:00+00:00,ETH,SELL,34.041842139326036,0.03404184213932604,0.15,S3_TREND
2026-07-07 18:00:00+00:00,SOL,SELL,59.27613156336701,0.05927613156336701,0.15,S3_TREND
2026-07-07 19:00:00+00:00,BTC,BUY,30.04577171393248,0.03004577171393248,0.15,S3_TREND
2026-07-07 19:00:00+00:00,ETH,BUY,104.00661194975874,0.10400661194975874,0.15,S3_TREND
2026-07-07 19:00:00+00:00,SOL,BUY,162.30800358012675,0.16230800358012676,0.15,S3_TREND
2026-07-07 20:00:00+00:00,BTC,SELL,19.21315312501065,0.019213153125010648,0.15,S3_TREND
2026-07-07 20:00:00+00:00,ETH,SELL,19.119239171182926,0.019119239171182925,0.15,S3_TREND
2026-07-07 20:00:00+00:00,SOL,SELL,2.6633978683912574,0.0026633978683912574,0.15,S3_TREND
2026-07-07 21:00:00+00:00,BTC,BUY,9.513519379601348,0.009513519379601348,0.15,S3_TREND
2026-07-07 21:00:00+00:00,ETH,BUY,32.75918080749034,0.03275918080749034,0.15,S3_TREND
2026-07-07 21:00:00+00:00,SOL,BUY,19.314066680490214,0.019314066680490214,0.15,S3_TREND
2026-07-07 22:00:00+00:00,BTC,BUY,30.243345870270787,0.030243345870270787,0.15,S3_TREND
2026-07-07 22:00:00+00:00,ETH,BUY,50.72442076494917,0.05072442076494917,0.15,S3_TREND
2026-07-07 22:00:00+00:00,SOL,BUY,28.650788211876716,0.028650788211876718,0.15,S3_TREND
2026-07-07 23:00:00+00:00,BTC,SELL,20.71409723173747,0.02071409723173747,0.15,S3_TREND
2026-07-07 23:00:00+00:00,ETH,SELL,6.286183447862641,0.006286183447862641,0.15,S3_TREND
2026-07-08 00:00:00+00:00,BTC,BUY,22.568945878410887,0.022568945878410886,0.15,S3_TREND
2026-07-08 00:00:00+00:00,ETH,BUY,13.723591250362006,0.013723591250362006,0.15,S3_TREND
2026-07-08 00:00:00+00:00,SOL,BUY,31.883138368080836,0.031883138368080835,0.15,S3_TREND
2026-07-08 01:00:00+00:00,BTC,SELL,41.54657091851186,0.04154657091851186,0.15,S3_TREND
2026-07-08 01:00:00+00:00,ETH,SELL,56.37954841056489,0.05637954841056489,0.15,S3_TREND
2026-07-08 01:00:00+00:00,SOL,BUY,49.513878786678106,0.04951387878667811,0.15,S3_TREND
2026-07-08 02:00:00+00:00,BTC,BUY,45.17003016263152,0.04517003016263152,0.15,S3_TREND
2026-07-08 02:00:00+00:00,ETH,BUY,110.01830439256628,0.11001830439256628,0.15,S3_TREND
2026-07-08 02:00:00+00:00,SOL,BUY,141.31778036796095,0.14131778036796094,0.15,S3_TREND
2026-07-08 03:00:00+00:00,BTC,BUY,12.296703855974556,0.012296703855974556,0.15,S3_TREND
2026-07-08 03:00:00+00:00,ETH,SELL,13.901736274970972,0.013901736274970973,0.15,S3_TREND
2026-07-08 03:00:00+00:00,SOL,BUY,3.036664511109848,0.0030366645111098477,0.15,S3_TREND
2026-07-08 04:00:00+00:00,BTC,BUY,24.136539031771463,0.024136539031771462,0.15,S3_TREND
2026-07-08 04:00:00+00:00,ETH,BUY,23.491719618443312,0.02349171961844331,0.15,S3_TREND
2026-07-08 04:00:00+00:00,SOL,BUY,36.654461762964274,0.036654461762964274,0.15,S3_TREND
2026-07-08 05:00:00+00:00,BTC,SELL,2.857200252969051,0.002857200252969051,0.15,S3_TREND
2026-07-08 05:00:00+00:00,ETH,SELL,32.98454061819211,0.032984540618192115,0.15,S3_TREND
2026-07-08 05:00:00+00:00,SOL,BUY,18.719055052313706,0.018719055052313707,0.15,S3_TREND
2026-07-08 06:00:00+00:00,BTC,BUY,21.799540586365765,0.021799540586365764,0.15,S3_TREND
2026-07-08 06:00:00+00:00,ETH,BUY,4.56860177278395,0.00456860177278395,0.15,S3_TREND
2026-07-08 06:00:00+00:00,SOL,SELL,6894.966043719476,6.894966043719476,0.075,S6_REVERSAL
2026-07-08 07:00:00+00:00,BTC,SELL,10.199083326711843,0.010199083326711843,0.15,S3_TREND
2026-07-08 07:00:00+00:00,ETH,BUY,12.668163784268472,0.012668163784268473,0.15,S3_TREND
2026-07-08 07:00:00+00:00,SOL,BUY,14.748950580381461,0.014748950580381462,0.075,S6_REVERSAL
2026-07-08 08:00:00+00:00,BTC,SELL,36.67801679328477,0.03667801679328477,0.15,S3_TREND
2026-07-08 08:00:00+00:00,ETH,SELL,24.398782354526702,0.024398782354526704,0.15,S3_TREND
2026-07-08 08:00:00+00:00,SOL,BUY,1.80329253670061,0.0018032925367006101,0.075,S6_REVERSAL
2026-07-08 09:00:00+00:00,BTC,BUY,123.87920813392702,0.12387920813392703,0.15,S3_TREND
2026-07-08 09:00:00+00:00,ETH,BUY,100.84764387400173,0.10084764387400173,0.15,S3_TREND
2026-07-08 09:00:00+00:00,SOL,SELL,6832.869664955801,6.832869664955801,0.0,CASH
2026-07-08 10:00:00+00:00,BTC,SELL,7.603421972647994,0.007603421972647994,0.15,S3_TREND
2026-07-08 10:00:00+00:00,ETH,SELL,4.743037859625474,0.004743037859625474,0.15,S3_TREND
2026-07-08 10:00:00+00:00,SOL,BUY,6890.684872652347,6.890684872652347,0.075,S6_REVERSAL
2026-07-08 11:00:00+00:00,BTC,SELL,18.93164118577988,0.01893164118577988,0.15,S3_TREND
2026-07-08 11:00:00+00:00,ETH,SELL,6912.260982889671,6.912260982889672,0.075,S6_REVERSAL
2026-07-08 11:00:00+00:00,SOL,SELL,8.03615697729947,0.00803615697729947,0.075,S6_REVERSAL
2026-07-08 12:00:00+00:00,BTC,SELL,14.87908159527069,0.014879081595270691,0.15,S3_TREND
2026-07-08 12:00:00+00:00,ETH,SELL,28.61027843075226,0.02861027843075226,0.075,S6_REVERSAL
2026-07-08 12:00:00+00:00,SOL,SELL,14.986245724248874,0.014986245724248875,0.075,S6_REVERSAL
2026-07-08 13:00:00+00:00,BTC,BUY,51.8170424818818,0.0518170424818818,0.15,S3_TREND
2026-07-08 13:00:00+00:00,ETH,BUY,24.989526593328264,0.024989526593328266,0.075,S6_REVERSAL
2026-07-08 13:00:00+00:00,SOL,BUY,35.153203658235725,0.035153203658235724,0.075,S6_REVERSAL
2026-07-08 14:00:00+00:00,BTC,BUY,5.403374763531247,0.005403374763531247,0.15,S3_TREND
2026-07-08 14:00:00+00:00,ETH,BUY,6894.792724811175,6.8947927248111744,0.15,S3_TREND
2026-07-08 14:00:00+00:00,SOL,SELL,22.805963964655348,0.022805963964655347,0.075,S6_REVERSAL
2026-07-08 15:00:00+00:00,BTC,SELL,2.6772717422572896,0.0026772717422572897,0.15,S3_TREND
2026-07-08 15:00:00+00:00,ETH,BUY,49.09451502806769,0.04909451502806769,0.15,S3_TREND
2026-07-08 15:00:00+00:00,SOL,BUY,9.405805333984063,0.009405805333984062,0.075,S6_REVERSAL
2026-07-08 16:00:00+00:00,BTC,BUY,22.483593409702735,0.022483593409702737,0.15,S3_TREND
2026-07-08 16:00:00+00:00,ETH,SELL,6838.895998526469,6.8388959985264695,0.075,S6_REVERSAL
2026-07-08 16:00:00+00:00,SOL,BUY,21.816985921183914,0.021816985921183914,0.075,S6_REVERSAL
2026-07-08 17:00:00+00:00,BTC,SELL,63.32765826288961,0.06332765826288961,0.15,S3_TREND
2026-07-08 17:00:00+00:00,ETH,SELL,39.67880540697297,0.039678805406972974,0.075,S6_REVERSAL
2026-07-08 17:00:00+00:00,SOL,SELL,33.56118579702979,0.0335611857970298,0.075,S6_REVERSAL
2026-07-08 18:00:00+00:00,BTC,SELL,2.497324707073858,0.002497324707073858,0.15,S3_TREND
2026-07-08 18:00:00+00:00,ETH,BUY,10.630937434646512,0.010630937434646512,0.075,S6_REVERSAL
2026-07-08 18:00:00+00:00,SOL,BUY,12.076813213511741,0.012076813213511742,0.075,S6_REVERSAL
2026-07-08 19:00:00+00:00,BTC,SELL,12.384248377884433,0.012384248377884433,0.15,S3_TREND
2026-07-08 19:00:00+00:00,ETH,SELL,14.3260383382476,0.0143260383382476,0.075,S6_REVERSAL
2026-07-08 20:00:00+00:00,BTC,SELL,6903.65305761794,6.90365305761794,0.075,S6_REVERSAL
2026-07-08 20:00:00+00:00,ETH,SELL,9.599078553985237,0.009599078553985237,0.075,S6_REVERSAL
2026-07-08 20:00:00+00:00,SOL,SELL,18.73643893742519,0.01873643893742519,0.075,S6_REVERSAL
2026-07-08 21:00:00+00:00,BTC,BUY,14.778572654214258,0.01477857265421426,0.075,S6_REVERSAL
2026-07-08 21:00:00+00:00,ETH,BUY,13.131470848692516,0.013131470848692517,0.075,S6_REVERSAL
2026-07-08 21:00:00+00:00,SOL,BUY,16.405344879273798,0.0164053448792738,0.075,S6_REVERSAL
2026-07-08 22:00:00+00:00,BTC,SELL,7.958356542864749,0.00795835654286475,0.075,S6_REVERSAL
2026-07-08 22:00:00+00:00,ETH,SELL,4.793106432202876,0.004793106432202876,0.075,S6_REVERSAL
2026-07-08 22:00:00+00:00,SOL,SELL,5.387499380260124,0.005387499380260124,0.075,S6_REVERSAL
2026-07-08 23:00:00+00:00,BTC,SELL,11.818224155830649,0.01181822415583065,0.075,S6_REVERSAL
2026-07-08 23:00:00+00:00,ETH,SELL,9.11066165255761,0.00911066165255761,0.075,S6_REVERSAL
2026-07-08 23:00:00+00:00,SOL,SELL,20.91764591307583,0.020917645913075832,0.075,S6_REVERSAL
2026-07-09 00:00:00+00:00,BTC,BUY,6.703018896961112,0.006703018896961112,0.075,S6_REVERSAL
2026-07-09 00:00:00+00:00,ETH,SELL,6.313174190009704,0.0063131741900097045,0.075,S6_REVERSAL
2026-07-09 00:00:00+00:00,SOL,SELL,23.542426936977794,0.023542426936977796,0.075,S6_REVERSAL
2026-07-09 01:00:00+00:00,BTC,BUY,14.069983274406695,0.014069983274406695,0.075,S6_REVERSAL
2026-07-09 01:00:00+00:00,ETH,BUY,17.434948601825454,0.017434948601825453,0.075,S6_REVERSAL
2026-07-09 01:00:00+00:00,SOL,BUY,6.10202781348471,0.0061020278134847105,0.075,S6_REVERSAL
2026-07-09 02:00:00+00:00,BTC,BUY,17.582906607769473,0.017582906607769472,0.075,S6_REVERSAL
2026-07-09 02:00:00+00:00,ETH,BUY,19.300252861517947,0.019300252861517948,0.075,S6_REVERSAL
2026-07-09 02:00:00+00:00,SOL,BUY,26.65501904644225,0.026655019046442248,0.075,S6_REVERSAL
2026-07-09 03:00:00+00:00,BTC,BUY,9.802461147409304,0.009802461147409304,0.075,S6_REVERSAL
2026-07-09 03:00:00+00:00,ETH,BUY,13.54728426929887,0.013547284269298871,0.075,S6_REVERSAL
2026-07-09 03:00:00+00:00,SOL,BUY,21.470354671706446,0.021470354671706444,0.075,S6_REVERSAL
2026-07-09 04:00:00+00:00,BTC,SELL,15.890853634230552,0.015890853634230553,0.075,S6_REVERSAL
2026-07-09 04:00:00+00:00,ETH,SELL,8.772045074603739,0.008772045074603739,0.075,S6_REVERSAL
2026-07-09 04:00:00+00:00,SOL,SELL,24.69425758549914,0.024694257585499143,0.075,S6_REVERSAL
2026-07-09 05:00:00+00:00,BTC,SELL,41.81139789786448,0.041811397897864484,0.075,S6_REVERSAL
2026-07-09 05:00:00+00:00,ETH,SELL,35.53424615802032,0.035534246158020324,0.075,S6_REVERSAL
2026-07-09 05:00:00+00:00,SOL,SELL,41.042028513733385,0.04104202851373338,0.075,S6_REVERSAL
2026-07-09 06:00:00+00:00,BTC,SELL,9.062824425358485,0.009062824425358485,0.075,S6_REVERSAL
2026-07-09 06:00:00+00:00,ETH,SELL,21.25036632767842,0.021250366327678422,0.075,S6_REVERSAL
2026-07-09 06:00:00+00:00,SOL,SELL,31.20566511197012,0.03120566511197012,0.075,S6_REVERSAL
2026-07-09 07:00:00+00:00,BTC,SELL,35.383643575462884,0.035383643575462885,0.075,S6_REVERSAL
2026-07-09 07:00:00+00:00,ETH,SELL,17.779494855241865,0.017779494855241863,0.075,S6_REVERSAL
2026-07-09 07:00:00+00:00,SOL,SELL,3.3425367438421745,0.0033425367438421746,0.075,S6_REVERSAL
2026-07-09 08:00:00+00:00,BTC,SELL,6.496878436179031,0.0064968784361790315,0.075,S6_REVERSAL
2026-07-09 08:00:00+00:00,ETH,BUY,5.649171461088372,0.005649171461088372,0.075,S6_REVERSAL
2026-07-09 08:00:00+00:00,SOL,BUY,22.537267976371368,0.02253726797637137,0.075,S6_REVERSAL
2026-07-09 09:00:00+00:00,BTC,BUY,9.37688690736286,0.00937688690736286,0.075,S6_REVERSAL
2026-07-09 09:00:00+00:00,ETH,SELL,5.7132335830274315,0.005713233583027432,0.075,S6_REVERSAL
2026-07-09 09:00:00+00:00,SOL,BUY,8.52907419809344,0.00852907419809344,0.075,S6_REVERSAL
2026-07-09 10:00:00+00:00,BTC,SELL,4.530174222428286,0.004530174222428286,0.075,S6_REVERSAL
2026-07-09 10:00:00+00:00,ETH,SELL,4.2652876867596206,0.004265287686759621,0.075,S6_REVERSAL
2026-07-09 11:00:00+00:00,BTC,BUY,11.273048584291246,0.011273048584291246,0.075,S6_REVERSAL
2026-07-09 11:00:00+00:00,ETH,BUY,30.12424483853465,0.030124244838534653,0.075,S6_REVERSAL
2026-07-09 11:00:00+00:00,SOL,BUY,30.973841941403407,0.03097384194140341,0.075,S6_REVERSAL
2026-07-09 12:00:00+00:00,BTC,SELL,1.2452224837979884,0.0012452224837979885,0.075,S6_REVERSAL
2026-07-09 12:00:00+00:00,ETH,BUY,7.83250789583235,0.00783250789583235,0.075,S6_REVERSAL
2026-07-09 12:00:00+00:00,SOL,BUY,5.88971794574627,0.0058897179457462695,0.075,S6_REVERSAL
2026-07-09 13:00:00+00:00,BTC,BUY,17.051872755477234,0.017051872755477235,0.075,S6_REVERSAL
2026-07-09 13:00:00+00:00,ETH,BUY,6.90085751177503,0.00690085751177503,0.075,S6_REVERSAL
2026-07-09 13:00:00+00:00,SOL,SELL,4.545873147445491,0.0045458731474454905,0.075,S6_REVERSAL
2026-07-09 14:00:00+00:00,BTC,SELL,36.80897626624119,0.03680897626624119,0.075,S6_REVERSAL
2026-07-09 14:00:00+00:00,ETH,SELL,11.722540774247136,0.011722540774247137,0.075,S6_REVERSAL
2026-07-09 14:00:00+00:00,SOL,SELL,42.69016721358366,0.042690167213583666,0.075,S6_REVERSAL
2026-07-09 15:00:00+00:00,BTC,SELL,2.1465843494215733,0.0021465843494215733,0.075,S6_REVERSAL
2026-07-09 15:00:00+00:00,ETH,BUY,11.716045130808197,0.011716045130808197,0.075,S6_REVERSAL
2026-07-09 15:00:00+00:00,SOL,BUY,26.512445242666217,0.02651244524266622,0.075,S6_REVERSAL
2026-07-09 16:00:00+00:00,BTC,BUY,12.244276204023663,0.012244276204023663,0.075,S6_REVERSAL
2026-07-09 16:00:00+00:00,ETH,BUY,10.413998222767077,0.010413998222767078,0.075,S6_REVERSAL
2026-07-09 16:00:00+00:00,SOL,BUY,18.195994700981828,0.018195994700981828,0.075,S6_REVERSAL
2026-07-09 17:00:00+00:00,BTC,BUY,17.37358830665835,0.01737358830665835,0.075,S6_REVERSAL
2026-07-09 17:00:00+00:00,SOL,SELL,6.39424743676409,0.00639424743676409,0.075,S6_REVERSAL
2026-07-09 18:00:00+00:00,BTC,SELL,39.82677635078289,0.0398267763507829,0.075,S6_REVERSAL
2026-07-09 18:00:00+00:00,ETH,SELL,27.95472403941039,0.027954724039410392,0.075,S6_REVERSAL
2026-07-09 18:00:00+00:00,SOL,SELL,23.969792781855176,0.023969792781855178,0.075,S6_REVERSAL
2026-07-09 19:00:00+00:00,BTC,SELL,5.892720665572597,0.005892720665572597,0.075,S6_REVERSAL
2026-07-09 19:00:00+00:00,ETH,SELL,9.521101544792145,0.009521101544792146,0.075,S6_REVERSAL
2026-07-09 19:00:00+00:00,SOL,SELL,9.93960723474265,0.00993960723474265,0.075,S6_REVERSAL
2026-07-09 20:00:00+00:00,BTC,SELL,4.10608432954632,0.00410608432954632,0.075,S6_REVERSAL
2026-07-09 20:00:00+00:00,ETH,BUY,11.097312556340512,0.011097312556340512,0.075,S6_REVERSAL
2026-07-09 20:00:00+00:00,SOL,BUY,2.6024127382470397,0.0026024127382470396,0.075,S6_REVERSAL
2026-07-09 21:00:00+00:00,BTC,SELL,6.5192017875697275,0.006519201787569728,0.075,S6_REVERSAL
2026-07-09 22:00:00+00:00,BTC,BUY,3.0061898660769657,0.0030061898660769656,0.075,S6_REVERSAL
2026-07-09 22:00:00+00:00,SOL,BUY,9.106041888963773,0.009106041888963773,0.075,S6_REVERSAL
2026-07-09 23:00:00+00:00,BTC,BUY,5.84313105662477,0.0058431310566247705,0.075,S6_REVERSAL
2026-07-09 23:00:00+00:00,ETH,BUY,3.007593715242365,0.0030075937152423647,0.075,S6_REVERSAL
2026-07-09 23:00:00+00:00,SOL,SELL,5.55819259238433,0.00555819259238433,0.075,S6_REVERSAL
2026-07-10 00:00:00+00:00,BTC,SELL,2.2331041465677117,0.0022331041465677116,0.075,S6_REVERSAL
2026-07-10 00:00:00+00:00,ETH,BUY,8.319710511583253,0.008319710511583252,0.075,S6_REVERSAL
2026-07-10 00:00:00+00:00,SOL,BUY,4.298270643023898,0.004298270643023898,0.075,S6_REVERSAL
2026-07-10 01:00:00+00:00,BTC,BUY,11.572455397929843,0.011572455397929844,0.075,S6_REVERSAL
2026-07-10 01:00:00+00:00,ETH,BUY,7.1248574379142156,0.007124857437914215,0.075,S6_REVERSAL
2026-07-10 01:00:00+00:00,SOL,SELL,7.297282870013078,0.007297282870013078,0.075,S6_REVERSAL
2026-07-10 02:00:00+00:00,BTC,SELL,50.82982300939966,0.050829823009399665,0.075,S6_REVERSAL
2026-07-10 02:00:00+00:00,ETH,SELL,78.42130957284553,0.07842130957284553,0.075,S6_REVERSAL
2026-07-10 02:00:00+00:00,SOL,SELL,64.33825173401601,0.06433825173401601,0.075,S6_REVERSAL
2026-07-10 03:00:00+00:00,BTC,SELL,6945.429711653595,6.9454297116535955,0.0,CASH
2026-07-10 03:00:00+00:00,ETH,SELL,17.370759890812224,0.017370759890812226,0.075,S6_REVERSAL
2026-07-10 03:00:00+00:00,SOL,BUY,4.065001643483811,0.004065001643483811,0.075,S6_REVERSAL
2026-07-10 04:00:00+00:00,ETH,SELL,12.170925781340884,0.012170925781340883,0.075,S6_REVERSAL
2026-07-10 04:00:00+00:00,SOL,SELL,1.1881821724155088,0.0011881821724155088,0.075,S6_REVERSAL
2026-07-10 05:00:00+00:00,ETH,SELL,6920.728216474571,6.920728216474571,0.0,CASH
2026-07-10 05:00:00+00:00,SOL,BUY,7.695019086434513,0.007695019086434513,0.075,S6_REVERSAL
2026-07-10 06:00:00+00:00,SOL,SELL,6943.499571596066,6.943499571596066,0.0,CASH
2026-07-10 15:00:00+00:00,BTC,BUY,13850.849782106683,13.850849782106684,0.15,S3_TREND
2026-07-10 16:00:00+00:00,BTC,SELL,25.12308798923732,0.02512308798923732,0.15,S3_TREND
2026-07-10 17:00:00+00:00,BTC,SELL,18.392420057050913,0.018392420057050912,0.15,S3_TREND
2026-07-10 18:00:00+00:00,BTC,BUY,58.02254773881941,0.058022547738819416,0.15,S3_TREND
2026-07-10 18:00:00+00:00,ETH,BUY,13845.837769462682,13.845837769462682,0.15,S3_TREND
2026-07-10 19:00:00+00:00,BTC,SELL,3.091346540972154,0.003091346540972154,0.15,S3_TREND
2026-07-10 19:00:00+00:00,ETH,BUY,17.797163058685328,0.01779716305868533,0.15,S3_TREND
2026-07-10 20:00:00+00:00,BTC,SELL,10.891369045462852,0.010891369045462852,0.15,S3_TREND
2026-07-10 20:00:00+00:00,ETH,SELL,47.504025425138025,0.04750402542513803,0.15,S3_TREND
2026-07-10 21:00:00+00:00,BTC,BUY,11.1517225765474,0.0111517225765474,0.15,S3_TREND
2026-07-10 21:00:00+00:00,ETH,BUY,14.24865191844765,0.014248651918447649,0.15,S3_TREND
2026-07-10 21:00:00+00:00,SOL,BUY,13846.760496441953,13.846760496441954,0.15,S3_TREND
2026-07-10 22:00:00+00:00,BTC,SELL,21.96222431348542,0.02196222431348542,0.15,S3_TREND
2026-07-10 22:00:00+00:00,ETH,SELL,17.724285453619814,0.017724285453619815,0.15,S3_TREND
2026-07-10 22:00:00+00:00,SOL,SELL,29.450982531176127,0.029450982531176128,0.15,S3_TREND
2026-07-10 23:00:00+00:00,BTC,SELL,12.978848429918799,0.012978848429918798,0.15,S3_TREND
2026-07-10 23:00:00+00:00,ETH,BUY,2.3292701004538685,0.0023292701004538684,0.15,S3_TREND
2026-07-10 23:00:00+00:00,SOL,SELL,21.470516750436218,0.02147051675043622,0.15,S3_TREND
2026-07-11 00:00:00+00:00,BTC,SELL,7.9798329922796265,0.007979832992279627,0.15,S3_TREND
2026-07-11 00:00:00+00:00,ETH,SELL,10.036599457731427,0.010036599457731428,0.15,S3_TREND
2026-07-11 00:00:00+00:00,SOL,BUY,8.035324152422618,0.008035324152422618,0.15,S3_TREND
2026-07-11 01:00:00+00:00,BTC,SELL,4.84613633407389,0.00484613633407389,0.15,S3_TREND
2026-07-11 01:00:00+00:00,ETH,BUY,14.01886710026156,0.01401886710026156,0.15,S3_TREND
2026-07-11 01:00:00+00:00,SOL,BUY,38.483494938484,0.038483494938484,0.15,S3_TREND
2026-07-11 02:00:00+00:00,BTC,BUY,7.174898106302862,0.007174898106302862,0.15,S3_TREND
2026-07-11 02:00:00+00:00,ETH,BUY,16.09811152459224,0.016098111524592243,0.15,S3_TREND
2026-07-11 02:00:00+00:00,SOL,BUY,38.36568126351631,0.03836568126351631,0.15,S3_TREND
2026-07-11 03:00:00+00:00,BTC,SELL,12.708407493228151,0.01270840749322815,0.15,S3_TREND
2026-07-11 03:00:00+00:00,ETH,SELL,31.626310641011518,0.03162631064101152,0.15,S3_TREND
2026-07-11 03:00:00+00:00,SOL,SELL,24.17915106286273,0.02417915106286273,0.15,S3_TREND
2026-07-11 04:00:00+00:00,BTC,BUY,2.977617070035194,0.002977617070035194,0.15,S3_TREND
2026-07-11 04:00:00+00:00,ETH,SELL,5.6940625433071546,0.005694062543307155,0.15,S3_TREND
2026-07-11 04:00:00+00:00,SOL,SELL,2.2332210085842235,0.0022332210085842237,0.15,S3_TREND
2026-07-11 05:00:00+00:00,BTC,SELL,1.872460432938169,0.001872460432938169,0.15,S3_TREND
2026-07-11 05:00:00+00:00,ETH,SELL,1.6853473877072247,0.0016853473877072246,0.15,S3_TREND
2026-07-11 05:00:00+00:00,SOL,BUY,9.160602178180852,0.009160602178180852,0.15,S3_TREND
2026-07-11 06:00:00+00:00,BTC,BUY,3.5166145615330606,0.003516614561533061,0.15,S3_TREND
2026-07-11 06:00:00+00:00,ETH,SELL,13.828161777710193,0.013828161777710193,0.15,S3_TREND
2026-07-11 06:00:00+00:00,SOL,SELL,21.610410421983037,0.02161041042198304,0.15,S3_TREND
2026-07-11 07:00:00+00:00,BTC,SELL,3.7995782845937356,0.003799578284593736,0.15,S3_TREND
2026-07-11 07:00:00+00:00,ETH,BUY,6.515722848436781,0.006515722848436781,0.15,S3_TREND
2026-07-11 07:00:00+00:00,SOL,SELL,22.97179284376034,0.02297179284376034,0.15,S3_TREND
2026-07-11 08:00:00+00:00,BTC,BUY,9.10105108177413,0.009101051081774131,0.15,S3_TREND
2026-07-11 08:00:00+00:00,ETH,SELL,8.43988591541347,0.00843988591541347,0.15,S3_TREND
2026-07-11 08:00:00+00:00,SOL,BUY,11.023400495249007,0.011023400495249008,0.15,S3_TREND
2026-07-11 09:00:00+00:00,BTC,SELL,12.834124684122798,0.012834124684122799,0.15,S3_TREND
2026-07-11 09:00:00+00:00,ETH,SELL,1.7975217520688604,0.0017975217520688606,0.15,S3_TREND
2026-07-11 09:00:00+00:00,SOL,SELL,20.63059746028739,0.020630597460287392,0.15,S3_TREND
2026-07-11 10:00:00+00:00,BTC,BUY,2.6896195007411734,0.0026896195007411737,0.15,S3_TREND
2026-07-11 10:00:00+00:00,ETH,BUY,27.313018165528774,0.027313018165528776,0.15,S3_TREND
2026-07-11 10:00:00+00:00,SOL,BUY,38.22132637406503,0.03822132637406503,0.15,S3_TREND
2026-07-11 11:00:00+00:00,BTC,BUY,3.5700206768106,0.0035700206768106,0.15,S3_TREND
2026-07-11 11:00:00+00:00,ETH,SELL,11.782728375401348,0.011782728375401348,0.15,S3_TREND
2026-07-11 11:00:00+00:00,SOL,SELL,27.64259759191009,0.02764259759191009,0.15,S3_TREND
2026-07-11 12:00:00+00:00,BTC,BUY,4.272239261415962,0.0042722392614159615,0.15,S3_TREND
2026-07-11 12:00:00+00:00,ETH,SELL,12.039017718239847,0.012039017718239847,0.15,S3_TREND
2026-07-11 12:00:00+00:00,SOL,SELL,9.518010987081652,0.009518010987081653,0.15,S3_TREND
2026-07-11 13:00:00+00:00,BTC,SELL,1.036250326613299,0.001036250326613299,0.15,S3_TREND
2026-07-11 13:00:00+00:00,ETH,BUY,1.2731724122550077,0.0012731724122550076,0.15,S3_TREND
2026-07-11 13:00:00+00:00,SOL,BUY,5.526421107619171,0.0055264211076191715,0.15,S3_TREND
2026-07-11 14:00:00+00:00,BTC,SELL,2.3508566453583626,0.002350856645358363,0.15,S3_TREND
2026-07-11 14:00:00+00:00,ETH,SELL,13.012563605949254,0.013012563605949254,0.15,S3_TREND
2026-07-11 14:00:00+00:00,SOL,SELL,7.87941595859229,0.00787941595859229,0.15,S3_TREND
2026-07-11 15:00:00+00:00,BTC,SELL,2.847846946953723,0.002847846946953723,0.15,S3_TREND
2026-07-11 15:00:00+00:00,ETH,SELL,40.66053812137761,0.04066053812137761,0.15,S3_TREND
2026-07-11 15:00:00+00:00,SOL,SELL,36.731450252073046,0.03673145025207305,0.15,S3_TREND
2026-07-11 16:00:00+00:00,BTC,BUY,33.79409853554898,0.03379409853554898,0.15,S3_TREND
2026-07-11 16:00:00+00:00,ETH,SELL,35.28180946325847,0.03528180946325847,0.15,S3_TREND
2026-07-11 16:00:00+00:00,SOL,BUY,15.611057926918875,0.015611057926918874,0.15,S3_TREND
2026-07-11 17:00:00+00:00,BTC,SELL,3.2419843544594187,0.0032419843544594187,0.15,S3_TREND
2026-07-11 17:00:00+00:00,ETH,SELL,67.58290208940889,0.0675829020894089,0.15,S3_TREND
2026-07-11 17:00:00+00:00,SOL,BUY,79.25195678856107,0.07925195678856108,0.15,S3_TREND
2026-07-11 18:00:00+00:00,BTC,SELL,19.37957865253702,0.019379578652537022,0.15,S3_TREND
2026-07-11 18:00:00+00:00,SOL,SELL,16.781708348515167,0.016781708348515167,0.15,S3_TREND
2026-07-11 19:00:00+00:00,ETH,SELL,10.970247354829553,0.010970247354829554,0.15,S3_TREND
2026-07-11 19:00:00+00:00,SOL,BUY,2.308259384763005,0.0023082593847630053,0.15,S3_TREND
2026-07-11 20:00:00+00:00,BTC,BUY,6.904576202183307,0.006904576202183307,0.15,S3_TREND
2026-07-11 20:00:00+00:00,ETH,BUY,13.5198164275007,0.0135198164275007,0.15,S3_TREND
2026-07-11 20:00:00+00:00,SOL,SELL,14.261357997700543,0.014261357997700543,0.15,S3_TREND
2026-07-11 21:00:00+00:00,BTC,SELL,15.389316551525553,0.015389316551525553,0.15,S3_TREND
2026-07-11 21:00:00+00:00,ETH,SELL,6.64532545426664,0.0066453254542666405,0.15,S3_TREND
2026-07-11 21:00:00+00:00,SOL,BUY,1.9174089783136878,0.0019174089783136879,0.15,S3_TREND
2026-07-11 22:00:00+00:00,BTC,BUY,4.159972425495653,0.004159972425495653,0.15,S3_TREND
2026-07-11 22:00:00+00:00,ETH,BUY,13.760611524972774,0.013760611524972774,0.15,S3_TREND
2026-07-11 22:00:00+00:00,SOL,SELL,12.237016154136652,0.012237016154136653,0.15,S3_TREND
2026-07-11 23:00:00+00:00,BTC,BUY,7.317254513880471,0.007317254513880471,0.15,S3_TREND
2026-07-11 23:00:00+00:00,ETH,BUY,52.29640557085986,0.052296405570859864,0.15,S3_TREND
2026-07-11 23:00:00+00:00,SOL,BUY,34.73069230838337,0.03473069230838337,0.15,S3_TREND
2026-07-12 00:00:00+00:00,BTC,BUY,11.356535967541276,0.011356535967541277,0.15,S3_TREND
2026-07-12 00:00:00+00:00,ETH,BUY,127.12689572760064,0.12712689572760064,0.15,S3_TREND
2026-07-12 00:00:00+00:00,SOL,BUY,124.40385225071259,0.12440385225071258,0.15,S3_TREND
2026-07-12 01:00:00+00:00,BTC,SELL,18.989158312446307,0.018989158312446307,0.15,S3_TREND
2026-07-12 01:00:00+00:00,ETH,SELL,26.36720214392517,0.02636720214392517,0.15,S3_TREND
2026-07-12 01:00:00+00:00,SOL,BUY,107.20334358510809,0.1072033435851081,0.15,S3_TREND
2026-07-12 02:00:00+00:00,BTC,SELL,15.736168990324588,0.015736168990324588,0.15,S3_TREND
2026-07-12 02:00:00+00:00,ETH,SELL,86.45000244326911,0.08645000244326911,0.15,S3_TREND
2026-07-12 02:00:00+00:00,SOL,SELL,82.13862999268713,0.08213862999268713,0.15,S3_TREND
2026-07-12 03:00:00+00:00,BTC,BUY,10.557494788212352,0.010557494788212352,0.15,S3_TREND
2026-07-12 03:00:00+00:00,ETH,BUY,9.095847785158185,0.009095847785158186,0.15,S3_TREND
2026-07-12 03:00:00+00:00,SOL,SELL,8.499823485930392,0.008499823485930392,0.15,S3_TREND
2026-07-12 04:00:00+00:00,BTC,SELL,15.648622748267371,0.015648622748267373,0.15,S3_TREND
2026-07-12 04:00:00+00:00,ETH,SELL,31.757337432993154,0.03175733743299315,0.15,S3_TREND
2026-07-12 04:00:00+00:00,SOL,SELL,6948.4778169061565,6.9484778169061565,0.075,S6_REVERSAL
2026-07-12 05:00:00+00:00,BTC,BUY,28.98415026512521,0.02898415026512521,0.15,S3_TREND
2026-07-12 05:00:00+00:00,ETH,BUY,23.609172984904944,0.023609172984904944,0.15,S3_TREND
2026-07-12 05:00:00+00:00,SOL,BUY,20.92598483889742,0.020925984838897422,0.075,S6_REVERSAL
2026-07-12 06:00:00+00:00,ETH,BUY,12.434107916971698,0.012434107916971698,0.15,S3_TREND
2026-07-12 06:00:00+00:00,SOL,BUY,20.346940053485014,0.020346940053485016,0.075,S6_REVERSAL
2026-07-12 07:00:00+00:00,BTC,BUY,26.637980447658265,0.026637980447658267,0.15,S3_TREND
2026-07-12 07:00:00+00:00,ETH,BUY,45.5307457177787,0.0455307457177787,0.15,S3_TREND
2026-07-12 07:00:00+00:00,SOL,SELL,2.0129273489847037,0.002012927348984704,0.075,S6_REVERSAL
2026-07-12 08:00:00+00:00,BTC,SELL,16.39657491420985,0.01639657491420985,0.15,S3_TREND
2026-07-12 08:00:00+00:00,ETH,SELL,17.801213703662143,0.017801213703662142,0.15,S3_TREND
2026-07-12 08:00:00+00:00,SOL,SELL,8.461322265867238,0.008461322265867238,0.075,S6_REVERSAL
2026-07-12 09:00:00+00:00,BTC,SELL,8.01808596198316,0.008018085961983161,0.15,S3_TREND
2026-07-12 09:00:00+00:00,ETH,SELL,36.338008451046335,0.03633800845104634,0.15,S3_TREND
2026-07-12 09:00:00+00:00,SOL,SELL,10.582109214967204,0.010582109214967205,0.075,S6_REVERSAL
2026-07-12 10:00:00+00:00,BTC,BUY,1.3933396404954692,0.0013933396404954693,0.15,S3_TREND
2026-07-12 10:00:00+00:00,ETH,BUY,18.348855093285238,0.018348855093285238,0.15,S3_TREND
2026-07-12 10:00:00+00:00,SOL,SELL,6.149167472717636,0.006149167472717636,0.075,S6_REVERSAL
2026-07-12 11:00:00+00:00,BTC,BUY,13.63804750304189,0.01363804750304189,0.15,S3_TREND
2026-07-12 11:00:00+00:00,ETH,BUY,15.859296507305771,0.015859296507305772,0.15,S3_TREND
2026-07-12 12:00:00+00:00,BTC,SELL,20.02921945561684,0.02002921945561684,0.15,S3_TREND
2026-07-12 12:00:00+00:00,ETH,SELL,20.572371236878098,0.0205723712368781,0.15,S3_TREND
2026-07-12 12:00:00+00:00,SOL,SELL,13.304285037883346,0.013304285037883347,0.075,S6_REVERSAL
2026-07-12 13:00:00+00:00,BTC,BUY,5.635441871881994,0.005635441871881994,0.15,S3_TREND
2026-07-12 13:00:00+00:00,ETH,SELL,17.57857132895697,0.01757857132895697,0.15,S3_TREND
2026-07-12 13:00:00+00:00,SOL,SELL,18.809905881284976,0.018809905881284977,0.075,S6_REVERSAL
2026-07-12 14:00:00+00:00,BTC,SELL,1.1108480912425875,0.0011108480912425875,0.15,S3_TREND
2026-07-12 14:00:00+00:00,ETH,BUY,6.4687324821661605,0.006468732482166161,0.15,S3_TREND
2026-07-12 14:00:00+00:00,SOL,BUY,1.8249613186972056,0.0018249613186972055,0.075,S6_REVERSAL
2026-07-12 15:00:00+00:00,BTC,SELL,12.253587192333725,0.012253587192333725,0.15,S3_TREND
2026-07-12 15:00:00+00:00,ETH,SELL,77.24635173349816,0.07724635173349816,0.15,S3_TREND
2026-07-12 15:00:00+00:00,SOL,SELL,21.665762304736745,0.021665762304736744,0.075,S6_REVERSAL
2026-07-12 16:00:00+00:00,BTC,BUY,5.532503943364645,0.005532503943364645,0.15,S3_TREND
2026-07-12 16:00:00+00:00,ETH,SELL,11.304094932485896,0.011304094932485896,0.15,S3_TREND
2026-07-12 16:00:00+00:00,SOL,BUY,6.997602433848442,0.006997602433848442,0.075,S6_REVERSAL
2026-07-12 17:00:00+00:00,BTC,BUY,1.9590592642507545,0.0019590592642507545,0.15,S3_TREND
2026-07-12 17:00:00+00:00,ETH,SELL,5.675378873978843,0.005675378873978843,0.15,S3_TREND
2026-07-12 17:00:00+00:00,SOL,SELL,6.001956759918357,0.0060019567599183575,0.075,S6_REVERSAL
2026-07-12 18:00:00+00:00,BTC,BUY,11.66454784904272,0.011664547849042719,0.15,S3_TREND
2026-07-12 18:00:00+00:00,ETH,BUY,16.61266697456631,0.01661266697456631,0.15,S3_TREND
2026-07-12 18:00:00+00:00,SOL,BUY,12.948967383767013,0.012948967383767013,0.075,S6_REVERSAL
2026-07-12 19:00:00+00:00,BTC,SELL,6.462742353545764,0.0064627423535457635,0.15,S3_TREND
2026-07-12 19:00:00+00:00,ETH,SELL,13.505725539800551,0.013505725539800551,0.15,S3_TREND
2026-07-12 19:00:00+00:00,SOL,SELL,16.276466223176612,0.016276466223176612,0.075,S6_REVERSAL
2026-07-12 20:00:00+00:00,BTC,SELL,13.641147799482496,0.013641147799482497,0.15,S3_TREND
2026-07-12 20:00:00+00:00,ETH,BUY,3.9469827498560335,0.003946982749856034,0.15,S3_TREND
2026-07-12 20:00:00+00:00,SOL,SELL,6947.29669932674,6.94729669932674,0.0,CASH
2026-07-12 21:00:00+00:00,BTC,BUY,4.249795912181071,0.004249795912181071,0.15,S3_TREND
2026-07-12 21:00:00+00:00,ETH,SELL,1.1003163280292938,0.0011003163280292939,0.15,S3_TREND
2026-07-12 22:00:00+00:00,BTC,BUY,40.90317643929302,0.04090317643929302,0.15,S3_TREND
2026-07-12 22:00:00+00:00,ETH,BUY,49.204356581363754,0.04920435658136375,0.15,S3_TREND
2026-07-12 23:00:00+00:00,BTC,SELL,2.114610212855041,0.002114610212855041,0.15,S3_TREND
2026-07-12 23:00:00+00:00,ETH,BUY,45.83324163279394,0.045833241632793946,0.15,S3_TREND
2026-07-13 00:00:00+00:00,BTC,BUY,21.700384925705293,0.021700384925705293,0.15,S3_TREND
2026-07-13 00:00:00+00:00,ETH,SELL,14.897105432044556,0.014897105432044557,0.15,S3_TREND
2026-07-13 01:00:00+00:00,BTC,SELL,31.13619772817765,0.03113619772817765,0.15,S3_TREND
2026-07-13 01:00:00+00:00,ETH,SELL,119.50393815475582,0.11950393815475582,0.15,S3_TREND
2026-07-13 02:00:00+00:00,BTC,BUY,98.9987053001405,0.0989987053001405,0.15,S3_TREND
2026-07-13 02:00:00+00:00,ETH,BUY,106.17800529214946,0.10617800529214946,0.15,S3_TREND
2026-07-13 03:00:00+00:00,BTC,SELL,13830.369780767825,13.830369780767827,0.0,CASH
2026-07-13 03:00:00+00:00,ETH,SELL,2.186028099806208,0.002186028099806208,0.15,S3_TREND
2026-07-13 04:00:00+00:00,ETH,BUY,170.0869134375189,0.1700869134375189,0.15,S3_TREND
2026-07-13 05:00:00+00:00,BTC,BUY,6901.476482476076,6.901476482476076,0.075,S6_REVERSAL
2026-07-13 05:00:00+00:00,ETH,BUY,9.925612355506019,0.009925612355506019,0.15,S3_TREND
2026-07-13 06:00:00+00:00,BTC,SELL,11.93702321282126,0.011937023212821259,0.075,S6_REVERSAL
2026-07-13 06:00:00+00:00,ETH,SELL,16.151415339594678,0.016151415339594678,0.15,S3_TREND
2026-07-13 07:00:00+00:00,BTC,SELL,2.0564779871474457,0.0020564779871474455,0.075,S6_REVERSAL
2026-07-13 07:00:00+00:00,ETH,BUY,24.93714672533133,0.024937146725331334,0.15,S3_TREND
2026-07-13 08:00:00+00:00,BTC,SELL,13.445679828638276,0.013445679828638276,0.075,S6_REVERSAL
2026-07-13 08:00:00+00:00,ETH,SELL,61.11458856479293,0.06111458856479293,0.15,S3_TREND
2026-07-13 09:00:00+00:00,BTC,SELL,20.966208328786706,0.020966208328786706,0.075,S6_REVERSAL
2026-07-13 09:00:00+00:00,ETH,SELL,13.449872586003039,0.01344987258600304,0.15,S3_TREND
2026-07-13 10:00:00+00:00,BTC,BUY,8.285671600804562,0.008285671600804562,0.075,S6_REVERSAL
2026-07-13 10:00:00+00:00,ETH,BUY,26.923588873358312,0.026923588873358315,0.15,S3_TREND
2026-07-13 11:00:00+00:00,BTC,BUY,19.802581089439627,0.01980258108943963,0.075,S6_REVERSAL
2026-07-13 11:00:00+00:00,ETH,BUY,38.140633284590876,0.03814063328459088,0.15,S3_TREND
2026-07-13 12:00:00+00:00,BTC,SELL,2.7043913093893934,0.0027043913093893934,0.075,S6_REVERSAL
2026-07-13 12:00:00+00:00,ETH,SELL,8.086287029414962,0.008086287029414961,0.15,S3_TREND
2026-07-13 13:00:00+00:00,BTC,BUY,23.214355070655984,0.023214355070655984,0.075,S6_REVERSAL
2026-07-13 13:00:00+00:00,ETH,BUY,50.8695931972743,0.0508695931972743,0.15,S3_TREND
2026-07-13 14:00:00+00:00,BTC,BUY,30.680684872837446,0.030680684872837448,0.075,S6_REVERSAL
2026-07-13 14:00:00+00:00,ETH,BUY,1.7289371566530463,0.0017289371566530463,0.15,S3_TREND
2026-07-13 15:00:00+00:00,BTC,SELL,42.392344341697026,0.04239234434169702,0.075,S6_REVERSAL
2026-07-13 15:00:00+00:00,ETH,SELL,61.214210023554195,0.0612142100235542,0.15,S3_TREND
2026-07-13 16:00:00+00:00,BTC,BUY,14.917564430604216,0.014917564430604217,0.075,S6_REVERSAL
2026-07-13 16:00:00+00:00,ETH,BUY,28.339116586766977,0.028339116586766976,0.15,S3_TREND
2026-07-13 17:00:00+00:00,BTC,BUY,31.968978473076277,0.031968978473076275,0.075,S6_REVERSAL
2026-07-13 17:00:00+00:00,ETH,BUY,27.013397438420725,0.027013397438420725,0.15,S3_TREND
2026-07-13 18:00:00+00:00,BTC,BUY,27.230981415103997,0.027230981415103998,0.075,S6_REVERSAL
2026-07-13 18:00:00+00:00,ETH,BUY,115.71508936582177,0.11571508936582177,0.15,S3_TREND
2026-07-13 19:00:00+00:00,BTC,SELL,5.195681222968233,0.005195681222968233,0.075,S6_REVERSAL
2026-07-13 19:00:00+00:00,ETH,SELL,13848.155822310227,13.848155822310227,0.0,CASH
2026-07-13 20:00:00+00:00,BTC,SELL,28.592278506751427,0.028592278506751428,0.075,S6_REVERSAL
2026-07-13 21:00:00+00:00,BTC,BUY,7.898328092430347,0.007898328092430348,0.075,S6_REVERSAL
2026-07-13 22:00:00+00:00,BTC,BUY,14.946937013839488,0.014946937013839489,0.075,S6_REVERSAL
2026-07-13 23:00:00+00:00,BTC,BUY,14.475993843009746,0.014475993843009747,0.075,S6_REVERSAL
2026-07-14 00:00:00+00:00,BTC,SELL,42.22487995485244,0.04222487995485244,0.075,S6_REVERSAL
2026-07-14 01:00:00+00:00,BTC,SELL,21.985216572506943,0.021985216572506943,0.075,S6_REVERSAL
2026-07-14 04:00:00+00:00,BTC,SELL,2.3790389723608314,0.0023790389723608316,0.075,S6_REVERSAL
2026-07-14 05:00:00+00:00,BTC,SELL,17.558066776999112,0.01755806677699911,0.075,S6_REVERSAL
2026-07-14 07:00:00+00:00,BTC,BUY,12.311624365046555,0.012311624365046556,0.075,S6_REVERSAL
2026-07-14 08:00:00+00:00,BTC,BUY,6.426131477970557,0.006426131477970557,0.075,S6_REVERSAL
2026-07-14 09:00:00+00:00,BTC,SELL,15.581840127006217,0.015581840127006218,0.075,S6_REVERSAL
2026-07-14 10:00:00+00:00,BTC,BUY,8.567392987888525,0.008567392987888525,0.075,S6_REVERSAL
2026-07-14 11:00:00+00:00,BTC,SELL,17.349429934747604,0.017349429934747605,0.075,S6_REVERSAL
2026-07-14 12:00:00+00:00,BTC,SELL,4.5679731591235395,0.004567973159123539,0.075,S6_REVERSAL
2026-07-14 13:00:00+00:00,BTC,SELL,7015.51110979063,7.01551110979063,0.0,CASH
2026-07-15 04:00:00+00:00,ETH,BUY,13803.71455161708,13.80371455161708,0.15,S3_TREND
2026-07-15 05:00:00+00:00,ETH,SELL,4.697271445955266,0.004697271445955266,0.15,S3_TREND
2026-07-15 06:00:00+00:00,ETH,SELL,38.700298931729776,0.03870029893172978,0.15,S3_TREND
2026-07-15 07:00:00+00:00,ETH,BUY,42.51335794265469,0.04251335794265469,0.15,S3_TREND
2026-07-15 08:00:00+00:00,ETH,BUY,36.452957281071576,0.03645295728107158,0.15,S3_TREND
2026-07-15 09:00:00+00:00,ETH,SELL,57.56695351092094,0.05756695351092094,0.15,S3_TREND
2026-07-15 10:00:00+00:00,ETH,SELL,4.004971629792635,0.004004971629792635,0.15,S3_TREND
2026-07-15 11:00:00+00:00,ETH,BUY,10.861288395175507,0.010861288395175507,0.15,S3_TREND
2026-07-15 12:00:00+00:00,ETH,SELL,40.60960327541579,0.040609603275415795,0.15,S3_TREND
2026-07-15 13:00:00+00:00,BTC,BUY,13857.849582924902,13.857849582924903,0.15,S3_TREND
2026-07-15 13:00:00+00:00,ETH,SELL,265.0528034901108,0.26505280349011084,0.15,S3_TREND
2026-07-15 14:00:00+00:00,BTC,BUY,4.6865514935579995,0.004686551493558,0.15,S3_TREND
2026-07-15 14:00:00+00:00,ETH,BUY,4.971227426858604,0.004971227426858605,0.15,S3_TREND
2026-07-15 15:00:00+00:00,BTC,SELL,42.89724902956186,0.042897249029561865,0.15,S3_TREND
2026-07-15 15:00:00+00:00,ETH,SELL,36.68344959971546,0.03668344959971546,0.15,S3_TREND
2026-07-15 16:00:00+00:00,BTC,SELL,6.400802271351495,0.006400802271351495,0.15,S3_TREND
2026-07-15 16:00:00+00:00,ETH,BUY,8.678153672115513,0.008678153672115514,0.15,S3_TREND
2026-07-15 17:00:00+00:00,BTC,BUY,41.98961311680978,0.04198961311680978,0.15,S3_TREND
2026-07-15 17:00:00+00:00,ETH,BUY,65.54167010946185,0.06554167010946185,0.15,S3_TREND
2026-07-15 17:00:00+00:00,SOL,BUY,13846.253954052454,13.846253954052454,0.15,S3_TREND
2026-07-15 18:00:00+00:00,BTC,BUY,23.67454519871353,0.02367454519871353,0.15,S3_TREND
2026-07-15 18:00:00+00:00,ETH,SELL,50.022417573862185,0.050022417573862187,0.15,S3_TREND
2026-07-15 18:00:00+00:00,SOL,SELL,23.971045628924912,0.023971045628924912,0.15,S3_TREND
2026-07-15 19:00:00+00:00,BTC,BUY,25.614304946710035,0.025614304946710038,0.15,S3_TREND
2026-07-15 19:00:00+00:00,ETH,BUY,8.714617944093334,0.008714617944093334,0.15,S3_TREND
2026-07-15 19:00:00+00:00,SOL,BUY,24.799796723236796,0.024799796723236796,0.15,S3_TREND
2026-07-15 20:00:00+00:00,BTC,SELL,32.606655071991554,0.03260665507199156,0.15,S3_TREND
2026-07-15 20:00:00+00:00,ETH,SELL,5.266985935495541,0.0052669859354955405,0.15,S3_TREND
2026-07-15 20:00:00+00:00,SOL,BUY,65.56493842593045,0.06556493842593045,0.15,S3_TREND
2026-07-15 21:00:00+00:00,BTC,BUY,6.616294520552401,0.0066162945205524015,0.15,S3_TREND
2026-07-15 21:00:00+00:00,ETH,BUY,7.5077874217404315,0.007507787421740432,0.15,S3_TREND
2026-07-15 21:00:00+00:00,SOL,SELL,31.21240864761057,0.03121240864761057,0.15,S3_TREND
2026-07-15 22:00:00+00:00,BTC,BUY,23.11605003434488,0.02311605003434488,0.15,S3_TREND
2026-07-15 22:00:00+00:00,ETH,BUY,7.225434707255772,0.007225434707255772,0.15,S3_TREND
2026-07-15 22:00:00+00:00,SOL,SELL,10.726501933242616,0.010726501933242616,0.15,S3_TREND
2026-07-15 23:00:00+00:00,BTC,SELL,2.5016168003512576,0.0025016168003512574,0.15,S3_TREND
2026-07-15 23:00:00+00:00,ETH,SELL,5.833512182245613,0.0058335121822456135,0.15,S3_TREND
2026-07-15 23:00:00+00:00,SOL,SELL,8.050173903318864,0.008050173903318865,0.15,S3_TREND
2026-07-16 00:00:00+00:00,BTC,BUY,8.691545663363286,0.008691545663363286,0.15,S3_TREND
2026-07-16 00:00:00+00:00,ETH,BUY,25.157545454911087,0.025157545454911088,0.15,S3_TREND
2026-07-16 00:00:00+00:00,SOL,BUY,20.805278443487623,0.020805278443487625,0.15,S3_TREND
2026-07-16 01:00:00+00:00,BTC,BUY,18.859160699703352,0.018859160699703354,0.15,S3_TREND
2026-07-16 01:00:00+00:00,ETH,BUY,3.795383080272586,0.003795383080272586,0.15,S3_TREND
2026-07-16 01:00:00+00:00,SOL,BUY,42.91134592612434,0.04291134592612434,0.15,S3_TREND
2026-07-16 02:00:00+00:00,BTC,SELL,14.006760473585018,0.014006760473585018,0.15,S3_TREND
2026-07-16 02:00:00+00:00,ETH,SELL,39.33291069049665,0.039332910690496645,0.15,S3_TREND
2026-07-16 02:00:00+00:00,SOL,SELL,9.728206269695875,0.009728206269695875,0.15,S3_TREND
2026-07-16 03:00:00+00:00,BTC,BUY,19.91566488301214,0.019915664883012142,0.15,S3_TREND
2026-07-16 03:00:00+00:00,ETH,SELL,18.06560504540721,0.01806560504540721,0.15,S3_TREND
2026-07-16 03:00:00+00:00,SOL,SELL,6.044412803843444,0.006044412803843444,0.15,S3_TREND
2026-07-16 04:00:00+00:00,BTC,SELL,8.010888220171182,0.008010888220171182,0.15,S3_TREND
2026-07-16 04:00:00+00:00,ETH,BUY,35.087028583267966,0.03508702858326797,0.15,S3_TREND
2026-07-16 04:00:00+00:00,SOL,BUY,19.532508468733795,0.019532508468733795,0.15,S3_TREND
2026-07-16 05:00:00+00:00,BTC,SELL,9.406131143754465,0.009406131143754465,0.15,S3_TREND
2026-07-16 05:00:00+00:00,SOL,BUY,20.352922422709526,0.020352922422709526,0.15,S3_TREND
2026-07-16 06:00:00+00:00,BTC,SELL,22.64368134949109,0.02264368134949109,0.15,S3_TREND
2026-07-16 06:00:00+00:00,ETH,SELL,18.42071390838828,0.01842071390838828,0.15,S3_TREND
2026-07-16 06:00:00+00:00,SOL,SELL,85.83669684671078,0.08583669684671077,0.15,S3_TREND
2026-07-16 07:00:00+00:00,BTC,BUY,18.367661099682664,0.018367661099682665,0.15,S3_TREND
2026-07-16 07:00:00+00:00,ETH,BUY,10.731899901069482,0.010731899901069483,0.15,S3_TREND
2026-07-16 07:00:00+00:00,SOL,BUY,13.38438239271818,0.013384382392718181,0.15,S3_TREND
2026-07-16 08:00:00+00:00,BTC,BUY,60.08132935620233,0.060081329356202334,0.15,S3_TREND
2026-07-16 08:00:00+00:00,ETH,BUY,30.54025622016161,0.03054025622016161,0.15,S3_TREND
2026-07-16 08:00:00+00:00,SOL,BUY,111.21193971329558,0.11121193971329559,0.15,S3_TREND
2026-07-16 09:00:00+00:00,BTC,SELL,13.350895608617066,0.013350895608617066,0.15,S3_TREND
2026-07-16 09:00:00+00:00,ETH,BUY,139.80042917854553,0.13980042917854554,0.15,S3_TREND
2026-07-16 09:00:00+00:00,SOL,BUY,9.68071082280403,0.00968071082280403,0.15,S3_TREND
2026-07-16 10:00:00+00:00,BTC,BUY,1.6294975943583268,0.0016294975943583268,0.15,S3_TREND
2026-07-16 10:00:00+00:00,ETH,BUY,4.002926521778136,0.004002926521778136,0.15,S3_TREND
2026-07-16 10:00:00+00:00,SOL,BUY,17.181287535389856,0.017181287535389857,0.15,S3_TREND
2026-07-16 11:00:00+00:00,BTC,SELL,14.782710503302951,0.01478271050330295,0.15,S3_TREND
2026-07-16 11:00:00+00:00,ETH,SELL,15.057472109585435,0.015057472109585435,0.15,S3_TREND
2026-07-16 11:00:00+00:00,SOL,SELL,19.151470542252355,0.019151470542252354,0.15,S3_TREND
2026-07-16 12:00:00+00:00,BTC,SELL,8.407818191586557,0.008407818191586557,0.15,S3_TREND
2026-07-16 12:00:00+00:00,ETH,BUY,23.281606136115442,0.02328160613611544,0.15,S3_TREND
2026-07-16 12:00:00+00:00,SOL,SELL,11.699527127055262,0.011699527127055262,0.15,S3_TREND
2026-07-16 13:00:00+00:00,BTC,BUY,29.448973284197564,0.029448973284197565,0.15,S3_TREND
2026-07-16 13:00:00+00:00,ETH,BUY,59.96754367507674,0.05996754367507674,0.15,S3_TREND
2026-07-16 13:00:00+00:00,SOL,BUY,30.381603288147744,0.030381603288147745,0.15,S3_TREND
2026-07-16 14:00:00+00:00,BTC,SELL,51.53455817368376,0.05153455817368376,0.15,S3_TREND
2026-07-16 14:00:00+00:00,ETH,SELL,38.70833896167642,0.03870833896167642,0.15,S3_TREND
2026-07-16 14:00:00+00:00,SOL,SELL,43.11967380018905,0.04311967380018905,0.15,S3_TREND
2026-07-16 15:00:00+00:00,BTC,SELL,25.85674973641835,0.02585674973641835,0.15,S3_TREND
2026-07-16 15:00:00+00:00,ETH,BUY,4.657911307889663,0.004657911307889662,0.15,S3_TREND
2026-07-16 15:00:00+00:00,SOL,SELL,15.288506597920787,0.015288506597920786,0.15,S3_TREND
2026-07-16 16:00:00+00:00,BTC,SELL,27.49341816935157,0.027493418169351573,0.15,S3_TREND
2026-07-16 16:00:00+00:00,ETH,BUY,18.773061309439072,0.018773061309439072,0.15,S3_TREND
2026-07-16 16:00:00+00:00,SOL,SELL,16.508824040860418,0.016508824040860418,0.15,S3_TREND
2026-07-16 17:00:00+00:00,BTC,BUY,26.91857661701033,0.02691857661701033,0.15,S3_TREND
2026-07-16 17:00:00+00:00,ETH,BUY,1.83681192761469,0.00183681192761469,0.15,S3_TREND
2026-07-16 17:00:00+00:00,SOL,BUY,44.62802255282804,0.044628022552828044,0.15,S3_TREND
2026-07-16 18:00:00+00:00,BTC,BUY,46.645575341366566,0.04664557534136657,0.15,S3_TREND
2026-07-16 18:00:00+00:00,ETH,BUY,31.203310115115528,0.03120331011511553,0.15,S3_TREND
2026-07-16 18:00:00+00:00,SOL,BUY,75.32946513719253,0.07532946513719253,0.15,S3_TREND
2026-07-16 19:00:00+00:00,BTC,SELL,21.581632695104418,0.02158163269510442,0.15,S3_TREND
2026-07-16 19:00:00+00:00,ETH,SELL,34.54117643551763,0.03454117643551763,0.15,S3_TREND
2026-07-16 19:00:00+00:00,SOL,SELL,3.666420137824389,0.0036664201378243887,0.15,S3_TREND
2026-07-16 20:00:00+00:00,BTC,SELL,3.0819363872669783,0.0030819363872669784,0.15,S3_TREND
2026-07-16 20:00:00+00:00,ETH,BUY,4.3367470025405055,0.004336747002540505,0.15,S3_TREND
2026-07-16 20:00:00+00:00,SOL,SELL,10.24443600684208,0.01024443600684208,0.15,S3_TREND
2026-07-16 21:00:00+00:00,BTC,BUY,24.2735691248472,0.0242735691248472,0.15,S3_TREND
2026-07-16 21:00:00+00:00,ETH,BUY,17.623332392266093,0.017623332392266093,0.15,S3_TREND
2026-07-16 21:00:00+00:00,SOL,SELL,7.559506316072656,0.0075595063160726565,0.15,S3_TREND
2026-07-16 22:00:00+00:00,BTC,BUY,3.0927659966055217,0.0030927659966055216,0.15,S3_TREND
2026-07-16 22:00:00+00:00,ETH,SELL,36.28317007512305,0.03628317007512305,0.15,S3_TREND
2026-07-16 22:00:00+00:00,SOL,SELL,15.640806958854228,0.01564080695885423,0.15,S3_TREND
2026-07-16 23:00:00+00:00,BTC,BUY,7.468848744782008,0.007468848744782008,0.15,S3_TREND
2026-07-16 23:00:00+00:00,ETH,BUY,37.42002351751944,0.03742002351751944,0.15,S3_TREND
2026-07-16 23:00:00+00:00,SOL,BUY,79.81558052947003,0.07981558052947003,0.15,S3_TREND
2026-07-17 00:00:00+00:00,BTC,BUY,20.730407978109724,0.020730407978109724,0.15,S3_TREND
2026-07-17 00:00:00+00:00,ETH,BUY,21.856607691002864,0.021856607691002866,0.15,S3_TREND
2026-07-17 00:00:00+00:00,SOL,SELL,10.580621909639376,0.010580621909639376,0.15,S3_TREND
2026-07-17 01:00:00+00:00,BTC,SELL,2.7416809075366473,0.002741680907536647,0.15,S3_TREND
2026-07-17 01:00:00+00:00,ETH,BUY,1.4412775342716486,0.0014412775342716485,0.15,S3_TREND
2026-07-17 01:00:00+00:00,SOL,SELL,32.55389308616577,0.03255389308616577,0.15,S3_TREND
2026-07-17 02:00:00+00:00,BTC,BUY,33.092359713291444,0.03309235971329144,0.15,S3_TREND
2026-07-17 02:00:00+00:00,ETH,BUY,67.04941557657003,0.06704941557657003,0.15,S3_TREND
2026-07-17 02:00:00+00:00,SOL,BUY,45.44339739458155,0.04544339739458155,0.15,S3_TREND
2026-07-17 03:00:00+00:00,BTC,BUY,5.7936038753050525,0.005793603875305053,0.15,S3_TREND
2026-07-17 03:00:00+00:00,ETH,BUY,15.07212924185842,0.01507212924185842,0.15,S3_TREND
2026-07-17 03:00:00+00:00,SOL,BUY,8.352965521668011,0.008352965521668011,0.15,S3_TREND
2026-07-17 04:00:00+00:00,BTC,SELL,4.887362369610855,0.004887362369610855,0.15,S3_TREND
2026-07-17 04:00:00+00:00,ETH,SELL,18.75206299702404,0.01875206299702404,0.15,S3_TREND
2026-07-17 04:00:00+00:00,SOL,SELL,27.813462224394243,0.027813462224394243,0.15,S3_TREND
2026-07-17 05:00:00+00:00,BTC,BUY,12.598142821663714,0.012598142821663714,0.15,S3_TREND
2026-07-17 05:00:00+00:00,ETH,BUY,12.763268736383907,0.012763268736383906,0.15,S3_TREND
2026-07-17 05:00:00+00:00,SOL,SELL,13656.883070138258,13.656883070138258,0.0,CASH
2026-07-17 06:00:00+00:00,BTC,BUY,87.15426167909573,0.08715426167909572,0.15,S3_TREND
2026-07-17 06:00:00+00:00,ETH,BUY,140.93014755218064,0.14093014755218064,0.15,S3_TREND
2026-07-17 06:00:00+00:00,SOL,BUY,6799.8151581235625,6.799815158123563,0.075,S6_REVERSAL
2026-07-17 07:00:00+00:00,BTC,SELL,8.723048795527575,0.008723048795527575,0.15,S3_TREND
2026-07-17 07:00:00+00:00,ETH,SELL,47.708426434841385,0.04770842643484138,0.15,S3_TREND
2026-07-17 07:00:00+00:00,SOL,SELL,11.845694313480635,0.011845694313480636,0.075,S6_REVERSAL
2026-07-17 08:00:00+00:00,BTC,BUY,18.07970256331282,0.018079702563312823,0.15,S3_TREND
2026-07-17 08:00:00+00:00,ETH,BUY,20.310265863035966,0.020310265863035967,0.15,S3_TREND
2026-07-17 08:00:00+00:00,SOL,SELL,5.7499702698305555,0.0057499702698305555,0.075,S6_REVERSAL
2026-07-17 09:00:00+00:00,BTC,SELL,6814.942946223635,6.814942946223635,0.075,S6_REVERSAL
2026-07-17 09:00:00+00:00,ETH,SELL,9.66469487611721,0.00966469487611721,0.15,S3_TREND
2026-07-17 09:00:00+00:00,SOL,BUY,9.474942556319547,0.009474942556319548,0.075,S6_REVERSAL
2026-07-17 10:00:00+00:00,BTC,SELL,7.022028046637388,0.007022028046637388,0.075,S6_REVERSAL
2026-07-17 10:00:00+00:00,ETH,SELL,28.821728672761306,0.028821728672761306,0.15,S3_TREND
2026-07-17 10:00:00+00:00,SOL,SELL,7.912874118523177,0.007912874118523176,0.075,S6_REVERSAL
2026-07-17 11:00:00+00:00,BTC,SELL,17.040123013376615,0.017040123013376617,0.075,S6_REVERSAL
2026-07-17 11:00:00+00:00,ETH,SELL,6.861428583959423,0.0068614285839594235,0.15,S3_TREND
2026-07-17 11:00:00+00:00,SOL,SELL,9.222676572275304,0.009222676572275304,0.075,S6_REVERSAL
2026-07-17 12:00:00+00:00,BTC,SELL,10.218700396733766,0.010218700396733766,0.075,S6_REVERSAL
2026-07-17 12:00:00+00:00,ETH,SELL,10.324872581833915,0.010324872581833915,0.15,S3_TREND
2026-07-17 12:00:00+00:00,SOL,SELL,2.950505391041588,0.0029505053910415884,0.075,S6_REVERSAL
2026-07-17 13:00:00+00:00,BTC,BUY,10.758461664394417,0.010758461664394418,0.075,S6_REVERSAL
2026-07-17 13:00:00+00:00,ETH,BUY,56.71934362927641,0.05671934362927641,0.15,S3_TREND
2026-07-17 13:00:00+00:00,SOL,BUY,31.289211505767526,0.03128921150576753,0.075,S6_REVERSAL
2026-07-17 14:00:00+00:00,BTC,SELL,7.526656448186259,0.0075266564481862586,0.075,S6_REVERSAL
2026-07-17 14:00:00+00:00,ETH,BUY,19.269543339962183,0.019269543339962183,0.15,S3_TREND
2026-07-17 14:00:00+00:00,SOL,BUY,3.8100763647780695,0.0038100763647780696,0.075,S6_REVERSAL
2026-07-17 15:00:00+00:00,BTC,SELL,4.00001279512162,0.00400001279512162,0.075,S6_REVERSAL
2026-07-17 15:00:00+00:00,ETH,SELL,6779.215316783694,6.779215316783694,0.075,S6_REVERSAL
2026-07-17 16:00:00+00:00,BTC,SELL,22.588474890664656,0.022588474890664657,0.075,S6_REVERSAL
2026-07-17 16:00:00+00:00,ETH,SELL,25.24493350447483,0.02524493350447483,0.075,S6_REVERSAL
2026-07-17 16:00:00+00:00,SOL,SELL,34.76966992649068,0.03476966992649068,0.075,S6_REVERSAL
2026-07-17 17:00:00+00:00,BTC,SELL,11.5380584853674,0.011538058485367401,0.075,S6_REVERSAL
2026-07-17 17:00:00+00:00,ETH,SELL,14.968647407855316,0.014968647407855317,0.075,S6_REVERSAL
2026-07-17 17:00:00+00:00,SOL,SELL,11.77920948170322,0.01177920948170322,0.075,S6_REVERSAL
2026-07-17 18:00:00+00:00,BTC,SELL,41.01648180267239,0.04101648180267239,0.075,S6_REVERSAL
2026-07-17 18:00:00+00:00,ETH,SELL,21.167180920790088,0.021167180920790087,0.075,S6_REVERSAL
2026-07-17 18:00:00+00:00,SOL,SELL,18.54630514920882,0.01854630514920882,0.075,S6_REVERSAL
2026-07-17 19:00:00+00:00,BTC,SELL,19.22752636462701,0.01922752636462701,0.075,S6_REVERSAL
2026-07-17 19:00:00+00:00,ETH,SELL,8.939594557036799,0.008939594557036799,0.075,S6_REVERSAL
2026-07-17 19:00:00+00:00,SOL,SELL,4.132697860234657,0.004132697860234657,0.075,S6_REVERSAL
2026-07-17 20:00:00+00:00,BTC,SELL,6811.87378140237,6.81187378140237,0.0,CASH
2026-07-17 20:00:00+00:00,ETH,BUY,9.396611751867567,0.009396611751867567,0.075,S6_REVERSAL
2026-07-17 20:00:00+00:00,SOL,BUY,8.371998753331354,0.008371998753331354,0.075,S6_REVERSAL
2026-07-17 21:00:00+00:00,ETH,BUY,1.715448783967986,0.001715448783967986,0.075,S6_REVERSAL
2026-07-17 21:00:00+00:00,SOL,BUY,6.807453672963675,0.006807453672963675,0.075,S6_REVERSAL
2026-07-17 22:00:00+00:00,ETH,BUY,4.041337988071973,0.004041337988071973,0.075,S6_REVERSAL
2026-07-17 22:00:00+00:00,SOL,BUY,8.013626797934194,0.008013626797934194,0.075,S6_REVERSAL
2026-07-17 23:00:00+00:00,ETH,BUY,5.6486647556957905,0.005648664755695791,0.075,S6_REVERSAL
2026-07-17 23:00:00+00:00,SOL,SELL,2.12933949181388,0.00212933949181388,0.075,S6_REVERSAL
2026-07-18 00:00:00+00:00,ETH,SELL,6.786861331015643,0.006786861331015644,0.075,S6_REVERSAL
2026-07-18 01:00:00+00:00,ETH,BUY,4.174539487162292,0.004174539487162292,0.075,S6_REVERSAL
2026-07-18 01:00:00+00:00,SOL,SELL,5.63381330183347,0.00563381330183347,0.075,S6_REVERSAL
2026-07-18 02:00:00+00:00,ETH,SELL,4.768327826418499,0.004768327826418499,0.075,S6_REVERSAL
2026-07-18 02:00:00+00:00,SOL,SELL,10.45917671942152,0.010459176719421521,0.075,S6_REVERSAL
2026-07-18 03:00:00+00:00,ETH,BUY,1.8485243717532285,0.0018485243717532285,0.075,S6_REVERSAL
2026-07-18 03:00:00+00:00,SOL,BUY,1.51479179126909,0.00151479179126909,0.075,S6_REVERSAL
2026-07-18 04:00:00+00:00,ETH,SELL,12.781232843925864,0.012781232843925863,0.075,S6_REVERSAL
2026-07-18 04:00:00+00:00,SOL,SELL,6833.426333647226,6.833426333647226,0.0,CASH
2026-07-18 05:00:00+00:00,ETH,SELL,6816.476249839161,6.816476249839162,0.0,CASH
2026-07-19 07:00:00+00:00,BTC,BUY,13639.516533511995,13.639516533511994,0.15,S3_TREND
2026-07-19 08:00:00+00:00,BTC,SELL,1.9294750603057764,0.0019294750603057764,0.15,S3_TREND
2026-07-19 10:00:00+00:00,BTC,BUY,36.01245299954098,0.036012452999540985,0.15,S3_TREND
2026-07-19 11:00:00+00:00,BTC,SELL,15.271974231007334,0.015271974231007335,0.15,S3_TREND
2026-07-19 12:00:00+00:00,BTC,BUY,22.845034153362576,0.022845034153362576,0.15,S3_TREND
2026-07-19 13:00:00+00:00,BTC,BUY,4.7570111652275955,0.004757011165227596,0.15,S3_TREND
2026-07-19 14:00:00+00:00,BTC,SELL,7.579805254454186,0.007579805254454186,0.15,S3_TREND
2026-07-19 14:00:00+00:00,SOL,BUY,13630.242372996678,13.630242372996678,0.15,S3_TREND
2026-07-19 15:00:00+00:00,BTC,SELL,13.4380260273756,0.013438026027375599,0.15,S3_TREND
2026-07-19 15:00:00+00:00,ETH,BUY,13640.002890413349,13.64000289041335,0.15,S3_TREND
2026-07-19 15:00:00+00:00,SOL,SELL,45.74887742869032,0.04574887742869032,0.15,S3_TREND
2026-07-19 16:00:00+00:00,BTC,SELL,10.412637507473846,0.010412637507473847,0.15,S3_TREND
2026-07-19 16:00:00+00:00,ETH,BUY,15.455713512208604,0.015455713512208605,0.15,S3_TREND
2026-07-19 16:00:00+00:00,SOL,BUY,25.430358826839438,0.025430358826839437,0.15,S3_TREND
2026-07-19 17:00:00+00:00,BTC,SELL,4.184475669546373,0.004184475669546373,0.15,S3_TREND
2026-07-19 17:00:00+00:00,ETH,BUY,15.918272144310322,0.01591827214431032,0.15,S3_TREND
2026-07-19 17:00:00+00:00,SOL,BUY,39.61977950227447,0.03961977950227447,0.15,S3_TREND
2026-07-19 18:00:00+00:00,ETH,SELL,1.3093066618966986,0.0013093066618966986,0.15,S3_TREND
2026-07-19 18:00:00+00:00,SOL,SELL,5.346243107755072,0.005346243107755072,0.15,S3_TREND
2026-07-19 19:00:00+00:00,BTC,BUY,10.762377923325403,0.010762377923325402,0.15,S3_TREND
2026-07-19 19:00:00+00:00,ETH,BUY,28.446652866614386,0.028446652866614387,0.15,S3_TREND
2026-07-19 19:00:00+00:00,SOL,BUY,19.74261231973287,0.019742612319732872,0.15,S3_TREND
2026-07-19 20:00:00+00:00,BTC,SELL,2.7789712028697977,0.0027789712028697977,0.15,S3_TREND
2026-07-19 20:00:00+00:00,ETH,SELL,2.9239942679178057,0.0029239942679178056,0.15,S3_TREND
2026-07-19 20:00:00+00:00,SOL,SELL,17.126203124484164,0.017126203124484166,0.15,S3_TREND
2026-07-19 21:00:00+00:00,BTC,SELL,1.2141080175133538,0.0012141080175133538,0.15,S3_TREND
2026-07-19 21:00:00+00:00,ETH,SELL,20.63875013517827,0.020638750135178272,0.15,S3_TREND
2026-07-19 21:00:00+00:00,SOL,SELL,30.53864421671824,0.03053864421671824,0.15,S3_TREND
2026-07-19 22:00:00+00:00,BTC,BUY,6.400343051680466,0.006400343051680466,0.15,S3_TREND
2026-07-19 22:00:00+00:00,ETH,BUY,17.713840229853304,0.017713840229853305,0.15,S3_TREND
2026-07-19 22:00:00+00:00,SOL,BUY,45.41976928484837,0.04541976928484837,0.15,S3_TREND
2026-07-19 23:00:00+00:00,BTC,SELL,28.74750511975435,0.028747505119754352,0.15,S3_TREND
2026-07-19 23:00:00+00:00,ETH,SELL,34.84990221382941,0.03484990221382941,0.15,S3_TREND
2026-07-19 23:00:00+00:00,SOL,SELL,31.513866749759476,0.03151386674975948,0.15,S3_TREND
2026-07-20 00:00:00+00:00,ETH,SELL,2.126637957569983,0.002126637957569983,0.15,S3_TREND
2026-07-20 00:00:00+00:00,SOL,SELL,39.151835651675356,0.039151835651675355,0.15,S3_TREND
2026-07-20 01:00:00+00:00,BTC,BUY,36.083749190624076,0.03608374919062408,0.15,S3_TREND
2026-07-20 01:00:00+00:00,SOL,SELL,34.284006780082564,0.03428400678008257,0.15,S3_TREND
2026-07-20 02:00:00+00:00,BTC,SELL,20.94464640584738,0.02094464640584738,0.15,S3_TREND
2026-07-20 02:00:00+00:00,ETH,BUY,13.813290497530033,0.013813290497530033,0.15,S3_TREND
2026-07-20 02:00:00+00:00,SOL,BUY,26.781894713167276,0.026781894713167276,0.15,S3_TREND
2026-07-20 03:00:00+00:00,BTC,SELL,9.54812286314882,0.009548122863148819,0.15,S3_TREND
2026-07-20 03:00:00+00:00,ETH,SELL,36.73241265965953,0.036732412659659534,0.15,S3_TREND
2026-07-20 03:00:00+00:00,SOL,SELL,72.82417256783629,0.07282417256783628,0.15,S3_TREND
2026-07-20 04:00:00+00:00,BTC,SELL,12.548542786751568,0.012548542786751568,0.15,S3_TREND
2026-07-20 04:00:00+00:00,ETH,SELL,9.968438568792408,0.009968438568792409,0.15,S3_TREND
2026-07-20 04:00:00+00:00,SOL,BUY,35.48383913638099,0.03548383913638099,0.15,S3_TREND
2026-07-20 05:00:00+00:00,BTC,BUY,39.03762700052539,0.03903762700052539,0.15,S3_TREND
2026-07-20 05:00:00+00:00,ETH,BUY,49.448315632895174,0.04944831563289517,0.15,S3_TREND
2026-07-20 05:00:00+00:00,SOL,BUY,22.977480738043596,0.022977480738043597,0.15,S3_TREND
2026-07-20 06:00:00+00:00,BTC,BUY,45.01314499051841,0.045013144990518415,0.15,S3_TREND
2026-07-20 06:00:00+00:00,ETH,BUY,56.387789967697245,0.05638778996769724,0.15,S3_TREND
2026-07-20 06:00:00+00:00,SOL,BUY,52.4862432701957,0.0524862432701957,0.15,S3_TREND
2026-07-20 07:00:00+00:00,BTC,BUY,23.72541934345827,0.02372541934345827,0.15,S3_TREND
2026-07-20 07:00:00+00:00,ETH,BUY,21.186614422376806,0.021186614422376807,0.15,S3_TREND
2026-07-20 07:00:00+00:00,SOL,BUY,31.12180702444857,0.031121807024448573,0.15,S3_TREND
2026-07-20 08:00:00+00:00,BTC,SELL,34.07994503613372,0.03407994503613372,0.15,S3_TREND
2026-07-20 08:00:00+00:00,ETH,SELL,61.53900049750882,0.06153900049750882,0.15,S3_TREND
2026-07-20 08:00:00+00:00,SOL,SELL,61.27160110103614,0.06127160110103614,0.15,S3_TREND
2026-07-20 09:00:00+00:00,BTC,BUY,36.535855677035215,0.03653585567703522,0.15,S3_TREND
2026-07-20 09:00:00+00:00,ETH,BUY,9.374047425311801,0.009374047425311801,0.15,S3_TREND
2026-07-20 09:00:00+00:00,SOL,SELL,1.4529650884469447,0.0014529650884469447,0.15,S3_TREND
2026-07-20 10:00:00+00:00,BTC,SELL,15.233309371498763,0.015233309371498763,0.15,S3_TREND
2026-07-20 10:00:00+00:00,ETH,SELL,6.507922187023723,0.006507922187023724,0.15,S3_TREND
2026-07-20 10:00:00+00:00,SOL,SELL,38.84220229521634,0.03884220229521634,0.15,S3_TREND
2026-07-20 11:00:00+00:00,BTC,SELL,16.381456498946136,0.016381456498946137,0.15,S3_TREND
2026-07-20 11:00:00+00:00,ETH,SELL,29.220149689934257,0.029220149689934256,0.15,S3_TREND
2026-07-20 11:00:00+00:00,SOL,BUY,26.54608169019957,0.02654608169019957,0.15,S3_TREND
2026-07-20 12:00:00+00:00,BTC,SELL,78.43329357849689,0.07843329357849689,0.15,S3_TREND
2026-07-20 12:00:00+00:00,ETH,SELL,107.44905956426192,0.10744905956426191,0.15,S3_TREND
2026-07-20 12:00:00+00:00,SOL,SELL,70.91567622150978,0.07091567622150978,0.15,S3_TREND
2026-07-20 13:00:00+00:00,BTC,BUY,32.8326513405118,0.032832651340511804,0.15,S3_TREND
2026-07-20 13:00:00+00:00,ETH,BUY,100.27651149781377,0.10027651149781378,0.15,S3_TREND
2026-07-20 13:00:00+00:00,SOL,BUY,25.805114580181908,0.025805114580181907,0.15,S3_TREND
2026-07-20 14:00:00+00:00,BTC,BUY,29.175603475854587,0.029175603475854586,0.15,S3_TREND
2026-07-20 14:00:00+00:00,ETH,BUY,44.34180725578881,0.04434180725578881,0.15,S3_TREND
2026-07-20 14:00:00+00:00,SOL,BUY,48.47841869673357,0.04847841869673357,0.15,S3_TREND
2026-07-20 15:00:00+00:00,BTC,SELL,10.603256245540251,0.010603256245540251,0.15,S3_TREND
2026-07-20 15:00:00+00:00,ETH,SELL,34.32494693089575,0.03432494693089575,0.15,S3_TREND
2026-07-20 15:00:00+00:00,SOL,BUY,27.828424440624076,0.027828424440624076,0.15,S3_TREND
2026-07-20 16:00:00+00:00,BTC,SELL,131.82553297463346,0.13182553297463345,0.15,S3_TREND
2026-07-20 16:00:00+00:00,ETH,SELL,132.05544590551472,0.1320554459055147,0.15,S3_TREND
2026-07-20 16:00:00+00:00,SOL,SELL,169.66744277977523,0.16966744277977525,0.15,S3_TREND
2026-07-20 17:00:00+00:00,BTC,BUY,9.910811935113088,0.009910811935113088,0.15,S3_TREND
2026-07-20 17:00:00+00:00,ETH,BUY,12.169379673381627,0.012169379673381628,0.15,S3_TREND
2026-07-20 17:00:00+00:00,SOL,BUY,10.441576106064531,0.010441576106064531,0.15,S3_TREND
2026-07-20 18:00:00+00:00,BTC,SELL,2.7035355671177967,0.0027035355671177967,0.15,S3_TREND
2026-07-20 18:00:00+00:00,ETH,SELL,46.53849464916311,0.04653849464916311,0.15,S3_TREND
2026-07-20 18:00:00+00:00,SOL,SELL,1.9549349246335623,0.001954934924633562,0.15,S3_TREND
2026-07-20 19:00:00+00:00,BTC,BUY,50.65235814266089,0.05065235814266089,0.15,S3_TREND
2026-07-20 19:00:00+00:00,ETH,BUY,37.24191856107973,0.03724191856107973,0.15,S3_TREND
2026-07-20 19:00:00+00:00,SOL,SELL,6.34740708107529,0.00634740708107529,0.15,S3_TREND
2026-07-20 20:00:00+00:00,BTC,BUY,15.8264151505864,0.0158264151505864,0.15,S3_TREND
2026-07-20 20:00:00+00:00,ETH,BUY,2.8717931502214924,0.0028717931502214925,0.15,S3_TREND
2026-07-20 20:00:00+00:00,SOL,SELL,1.250893156742677,0.001250893156742677,0.15,S3_TREND
2026-07-20 21:00:00+00:00,BTC,SELL,27.1076613587702,0.027107661358770203,0.15,S3_TREND
2026-07-20 21:00:00+00:00,ETH,SELL,25.63483648629517,0.025634836486295172,0.15,S3_TREND
2026-07-20 21:00:00+00:00,SOL,SELL,22.011997760560917,0.022011997760560918,0.15,S3_TREND
2026-07-20 22:00:00+00:00,BTC,BUY,8.286719940513649,0.00828671994051365,0.15,S3_TREND
2026-07-20 22:00:00+00:00,ETH,BUY,8.240639304576689,0.00824063930457669,0.15,S3_TREND
2026-07-20 22:00:00+00:00,SOL,BUY,15.841964426048435,0.015841964426048436,0.15,S3_TREND
2026-07-20 23:00:00+00:00,BTC,BUY,10.493063090087162,0.010493063090087162,0.15,S3_TREND
2026-07-20 23:00:00+00:00,ETH,BUY,28.841980965684343,0.028841980965684345,0.15,S3_TREND
2026-07-20 23:00:00+00:00,SOL,BUY,33.18264608872596,0.03318264608872596,0.15,S3_TREND
2026-07-21 00:00:00+00:00,ETH,SELL,41.16098031024194,0.04116098031024194,0.15,S3_TREND
2026-07-21 00:00:00+00:00,SOL,SELL,48.29521879393542,0.04829521879393542,0.15,S3_TREND
2026-07-21 01:00:00+00:00,BTC,SELL,37.788690851901265,0.037788690851901265,0.15,S3_TREND
2026-07-21 01:00:00+00:00,ETH,SELL,44.72849772477821,0.04472849772477821,0.15,S3_TREND
2026-07-21 01:00:00+00:00,SOL,SELL,18.283894766915182,0.018283894766915183,0.15,S3_TREND
2026-07-21 02:00:00+00:00,BTC,BUY,44.26516065378382,0.044265160653783824,0.15,S3_TREND
2026-07-21 02:00:00+00:00,ETH,BUY,27.03279765980369,0.02703279765980369,0.15,S3_TREND
2026-07-21 02:00:00+00:00,SOL,BUY,22.066572711753906,0.022066572711753905,0.15,S3_TREND
2026-07-21 03:00:00+00:00,BTC,SELL,16.32260627118012,0.01632260627118012,0.15,S3_TREND
2026-07-21 03:00:00+00:00,ETH,SELL,49.38266186360852,0.04938266186360852,0.15,S3_TREND
2026-07-21 03:00:00+00:00,SOL,SELL,12.27743536062917,0.01227743536062917,0.15,S3_TREND
2026-07-21 04:00:00+00:00,BTC,SELL,12.660448495355013,0.012660448495355013,0.15,S3_TREND
2026-07-21 04:00:00+00:00,ETH,SELL,48.25968868759992,0.048259688687599916,0.15,S3_TREND
2026-07-21 04:00:00+00:00,SOL,SELL,10.506178628676937,0.010506178628676937,0.15,S3_TREND
2026-07-21 05:00:00+00:00,BTC,BUY,3.5642754306809366,0.0035642754306809367,0.15,S3_TREND
2026-07-21 05:00:00+00:00,ETH,BUY,9.52893191154726,0.00952893191154726,0.15,S3_TREND
2026-07-21 05:00:00+00:00,SOL,BUY,8.24998957860771,0.008249989578607711,0.15,S3_TREND
2026-07-21 06:00:00+00:00,BTC,SELL,25.609136316696095,0.025609136316696094,0.15,S3_TREND
2026-07-21 06:00:00+00:00,ETH,SELL,20.080166751988145,0.020080166751988145,0.15,S3_TREND
2026-07-21 06:00:00+00:00,SOL,SELL,37.29389630220612,0.03729389630220612,0.15,S3_TREND
2026-07-21 07:00:00+00:00,BTC,SELL,18.4666344232719,0.0184666344232719,0.15,S3_TREND
2026-07-21 07:00:00+00:00,ETH,SELL,16.537226357464533,0.016537226357464532,0.15,S3_TREND
2026-07-21 07:00:00+00:00,SOL,SELL,21.517280565700275,0.021517280565700275,0.15,S3_TREND
2026-07-21 08:00:00+00:00,BTC,SELL,52.42414892195666,0.05242414892195666,0.15,S3_TREND
2026-07-21 08:00:00+00:00,ETH,BUY,11.784991551428902,0.011784991551428902,0.15,S3_TREND
2026-07-21 08:00:00+00:00,SOL,BUY,22.48446780613449,0.02248446780613449,0.15,S3_TREND
2026-07-21 09:00:00+00:00,BTC,SELL,6.17764434642595,0.00617764434642595,0.15,S3_TREND
2026-07-21 09:00:00+00:00,ETH,SELL,38.765282909645975,0.038765282909645975,0.15,S3_TREND
2026-07-21 09:00:00+00:00,SOL,BUY,37.23339704895261,0.037233397048952614,0.15,S3_TREND
2026-07-21 10:00:00+00:00,BTC,SELL,7.454890044440617,0.0074548900444406175,0.15,S3_TREND
2026-07-21 10:00:00+00:00,ETH,SELL,11.082395810220987,0.011082395810220988,0.15,S3_TREND
2026-07-21 10:00:00+00:00,SOL,SELL,4.354135223702542,0.004354135223702542,0.15,S3_TREND
2026-07-21 11:00:00+00:00,BTC,BUY,5.72127694840492,0.0057212769484049205,0.15,S3_TREND
2026-07-21 11:00:00+00:00,ETH,BUY,39.50734936623485,0.03950734936623485,0.15,S3_TREND
2026-07-21 11:00:00+00:00,SOL,BUY,19.374891457937338,0.01937489145793734,0.15,S3_TREND
2026-07-21 12:00:00+00:00,BTC,SELL,24.051157094567316,0.024051157094567316,0.15,S3_TREND
2026-07-21 12:00:00+00:00,SOL,SELL,14.220748170106162,0.014220748170106162,0.15,S3_TREND
2026-07-21 13:00:00+00:00,BTC,SELL,25.630567743364736,0.025630567743364738,0.15,S3_TREND
2026-07-21 13:00:00+00:00,ETH,SELL,32.197691476978434,0.032197691476978436,0.15,S3_TREND
2026-07-21 13:00:00+00:00,SOL,SELL,11.207084722054788,0.011207084722054788,0.15,S3_TREND
2026-07-21 14:00:00+00:00,BTC,SELL,41.47521689046516,0.04147521689046516,0.15,S3_TREND
2026-07-21 14:00:00+00:00,ETH,BUY,23.458584911546495,0.023458584911546496,0.15,S3_TREND
2026-07-21 14:00:00+00:00,SOL,SELL,3.072901647101389,0.003072901647101389,0.15,S3_TREND
2026-07-21 15:00:00+00:00,BTC,SELL,33.99404766879343,0.03399404766879343,0.15,S3_TREND
2026-07-21 15:00:00+00:00,ETH,BUY,37.780659454690976,0.03778065945469098,0.15,S3_TREND
2026-07-21 15:00:00+00:00,SOL,BUY,78.03099010871301,0.07803099010871302,0.15,S3_TREND
2026-07-21 16:00:00+00:00,BTC,BUY,32.73884838261438,0.03273884838261438,0.15,S3_TREND
2026-07-21 16:00:00+00:00,ETH,SELL,1.0168498211241968,0.0010168498211241969,0.15,S3_TREND
2026-07-21 16:00:00+00:00,SOL,SELL,26.308082938625375,0.026308082938625375,0.15,S3_TREND
2026-07-21 17:00:00+00:00,BTC,BUY,19.168477648878252,0.019168477648878253,0.15,S3_TREND
2026-07-21 17:00:00+00:00,ETH,BUY,30.197677002268392,0.030197677002268393,0.15,S3_TREND
2026-07-21 17:00:00+00:00,SOL,SELL,17.53468275915293,0.01753468275915293,0.15,S3_TREND
2026-07-21 18:00:00+00:00,BTC,BUY,37.93808965853532,0.03793808965853532,0.15,S3_TREND
2026-07-21 18:00:00+00:00,ETH,BUY,23.602375886996015,0.023602375886996017,0.15,S3_TREND
2026-07-21 18:00:00+00:00,SOL,BUY,53.37001752875949,0.05337001752875949,0.15,S3_TREND
2026-07-21 19:00:00+00:00,BTC,SELL,14.77457641622459,0.01477457641622459,0.15,S3_TREND
2026-07-21 19:00:00+00:00,SOL,SELL,16.285363899156437,0.016285363899156437,0.15,S3_TREND
2026-07-21 20:00:00+00:00,BTC,SELL,18.33257595608302,0.01833257595608302,0.15,S3_TREND
2026-07-21 20:00:00+00:00,ETH,SELL,17.469703020569796,0.017469703020569795,0.15,S3_TREND
2026-07-21 20:00:00+00:00,SOL,BUY,7.599730029178318,0.007599730029178318,0.15,S3_TREND
2026-07-21 21:00:00+00:00,BTC,BUY,7.6507274447103555,0.007650727444710356,0.15,S3_TREND
2026-07-21 21:00:00+00:00,SOL,SELL,7.355824980959369,0.007355824980959369,0.15,S3_TREND
2026-07-21 22:00:00+00:00,BTC,BUY,8.66306835316027,0.00866306835316027,0.15,S3_TREND
2026-07-21 22:00:00+00:00,ETH,SELL,2.756751031443855,0.002756751031443855,0.15,S3_TREND
2026-07-21 22:00:00+00:00,SOL,SELL,20.59707520743723,0.02059707520743723,0.15,S3_TREND
2026-07-21 23:00:00+00:00,BTC,BUY,9.261396441572288,0.009261396441572287,0.15,S3_TREND
2026-07-21 23:00:00+00:00,ETH,BUY,17.164276480743865,0.017164276480743864,0.15,S3_TREND
2026-07-21 23:00:00+00:00,SOL,BUY,1.2735528596404038,0.0012735528596404038,0.15,S3_TREND
2026-07-22 00:00:00+00:00,BTC,SELL,30.912107898702743,0.030912107898702745,0.15,S3_TREND
2026-07-22 00:00:00+00:00,ETH,SELL,44.7312588982677,0.0447312588982677,0.15,S3_TREND
2026-07-22 00:00:00+00:00,SOL,SELL,3.2390008268230304,0.0032390008268230303,0.15,S3_TREND
2026-07-22 01:00:00+00:00,BTC,BUY,7.0839780561054795,0.00708397805610548,0.15,S3_TREND
2026-07-22 01:00:00+00:00,ETH,SELL,46.42309333618141,0.04642309333618141,0.15,S3_TREND
2026-07-22 01:00:00+00:00,SOL,SELL,36.01634538663711,0.036016345386637116,0.15,S3_TREND
2026-07-22 02:00:00+00:00,BTC,BUY,24.217194644661504,0.024217194644661506,0.15,S3_TREND
2026-07-22 02:00:00+00:00,ETH,BUY,26.828718336766542,0.026828718336766543,0.15,S3_TREND
2026-07-22 02:00:00+00:00,SOL,BUY,2.890475780217457,0.0028904757802174575,0.15,S3_TREND
2026-07-22 03:00:00+00:00,BTC,BUY,11.541230507376895,0.011541230507376895,0.15,S3_TREND
2026-07-22 03:00:00+00:00,ETH,BUY,9.622717857177122,0.009622717857177122,0.15,S3_TREND
2026-07-22 03:00:00+00:00,SOL,BUY,27.310536669247085,0.027310536669247085,0.15,S3_TREND
2026-07-22 04:00:00+00:00,BTC,BUY,10.006410393554688,0.01000641039355469,0.15,S3_TREND
2026-07-22 04:00:00+00:00,SOL,BUY,32.49761255534031,0.03249761255534031,0.15,S3_TREND
2026-07-22 05:00:00+00:00,BTC,SELL,16.58484319857598,0.01658484319857598,0.15,S3_TREND
2026-07-22 05:00:00+00:00,ETH,SELL,38.4445957033422,0.0384445957033422,0.15,S3_TREND
2026-07-22 05:00:00+00:00,SOL,SELL,14.60455599814486,0.01460455599814486,0.15,S3_TREND
2026-07-22 06:00:00+00:00,BTC,BUY,36.397581456187254,0.03639758145618725,0.15,S3_TREND
2026-07-22 06:00:00+00:00,ETH,BUY,76.45493901489499,0.07645493901489499,0.15,S3_TREND
2026-07-22 06:00:00+00:00,SOL,BUY,63.3505117495115,0.06335051174951149,0.15,S3_TREND
2026-07-22 07:00:00+00:00,BTC,BUY,1.6015183746876573,0.0016015183746876573,0.15,S3_TREND
2026-07-22 07:00:00+00:00,ETH,BUY,7.1210126251899055,0.007121012625189905,0.15,S3_TREND
2026-07-22 07:00:00+00:00,SOL,BUY,16.242182438189047,0.01624218243818905,0.15,S3_TREND
2026-07-22 08:00:00+00:00,BTC,BUY,7.827689757399639,0.00782768975739964,0.15,S3_TREND
2026-07-22 08:00:00+00:00,ETH,BUY,10.249846816224817,0.010249846816224817,0.15,S3_TREND
2026-07-22 08:00:00+00:00,SOL,BUY,22.67780080058583,0.022677800800585828,0.15,S3_TREND
2026-07-22 09:00:00+00:00,BTC,SELL,9.653824139028075,0.009653824139028076,0.15,S3_TREND
2026-07-22 09:00:00+00:00,ETH,SELL,29.023945661032485,0.029023945661032485,0.15,S3_TREND
2026-07-22 09:00:00+00:00,SOL,SELL,36.5220084542907,0.0365220084542907,0.15,S3_TREND
2026-07-22 10:00:00+00:00,BTC,BUY,17.47692586993253,0.01747692586993253,0.15,S3_TREND
2026-07-22 10:00:00+00:00,ETH,SELL,17.6584164067026,0.0176584164067026,0.15,S3_TREND
2026-07-22 10:00:00+00:00,SOL,SELL,18.12960092835965,0.018129600928359652,0.15,S3_TREND
2026-07-22 11:00:00+00:00,BTC,SELL,10.963951592184458,0.010963951592184457,0.15,S3_TREND
2026-07-22 11:00:00+00:00,ETH,SELL,31.603268876338916,0.031603268876338915,0.15,S3_TREND
2026-07-22 11:00:00+00:00,SOL,SELL,7.623868234295514,0.007623868234295514,0.15,S3_TREND
2026-07-22 12:00:00+00:00,BTC,SELL,1.2212914272495254,0.0012212914272495255,0.15,S3_TREND
2026-07-22 12:00:00+00:00,ETH,BUY,17.37264285036872,0.01737264285036872,0.15,S3_TREND
2026-07-22 12:00:00+00:00,SOL,BUY,13.2529888229692,0.0132529888229692,0.15,S3_TREND
2026-07-22 13:00:00+00:00,BTC,BUY,47.56952039371026,0.04756952039371026,0.15,S3_TREND
2026-07-22 13:00:00+00:00,ETH,BUY,40.947599969522344,0.040947599969522346,0.15,S3_TREND
2026-07-22 13:00:00+00:00,SOL,BUY,25.667511726365774,0.025667511726365774,0.15,S3_TREND
2026-07-22 14:00:00+00:00,BTC,SELL,14.865658220682235,0.014865658220682235,0.15,S3_TREND
2026-07-22 14:00:00+00:00,ETH,SELL,111.8921490963312,0.1118921490963312,0.15,S3_TREND
2026-07-22 14:00:00+00:00,SOL,SELL,60.91608286635346,0.060916082866353465,0.15,S3_TREND
2026-07-22 15:00:00+00:00,BTC,BUY,21.579732449445146,0.021579732449445145,0.15,S3_TREND
2026-07-22 15:00:00+00:00,ETH,BUY,36.43904231923261,0.03643904231923261,0.15,S3_TREND
2026-07-22 15:00:00+00:00,SOL,SELL,16.647418703059884,0.016647418703059885,0.15,S3_TREND
2026-07-22 16:00:00+00:00,BTC,SELL,19.742459126007816,0.019742459126007816,0.15,S3_TREND
2026-07-22 16:00:00+00:00,ETH,SELL,36.80998231713784,0.036809982317137835,0.15,S3_TREND
2026-07-22 16:00:00+00:00,SOL,SELL,65.72961167834364,0.06572961167834365,0.15,S3_TREND
2026-07-22 17:00:00+00:00,BTC,SELL,22.15039304162201,0.022150393041622012,0.15,S3_TREND
2026-07-22 17:00:00+00:00,ETH,SELL,32.505752237308116,0.032505752237308116,0.15,S3_TREND
2026-07-22 17:00:00+00:00,SOL,SELL,3.530193926715583,0.0035301939267155832,0.15,S3_TREND
2026-07-22 18:00:00+00:00,BTC,BUY,15.10119464096897,0.01510119464096897,0.15,S3_TREND
2026-07-22 18:00:00+00:00,ETH,BUY,52.51278608791836,0.05251278608791836,0.15,S3_TREND
2026-07-22 18:00:00+00:00,SOL,BUY,33.901080132660354,0.033901080132660355,0.15,S3_TREND
2026-07-22 19:00:00+00:00,BTC,BUY,2.0155646327257273,0.0020155646327257274,0.15,S3_TREND
2026-07-22 19:00:00+00:00,ETH,BUY,30.95862883025802,0.03095862883025802,0.15,S3_TREND
2026-07-22 19:00:00+00:00,SOL,BUY,58.06971806100955,0.05806971806100955,0.15,S3_TREND
2026-07-22 20:00:00+00:00,BTC,SELL,13.273747269588057,0.013273747269588057,0.15,S3_TREND
2026-07-22 20:00:00+00:00,ETH,BUY,32.12554391413323,0.032125543914133234,0.15,S3_TREND
2026-07-22 20:00:00+00:00,SOL,BUY,8.470577952848544,0.008470577952848543,0.15,S3_TREND
2026-07-22 21:00:00+00:00,BTC,BUY,6.078064646007988,0.006078064646007988,0.15,S3_TREND
2026-07-22 21:00:00+00:00,ETH,SELL,6.243649921398173,0.0062436499213981735,0.15,S3_TREND
2026-07-22 21:00:00+00:00,SOL,SELL,19.478793748819953,0.019478793748819955,0.15,S3_TREND
2026-07-22 22:00:00+00:00,BTC,SELL,8.435044426107197,0.008435044426107197,0.15,S3_TREND
2026-07-22 22:00:00+00:00,ETH,SELL,62.291725952516565,0.062291725952516565,0.15,S3_TREND
2026-07-22 22:00:00+00:00,SOL,SELL,15.45495111184573,0.01545495111184573,0.15,S3_TREND
2026-07-22 23:00:00+00:00,BTC,BUY,4.394644133390102,0.004394644133390102,0.15,S3_TREND
2026-07-23 00:00:00+00:00,BTC,SELL,18.00111784082219,0.01800111784082219,0.15,S3_TREND
2026-07-23 00:00:00+00:00,ETH,BUY,27.198749437235165,0.027198749437235166,0.15,S3_TREND
2026-07-23 00:00:00+00:00,SOL,BUY,4.015603906964316,0.004015603906964316,0.15,S3_TREND
2026-07-23 01:00:00+00:00,BTC,BUY,15.904456576143275,0.015904456576143276,0.15,S3_TREND
2026-07-23 01:00:00+00:00,ETH,BUY,17.707674100880467,0.017707674100880467,0.15,S3_TREND
2026-07-23 01:00:00+00:00,SOL,SELL,48.91114718925746,0.048911147189257466,0.15,S3_TREND
2026-07-23 02:00:00+00:00,BTC,BUY,26.454839310015814,0.026454839310015816,0.15,S3_TREND
2026-07-23 02:00:00+00:00,ETH,BUY,7.209652890314828,0.007209652890314828,0.15,S3_TREND
2026-07-23 02:00:00+00:00,SOL,BUY,44.01436378289145,0.044014363782891454,0.15,S3_TREND
2026-07-23 03:00:00+00:00,SOL,BUY,19.422817493321418,0.019422817493321417,0.15,S3_TREND
2026-07-23 04:00:00+00:00,BTC,BUY,13.430690955203318,0.013430690955203318,0.15,S3_TREND
2026-07-23 04:00:00+00:00,ETH,BUY,34.24937605334526,0.03424937605334526,0.15,S3_TREND
2026-07-23 04:00:00+00:00,SOL,BUY,12.05450282052334,0.01205450282052334,0.15,S3_TREND
2026-07-23 05:00:00+00:00,BTC,BUY,5.446449490777013,0.0054464494907770136,0.15,S3_TREND
2026-07-23 05:00:00+00:00,ETH,BUY,1.674997533304122,0.0016749975333041221,0.15,S3_TREND
2026-07-23 05:00:00+00:00,SOL,BUY,8.209696659419933,0.008209696659419933,0.15,S3_TREND
2026-07-23 06:00:00+00:00,BTC,SELL,10.009668850076196,0.010009668850076196,0.15,S3_TREND
2026-07-23 06:00:00+00:00,ETH,SELL,16.167747177458295,0.016167747177458294,0.15,S3_TREND
2026-07-23 06:00:00+00:00,SOL,BUY,5.606161046542184,0.005606161046542183,0.15,S3_TREND
2026-07-23 07:00:00+00:00,BTC,SELL,13.492487551240629,0.013492487551240629,0.15,S3_TREND
2026-07-23 07:00:00+00:00,ETH,SELL,11.436098889738787,0.011436098889738787,0.15,S3_TREND
2026-07-23 07:00:00+00:00,SOL,SELL,1.6352010255923233,0.0016352010255923234,0.15,S3_TREND
2026-07-23 08:00:00+00:00,BTC,BUY,40.234689232933306,0.04023468923293331,0.15,S3_TREND
2026-07-23 08:00:00+00:00,ETH,BUY,37.08272795466837,0.037082727954668375,0.15,S3_TREND
2026-07-23 08:00:00+00:00,SOL,BUY,41.96926794954743,0.04196926794954743,0.15,S3_TREND
2026-07-23 09:00:00+00:00,BTC,SELL,14.074682052927528,0.014074682052927528,0.15,S3_TREND
2026-07-23 09:00:00+00:00,ETH,SELL,52.08218361533545,0.05208218361533545,0.15,S3_TREND
2026-07-23 09:00:00+00:00,SOL,SELL,29.191868257070382,0.02919186825707038,0.15,S3_TREND
2026-07-23 10:00:00+00:00,BTC,SELL,2.872981870879812,0.002872981870879812,0.15,S3_TREND
2026-07-23 10:00:00+00:00,ETH,BUY,13.936088054484571,0.013936088054484572,0.15,S3_TREND
2026-07-23 10:00:00+00:00,SOL,SELL,5.181484362277843,0.005181484362277842,0.15,S3_TREND
2026-07-23 11:00:00+00:00,BTC,SELL,7.021445171552841,0.007021445171552842,0.15,S3_TREND
2026-07-23 11:00:00+00:00,ETH,SELL,12.92973077337956,0.01292973077337956,0.15,S3_TREND
2026-07-23 11:00:00+00:00,SOL,SELL,31.99082984397137,0.03199082984397137,0.15,S3_TREND
2026-07-23 12:00:00+00:00,BTC,BUY,28.494042456459283,0.028494042456459284,0.15,S3_TREND
2026-07-23 12:00:00+00:00,ETH,BUY,4.929668169501383,0.004929668169501383,0.15,S3_TREND
2026-07-23 12:00:00+00:00,SOL,BUY,3.9581272975574393,0.003958127297557439,0.15,S3_TREND
2026-07-23 13:00:00+00:00,BTC,BUY,26.9560607110634,0.026956060711063403,0.15,S3_TREND
2026-07-23 13:00:00+00:00,ETH,BUY,98.0753911184529,0.0980753911184529,0.15,S3_TREND
2026-07-23 13:00:00+00:00,SOL,SELL,13629.360176232902,13.629360176232902,0.0,CASH
2026-07-23 14:00:00+00:00,BTC,BUY,42.83594136230931,0.04283594136230932,0.15,S3_TREND
2026-07-23 14:00:00+00:00,ETH,BUY,25.209879663641914,0.025209879663641913,0.15,S3_TREND
2026-07-23 15:00:00+00:00,BTC,SELL,7.865564725112563,0.007865564725112562,0.15,S3_TREND
2026-07-23 15:00:00+00:00,ETH,BUY,14.970058013261223,0.014970058013261223,0.15,S3_TREND
2026-07-23 15:00:00+00:00,SOL,BUY,6842.54905998045,6.84254905998045,0.075,S6_REVERSAL
2026-07-23 16:00:00+00:00,BTC,SELL,11.679161281954293,0.011679161281954294,0.15,S3_TREND
2026-07-23 16:00:00+00:00,ETH,BUY,7.2503843132835755,0.007250384313283576,0.15,S3_TREND
2026-07-23 16:00:00+00:00,SOL,BUY,3.735153362107667,0.003735153362107667,0.075,S6_REVERSAL
2026-07-23 17:00:00+00:00,BTC,BUY,22.946802362777817,0.022946802362777817,0.15,S3_TREND
2026-07-23 17:00:00+00:00,ETH,BUY,33.12810168056785,0.03312810168056785,0.15,S3_TREND
2026-07-23 17:00:00+00:00,SOL,BUY,25.177076536604545,0.025177076536604545,0.075,S6_REVERSAL
2026-07-23 18:00:00+00:00,BTC,SELL,6824.8969035651235,6.824896903565124,0.075,S6_REVERSAL
2026-07-23 18:00:00+00:00,ETH,BUY,52.119305982741935,0.052119305982741934,0.15,S3_TREND
2026-07-23 18:00:00+00:00,SOL,BUY,22.674133537131638,0.02267413353713164,0.075,S6_REVERSAL
2026-07-23 19:00:00+00:00,BTC,SELL,16.1979578504679,0.0161979578504679,0.075,S6_REVERSAL
2026-07-23 19:00:00+00:00,ETH,SELL,6840.569782131121,6.840569782131122,0.075,S6_REVERSAL
2026-07-23 19:00:00+00:00,SOL,SELL,10.810665681393402,0.010810665681393402,0.075,S6_REVERSAL
2026-07-23 20:00:00+00:00,ETH,BUY,17.467439866995846,0.017467439866995848,0.075,S6_REVERSAL
2026-07-23 20:00:00+00:00,SOL,BUY,3.6300287029162064,0.0036300287029162066,0.075,S6_REVERSAL
2026-07-23 21:00:00+00:00,BTC,SELL,24.212061988767346,0.024212061988767346,0.075,S6_REVERSAL
2026-07-23 21:00:00+00:00,ETH,SELL,29.826531329666064,0.029826531329666065,0.075,S6_REVERSAL
2026-07-23 21:00:00+00:00,SOL,SELL,26.480691467862925,0.026480691467862926,0.075,S6_REVERSAL
2026-07-23 22:00:00+00:00,BTC,SELL,3.522644396477517,0.003522644396477517,0.075,S6_REVERSAL
2026-07-23 22:00:00+00:00,ETH,BUY,10.555013773515384,0.010555013773515384,0.075,S6_REVERSAL
2026-07-23 22:00:00+00:00,SOL,BUY,5.100722160460464,0.005100722160460464,0.075,S6_REVERSAL
2026-07-23 23:00:00+00:00,BTC,SELL,1.356290667941721,0.001356290667941721,0.075,S6_REVERSAL
2026-07-23 23:00:00+00:00,ETH,SELL,1.1391012320818845,0.0011391012320818845,0.075,S6_REVERSAL
2026-07-23 23:00:00+00:00,SOL,SELL,11.246731908824584,0.011246731908824584,0.075,S6_REVERSAL
2026-07-24 00:00:00+00:00,BTC,BUY,5.894973806956841,0.005894973806956841,0.075,S6_REVERSAL
2026-07-24 00:00:00+00:00,ETH,BUY,14.034003160246357,0.014034003160246358,0.075,S6_REVERSAL
2026-07-24 00:00:00+00:00,SOL,BUY,23.58590139144144,0.02358590139144144,0.075,S6_REVERSAL
2026-07-24 01:00:00+00:00,BTC,BUY,9.90084733567528,0.00990084733567528,0.075,S6_REVERSAL
2026-07-24 01:00:00+00:00,ETH,BUY,21.91014844665824,0.021910148446658242,0.075,S6_REVERSAL
2026-07-24 01:00:00+00:00,SOL,BUY,1.291470578350527,0.001291470578350527,0.075,S6_REVERSAL
2026-07-24 02:00:00+00:00,BTC,SELL,11.409032788734294,0.011409032788734294,0.075,S6_REVERSAL
2026-07-24 02:00:00+00:00,ETH,SELL,4.349097719048586,0.004349097719048587,0.075,S6_REVERSAL
2026-07-24 02:00:00+00:00,SOL,BUY,12.055144172273685,0.012055144172273685,0.075,S6_REVERSAL
2026-07-24 03:00:00+00:00,BTC,SELL,4.961864148214772,0.004961864148214773,0.075,S6_REVERSAL
2026-07-24 03:00:00+00:00,ETH,BUY,9.913387623052586,0.009913387623052586,0.075,S6_REVERSAL
2026-07-24 03:00:00+00:00,SOL,BUY,12.713283533143112,0.012713283533143114,0.075,S6_REVERSAL
2026-07-24 04:00:00+00:00,BTC,SELL,27.85838136590428,0.02785838136590428,0.075,S6_REVERSAL
2026-07-24 04:00:00+00:00,ETH,SELL,32.77306955958829,0.032773069559588294,0.075,S6_REVERSAL
2026-07-24 04:00:00+00:00,SOL,SELL,19.359828975317214,0.019359828975317215,0.075,S6_REVERSAL
2026-07-24 05:00:00+00:00,BTC,BUY,10.92943640222802,0.01092943640222802,0.075,S6_REVERSAL
2026-07-24 05:00:00+00:00,ETH,BUY,12.946162161862958,0.012946162161862958,0.075,S6_REVERSAL
2026-07-24 05:00:00+00:00,SOL,BUY,12.668714002072193,0.012668714002072192,0.075,S6_REVERSAL
2026-07-24 06:00:00+00:00,BTC,BUY,1.5889740349284693,0.0015889740349284693,0.075,S6_REVERSAL
2026-07-24 06:00:00+00:00,ETH,SELL,15.292858040145802,0.015292858040145803,0.075,S6_REVERSAL
2026-07-24 06:00:00+00:00,SOL,SELL,10.31288712100013,0.010312887121000132,0.075,S6_REVERSAL
2026-07-24 07:00:00+00:00,BTC,SELL,11.927044211773136,0.011927044211773137,0.075,S6_REVERSAL
2026-07-24 07:00:00+00:00,ETH,SELL,22.593428704806684,0.022593428704806684,0.075,S6_REVERSAL
2026-07-24 07:00:00+00:00,SOL,SELL,1.0641404445605076,0.0010641404445605076,0.075,S6_REVERSAL
2026-07-24 08:00:00+00:00,BTC,SELL,6836.211463720668,6.836211463720668,0.0,CASH
2026-07-24 08:00:00+00:00,ETH,SELL,24.475352916930206,0.024475352916930208,0.075,S6_REVERSAL
2026-07-24 08:00:00+00:00,SOL,SELL,16.822513910444286,0.016822513910444287,0.075,S6_REVERSAL
2026-07-24 09:00:00+00:00,ETH,BUY,23.84746417954375,0.02384746417954375,0.075,S6_REVERSAL
2026-07-24 09:00:00+00:00,SOL,BUY,22.283338089702738,0.022283338089702738,0.075,S6_REVERSAL
2026-07-24 10:00:00+00:00,ETH,SELL,1.1188838745201792,0.0011188838745201793,0.075,S6_REVERSAL
2026-07-24 10:00:00+00:00,SOL,BUY,13.343308204915957,0.013343308204915957,0.075,S6_REVERSAL
2026-07-24 11:00:00+00:00,ETH,BUY,13.409059153676935,0.013409059153676935,0.075,S6_REVERSAL
2026-07-24 11:00:00+00:00,SOL,BUY,9.703451934190525,0.009703451934190525,0.075,S6_REVERSAL
2026-07-24 12:00:00+00:00,ETH,SELL,2.37181123497885,0.00237181123497885,0.075,S6_REVERSAL
2026-07-24 12:00:00+00:00,SOL,SELL,6803.157369416995,6.8031573694169944,0.0,CASH
2026-07-24 13:00:00+00:00,ETH,BUY,37.30292112294501,0.03730292112294501,0.075,S6_REVERSAL
2026-07-24 14:00:00+00:00,ETH,BUY,50.692108420270415,0.050692108420270415,0.075,S6_REVERSAL
2026-07-24 14:00:00+00:00,SOL,BUY,6819.766619168091,6.8197666191680915,0.075,S6_REVERSAL
2026-07-24 15:00:00+00:00,ETH,SELL,19.720296285630866,0.019720296285630868,0.075,S6_REVERSAL
2026-07-24 15:00:00+00:00,SOL,BUY,16.24234041629643,0.01624234041629643,0.075,S6_REVERSAL
2026-07-24 16:00:00+00:00,ETH,BUY,3.7234031010875697,0.00372340310108757,0.075,S6_REVERSAL
2026-07-24 16:00:00+00:00,SOL,SELL,1.151299660157747,0.001151299660157747,0.075,S6_REVERSAL
2026-07-24 17:00:00+00:00,ETH,BUY,13.77024167485888,0.013770241674858881,0.075,S6_REVERSAL
2026-07-24 17:00:00+00:00,SOL,BUY,10.731905331846974,0.010731905331846975,0.075,S6_REVERSAL
2026-07-24 18:00:00+00:00,BTC,BUY,6820.535355309355,6.820535355309355,0.075,S6_REVERSAL
2026-07-24 18:00:00+00:00,ETH,SELL,29.790397421921625,0.029790397421921626,0.075,S6_REVERSAL
2026-07-24 18:00:00+00:00,SOL,SELL,9.45403830476698,0.00945403830476698,0.075,S6_REVERSAL
2026-07-24 19:00:00+00:00,BTC,SELL,11.015175624431322,0.011015175624431323,0.075,S6_REVERSAL
2026-07-24 19:00:00+00:00,ETH,BUY,12.648586684056681,0.012648586684056681,0.075,S6_REVERSAL
2026-07-24 19:00:00+00:00,SOL,BUY,4.290084933870276,0.004290084933870276,0.075,S6_REVERSAL
2026-07-24 20:00:00+00:00,BTC,BUY,4.815840395051055,0.004815840395051054,0.075,S6_REVERSAL
2026-07-24 20:00:00+00:00,ETH,SELL,4.2016130932861415,0.004201613093286142,0.075,S6_REVERSAL
2026-07-24 21:00:00+00:00,BTC,BUY,3.2222082325479278,0.003222208232547928,0.075,S6_REVERSAL
2026-07-24 21:00:00+00:00,ETH,BUY,8.093936738499906,0.008093936738499907,0.075,S6_REVERSAL
2026-07-24 21:00:00+00:00,SOL,BUY,16.59335570289568,0.01659335570289568,0.075,S6_REVERSAL
2026-07-24 22:00:00+00:00,ETH,BUY,10.495736568348548,0.010495736568348547,0.075,S6_REVERSAL
2026-07-24 22:00:00+00:00,SOL,BUY,10.053826557373213,0.010053826557373214,0.075,S6_REVERSAL
2026-07-24 23:00:00+00:00,ETH,SELL,4.52694972217796,0.00452694972217796,0.075,S6_REVERSAL
2026-07-24 23:00:00+00:00,SOL,SELL,25.02471526505269,0.02502471526505269,0.075,S6_REVERSAL
2026-07-25 00:00:00+00:00,BTC,BUY,4.5010664787041605,0.00450106647870416,0.075,S6_REVERSAL
2026-07-25 00:00:00+00:00,ETH,SELL,6.638843089413967,0.006638843089413968,0.075,S6_REVERSAL
2026-07-25 00:00:00+00:00,SOL,SELL,2.2557182277005268,0.0022557182277005267,0.075,S6_REVERSAL
2026-07-25 01:00:00+00:00,BTC,BUY,7.330582019409121,0.007330582019409121,0.075,S6_REVERSAL
2026-07-25 01:00:00+00:00,ETH,BUY,4.3025197410470355,0.004302519741047036,0.075,S6_REVERSAL
2026-07-25 01:00:00+00:00,SOL,SELL,14.473624812521846,0.014473624812521846,0.075,S6_REVERSAL
2026-07-25 02:00:00+00:00,ETH,BUY,1.0708238387433084,0.0010708238387433084,0.075,S6_REVERSAL
2026-07-25 03:00:00+00:00,BTC,BUY,1.810399486192182,0.001810399486192182,0.075,S6_REVERSAL
2026-07-25 03:00:00+00:00,ETH,BUY,1.703248859094856,0.001703248859094856,0.075,S6_REVERSAL
2026-07-25 04:00:00+00:00,BTC,SELL,3.341039405175252,0.003341039405175252,0.075,S6_REVERSAL
2026-07-25 04:00:00+00:00,ETH,BUY,2.8118794122156032,0.0028118794122156034,0.075,S6_REVERSAL
2026-07-25 04:00:00+00:00,SOL,SELL,1.1991240651032056,0.0011991240651032056,0.075,S6_REVERSAL
2026-07-25 05:00:00+00:00,BTC,SELL,7.516337415869202,0.0075163374158692025,0.075,S6_REVERSAL
2026-07-25 05:00:00+00:00,ETH,SELL,6.610322348348745,0.006610322348348746,0.075,S6_REVERSAL
2026-07-25 05:00:00+00:00,SOL,SELL,13.846222703910826,0.013846222703910826,0.075,S6_REVERSAL
2026-07-25 06:00:00+00:00,BTC,BUY,12.3488938498067,0.0123488938498067,0.075,S6_REVERSAL
2026-07-25 06:00:00+00:00,ETH,BUY,6.097037723160611,0.006097037723160611,0.075,S6_REVERSAL
2026-07-25 06:00:00+00:00,SOL,BUY,26.81938908250595,0.02681938908250595,0.075,S6_REVERSAL
2026-07-25 07:00:00+00:00,BTC,BUY,1.7565575638227529,0.001756557563822753,0.075,S6_REVERSAL
2026-07-25 07:00:00+00:00,SOL,SELL,4.340659613226308,0.004340659613226308,0.075,S6_REVERSAL
2026-07-25 08:00:00+00:00,BTC,SELL,1.6812065881458693,0.0016812065881458694,0.075,S6_REVERSAL
2026-07-25 08:00:00+00:00,ETH,BUY,6.626569394475155,0.0066265693944751545,0.075,S6_REVERSAL
2026-07-25 08:00:00+00:00,SOL,BUY,19.69296906613272,0.01969296906613272,0.075,S6_REVERSAL
2026-07-25 09:00:00+00:00,BTC,BUY,11.972731661444413,0.011972731661444413,0.075,S6_REVERSAL
2026-07-25 09:00:00+00:00,ETH,BUY,6.624982667956829,0.0066249826679568285,0.075,S6_REVERSAL
2026-07-25 09:00:00+00:00,SOL,SELL,2.4853977189959546,0.0024853977189959547,0.075,S6_REVERSAL
2026-07-25 10:00:00+00:00,BTC,SELL,9.658078820958508,0.009658078820958508,0.075,S6_REVERSAL
2026-07-25 10:00:00+00:00,ETH,SELL,13.161408117141946,0.013161408117141947,0.075,S6_REVERSAL
2026-07-25 10:00:00+00:00,SOL,SELL,13.979635159334975,0.013979635159334976,0.075,S6_REVERSAL
2026-07-25 11:00:00+00:00,BTC,SELL,6.820625052368996,0.006820625052368996,0.075,S6_REVERSAL
2026-07-25 12:00:00+00:00,ETH,BUY,2.0600349712030948,0.0020600349712030946,0.075,S6_REVERSAL
2026-07-25 12:00:00+00:00,SOL,BUY,6.307811080672764,0.006307811080672764,0.075,S6_REVERSAL
2026-07-25 13:00:00+00:00,BTC,SELL,4.969554116670224,0.004969554116670224,0.075,S6_REVERSAL
2026-07-25 13:00:00+00:00,ETH,SELL,7.899600257552264,0.007899600257552264,0.075,S6_REVERSAL
2026-07-25 13:00:00+00:00,SOL,SELL,3.0808776561625564,0.0030808776561625562,0.075,S6_REVERSAL
2026-07-25 14:00:00+00:00,BTC,SELL,2.6993408956277563,0.002699340895627756,0.075,S6_REVERSAL
2026-07-25 14:00:00+00:00,ETH,SELL,22.969741596582935,0.022969741596582934,0.075,S6_REVERSAL
2026-07-25 15:00:00+00:00,BTC,SELL,3.2617652014751,0.0032617652014751003,0.075,S6_REVERSAL
2026-07-25 15:00:00+00:00,ETH,SELL,3.980316822592613,0.003980316822592613,0.075,S6_REVERSAL
2026-07-25 15:00:00+00:00,SOL,SELL,4.66263328707737,0.004662633287077371,0.075,S6_REVERSAL
2026-07-25 16:00:00+00:00,BTC,BUY,3.759879946705041,0.0037598799467050414,0.075,S6_REVERSAL
2026-07-25 16:00:00+00:00,ETH,BUY,3.240147928467195,0.003240147928467195,0.075,S6_REVERSAL
2026-07-25 16:00:00+00:00,SOL,SELL,10.695661366193235,0.010695661366193236,0.075,S6_REVERSAL
2026-07-25 17:00:00+00:00,BTC,SELL,1.4240904678063089,0.001424090467806309,0.075,S6_REVERSAL
2026-07-25 17:00:00+00:00,SOL,SELL,11.68355013346627,0.01168355013346627,0.075,S6_REVERSAL
2026-07-25 18:00:00+00:00,BTC,SELL,3.552885198414515,0.003552885198414515,0.075,S6_REVERSAL
2026-07-25 18:00:00+00:00,ETH,SELL,14.855404647479192,0.014855404647479193,0.075,S6_REVERSAL
2026-07-25 18:00:00+00:00,SOL,SELL,10.862284183301199,0.010862284183301199,0.075,S6_REVERSAL
2026-07-25 19:00:00+00:00,BTC,SELL,12.565075962238552,0.012565075962238553,0.075,S6_REVERSAL
2026-07-25 19:00:00+00:00,ETH,SELL,5.5672929877855495,0.005567292987785549,0.075,S6_REVERSAL
2026-07-25 19:00:00+00:00,SOL,SELL,15.116045709351056,0.015116045709351057,0.075,S6_REVERSAL
2026-07-25 20:00:00+00:00,BTC,BUY,1.8241498049428628,0.001824149804942863,0.075,S6_REVERSAL
2026-07-25 20:00:00+00:00,ETH,SELL,6826.103592382029,6.8261035923820295,0.0,CASH
2026-07-25 20:00:00+00:00,SOL,BUY,8.04345238175938,0.00804345238175938,0.075,S6_REVERSAL
2026-07-25 21:00:00+00:00,BTC,BUY,3.4341086296954018,0.0034341086296954017,0.075,S6_REVERSAL
2026-07-25 21:00:00+00:00,SOL,BUY,9.263574401496953,0.009263574401496954,0.075,S6_REVERSAL
2026-07-25 22:00:00+00:00,SOL,SELL,6826.7803036594,6.8267803036594,0.0,CASH
2026-07-25 23:00:00+00:00,BTC,SELL,6833.529595145754,6.8335295951457535,0.0,CASH
2026-07-26 21:00:00+00:00,ETH,BUY,13650.963424264375,13.650963424264376,0.15,S3_TREND
2026-07-26 22:00:00+00:00,ETH,SELL,75.53126873404472,0.07553126873404471,0.15,S3_TREND
2026-07-26 23:00:00+00:00,ETH,SELL,144.12043284594438,0.1441204328459444,0.15,S3_TREND
2026-07-27 00:00:00+00:00,ETH,SELL,29.318811004772215,0.029318811004772214,0.15,S3_TREND
2026-07-27 01:00:00+00:00,ETH,BUY,72.51645009726963,0.07251645009726963,0.15,S3_TREND
2026-07-27 02:00:00+00:00,ETH,SELL,33.89063978349259,0.03389063978349259,0.15,S3_TREND
2026-07-27 02:00:00+00:00,SOL,BUY,13685.617351067443,13.685617351067444,0.15,S3_TREND
2026-07-27 03:00:00+00:00,ETH,BUY,26.039911877032864,0.026039911877032865,0.15,S3_TREND
2026-07-27 03:00:00+00:00,SOL,BUY,6.237855708166535,0.0062378557081665354,0.15,S3_TREND
2026-07-27 04:00:00+00:00,ETH,SELL,40.05465950063626,0.04005465950063626,0.15,S3_TREND
2026-07-27 04:00:00+00:00,SOL,BUY,11.482864000730842,0.011482864000730843,0.15,S3_TREND
2026-07-27 05:00:00+00:00,BTC,BUY,13682.893186387826,13.682893186387826,0.15,S3_TREND
2026-07-27 05:00:00+00:00,ETH,SELL,25.50976892743165,0.02550976892743165,0.15,S3_TREND
2026-07-27 05:00:00+00:00,SOL,BUY,20.713242065079612,0.02071324206507961,0.15,S3_TREND
2026-07-27 06:00:00+00:00,BTC,SELL,15.286378543427418,0.015286378543427417,0.15,S3_TREND
2026-07-27 06:00:00+00:00,ETH,SELL,61.987567708072675,0.06198756770807268,0.15,S3_TREND
2026-07-27 06:00:00+00:00,SOL,SELL,23.017845828195277,0.02301784582819528,0.15,S3_TREND
2026-07-27 07:00:00+00:00,BTC,BUY,16.663211177261473,0.016663211177261474,0.15,S3_TREND
2026-07-27 07:00:00+00:00,ETH,SELL,13.666324678979436,0.013666324678979436,0.15,S3_TREND
2026-07-27 07:00:00+00:00,SOL,SELL,24.576911789985388,0.02457691178998539,0.15,S3_TREND
2026-07-27 08:00:00+00:00,BTC,BUY,23.73147999323737,0.02373147999323737,0.15,S3_TREND
2026-07-27 08:00:00+00:00,ETH,BUY,11.32416477426159,0.01132416477426159,0.15,S3_TREND
2026-07-27 08:00:00+00:00,SOL,BUY,27.579909409048923,0.027579909409048923,0.15,S3_TREND
2026-07-27 09:00:00+00:00,BTC,BUY,5.293863189550393,0.005293863189550393,0.15,S3_TREND
2026-07-27 09:00:00+00:00,ETH,SELL,6.2603898596698855,0.0062603898596698855,0.15,S3_TREND
2026-07-27 09:00:00+00:00,SOL,BUY,26.926260972040836,0.026926260972040837,0.15,S3_TREND
2026-07-27 10:00:00+00:00,BTC,SELL,11.621940371713208,0.011621940371713208,0.15,S3_TREND
2026-07-27 10:00:00+00:00,ETH,BUY,2.6655280598261015,0.0026655280598261014,0.15,S3_TREND
2026-07-27 10:00:00+00:00,SOL,SELL,24.874274449888617,0.024874274449888618,0.15,S3_TREND
2026-07-27 11:00:00+00:00,BTC,SELL,6.610088464625733,0.006610088464625733,0.15,S3_TREND
2026-07-27 11:00:00+00:00,ETH,SELL,7.215867802817229,0.007215867802817229,0.15,S3_TREND
2026-07-27 11:00:00+00:00,SOL,SELL,16.74641785068343,0.01674641785068343,0.15,S3_TREND
2026-07-27 12:00:00+00:00,BTC,BUY,30.414252911610674,0.030414252911610675,0.15,S3_TREND
2026-07-27 12:00:00+00:00,ETH,BUY,35.61664006877618,0.03561664006877618,0.15,S3_TREND
2026-07-27 12:00:00+00:00,SOL,BUY,1.3042272423481336,0.0013042272423481336,0.15,S3_TREND
2026-07-27 13:00:00+00:00,BTC,BUY,9.856388639767829,0.00985638863976783,0.15,S3_TREND
2026-07-27 13:00:00+00:00,ETH,BUY,21.20475184854331,0.02120475184854331,0.15,S3_TREND
2026-07-27 13:00:00+00:00,SOL,SELL,55.86679756538615,0.05586679756538615,0.15,S3_TREND
2026-07-27 14:00:00+00:00,BTC,SELL,18.41625031293188,0.01841625031293188,0.15,S3_TREND
2026-07-27 14:00:00+00:00,ETH,SELL,15.817248516596011,0.01581724851659601,0.15,S3_TREND
2026-07-27 15:00:00+00:00,BTC,BUY,26.154094682755385,0.026154094682755386,0.15,S3_TREND
2026-07-27 15:00:00+00:00,ETH,BUY,116.59913245648204,0.11659913245648204,0.15,S3_TREND
2026-07-27 15:00:00+00:00,SOL,BUY,169.90609697306172,0.16990609697306172,0.15,S3_TREND
2026-07-27 16:00:00+00:00,BTC,BUY,13.870562639880518,0.013870562639880518,0.15,S3_TREND
2026-07-27 16:00:00+00:00,ETH,BUY,17.913580063570407,0.017913580063570408,0.15,S3_TREND
2026-07-27 16:00:00+00:00,SOL,BUY,20.056269279775734,0.020056269279775735,0.15,S3_TREND
2026-07-27 17:00:00+00:00,BTC,SELL,29.98207271951469,0.02998207271951469,0.15,S3_TREND
2026-07-27 17:00:00+00:00,ETH,SELL,47.917167310348304,0.047917167310348306,0.15,S3_TREND
2026-07-27 17:00:00+00:00,SOL,SELL,78.43698560365557,0.07843698560365557,0.15,S3_TREND
2026-07-27 18:00:00+00:00,BTC,SELL,19.724922744284413,0.019724922744284414,0.15,S3_TREND
2026-07-27 18:00:00+00:00,ETH,SELL,16.374307288162527,0.016374307288162526,0.15,S3_TREND
2026-07-27 18:00:00+00:00,SOL,BUY,14.7598827261736,0.0147598827261736,0.15,S3_TREND
2026-07-27 19:00:00+00:00,BTC,BUY,12.726989633998528,0.012726989633998528,0.15,S3_TREND
2026-07-27 19:00:00+00:00,ETH,BUY,14.628282179624875,0.014628282179624875,0.15,S3_TREND
2026-07-27 19:00:00+00:00,SOL,BUY,35.10699953742187,0.03510699953742187,0.15,S3_TREND
2026-07-27 20:00:00+00:00,ETH,SELL,41.37831220997214,0.04137831220997214,0.15,S3_TREND
2026-07-27 20:00:00+00:00,SOL,SELL,42.23536938409052,0.04223536938409052,0.15,S3_TREND
2026-07-27 21:00:00+00:00,BTC,BUY,3.046113452519421,0.0030461134525194213,0.15,S3_TREND
2026-07-27 21:00:00+00:00,ETH,BUY,7.831710123689845,0.007831710123689845,0.15,S3_TREND
2026-07-27 21:00:00+00:00,SOL,SELL,2.262835303630709,0.002262835303630709,0.15,S3_TREND
2026-07-27 22:00:00+00:00,BTC,BUY,9.408240365324673,0.009408240365324673,0.15,S3_TREND
2026-07-27 22:00:00+00:00,ETH,BUY,15.109044872480808,0.015109044872480808,0.15,S3_TREND
2026-07-27 22:00:00+00:00,SOL,BUY,48.40482600267387,0.04840482600267387,0.15,S3_TREND
2026-07-27 23:00:00+00:00,BTC,BUY,91.50720037323845,0.09150720037323845,0.15,S3_TREND
2026-07-27 23:00:00+00:00,ETH,BUY,214.0122575661826,0.2140122575661826,0.15,S3_TREND
2026-07-27 23:00:00+00:00,SOL,BUY,152.760316597396,0.15276031659739603,0.15,S3_TREND
2026-07-28 00:00:00+00:00,BTC,BUY,9.38797191085905,0.009387971910859052,0.15,S3_TREND
2026-07-28 00:00:00+00:00,ETH,BUY,9.437337587018192,0.009437337587018192,0.15,S3_TREND
2026-07-28 00:00:00+00:00,SOL,SELL,25.63286770250852,0.02563286770250852,0.15,S3_TREND
2026-07-28 01:00:00+00:00,BTC,BUY,20.51945977234209,0.02051945977234209,0.15,S3_TREND
2026-07-28 01:00:00+00:00,ETH,BUY,61.3260194827817,0.061326019482781706,0.15,S3_TREND
2026-07-28 01:00:00+00:00,SOL,BUY,51.124031396971986,0.05112403139697199,0.15,S3_TREND
2026-07-28 02:00:00+00:00,BTC,BUY,28.644578082637963,0.028644578082637963,0.15,S3_TREND
2026-07-28 02:00:00+00:00,ETH,SELL,4.689358320405518,0.0046893583204055175,0.15,S3_TREND
2026-07-28 02:00:00+00:00,SOL,BUY,70.95219020580043,0.07095219020580043,0.15,S3_TREND
2026-07-28 03:00:00+00:00,BTC,BUY,13.241864083842302,0.013241864083842302,0.15,S3_TREND
2026-07-28 03:00:00+00:00,ETH,BUY,2.8319508317927102,0.0028319508317927104,0.15,S3_TREND
2026-07-28 03:00:00+00:00,SOL,SELL,29.453840624599252,0.029453840624599253,0.15,S3_TREND
2026-07-28 04:00:00+00:00,BTC,SELL,25.628802038540016,0.025628802038540018,0.15,S3_TREND
2026-07-28 04:00:00+00:00,ETH,SELL,30.37692325890203,0.03037692325890203,0.15,S3_TREND
2026-07-28 04:00:00+00:00,SOL,BUY,26.397213687929252,0.02639721368792925,0.15,S3_TREND
2026-07-28 05:00:00+00:00,BTC,SELL,5.304259679856841,0.005304259679856841,0.15,S3_TREND
2026-07-28 05:00:00+00:00,ETH,BUY,11.88137849839768,0.01188137849839768,0.15,S3_TREND
2026-07-28 05:00:00+00:00,SOL,BUY,7.233387270094681,0.007233387270094682,0.15,S3_TREND
2026-07-28 06:00:00+00:00,BTC,SELL,12.527838929472637,0.012527838929472637,0.15,S3_TREND
2026-07-28 06:00:00+00:00,ETH,SELL,19.645347389836388,0.01964534738983639,0.15,S3_TREND
2026-07-28 07:00:00+00:00,BTC,SELL,23.283531330955157,0.02328353133095516,0.15,S3_TREND
2026-07-28 07:00:00+00:00,ETH,SELL,22.213937109590915,0.022213937109590916,0.15,S3_TREND
2026-07-28 07:00:00+00:00,SOL,SELL,16.584573870795793,0.016584573870795795,0.15,S3_TREND
2026-07-28 08:00:00+00:00,BTC,BUY,14.711800491882968,0.014711800491882969,0.15,S3_TREND
2026-07-28 08:00:00+00:00,ETH,BUY,20.314029995510282,0.020314029995510283,0.15,S3_TREND
2026-07-28 08:00:00+00:00,SOL,BUY,15.559669071979442,0.015559669071979443,0.15,S3_TREND
2026-07-28 09:00:00+00:00,BTC,BUY,16.95586423811983,0.01695586423811983,0.15,S3_TREND
2026-07-28 09:00:00+00:00,ETH,SELL,4.292848584760577,0.004292848584760577,0.15,S3_TREND
2026-07-28 09:00:00+00:00,SOL,SELL,14.276941584534143,0.014276941584534143,0.15,S3_TREND
2026-07-28 10:00:00+00:00,BTC,SELL,5.535326050245203,0.005535326050245203,0.15,S3_TREND
2026-07-28 10:00:00+00:00,ETH,BUY,44.91169218739924,0.04491169218739924,0.15,S3_TREND
2026-07-28 10:00:00+00:00,SOL,BUY,7.422599540108422,0.007422599540108422,0.15,S3_TREND
2026-07-28 11:00:00+00:00,BTC,SELL,14.833549558412415,0.014833549558412415,0.15,S3_TREND
2026-07-28 11:00:00+00:00,ETH,SELL,14.956450458750624,0.014956450458750624,0.15,S3_TREND
2026-07-28 11:00:00+00:00,SOL,BUY,22.247932544451032,0.022247932544451034,0.15,S3_TREND
2026-07-28 12:00:00+00:00,BTC,BUY,3.3387608796565473,0.0033387608796565473,0.15,S3_TREND
2026-07-28 12:00:00+00:00,ETH,BUY,13.473711830380125,0.013473711830380125,0.15,S3_TREND
2026-07-28 12:00:00+00:00,SOL,SELL,10.842481999337906,0.010842481999337907,0.15,S3_TREND
2026-07-28 13:00:00+00:00,BTC,BUY,4.793844950108905,0.004793844950108906,0.15,S3_TREND
2026-07-28 13:00:00+00:00,ETH,SELL,87.93724382016626,0.08793724382016627,0.15,S3_TREND
2026-07-28 13:00:00+00:00,SOL,SELL,9.636272549636487,0.009636272549636487,0.15,S3_TREND
2026-07-28 14:00:00+00:00,BTC,BUY,41.41442812115383,0.04141442812115383,0.15,S3_TREND
2026-07-28 14:00:00+00:00,ETH,BUY,78.58743753228191,0.07858743753228191,0.15,S3_TREND
2026-07-28 14:00:00+00:00,SOL,BUY,72.42383935172074,0.07242383935172074,0.15,S3_TREND
2026-07-28 15:00:00+00:00,BTC,SELL,19.88553647860863,0.019885536478608627,0.15,S3_TREND
2026-07-28 15:00:00+00:00,ETH,SELL,60.87576848036043,0.06087576848036043,0.15,S3_TREND
2026-07-28 15:00:00+00:00,SOL,SELL,87.23333345554238,0.08723333345554238,0.15,S3_TREND
2026-07-28 16:00:00+00:00,BTC,SELL,6810.504972174493,6.810504972174493,0.075,S6_REVERSAL
2026-07-28 16:00:00+00:00,ETH,SELL,146.60460985193276,0.14660460985193277,0.15,S3_TREND
2026-07-28 16:00:00+00:00,SOL,SELL,93.85730316236913,0.09385730316236914,0.15,S3_TREND
2026-07-28 17:00:00+00:00,BTC,SELL,7.704858873004014,0.007704858873004014,0.075,S6_REVERSAL
2026-07-28 17:00:00+00:00,ETH,SELL,32.714797281651045,0.03271479728165105,0.15,S3_TREND
2026-07-28 17:00:00+00:00,SOL,SELL,3.8308948776520992,0.0038308948776520995,0.15,S3_TREND
2026-07-28 18:00:00+00:00,BTC,BUY,14.248331651235276,0.014248331651235275,0.075,S6_REVERSAL
2026-07-28 18:00:00+00:00,ETH,BUY,121.94968748964311,0.12194968748964312,0.15,S3_TREND
2026-07-28 18:00:00+00:00,SOL,BUY,60.33056422975642,0.06033056422975642,0.15,S3_TREND
2026-07-28 19:00:00+00:00,BTC,BUY,1.0050121797476095,0.0010050121797476096,0.075,S6_REVERSAL
2026-07-28 19:00:00+00:00,ETH,SELL,53.89611964984579,0.05389611964984579,0.15,S3_TREND
2026-07-28 19:00:00+00:00,SOL,BUY,1.3424581957751798,0.0013424581957751799,0.15,S3_TREND
2026-07-28 20:00:00+00:00,BTC,SELL,4.889333525172333,0.004889333525172333,0.075,S6_REVERSAL
2026-07-28 20:00:00+00:00,ETH,SELL,51.79397912723107,0.05179397912723107,0.15,S3_TREND
2026-07-28 20:00:00+00:00,SOL,SELL,52.51775241451286,0.05251775241451286,0.15,S3_TREND
2026-07-28 21:00:00+00:00,BTC,SELL,6.970220934877034,0.006970220934877034,0.075,S6_REVERSAL
2026-07-28 21:00:00+00:00,ETH,BUY,14.806835355160729,0.01480683535516073,0.15,S3_TREND
2026-07-28 21:00:00+00:00,SOL,SELL,6732.266495864621,6.7322664958646214,0.075,S6_REVERSAL
2026-07-28 22:00:00+00:00,BTC,SELL,2.345841949847454,0.002345841949847454,0.075,S6_REVERSAL
2026-07-28 22:00:00+00:00,ETH,SELL,31.104787797557947,0.03110478779755795,0.15,S3_TREND
2026-07-28 22:00:00+00:00,SOL,SELL,5.674703449793924,0.005674703449793924,0.075,S6_REVERSAL
2026-07-28 23:00:00+00:00,BTC,BUY,7.247725408649785,0.007247725408649785,0.075,S6_REVERSAL
2026-07-28 23:00:00+00:00,ETH,BUY,59.451140607918205,0.05945114060791821,0.15,S3_TREND
2026-07-28 23:00:00+00:00,SOL,BUY,52.12593947581172,0.05212593947581172,0.075,S6_REVERSAL
2026-07-29 00:00:00+00:00,BTC,SELL,4.713939202440997,0.0047139392024409974,0.075,S6_REVERSAL
2026-07-29 00:00:00+00:00,ETH,SELL,54.58660291919114,0.05458660291919114,0.15,S3_TREND
2026-07-29 00:00:00+00:00,SOL,SELL,26.702954770090404,0.026702954770090406,0.075,S6_REVERSAL
2026-07-29 01:00:00+00:00,BTC,SELL,6.8556552556328825,0.0068556552556328825,0.075,S6_REVERSAL
2026-07-29 01:00:00+00:00,ETH,BUY,29.420439690949934,0.029420439690949936,0.15,S3_TREND
2026-07-29 01:00:00+00:00,SOL,BUY,2.7776517207921643,0.002777651720792164,0.075,S6_REVERSAL
2026-07-29 02:00:00+00:00,BTC,BUY,14.791760399654777,0.014791760399654777,0.075,S6_REVERSAL
2026-07-29 02:00:00+00:00,ETH,BUY,58.65067098495274,0.05865067098495274,0.15,S3_TREND
2026-07-29 02:00:00+00:00,SOL,BUY,34.31975518928539,0.034319755189285386,0.075,S6_REVERSAL
2026-07-29 03:00:00+00:00,BTC,SELL,21.118461990153264,0.021118461990153263,0.075,S6_REVERSAL
2026-07-29 03:00:00+00:00,ETH,SELL,22.361484741912136,0.022361484741912137,0.15,S3_TREND
2026-07-29 03:00:00+00:00,SOL,SELL,31.6151581185768,0.0316151581185768,0.075,S6_REVERSAL
2026-07-29 04:00:00+00:00,BTC,BUY,8.212774652379267,0.008212774652379266,0.075,S6_REVERSAL
2026-07-29 04:00:00+00:00,ETH,BUY,98.76405007508765,0.09876405007508765,0.15,S3_TREND
2026-07-29 04:00:00+00:00,SOL,BUY,40.207518904800054,0.04020751890480005,0.075,S6_REVERSAL
2026-07-29 05:00:00+00:00,BTC,SELL,11.742338696019942,0.011742338696019943,0.075,S6_REVERSAL
2026-07-29 05:00:00+00:00,ETH,SELL,69.32349941138091,0.06932349941138091,0.15,S3_TREND
2026-07-29 05:00:00+00:00,SOL,SELL,22.191082105262467,0.022191082105262466,0.075,S6_REVERSAL
2026-07-29 06:00:00+00:00,BTC,SELL,4.433918253245793,0.004433918253245793,0.075,S6_REVERSAL
2026-07-29 06:00:00+00:00,ETH,SELL,6803.104850846697,6.803104850846697,0.075,S6_REVERSAL
2026-07-29 06:00:00+00:00,SOL,SELL,14.22089614727247,0.01422089614727247,0.075,S6_REVERSAL
2026-07-29 07:00:00+00:00,BTC,SELL,31.63154342853977,0.03163154342853977,0.075,S6_REVERSAL
2026-07-29 07:00:00+00:00,ETH,SELL,19.835144761625088,0.01983514476162509,0.075,S6_REVERSAL
2026-07-29 07:00:00+00:00,SOL,SELL,30.390509921064222,0.03039050992106422,0.075,S6_REVERSAL
2026-07-29 08:00:00+00:00,BTC,SELL,9.834829082651595,0.009834829082651595,0.075,S6_REVERSAL
2026-07-29 08:00:00+00:00,ETH,SELL,12.598868744583342,0.012598868744583342,0.075,S6_REVERSAL
2026-07-29 08:00:00+00:00,SOL,SELL,12.198485894569785,0.012198485894569785,0.075,S6_REVERSAL
2026-07-29 09:00:00+00:00,BTC,BUY,9.35228328264202,0.00935228328264202,0.075,S6_REVERSAL
2026-07-29 09:00:00+00:00,ETH,BUY,28.17303495277156,0.02817303495277156,0.075,S6_REVERSAL
2026-07-29 09:00:00+00:00,SOL,BUY,21.64807897567971,0.02164807897567971,0.075,S6_REVERSAL
2026-07-29 10:00:00+00:00,BTC,SELL,24.071930810217054,0.024071930810217055,0.075,S6_REVERSAL
2026-07-29 10:00:00+00:00,ETH,SELL,20.13009301187958,0.020130093011879582,0.075,S6_REVERSAL
2026-07-29 10:00:00+00:00,SOL,SELL,11.965143830143461,0.011965143830143462,0.075,S6_REVERSAL
2026-07-29 11:00:00+00:00,BTC,BUY,17.908309617621853,0.017908309617621854,0.075,S6_REVERSAL
2026-07-29 11:00:00+00:00,ETH,BUY,29.788958023719715,0.029788958023719714,0.075,S6_REVERSAL
2026-07-29 11:00:00+00:00,SOL,BUY,14.118417269090969,0.01411841726909097,0.075,S6_REVERSAL
2026-07-29 12:00:00+00:00,BTC,SELL,2.567617037967466,0.002567617037967466,0.075,S6_REVERSAL
2026-07-29 12:00:00+00:00,ETH,SELL,9.585053419383257,0.009585053419383257,0.075,S6_REVERSAL
2026-07-29 12:00:00+00:00,SOL,SELL,2.2732084486642634,0.0022732084486642634,0.075,S6_REVERSAL
2026-07-29 13:00:00+00:00,BTC,BUY,16.787477627140106,0.016787477627140106,0.075,S6_REVERSAL
2026-07-29 13:00:00+00:00,ETH,BUY,28.030296827439088,0.02803029682743909,0.075,S6_REVERSAL
2026-07-29 13:00:00+00:00,SOL,BUY,31.93768962422837,0.03193768962422837,0.075,S6_REVERSAL
2026-07-29 14:00:00+00:00,BTC,SELL,35.31184890255827,0.03531184890255827,0.075,S6_REVERSAL
2026-07-29 14:00:00+00:00,ETH,SELL,8.732971689399164,0.008732971689399165,0.075,S6_REVERSAL
2026-07-29 14:00:00+00:00,SOL,SELL,12.8943078208913,0.0128943078208913,0.075,S6_REVERSAL
2026-07-29 15:00:00+00:00,BTC,BUY,47.07528023249597,0.04707528023249597,0.075,S6_REVERSAL
2026-07-29 15:00:00+00:00,ETH,BUY,38.47352916925138,0.038473529169251376,0.075,S6_REVERSAL
2026-07-29 15:00:00+00:00,SOL,BUY,30.115943812164005,0.030115943812164005,0.075,S6_REVERSAL
2026-07-29 16:00:00+00:00,BTC,BUY,12.160834539779898,0.012160834539779898,0.075,S6_REVERSAL
2026-07-29 16:00:00+00:00,ETH,BUY,8.106227987552302,0.008106227987552303,0.075,S6_REVERSAL
2026-07-29 16:00:00+00:00,SOL,BUY,10.814194441394648,0.010814194441394647,0.075,S6_REVERSAL
2026-07-29 17:00:00+00:00,BTC,BUY,17.125434953059084,0.017125434953059085,0.075,S6_REVERSAL
2026-07-29 17:00:00+00:00,ETH,SELL,11.060877696919306,0.011060877696919305,0.075,S6_REVERSAL
2026-07-29 17:00:00+00:00,SOL,SELL,13.170745094793347,0.013170745094793346,0.075,S6_REVERSAL
2026-07-29 18:00:00+00:00,BTC,SELL,35.0893165335774,0.03508931653357741,0.075,S6_REVERSAL
2026-07-29 18:00:00+00:00,ETH,SELL,60.18635538862508,0.06018635538862508,0.075,S6_REVERSAL
2026-07-29 18:00:00+00:00,SOL,SELL,47.07355238012042,0.04707355238012042,0.075,S6_REVERSAL
2026-07-29 19:00:00+00:00,BTC,SELL,19.42419253949629,0.01942419253949629,0.075,S6_REVERSAL
2026-07-29 19:00:00+00:00,ETH,SELL,10.600445575306367,0.010600445575306367,0.075,S6_REVERSAL
2026-07-29 19:00:00+00:00,SOL,SELL,21.57106404912156,0.021571064049121562,0.075,S6_REVERSAL
2026-07-29 20:00:00+00:00,BTC,BUY,70.07838694179554,0.07007838694179555,0.075,S6_REVERSAL
2026-07-29 20:00:00+00:00,ETH,BUY,87.12600272948475,0.08712600272948476,0.075,S6_REVERSAL
2026-07-29 20:00:00+00:00,SOL,BUY,108.44316761623668,0.10844316761623668,0.075,S6_REVERSAL
2026-07-29 21:00:00+00:00,BTC,BUY,4.654489022553207,0.004654489022553207,0.075,S6_REVERSAL
2026-07-29 21:00:00+00:00,ETH,BUY,13.2549735529783,0.0132549735529783,0.075,S6_REVERSAL
2026-07-29 21:00:00+00:00,SOL,BUY,7.6988941389518,0.007698894138951801,0.075,S6_REVERSAL
2026-07-29 22:00:00+00:00,BTC,SELL,25.623130012892034,0.025623130012892036,0.075,S6_REVERSAL
2026-07-29 22:00:00+00:00,ETH,SELL,40.67798849412975,0.04067798849412975,0.075,S6_REVERSAL
2026-07-29 22:00:00+00:00,SOL,SELL,39.87154920208195,0.039871549202081955,0.075,S6_REVERSAL
2026-07-29 23:00:00+00:00,BTC,SELL,2.620019197041074,0.0026200191970410743,0.075,S6_REVERSAL
2026-07-29 23:00:00+00:00,ETH,SELL,25.175508487004663,0.025175508487004665,0.075,S6_REVERSAL
2026-07-29 23:00:00+00:00,SOL,SELL,35.43279690396139,0.03543279690396139,0.075,S6_REVERSAL
2026-07-30 00:00:00+00:00,BTC,SELL,2.8071916160797628,0.002807191616079763,0.075,S6_REVERSAL
2026-07-30 00:00:00+00:00,ETH,SELL,10.939793445736541,0.010939793445736541,0.075,S6_REVERSAL
2026-07-30 00:00:00+00:00,SOL,SELL,2.979116054970291,0.002979116054970291,0.075,S6_REVERSAL
2026-07-30 01:00:00+00:00,BTC,BUY,22.045954724072544,0.022045954724072545,0.075,S6_REVERSAL
2026-07-30 01:00:00+00:00,ETH,BUY,35.89773522912583,0.03589773522912583,0.075,S6_REVERSAL
2026-07-30 01:00:00+00:00,SOL,BUY,28.363152270519095,0.028363152270519096,0.075,S6_REVERSAL
2026-07-30 02:00:00+00:00,BTC,SELL,45.78988168906653,0.04578988168906653,0.075,S6_REVERSAL
2026-07-30 02:00:00+00:00,ETH,SELL,51.4307582457368,0.0514307582457368,0.075,S6_REVERSAL
2026-07-30 02:00:00+00:00,SOL,SELL,53.62345127381741,0.05362345127381741,0.075,S6_REVERSAL
2026-07-30 03:00:00+00:00,BTC,BUY,4.595764901953771,0.004595764901953772,0.075,S6_REVERSAL
2026-07-30 03:00:00+00:00,ETH,BUY,16.545084658461747,0.01654508465846175,0.075,S6_REVERSAL
2026-07-30 03:00:00+00:00,SOL,BUY,13.964601106008558,0.013964601106008558,0.075,S6_REVERSAL
2026-07-30 04:00:00+00:00,BTC,BUY,1.5387748694020047,0.0015387748694020047,0.075,S6_REVERSAL
2026-07-30 04:00:00+00:00,ETH,BUY,2.550628604058147,0.0025506286040581473,0.075,S6_REVERSAL
2026-07-30 04:00:00+00:00,SOL,BUY,10.49862791110354,0.01049862791110354,0.075,S6_REVERSAL
2026-07-30 05:00:00+00:00,BTC,BUY,10.023818090554414,0.010023818090554415,0.075,S6_REVERSAL
2026-07-30 05:00:00+00:00,ETH,BUY,23.81203543950687,0.02381203543950687,0.075,S6_REVERSAL
2026-07-30 05:00:00+00:00,SOL,BUY,12.913912670656828,0.012913912670656828,0.075,S6_REVERSAL
2026-07-30 06:00:00+00:00,BTC,BUY,1.427996096033894,0.0014279960960338941,0.075,S6_REVERSAL
2026-07-30 06:00:00+00:00,ETH,SELL,12.95403360632372,0.012954033606323719,0.075,S6_REVERSAL
2026-07-30 06:00:00+00:00,SOL,SELL,14.079785743235334,0.014079785743235334,0.075,S6_REVERSAL
2026-07-30 07:00:00+00:00,ETH,BUY,15.016971994053165,0.015016971994053165,0.075,S6_REVERSAL
2026-07-30 07:00:00+00:00,SOL,BUY,12.843002899298881,0.012843002899298881,0.075,S6_REVERSAL
2026-07-30 08:00:00+00:00,BTC,SELL,1.979441183367271,0.0019794411833672708,0.075,S6_REVERSAL
2026-07-30 08:00:00+00:00,ETH,SELL,6.918477209061166,0.006918477209061166,0.075,S6_REVERSAL
2026-07-30 08:00:00+00:00,SOL,BUY,10.058334334960819,0.010058334334960818,0.075,S6_REVERSAL
2026-07-30 09:00:00+00:00,BTC,SELL,21.728038213152104,0.021728038213152105,0.075,S6_REVERSAL
2026-07-30 09:00:00+00:00,ETH,SELL,33.61675097276657,0.03361675097276657,0.075,S6_REVERSAL
2026-07-30 09:00:00+00:00,SOL,SELL,27.86197163455381,0.02786197163455381,0.075,S6_REVERSAL
2026-07-30 10:00:00+00:00,BTC,SELL,22.718284397964453,0.022718284397964455,0.075,S6_REVERSAL
2026-07-30 10:00:00+00:00,ETH,SELL,6.5696419345895265,0.006569641934589527,0.075,S6_REVERSAL
2026-07-30 10:00:00+00:00,SOL,SELL,18.326596630250606,0.018326596630250606,0.075,S6_REVERSAL
2026-07-30 11:00:00+00:00,BTC,SELL,1.3768925800395664,0.0013768925800395665,0.075,S6_REVERSAL
2026-07-30 11:00:00+00:00,ETH,SELL,1.4680922881279912,0.0014680922881279911,0.075,S6_REVERSAL
2026-07-30 11:00:00+00:00,SOL,BUY,13.588956858078745,0.013588956858078746,0.075,S6_REVERSAL
2026-07-30 12:00:00+00:00,BTC,SELL,17.56390108420146,0.01756390108420146,0.075,S6_REVERSAL
2026-07-30 12:00:00+00:00,ETH,BUY,6765.216685698851,6.765216685698851,0.15,S3_TREND
2026-07-30 12:00:00+00:00,SOL,SELL,24.09940728957645,0.024099407289576453,0.075,S6_REVERSAL
2026-07-30 13:00:00+00:00,BTC,BUY,6768.939510998905,6.768939510998905,0.15,S3_TREND
2026-07-30 13:00:00+00:00,ETH,SELL,8.327615298110686,0.008327615298110685,0.15,S3_TREND
2026-07-30 13:00:00+00:00,SOL,SELL,13.588126489155002,0.013588126489155002,0.075,S6_REVERSAL
2026-07-30 14:00:00+00:00,BTC,SELL,9.530954253590608,0.009530954253590608,0.15,S3_TREND
2026-07-30 14:00:00+00:00,ETH,SELL,21.81259219687672,0.021812592196876722,0.15,S3_TREND
2026-07-30 14:00:00+00:00,SOL,SELL,20.153028070536493,0.020153028070536493,0.075,S6_REVERSAL
2026-07-30 15:00:00+00:00,BTC,BUY,46.28542978659789,0.04628542978659789,0.15,S3_TREND
2026-07-30 15:00:00+00:00,ETH,BUY,63.28440971732198,0.06328440971732198,0.15,S3_TREND
2026-07-30 15:00:00+00:00,SOL,SELL,8.499970444579958,0.008499970444579959,0.075,S6_REVERSAL
2026-07-30 16:00:00+00:00,BTC,SELL,6.54846914272639,0.00654846914272639,0.15,S3_TREND
2026-07-30 16:00:00+00:00,ETH,SELL,7.3747581552506745,0.007374758155250675,0.15,S3_TREND
2026-07-30 17:00:00+00:00,BTC,SELL,15.929603849926934,0.015929603849926935,0.15,S3_TREND
2026-07-30 17:00:00+00:00,SOL,BUY,7.330631168892069,0.0073306311688920685,0.075,S6_REVERSAL
2026-07-30 18:00:00+00:00,BTC,SELL,5.544854070787551,0.005544854070787551,0.15,S3_TREND
2026-07-30 18:00:00+00:00,ETH,SELL,5.806565238306575,0.0058065652383065755,0.15,S3_TREND
2026-07-30 18:00:00+00:00,SOL,SELL,13.481912301525881,0.013481912301525881,0.075,S6_REVERSAL
2026-07-30 19:00:00+00:00,BTC,BUY,21.940425500773927,0.02194042550077393,0.15,S3_TREND
2026-07-30 19:00:00+00:00,ETH,BUY,18.906878493127806,0.018906878493127808,0.15,S3_TREND
2026-07-30 19:00:00+00:00,SOL,BUY,6787.654659380295,6.787654659380295,0.15,S3_TREND
2026-07-30 20:00:00+00:00,BTC,SELL,3.6697060865408275,0.0036697060865408275,0.15,S3_TREND
2026-07-30 20:00:00+00:00,ETH,SELL,35.55697874152611,0.03555697874152611,0.15,S3_TREND
2026-07-30 20:00:00+00:00,SOL,SELL,28.756796384845078,0.028756796384845077,0.15,S3_TREND
2026-07-30 21:00:00+00:00,BTC,SELL,6.262261838241102,0.006262261838241102,0.15,S3_TREND
2026-07-30 21:00:00+00:00,ETH,BUY,3.103503254125826,0.003103503254125826,0.15,S3_TREND
2026-07-30 21:00:00+00:00,SOL,BUY,43.41078152735827,0.04341078152735827,0.15,S3_TREND
2026-07-30 22:00:00+00:00,BTC,BUY,4.501536966427011,0.004501536966427011,0.15,S3_TREND
2026-07-30 22:00:00+00:00,ETH,BUY,17.113057725413455,0.017113057725413456,0.15,S3_TREND
2026-07-30 22:00:00+00:00,SOL,SELL,6.072536756106274,0.006072536756106274,0.15,S3_TREND
2026-07-30 23:00:00+00:00,BTC,SELL,6.107890586650683,0.006107890586650683,0.15,S3_TREND
2026-07-30 23:00:00+00:00,ETH,SELL,31.051872295089197,0.031051872295089197,0.15,S3_TREND
2026-07-30 23:00:00+00:00,SOL,SELL,29.194217419604684,0.029194217419604686,0.15,S3_TREND
2026-07-31 00:00:00+00:00,BTC,SELL,1.3378060183022171,0.0013378060183022171,0.15,S3_TREND
2026-07-31 00:00:00+00:00,ETH,BUY,35.20784314605771,0.03520784314605771,0.15,S3_TREND
2026-07-31 00:00:00+00:00,SOL,BUY,25.52176323661115,0.02552176323661115,0.15,S3_TREND
2026-07-31 01:00:00+00:00,BTC,BUY,7.730190449570728,0.0077301904495707275,0.15,S3_TREND
2026-07-31 01:00:00+00:00,ETH,BUY,4.467485688845045,0.0044674856888450454,0.15,S3_TREND
2026-07-31 01:00:00+00:00,SOL,BUY,1.6584431979845249,0.001658443197984525,0.15,S3_TREND
2026-07-31 02:00:00+00:00,BTC,BUY,18.687906823641242,0.018687906823641243,0.15,S3_TREND
2026-07-31 02:00:00+00:00,ETH,BUY,33.055026436933986,0.03305502643693398,0.15,S3_TREND
2026-07-31 02:00:00+00:00,SOL,BUY,3.196112403040388,0.003196112403040388,0.15,S3_TREND
2026-07-31 03:00:00+00:00,BTC,BUY,34.54834312564344,0.03454834312564344,0.15,S3_TREND
2026-07-31 03:00:00+00:00,ETH,BUY,22.673070032524265,0.022673070032524265,0.15,S3_TREND
2026-07-31 03:00:00+00:00,SOL,BUY,20.594022078792477,0.020594022078792476,0.15,S3_TREND
2026-07-31 04:00:00+00:00,BTC,SELL,8.398658548261665,0.008398658548261665,0.15,S3_TREND
2026-07-31 04:00:00+00:00,ETH,SELL,26.925495956777013,0.026925495956777012,0.15,S3_TREND
2026-07-31 04:00:00+00:00,SOL,BUY,10.415196505970016,0.010415196505970016,0.15,S3_TREND
2026-07-31 05:00:00+00:00,ETH,BUY,6.944627294904421,0.006944627294904421,0.15,S3_TREND
2026-07-31 05:00:00+00:00,SOL,BUY,42.71092417944783,0.04271092417944783,0.15,S3_TREND
2026-07-31 06:00:00+00:00,BTC,BUY,1.3374695367820095,0.0013374695367820095,0.15,S3_TREND
2026-07-31 06:00:00+00:00,ETH,BUY,12.476249165751142,0.012476249165751142,0.15,S3_TREND
2026-07-31 06:00:00+00:00,SOL,SELL,63.125883236863956,0.06312588323686395,0.15,S3_TREND
2026-07-31 07:00:00+00:00,BTC,BUY,15.525663462820376,0.015525663462820376,0.15,S3_TREND
2026-07-31 07:00:00+00:00,ETH,BUY,13.098736504754925,0.013098736504754925,0.15,S3_TREND
2026-07-31 07:00:00+00:00,SOL,BUY,15.30232222610357,0.01530232222610357,0.15,S3_TREND
2026-07-31 08:00:00+00:00,BTC,BUY,25.695903097697737,0.025695903097697738,0.15,S3_TREND
2026-07-31 08:00:00+00:00,ETH,BUY,54.42630926297352,0.05442630926297352,0.15,S3_TREND
2026-07-31 08:00:00+00:00,SOL,BUY,42.956995593605825,0.04295699559360583,0.15,S3_TREND
2026-07-31 09:00:00+00:00,BTC,BUY,20.468096399865317,0.020468096399865316,0.15,S3_TREND
2026-07-31 09:00:00+00:00,ETH,SELL,5.74607202457446,0.00574607202457446,0.15,S3_TREND
2026-07-31 10:00:00+00:00,BTC,BUY,9.0561339306023,0.009056133930602301,0.15,S3_TREND
2026-07-31 10:00:00+00:00,ETH,BUY,32.00957096020829,0.032009570960208296,0.15,S3_TREND
2026-07-31 10:00:00+00:00,SOL,BUY,16.741043212683508,0.016741043212683507,0.15,S3_TREND
2026-07-31 11:00:00+00:00,BTC,SELL,30.838269527090233,0.030838269527090234,0.15,S3_TREND
2026-07-31 11:00:00+00:00,ETH,SELL,6743.09355068737,6.74309355068737,0.075,S6_REVERSAL
2026-07-31 12:00:00+00:00,BTC,BUY,18.269253527347246,0.018269253527347245,0.15,S3_TREND
2026-07-31 12:00:00+00:00,ETH,BUY,7.381578976225683,0.0073815789762256825,0.075,S6_REVERSAL
2026-07-31 12:00:00+00:00,SOL,SELL,10.076481827249154,0.010076481827249155,0.15,S3_TREND
2026-07-31 13:00:00+00:00,BTC,BUY,10.153115751714722,0.010153115751714722,0.15,S3_TREND
2026-07-31 13:00:00+00:00,ETH,BUY,4.43178685359635,0.00443178685359635,0.075,S6_REVERSAL
2026-07-31 13:00:00+00:00,SOL,SELL,11.679922060779063,0.011679922060779063,0.15,S3_TREND
2026-07-31 14:00:00+00:00,BTC,BUY,68.63355301514639,0.0686335530151464,0.15,S3_TREND
2026-07-31 14:00:00+00:00,ETH,BUY,39.77049797874861,0.03977049797874861,0.075,S6_REVERSAL
2026-07-31 14:00:00+00:00,SOL,BUY,30.59442855806992,0.030594428558069924,0.15,S3_TREND
2026-07-31 15:00:00+00:00,BTC,BUY,96.07074326929614,0.09607074326929614,0.15,S3_TREND
2026-07-31 15:00:00+00:00,ETH,SELL,6686.125410618742,6.686125410618741,0.0,CASH
2026-07-31 15:00:00+00:00,SOL,BUY,13.31911245662377,0.013319112456623771,0.15,S3_TREND
2026-07-31 16:00:00+00:00,BTC,SELL,5.6387323739836575,0.005638732373983658,0.15,S3_TREND
2026-07-31 16:00:00+00:00,ETH,BUY,6697.498510157509,6.6974985101575095,0.075,S6_REVERSAL
2026-07-31 16:00:00+00:00,SOL,SELL,9.263475671961714,0.009263475671961714,0.15,S3_TREND
2026-07-31 17:00:00+00:00,BTC,SELL,23.187663468728715,0.023187663468728716,0.15,S3_TREND
2026-07-31 17:00:00+00:00,ETH,SELL,1.012178005226815,0.001012178005226815,0.075,S6_REVERSAL
2026-07-31 17:00:00+00:00,SOL,SELL,23.21135444579886,0.023211354445798863,0.15,S3_TREND
2026-07-31 18:00:00+00:00,BTC,SELL,60.61496217104104,0.060614962171041044,0.15,S3_TREND
2026-07-31 18:00:00+00:00,ETH,SELL,27.90386667006169,0.02790386667006169,0.075,S6_REVERSAL
2026-07-31 18:00:00+00:00,SOL,BUY,8.27348452174192,0.008273484521741922,0.15,S3_TREND
2026-07-31 19:00:00+00:00,BTC,SELL,6687.132196131838,6.687132196131838,0.075,S6_REVERSAL
2026-07-31 19:00:00+00:00,ETH,BUY,4.907420919978904,0.004907420919978904,0.075,S6_REVERSAL
2026-07-31 19:00:00+00:00,SOL,BUY,30.899392580686253,0.030899392580686254,0.15,S3_TREND
2026-07-31 20:00:00+00:00,BTC,BUY,10.45146943301279,0.01045146943301279,0.075,S6_REVERSAL
2026-07-31 20:00:00+00:00,ETH,BUY,10.110807173447938,0.010110807173447938,0.075,S6_REVERSAL
2026-07-31 21:00:00+00:00,BTC,SELL,1.4490813727088607,0.0014490813727088608,0.075,S6_REVERSAL
2026-07-31 21:00:00+00:00,ETH,BUY,17.914349777675852,0.017914349777675854,0.075,S6_REVERSAL
2026-07-31 21:00:00+00:00,SOL,BUY,14.935409352556235,0.014935409352556234,0.15,S3_TREND
2026-07-31 22:00:00+00:00,BTC,SELL,2.8431023939701845,0.0028431023939701847,0.075,S6_REVERSAL
2026-07-31 22:00:00+00:00,ETH,SELL,1.891298783529237,0.001891298783529237,0.075,S6_REVERSAL
2026-07-31 22:00:00+00:00,SOL,BUY,37.12542814904373,0.03712542814904373,0.15,S3_TREND
2026-07-31 23:00:00+00:00,BTC,BUY,1.4856223288516048,0.0014856223288516048,0.075,S6_REVERSAL
2026-07-31 23:00:00+00:00,ETH,BUY,2.874723940376498,0.002874723940376498,0.075,S6_REVERSAL
2026-07-31 23:00:00+00:00,SOL,SELL,20.491848605424817,0.020491848605424818,0.15,S3_TREND
2026-08-01 00:00:00+00:00,BTC,BUY,6.687910500853832,0.0066879105008538315,0.075,S6_REVERSAL
2026-08-01 00:00:00+00:00,ETH,SELL,3.915968495432025,0.003915968495432025,0.075,S6_REVERSAL
2026-08-01 00:00:00+00:00,SOL,SELL,3.5219941203413323,0.0035219941203413325,0.15,S3_TREND
2026-08-01 01:00:00+00:00,BTC,SELL,2.4457051710260203,0.0024457051710260204,0.075,S6_REVERSAL
2026-08-01 01:00:00+00:00,ETH,SELL,4.622098074691166,0.004622098074691166,0.075,S6_REVERSAL
2026-08-01 01:00:00+00:00,SOL,SELL,19.94875636271354,0.019948756362713538,0.15,S3_TREND
2026-08-01 02:00:00+00:00,BTC,SELL,2.601048374207494,0.002601048374207494,0.075,S6_REVERSAL
2026-08-01 02:00:00+00:00,ETH,SELL,7.071431929743994,0.007071431929743994,0.075,S6_REVERSAL
2026-08-01 02:00:00+00:00,SOL,SELL,2.8325780770519486,0.0028325780770519487,0.15,S3_TREND
2026-08-01 03:00:00+00:00,BTC,SELL,9.111269355529657,0.009111269355529658,0.075,S6_REVERSAL
2026-08-01 03:00:00+00:00,ETH,SELL,2.8400433527494897,0.0028400433527494898,0.075,S6_REVERSAL
2026-08-01 03:00:00+00:00,SOL,SELL,2.4269122055065964,0.0024269122055065964,0.15,S3_TREND
2026-08-01 04:00:00+00:00,BTC,BUY,6.828396128757049,0.006828396128757049,0.075,S6_REVERSAL
2026-08-01 04:00:00+00:00,ETH,SELL,6.524135461973856,0.006524135461973856,0.075,S6_REVERSAL
2026-08-01 04:00:00+00:00,SOL,BUY,5.987689667208542,0.005987689667208543,0.15,S3_TREND
2026-08-01 05:00:00+00:00,BTC,SELL,8.983008967131354,0.008983008967131355,0.075,S6_REVERSAL
2026-08-01 05:00:00+00:00,ETH,BUY,3.2056829929297237,0.0032056829929297237,0.075,S6_REVERSAL
2026-08-01 05:00:00+00:00,SOL,SELL,20.14705797814895,0.02014705797814895,0.15,S3_TREND
2026-08-01 06:00:00+00:00,BTC,BUY,5.585525123854495,0.005585525123854495,0.075,S6_REVERSAL
2026-08-01 06:00:00+00:00,ETH,BUY,3.310624679143075,0.003310624679143075,0.075,S6_REVERSAL
2026-08-01 06:00:00+00:00,SOL,BUY,33.140301264511436,0.03314030126451144,0.15,S3_TREND
2026-08-01 07:00:00+00:00,BTC,SELL,4.355786981444908,0.0043557869814449075,0.075,S6_REVERSAL
2026-08-01 07:00:00+00:00,ETH,SELL,8.383880411001883,0.008383880411001883,0.075,S6_REVERSAL
2026-08-01 07:00:00+00:00,SOL,SELL,6.838017849684547,0.006838017849684548,0.15,S3_TREND
2026-08-01 08:00:00+00:00,BTC,BUY,2.506008311628648,0.002506008311628648,0.075,S6_REVERSAL
2026-08-01 08:00:00+00:00,ETH,BUY,1.7695721217514802,0.0017695721217514803,0.075,S6_REVERSAL
2026-08-01 08:00:00+00:00,SOL,BUY,2.266746846275055,0.002266746846275055,0.15,S3_TREND
2026-08-01 09:00:00+00:00,BTC,SELL,6.710541761979584,0.006710541761979585,0.075,S6_REVERSAL
2026-08-01 09:00:00+00:00,ETH,BUY,2.4582096936937887,0.002458209693693789,0.075,S6_REVERSAL
2026-08-01 09:00:00+00:00,SOL,SELL,8.326425486298831,0.008326425486298831,0.15,S3_TREND
2026-08-01 10:00:00+00:00,BTC,BUY,4.004352572282187,0.004004352572282187,0.075,S6_REVERSAL
2026-08-01 10:00:00+00:00,ETH,BUY,1.8375224469291425,0.0018375224469291424,0.075,S6_REVERSAL
2026-08-01 10:00:00+00:00,SOL,BUY,29.199492325611573,0.029199492325611573,0.15,S3_TREND
2026-08-01 11:00:00+00:00,ETH,BUY,2.08211939501507,0.00208211939501507,0.075,S6_REVERSAL
2026-08-01 11:00:00+00:00,SOL,SELL,1.83603030348786,0.00183603030348786,0.15,S3_TREND
2026-08-01 12:00:00+00:00,BTC,SELL,1.836868962380322,0.001836868962380322,0.075,S6_REVERSAL
2026-08-01 12:00:00+00:00,ETH,BUY,2.2376264853664907,0.002237626485366491,0.075,S6_REVERSAL
2026-08-01 12:00:00+00:00,SOL,SELL,6.183050631063452,0.006183050631063452,0.15,S3_TREND
2026-08-01 13:00:00+00:00,BTC,SELL,1.584963795880867,0.001584963795880867,0.075,S6_REVERSAL
2026-08-01 13:00:00+00:00,ETH,SELL,6.432876324874087,0.006432876324874087,0.075,S6_REVERSAL
2026-08-01 13:00:00+00:00,SOL,SELL,4.643177624528108,0.004643177624528108,0.15,S3_TREND
2026-08-01 14:00:00+00:00,BTC,BUY,4.123859078339592,0.004123859078339592,0.075,S6_REVERSAL
2026-08-01 14:00:00+00:00,SOL,SELL,6710.534360729228,6.710534360729228,0.075,S6_REVERSAL
2026-08-01 15:00:00+00:00,BTC,SELL,4.268771008282783,0.0042687710082827835,0.075,S6_REVERSAL
2026-08-01 15:00:00+00:00,ETH,SELL,19.62270684469513,0.01962270684469513,0.075,S6_REVERSAL
2026-08-01 15:00:00+00:00,SOL,SELL,1.861572534858169,0.0018615725348581692,0.075,S6_REVERSAL
2026-08-01 16:00:00+00:00,BTC,BUY,8.788422455671025,0.008788422455671026,0.075,S6_REVERSAL
2026-08-01 16:00:00+00:00,ETH,BUY,14.262491633849095,0.014262491633849095,0.075,S6_REVERSAL
2026-08-01 16:00:00+00:00,SOL,BUY,17.21731687432475,0.01721731687432475,0.075,S6_REVERSAL
2026-08-01 17:00:00+00:00,BTC,BUY,6.375442431437477,0.006375442431437477,0.075,S6_REVERSAL
2026-08-01 17:00:00+00:00,ETH,BUY,3.121025829953396,0.0031210258299533963,0.075,S6_REVERSAL
2026-08-01 17:00:00+00:00,SOL,BUY,6.711908633391431,0.006711908633391431,0.075,S6_REVERSAL
2026-08-01 18:00:00+00:00,BTC,BUY,14.87963636670338,0.014879636366703381,0.075,S6_REVERSAL
2026-08-01 18:00:00+00:00,ETH,BUY,15.132509338151067,0.015132509338151067,0.075,S6_REVERSAL
2026-08-01 18:00:00+00:00,SOL,SELL,6626.762551838605,6.626762551838605,0.0,CASH
2026-08-01 19:00:00+00:00,BTC,BUY,5.277013299065402,0.005277013299065402,0.075,S6_REVERSAL
2026-08-01 19:00:00+00:00,ETH,BUY,82.42349530586671,0.0824234953058667,0.075,S6_REVERSAL
2026-08-01 19:00:00+00:00,SOL,BUY,6681.315680061726,6.681315680061727,0.075,S6_REVERSAL
2026-08-01 20:00:00+00:00,BTC,SELL,6675.898502398597,6.6758985023985975,0.0,CASH
2026-08-01 20:00:00+00:00,ETH,SELL,1.3643557113846327,0.0013643557113846327,0.075,S6_REVERSAL
2026-08-01 20:00:00+00:00,SOL,SELL,15.559256082301545,0.015559256082301545,0.075,S6_REVERSAL
2026-08-01 21:00:00+00:00,ETH,SELL,2.1598922736520763,0.0021598922736520763,0.075,S6_REVERSAL
2026-08-01 21:00:00+00:00,SOL,SELL,26.21641850326705,0.02621641850326705,0.075,S6_REVERSAL
2026-08-01 22:00:00+00:00,ETH,SELL,22.71878565114912,0.02271878565114912,0.075,S6_REVERSAL
2026-08-01 22:00:00+00:00,SOL,SELL,23.908125358943835,0.023908125358943835,0.075,S6_REVERSAL
2026-08-01 23:00:00+00:00,ETH,SELL,4.648241927968229,0.004648241927968229,0.075,S6_REVERSAL
2026-08-01 23:00:00+00:00,SOL,SELL,3.902924382599849,0.0039029243825998493,0.075,S6_REVERSAL
2026-08-02 00:00:00+00:00,ETH,BUY,8.081981666139654,0.008081981666139654,0.075,S6_REVERSAL
2026-08-02 00:00:00+00:00,SOL,SELL,4.074816813252255,0.004074816813252255,0.075,S6_REVERSAL
2026-08-02 01:00:00+00:00,ETH,SELL,4.720066169722486,0.004720066169722486,0.075,S6_REVERSAL
2026-08-02 01:00:00+00:00,SOL,SELL,13.285261547545815,0.013285261547545816,0.075,S6_REVERSAL
2026-08-02 02:00:00+00:00,ETH,SELL,31.09312191243407,0.03109312191243407,0.075,S6_REVERSAL
2026-08-02 02:00:00+00:00,SOL,SELL,43.51504579746506,0.04351504579746506,0.075,S6_REVERSAL
2026-08-02 03:00:00+00:00,ETH,SELL,62.622994427721096,0.0626229944277211,0.075,S6_REVERSAL
2026-08-02 03:00:00+00:00,SOL,SELL,37.2779833606728,0.0372779833606728,0.075,S6_REVERSAL
2026-08-02 04:00:00+00:00,ETH,SELL,1.4481960938219345,0.0014481960938219345,0.075,S6_REVERSAL
2026-08-02 04:00:00+00:00,SOL,SELL,4.102211667263873,0.004102211667263873,0.075,S6_REVERSAL
2026-08-02 05:00:00+00:00,ETH,SELL,10.119781937772132,0.010119781937772132,0.075,S6_REVERSAL
2026-08-02 05:00:00+00:00,SOL,SELL,27.800841774258515,0.027800841774258515,0.075,S6_REVERSAL
2026-08-02 06:00:00+00:00,ETH,BUY,16.47052793176681,0.01647052793176681,0.075,S6_REVERSAL
2026-08-02 06:00:00+00:00,SOL,SELL,5.530111617345938,0.005530111617345938,0.075,S6_REVERSAL
2026-08-02 07:00:00+00:00,ETH,SELL,4.924872262279678,0.004924872262279677,0.075,S6_REVERSAL
2026-08-02 07:00:00+00:00,SOL,BUY,11.286683820225335,0.011286683820225334,0.075,S6_REVERSAL
2026-08-02 08:00:00+00:00,ETH,BUY,4.757293647734514,0.004757293647734514,0.075,S6_REVERSAL
2026-08-02 09:00:00+00:00,ETH,BUY,24.23950261997379,0.02423950261997379,0.075,S6_REVERSAL
2026-08-02 09:00:00+00:00,SOL,SELL,6681.8603776823675,6.6818603776823675,0.0,CASH
2026-08-02 10:00:00+00:00,ETH,SELL,6712.867584137583,6.712867584137584,0.0,CASH
2026-08-03 09:00:00+00:00,BTC,BUY,6702.734275137164,6.702734275137164,0.075,S6_REVERSAL
2026-08-03 09:00:00+00:00,SOL,BUY,6702.734275137164,6.702734275137164,0.075,S6_REVERSAL
2026-08-03 10:00:00+00:00,BTC,SELL,27.699749636402885,0.027699749636402884,0.075,S6_REVERSAL
2026-08-03 10:00:00+00:00,SOL,SELL,31.182061951966716,0.031182061951966718,0.075,S6_REVERSAL
2026-08-03 11:00:00+00:00,BTC,BUY,6713.456065163129,6.713456065163129,0.15,S3_TREND
2026-08-03 11:00:00+00:00,SOL,BUY,11.170468517571862,0.011170468517571863,0.075,S6_REVERSAL
2026-08-03 12:00:00+00:00,BTC,BUY,29.839533890608436,0.029839533890608436,0.15,S3_TREND
2026-08-03 12:00:00+00:00,ETH,BUY,6700.480995108026,6.700480995108026,0.075,S6_REVERSAL
2026-08-03 12:00:00+00:00,SOL,BUY,10.244935893105321,0.01024493589310532,0.075,S6_REVERSAL
2026-08-03 13:00:00+00:00,BTC,SELL,24.698203114607168,0.02469820311460717,0.15,S3_TREND
2026-08-03 13:00:00+00:00,ETH,SELL,11.229691868067675,0.011229691868067675,0.075,S6_REVERSAL
2026-08-03 13:00:00+00:00,SOL,BUY,4.495262774304138,0.004495262774304138,0.075,S6_REVERSAL
2026-08-03 14:00:00+00:00,BTC,SELL,98.36599020217182,0.09836599020217182,0.15,S3_TREND
2026-08-03 14:00:00+00:00,ETH,SELL,35.89458265493249,0.03589458265493249,0.075,S6_REVERSAL
2026-08-03 14:00:00+00:00,SOL,SELL,56.390804578539246,0.05639080457853925,0.075,S6_REVERSAL
2026-08-03 15:00:00+00:00,BTC,SELL,95.96600802811736,0.09596600802811736,0.15,S3_TREND
2026-08-03 15:00:00+00:00,ETH,SELL,35.4310454897568,0.0354310454897568,0.075,S6_REVERSAL
2026-08-03 15:00:00+00:00,SOL,SELL,31.236923158525315,0.031236923158525314,0.075,S6_REVERSAL
2026-08-03 16:00:00+00:00,BTC,BUY,40.78734669952246,0.04078734669952246,0.15,S3_TREND
2026-08-03 16:00:00+00:00,ETH,BUY,29.293207531782173,0.029293207531782172,0.075,S6_REVERSAL
2026-08-03 16:00:00+00:00,SOL,BUY,7.229411101134247,0.007229411101134247,0.075,S6_REVERSAL
2026-08-03 17:00:00+00:00,BTC,SELL,15.849967860523973,0.015849967860523975,0.15,S3_TREND
2026-08-03 17:00:00+00:00,ETH,SELL,9.710028149243044,0.009710028149243044,0.075,S6_REVERSAL
2026-08-03 17:00:00+00:00,SOL,BUY,18.98632202880799,0.01898632202880799,0.075,S6_REVERSAL
2026-08-03 18:00:00+00:00,BTC,SELL,17.97973616292984,0.01797973616292984,0.15,S3_TREND
2026-08-03 18:00:00+00:00,ETH,SELL,4.803513484957875,0.004803513484957876,0.075,S6_REVERSAL
2026-08-03 18:00:00+00:00,SOL,BUY,6717.041547825202,6.717041547825202,0.15,S3_TREND
2026-08-03 19:00:00+00:00,BTC,BUY,13.023221069779538,0.013023221069779538,0.15,S3_TREND
2026-08-03 19:00:00+00:00,ETH,BUY,2.4120757950231564,0.0024120757950231563,0.075,S6_REVERSAL
2026-08-03 19:00:00+00:00,SOL,SELL,45.5807439970813,0.0455807439970813,0.15,S3_TREND
2026-08-03 20:00:00+00:00,BTC,BUY,2.2957862109633425,0.0022957862109633425,0.15,S3_TREND
2026-08-03 20:00:00+00:00,ETH,SELL,3.48171084826663,0.00348171084826663,0.075,S6_REVERSAL
2026-08-03 20:00:00+00:00,SOL,SELL,7.130429420843939,0.0071304294208439385,0.15,S3_TREND
2026-08-03 21:00:00+00:00,BTC,BUY,11.274212707001425,0.011274212707001425,0.15,S3_TREND
2026-08-03 21:00:00+00:00,SOL,BUY,24.224949726545674,0.024224949726545673,0.15,S3_TREND
2026-08-03 22:00:00+00:00,BTC,BUY,26.53479920740574,0.02653479920740574,0.15,S3_TREND
2026-08-03 22:00:00+00:00,ETH,BUY,6744.453389357225,6.744453389357226,0.15,S3_TREND
2026-08-03 22:00:00+00:00,SOL,BUY,12.93222367492126,0.012932223674921261,0.15,S3_TREND
2026-08-03 23:00:00+00:00,BTC,SELL,14.16669916203864,0.01416669916203864,0.15,S3_TREND
2026-08-03 23:00:00+00:00,ETH,BUY,14.920244404087498,0.014920244404087499,0.15,S3_TREND
2026-08-03 23:00:00+00:00,SOL,BUY,22.780497394804115,0.022780497394804117,0.15,S3_TREND
2026-08-04 00:00:00+00:00,BTC,BUY,18.27886168040277,0.01827886168040277,0.15,S3_TREND
2026-08-04 00:00:00+00:00,ETH,SELL,3.2442532288605435,0.0032442532288605437,0.15,S3_TREND
2026-08-04 00:00:00+00:00,SOL,SELL,6.1077627390241105,0.00610776273902411,0.15,S3_TREND
2026-08-04 01:00:00+00:00,BTC,BUY,5.29270545640793,0.00529270545640793,0.15,S3_TREND
2026-08-04 01:00:00+00:00,ETH,BUY,38.35047344398845,0.038350473443988446,0.15,S3_TREND
2026-08-04 01:00:00+00:00,SOL,BUY,59.6093702047674,0.0596093702047674,0.15,S3_TREND
2026-08-04 02:00:00+00:00,BTC,SELL,50.735482530977606,0.05073548253097761,0.15,S3_TREND
2026-08-04 02:00:00+00:00,ETH,SELL,66.2703637615632,0.0662703637615632,0.15,S3_TREND
2026-08-04 02:00:00+00:00,SOL,SELL,74.53229414758243,0.07453229414758243,0.15,S3_TREND
2026-08-04 03:00:00+00:00,BTC,BUY,5.963749497916069,0.0059637494979160694,0.15,S3_TREND
2026-08-04 03:00:00+00:00,ETH,BUY,11.194697900789834,0.011194697900789833,0.15,S3_TREND
2026-08-04 03:00:00+00:00,SOL,SELL,19.50605917616122,0.01950605917616122,0.15,S3_TREND
2026-08-04 04:00:00+00:00,BTC,SELL,3.0369213230824244,0.0030369213230824242,0.15,S3_TREND
2026-08-04 04:00:00+00:00,ETH,BUY,6.450976828669809,0.006450976828669809,0.15,S3_TREND
2026-08-04 04:00:00+00:00,SOL,BUY,25.058464286776143,0.025058464286776144,0.15,S3_TREND
2026-08-04 05:00:00+00:00,BTC,SELL,33.41537360515031,0.03341537360515031,0.15,S3_TREND
2026-08-04 05:00:00+00:00,ETH,SELL,12.526423017268826,0.012526423017268825,0.15,S3_TREND
2026-08-04 05:00:00+00:00,SOL,SELL,8.829281066597105,0.008829281066597104,0.15,S3_TREND
2026-08-04 06:00:00+00:00,BTC,BUY,31.336233405656458,0.03133623340565646,0.15,S3_TREND
2026-08-04 06:00:00+00:00,ETH,BUY,12.840713892937856,0.012840713892937856,0.15,S3_TREND
2026-08-04 06:00:00+00:00,SOL,BUY,3.436313406120462,0.0034363134061204618,0.15,S3_TREND
2026-08-04 07:00:00+00:00,BTC,BUY,9.777250228971752,0.009777250228971752,0.15,S3_TREND
2026-08-04 07:00:00+00:00,ETH,BUY,32.33777063982416,0.03233777063982416,0.15,S3_TREND
2026-08-04 07:00:00+00:00,SOL,BUY,36.89522658095848,0.03689522658095848,0.15,S3_TREND
2026-08-04 08:00:00+00:00,BTC,BUY,11.825576838529742,0.011825576838529741,0.15,S3_TREND
2026-08-04 08:00:00+00:00,ETH,SELL,34.96975502143141,0.03496975502143141,0.15,S3_TREND
2026-08-04 08:00:00+00:00,SOL,SELL,32.47830961086947,0.03247830961086948,0.15,S3_TREND
2026-08-04 09:00:00+00:00,BTC,BUY,1.8167182140368823,0.0018167182140368823,0.15,S3_TREND
2026-08-04 09:00:00+00:00,ETH,BUY,24.717279353078993,0.024717279353078995,0.15,S3_TREND
2026-08-04 09:00:00+00:00,SOL,BUY,41.678551086333755,0.041678551086333754,0.15,S3_TREND
2026-08-04 10:00:00+00:00,BTC,SELL,3.3991756013147096,0.0033991756013147098,0.15,S3_TREND
2026-08-04 10:00:00+00:00,ETH,SELL,6.299793019295976,0.006299793019295976,0.15,S3_TREND
2026-08-04 10:00:00+00:00,SOL,BUY,10.705319786013206,0.010705319786013206,0.15,S3_TREND
2026-08-04 11:00:00+00:00,BTC,SELL,11.327585977445779,0.011327585977445778,0.15,S3_TREND
2026-08-04 11:00:00+00:00,ETH,SELL,6770.945061014628,6.770945061014628,0.075,S6_REVERSAL
2026-08-04 11:00:00+00:00,SOL,SELL,34.32038875966646,0.034320388759666455,0.15,S3_TREND
2026-08-04 12:00:00+00:00,BTC,SELL,17.293201738913922,0.01729320173891392,0.15,S3_TREND
2026-08-04 12:00:00+00:00,ETH,BUY,6729.426305624277,6.729426305624277,0.15,S3_TREND
2026-08-04 12:00:00+00:00,SOL,SELL,47.119741278878784,0.04711974127887879,0.15,S3_TREND
2026-08-04 13:00:00+00:00,BTC,BUY,1.0724982481588086,0.0010724982481588087,0.15,S3_TREND
2026-08-04 13:00:00+00:00,ETH,SELL,19.11582674823694,0.01911582674823694,0.15,S3_TREND
2026-08-04 13:00:00+00:00,SOL,BUY,22.468989502218392,0.022468989502218394,0.15,S3_TREND
2026-08-04 14:00:00+00:00,BTC,BUY,21.152414707059506,0.021152414707059506,0.15,S3_TREND
2026-08-04 14:00:00+00:00,ETH,BUY,68.04917656124053,0.06804917656124053,0.15,S3_TREND
2026-08-04 14:00:00+00:00,SOL,BUY,5.273503754624471,0.005273503754624471,0.15,S3_TREND
2026-08-04 15:00:00+00:00,BTC,SELL,62.80785643407945,0.06280785643407945,0.15,S3_TREND
2026-08-04 15:00:00+00:00,ETH,SELL,48.0303123368667,0.0480303123368667,0.15,S3_TREND
2026-08-04 15:00:00+00:00,SOL,SELL,3.5474376594211208,0.0035474376594211206,0.15,S3_TREND
2026-08-04 16:00:00+00:00,BTC,BUY,5.07366162267499,0.005073661622674991,0.15,S3_TREND
2026-08-04 16:00:00+00:00,ETH,BUY,3.8866002990798734,0.0038866002990798733,0.15,S3_TREND
2026-08-04 16:00:00+00:00,SOL,SELL,24.90966726227634,0.02490966726227634,0.15,S3_TREND
2026-08-04 17:00:00+00:00,BTC,BUY,20.373647598258685,0.020373647598258687,0.15,S3_TREND
2026-08-04 17:00:00+00:00,ETH,BUY,8.140900032953141,0.008140900032953141,0.15,S3_TREND
2026-08-04 17:00:00+00:00,SOL,BUY,31.13199398157849,0.03113199398157849,0.15,S3_TREND
2026-08-04 18:00:00+00:00,BTC,SELL,2.8625647894932627,0.0028625647894932626,0.15,S3_TREND
2026-08-04 18:00:00+00:00,ETH,BUY,2.6750122330249724,0.0026750122330249726,0.15,S3_TREND
2026-08-04 18:00:00+00:00,SOL,SELL,5.716556228526316,0.005716556228526316,0.15,S3_TREND
2026-08-04 19:00:00+00:00,BTC,SELL,42.88709803712118,0.04288709803712118,0.15,S3_TREND
2026-08-04 19:00:00+00:00,ETH,SELL,13.995254646655667,0.013995254646655667,0.15,S3_TREND
2026-08-04 19:00:00+00:00,SOL,SELL,43.79324581862784,0.04379324581862784,0.15,S3_TREND
2026-08-04 20:00:00+00:00,BTC,BUY,13.73803414048416,0.01373803414048416,0.15,S3_TREND
2026-08-04 20:00:00+00:00,ETH,SELL,1.300186333786769,0.0013001863337867689,0.15,S3_TREND
2026-08-04 20:00:00+00:00,SOL,SELL,6.97905386135244,0.006979053861352441,0.15,S3_TREND
2026-08-04 21:00:00+00:00,BTC,SELL,15.55292547701174,0.015552925477011741,0.15,S3_TREND
2026-08-04 21:00:00+00:00,ETH,SELL,6757.776178451452,6.7577761784514525,0.075,S6_REVERSAL
2026-08-04 21:00:00+00:00,SOL,SELL,7.483653430834238,0.007483653430834238,0.15,S3_TREND
2026-08-04 22:00:00+00:00,BTC,BUY,19.33556623243021,0.01933556623243021,0.15,S3_TREND
2026-08-04 22:00:00+00:00,ETH,BUY,9.81940006028708,0.00981940006028708,0.075,S6_REVERSAL
2026-08-04 22:00:00+00:00,SOL,BUY,12.114813957148726,0.012114813957148727,0.15,S3_TREND
2026-08-04 23:00:00+00:00,BTC,SELL,12.999576392183371,0.012999576392183371,0.15,S3_TREND
2026-08-04 23:00:00+00:00,ETH,SELL,10.410714899826417,0.010410714899826416,0.075,S6_REVERSAL
2026-08-04 23:00:00+00:00,SOL,BUY,10.39603862299009,0.01039603862299009,0.15,S3_TREND
2026-08-05 00:00:00+00:00,BTC,BUY,16.813472562686,0.016813472562686,0.15,S3_TREND
2026-08-05 00:00:00+00:00,ETH,BUY,12.408469148080258,0.012408469148080258,0.075,S6_REVERSAL
2026-08-05 00:00:00+00:00,SOL,BUY,44.296584511635956,0.044296584511635956,0.15,S3_TREND
2026-08-05 01:00:00+00:00,BTC,BUY,10.917183796545942,0.010917183796545942,0.15,S3_TREND
2026-08-05 01:00:00+00:00,ETH,BUY,13.904531035138461,0.013904531035138461,0.075,S6_REVERSAL
2026-08-05 01:00:00+00:00,SOL,BUY,33.51142106754196,0.03351142106754196,0.15,S3_TREND
2026-08-05 02:00:00+00:00,BTC,SELL,39.73648999386387,0.03973648999386387,0.15,S3_TREND
2026-08-05 02:00:00+00:00,ETH,SELL,17.539728788271532,0.017539728788271532,0.075,S6_REVERSAL
2026-08-05 02:00:00+00:00,SOL,SELL,80.55549731251267,0.08055549731251267,0.15,S3_TREND
2026-08-05 03:00:00+00:00,BTC,SELL,3.0964780208450975,0.0030964780208450975,0.15,S3_TREND
2026-08-05 03:00:00+00:00,ETH,SELL,1.9724350634087384,0.0019724350634087386,0.075,S6_REVERSAL
2026-08-05 03:00:00+00:00,SOL,SELL,12.267833072497524,0.012267833072497524,0.15,S3_TREND
2026-08-05 04:00:00+00:00,BTC,BUY,17.885232386090138,0.01788523238609014,0.15,S3_TREND
2026-08-05 04:00:00+00:00,ETH,BUY,13.815582010769504,0.013815582010769503,0.075,S6_REVERSAL
2026-08-05 04:00:00+00:00,SOL,BUY,55.50877771259911,0.055508777712599114,0.15,S3_TREND
2026-08-05 05:00:00+00:00,BTC,BUY,1.0267088567870815,0.0010267088567870815,0.15,S3_TREND
2026-08-05 06:00:00+00:00,BTC,SELL,14.714239234790512,0.014714239234790512,0.15,S3_TREND
2026-08-05 06:00:00+00:00,ETH,SELL,11.951281423846922,0.011951281423846922,0.075,S6_REVERSAL
2026-08-05 06:00:00+00:00,SOL,SELL,46.640202498563674,0.046640202498563675,0.15,S3_TREND
2026-08-05 07:00:00+00:00,BTC,BUY,8.561669078457271,0.008561669078457271,0.15,S3_TREND
2026-08-05 07:00:00+00:00,ETH,BUY,9.07290224211556,0.009072902242115561,0.075,S6_REVERSAL
2026-08-05 07:00:00+00:00,SOL,BUY,14.198238605618826,0.014198238605618826,0.15,S3_TREND
2026-08-05 08:00:00+00:00,BTC,BUY,16.151611282539307,0.016151611282539308,0.15,S3_TREND
2026-08-05 08:00:00+00:00,ETH,SELL,9.704822444224192,0.009704822444224192,0.075,S6_REVERSAL
2026-08-05 08:00:00+00:00,SOL,BUY,4.627450732359648,0.004627450732359649,0.15,S3_TREND
2026-08-05 09:00:00+00:00,BTC,BUY,9.256608017640247,0.009256608017640246,0.15,S3_TREND
2026-08-05 09:00:00+00:00,ETH,BUY,6754.568487946608,6.754568487946608,0.15,S3_TREND
2026-08-05 09:00:00+00:00,SOL,SELL,18.064216759177725,0.018064216759177725,0.15,S3_TREND
2026-08-05 10:00:00+00:00,BTC,SELL,6.945400960114057,0.006945400960114057,0.15,S3_TREND
2026-08-05 10:00:00+00:00,ETH,SELL,13.808476342799622,0.013808476342799622,0.15,S3_TREND
2026-08-05 10:00:00+00:00,SOL,BUY,13.011774712333136,0.013011774712333135,0.15,S3_TREND
2026-08-05 11:00:00+00:00,BTC,BUY,8.300932214126078,0.008300932214126078,0.15,S3_TREND
2026-08-05 11:00:00+00:00,ETH,BUY,14.870273955928496,0.014870273955928496,0.15,S3_TREND
2026-08-05 11:00:00+00:00,SOL,BUY,17.947384650236927,0.017947384650236927,0.15,S3_TREND
2026-08-05 12:00:00+00:00,BTC,SELL,3.881884712696774,0.003881884712696774,0.15,S3_TREND
2026-08-05 12:00:00+00:00,ETH,SELL,5.465164909770465,0.005465164909770465,0.15,S3_TREND
2026-08-05 12:00:00+00:00,SOL,BUY,13.469343231536186,0.013469343231536186,0.15,S3_TREND
2026-08-05 13:00:00+00:00,BTC,SELL,29.551119927004038,0.02955111992700404,0.15,S3_TREND
2026-08-05 13:00:00+00:00,ETH,SELL,28.39383199416443,0.02839383199416443,0.15,S3_TREND
2026-08-05 13:00:00+00:00,SOL,SELL,32.09904518154326,0.03209904518154326,0.15,S3_TREND
2026-08-05 14:00:00+00:00,BTC,SELL,14.338071713635145,0.014338071713635145,0.15,S3_TREND
2026-08-05 14:00:00+00:00,ETH,SELL,14.743231392980306,0.014743231392980305,0.15,S3_TREND
2026-08-05 14:00:00+00:00,SOL,BUY,23.401596383924698,0.023401596383924698,0.15,S3_TREND
2026-08-05 15:00:00+00:00,BTC,SELL,15.038757993817853,0.015038757993817854,0.15,S3_TREND
2026-08-05 15:00:00+00:00,ETH,BUY,18.217855745970155,0.018217855745970155,0.15,S3_TREND
2026-08-05 16:00:00+00:00,BTC,BUY,13.594944894428409,0.01359494489442841,0.15,S3_TREND
2026-08-05 16:00:00+00:00,ETH,BUY,9.335183395012791,0.009335183395012792,0.15,S3_TREND
2026-08-05 16:00:00+00:00,SOL,SELL,5.613206904605249,0.005613206904605249,0.15,S3_TREND
2026-08-05 17:00:00+00:00,BTC,SELL,16.413632364143268,0.01641363236414327,0.15,S3_TREND
2026-08-05 17:00:00+00:00,ETH,SELL,114.87808671819221,0.1148780867181922,0.15,S3_TREND
2026-08-05 17:00:00+00:00,SOL,SELL,19.204793602290014,0.019204793602290014,0.15,S3_TREND
2026-08-05 18:00:00+00:00,BTC,BUY,10.851359055708599,0.010851359055708599,0.15,S3_TREND
2026-08-05 18:00:00+00:00,ETH,SELL,117.98747125029513,0.11798747125029513,0.15,S3_TREND
2026-08-05 18:00:00+00:00,SOL,SELL,15.74635624784787,0.01574635624784787,0.15,S3_TREND
2026-08-05 19:00:00+00:00,BTC,SELL,4.644409092376009,0.004644409092376009,0.15,S3_TREND
2026-08-05 19:00:00+00:00,ETH,SELL,7.752604240551591,0.007752604240551591,0.15,S3_TREND
2026-08-05 19:00:00+00:00,SOL,BUY,6.917413960149133,0.006917413960149134,0.15,S3_TREND
2026-08-05 20:00:00+00:00,BTC,SELL,10.068522543428116,0.010068522543428117,0.15,S3_TREND
2026-08-05 20:00:00+00:00,ETH,BUY,5.848929123032576,0.005848929123032576,0.15,S3_TREND
2026-08-05 20:00:00+00:00,SOL,BUY,9.488222579004287,0.009488222579004287,0.15,S3_TREND
2026-08-05 21:00:00+00:00,ETH,SELL,3.7660349398393014,0.0037660349398393016,0.15,S3_TREND
2026-08-05 21:00:00+00:00,SOL,BUY,15.030563847343728,0.015030563847343728,0.15,S3_TREND
2026-08-05 22:00:00+00:00,ETH,BUY,40.857399021091624,0.040857399021091624,0.15,S3_TREND
2026-08-05 22:00:00+00:00,SOL,BUY,25.54154039455716,0.02554154039455716,0.15,S3_TREND
2026-08-05 23:00:00+00:00,BTC,BUY,12.93486593959642,0.01293486593959642,0.15,S3_TREND
2026-08-05 23:00:00+00:00,ETH,BUY,5.116782330671413,0.005116782330671412,0.15,S3_TREND
2026-08-05 23:00:00+00:00,SOL,BUY,13.56611985386371,0.01356611985386371,0.15,S3_TREND
2026-08-06 00:00:00+00:00,BTC,SELL,2.1947741240728647,0.002194774124072865,0.15,S3_TREND
2026-08-06 00:00:00+00:00,ETH,SELL,10.700853850161366,0.010700853850161366,0.15,S3_TREND
2026-08-06 00:00:00+00:00,SOL,SELL,1.5577171475688374,0.0015577171475688375,0.15,S3_TREND
2026-08-06 01:00:00+00:00,BTC,BUY,6.027038274021834,0.006027038274021834,0.15,S3_TREND
2026-08-06 01:00:00+00:00,ETH,SELL,8.807307326671435,0.008807307326671435,0.15,S3_TREND
2026-08-06 01:00:00+00:00,SOL,SELL,3.7211200527253827,0.0037211200527253827,0.15,S3_TREND
2026-08-06 02:00:00+00:00,BTC,SELL,1.399919696024881,0.001399919696024881,0.15,S3_TREND
2026-08-06 02:00:00+00:00,ETH,BUY,10.97030997155889,0.01097030997155889,0.15,S3_TREND
2026-08-06 02:00:00+00:00,SOL,BUY,45.383943266155256,0.04538394326615526,0.15,S3_TREND
2026-08-06 03:00:00+00:00,BTC,SELL,13.406445853261175,0.013406445853261175,0.15,S3_TREND
2026-08-06 03:00:00+00:00,ETH,BUY,39.901464103697435,0.03990146410369744,0.15,S3_TREND
2026-08-06 03:00:00+00:00,SOL,BUY,23.157572963504208,0.023157572963504208,0.15,S3_TREND
2026-08-06 04:00:00+00:00,BTC,BUY,7.030248733983171,0.007030248733983171,0.15,S3_TREND
2026-08-06 04:00:00+00:00,ETH,SELL,1.8798174865823964,0.0018798174865823965,0.15,S3_TREND
2026-08-06 04:00:00+00:00,SOL,BUY,6.104184871766847,0.006104184871766847,0.15,S3_TREND
2026-08-06 05:00:00+00:00,BTC,SELL,16.529669364485017,0.016529669364485015,0.15,S3_TREND
2026-08-06 05:00:00+00:00,ETH,SELL,35.523015256138024,0.035523015256138026,0.15,S3_TREND
2026-08-06 05:00:00+00:00,SOL,SELL,43.778050106973744,0.04377805010697375,0.15,S3_TREND
2026-08-06 06:00:00+00:00,BTC,SELL,13.330138896033532,0.013330138896033532,0.15,S3_TREND
2026-08-06 06:00:00+00:00,ETH,SELL,24.254854760174567,0.02425485476017457,0.15,S3_TREND
2026-08-06 06:00:00+00:00,SOL,SELL,46.71864312376783,0.04671864312376783,0.15,S3_TREND
2026-08-06 07:00:00+00:00,BTC,BUY,2.6031037070933962,0.0026031037070933963,0.15,S3_TREND
2026-08-06 07:00:00+00:00,ETH,SELL,2.6323976198345918,0.002632397619834592,0.15,S3_TREND
2026-08-06 07:00:00+00:00,SOL,BUY,27.270298127756178,0.02727029812775618,0.15,S3_TREND
2026-08-06 08:00:00+00:00,ETH,BUY,19.34182566954587,0.01934182566954587,0.15,S3_TREND
2026-08-06 08:00:00+00:00,SOL,BUY,23.377732161614404,0.023377732161614404,0.15,S3_TREND
2026-08-06 09:00:00+00:00,BTC,SELL,13.463239527234691,0.013463239527234692,0.15,S3_TREND
2026-08-06 09:00:00+00:00,ETH,SELL,34.08442208011911,0.03408442208011911,0.15,S3_TREND
2026-08-06 09:00:00+00:00,SOL,SELL,8.749315008461053,0.008749315008461054,0.15,S3_TREND
2026-08-06 10:00:00+00:00,BTC,BUY,17.222972305638905,0.017222972305638906,0.15,S3_TREND
2026-08-06 10:00:00+00:00,ETH,BUY,24.060830012575025,0.024060830012575026,0.15,S3_TREND
2026-08-06 10:00:00+00:00,SOL,BUY,93.40625637277299,0.09340625637277299,0.15,S3_TREND
2026-08-06 11:00:00+00:00,BTC,BUY,7.436878470678494,0.007436878470678494,0.15,S3_TREND
2026-08-06 11:00:00+00:00,ETH,BUY,29.309658628857505,0.029309658628857507,0.15,S3_TREND
2026-08-06 11:00:00+00:00,SOL,SELL,12.254211257572026,0.012254211257572025,0.15,S3_TREND
2026-08-06 12:00:00+00:00,BTC,BUY,8.297442653576582,0.008297442653576582,0.15,S3_TREND
2026-08-06 12:00:00+00:00,ETH,SELL,27.234839773667773,0.027234839773667772,0.15,S3_TREND
2026-08-06 12:00:00+00:00,SOL,SELL,16.239193875995625,0.016239193875995626,0.15,S3_TREND
2026-08-06 13:00:00+00:00,BTC,BUY,17.456246505749732,0.017456246505749732,0.15,S3_TREND
2026-08-06 13:00:00+00:00,ETH,BUY,37.476529500821925,0.03747652950082193,0.15,S3_TREND
2026-08-06 13:00:00+00:00,SOL,BUY,33.08431900003961,0.033084319000039615,0.15,S3_TREND
2026-08-06 14:00:00+00:00,BTC,BUY,10.149337033610209,0.01014933703361021,0.15,S3_TREND
2026-08-06 14:00:00+00:00,ETH,SELL,47.073234751802374,0.047073234751802376,0.15,S3_TREND
2026-08-06 14:00:00+00:00,SOL,SELL,8.066136720641225,0.008066136720641225,0.15,S3_TREND
2026-08-06 15:00:00+00:00,BTC,SELL,47.500868005918164,0.04750086800591816,0.15,S3_TREND
2026-08-06 15:00:00+00:00,ETH,SELL,28.977019000938526,0.028977019000938527,0.15,S3_TREND
2026-08-06 15:00:00+00:00,SOL,SELL,14.075916994772342,0.014075916994772342,0.15,S3_TREND
2026-08-06 16:00:00+00:00,BTC,BUY,16.96064432894309,0.016960644328943092,0.15,S3_TREND
2026-08-06 16:00:00+00:00,ETH,BUY,16.88998087204527,0.01688998087204527,0.15,S3_TREND
2026-08-06 16:00:00+00:00,SOL,BUY,15.902839395241244,0.015902839395241244,0.15,S3_TREND
2026-08-06 17:00:00+00:00,BTC,SELL,13.455216416130497,0.013455216416130497,0.15,S3_TREND
2026-08-06 17:00:00+00:00,ETH,SELL,23.026335552511227,0.023026335552511226,0.15,S3_TREND
2026-08-06 17:00:00+00:00,SOL,SELL,11.045802178781742,0.011045802178781742,0.15,S3_TREND
2026-08-06 18:00:00+00:00,BTC,BUY,15.508464387696222,0.015508464387696222,0.15,S3_TREND
2026-08-06 18:00:00+00:00,SOL,BUY,33.10289604911122,0.03310289604911122,0.15,S3_TREND
2026-08-06 19:00:00+00:00,BTC,BUY,17.553242618487275,0.017553242618487275,0.15,S3_TREND
2026-08-06 19:00:00+00:00,ETH,BUY,31.49826418822522,0.031498264188225225,0.15,S3_TREND
2026-08-06 19:00:00+00:00,SOL,BUY,41.560344304880346,0.04156034430488035,0.15,S3_TREND
2026-08-06 20:00:00+00:00,BTC,SELL,1.0967835140563693,0.0010967835140563693,0.15,S3_TREND
2026-08-06 20:00:00+00:00,ETH,SELL,24.519854297770507,0.024519854297770507,0.15,S3_TREND
2026-08-06 20:00:00+00:00,SOL,BUY,8.383976375789643,0.008383976375789644,0.15,S3_TREND
2026-08-06 21:00:00+00:00,ETH,BUY,18.466116528721614,0.018466116528721613,0.15,S3_TREND
2026-08-06 21:00:00+00:00,SOL,SELL,9.61032152147527,0.00961032152147527,0.15,S3_TREND
2026-08-06 22:00:00+00:00,BTC,SELL,1.7011763365662773,0.0017011763365662774,0.15,S3_TREND
2026-08-06 22:00:00+00:00,ETH,BUY,5.5441971592135815,0.005544197159213581,0.15,S3_TREND
2026-08-06 22:00:00+00:00,SOL,SELL,2.4722815010827617,0.002472281501082762,0.15,S3_TREND
2026-08-06 23:00:00+00:00,BTC,BUY,9.791209226508727,0.009791209226508727,0.15,S3_TREND
2026-08-06 23:00:00+00:00,ETH,SELL,1.5496535906131612,0.0015496535906131613,0.15,S3_TREND
2026-08-06 23:00:00+00:00,SOL,SELL,6724.951929315151,6.724951929315151,0.075,S6_REVERSAL
2026-08-07 00:00:00+00:00,BTC,BUY,3.0258705533815373,0.0030258705533815376,0.15,S3_TREND
2026-08-07 00:00:00+00:00,ETH,BUY,5.256677263630991,0.005256677263630991,0.15,S3_TREND
2026-08-07 00:00:00+00:00,SOL,SELL,3.2674590338247076,0.0032674590338247077,0.075,S6_REVERSAL
2026-08-07 01:00:00+00:00,SOL,BUY,4.092132768707415,0.0040921327687074155,0.075,S6_REVERSAL
2026-08-07 02:00:00+00:00,BTC,SELL,17.874774739266286,0.017874774739266287,0.15,S3_TREND
2026-08-07 02:00:00+00:00,ETH,BUY,8.127127192274202,0.008127127192274201,0.15,S3_TREND
2026-08-07 02:00:00+00:00,SOL,SELL,6.368934076383994,0.0063689340763839935,0.075,S6_REVERSAL
2026-08-07 03:00:00+00:00,BTC,BUY,2.932633270855149,0.002932633270855149,0.15,S3_TREND
2026-08-07 03:00:00+00:00,ETH,BUY,2.7234984399492532,0.0027234984399492532,0.15,S3_TREND
2026-08-07 03:00:00+00:00,SOL,BUY,1.8759234853932867,0.0018759234853932868,0.075,S6_REVERSAL
2026-08-07 04:00:00+00:00,BTC,BUY,12.832679056669804,0.012832679056669804,0.15,S3_TREND
2026-08-07 04:00:00+00:00,ETH,BUY,27.326635423185508,0.02732663542318551,0.15,S3_TREND
2026-08-07 04:00:00+00:00,SOL,BUY,2.3260012320079113,0.0023260012320079114,0.075,S6_REVERSAL
2026-08-07 05:00:00+00:00,BTC,BUY,6.775621712558859,0.006775621712558859,0.15,S3_TREND
2026-08-07 05:00:00+00:00,SOL,SELL,3.9814855788772547,0.003981485578877255,0.075,S6_REVERSAL
2026-08-07 06:00:00+00:00,BTC,SELL,7.293837819250257,0.007293837819250257,0.15,S3_TREND
2026-08-07 06:00:00+00:00,ETH,SELL,20.33859768397815,0.020338597683978152,0.15,S3_TREND
2026-08-07 06:00:00+00:00,SOL,SELL,13.675415044078365,0.013675415044078366,0.075,S6_REVERSAL
2026-08-07 07:00:00+00:00,BTC,BUY,8.476961348445911,0.008476961348445911,0.15,S3_TREND
2026-08-07 07:00:00+00:00,ETH,SELL,19.235655831729673,0.019235655831729672,0.15,S3_TREND
2026-08-07 07:00:00+00:00,SOL,BUY,3.6287518313210967,0.003628751831321097,0.075,S6_REVERSAL
2026-08-07 08:00:00+00:00,BTC,SELL,4.025747478921403,0.004025747478921403,0.15,S3_TREND
2026-08-07 08:00:00+00:00,ETH,BUY,14.794855585194455,0.014794855585194455,0.15,S3_TREND
2026-08-07 08:00:00+00:00,SOL,SELL,7.77531053601615,0.00777531053601615,0.075,S6_REVERSAL
2026-08-07 09:00:00+00:00,BTC,SELL,37.34056678116576,0.03734056678116576,0.15,S3_TREND
2026-08-07 09:00:00+00:00,ETH,SELL,37.79374050088518,0.03779374050088518,0.15,S3_TREND
2026-08-07 09:00:00+00:00,SOL,SELL,14.263193639621022,0.014263193639621023,0.075,S6_REVERSAL
2026-08-07 10:00:00+00:00,BTC,SELL,34.14239022020047,0.03414239022020047,0.15,S3_TREND
2026-08-07 10:00:00+00:00,SOL,SELL,6798.966485993766,6.798966485993766,0.0,CASH
2026-08-07 11:00:00+00:00,BTC,SELL,10.926572533096987,0.010926572533096987,0.15,S3_TREND
2026-08-07 11:00:00+00:00,ETH,BUY,1.2124304602748452,0.0012124304602748452,0.15,S3_TREND
2026-08-07 12:00:00+00:00,BTC,SELL,20.417165560329522,0.020417165560329523,0.15,S3_TREND
2026-08-07 12:00:00+00:00,ETH,SELL,16.677508489252432,0.01667750848925243,0.15,S3_TREND
2026-08-07 13:00:00+00:00,BTC,SELL,29.682971850574177,0.029682971850574176,0.15,S3_TREND
2026-08-07 13:00:00+00:00,ETH,SELL,86.78191232463905,0.08678191232463905,0.15,S3_TREND
2026-08-07 14:00:00+00:00,BTC,BUY,40.88253048947081,0.04088253048947081,0.15,S3_TREND
2026-08-07 14:00:00+00:00,ETH,BUY,42.72973837245263,0.04272973837245263,0.15,S3_TREND
2026-08-07 15:00:00+00:00,BTC,SELL,1.4254222611289151,0.0014254222611289151,0.15,S3_TREND
2026-08-07 15:00:00+00:00,ETH,BUY,57.84333863428219,0.05784333863428219,0.15,S3_TREND
2026-08-07 16:00:00+00:00,BTC,BUY,12.573685145200216,0.012573685145200216,0.15,S3_TREND
2026-08-07 16:00:00+00:00,ETH,SELL,27.281821337912334,0.027281821337912335,0.15,S3_TREND
2026-08-07 17:00:00+00:00,BTC,BUY,8.630358223605072,0.008630358223605071,0.15,S3_TREND
2026-08-07 17:00:00+00:00,ETH,BUY,47.136846636660266,0.04713684663666027,0.15,S3_TREND
2026-08-07 18:00:00+00:00,BTC,BUY,11.941249526509637,0.011941249526509637,0.15,S3_TREND
2026-08-07 18:00:00+00:00,ETH,SELL,19.329697293274876,0.019329697293274876,0.15,S3_TREND
2026-08-07 19:00:00+00:00,BTC,BUY,2.3734201359529834,0.0023734201359529835,0.15,S3_TREND
2026-08-07 19:00:00+00:00,ETH,BUY,14.607878862096186,0.014607878862096186,0.15,S3_TREND
2026-08-07 20:00:00+00:00,BTC,SELL,30.42508996512879,0.030425089965128792,0.15,S3_TREND
2026-08-07 20:00:00+00:00,ETH,SELL,46.95360352283751,0.04695360352283751,0.15,S3_TREND
2026-08-07 21:00:00+00:00,BTC,SELL,6.312729027893511,0.006312729027893511,0.15,S3_TREND
2026-08-07 21:00:00+00:00,ETH,BUY,24.466989387598005,0.024466989387598007,0.15,S3_TREND
2026-08-07 22:00:00+00:00,BTC,BUY,9.620556506270077,0.009620556506270077,0.15,S3_TREND
2026-08-07 22:00:00+00:00,ETH,SELL,11.777171456038559,0.011777171456038559,0.15,S3_TREND
2026-08-07 23:00:00+00:00,BTC,BUY,5.278537999876789,0.00527853799987679,0.15,S3_TREND
2026-08-07 23:00:00+00:00,ETH,BUY,9.013595750742752,0.009013595750742752,0.15,S3_TREND
2026-08-08 00:00:00+00:00,BTC,SELL,6.933334485320302,0.0069333344853203015,0.15,S3_TREND
2026-08-08 00:00:00+00:00,ETH,BUY,5.005264678797175,0.005005264678797175,0.15,S3_TREND
2026-08-08 02:00:00+00:00,BTC,BUY,2.5172872510102025,0.0025172872510102026,0.15,S3_TREND
2026-08-08 02:00:00+00:00,ETH,SELL,3.1836551191117906,0.003183655119111791,0.15,S3_TREND
2026-08-08 03:00:00+00:00,BTC,SELL,3.7296340046432306,0.0037296340046432306,0.15,S3_TREND
2026-08-08 03:00:00+00:00,ETH,BUY,9.274787589438347,0.009274787589438347,0.15,S3_TREND
2026-08-08 04:00:00+00:00,BTC,SELL,14.111577220914114,0.014111577220914115,0.15,S3_TREND
2026-08-08 04:00:00+00:00,ETH,SELL,26.121165288937846,0.026121165288937848,0.15,S3_TREND
2026-08-08 05:00:00+00:00,BTC,BUY,2.277421738488556,0.002277421738488556,0.15,S3_TREND
2026-08-08 05:00:00+00:00,ETH,BUY,5.929892187179576,0.005929892187179576,0.15,S3_TREND
2026-08-08 06:00:00+00:00,BTC,BUY,3.8024395874654147,0.0038024395874654148,0.15,S3_TREND
2026-08-08 06:00:00+00:00,ETH,SELL,3.872390687331062,0.003872390687331062,0.15,S3_TREND
2026-08-08 07:00:00+00:00,BTC,SELL,3.1537410306063975,0.0031537410306063975,0.15,S3_TREND
2026-08-08 07:00:00+00:00,ETH,BUY,6.953205945725131,0.006953205945725131,0.15,S3_TREND
2026-08-08 08:00:00+00:00,BTC,BUY,6.833347428128036,0.0068333474281280365,0.15,S3_TREND
2026-08-08 08:00:00+00:00,ETH,BUY,6.590284320414867,0.006590284320414867,0.15,S3_TREND
2026-08-08 09:00:00+00:00,BTC,SELL,4.16087049179805,0.004160870491798051,0.15,S3_TREND
2026-08-08 09:00:00+00:00,ETH,SELL,9.398728481919534,0.009398728481919534,0.15,S3_TREND
2026-08-08 10:00:00+00:00,BTC,BUY,2.136659301177133,0.002136659301177133,0.15,S3_TREND
2026-08-08 10:00:00+00:00,ETH,SELL,12.539412541209458,0.012539412541209459,0.15,S3_TREND
2026-08-08 11:00:00+00:00,ETH,SELL,13.079681503870233,0.013079681503870233,0.15,S3_TREND
2026-08-08 12:00:00+00:00,BTC,BUY,6.940331286903529,0.006940331286903529,0.15,S3_TREND
2026-08-08 13:00:00+00:00,BTC,SELL,9.15542156671654,0.00915542156671654,0.15,S3_TREND
2026-08-08 13:00:00+00:00,ETH,BUY,11.942032259952612,0.011942032259952612,0.15,S3_TREND
2026-08-08 14:00:00+00:00,ETH,SELL,4.585558056645823,0.0045855580566458234,0.15,S3_TREND
2026-08-08 15:00:00+00:00,BTC,SELL,16.529939489049866,0.016529939489049867,0.15,S3_TREND
2026-08-08 15:00:00+00:00,ETH,SELL,19.114825100143207,0.019114825100143208,0.15,S3_TREND
2026-08-08 16:00:00+00:00,BTC,BUY,7.301996624719322,0.007301996624719323,0.15,S3_TREND
2026-08-08 16:00:00+00:00,ETH,BUY,5.377595106820081,0.005377595106820081,0.15,S3_TREND
2026-08-08 17:00:00+00:00,BTC,SELL,1.1886475063292892,0.0011886475063292892,0.15,S3_TREND
2026-08-08 17:00:00+00:00,ETH,BUY,1.2523254417901626,0.0012523254417901627,0.15,S3_TREND
2026-08-08 17:00:00+00:00,SOL,BUY,13551.190112088565,13.551190112088566,0.15,S3_TREND
2026-08-08 18:00:00+00:00,BTC,SELL,6.45475903800434,0.00645475903800434,0.15,S3_TREND
2026-08-08 18:00:00+00:00,ETH,SELL,9.32167865703741,0.00932167865703741,0.15,S3_TREND
2026-08-08 19:00:00+00:00,BTC,BUY,4.100601998316051,0.004100601998316051,0.15,S3_TREND
2026-08-08 19:00:00+00:00,ETH,BUY,7.65414440337554,0.0076541444033755394,0.15,S3_TREND
2026-08-08 19:00:00+00:00,SOL,BUY,31.41003460059983,0.03141003460059983,0.15,S3_TREND
2026-08-08 20:00:00+00:00,BTC,SELL,6.011019919524188,0.006011019919524188,0.15,S3_TREND
2026-08-08 20:00:00+00:00,ETH,BUY,5.371923571699881,0.005371923571699881,0.15,S3_TREND
2026-08-08 20:00:00+00:00,SOL,SELL,1.2695405937465694,0.0012695405937465695,0.15,S3_TREND
2026-08-08 21:00:00+00:00,BTC,BUY,1.4025777967981412,0.0014025777967981413,0.15,S3_TREND
2026-08-08 21:00:00+00:00,ETH,BUY,3.004277551384803,0.003004277551384803,0.15,S3_TREND
2026-08-08 21:00:00+00:00,SOL,SELL,14.918129635098012,0.014918129635098013,0.15,S3_TREND
2026-08-08 22:00:00+00:00,BTC,BUY,11.674237921164604,0.011674237921164603,0.15,S3_TREND
2026-08-08 22:00:00+00:00,ETH,SELL,5.814731286996903,0.005814731286996903,0.15,S3_TREND
2026-08-08 22:00:00+00:00,SOL,BUY,4.322538339682069,0.004322538339682069,0.15,S3_TREND
2026-08-08 23:00:00+00:00,BTC,SELL,1.2783280898183875,0.0012783280898183876,0.15,S3_TREND
2026-08-08 23:00:00+00:00,ETH,BUY,14.501367162638417,0.014501367162638418,0.15,S3_TREND
2026-08-08 23:00:00+00:00,SOL,BUY,39.042346952559456,0.039042346952559454,0.15,S3_TREND
2026-08-09 00:00:00+00:00,ETH,BUY,3.246151806679336,0.0032461518066793362,0.15,S3_TREND
2026-08-09 00:00:00+00:00,SOL,SELL,16.284101261866454,0.016284101261866454,0.15,S3_TREND
2026-08-09 01:00:00+00:00,ETH,SELL,7.637548532253276,0.007637548532253276,0.15,S3_TREND
2026-08-09 01:00:00+00:00,SOL,BUY,1.7504551623642328,0.0017504551623642329,0.15,S3_TREND
2026-08-09 02:00:00+00:00,BTC,BUY,14.34894294598962,0.01434894294598962,0.15,S3_TREND
2026-08-09 02:00:00+00:00,ETH,BUY,4.329179130372722,0.004329179130372722,0.15,S3_TREND
2026-08-09 02:00:00+00:00,SOL,BUY,15.633406874096181,0.01563340687409618,0.15,S3_TREND
2026-08-09 03:00:00+00:00,BTC,BUY,5.365797883981941,0.005365797883981941,0.15,S3_TREND
2026-08-09 03:00:00+00:00,ETH,BUY,6.321841771354229,0.0063218417713542295,0.15,S3_TREND
2026-08-09 04:00:00+00:00,BTC,BUY,7.944427021713636,0.007944427021713637,0.15,S3_TREND
2026-08-09 04:00:00+00:00,ETH,BUY,6.7304438710471,0.006730443871047101,0.15,S3_TREND
2026-08-09 04:00:00+00:00,SOL,SELL,19.660720442025195,0.019660720442025194,0.15,S3_TREND
2026-08-09 05:00:00+00:00,ETH,BUY,5.099852908859248,0.005099852908859248,0.15,S3_TREND
2026-08-09 05:00:00+00:00,SOL,SELL,1.0456050442426204,0.0010456050442426204,0.15,S3_TREND
2026-08-09 06:00:00+00:00,BTC,SELL,1.302489602168862,0.0013024896021688619,0.15,S3_TREND
2026-08-09 06:00:00+00:00,ETH,SELL,6.637014128415103,0.006637014128415103,0.15,S3_TREND
2026-08-09 06:00:00+00:00,SOL,SELL,1.1506411664286134,0.0011506411664286133,0.15,S3_TREND
2026-08-09 07:00:00+00:00,BTC,BUY,7.798350970688261,0.0077983509706882614,0.15,S3_TREND
2026-08-09 07:00:00+00:00,ETH,SELL,16.63392236773325,0.01663392236773325,0.15,S3_TREND
2026-08-09 07:00:00+00:00,SOL,SELL,56.8210493552906,0.0568210493552906,0.15,S3_TREND
2026-08-09 08:00:00+00:00,BTC,BUY,2.2342898588121898,0.0022342898588121897,0.15,S3_TREND
2026-08-09 08:00:00+00:00,SOL,BUY,7.885199702768659,0.00788519970276866,0.15,S3_TREND
2026-08-09 09:00:00+00:00,BTC,SELL,3.9199048832997505,0.00391990488329975,0.15,S3_TREND
2026-08-09 09:00:00+00:00,ETH,BUY,16.906002614601675,0.016906002614601675,0.15,S3_TREND
2026-08-09 09:00:00+00:00,SOL,BUY,2.7576854427024955,0.0027576854427024955,0.15,S3_TREND
2026-08-09 10:00:00+00:00,ETH,SELL,28.21072721447672,0.02821072721447672,0.15,S3_TREND
2026-08-09 10:00:00+00:00,SOL,SELL,10.570521366116736,0.010570521366116737,0.15,S3_TREND
2026-08-09 11:00:00+00:00,BTC,SELL,18.09156151427851,0.01809156151427851,0.15,S3_TREND
2026-08-09 11:00:00+00:00,ETH,BUY,9.115608865706236,0.009115608865706235,0.15,S3_TREND
2026-08-09 11:00:00+00:00,SOL,BUY,10.160202268389185,0.010160202268389184,0.15,S3_TREND
2026-08-09 12:00:00+00:00,BTC,BUY,4.023319285965044,0.004023319285965044,0.15,S3_TREND
2026-08-09 12:00:00+00:00,ETH,BUY,8.03344777928396,0.008033447779283961,0.15,S3_TREND
2026-08-09 12:00:00+00:00,SOL,SELL,19.309124568224433,0.019309124568224433,0.15,S3_TREND
2026-08-09 13:00:00+00:00,BTC,SELL,7.346325288797743,0.0073463252887977434,0.15,S3_TREND
2026-08-09 13:00:00+00:00,ETH,BUY,6.971234656837623,0.006971234656837623,0.15,S3_TREND
2026-08-09 13:00:00+00:00,SOL,BUY,19.549668934001602,0.0195496689340016,0.15,S3_TREND
2026-08-09 14:00:00+00:00,BTC,SELL,33.94935499962594,0.03394935499962594,0.15,S3_TREND
2026-08-09 14:00:00+00:00,ETH,SELL,21.20658387994081,0.02120658387994081,0.15,S3_TREND
2026-08-09 14:00:00+00:00,SOL,SELL,18.837546627437405,0.018837546627437404,0.15,S3_TREND
2026-08-09 15:00:00+00:00,BTC,BUY,6.118998481968447,0.006118998481968447,0.15,S3_TREND
2026-08-09 15:00:00+00:00,ETH,BUY,2.357141516331467,0.002357141516331467,0.15,S3_TREND
2026-08-09 15:00:00+00:00,SOL,SELL,61.65474643722155,0.06165474643722155,0.15,S3_TREND
2026-08-09 16:00:00+00:00,BTC,BUY,17.944813049696677,0.017944813049696678,0.15,S3_TREND
2026-08-09 16:00:00+00:00,SOL,SELL,60.84011438437301,0.06084011438437301,0.15,S3_TREND
2026-08-09 17:00:00+00:00,BTC,SELL,5.870764266745027,0.005870764266745028,0.15,S3_TREND
2026-08-09 17:00:00+00:00,ETH,BUY,13.190279328931865,0.013190279328931865,0.15,S3_TREND
2026-08-09 17:00:00+00:00,SOL,BUY,12.39977640381585,0.01239977640381585,0.15,S3_TREND
2026-08-09 18:00:00+00:00,SOL,BUY,20.28530429149214,0.02028530429149214,0.15,S3_TREND
2026-08-09 19:00:00+00:00,ETH,BUY,11.620402544405806,0.011620402544405807,0.15,S3_TREND
2026-08-09 19:00:00+00:00,SOL,SELL,7.635496232418518,0.007635496232418518,0.15,S3_TREND
2026-08-09 20:00:00+00:00,BTC,BUY,4.287683669743274,0.0042876836697432735,0.15,S3_TREND
2026-08-09 20:00:00+00:00,ETH,SELL,3.5158218305186892,0.003515821830518689,0.15,S3_TREND
2026-08-09 20:00:00+00:00,SOL,SELL,1.5298804253561684,0.0015298804253561684,0.15,S3_TREND
2026-08-09 21:00:00+00:00,BTC,BUY,7.213444135169993,0.0072134441351699935,0.15,S3_TREND
2026-08-09 21:00:00+00:00,ETH,BUY,7.643304018585695,0.0076433040185856956,0.15,S3_TREND
2026-08-09 21:00:00+00:00,SOL,SELL,8.710190627407428,0.008710190627407428,0.15,S3_TREND
2026-08-09 22:00:00+00:00,BTC,SELL,2.8643722629494732,0.0028643722629494734,0.15,S3_TREND
2026-08-09 22:00:00+00:00,ETH,SELL,19.733838667971213,0.019733838667971213,0.15,S3_TREND
2026-08-09 22:00:00+00:00,SOL,SELL,8.965222563148927,0.008965222563148927,0.15,S3_TREND
2026-08-09 23:00:00+00:00,ETH,BUY,13.019175790783265,0.013019175790783266,0.15,S3_TREND
2026-08-09 23:00:00+00:00,SOL,BUY,72.953389278131,0.072953389278131,0.15,S3_TREND
2026-08-10 00:00:00+00:00,BTC,BUY,7.624558568119028,0.0076245585681190275,0.15,S3_TREND
2026-08-10 00:00:00+00:00,ETH,BUY,33.31012435532284,0.033310124355322844,0.15,S3_TREND
2026-08-10 00:00:00+00:00,SOL,BUY,67.59927562962002,0.06759927562962002,0.15,S3_TREND
2026-08-10 01:00:00+00:00,BTC,SELL,1.8301259806885355,0.0018301259806885355,0.15,S3_TREND
2026-08-10 01:00:00+00:00,ETH,SELL,3.095793054821115,0.0030957930548211154,0.15,S3_TREND
2026-08-10 01:00:00+00:00,SOL,SELL,39.387367385526886,0.03938736738552689,0.15,S3_TREND
2026-08-10 02:00:00+00:00,BTC,SELL,16.535959596003522,0.016535959596003524,0.15,S3_TREND
2026-08-10 02:00:00+00:00,ETH,SELL,58.37090872458248,0.058370908724582476,0.15,S3_TREND
2026-08-10 02:00:00+00:00,SOL,SELL,33.98861993497303,0.033988619934973034,0.15,S3_TREND
2026-08-10 03:00:00+00:00,BTC,BUY,11.70887423842396,0.01170887423842396,0.15,S3_TREND
2026-08-10 03:00:00+00:00,ETH,BUY,5.095986546086351,0.005095986546086351,0.15,S3_TREND
2026-08-10 03:00:00+00:00,SOL,BUY,8.852022093919004,0.008852022093919004,0.15,S3_TREND
2026-08-10 04:00:00+00:00,BTC,BUY,9.703540605101807,0.009703540605101807,0.15,S3_TREND
2026-08-10 04:00:00+00:00,ETH,BUY,27.921330940545886,0.027921330940545885,0.15,S3_TREND
2026-08-10 04:00:00+00:00,SOL,BUY,16.901123411384106,0.016901123411384104,0.15,S3_TREND
2026-08-10 05:00:00+00:00,BTC,SELL,8.262304816982578,0.008262304816982579,0.15,S3_TREND
2026-08-10 05:00:00+00:00,ETH,BUY,8.55359580250115,0.00855359580250115,0.15,S3_TREND
2026-08-10 05:00:00+00:00,SOL,BUY,11.037133021749469,0.01103713302174947,0.15,S3_TREND
2026-08-10 06:00:00+00:00,BTC,SELL,5.947954804609253,0.0059479548046092534,0.15,S3_TREND
2026-08-10 06:00:00+00:00,ETH,SELL,31.679479524791528,0.031679479524791526,0.15,S3_TREND
2026-08-10 06:00:00+00:00,SOL,SELL,37.81417754240283,0.03781417754240283,0.15,S3_TREND
2026-08-10 07:00:00+00:00,BTC,SELL,21.513473086113663,0.021513473086113663,0.15,S3_TREND
2026-08-10 07:00:00+00:00,ETH,SELL,21.275873381880956,0.021275873381880958,0.15,S3_TREND
2026-08-10 07:00:00+00:00,SOL,SELL,4.708752223443298,0.004708752223443299,0.15,S3_TREND
2026-08-10 08:00:00+00:00,BTC,BUY,14.154418148527839,0.01415441814852784,0.15,S3_TREND
2026-08-10 08:00:00+00:00,ETH,BUY,13.558814460189751,0.013558814460189752,0.15,S3_TREND
2026-08-10 08:00:00+00:00,SOL,SELL,5.948728008728722,0.005948728008728722,0.15,S3_TREND
2026-08-10 09:00:00+00:00,BTC,SELL,6.754850647315834,0.006754850647315834,0.15,S3_TREND
2026-08-10 09:00:00+00:00,ETH,SELL,8.687569221669037,0.008687569221669036,0.15,S3_TREND
2026-08-10 09:00:00+00:00,SOL,BUY,7.457133327587144,0.007457133327587144,0.15,S3_TREND
2026-08-10 10:00:00+00:00,BTC,BUY,27.888996028879774,0.027888996028879773,0.15,S3_TREND
2026-08-10 10:00:00+00:00,ETH,BUY,43.38935474510254,0.04338935474510254,0.15,S3_TREND
2026-08-10 10:00:00+00:00,SOL,BUY,38.76918864356412,0.03876918864356412,0.15,S3_TREND
2026-08-10 11:00:00+00:00,SOL,SELL,34.71969830782291,0.03471969830782291,0.15,S3_TREND
2026-08-10 12:00:00+00:00,BTC,SELL,11.148176367847555,0.011148176367847555,0.15,S3_TREND
2026-08-10 12:00:00+00:00,ETH,SELL,6.6075623983597325,0.006607562398359732,0.15,S3_TREND
2026-08-10 12:00:00+00:00,SOL,SELL,28.13645227013876,0.02813645227013876,0.15,S3_TREND
2026-08-10 13:00:00+00:00,BTC,BUY,19.06914731240977,0.01906914731240977,0.15,S3_TREND
2026-08-10 13:00:00+00:00,ETH,BUY,67.83485125334118,0.06783485125334118,0.15,S3_TREND
2026-08-10 13:00:00+00:00,SOL,BUY,38.087477210106954,0.038087477210106954,0.15,S3_TREND
2026-08-10 14:00:00+00:00,BTC,BUY,37.063173569340506,0.03706317356934051,0.15,S3_TREND
2026-08-10 14:00:00+00:00,ETH,BUY,32.151659626575565,0.03215165962657557,0.15,S3_TREND
2026-08-10 14:00:00+00:00,SOL,BUY,30.922680621815744,0.030922680621815746,0.15,S3_TREND
2026-08-10 15:00:00+00:00,BTC,SELL,16.986115742365655,0.016986115742365655,0.15,S3_TREND
2026-08-10 15:00:00+00:00,ETH,BUY,25.03744019748592,0.02503744019748592,0.15,S3_TREND
2026-08-10 15:00:00+00:00,SOL,BUY,5.205725331430585,0.005205725331430586,0.15,S3_TREND
2026-08-10 16:00:00+00:00,BTC,BUY,32.13366909994147,0.032133669099941475,0.15,S3_TREND
2026-08-10 16:00:00+00:00,ETH,BUY,82.35984714034021,0.08235984714034021,0.15,S3_TREND
2026-08-10 16:00:00+00:00,SOL,BUY,17.186448152737285,0.017186448152737285,0.15,S3_TREND
2026-08-10 17:00:00+00:00,BTC,BUY,58.74249988271731,0.05874249988271731,0.15,S3_TREND
2026-08-10 17:00:00+00:00,ETH,SELL,6711.530188652589,6.711530188652588,0.075,S6_REVERSAL
2026-08-10 17:00:00+00:00,SOL,BUY,20.270364927146147,0.020270364927146147,0.15,S3_TREND
2026-08-10 18:00:00+00:00,BTC,SELL,6726.661776144205,6.726661776144205,0.075,S6_REVERSAL
2026-08-10 18:00:00+00:00,SOL,SELL,38.016259083038676,0.03801625908303868,0.15,S3_TREND
2026-08-10 19:00:00+00:00,BTC,BUY,3.622700990676094,0.003622700990676094,0.075,S6_REVERSAL
2026-08-10 19:00:00+00:00,ETH,SELL,1.0446588714648897,0.0010446588714648898,0.075,S6_REVERSAL
2026-08-10 19:00:00+00:00,SOL,BUY,18.644601123076427,0.018644601123076428,0.15,S3_TREND
2026-08-10 20:00:00+00:00,BTC,SELL,8.927411606568967,0.008927411606568967,0.075,S6_REVERSAL
2026-08-10 20:00:00+00:00,ETH,SELL,12.471997745155022,0.012471997745155023,0.075,S6_REVERSAL
2026-08-10 20:00:00+00:00,SOL,SELL,48.78593792214815,0.04878593792214815,0.15,S3_TREND
2026-08-10 21:00:00+00:00,BTC,SELL,7.465059576021304,0.007465059576021304,0.075,S6_REVERSAL
2026-08-10 21:00:00+00:00,SOL,SELL,33.62259068626918,0.03362259068626918,0.15,S3_TREND
2026-08-10 22:00:00+00:00,BTC,BUY,13.511242072331697,0.013511242072331698,0.075,S6_REVERSAL
2026-08-10 22:00:00+00:00,ETH,BUY,14.477923646300951,0.014477923646300952,0.075,S6_REVERSAL
2026-08-10 22:00:00+00:00,SOL,BUY,13.932514906848155,0.013932514906848156,0.15,S3_TREND
2026-08-10 23:00:00+00:00,BTC,SELL,3.556004101930739,0.0035560041019307392,0.075,S6_REVERSAL
2026-08-10 23:00:00+00:00,ETH,SELL,6.610095790067135,0.006610095790067135,0.075,S6_REVERSAL
2026-08-10 23:00:00+00:00,SOL,BUY,14.859636973073066,0.014859636973073066,0.15,S3_TREND
2026-08-11 00:00:00+00:00,ETH,BUY,6.773428932583556,0.006773428932583556,0.075,S6_REVERSAL
2026-08-11 00:00:00+00:00,SOL,BUY,29.181855394670492,0.029181855394670494,0.15,S3_TREND
2026-08-11 01:00:00+00:00,BTC,SELL,6.6735203319158245,0.006673520331915824,0.075,S6_REVERSAL
2026-08-11 01:00:00+00:00,ETH,SELL,7.917572740609104,0.007917572740609103,0.075,S6_REVERSAL
2026-08-11 01:00:00+00:00,SOL,BUY,17.297651970269726,0.017297651970269726,0.15,S3_TREND
2026-08-11 02:00:00+00:00,BTC,BUY,1.261663375601529,0.001261663375601529,0.075,S6_REVERSAL
2026-08-11 02:00:00+00:00,ETH,SELL,6.667049082881931,0.006667049082881931,0.075,S6_REVERSAL
2026-08-11 02:00:00+00:00,SOL,SELL,26.776576977099467,0.026776576977099467,0.15,S3_TREND
2026-08-11 03:00:00+00:00,BTC,BUY,1.0369634464095725,0.0010369634464095726,0.075,S6_REVERSAL
2026-08-11 03:00:00+00:00,ETH,SELL,2.3838212366090374,0.0023838212366090374,0.075,S6_REVERSAL
2026-08-11 03:00:00+00:00,SOL,BUY,7.513076877981803,0.007513076877981803,0.15,S3_TREND
2026-08-11 04:00:00+00:00,BTC,SELL,9.549215311311855,0.009549215311311855,0.075,S6_REVERSAL
2026-08-11 04:00:00+00:00,ETH,SELL,6.583000754831119,0.006583000754831119,0.075,S6_REVERSAL
2026-08-11 04:00:00+00:00,SOL,SELL,2.9835390186799486,0.0029835390186799485,0.15,S3_TREND
2026-08-11 05:00:00+00:00,BTC,BUY,11.476200743258232,0.011476200743258232,0.075,S6_REVERSAL
2026-08-11 05:00:00+00:00,ETH,BUY,14.748520976494547,0.014748520976494548,0.075,S6_REVERSAL
2026-08-11 05:00:00+00:00,SOL,SELL,4.631265436732065,0.0046312654367320644,0.15,S3_TREND
2026-08-11 06:00:00+00:00,BTC,SELL,1.895290847497563,0.001895290847497563,0.075,S6_REVERSAL
2026-08-11 06:00:00+00:00,ETH,BUY,3.5938163762857585,0.0035938163762857587,0.075,S6_REVERSAL
2026-08-11 06:00:00+00:00,SOL,BUY,39.01474025956122,0.039014740259561226,0.15,S3_TREND
2026-08-11 07:00:00+00:00,BTC,BUY,3.1726649121055743,0.003172664912105574,0.075,S6_REVERSAL
2026-08-11 07:00:00+00:00,SOL,SELL,1.8796361226413862,0.0018796361226413863,0.15,S3_TREND
2026-08-11 08:00:00+00:00,BTC,SELL,10.001706285403088,0.01000170628540309,0.075,S6_REVERSAL
2026-08-11 08:00:00+00:00,ETH,SELL,13.953408175049844,0.013953408175049845,0.075,S6_REVERSAL
2026-08-11 08:00:00+00:00,SOL,BUY,21.601781092276724,0.021601781092276725,0.15,S3_TREND
2026-08-11 09:00:00+00:00,BTC,SELL,3.171752393301176,0.0031717523933011763,0.075,S6_REVERSAL
2026-08-11 09:00:00+00:00,SOL,SELL,35.969699394512645,0.035969699394512646,0.15,S3_TREND
2026-08-11 10:00:00+00:00,BTC,SELL,15.003688839926326,0.015003688839926326,0.075,S6_REVERSAL
2026-08-11 10:00:00+00:00,ETH,SELL,20.334305880304782,0.020334305880304784,0.075,S6_REVERSAL
2026-08-11 10:00:00+00:00,SOL,BUY,14.936314808577663,0.014936314808577664,0.15,S3_TREND
2026-08-11 11:00:00+00:00,BTC,BUY,7.461030932318863,0.007461030932318863,0.075,S6_REVERSAL
2026-08-11 11:00:00+00:00,ETH,SELL,2.2387986575940886,0.0022387986575940887,0.075,S6_REVERSAL
2026-08-11 11:00:00+00:00,SOL,SELL,9.692831623526219,0.00969283162352622,0.15,S3_TREND
2026-08-11 12:00:00+00:00,BTC,SELL,9.481882275735188,0.009481882275735189,0.075,S6_REVERSAL
2026-08-11 12:00:00+00:00,ETH,SELL,17.3269616973721,0.0173269616973721,0.075,S6_REVERSAL
2026-08-11 12:00:00+00:00,SOL,SELL,37.59351902987328,0.037593519029873276,0.15,S3_TREND
2026-08-11 13:00:00+00:00,ETH,BUY,10.950807235626598,0.010950807235626598,0.075,S6_REVERSAL
2026-08-11 13:00:00+00:00,SOL,BUY,51.98410917045658,0.05198410917045658,0.15,S3_TREND
2026-08-11 14:00:00+00:00,BTC,BUY,14.483459490676069,0.014483459490676068,0.075,S6_REVERSAL
2026-08-11 14:00:00+00:00,ETH,SELL,5.819893284582577,0.005819893284582577,0.075,S6_REVERSAL
2026-08-11 14:00:00+00:00,SOL,SELL,22.075348861257222,0.022075348861257223,0.15,S3_TREND
2026-08-11 15:00:00+00:00,BTC,BUY,26.599869556980593,0.026599869556980595,0.075,S6_REVERSAL
2026-08-11 15:00:00+00:00,ETH,BUY,39.68204157173204,0.039682041571732045,0.075,S6_REVERSAL
2026-08-11 15:00:00+00:00,SOL,BUY,106.43723422374933,0.10643723422374933,0.15,S3_TREND
2026-08-11 16:00:00+00:00,BTC,BUY,9.030328157555232,0.009030328157555232,0.075,S6_REVERSAL
2026-08-11 16:00:00+00:00,ETH,BUY,31.327577166629453,0.031327577166629456,0.075,S6_REVERSAL
2026-08-11 16:00:00+00:00,SOL,BUY,32.54275959858023,0.03254275959858023,0.15,S3_TREND
2026-08-11 17:00:00+00:00,BTC,BUY,10.173832103413588,0.010173832103413587,0.075,S6_REVERSAL
2026-08-11 17:00:00+00:00,ETH,SELL,7.565301482683934,0.0075653014826839345,0.075,S6_REVERSAL
2026-08-11 17:00:00+00:00,SOL,SELL,13411.0973319574,13.4110973319574,0.0,CASH
2026-08-11 18:00:00+00:00,BTC,SELL,10.348596513960729,0.01034859651396073,0.075,S6_REVERSAL
2026-08-11 19:00:00+00:00,BTC,BUY,23.252426558977277,0.023252426558977277,0.075,S6_REVERSAL
2026-08-11 19:00:00+00:00,ETH,SELL,6.100438719734484,0.006100438719734484,0.075,S6_REVERSAL
2026-08-11 20:00:00+00:00,BTC,SELL,11.667011317315882,0.011667011317315883,0.075,S6_REVERSAL
2026-08-11 20:00:00+00:00,ETH,SELL,51.43948859409102,0.05143948859409102,0.075,S6_REVERSAL
2026-08-11 21:00:00+00:00,BTC,SELL,19.84279163249539,0.01984279163249539,0.075,S6_REVERSAL
2026-08-11 22:00:00+00:00,BTC,BUY,7.206730853448789,0.00720673085344879,0.075,S6_REVERSAL
2026-08-11 22:00:00+00:00,ETH,SELL,8.088469893004003,0.008088469893004003,0.075,S6_REVERSAL
2026-08-11 23:00:00+00:00,ETH,BUY,8.231730427856746,0.008231730427856746,0.075,S6_REVERSAL
2026-08-12 00:00:00+00:00,BTC,BUY,6.5264644079352365,0.006526464407935237,0.075,S6_REVERSAL
2026-08-12 00:00:00+00:00,ETH,SELL,1.8938884095286994,0.0018938884095286994,0.075,S6_REVERSAL
2026-08-12 01:00:00+00:00,BTC,SELL,13.921138811353558,0.013921138811353559,0.075,S6_REVERSAL
2026-08-12 01:00:00+00:00,ETH,BUY,1.848513055748299,0.001848513055748299,0.075,S6_REVERSAL
2026-08-12 02:00:00+00:00,BTC,SELL,6.341523410406808,0.0063415234104068074,0.075,S6_REVERSAL
2026-08-12 02:00:00+00:00,ETH,SELL,7.381530700617077,0.007381530700617077,0.075,S6_REVERSAL
2026-08-12 03:00:00+00:00,BTC,BUY,6.150519920391162,0.006150519920391162,0.075,S6_REVERSAL
2026-08-12 04:00:00+00:00,BTC,SELL,7.781747321030707,0.0077817473210307075,0.075,S6_REVERSAL
2026-08-12 04:00:00+00:00,ETH,SELL,5.9554521358304555,0.005955452135830455,0.075,S6_REVERSAL
2026-08-12 05:00:00+00:00,BTC,BUY,7.159832148800888,0.007159832148800888,0.075,S6_REVERSAL
2026-08-12 05:00:00+00:00,ETH,SELL,9.670009456016487,0.009670009456016487,0.075,S6_REVERSAL
2026-08-12 06:00:00+00:00,BTC,SELL,7.2151894948328845,0.007215189494832885,0.075,S6_REVERSAL
2026-08-12 06:00:00+00:00,ETH,SELL,6720.3360596243765,6.720336059624377,0.0,CASH
2026-08-12 07:00:00+00:00,BTC,BUY,12.914159357117569,0.01291415935711757,0.075,S6_REVERSAL
2026-08-12 08:00:00+00:00,BTC,SELL,12.282060169271062,0.012282060169271063,0.075,S6_REVERSAL
2026-08-12 09:00:00+00:00,BTC,BUY,4.186458281691557,0.004186458281691557,0.075,S6_REVERSAL
2026-08-12 10:00:00+00:00,BTC,SELL,30.548815583314536,0.030548815583314536,0.075,S6_REVERSAL
2026-08-12 11:00:00+00:00,BTC,SELL,3.348793718244451,0.0033487937182444514,0.075,S6_REVERSAL
2026-08-12 12:00:00+00:00,BTC,SELL,9.362689006340588,0.009362689006340588,0.075,S6_REVERSAL
2026-08-12 13:00:00+00:00,BTC,BUY,11.634799321570426,0.011634799321570426,0.075,S6_REVERSAL
2026-08-12 14:00:00+00:00,BTC,BUY,27.096297189091274,0.027096297189091276,0.075,S6_REVERSAL
2026-08-12 15:00:00+00:00,BTC,BUY,46.355480699079635,0.04635548069907964,0.075,S6_REVERSAL
2026-08-12 16:00:00+00:00,BTC,SELL,7.651751778881589,0.0076517517788815895,0.075,S6_REVERSAL
2026-08-12 17:00:00+00:00,BTC,SELL,4.954696935833454,0.004954696935833454,0.075,S6_REVERSAL
2026-08-12 18:00:00+00:00,BTC,BUY,2.0652560030175664,0.0020652560030175664,0.075,S6_REVERSAL
2026-08-12 19:00:00+00:00,BTC,BUY,8.254142729470914,0.008254142729470913,0.075,S6_REVERSAL
2026-08-12 20:00:00+00:00,BTC,SELL,3.38140306227524,0.00338140306227524,0.075,S6_REVERSAL
2026-08-12 21:00:00+00:00,BTC,SELL,17.506300800542704,0.017506300800542704,0.075,S6_REVERSAL
2026-08-12 22:00:00+00:00,BTC,BUY,12.702911037736158,0.012702911037736159,0.075,S6_REVERSAL
2026-08-12 23:00:00+00:00,BTC,BUY,3.6720322293003846,0.0036720322293003847,0.075,S6_REVERSAL
2026-08-13 00:00:00+00:00,BTC,SELL,4.668381579710513,0.004668381579710512,0.075,S6_REVERSAL
2026-08-13 01:00:00+00:00,BTC,SELL,7.521228012781648,0.007521228012781649,0.075,S6_REVERSAL
2026-08-13 02:00:00+00:00,BTC,BUY,9.84513129629886,0.00984513129629886,0.075,S6_REVERSAL
2026-08-13 02:00:00+00:00,ETH,BUY,6709.839298925841,6.709839298925841,0.075,S6_REVERSAL
2026-08-13 03:00:00+00:00,BTC,SELL,8.657639396703416,0.008657639396703417,0.075,S6_REVERSAL
2026-08-13 03:00:00+00:00,ETH,SELL,12.48247756454839,0.01248247756454839,0.075,S6_REVERSAL
2026-08-13 04:00:00+00:00,BTC,SELL,7.98349802967914,0.00798349802967914,0.075,S6_REVERSAL
2026-08-13 04:00:00+00:00,ETH,SELL,17.63961901134735,0.01763961901134735,0.075,S6_REVERSAL
2026-08-13 05:00:00+00:00,BTC,SELL,3.267488010003035,0.003267488010003035,0.075,S6_REVERSAL
2026-08-13 05:00:00+00:00,ETH,SELL,15.588559677078592,0.015588559677078593,0.075,S6_REVERSAL
2026-08-13 06:00:00+00:00,BTC,SELL,17.059531514615628,0.017059531514615627,0.075,S6_REVERSAL
2026-08-13 06:00:00+00:00,ETH,SELL,9.802740787404218,0.009802740787404219,0.075,S6_REVERSAL
2026-08-13 07:00:00+00:00,BTC,SELL,5.512112802820411,0.005512112802820411,0.075,S6_REVERSAL
2026-08-13 07:00:00+00:00,ETH,SELL,8.737202413172781,0.008737202413172782,0.075,S6_REVERSAL
2026-08-13 08:00:00+00:00,BTC,BUY,6.62666894519225,0.0066266689451922505,0.075,S6_REVERSAL
2026-08-13 08:00:00+00:00,ETH,BUY,6726.621574732425,6.726621574732425,0.15,S3_TREND
2026-08-13 09:00:00+00:00,BTC,BUY,6.196372460536622,0.006196372460536622,0.075,S6_REVERSAL
2026-08-13 09:00:00+00:00,ETH,BUY,30.681136148563382,0.03068113614856338,0.15,S3_TREND
2026-08-13 10:00:00+00:00,BTC,SELL,1.6900690881566334,0.0016900690881566335,0.075,S6_REVERSAL
2026-08-13 10:00:00+00:00,ETH,BUY,1.875020775689336,0.0018750207756893361,0.15,S3_TREND
2026-08-13 11:00:00+00:00,BTC,BUY,9.280233085879445,0.009280233085879445,0.075,S6_REVERSAL
2026-08-13 11:00:00+00:00,ETH,BUY,37.780655093783935,0.037780655093783935,0.15,S3_TREND
2026-08-13 12:00:00+00:00,BTC,BUY,14.78098532999502,0.014780985329995019,0.075,S6_REVERSAL
2026-08-13 12:00:00+00:00,ETH,BUY,14.189977154472217,0.014189977154472217,0.15,S3_TREND
2026-08-13 13:00:00+00:00,BTC,SELL,16.23561184681239,0.01623561184681239,0.075,S6_REVERSAL
2026-08-13 13:00:00+00:00,ETH,SELL,49.00087446719226,0.049000874467192264,0.15,S3_TREND
2026-08-13 14:00:00+00:00,BTC,SELL,1.8419997198761848,0.001841999719876185,0.075,S6_REVERSAL
2026-08-13 14:00:00+00:00,ETH,SELL,7.749564356132396,0.007749564356132396,0.15,S3_TREND
2026-08-13 14:00:00+00:00,SOL,BUY,13425.73942805935,13.425739428059352,0.15,S3_TREND
2026-08-13 15:00:00+00:00,BTC,SELL,9.147815741372142,0.009147815741372143,0.075,S6_REVERSAL
2026-08-13 15:00:00+00:00,ETH,SELL,11.41543295635347,0.01141543295635347,0.15,S3_TREND
2026-08-13 15:00:00+00:00,SOL,SELL,35.56363657073416,0.035563636570734164,0.15,S3_TREND
2026-08-13 16:00:00+00:00,BTC,BUY,24.803879668758782,0.024803879668758782,0.075,S6_REVERSAL
2026-08-13 16:00:00+00:00,ETH,BUY,52.448027573687796,0.0524480275736878,0.15,S3_TREND
2026-08-13 16:00:00+00:00,SOL,BUY,101.24284550463926,0.10124284550463926,0.15,S3_TREND
2026-08-13 17:00:00+00:00,BTC,BUY,22.21944091777368,0.022219440917773683,0.075,S6_REVERSAL
2026-08-13 17:00:00+00:00,ETH,BUY,26.245473169701654,0.026245473169701654,0.15,S3_TREND
2026-08-13 17:00:00+00:00,SOL,SELL,5.131042960530976,0.0051310429605309765,0.15,S3_TREND
2026-08-13 18:00:00+00:00,BTC,BUY,4.799303239036817,0.004799303239036817,0.075,S6_REVERSAL
2026-08-13 18:00:00+00:00,ETH,SELL,8.873194275547576,0.008873194275547575,0.15,S3_TREND
2026-08-13 18:00:00+00:00,SOL,SELL,22.060110594218713,0.022060110594218713,0.15,S3_TREND
2026-08-13 19:00:00+00:00,BTC,SELL,8.496010730449598,0.008496010730449598,0.075,S6_REVERSAL
2026-08-13 19:00:00+00:00,ETH,SELL,42.79018828189328,0.04279018828189328,0.15,S3_TREND
2026-08-13 19:00:00+00:00,SOL,SELL,24.28155244030677,0.024281552440306768,0.15,S3_TREND
2026-08-13 20:00:00+00:00,BTC,SELL,6.082668300223304,0.006082668300223304,0.075,S6_REVERSAL
2026-08-13 20:00:00+00:00,ETH,SELL,4.850935202526671,0.004850935202526671,0.15,S3_TREND
2026-08-13 20:00:00+00:00,SOL,SELL,24.925286118757867,0.02492528611875787,0.15,S3_TREND
2026-08-13 21:00:00+00:00,ETH,BUY,6.827793040862161,0.006827793040862161,0.15,S3_TREND
2026-08-13 21:00:00+00:00,SOL,SELL,5.419781506185245,0.005419781506185245,0.15,S3_TREND
2026-08-13 22:00:00+00:00,BTC,SELL,5.6041921053056285,0.005604192105305629,0.075,S6_REVERSAL
2026-08-13 22:00:00+00:00,ETH,SELL,13.747421816669885,0.013747421816669885,0.15,S3_TREND
2026-08-13 22:00:00+00:00,SOL,BUY,6.4134617647650884,0.006413461764765089,0.15,S3_TREND
2026-08-13 23:00:00+00:00,BTC,SELL,4.608954976556561,0.004608954976556561,0.075,S6_REVERSAL
2026-08-13 23:00:00+00:00,ETH,SELL,1.924143600233947,0.0019241436002339469,0.15,S3_TREND
2026-08-13 23:00:00+00:00,SOL,SELL,4.420246929230416,0.004420246929230416,0.15,S3_TREND
2026-08-14 00:00:00+00:00,BTC,BUY,2.488951327824907,0.002488951327824907,0.075,S6_REVERSAL
2026-08-14 00:00:00+00:00,ETH,BUY,19.792983098896002,0.019792983098896003,0.15,S3_TREND
2026-08-14 00:00:00+00:00,SOL,SELL,8.57314808562478,0.00857314808562478,0.15,S3_TREND
2026-08-14 01:00:00+00:00,BTC,SELL,5.988864658533203,0.005988864658533203,0.075,S6_REVERSAL
2026-08-14 01:00:00+00:00,ETH,SELL,24.335051025302164,0.024335051025302163,0.15,S3_TREND
2026-08-14 01:00:00+00:00,SOL,BUY,35.652908438007216,0.03565290843800722,0.15,S3_TREND
2026-08-14 02:00:00+00:00,BTC,SELL,3.0953623415152833,0.0030953623415152834,0.075,S6_REVERSAL
2026-08-14 02:00:00+00:00,ETH,BUY,1.003768319493247,0.001003768319493247,0.15,S3_TREND
2026-08-14 02:00:00+00:00,SOL,SELL,2.452622161436011,0.002452622161436011,0.15,S3_TREND
2026-08-14 03:00:00+00:00,BTC,BUY,8.376012742466628,0.008376012742466628,0.075,S6_REVERSAL
2026-08-14 03:00:00+00:00,ETH,BUY,13.17959993293698,0.013179599932936981,0.15,S3_TREND
2026-08-14 03:00:00+00:00,SOL,BUY,5.781228098350766,0.005781228098350766,0.15,S3_TREND
2026-08-14 04:00:00+00:00,BTC,BUY,9.809130528340575,0.009809130528340575,0.075,S6_REVERSAL
2026-08-14 04:00:00+00:00,ETH,BUY,12.58614245771787,0.01258614245771787,0.15,S3_TREND
2026-08-14 04:00:00+00:00,SOL,BUY,32.65012951493554,0.032650129514935546,0.15,S3_TREND
2026-08-14 05:00:00+00:00,BTC,SELL,3.983616017467284,0.003983616017467284,0.075,S6_REVERSAL
2026-08-14 05:00:00+00:00,ETH,SELL,7.393091462447045,0.007393091462447045,0.15,S3_TREND
2026-08-14 05:00:00+00:00,SOL,SELL,10.644217623421355,0.010644217623421355,0.15,S3_TREND
2026-08-14 06:00:00+00:00,ETH,BUY,6.259015428779094,0.0062590154287790935,0.15,S3_TREND
2026-08-14 06:00:00+00:00,SOL,SELL,11.15924058985729,0.01115924058985729,0.15,S3_TREND
2026-08-14 07:00:00+00:00,BTC,BUY,28.637248105484105,0.028637248105484105,0.075,S6_REVERSAL
2026-08-14 07:00:00+00:00,ETH,BUY,51.55395943757139,0.05155395943757139,0.15,S3_TREND
2026-08-14 07:00:00+00:00,SOL,BUY,37.126519126904896,0.03712651912690489,0.15,S3_TREND
2026-08-14 08:00:00+00:00,BTC,SELL,6682.353755919524,6.682353755919524,0.0,CASH
2026-08-14 08:00:00+00:00,ETH,SELL,2.817973697996422,0.002817973697996422,0.15,S3_TREND
2026-08-14 08:00:00+00:00,SOL,SELL,7.813715032467371,0.007813715032467371,0.15,S3_TREND
2026-08-14 09:00:00+00:00,ETH,SELL,26.127158758985388,0.02612715875898539,0.15,S3_TREND
2026-08-14 09:00:00+00:00,SOL,SELL,35.914793494461264,0.035914793494461264,0.15,S3_TREND
2026-08-14 10:00:00+00:00,BTC,BUY,6686.4911515261,6.6864911515261,0.075,S6_REVERSAL
2026-08-14 10:00:00+00:00,ETH,BUY,23.30934969658665,0.02330934969658665,0.15,S3_TREND
2026-08-14 10:00:00+00:00,SOL,SELL,13321.881269578778,13.321881269578778,0.0,CASH
2026-08-14 11:00:00+00:00,BTC,SELL,2.019034914223994,0.0020190349142239937,0.075,S6_REVERSAL
2026-08-14 11:00:00+00:00,ETH,SELL,20.6856838167987,0.0206856838167987,0.15,S3_TREND
2026-08-14 12:00:00+00:00,BTC,SELL,4.307071603984696,0.004307071603984696,0.075,S6_REVERSAL
2026-08-14 12:00:00+00:00,ETH,SELL,11.368976126139387,0.011368976126139387,0.15,S3_TREND
2026-08-14 13:00:00+00:00,BTC,BUY,10.005934672945841,0.01000593467294584,0.075,S6_REVERSAL
2026-08-14 13:00:00+00:00,ETH,SELL,6658.383365433179,6.658383365433179,0.075,S6_REVERSAL
2026-08-14 14:00:00+00:00,BTC,BUY,5.816627857574531,0.005816627857574531,0.075,S6_REVERSAL
2026-08-14 14:00:00+00:00,ETH,BUY,10.561625989382264,0.010561625989382265,0.075,S6_REVERSAL
2026-08-14 15:00:00+00:00,BTC,BUY,3.9176567821423305,0.00391765678214233,0.075,S6_REVERSAL
2026-08-14 15:00:00+00:00,ETH,BUY,9.66414781734693,0.00966414781734693,0.075,S6_REVERSAL
2026-08-14 16:00:00+00:00,BTC,SELL,32.68642168091901,0.03268642168091901,0.075,S6_REVERSAL
2026-08-14 16:00:00+00:00,ETH,SELL,45.43133776903778,0.04543133776903778,0.075,S6_REVERSAL
2026-08-14 17:00:00+00:00,BTC,SELL,12.98024833897125,0.01298024833897125,0.075,S6_REVERSAL
2026-08-14 17:00:00+00:00,ETH,SELL,11.529872336554945,0.011529872336554945,0.075,S6_REVERSAL
2026-08-14 18:00:00+00:00,BTC,BUY,9.920347237813985,0.009920347237813985,0.075,S6_REVERSAL
2026-08-14 18:00:00+00:00,ETH,BUY,21.49802264461414,0.02149802264461414,0.075,S6_REVERSAL
2026-08-14 19:00:00+00:00,BTC,BUY,7.460734766718815,0.007460734766718815,0.075,S6_REVERSAL
2026-08-14 19:00:00+00:00,ETH,BUY,8.617841285357827,0.008617841285357827,0.075,S6_REVERSAL
2026-08-14 20:00:00+00:00,BTC,SELL,2.3666681601735036,0.0023666681601735035,0.075,S6_REVERSAL
2026-08-14 20:00:00+00:00,ETH,SELL,16.646044360596534,0.016646044360596534,0.075,S6_REVERSAL
2026-08-14 21:00:00+00:00,BTC,BUY,5.8142405260741725,0.005814240526074173,0.075,S6_REVERSAL
2026-08-14 21:00:00+00:00,ETH,BUY,1.0627476929994373,0.0010627476929994373,0.075,S6_REVERSAL
2026-08-14 22:00:00+00:00,BTC,SELL,2.3197278564266526,0.0023197278564266524,0.075,S6_REVERSAL
2026-08-14 22:00:00+00:00,ETH,BUY,3.422844787912254,0.003422844787912254,0.075,S6_REVERSAL
2026-08-14 23:00:00+00:00,BTC,BUY,4.181489944926398,0.004181489944926398,0.075,S6_REVERSAL
2026-08-14 23:00:00+00:00,ETH,SELL,1.451193088410946,0.001451193088410946,0.075,S6_REVERSAL
2026-08-15 00:00:00+00:00,BTC,SELL,14.764129920074083,0.014764129920074084,0.075,S6_REVERSAL
2026-08-15 00:00:00+00:00,ETH,SELL,6.746938957657221,0.006746938957657221,0.075,S6_REVERSAL
2026-08-15 01:00:00+00:00,BTC,BUY,2.377415163094156,0.002377415163094156,0.075,S6_REVERSAL
2026-08-15 02:00:00+00:00,BTC,SELL,2.0553897668223726,0.002055389766822373,0.075,S6_REVERSAL
2026-08-15 02:00:00+00:00,ETH,SELL,5.9062467366456985,0.005906246736645699,0.075,S6_REVERSAL
2026-08-15 03:00:00+00:00,BTC,SELL,8.51196486023855,0.008511964860238549,0.075,S6_REVERSAL
2026-08-15 03:00:00+00:00,ETH,SELL,2.3775047975632333,0.0023775047975632332,0.075,S6_REVERSAL
2026-08-15 04:00:00+00:00,BTC,BUY,7.55185316767529,0.00755185316767529,0.075,S6_REVERSAL
2026-08-15 04:00:00+00:00,ETH,BUY,6.725464654787174,0.006725464654787175,0.075,S6_REVERSAL
2026-08-15 05:00:00+00:00,BTC,SELL,6.494711568509047,0.0064947115685090465,0.075,S6_REVERSAL
2026-08-15 05:00:00+00:00,ETH,SELL,4.9922560831437295,0.004992256083143729,0.075,S6_REVERSAL
2026-08-15 06:00:00+00:00,BTC,BUY,2.2475274289699883,0.0022475274289699885,0.075,S6_REVERSAL
2026-08-15 06:00:00+00:00,ETH,BUY,11.920618224678947,0.011920618224678946,0.075,S6_REVERSAL
2026-08-15 07:00:00+00:00,BTC,SELL,2.119426906602712,0.002119426906602712,0.075,S6_REVERSAL
2026-08-15 07:00:00+00:00,ETH,SELL,4.731752407427848,0.004731752407427848,0.075,S6_REVERSAL
2026-08-15 08:00:00+00:00,BTC,BUY,3.3757801948950146,0.0033757801948950147,0.075,S6_REVERSAL
2026-08-15 08:00:00+00:00,ETH,BUY,5.5065335192985,0.0055065335192985,0.075,S6_REVERSAL
2026-08-15 09:00:00+00:00,BTC,BUY,12.80717146213101,0.01280717146213101,0.075,S6_REVERSAL
2026-08-15 09:00:00+00:00,ETH,BUY,9.943625884085122,0.009943625884085122,0.075,S6_REVERSAL
2026-08-15 10:00:00+00:00,BTC,SELL,8.39467355445231,0.00839467355445231,0.075,S6_REVERSAL
2026-08-15 10:00:00+00:00,ETH,SELL,10.483994638835611,0.010483994638835611,0.075,S6_REVERSAL
2026-08-15 11:00:00+00:00,BTC,SELL,1.396720922160057,0.001396720922160057,0.075,S6_REVERSAL
2026-08-15 11:00:00+00:00,ETH,SELL,1.6859167764914673,0.0016859167764914675,0.075,S6_REVERSAL
2026-08-15 12:00:00+00:00,BTC,BUY,1.9611344502864085,0.0019611344502864086,0.075,S6_REVERSAL
2026-08-15 12:00:00+00:00,ETH,BUY,4.7748171522262055,0.004774817152226205,0.075,S6_REVERSAL
2026-08-15 13:00:00+00:00,BTC,SELL,1.5936056079044647,0.0015936056079044647,0.075,S6_REVERSAL
2026-08-15 13:00:00+00:00,ETH,SELL,14.160954438659246,0.014160954438659246,0.075,S6_REVERSAL
2026-08-15 14:00:00+00:00,BTC,SELL,1.0068403022141865,0.0010068403022141866,0.075,S6_REVERSAL
2026-08-15 15:00:00+00:00,BTC,BUY,1.9149235845197836,0.0019149235845197837,0.075,S6_REVERSAL
2026-08-15 16:00:00+00:00,BTC,SELL,5.577514683516711,0.005577514683516711,0.075,S6_REVERSAL
2026-08-15 16:00:00+00:00,ETH,SELL,3.0817217693575003,0.0030817217693575004,0.075,S6_REVERSAL
2026-08-15 18:00:00+00:00,BTC,BUY,2.832930543866496,0.002832930543866496,0.075,S6_REVERSAL
2026-08-15 18:00:00+00:00,ETH,BUY,1.172056985807103,0.0011720569858071031,0.075,S6_REVERSAL
2026-08-15 19:00:00+00:00,ETH,BUY,5.380752322752414,0.005380752322752414,0.075,S6_REVERSAL
2026-08-15 20:00:00+00:00,BTC,SELL,5.437511000553968,0.005437511000553968,0.075,S6_REVERSAL
2026-08-15 20:00:00+00:00,ETH,SELL,5.140903060822893,0.005140903060822893,0.075,S6_REVERSAL
2026-08-15 21:00:00+00:00,BTC,BUY,1.9288887512457222,0.0019288887512457222,0.075,S6_REVERSAL
2026-08-15 21:00:00+00:00,ETH,BUY,3.561673092402998,0.003561673092402998,0.075,S6_REVERSAL
2026-08-15 22:00:00+00:00,BTC,SELL,5.001184458918033,0.005001184458918033,0.075,S6_REVERSAL
2026-08-15 22:00:00+00:00,ETH,SELL,5.306864247681915,0.0053068642476819155,0.075,S6_REVERSAL
2026-08-15 23:00:00+00:00,BTC,BUY,2.218747241080564,0.002218747241080564,0.075,S6_REVERSAL
2026-08-16 00:00:00+00:00,BTC,BUY,4.2672675012127,0.004267267501212701,0.075,S6_REVERSAL
2026-08-16 00:00:00+00:00,ETH,BUY,7.691737962878506,0.007691737962878506,0.075,S6_REVERSAL
2026-08-16 02:00:00+00:00,ETH,BUY,6.891453185808132,0.0068914531858081315,0.075,S6_REVERSAL
2026-08-16 03:00:00+00:00,BTC,SELL,3.23759312108632,0.00323759312108632,0.075,S6_REVERSAL
2026-08-16 03:00:00+00:00,ETH,SELL,10.13482961878617,0.010134829618786171,0.075,S6_REVERSAL
2026-08-16 04:00:00+00:00,ETH,BUY,1.3773607772500327,0.0013773607772500328,0.075,S6_REVERSAL
2026-08-16 05:00:00+00:00,BTC,BUY,2.592743000014707,0.0025927430000147068,0.075,S6_REVERSAL
2026-08-16 05:00:00+00:00,ETH,BUY,4.972029487837972,0.004972029487837972,0.075,S6_REVERSAL
2026-08-16 06:00:00+00:00,BTC,BUY,1.5155886660677425,0.0015155886660677424,0.075,S6_REVERSAL
2026-08-16 06:00:00+00:00,ETH,BUY,6.01779496578456,0.00601779496578456,0.075,S6_REVERSAL
2026-08-16 07:00:00+00:00,ETH,SELL,2.5027704369194907,0.0025027704369194907,0.075,S6_REVERSAL
2026-08-16 08:00:00+00:00,BTC,BUY,1.2821569739171537,0.0012821569739171537,0.075,S6_REVERSAL
2026-08-16 08:00:00+00:00,ETH,SELL,3.2245182594879225,0.0032245182594879225,0.075,S6_REVERSAL
2026-08-16 09:00:00+00:00,BTC,SELL,1.2788325533865645,0.0012788325533865646,0.075,S6_REVERSAL
2026-08-16 09:00:00+00:00,ETH,BUY,2.0633974993070296,0.0020633974993070296,0.075,S6_REVERSAL
2026-08-16 10:00:00+00:00,BTC,BUY,7.6842842664391355,0.007684284266439136,0.075,S6_REVERSAL
2026-08-16 10:00:00+00:00,ETH,BUY,1.0759337312929347,0.0010759337312929347,0.075,S6_REVERSAL
2026-08-16 11:00:00+00:00,BTC,SELL,1.4588608338663107,0.0014588608338663108,0.075,S6_REVERSAL
2026-08-16 11:00:00+00:00,ETH,SELL,1.1243871945689534,0.0011243871945689535,0.075,S6_REVERSAL
2026-08-16 13:00:00+00:00,BTC,SELL,1.5802361527257744,0.0015802361527257746,0.075,S6_REVERSAL
2026-08-16 13:00:00+00:00,ETH,BUY,3.3303364431012596,0.00333033644310126,0.075,S6_REVERSAL
2026-08-16 14:00:00+00:00,BTC,SELL,3.1615651445026742,0.0031615651445026744,0.075,S6_REVERSAL
2026-08-16 14:00:00+00:00,ETH,SELL,6.74057553376133,0.00674057553376133,0.075,S6_REVERSAL
2026-08-16 15:00:00+00:00,BTC,SELL,3.7919421643373425,0.0037919421643373427,0.075,S6_REVERSAL
2026-08-16 15:00:00+00:00,ETH,BUY,6685.042453409613,6.685042453409613,0.15,S3_TREND
2026-08-16 16:00:00+00:00,BTC,SELL,4.477329043272221,0.00447732904327222,0.075,S6_REVERSAL
2026-08-16 16:00:00+00:00,ETH,SELL,3.6320124545582075,0.0036320124545582075,0.15,S3_TREND
2026-08-16 17:00:00+00:00,BTC,SELL,8.188712725015648,0.008188712725015649,0.075,S6_REVERSAL
2026-08-16 17:00:00+00:00,ETH,SELL,31.576932087513345,0.031576932087513346,0.15,S3_TREND
2026-08-16 18:00:00+00:00,BTC,BUY,7.5090005799602295,0.00750900057996023,0.075,S6_REVERSAL
2026-08-16 18:00:00+00:00,ETH,BUY,24.95364396751029,0.024953643967510288,0.15,S3_TREND
2026-08-16 19:00:00+00:00,BTC,BUY,2.0498415792735614,0.0020498415792735616,0.075,S6_REVERSAL
2026-08-16 19:00:00+00:00,ETH,SELL,2.181269508841069,0.002181269508841069,0.15,S3_TREND
2026-08-16 20:00:00+00:00,BTC,BUY,3.2437120809636326,0.0032437120809636327,0.075,S6_REVERSAL
2026-08-16 20:00:00+00:00,ETH,SELL,2.5483752554628154,0.0025483752554628153,0.15,S3_TREND
2026-08-16 21:00:00+00:00,BTC,BUY,1.9776828039102838,0.001977682803910284,0.075,S6_REVERSAL
2026-08-16 21:00:00+00:00,ETH,BUY,22.50711949570723,0.02250711949570723,0.15,S3_TREND
2026-08-16 22:00:00+00:00,BTC,BUY,10.11987357673479,0.01011987357673479,0.075,S6_REVERSAL
2026-08-16 22:00:00+00:00,ETH,BUY,36.7052366937005,0.0367052366937005,0.15,S3_TREND
2026-08-16 22:00:00+00:00,SOL,BUY,6683.675838490149,6.6836758384901485,0.075,S6_REVERSAL
2026-08-16 23:00:00+00:00,BTC,BUY,6687.064599953053,6.687064599953054,0.15,S3_TREND
2026-08-16 23:00:00+00:00,ETH,SELL,1.864601703486187,0.001864601703486187,0.15,S3_TREND
2026-08-16 23:00:00+00:00,SOL,SELL,15.333744429238322,0.015333744429238324,0.075,S6_REVERSAL
2026-08-17 00:00:00+00:00,BTC,BUY,2.7716619402144715,0.0027716619402144717,0.15,S3_TREND
2026-08-17 00:00:00+00:00,SOL,SELL,9.03989112513409,0.00903989112513409,0.075,S6_REVERSAL
2026-08-17 01:00:00+00:00,ETH,SELL,16.923670854965167,0.016923670854965166,0.15,S3_TREND
2026-08-17 01:00:00+00:00,SOL,BUY,1.8340000740417963,0.0018340000740417963,0.075,S6_REVERSAL
2026-08-17 02:00:00+00:00,BTC,SELL,15.886035778436055,0.015886035778436055,0.15,S3_TREND
2026-08-17 02:00:00+00:00,ETH,SELL,64.29204371974083,0.06429204371974083,0.15,S3_TREND
2026-08-17 02:00:00+00:00,SOL,SELL,29.819867598028395,0.029819867598028394,0.075,S6_REVERSAL
2026-08-17 03:00:00+00:00,BTC,SELL,35.266180243919734,0.03526618024391973,0.15,S3_TREND
2026-08-17 03:00:00+00:00,ETH,SELL,50.01333948278261,0.050013339482782616,0.15,S3_TREND
2026-08-17 03:00:00+00:00,SOL,SELL,21.938004224704855,0.021938004224704856,0.075,S6_REVERSAL
2026-08-17 04:00:00+00:00,BTC,SELL,5.7768065080836095,0.00577680650808361,0.15,S3_TREND
2026-08-17 04:00:00+00:00,ETH,BUY,9.723656492316877,0.009723656492316877,0.15,S3_TREND
2026-08-17 04:00:00+00:00,SOL,SELL,2.816065625371266,0.002816065625371266,0.075,S6_REVERSAL
2026-08-17 05:00:00+00:00,BTC,SELL,15.362780345523788,0.015362780345523788,0.15,S3_TREND
2026-08-17 05:00:00+00:00,ETH,SELL,10.465758102527616,0.010465758102527615,0.15,S3_TREND
2026-08-17 05:00:00+00:00,SOL,SELL,1.2024564748489863,0.0012024564748489863,0.075,S6_REVERSAL
2026-08-17 06:00:00+00:00,BTC,SELL,3.953463628560712,0.003953463628560712,0.15,S3_TREND
2026-08-17 06:00:00+00:00,ETH,BUY,19.354229246488103,0.019354229246488105,0.15,S3_TREND
2026-08-17 06:00:00+00:00,SOL,BUY,11.835253746316084,0.011835253746316084,0.075,S6_REVERSAL
2026-08-17 07:00:00+00:00,BTC,SELL,12.706499158010047,0.012706499158010047,0.15,S3_TREND
2026-08-17 07:00:00+00:00,ETH,SELL,33.759834562250035,0.033759834562250034,0.15,S3_TREND
2026-08-17 07:00:00+00:00,SOL,SELL,30.792439758693035,0.030792439758693037,0.075,S6_REVERSAL
2026-08-17 08:00:00+00:00,BTC,BUY,20.266760287868237,0.020266760287868238,0.15,S3_TREND
2026-08-17 08:00:00+00:00,ETH,BUY,31.056553387477834,0.031056553387477835,0.15,S3_TREND
2026-08-17 09:00:00+00:00,BTC,BUY,9.820353309640268,0.009820353309640269,0.15,S3_TREND
2026-08-17 09:00:00+00:00,ETH,BUY,27.4191900449041,0.0274191900449041,0.15,S3_TREND
2026-08-17 09:00:00+00:00,SOL,BUY,6744.887410306472,6.744887410306472,0.15,S3_TREND
2026-08-17 10:00:00+00:00,BTC,BUY,11.438050771757844,0.011438050771757843,0.15,S3_TREND
2026-08-17 10:00:00+00:00,ETH,BUY,2.379209798797092,0.002379209798797092,0.15,S3_TREND
2026-08-17 10:00:00+00:00,SOL,SELL,18.42026710502978,0.01842026710502978,0.15,S3_TREND
2026-08-17 11:00:00+00:00,BTC,SELL,40.33335677055038,0.04033335677055038,0.15,S3_TREND
2026-08-17 11:00:00+00:00,ETH,SELL,55.31857048949678,0.05531857048949678,0.15,S3_TREND
2026-08-17 11:00:00+00:00,SOL,SELL,42.4511268347087,0.042451126834708704,0.15,S3_TREND
2026-08-17 12:00:00+00:00,BTC,BUY,5.70299700187752,0.00570299700187752,0.15,S3_TREND
2026-08-17 12:00:00+00:00,ETH,BUY,11.773176796579719,0.011773176796579719,0.15,S3_TREND
2026-08-17 12:00:00+00:00,SOL,BUY,8.774116030393998,0.008774116030393998,0.15,S3_TREND
2026-08-17 13:00:00+00:00,ETH,BUY,21.554193452928303,0.021554193452928302,0.15,S3_TREND
2026-08-17 13:00:00+00:00,SOL,BUY,34.28891990720149,0.03428891990720149,0.15,S3_TREND
2026-08-17 14:00:00+00:00,BTC,SELL,8.774540254175008,0.008774540254175008,0.15,S3_TREND
2026-08-17 14:00:00+00:00,ETH,SELL,24.924004122196493,0.024924004122196492,0.15,S3_TREND
2026-08-17 14:00:00+00:00,SOL,SELL,22.01276584540392,0.02201276584540392,0.15,S3_TREND
2026-08-17 15:00:00+00:00,BTC,SELL,26.765680344517023,0.026765680344517023,0.15,S3_TREND
2026-08-17 15:00:00+00:00,ETH,SELL,11.249784962476042,0.011249784962476042,0.15,S3_TREND
2026-08-17 15:00:00+00:00,SOL,SELL,42.139237713461625,0.042139237713461626,0.15,S3_TREND
2026-08-17 16:00:00+00:00,BTC,SELL,46.260861513037526,0.04626086151303753,0.15,S3_TREND
2026-08-17 16:00:00+00:00,ETH,SELL,9.059449790271174,0.009059449790271174,0.15,S3_TREND
2026-08-17 16:00:00+00:00,SOL,SELL,4.868362275316031,0.004868362275316031,0.15,S3_TREND
2026-08-17 17:00:00+00:00,BTC,BUY,6.548670423209842,0.006548670423209842,0.15,S3_TREND
2026-08-17 17:00:00+00:00,ETH,BUY,31.20617813415629,0.03120617813415629,0.15,S3_TREND
2026-08-17 17:00:00+00:00,SOL,BUY,3.029782883651933,0.003029782883651933,0.15,S3_TREND
2026-08-17 18:00:00+00:00,BTC,SELL,38.678482846216866,0.03867848284621687,0.15,S3_TREND
2026-08-17 18:00:00+00:00,ETH,SELL,6.4494547404519835,0.006449454740451984,0.15,S3_TREND
2026-08-17 18:00:00+00:00,SOL,BUY,24.972859018054805,0.024972859018054804,0.15,S3_TREND
2026-08-17 19:00:00+00:00,BTC,SELL,17.698151331132976,0.017698151331132977,0.15,S3_TREND
2026-08-17 19:00:00+00:00,ETH,SELL,3.910074684610663,0.003910074684610663,0.15,S3_TREND
2026-08-17 19:00:00+00:00,SOL,BUY,7.404359047621256,0.007404359047621256,0.15,S3_TREND
2026-08-17 20:00:00+00:00,BTC,BUY,15.82486598495052,0.01582486598495052,0.15,S3_TREND
2026-08-17 20:00:00+00:00,ETH,BUY,10.421535792178474,0.010421535792178475,0.15,S3_TREND
2026-08-17 20:00:00+00:00,SOL,BUY,6.927161789395541,0.006927161789395541,0.15,S3_TREND
2026-08-17 21:00:00+00:00,BTC,SELL,10.216987871235688,0.010216987871235688,0.15,S3_TREND
2026-08-17 21:00:00+00:00,ETH,BUY,10.720591947299908,0.010720591947299908,0.15,S3_TREND
2026-08-17 21:00:00+00:00,SOL,SELL,26.639170002861647,0.02663917000286165,0.15,S3_TREND
2026-08-17 22:00:00+00:00,SOL,BUY,5.283076406434702,0.005283076406434702,0.15,S3_TREND
2026-08-17 23:00:00+00:00,BTC,BUY,8.822697057301411,0.008822697057301411,0.15,S3_TREND
2026-08-17 23:00:00+00:00,ETH,BUY,2.9257593393795105,0.0029257593393795106,0.15,S3_TREND
2026-08-17 23:00:00+00:00,SOL,BUY,28.424687271184666,0.028424687271184666,0.15,S3_TREND
2026-08-18 00:00:00+00:00,BTC,SELL,25.838090039682356,0.025838090039682356,0.15,S3_TREND
2026-08-18 00:00:00+00:00,ETH,SELL,39.23519213184227,0.03923519213184227,0.15,S3_TREND
2026-08-18 00:00:00+00:00,SOL,SELL,25.173301495276974,0.025173301495276974,0.15,S3_TREND
2026-08-18 01:00:00+00:00,BTC,BUY,23.480460388300344,0.023480460388300345,0.15,S3_TREND
2026-08-18 01:00:00+00:00,ETH,BUY,16.923175562900724,0.016923175562900725,0.15,S3_TREND
2026-08-18 01:00:00+00:00,SOL,SELL,12.859701629284245,0.012859701629284246,0.15,S3_TREND
2026-08-18 02:00:00+00:00,BTC,BUY,11.354438125787055,0.011354438125787056,0.15,S3_TREND
2026-08-18 02:00:00+00:00,ETH,BUY,33.524502769440005,0.03352450276944,0.15,S3_TREND
2026-08-18 02:00:00+00:00,SOL,BUY,54.44131794963141,0.05444131794963141,0.15,S3_TREND
2026-08-18 03:00:00+00:00,ETH,BUY,38.55514776318341,0.03855514776318342,0.15,S3_TREND
2026-08-18 03:00:00+00:00,SOL,BUY,36.50235069093287,0.03650235069093287,0.15,S3_TREND
2026-08-18 04:00:00+00:00,BTC,SELL,6.995054266215448,0.006995054266215448,0.15,S3_TREND
2026-08-18 04:00:00+00:00,SOL,SELL,30.746077992482242,0.030746077992482242,0.15,S3_TREND
2026-08-18 05:00:00+00:00,BTC,BUY,6.940534397263036,0.006940534397263037,0.15,S3_TREND
2026-08-18 05:00:00+00:00,ETH,SELL,2.0735861752309575,0.0020735861752309574,0.15,S3_TREND
2026-08-18 05:00:00+00:00,SOL,SELL,50.07694134736994,0.05007694134736994,0.15,S3_TREND
2026-08-18 06:00:00+00:00,BTC,SELL,10.085686063910543,0.010085686063910543,0.15,S3_TREND
2026-08-18 06:00:00+00:00,ETH,BUY,4.088967020641576,0.004088967020641576,0.15,S3_TREND
2026-08-18 06:00:00+00:00,SOL,BUY,17.999155676969167,0.017999155676969168,0.15,S3_TREND
2026-08-18 07:00:00+00:00,BTC,BUY,2.010744368948508,0.002010744368948508,0.15,S3_TREND
2026-08-18 07:00:00+00:00,ETH,SELL,33.46636325369582,0.03346636325369582,0.15,S3_TREND
2026-08-18 07:00:00+00:00,SOL,SELL,33.743677147940616,0.03374367714794062,0.15,S3_TREND
2026-08-18 08:00:00+00:00,BTC,BUY,19.053254359718267,0.019053254359718268,0.15,S3_TREND
2026-08-18 08:00:00+00:00,ETH,BUY,22.50528680523348,0.022505286805233483,0.15,S3_TREND
2026-08-18 08:00:00+00:00,SOL,SELL,20.058477885286266,0.020058477885286266,0.15,S3_TREND
2026-08-18 09:00:00+00:00,BTC,SELL,13.877023030241617,0.013877023030241617,0.15,S3_TREND
2026-08-18 09:00:00+00:00,ETH,SELL,4.01912054616696,0.00401912054616696,0.15,S3_TREND
2026-08-18 09:00:00+00:00,SOL,SELL,5.909781592938089,0.005909781592938089,0.15,S3_TREND
2026-08-18 10:00:00+00:00,BTC,BUY,12.39477300782346,0.01239477300782346,0.15,S3_TREND
2026-08-18 10:00:00+00:00,ETH,BUY,10.36254827353514,0.01036254827353514,0.15,S3_TREND
2026-08-18 10:00:00+00:00,SOL,BUY,27.07912523440973,0.02707912523440973,0.15,S3_TREND
2026-08-18 11:00:00+00:00,BTC,SELL,6.751552319798066,0.006751552319798066,0.15,S3_TREND
2026-08-18 11:00:00+00:00,ETH,SELL,7.941824470841312,0.007941824470841312,0.15,S3_TREND
2026-08-18 11:00:00+00:00,SOL,BUY,15.669515392532048,0.015669515392532047,0.15,S3_TREND
2026-08-18 12:00:00+00:00,BTC,SELL,8.496235972590512,0.008496235972590511,0.15,S3_TREND
2026-08-18 12:00:00+00:00,ETH,SELL,13.628022814731594,0.013628022814731595,0.15,S3_TREND
2026-08-18 12:00:00+00:00,SOL,SELL,60.784755373922955,0.06078475537392296,0.15,S3_TREND
2026-08-18 13:00:00+00:00,BTC,BUY,15.83869197927379,0.01583869197927379,0.15,S3_TREND
2026-08-18 13:00:00+00:00,ETH,BUY,16.241136972419554,0.016241136972419554,0.15,S3_TREND
2026-08-18 13:00:00+00:00,SOL,BUY,2.822353203802777,0.002822353203802777,0.15,S3_TREND
2026-08-18 14:00:00+00:00,BTC,SELL,1.021767741543954,0.0010217677415439539,0.15,S3_TREND
2026-08-18 14:00:00+00:00,ETH,BUY,8.505042459395554,0.008505042459395554,0.15,S3_TREND
2026-08-18 14:00:00+00:00,SOL,BUY,3.941193108830703,0.003941193108830703,0.15,S3_TREND
2026-08-18 15:00:00+00:00,BTC,SELL,58.40917536735469,0.058409175367354696,0.15,S3_TREND
2026-08-18 15:00:00+00:00,ETH,SELL,48.3766810408797,0.04837668104087971,0.15,S3_TREND
2026-08-18 15:00:00+00:00,SOL,SELL,59.039583523886904,0.059039583523886906,0.15,S3_TREND
2026-08-18 16:00:00+00:00,BTC,SELL,7.390604548341798,0.0073906045483417985,0.15,S3_TREND
2026-08-18 16:00:00+00:00,ETH,SELL,25.20327771922166,0.02520327771922166,0.15,S3_TREND
2026-08-18 16:00:00+00:00,SOL,SELL,48.34808865769264,0.04834808865769264,0.15,S3_TREND
2026-08-18 17:00:00+00:00,ETH,SELL,8.19857183683962,0.00819857183683962,0.15,S3_TREND
2026-08-18 17:00:00+00:00,SOL,BUY,18.203501234886062,0.018203501234886062,0.15,S3_TREND
2026-08-18 18:00:00+00:00,BTC,BUY,17.951706018118784,0.017951706018118786,0.15,S3_TREND
2026-08-18 18:00:00+00:00,ETH,BUY,32.17915507357429,0.03217915507357429,0.15,S3_TREND
2026-08-18 18:00:00+00:00,SOL,BUY,15.525862601678455,0.015525862601678455,0.15,S3_TREND
2026-08-18 19:00:00+00:00,BTC,SELL,2.8315002829713194,0.0028315002829713194,0.15,S3_TREND
2026-08-18 19:00:00+00:00,ETH,SELL,18.42978248014697,0.01842978248014697,0.15,S3_TREND
2026-08-18 19:00:00+00:00,SOL,SELL,46.55305854620747,0.04655305854620747,0.15,S3_TREND
2026-08-18 20:00:00+00:00,BTC,BUY,17.230550623111412,0.017230550623111414,0.15,S3_TREND
2026-08-18 20:00:00+00:00,ETH,BUY,13.779183035612732,0.013779183035612732,0.15,S3_TREND
2026-08-18 20:00:00+00:00,SOL,BUY,4.350213719928433,0.004350213719928433,0.15,S3_TREND
2026-08-18 21:00:00+00:00,BTC,BUY,2.9137507405921497,0.0029137507405921498,0.15,S3_TREND
2026-08-18 21:00:00+00:00,ETH,SELL,7.915532358580095,0.007915532358580096,0.15,S3_TREND
2026-08-18 21:00:00+00:00,SOL,BUY,40.98719633001019,0.040987196330010196,0.15,S3_TREND
2026-08-18 22:00:00+00:00,BTC,SELL,1.9039199667895446,0.0019039199667895447,0.15,S3_TREND
2026-08-18 22:00:00+00:00,ETH,BUY,8.39206394802568,0.00839206394802568,0.15,S3_TREND
2026-08-18 22:00:00+00:00,SOL,SELL,16.59068485798889,0.01659068485798889,0.15,S3_TREND
2026-08-18 23:00:00+00:00,BTC,SELL,5.26924975512884,0.00526924975512884,0.15,S3_TREND
2026-08-18 23:00:00+00:00,ETH,SELL,7.666793525077082,0.0076667935250770815,0.15,S3_TREND
2026-08-18 23:00:00+00:00,SOL,BUY,9.661994464389863,0.009661994464389864,0.15,S3_TREND
2026-08-19 00:00:00+00:00,BTC,SELL,8.924937466737902,0.008924937466737901,0.15,S3_TREND
2026-08-19 00:00:00+00:00,ETH,SELL,21.10064876816614,0.021100648768166138,0.15,S3_TREND
2026-08-19 00:00:00+00:00,SOL,SELL,7.37214706587838,0.00737214706587838,0.15,S3_TREND
2026-08-19 01:00:00+00:00,BTC,BUY,34.27078149576846,0.03427078149576846,0.15,S3_TREND
2026-08-19 01:00:00+00:00,ETH,BUY,14.48770725382019,0.01448770725382019,0.15,S3_TREND
2026-08-19 01:00:00+00:00,SOL,BUY,7.475732047309066,0.007475732047309066,0.15,S3_TREND
2026-08-19 02:00:00+00:00,BTC,BUY,12.4815600357324,0.0124815600357324,0.15,S3_TREND
2026-08-19 02:00:00+00:00,ETH,SELL,6.2811874162034655,0.0062811874162034655,0.15,S3_TREND
2026-08-19 02:00:00+00:00,SOL,BUY,15.221071338330148,0.015221071338330148,0.15,S3_TREND
2026-08-19 03:00:00+00:00,BTC,BUY,2.6037888914506766,0.002603788891450677,0.15,S3_TREND
2026-08-19 03:00:00+00:00,ETH,BUY,34.5421665128797,0.0345421665128797,0.15,S3_TREND
2026-08-19 03:00:00+00:00,SOL,SELL,9.34883478246229,0.009348834782462291,0.15,S3_TREND
2026-08-19 04:00:00+00:00,BTC,BUY,13.222648095137629,0.013222648095137629,0.15,S3_TREND
2026-08-19 04:00:00+00:00,ETH,SELL,22.630802522948215,0.022630802522948214,0.15,S3_TREND
2026-08-19 04:00:00+00:00,SOL,SELL,22.84740535367746,0.02284740535367746,0.15,S3_TREND
2026-08-19 05:00:00+00:00,BTC,SELL,2.233629369244227,0.0022336293692442268,0.15,S3_TREND
2026-08-19 05:00:00+00:00,ETH,BUY,3.9795451072968717,0.003979545107296872,0.15,S3_TREND
2026-08-19 05:00:00+00:00,SOL,BUY,17.532716868738135,0.017532716868738134,0.15,S3_TREND
2026-08-19 06:00:00+00:00,BTC,BUY,12.3976849123992,0.0123976849123992,0.15,S3_TREND
2026-08-19 06:00:00+00:00,SOL,BUY,4.342905791576413,0.004342905791576413,0.15,S3_TREND
2026-08-19 07:00:00+00:00,BTC,SELL,3.62207085697446,0.0036220708569744604,0.15,S3_TREND
2026-08-19 07:00:00+00:00,ETH,SELL,34.30125583487825,0.034301255834878246,0.15,S3_TREND
2026-08-19 07:00:00+00:00,SOL,SELL,29.258399710048252,0.029258399710048254,0.15,S3_TREND
2026-08-19 08:00:00+00:00,BTC,BUY,2.9293485212965606,0.0029293485212965606,0.15,S3_TREND
2026-08-19 08:00:00+00:00,ETH,BUY,5.218796538289098,0.005218796538289098,0.15,S3_TREND
2026-08-19 08:00:00+00:00,SOL,BUY,14.771625608480463,0.014771625608480462,0.15,S3_TREND
2026-08-19 09:00:00+00:00,BTC,SELL,3.9171962562431872,0.003917196256243188,0.15,S3_TREND
2026-08-19 09:00:00+00:00,ETH,SELL,17.985933227662827,0.017985933227662825,0.15,S3_TREND
2026-08-19 09:00:00+00:00,SOL,SELL,54.616087379676166,0.054616087379676166,0.15,S3_TREND
2026-08-19 10:00:00+00:00,BTC,SELL,6.272047801987355,0.006272047801987355,0.15,S3_TREND
2026-08-19 10:00:00+00:00,ETH,BUY,12.115189259042381,0.012115189259042381,0.15,S3_TREND
2026-08-19 10:00:00+00:00,SOL,BUY,6.973306314668662,0.006973306314668662,0.15,S3_TREND
2026-08-19 11:00:00+00:00,BTC,SELL,2.998213159460647,0.0029982131594606474,0.15,S3_TREND
2026-08-19 11:00:00+00:00,ETH,SELL,3.3295609494580276,0.0033295609494580275,0.15,S3_TREND
2026-08-19 11:00:00+00:00,SOL,SELL,5.521196292798777,0.005521196292798777,0.15,S3_TREND
2026-08-19 12:00:00+00:00,BTC,SELL,3.32502703328646,0.0033250270332864603,0.15,S3_TREND
2026-08-19 12:00:00+00:00,ETH,SELL,10.899318339177626,0.010899318339177625,0.15,S3_TREND
2026-08-19 12:00:00+00:00,SOL,SELL,18.934978279194183,0.018934978279194183,0.15,S3_TREND
2026-08-19 13:00:00+00:00,BTC,SELL,27.655542013333616,0.027655542013333617,0.15,S3_TREND
2026-08-19 13:00:00+00:00,ETH,SELL,50.35704207453273,0.05035704207453273,0.15,S3_TREND
2026-08-19 13:00:00+00:00,SOL,SELL,102.64223832334027,0.10264223832334027,0.15,S3_TREND
2026-08-19 14:00:00+00:00,BTC,SELL,27.687086813033602,0.027687086813033602,0.15,S3_TREND
2026-08-19 14:00:00+00:00,ETH,BUY,29.692281341645867,0.02969228134164587,0.15,S3_TREND
2026-08-19 15:00:00+00:00,BTC,SELL,57.38528258948827,0.05738528258948827,0.15,S3_TREND
2026-08-19 15:00:00+00:00,ETH,SELL,131.9813242482578,0.13198132424825781,0.15,S3_TREND
2026-08-19 15:00:00+00:00,SOL,SELL,298.9350642030204,0.2989350642030204,0.15,S3_TREND
2026-08-19 16:00:00+00:00,BTC,SELL,321.4882343068293,0.3214882343068293,0.15,S3_TREND
2026-08-19 16:00:00+00:00,ETH,SELL,576.170077882758,0.5761700778827581,0.15,S3_TREND
2026-08-19 16:00:00+00:00,SOL,BUY,68.3240348722502,0.0683240348722502,0.15,S3_TREND
2026-08-19 17:00:00+00:00,BTC,BUY,12.539900734072944,0.012539900734072944,0.15,S3_TREND
2026-08-19 17:00:00+00:00,ETH,SELL,30.386007330545908,0.03038600733054591,0.15,S3_TREND
2026-08-19 17:00:00+00:00,SOL,BUY,37.0948018052095,0.0370948018052095,0.15,S3_TREND
2026-08-19 18:00:00+00:00,BTC,BUY,49.64116237162489,0.049641162371624886,0.15,S3_TREND
2026-08-19 18:00:00+00:00,ETH,SELL,14.795033785298074,0.014795033785298074,0.15,S3_TREND
2026-08-19 18:00:00+00:00,SOL,SELL,16.882920653040856,0.016882920653040857,0.15,S3_TREND
2026-08-19 19:00:00+00:00,BTC,SELL,17.76262908969511,0.01776262908969511,0.15,S3_TREND
2026-08-19 19:00:00+00:00,ETH,BUY,16.90978197768891,0.016909781977688908,0.15,S3_TREND
2026-08-19 19:00:00+00:00,SOL,SELL,82.97997941076572,0.08297997941076572,0.15,S3_TREND
2026-08-19 20:00:00+00:00,BTC,BUY,6.8356000219682755,0.006835600021968276,0.15,S3_TREND
2026-08-19 20:00:00+00:00,ETH,SELL,53.734291027201834,0.053734291027201835,0.15,S3_TREND
2026-08-19 20:00:00+00:00,SOL,SELL,3.306775596633088,0.003306775596633088,0.15,S3_TREND
2026-08-19 21:00:00+00:00,BTC,BUY,42.743410147635586,0.04274341014763559,0.15,S3_TREND
2026-08-19 21:00:00+00:00,ETH,SELL,602.7445836681054,0.6027445836681055,0.15,S3_TREND
2026-08-19 21:00:00+00:00,SOL,SELL,59.94318586362169,0.05994318586362169,0.15,S3_TREND
2026-08-19 22:00:00+00:00,BTC,BUY,23.641632163669783,0.023641632163669782,0.15,S3_TREND
2026-08-19 22:00:00+00:00,ETH,SELL,273.5975484570208,0.27359754845702083,0.15,S3_TREND
2026-08-19 22:00:00+00:00,SOL,SELL,334.1278663966568,0.3341278663966568,0.15,S3_TREND
2026-08-19 23:00:00+00:00,BTC,BUY,16.219581287423352,0.016219581287423353,0.15,S3_TREND
2026-08-19 23:00:00+00:00,ETH,BUY,148.99379278596462,0.1489937927859646,0.15,S3_TREND
2026-08-19 23:00:00+00:00,SOL,BUY,113.60374736421363,0.11360374736421364,0.15,S3_TREND
2026-08-20 00:00:00+00:00,BTC,SELL,13.119554590957705,0.013119554590957705,0.15,S3_TREND
2026-08-20 00:00:00+00:00,ETH,SELL,15.300012462539598,0.015300012462539599,0.15,S3_TREND
2026-08-20 00:00:00+00:00,SOL,BUY,19.103432080832135,0.019103432080832136,0.15,S3_TREND
2026-08-20 01:00:00+00:00,BTC,SELL,15.434570545559836,0.015434570545559837,0.15,S3_TREND
2026-08-20 01:00:00+00:00,ETH,SELL,57.50029614768755,0.05750029614768755,0.15,S3_TREND
2026-08-20 01:00:00+00:00,SOL,BUY,65.36394408862179,0.0653639440886218,0.15,S3_TREND
2026-08-20 02:00:00+00:00,BTC,SELL,39.4137369380951,0.0394137369380951,0.15,S3_TREND
2026-08-20 02:00:00+00:00,ETH,SELL,5.330236006013365,0.0053302360060133655,0.15,S3_TREND
2026-08-20 02:00:00+00:00,SOL,SELL,37.786187009349305,0.037786187009349305,0.15,S3_TREND
2026-08-20 03:00:00+00:00,BTC,BUY,44.10915472622946,0.04410915472622946,0.15,S3_TREND
2026-08-20 03:00:00+00:00,ETH,BUY,51.0546434048174,0.0510546434048174,0.15,S3_TREND
2026-08-20 03:00:00+00:00,SOL,BUY,58.28898660786581,0.05828898660786581,0.15,S3_TREND
2026-08-20 04:00:00+00:00,BTC,BUY,10.460781012388907,0.010460781012388906,0.15,S3_TREND
2026-08-20 04:00:00+00:00,ETH,SELL,6.969860591583711,0.0069698605915837104,0.15,S3_TREND
2026-08-20 04:00:00+00:00,SOL,BUY,37.41354898680038,0.03741354898680038,0.15,S3_TREND
2026-08-20 05:00:00+00:00,BTC,SELL,43.510801223210365,0.04351080122321037,0.15,S3_TREND
2026-08-20 05:00:00+00:00,ETH,BUY,23.228280999062918,0.02322828099906292,0.15,S3_TREND
2026-08-20 05:00:00+00:00,SOL,SELL,43.20461138862447,0.04320461138862447,0.15,S3_TREND
2026-08-20 06:00:00+00:00,BTC,BUY,16.05121261974091,0.01605121261974091,0.15,S3_TREND
2026-08-20 06:00:00+00:00,ETH,BUY,10.633078750142886,0.010633078750142886,0.15,S3_TREND
2026-08-20 06:00:00+00:00,SOL,SELL,21.539978107526622,0.02153997810752662,0.15,S3_TREND
2026-08-20 07:00:00+00:00,BTC,SELL,39.79461640910267,0.03979461640910267,0.15,S3_TREND
2026-08-20 07:00:00+00:00,ETH,SELL,39.666516270857755,0.03966651627085776,0.15,S3_TREND
2026-08-20 07:00:00+00:00,SOL,SELL,109.1785639909649,0.1091785639909649,0.15,S3_TREND
2026-08-20 08:00:00+00:00,BTC,BUY,2.002860836315449,0.002002860836315449,0.15,S3_TREND
2026-08-20 08:00:00+00:00,ETH,BUY,63.842036634221586,0.06384203663422158,0.15,S3_TREND
2026-08-20 08:00:00+00:00,SOL,SELL,46.76388346008207,0.04676388346008207,0.15,S3_TREND
2026-08-20 09:00:00+00:00,BTC,SELL,245.86462582833883,0.24586462582833885,0.15,S3_TREND
2026-08-20 09:00:00+00:00,ETH,SELL,76.0118428423393,0.0760118428423393,0.15,S3_TREND
2026-08-20 09:00:00+00:00,SOL,SELL,106.58969371353487,0.10658969371353487,0.15,S3_TREND
2026-08-20 10:00:00+00:00,BTC,SELL,41.27740615906987,0.04127740615906987,0.15,S3_TREND
2026-08-20 10:00:00+00:00,ETH,BUY,21.765433888640473,0.021765433888640474,0.15,S3_TREND
2026-08-20 10:00:00+00:00,SOL,BUY,24.74084977905295,0.024740849779052953,0.15,S3_TREND
2026-08-20 11:00:00+00:00,BTC,SELL,24.63348183358903,0.02463348183358903,0.15,S3_TREND
2026-08-20 11:00:00+00:00,ETH,SELL,36.56449916209385,0.03656449916209385,0.15,S3_TREND
2026-08-20 12:00:00+00:00,BTC,BUY,14.839651156222317,0.014839651156222317,0.15,S3_TREND
2026-08-20 12:00:00+00:00,ETH,SELL,59.35166635362839,0.05935166635362839,0.15,S3_TREND
2026-08-20 12:00:00+00:00,SOL,BUY,40.72145618582363,0.04072145618582363,0.15,S3_TREND
2026-08-20 13:00:00+00:00,BTC,SELL,13.956491264905708,0.013956491264905708,0.15,S3_TREND
2026-08-20 13:00:00+00:00,ETH,BUY,30.900127761506155,0.030900127761506156,0.15,S3_TREND
2026-08-20 13:00:00+00:00,SOL,BUY,15.793806390438476,0.015793806390438477,0.15,S3_TREND
2026-08-20 14:00:00+00:00,BTC,BUY,19.49712558184183,0.01949712558184183,0.15,S3_TREND
2026-08-20 14:00:00+00:00,ETH,BUY,51.10783859573712,0.05110783859573712,0.15,S3_TREND
2026-08-20 14:00:00+00:00,SOL,BUY,48.46128960588612,0.048461289605886124,0.15,S3_TREND
2026-08-20 15:00:00+00:00,BTC,SELL,18.133536371813534,0.018133536371813534,0.15,S3_TREND
2026-08-20 15:00:00+00:00,ETH,SELL,18.368001402279333,0.018368001402279333,0.15,S3_TREND
2026-08-20 15:00:00+00:00,SOL,BUY,3.8889326669086586,0.003888932666908659,0.15,S3_TREND
2026-08-20 16:00:00+00:00,BTC,SELL,47.90359955772146,0.047903599557721464,0.15,S3_TREND
2026-08-20 16:00:00+00:00,ETH,SELL,203.43626569806656,0.20343626569806655,0.15,S3_TREND
2026-08-20 16:00:00+00:00,SOL,SELL,45.16214308509734,0.04516214308509734,0.15,S3_TREND
2026-08-20 17:00:00+00:00,BTC,SELL,35.58648470754997,0.03558648470754997,0.15,S3_TREND
2026-08-20 17:00:00+00:00,ETH,SELL,74.82552864382524,0.07482552864382525,0.15,S3_TREND
2026-08-20 17:00:00+00:00,SOL,SELL,27.054229144838246,0.027054229144838245,0.15,S3_TREND
2026-08-20 18:00:00+00:00,BTC,BUY,10.167936711579387,0.010167936711579386,0.15,S3_TREND
2026-08-20 18:00:00+00:00,ETH,SELL,8.218706010584356,0.008218706010584356,0.15,S3_TREND
2026-08-20 18:00:00+00:00,SOL,BUY,33.2568145390851,0.0332568145390851,0.15,S3_TREND
2026-08-20 19:00:00+00:00,BTC,BUY,10.072489382202548,0.010072489382202548,0.15,S3_TREND
2026-08-20 19:00:00+00:00,ETH,BUY,121.25274637798248,0.12125274637798247,0.15,S3_TREND
2026-08-20 19:00:00+00:00,SOL,BUY,55.002539880346376,0.055002539880346375,0.15,S3_TREND
2026-08-20 20:00:00+00:00,BTC,SELL,25.549007461022484,0.025549007461022483,0.15,S3_TREND
2026-08-20 20:00:00+00:00,ETH,SELL,20.034058903034747,0.020034058903034748,0.15,S3_TREND
2026-08-20 20:00:00+00:00,SOL,SELL,50.268456571457136,0.050268456571457135,0.15,S3_TREND
2026-08-20 21:00:00+00:00,BTC,BUY,5.045950481789987,0.005045950481789987,0.15,S3_TREND
2026-08-20 21:00:00+00:00,ETH,BUY,33.59367493819809,0.03359367493819809,0.15,S3_TREND
2026-08-20 21:00:00+00:00,SOL,SELL,43.39356941403457,0.04339356941403458,0.15,S3_TREND
2026-08-20 22:00:00+00:00,BTC,SELL,13.859911286370334,0.013859911286370334,0.15,S3_TREND
2026-08-20 22:00:00+00:00,ETH,SELL,1.368164058058028,0.001368164058058028,0.15,S3_TREND
2026-08-20 22:00:00+00:00,SOL,BUY,14.908250762253374,0.014908250762253375,0.15,S3_TREND
2026-08-20 23:00:00+00:00,ETH,BUY,14.60242313524941,0.01460242313524941,0.15,S3_TREND
2026-08-20 23:00:00+00:00,SOL,BUY,31.829292713286122,0.03182929271328612,0.15,S3_TREND
2026-08-21 00:00:00+00:00,BTC,SELL,36.91200376317465,0.036912003763174654,0.15,S3_TREND
2026-08-21 00:00:00+00:00,ETH,SELL,44.916032213255676,0.04491603221325568,0.15,S3_TREND
2026-08-21 00:00:00+00:00,SOL,SELL,37.01848948744555,0.03701848948744555,0.15,S3_TREND
2026-08-21 01:00:00+00:00,BTC,SELL,87.24228263061195,0.08724228263061196,0.15,S3_TREND
2026-08-21 01:00:00+00:00,ETH,SELL,39.359236481339394,0.0393592364813394,0.15,S3_TREND
2026-08-21 01:00:00+00:00,SOL,SELL,48.107462467285586,0.04810746246728559,0.15,S3_TREND
2026-08-21 02:00:00+00:00,BTC,SELL,201.42719363144536,0.20142719363144537,0.15,S3_TREND
2026-08-21 02:00:00+00:00,ETH,SELL,36.55844670917577,0.03655844670917577,0.15,S3_TREND
2026-08-21 02:00:00+00:00,SOL,SELL,49.852036727852465,0.04985203672785247,0.15,S3_TREND
2026-08-21 03:00:00+00:00,BTC,BUY,107.29485402559658,0.10729485402559658,0.15,S3_TREND
2026-08-21 03:00:00+00:00,ETH,BUY,57.61673032748331,0.05761673032748331,0.15,S3_TREND
2026-08-21 03:00:00+00:00,SOL,SELL,67.60124720717977,0.06760124720717976,0.15,S3_TREND
2026-08-21 04:00:00+00:00,BTC,SELL,19.895466237308938,0.019895466237308937,0.15,S3_TREND
2026-08-21 04:00:00+00:00,ETH,BUY,23.18370063173279,0.023183700631732793,0.15,S3_TREND
2026-08-21 04:00:00+00:00,SOL,BUY,18.47711744756998,0.018477117447569982,0.15,S3_TREND
2026-08-21 05:00:00+00:00,BTC,SELL,64.52304913414446,0.06452304913414446,0.15,S3_TREND
2026-08-21 05:00:00+00:00,ETH,SELL,47.059976555930916,0.047059976555930916,0.15,S3_TREND
2026-08-21 05:00:00+00:00,SOL,SELL,21.03321166803653,0.02103321166803653,0.15,S3_TREND
2026-08-21 06:00:00+00:00,BTC,SELL,36.653087634580515,0.036653087634580514,0.15,S3_TREND
2026-08-21 06:00:00+00:00,ETH,SELL,36.472899268961555,0.03647289926896156,0.15,S3_TREND
2026-08-21 06:00:00+00:00,SOL,SELL,111.26528680420053,0.11126528680420053,0.15,S3_TREND
2026-08-21 07:00:00+00:00,BTC,SELL,29.732115404804063,0.02973211540480406,0.15,S3_TREND
2026-08-21 07:00:00+00:00,ETH,SELL,21.17583268852104,0.02117583268852104,0.15,S3_TREND
2026-08-21 07:00:00+00:00,SOL,BUY,36.3137493062186,0.0363137493062186,0.15,S3_TREND
2026-08-21 08:00:00+00:00,BTC,SELL,105.67129198982548,0.10567129198982547,0.15,S3_TREND
2026-08-21 08:00:00+00:00,ETH,BUY,27.621055186269587,0.02762105518626959,0.15,S3_TREND
2026-08-21 08:00:00+00:00,SOL,SELL,4.975137890607584,0.004975137890607584,0.15,S3_TREND
2026-08-21 09:00:00+00:00,BTC,SELL,345.12432055590403,0.34512432055590403,0.15,S3_TREND
2026-08-21 09:00:00+00:00,ETH,SELL,226.741253082253,0.226741253082253,0.15,S3_TREND
2026-08-21 09:00:00+00:00,SOL,SELL,242.1226861658124,0.24212268616581242,0.15,S3_TREND
2026-08-21 10:00:00+00:00,BTC,BUY,139.78006274694417,0.13978006274694418,0.15,S3_TREND
2026-08-21 10:00:00+00:00,ETH,BUY,131.55945895400146,0.13155945895400145,0.15,S3_TREND
2026-08-21 10:00:00+00:00,SOL,BUY,143.66482624709352,0.1436648262470935,0.15,S3_TREND
2026-08-21 11:00:00+00:00,BTC,BUY,3.5757814597000106,0.003575781459700011,0.15,S3_TREND
2026-08-21 11:00:00+00:00,ETH,BUY,37.839516666037525,0.03783951666603753,0.15,S3_TREND
2026-08-21 11:00:00+00:00,SOL,BUY,15.106878182201399,0.015106878182201399,0.15,S3_TREND
2026-08-21 12:00:00+00:00,BTC,BUY,123.89623623066109,0.1238962362306611,0.15,S3_TREND
2026-08-21 12:00:00+00:00,ETH,BUY,70.61325146776107,0.07061325146776108,0.15,S3_TREND
2026-08-21 12:00:00+00:00,SOL,BUY,107.95095394287637,0.10795095394287638,0.15,S3_TREND
2026-08-21 13:00:00+00:00,BTC,SELL,50.599043217951476,0.05059904321795148,0.15,S3_TREND
2026-08-21 13:00:00+00:00,ETH,SELL,67.01208853549178,0.06701208853549179,0.15,S3_TREND
2026-08-21 13:00:00+00:00,SOL,SELL,48.960888872967196,0.0489608888729672,0.15,S3_TREND
2026-08-21 14:00:00+00:00,BTC,SELL,3.3098515501533257,0.0033098515501533256,0.15,S3_TREND
2026-08-21 14:00:00+00:00,ETH,BUY,10.913930596592763,0.010913930596592764,0.15,S3_TREND
2026-08-21 14:00:00+00:00,SOL,SELL,25.858346877077565,0.025858346877077564,0.15,S3_TREND
2026-08-21 15:00:00+00:00,BTC,BUY,6.127696500021557,0.006127696500021557,0.15,S3_TREND
2026-08-21 15:00:00+00:00,ETH,SELL,8.555020630648869,0.00855502063064887,0.15,S3_TREND
2026-08-21 15:00:00+00:00,SOL,SELL,102.44720406292072,0.10244720406292072,0.15,S3_TREND
2026-08-21 16:00:00+00:00,BTC,BUY,14.046209480045945,0.014046209480045946,0.15,S3_TREND
2026-08-21 16:00:00+00:00,ETH,SELL,16.806527299371737,0.016806527299371737,0.15,S3_TREND
2026-08-21 16:00:00+00:00,SOL,BUY,64.94547995646462,0.06494547995646463,0.15,S3_TREND
2026-08-21 17:00:00+00:00,BTC,SELL,25.17929227299282,0.025179292272992822,0.15,S3_TREND
2026-08-21 17:00:00+00:00,ETH,SELL,50.71749028881822,0.05071749028881822,0.15,S3_TREND
2026-08-21 17:00:00+00:00,SOL,SELL,16.722846255994227,0.01672284625599423,0.15,S3_TREND
2026-08-21 18:00:00+00:00,BTC,BUY,35.45940118202998,0.035459401182029976,0.15,S3_TREND
2026-08-21 18:00:00+00:00,ETH,SELL,90.61685526507245,0.09061685526507245,0.15,S3_TREND
2026-08-21 18:00:00+00:00,SOL,SELL,9.730651582700375,0.009730651582700376,0.15,S3_TREND
2026-08-21 19:00:00+00:00,BTC,BUY,31.602122511370908,0.03160212251137091,0.15,S3_TREND
2026-08-21 19:00:00+00:00,ETH,BUY,2.098192426838068,0.002098192426838068,0.15,S3_TREND
2026-08-21 19:00:00+00:00,SOL,BUY,23.125073911316576,0.023125073911316577,0.15,S3_TREND
2026-08-21 20:00:00+00:00,BTC,SELL,2.050084195632735,0.002050084195632735,0.15,S3_TREND
2026-08-21 20:00:00+00:00,ETH,BUY,19.35153205906863,0.019351532059068633,0.15,S3_TREND
2026-08-21 20:00:00+00:00,SOL,BUY,72.33861614467969,0.0723386161446797,0.15,S3_TREND
2026-08-21 21:00:00+00:00,BTC,SELL,32.855913636656624,0.032855913636656624,0.15,S3_TREND
2026-08-21 21:00:00+00:00,ETH,SELL,106.89866717551558,0.10689866717551559,0.15,S3_TREND
2026-08-21 21:00:00+00:00,SOL,SELL,84.72242237166392,0.08472242237166393,0.15,S3_TREND
2026-08-21 22:00:00+00:00,BTC,SELL,48.79470437752025,0.048794704377520245,0.15,S3_TREND
2026-08-21 22:00:00+00:00,ETH,SELL,298.70228349064746,0.2987022834906475,0.15,S3_TREND
2026-08-21 22:00:00+00:00,SOL,SELL,163.7126731768003,0.1637126731768003,0.15,S3_TREND
2026-08-21 23:00:00+00:00,BTC,BUY,28.302088585825913,0.028302088585825915,0.15,S3_TREND
2026-08-21 23:00:00+00:00,ETH,SELL,31.59636858774502,0.03159636858774502,0.15,S3_TREND
2026-08-21 23:00:00+00:00,SOL,SELL,69.56699526828015,0.06956699526828015,0.15,S3_TREND
2026-08-22 00:00:00+00:00,BTC,BUY,1.002760418354228,0.001002760418354228,0.15,S3_TREND
2026-08-22 00:00:00+00:00,ETH,BUY,10.827897620340082,0.010827897620340083,0.15,S3_TREND
2026-08-22 00:00:00+00:00,SOL,BUY,69.77012889262005,0.06977012889262005,0.15,S3_TREND
2026-08-22 01:00:00+00:00,BTC,BUY,71.9049005883353,0.07190490058833529,0.15,S3_TREND
2026-08-22 01:00:00+00:00,ETH,SELL,37.90303468989987,0.03790303468989987,0.15,S3_TREND
2026-08-22 01:00:00+00:00,SOL,SELL,28.604093033092795,0.028604093033092796,0.15,S3_TREND
2026-08-22 02:00:00+00:00,BTC,BUY,1.5643956854692078,0.0015643956854692078,0.15,S3_TREND
2026-08-22 02:00:00+00:00,ETH,BUY,69.46117092064196,0.06946117092064197,0.15,S3_TREND
2026-08-22 02:00:00+00:00,SOL,BUY,9.762105154684832,0.009762105154684833,0.15,S3_TREND
2026-08-22 03:00:00+00:00,BTC,SELL,49.66006906473376,0.04966006906473376,0.15,S3_TREND
2026-08-22 03:00:00+00:00,ETH,BUY,19.29373659246994,0.01929373659246994,0.15,S3_TREND
2026-08-22 03:00:00+00:00,SOL,SELL,237.53229245205333,0.23753229245205332,0.15,S3_TREND
2026-08-22 04:00:00+00:00,BTC,BUY,35.96284442975957,0.03596284442975957,0.15,S3_TREND
2026-08-22 04:00:00+00:00,ETH,BUY,30.406039087145473,0.030406039087145474,0.15,S3_TREND
2026-08-22 04:00:00+00:00,SOL,SELL,157.18578378200618,0.15718578378200618,0.15,S3_TREND
2026-08-22 05:00:00+00:00,BTC,BUY,44.254185337238596,0.0442541853372386,0.15,S3_TREND
2026-08-22 05:00:00+00:00,ETH,BUY,59.321713126541,0.059321713126541,0.15,S3_TREND
2026-08-22 05:00:00+00:00,SOL,SELL,307.51740205720307,0.30751740205720307,0.15,S3_TREND
2026-08-22 06:00:00+00:00,BTC,SELL,1.1637576892917423,0.0011637576892917422,0.15,S3_TREND
2026-08-22 06:00:00+00:00,ETH,BUY,236.11796955737555,0.23611796955737555,0.15,S3_TREND
2026-08-22 06:00:00+00:00,SOL,BUY,536.1872249715561,0.5361872249715561,0.15,S3_TREND
2026-08-22 07:00:00+00:00,BTC,SELL,17.397215158540348,0.017397215158540348,0.15,S3_TREND
2026-08-22 07:00:00+00:00,ETH,BUY,15.9976461647002,0.0159976461647002,0.15,S3_TREND
2026-08-22 07:00:00+00:00,SOL,SELL,9.781511682213022,0.009781511682213022,0.15,S3_TREND
2026-08-22 08:00:00+00:00,BTC,BUY,31.565931588640524,0.031565931588640524,0.15,S3_TREND
2026-08-22 08:00:00+00:00,ETH,BUY,21.045609389933816,0.021045609389933818,0.15,S3_TREND
2026-08-22 08:00:00+00:00,SOL,SELL,29.86282243371534,0.029862822433715342,0.15,S3_TREND
2026-08-22 09:00:00+00:00,BTC,SELL,2.6010321639423637,0.0026010321639423637,0.15,S3_TREND
2026-08-22 09:00:00+00:00,ETH,BUY,28.574173387267365,0.028574173387267365,0.15,S3_TREND
2026-08-22 09:00:00+00:00,SOL,BUY,38.91843555016203,0.03891843555016203,0.15,S3_TREND
2026-08-22 10:00:00+00:00,BTC,BUY,16.50805164083613,0.01650805164083613,0.15,S3_TREND
2026-08-22 10:00:00+00:00,ETH,BUY,11.263721725341384,0.011263721725341383,0.15,S3_TREND
2026-08-22 10:00:00+00:00,SOL,BUY,16.343269381502978,0.01634326938150298,0.15,S3_TREND
2026-08-22 11:00:00+00:00,BTC,SELL,19.02522293576476,0.01902522293576476,0.15,S3_TREND
2026-08-22 11:00:00+00:00,ETH,BUY,20.76446640609538,0.020764466406095382,0.15,S3_TREND
2026-08-22 11:00:00+00:00,SOL,BUY,128.65870656253173,0.12865870656253173,0.15,S3_TREND
2026-08-22 12:00:00+00:00,BTC,SELL,5.0958591370763315,0.0050958591370763315,0.15,S3_TREND
2026-08-22 12:00:00+00:00,ETH,SELL,44.11700675845531,0.04411700675845531,0.15,S3_TREND
2026-08-22 12:00:00+00:00,SOL,SELL,40.80859432101897,0.04080859432101897,0.15,S3_TREND
2026-08-22 13:00:00+00:00,BTC,SELL,11.110720149494227,0.011110720149494227,0.15,S3_TREND
2026-08-22 13:00:00+00:00,ETH,SELL,4.014116092736003,0.004014116092736004,0.15,S3_TREND
2026-08-22 13:00:00+00:00,SOL,SELL,64.18236422352493,0.06418236422352493,0.15,S3_TREND
2026-08-22 14:00:00+00:00,BTC,BUY,10.585758941755557,0.010585758941755558,0.15,S3_TREND
2026-08-22 14:00:00+00:00,ETH,SELL,3.7540963855408336,0.003754096385540834,0.15,S3_TREND
2026-08-22 14:00:00+00:00,SOL,SELL,37.52356503559531,0.03752356503559531,0.15,S3_TREND
2026-08-22 15:00:00+00:00,BTC,BUY,11.135020091753177,0.011135020091753177,0.15,S3_TREND
2026-08-22 15:00:00+00:00,ETH,BUY,55.12925114365862,0.055129251143658624,0.15,S3_TREND
2026-08-22 15:00:00+00:00,SOL,BUY,93.64480372171238,0.09364480372171238,0.15,S3_TREND
2026-08-22 16:00:00+00:00,BTC,SELL,2.8183180109936075,0.0028183180109936077,0.15,S3_TREND
2026-08-22 16:00:00+00:00,ETH,BUY,11.061967877480129,0.01106196787748013,0.15,S3_TREND
2026-08-22 16:00:00+00:00,SOL,BUY,19.408568201710295,0.019408568201710295,0.15,S3_TREND
2026-08-22 17:00:00+00:00,BTC,SELL,11.09091008876021,0.011090910088760212,0.15,S3_TREND
2026-08-22 17:00:00+00:00,ETH,SELL,23.778157535713035,0.023778157535713034,0.15,S3_TREND
2026-08-22 17:00:00+00:00,SOL,SELL,142.4447135597493,0.1424447135597493,0.15,S3_TREND
2026-08-22 18:00:00+00:00,BTC,BUY,4.7623172823314235,0.004762317282331423,0.15,S3_TREND
2026-08-22 18:00:00+00:00,ETH,SELL,19.773606927876244,0.019773606927876244,0.15,S3_TREND
2026-08-22 18:00:00+00:00,SOL,BUY,4.416084029006015,0.004416084029006015,0.15,S3_TREND
2026-08-22 19:00:00+00:00,BTC,BUY,8.509494542022367,0.008509494542022367,0.15,S3_TREND
2026-08-22 19:00:00+00:00,SOL,SELL,25.291665531076433,0.025291665531076434,0.15,S3_TREND
2026-08-22 20:00:00+00:00,BTC,SELL,14.237066802757909,0.014237066802757908,0.15,S3_TREND
2026-08-22 20:00:00+00:00,ETH,SELL,58.81481160642761,0.05881481160642761,0.15,S3_TREND
2026-08-22 20:00:00+00:00,SOL,BUY,11.884694864113044,0.011884694864113044,0.15,S3_TREND
2026-08-22 21:00:00+00:00,BTC,BUY,8.3317271349988,0.008331727134998801,0.15,S3_TREND
2026-08-22 21:00:00+00:00,ETH,BUY,34.07104117997551,0.03407104117997551,0.15,S3_TREND
2026-08-22 21:00:00+00:00,SOL,BUY,2.025139161556581,0.0020251391615565806,0.15,S3_TREND
2026-08-22 22:00:00+00:00,BTC,BUY,14.87095004056573,0.01487095004056573,0.15,S3_TREND
2026-08-22 22:00:00+00:00,ETH,BUY,75.70844151458186,0.07570844151458186,0.15,S3_TREND
2026-08-22 22:00:00+00:00,SOL,BUY,175.9943845661328,0.1759943845661328,0.15,S3_TREND
2026-08-22 23:00:00+00:00,BTC,BUY,2.000246367753789,0.002000246367753789,0.15,S3_TREND
2026-08-22 23:00:00+00:00,ETH,SELL,11.444378757978484,0.011444378757978484,0.15,S3_TREND
2026-08-22 23:00:00+00:00,SOL,SELL,98.16888689584812,0.09816888689584811,0.15,S3_TREND
2026-08-23 00:00:00+00:00,ETH,SELL,36.779923572798,0.036779923572797996,0.15,S3_TREND
2026-08-23 00:00:00+00:00,SOL,SELL,18.27797390591877,0.01827797390591877,0.15,S3_TREND
2026-08-23 01:00:00+00:00,BTC,BUY,30.516514169088623,0.030516514169088623,0.15,S3_TREND
2026-08-23 01:00:00+00:00,ETH,BUY,23.046518520157406,0.023046518520157405,0.15,S3_TREND
2026-08-23 01:00:00+00:00,SOL,SELL,325.6735378160938,0.3256735378160938,0.15,S3_TREND
2026-08-23 02:00:00+00:00,BTC,BUY,2.9236074454165646,0.0029236074454165647,0.15,S3_TREND
2026-08-23 02:00:00+00:00,ETH,BUY,28.47075020407101,0.02847075020407101,0.15,S3_TREND
2026-08-23 02:00:00+00:00,SOL,BUY,36.94466069614282,0.03694466069614282,0.15,S3_TREND
2026-08-23 03:00:00+00:00,BTC,SELL,13.233798507801112,0.013233798507801112,0.15,S3_TREND
2026-08-23 03:00:00+00:00,ETH,BUY,4.094158516596508,0.004094158516596508,0.15,S3_TREND
2026-08-23 03:00:00+00:00,SOL,BUY,135.96706441990318,0.1359670644199032,0.15,S3_TREND
2026-08-23 04:00:00+00:00,BTC,SELL,5.877618137919853,0.005877618137919854,0.15,S3_TREND
2026-08-23 04:00:00+00:00,ETH,SELL,16.77475205979863,0.01677475205979863,0.15,S3_TREND
2026-08-23 04:00:00+00:00,SOL,BUY,151.14959259309035,0.15114959259309035,0.15,S3_TREND
2026-08-23 05:00:00+00:00,BTC,SELL,6.697320229543038,0.006697320229543039,0.15,S3_TREND
2026-08-23 05:00:00+00:00,ETH,BUY,147.26828202891556,0.14726828202891556,0.15,S3_TREND
2026-08-23 05:00:00+00:00,SOL,BUY,113.9499088379489,0.1139499088379489,0.15,S3_TREND
2026-08-23 06:00:00+00:00,BTC,BUY,78.24018691282436,0.07824018691282436,0.15,S3_TREND
2026-08-23 06:00:00+00:00,ETH,BUY,7.83519460133175,0.00783519460133175,0.15,S3_TREND
2026-08-23 06:00:00+00:00,SOL,BUY,14.049792092029747,0.014049792092029749,0.15,S3_TREND
2026-08-23 07:00:00+00:00,BTC,BUY,7.676412560831523,0.007676412560831522,0.15,S3_TREND
2026-08-23 07:00:00+00:00,ETH,SELL,89.3422699459079,0.08934226994590791,0.15,S3_TREND
2026-08-23 07:00:00+00:00,SOL,BUY,22.4911445201069,0.0224911445201069,0.15,S3_TREND
2026-08-23 08:00:00+00:00,BTC,BUY,19.37460741900395,0.01937460741900395,0.15,S3_TREND
2026-08-23 08:00:00+00:00,ETH,BUY,8.01960883952961,0.00801960883952961,0.15,S3_TREND
2026-08-23 08:00:00+00:00,SOL,SELL,34.76330441303071,0.03476330441303071,0.15,S3_TREND
2026-08-23 09:00:00+00:00,BTC,SELL,40.11630473505102,0.04011630473505102,0.15,S3_TREND
2026-08-23 09:00:00+00:00,ETH,SELL,91.76871472276615,0.09176871472276615,0.15,S3_TREND
2026-08-23 09:00:00+00:00,SOL,SELL,61.90743619117894,0.06190743619117894,0.15,S3_TREND
2026-08-23 10:00:00+00:00,BTC,SELL,8.759697268535092,0.008759697268535092,0.15,S3_TREND
2026-08-23 10:00:00+00:00,ETH,BUY,11.183766911690327,0.011183766911690327,0.15,S3_TREND
2026-08-23 10:00:00+00:00,SOL,SELL,15.524207222330006,0.015524207222330007,0.15,S3_TREND
2026-08-23 11:00:00+00:00,BTC,SELL,28.245491717259938,0.02824549171725994,0.15,S3_TREND
2026-08-23 11:00:00+00:00,ETH,SELL,6.028358552568534,0.006028358552568534,0.15,S3_TREND
2026-08-23 11:00:00+00:00,SOL,SELL,32.52334216729105,0.032523342167291046,0.15,S3_TREND
2026-08-23 12:00:00+00:00,BTC,SELL,45.088897541701954,0.04508889754170196,0.15,S3_TREND
2026-08-23 12:00:00+00:00,ETH,SELL,58.24034057470817,0.05824034057470817,0.15,S3_TREND
2026-08-23 12:00:00+00:00,SOL,SELL,99.67656921002889,0.09967656921002889,0.15,S3_TREND
2026-08-23 13:00:00+00:00,BTC,BUY,10.361594569223598,0.010361594569223599,0.15,S3_TREND
2026-08-23 13:00:00+00:00,ETH,BUY,30.61021132798851,0.03061021132798851,0.15,S3_TREND
2026-08-23 13:00:00+00:00,SOL,SELL,5.119303966264852,0.0051193039662648515,0.15,S3_TREND
2026-08-23 14:00:00+00:00,BTC,BUY,2.568902715567674,0.002568902715567674,0.15,S3_TREND
2026-08-23 14:00:00+00:00,ETH,SELL,143.42205546953846,0.14342205546953846,0.15,S3_TREND
2026-08-23 14:00:00+00:00,SOL,SELL,67.32870710508178,0.06732870710508178,0.15,S3_TREND
2026-08-23 15:00:00+00:00,BTC,BUY,23.126034311257172,0.023126034311257173,0.15,S3_TREND
2026-08-23 15:00:00+00:00,ETH,BUY,91.1926104977756,0.0911926104977756,0.15,S3_TREND
2026-08-23 15:00:00+00:00,SOL,BUY,13.545639903843039,0.013545639903843039,0.15,S3_TREND
2026-08-23 16:00:00+00:00,BTC,BUY,11.605884236309066,0.011605884236309066,0.15,S3_TREND
2026-08-23 16:00:00+00:00,ETH,BUY,7.923774592036352,0.007923774592036352,0.15,S3_TREND
2026-08-23 16:00:00+00:00,SOL,SELL,41.105463104066075,0.04110546310406608,0.15,S3_TREND
2026-08-23 17:00:00+00:00,BTC,SELL,32.786099541517615,0.032786099541517615,0.15,S3_TREND
2026-08-23 17:00:00+00:00,ETH,SELL,52.92058531260227,0.05292058531260227,0.15,S3_TREND
2026-08-23 17:00:00+00:00,SOL,BUY,12.220801374111034,0.012220801374111034,0.15,S3_TREND
2026-08-23 18:00:00+00:00,BTC,BUY,24.660997187667817,0.02466099718766782,0.15,S3_TREND
2026-08-23 18:00:00+00:00,ETH,BUY,39.43149995188287,0.03943149995188287,0.15,S3_TREND
2026-08-23 18:00:00+00:00,SOL,BUY,24.294030250319338,0.02429403025031934,0.15,S3_TREND
2026-08-23 19:00:00+00:00,BTC,SELL,14.853035537495087,0.014853035537495087,0.15,S3_TREND
2026-08-23 19:00:00+00:00,ETH,SELL,35.191366054054015,0.03519136605405401,0.15,S3_TREND
2026-08-23 19:00:00+00:00,SOL,SELL,12.653700957360345,0.012653700957360344,0.15,S3_TREND
2026-08-23 20:00:00+00:00,BTC,SELL,9.229332666373011,0.009229332666373012,0.15,S3_TREND
2026-08-23 20:00:00+00:00,ETH,BUY,14.238066242012792,0.014238066242012792,0.15,S3_TREND
2026-08-23 20:00:00+00:00,SOL,BUY,25.937068313845884,0.025937068313845884,0.15,S3_TREND
2026-08-23 21:00:00+00:00,BTC,SELL,4.287143375891901,0.004287143375891901,0.15,S3_TREND
2026-08-23 21:00:00+00:00,ETH,SELL,27.264270323996243,0.027264270323996243,0.15,S3_TREND
2026-08-23 21:00:00+00:00,SOL,BUY,7.980928628412585,0.007980928628412584,0.15,S3_TREND
2026-08-23 22:00:00+00:00,BTC,SELL,46.03934818662492,0.046039348186624925,0.15,S3_TREND
2026-08-23 22:00:00+00:00,ETH,SELL,81.38693373244494,0.08138693373244495,0.15,S3_TREND
2026-08-23 22:00:00+00:00,SOL,SELL,8.40641178736405,0.00840641178736405,0.15,S3_TREND
2026-08-23 23:00:00+00:00,BTC,BUY,30.072682396385062,0.030072682396385064,0.15,S3_TREND
2026-08-23 23:00:00+00:00,ETH,BUY,75.31513945715415,0.07531513945715415,0.15,S3_TREND
2026-08-23 23:00:00+00:00,SOL,SELL,50.912907308613285,0.05091290730861329,0.15,S3_TREND
2026-08-24 00:00:00+00:00,BTC,SELL,17.97919075657046,0.01797919075657046,0.15,S3_TREND
2026-08-24 00:00:00+00:00,ETH,SELL,42.923558150654564,0.042923558150654566,0.15,S3_TREND
2026-08-24 00:00:00+00:00,SOL,BUY,31.41129866506708,0.03141129866506708,0.15,S3_TREND
2026-08-24 01:00:00+00:00,BTC,BUY,12.996795619857949,0.012996795619857948,0.15,S3_TREND
2026-08-24 01:00:00+00:00,ETH,SELL,7.707123794090876,0.007707123794090876,0.15,S3_TREND
2026-08-24 01:00:00+00:00,SOL,SELL,14.670810062732924,0.014670810062732924,0.15,S3_TREND
2026-08-24 02:00:00+00:00,BTC,BUY,51.91163376698569,0.05191163376698569,0.15,S3_TREND
2026-08-24 02:00:00+00:00,ETH,BUY,122.61530948291329,0.1226153094829133,0.15,S3_TREND
2026-08-24 02:00:00+00:00,SOL,BUY,168.84062434220505,0.16884062434220504,0.15,S3_TREND
2026-08-24 03:00:00+00:00,BTC,SELL,14943.151398299155,14.943151398299156,0.0,CASH
2026-08-24 03:00:00+00:00,ETH,SELL,41.52339001112887,0.04152339001112887,0.15,S3_TREND
2026-08-24 03:00:00+00:00,SOL,SELL,67.50125465975543,0.06750125465975543,0.15,S3_TREND
2026-08-24 04:00:00+00:00,ETH,SELL,14802.136252313352,14.802136252313353,0.0,CASH
2026-08-24 04:00:00+00:00,SOL,BUY,110.11979964262537,0.11011979964262537,0.15,S3_TREND
2026-08-24 05:00:00+00:00,SOL,SELL,76.33950954102147,0.07633950954102148,0.15,S3_TREND
2026-08-24 06:00:00+00:00,SOL,SELL,8.054052765746746,0.008054052765746746,0.15,S3_TREND
2026-08-24 07:00:00+00:00,SOL,SELL,38.85272368787264,0.03885272368787264,0.15,S3_TREND
2026-08-24 08:00:00+00:00,SOL,BUY,60.12384537253274,0.06012384537253274,0.15,S3_TREND
2026-08-24 09:00:00+00:00,SOL,BUY,24.140597503688696,0.024140597503688695,0.15,S3_TREND
2026-08-24 10:00:00+00:00,SOL,SELL,98.10320313044029,0.0981032031304403,0.15,S3_TREND
2026-08-24 11:00:00+00:00,SOL,SELL,6.689819022229131,0.006689819022229131,0.15,S3_TREND
2026-08-24 12:00:00+00:00,SOL,SELL,150.7904988205246,0.1507904988205246,0.15,S3_TREND
2026-08-24 13:00:00+00:00,SOL,SELL,59.46972374274264,0.05946972374274264,0.15,S3_TREND
2026-08-24 14:00:00+00:00,SOL,BUY,167.09731016086334,0.16709731016086335,0.15,S3_TREND
2026-08-24 15:00:00+00:00,SOL,SELL,145.0762430633531,0.1450762430633531,0.15,S3_TREND
2026-08-24 16:00:00+00:00,SOL,SELL,46.148757244371154,0.046148757244371154,0.15,S3_TREND
2026-08-24 17:00:00+00:00,SOL,BUY,51.233132676989044,0.05123313267698904,0.15,S3_TREND
2026-08-24 18:00:00+00:00,SOL,BUY,88.32381024074857,0.08832381024074858,0.15,S3_TREND
2026-08-24 19:00:00+00:00,SOL,SELL,70.304501084207,0.07030450108420701,0.15,S3_TREND
2026-08-24 20:00:00+00:00,SOL,SELL,80.53180394798801,0.080531803947988,0.15,S3_TREND
2026-08-24 21:00:00+00:00,SOL,SELL,1.325009862137449,0.0013250098621374491,0.15,S3_TREND
2026-08-24 22:00:00+00:00,BTC,BUY,14933.5615930177,14.9335615930177,0.15,S3_TREND
2026-08-24 22:00:00+00:00,SOL,SELL,122.09184878993983,0.12209184878993984,0.15,S3_TREND
2026-08-24 23:00:00+00:00,BTC,BUY,36.07259097840324,0.03607259097840324,0.15,S3_TREND
2026-08-24 23:00:00+00:00,ETH,BUY,14923.457576996672,14.923457576996672,0.15,S3_TREND
2026-08-24 23:00:00+00:00,SOL,SELL,3.9761696554051014,0.003976169655405102,0.15,S3_TREND
2026-08-25 00:00:00+00:00,SOL,SELL,188.2651678516013,0.1882651678516013,0.15,S3_TREND
2026-08-25 01:00:00+00:00,BTC,SELL,47.42142680939105,0.04742142680939105,0.15,S3_TREND
2026-08-25 01:00:00+00:00,ETH,BUY,25.45655490697027,0.02545655490697027,0.15,S3_TREND
2026-08-25 01:00:00+00:00,SOL,SELL,325.97328178932185,0.32597328178932183,0.15,S3_TREND
2026-08-25 02:00:00+00:00,BTC,SELL,40.462380530121656,0.040462380530121654,0.15,S3_TREND
2026-08-25 02:00:00+00:00,ETH,SELL,38.21350400783558,0.03821350400783558,0.15,S3_TREND
2026-08-25 02:00:00+00:00,SOL,BUY,165.66959607639728,0.16566959607639728,0.15,S3_TREND
2026-08-25 03:00:00+00:00,BTC,SELL,110.93957809509266,0.11093957809509265,0.15,S3_TREND
2026-08-25 03:00:00+00:00,ETH,SELL,26.693063394763154,0.026693063394763156,0.15,S3_TREND
2026-08-25 03:00:00+00:00,SOL,SELL,23.488844041368793,0.023488844041368792,0.15,S3_TREND
2026-08-25 04:00:00+00:00,BTC,BUY,33.33650092346397,0.03333650092346398,0.15,S3_TREND
2026-08-25 04:00:00+00:00,ETH,BUY,53.63915553886545,0.05363915553886545,0.15,S3_TREND
2026-08-25 04:00:00+00:00,SOL,SELL,98.52971746361254,0.09852971746361254,0.15,S3_TREND
2026-08-25 05:00:00+00:00,BTC,BUY,9.634163853095743,0.009634163853095743,0.15,S3_TREND
2026-08-25 05:00:00+00:00,ETH,BUY,12.358071262304293,0.012358071262304293,0.15,S3_TREND
2026-08-25 05:00:00+00:00,SOL,BUY,27.916817186091066,0.027916817186091066,0.15,S3_TREND
2026-08-25 06:00:00+00:00,BTC,SELL,33.75999189326649,0.03375999189326649,0.15,S3_TREND
2026-08-25 06:00:00+00:00,ETH,SELL,47.71746006110334,0.04771746006110334,0.15,S3_TREND
2026-08-25 06:00:00+00:00,SOL,SELL,48.01084284927492,0.048010842849274926,0.15,S3_TREND
2026-08-25 07:00:00+00:00,BTC,SELL,6.910796662923531,0.006910796662923531,0.15,S3_TREND
2026-08-25 07:00:00+00:00,ETH,BUY,10.77353575446432,0.01077353575446432,0.15,S3_TREND
2026-08-25 07:00:00+00:00,SOL,BUY,129.64906841426455,0.12964906841426455,0.15,S3_TREND
2026-08-25 08:00:00+00:00,BTC,BUY,106.31671440329774,0.10631671440329774,0.15,S3_TREND
2026-08-25 08:00:00+00:00,ETH,BUY,76.17581838517981,0.07617581838517981,0.15,S3_TREND
2026-08-25 08:00:00+00:00,SOL,BUY,23.155271529743914,0.023155271529743914,0.15,S3_TREND
2026-08-25 09:00:00+00:00,BTC,SELL,26.89678821286543,0.02689678821286543,0.15,S3_TREND
2026-08-25 09:00:00+00:00,ETH,SELL,20.13092629160201,0.02013092629160201,0.15,S3_TREND
2026-08-25 09:00:00+00:00,SOL,SELL,9.978131317840962,0.009978131317840961,0.15,S3_TREND
2026-08-25 10:00:00+00:00,BTC,BUY,96.4007246388719,0.0964007246388719,0.15,S3_TREND
2026-08-25 10:00:00+00:00,ETH,BUY,17.960916278691002,0.017960916278691,0.15,S3_TREND
2026-08-25 10:00:00+00:00,SOL,BUY,44.887089787063815,0.044887089787063815,0.15,S3_TREND
2026-08-25 11:00:00+00:00,BTC,SELL,17.281165288712145,0.017281165288712146,0.15,S3_TREND
2026-08-25 11:00:00+00:00,ETH,SELL,37.41535615297289,0.03741535615297289,0.15,S3_TREND
2026-08-25 11:00:00+00:00,SOL,BUY,32.92467612188557,0.03292467612188557,0.15,S3_TREND
2026-08-25 12:00:00+00:00,BTC,BUY,3.9800238682819327,0.0039800238682819325,0.15,S3_TREND
2026-08-25 12:00:00+00:00,ETH,SELL,8.56749216244134,0.00856749216244134,0.15,S3_TREND
2026-08-25 12:00:00+00:00,SOL,BUY,122.76089932075593,0.12276089932075593,0.15,S3_TREND
2026-08-25 13:00:00+00:00,BTC,BUY,17.73109920184288,0.01773109920184288,0.15,S3_TREND
2026-08-25 13:00:00+00:00,ETH,BUY,18.143458450487742,0.018143458450487742,0.15,S3_TREND
2026-08-25 13:00:00+00:00,SOL,SELL,5.331853523861355,0.0053318535238613554,0.15,S3_TREND
2026-08-25 14:00:00+00:00,BTC,BUY,9.302985404232459,0.00930298540423246,0.15,S3_TREND
2026-08-25 14:00:00+00:00,ETH,BUY,23.705114727274122,0.023705114727274122,0.15,S3_TREND
2026-08-25 14:00:00+00:00,SOL,BUY,163.35230565289203,0.16335230565289202,0.15,S3_TREND
2026-08-25 15:00:00+00:00,BTC,SELL,55.63480928880199,0.05563480928880199,0.15,S3_TREND
2026-08-25 15:00:00+00:00,ETH,SELL,42.26810736403968,0.04226810736403968,0.15,S3_TREND
2026-08-25 15:00:00+00:00,SOL,SELL,106.79905411683829,0.1067990541168383,0.15,S3_TREND
2026-08-25 16:00:00+00:00,BTC,SELL,33.65055568944081,0.03365055568944081,0.15,S3_TREND
2026-08-25 16:00:00+00:00,ETH,SELL,19.4869644537157,0.0194869644537157,0.15,S3_TREND
2026-08-25 16:00:00+00:00,SOL,SELL,7.801490233434379,0.007801490233434379,0.15,S3_TREND
2026-08-25 17:00:00+00:00,BTC,BUY,40.22678580000502,0.04022678580000502,0.15,S3_TREND
2026-08-25 17:00:00+00:00,ETH,BUY,48.697368860868664,0.048697368860868666,0.15,S3_TREND
2026-08-25 17:00:00+00:00,SOL,BUY,2.4578170268214308,0.0024578170268214307,0.15,S3_TREND
2026-08-25 18:00:00+00:00,BTC,SELL,13.171153461755239,0.01317115346175524,0.15,S3_TREND
2026-08-25 18:00:00+00:00,SOL,BUY,2.692581755531137,0.002692581755531137,0.15,S3_TREND
2026-08-25 19:00:00+00:00,BTC,BUY,21.318185567803084,0.021318185567803086,0.15,S3_TREND
2026-08-25 19:00:00+00:00,ETH,BUY,22.479576077303136,0.022479576077303137,0.15,S3_TREND
2026-08-25 19:00:00+00:00,SOL,SELL,43.971218817243425,0.043971218817243425,0.15,S3_TREND
2026-08-25 20:00:00+00:00,BTC,BUY,16.488207068461634,0.016488207068461633,0.15,S3_TREND
2026-08-25 20:00:00+00:00,ETH,BUY,2.669173431917443,0.002669173431917443,0.15,S3_TREND
2026-08-25 20:00:00+00:00,SOL,BUY,60.28702261059334,0.06028702261059334,0.15,S3_TREND
2026-08-25 21:00:00+00:00,BTC,BUY,62.16389762230756,0.06216389762230756,0.15,S3_TREND
2026-08-25 21:00:00+00:00,ETH,BUY,89.51676832086378,0.08951676832086378,0.15,S3_TREND
2026-08-25 21:00:00+00:00,SOL,BUY,119.57923532713176,0.11957923532713176,0.15,S3_TREND
2026-08-25 22:00:00+00:00,BTC,SELL,42.132828086965674,0.042132828086965675,0.15,S3_TREND
2026-08-25 22:00:00+00:00,ETH,SELL,5.6979568661972735,0.005697956866197273,0.15,S3_TREND
2026-08-25 22:00:00+00:00,SOL,SELL,51.38352904151543,0.051383529041515434,0.15,S3_TREND
2026-08-25 23:00:00+00:00,BTC,SELL,39.98476371569632,0.03998476371569632,0.15,S3_TREND
2026-08-25 23:00:00+00:00,ETH,SELL,52.90614264118449,0.05290614264118449,0.15,S3_TREND
2026-08-25 23:00:00+00:00,SOL,BUY,17.477541789874522,0.017477541789874523,0.15,S3_TREND
2026-08-26 00:00:00+00:00,BTC,BUY,32.015712779499154,0.032015712779499154,0.15,S3_TREND
2026-08-26 00:00:00+00:00,ETH,BUY,33.84669210361244,0.03384669210361244,0.15,S3_TREND
2026-08-26 00:00:00+00:00,SOL,BUY,59.344111379752576,0.059344111379752575,0.15,S3_TREND
2026-08-26 01:00:00+00:00,BTC,SELL,10.483222059769103,0.010483222059769103,0.15,S3_TREND
2026-08-26 01:00:00+00:00,ETH,SELL,14.811233345708388,0.014811233345708387,0.15,S3_TREND
2026-08-26 02:00:00+00:00,BTC,SELL,11.612102283659624,0.011612102283659624,0.15,S3_TREND
2026-08-26 02:00:00+00:00,ETH,SELL,36.14117493041158,0.03614117493041158,0.15,S3_TREND
2026-08-26 02:00:00+00:00,SOL,SELL,37.594332058610235,0.037594332058610236,0.15,S3_TREND
2026-08-26 03:00:00+00:00,BTC,SELL,33.14838429365591,0.03314838429365591,0.15,S3_TREND
2026-08-26 03:00:00+00:00,ETH,SELL,33.77619595943179,0.033776195959431786,0.15,S3_TREND
2026-08-26 03:00:00+00:00,SOL,SELL,14.63070765772136,0.01463070765772136,0.15,S3_TREND
2026-08-26 04:00:00+00:00,BTC,SELL,1.6458948876115758,0.0016458948876115758,0.15,S3_TREND
2026-08-26 04:00:00+00:00,ETH,SELL,7.423771625008158,0.007423771625008158,0.15,S3_TREND
2026-08-26 04:00:00+00:00,SOL,BUY,28.44064348586471,0.02844064348586471,0.15,S3_TREND
2026-08-26 05:00:00+00:00,BTC,BUY,24.083443575158526,0.024083443575158528,0.15,S3_TREND
2026-08-26 05:00:00+00:00,ETH,BUY,27.006925250900167,0.027006925250900166,0.15,S3_TREND
2026-08-26 05:00:00+00:00,SOL,BUY,42.174566838977626,0.04217456683897763,0.15,S3_TREND
2026-08-26 06:00:00+00:00,BTC,SELL,23.603247241902864,0.023603247241902863,0.15,S3_TREND
2026-08-26 06:00:00+00:00,ETH,SELL,23.09902170216992,0.02309902170216992,0.15,S3_TREND
2026-08-26 06:00:00+00:00,SOL,SELL,46.92662707859927,0.04692662707859927,0.15,S3_TREND
2026-08-26 07:00:00+00:00,BTC,BUY,11.106686639177497,0.011106686639177497,0.15,S3_TREND
2026-08-26 07:00:00+00:00,ETH,BUY,13.932883898043656,0.013932883898043657,0.15,S3_TREND
2026-08-26 07:00:00+00:00,SOL,BUY,29.621499961089285,0.029621499961089284,0.15,S3_TREND
2026-08-26 08:00:00+00:00,BTC,BUY,8.53141856415823,0.00853141856415823,0.15,S3_TREND
2026-08-26 08:00:00+00:00,ETH,SELL,5.621067227575622,0.005621067227575623,0.15,S3_TREND
2026-08-26 08:00:00+00:00,SOL,SELL,18.778589881145308,0.018778589881145308,0.15,S3_TREND
2026-08-26 09:00:00+00:00,BTC,BUY,26.772793675576395,0.026772793675576396,0.15,S3_TREND
2026-08-26 09:00:00+00:00,ETH,BUY,18.846569724442816,0.018846569724442815,0.15,S3_TREND
2026-08-26 09:00:00+00:00,SOL,BUY,7.129740586411572,0.007129740586411572,0.15,S3_TREND
2026-08-26 10:00:00+00:00,BTC,BUY,19.638572291169112,0.019638572291169113,0.15,S3_TREND
2026-08-26 10:00:00+00:00,ETH,BUY,20.969574402326543,0.020969574402326545,0.15,S3_TREND
2026-08-26 10:00:00+00:00,SOL,BUY,69.84630495534111,0.06984630495534111,0.15,S3_TREND
2026-08-26 11:00:00+00:00,BTC,BUY,4.242436365906542,0.0042424363659065425,0.15,S3_TREND
2026-08-26 11:00:00+00:00,ETH,SELL,70.31318545492104,0.07031318545492105,0.15,S3_TREND
2026-08-26 11:00:00+00:00,SOL,SELL,146.15490414069427,0.14615490414069426,0.15,S3_TREND
2026-08-26 12:00:00+00:00,BTC,BUY,23.22724541250318,0.02322724541250318,0.15,S3_TREND
2026-08-26 12:00:00+00:00,ETH,BUY,13.239211604472075,0.013239211604472076,0.15,S3_TREND
2026-08-26 12:00:00+00:00,SOL,BUY,45.04987453000285,0.04504987453000285,0.15,S3_TREND
2026-08-26 13:00:00+00:00,BTC,BUY,19.018668470485864,0.019018668470485865,0.15,S3_TREND
2026-08-26 13:00:00+00:00,ETH,BUY,36.06132560041624,0.03606132560041624,0.15,S3_TREND
2026-08-26 13:00:00+00:00,SOL,SELL,8.201784685792518,0.008201784685792518,0.15,S3_TREND
2026-08-26 14:00:00+00:00,BTC,SELL,29.364798477448858,0.02936479847744886,0.15,S3_TREND
2026-08-26 14:00:00+00:00,ETH,SELL,18.717664879679432,0.018717664879679432,0.15,S3_TREND
2026-08-26 14:00:00+00:00,SOL,BUY,65.74353160424471,0.0657435316042447,0.15,S3_TREND
2026-08-26 15:00:00+00:00,BTC,BUY,64.85211593918939,0.0648521159391894,0.15,S3_TREND
2026-08-26 15:00:00+00:00,ETH,BUY,48.52369885669577,0.048523698856695774,0.15,S3_TREND
2026-08-26 15:00:00+00:00,SOL,BUY,106.45426658456927,0.10645426658456927,0.15,S3_TREND
2026-08-26 16:00:00+00:00,BTC,SELL,15.593543919863805,0.015593543919863805,0.15,S3_TREND
2026-08-26 16:00:00+00:00,ETH,SELL,37.06756590069563,0.037067565900695626,0.15,S3_TREND
2026-08-26 16:00:00+00:00,SOL,SELL,44.865409083577106,0.044865409083577105,0.15,S3_TREND
2026-08-26 17:00:00+00:00,ETH,BUY,26.653577775230588,0.02665357777523059,0.15,S3_TREND
2026-08-26 17:00:00+00:00,SOL,SELL,7.953144021261323,0.007953144021261323,0.15,S3_TREND
2026-08-26 18:00:00+00:00,BTC,SELL,35.39210813365389,0.03539210813365389,0.15,S3_TREND
2026-08-26 18:00:00+00:00,ETH,SELL,46.76182233328654,0.04676182233328654,0.15,S3_TREND
2026-08-26 18:00:00+00:00,SOL,SELL,107.79011252378041,0.10779011252378042,0.15,S3_TREND
2026-08-26 19:00:00+00:00,BTC,BUY,2.501600319832505,0.002501600319832505,0.15,S3_TREND
2026-08-26 19:00:00+00:00,ETH,SELL,63.598509710176586,0.06359850971017658,0.15,S3_TREND
2026-08-26 19:00:00+00:00,SOL,BUY,31.15000854970276,0.031150008549702762,0.15,S3_TREND
2026-08-26 20:00:00+00:00,BTC,SELL,3.1524513803342415,0.0031524513803342417,0.15,S3_TREND
2026-08-26 20:00:00+00:00,ETH,BUY,8.88197748179482,0.00888197748179482,0.15,S3_TREND
2026-08-26 20:00:00+00:00,SOL,BUY,3.587786528159995,0.0035877865281599953,0.15,S3_TREND
2026-08-26 21:00:00+00:00,BTC,BUY,8.583558092932435,0.008583558092932436,0.15,S3_TREND
2026-08-26 21:00:00+00:00,ETH,SELL,4.792229342472638,0.004792229342472637,0.15,S3_TREND
2026-08-26 21:00:00+00:00,SOL,SELL,18.95657427657352,0.01895657427657352,0.15,S3_TREND
2026-08-26 22:00:00+00:00,BTC,BUY,8.719399343388432,0.008719399343388431,0.15,S3_TREND
2026-08-26 22:00:00+00:00,ETH,SELL,87.6022225923898,0.0876022225923898,0.15,S3_TREND
2026-08-26 22:00:00+00:00,SOL,SELL,142.5396852223421,0.1425396852223421,0.15,S3_TREND
2026-08-26 23:00:00+00:00,BTC,BUY,33.71803684498809,0.03371803684498809,0.15,S3_TREND
2026-08-26 23:00:00+00:00,ETH,BUY,47.73376828516484,0.047733768285164846,0.15,S3_TREND
2026-08-26 23:00:00+00:00,SOL,SELL,188.59781801714598,0.18859781801714598,0.15,S3_TREND
2026-08-27 00:00:00+00:00,BTC,BUY,13.228062567322922,0.013228062567322924,0.15,S3_TREND
2026-08-27 00:00:00+00:00,ETH,SELL,3.614183864341612,0.003614183864341612,0.15,S3_TREND
2026-08-27 00:00:00+00:00,SOL,SELL,284.5174674826467,0.28451746748264667,0.15,S3_TREND
2026-08-27 01:00:00+00:00,BTC,BUY,7.726575162678273,0.007726575162678273,0.15,S3_TREND
2026-08-27 01:00:00+00:00,ETH,SELL,14977.837912142839,14.977837912142839,0.0,CASH
2026-08-27 01:00:00+00:00,SOL,BUY,164.01668406806675,0.16401668406806674,0.15,S3_TREND
2026-08-27 02:00:00+00:00,BTC,SELL,17.07903323937353,0.017079033239373532,0.15,S3_TREND
2026-08-27 02:00:00+00:00,SOL,SELL,104.11858122848025,0.10411858122848025,0.15,S3_TREND
2026-08-27 03:00:00+00:00,BTC,BUY,23.503880459826178,0.02350388045982618,0.15,S3_TREND
2026-08-27 03:00:00+00:00,SOL,BUY,27.563283994015364,0.027563283994015364,0.15,S3_TREND
2026-08-27 04:00:00+00:00,BTC,SELL,20.32928698068645,0.02032928698068645,0.15,S3_TREND
2026-08-27 04:00:00+00:00,SOL,BUY,14.582998028039583,0.014582998028039583,0.15,S3_TREND
2026-08-27 05:00:00+00:00,BTC,BUY,7.33538762380158,0.00733538762380158,0.15,S3_TREND
2026-08-27 06:00:00+00:00,BTC,SELL,15046.693242200188,15.046693242200188,0.0,CASH
2026-08-27 06:00:00+00:00,SOL,SELL,117.6730248683125,0.11767302486831249,0.15,S3_TREND
2026-08-27 07:00:00+00:00,SOL,BUY,92.98729077306962,0.09298729077306962,0.15,S3_TREND
2026-08-27 08:00:00+00:00,SOL,SELL,66.86023425421627,0.06686023425421626,0.15,S3_TREND
2026-08-27 09:00:00+00:00,SOL,SELL,359.1312480881861,0.35913124808818614,0.15,S3_TREND
2026-08-27 10:00:00+00:00,SOL,BUY,33.061749372049235,0.03306174937204923,0.15,S3_TREND
2026-08-27 11:00:00+00:00,SOL,BUY,36.870927298559764,0.036870927298559765,0.15,S3_TREND
2026-08-27 12:00:00+00:00,SOL,BUY,18.47757155810359,0.018477571558103593,0.15,S3_TREND
2026-08-27 13:00:00+00:00,SOL,SELL,57.987504742881356,0.057987504742881356,0.15,S3_TREND
2026-08-27 14:00:00+00:00,SOL,SELL,201.56427583687037,0.20156427583687037,0.15,S3_TREND
2026-08-27 15:00:00+00:00,SOL,SELL,89.78064593026465,0.08978064593026466,0.15,S3_TREND
2026-08-27 16:00:00+00:00,SOL,SELL,48.24138439298986,0.04824138439298986,0.15,S3_TREND
2026-08-27 17:00:00+00:00,SOL,SELL,209.13310734571496,0.20913310734571497,0.15,S3_TREND
2026-08-27 18:00:00+00:00,SOL,BUY,88.88527719183912,0.08888527719183913,0.15,S3_TREND
2026-08-27 19:00:00+00:00,SOL,SELL,23.864105001524877,0.023864105001524877,0.15,S3_TREND
2026-08-27 20:00:00+00:00,SOL,SELL,119.07029711670475,0.11907029711670475,0.15,S3_TREND
2026-08-27 21:00:00+00:00,SOL,BUY,42.51307876393366,0.04251307876393366,0.15,S3_TREND
2026-08-27 22:00:00+00:00,ETH,BUY,15190.314059075994,15.190314059075995,0.15,S3_TREND
2026-08-27 22:00:00+00:00,SOL,BUY,35.53550229853499,0.03553550229853499,0.15,S3_TREND
2026-08-27 23:00:00+00:00,ETH,SELL,49.56866342709327,0.04956866342709327,0.15,S3_TREND
2026-08-27 23:00:00+00:00,SOL,SELL,46.86370452745359,0.046863704527453594,0.15,S3_TREND
2026-08-28 00:00:00+00:00,ETH,BUY,20.83838086272408,0.02083838086272408,0.15,S3_TREND
2026-08-28 01:00:00+00:00,ETH,SELL,24.87300098528067,0.02487300098528067,0.15,S3_TREND
2026-08-28 01:00:00+00:00,SOL,BUY,9.867229516243242,0.009867229516243243,0.15,S3_TREND
2026-08-28 02:00:00+00:00,ETH,SELL,10.267011020858263,0.010267011020858263,0.15,S3_TREND
2026-08-28 02:00:00+00:00,SOL,BUY,147.5682074538454,0.14756820745384538,0.15,S3_TREND
2026-08-28 03:00:00+00:00,ETH,BUY,75.5163291944973,0.0755163291944973,0.15,S3_TREND
2026-08-28 03:00:00+00:00,SOL,BUY,140.79346619634816,0.14079346619634817,0.15,S3_TREND
2026-08-28 04:00:00+00:00,ETH,BUY,19.12635212196983,0.01912635212196983,0.15,S3_TREND
2026-08-28 04:00:00+00:00,SOL,SELL,42.0198325789097,0.0420198325789097,0.15,S3_TREND
2026-08-28 05:00:00+00:00,BTC,BUY,15130.799620397727,15.130799620397728,0.15,S3_TREND
2026-08-28 05:00:00+00:00,ETH,BUY,17.988449483718796,0.017988449483718798,0.15,S3_TREND
2026-08-28 05:00:00+00:00,SOL,BUY,3.8146931362334726,0.0038146931362334725,0.15,S3_TREND
2026-08-28 06:00:00+00:00,BTC,BUY,6.570256134038573,0.006570256134038573,0.15,S3_TREND
2026-08-28 06:00:00+00:00,ETH,SELL,28.866326703437153,0.028866326703437153,0.15,S3_TREND
2026-08-28 06:00:00+00:00,SOL,SELL,46.34384698002941,0.04634384698002941,0.15,S3_TREND
2026-08-28 07:00:00+00:00,BTC,SELL,19.443023581312445,0.019443023581312446,0.15,S3_TREND
2026-08-28 07:00:00+00:00,ETH,SELL,36.83009915150069,0.03683009915150069,0.15,S3_TREND
2026-08-28 07:00:00+00:00,SOL,SELL,24.58788068728245,0.02458788068728245,0.15,S3_TREND
2026-08-28 08:00:00+00:00,BTC,BUY,8.270285393187805,0.008270285393187806,0.15,S3_TREND
2026-08-28 08:00:00+00:00,ETH,BUY,1.5445913409985224,0.0015445913409985225,0.15,S3_TREND
2026-08-28 08:00:00+00:00,SOL,BUY,129.75167755650182,0.12975167755650183,0.15,S3_TREND
2026-08-28 09:00:00+00:00,BTC,BUY,8.83220839705973,0.00883220839705973,0.15,S3_TREND
2026-08-28 09:00:00+00:00,ETH,BUY,32.65706013760973,0.03265706013760973,0.15,S3_TREND
2026-08-28 09:00:00+00:00,SOL,BUY,25.729963499450605,0.025729963499450604,0.15,S3_TREND
2026-08-28 10:00:00+00:00,BTC,BUY,36.64415891063254,0.036644158910632545,0.15,S3_TREND
2026-08-28 10:00:00+00:00,ETH,SELL,16.59571511454851,0.01659571511454851,0.15,S3_TREND
2026-08-28 10:00:00+00:00,SOL,BUY,6.88612313217709,0.0068861231321770905,0.15,S3_TREND
2026-08-28 11:00:00+00:00,BTC,SELL,24.64579852627503,0.02464579852627503,0.15,S3_TREND
2026-08-28 11:00:00+00:00,ETH,SELL,74.30610289693323,0.07430610289693322,0.15,S3_TREND
2026-08-28 11:00:00+00:00,SOL,SELL,6.813229047096684,0.006813229047096684,0.15,S3_TREND
2026-08-28 12:00:00+00:00,BTC,SELL,15.0070857283863,0.0150070857283863,0.15,S3_TREND
2026-08-28 12:00:00+00:00,ETH,BUY,1.136418215382946,0.001136418215382946,0.15,S3_TREND
2026-08-28 12:00:00+00:00,SOL,BUY,42.138031029184276,0.04213803102918428,0.15,S3_TREND
2026-08-28 13:00:00+00:00,BTC,BUY,3.5468829001983977,0.003546882900198398,0.15,S3_TREND
2026-08-28 13:00:00+00:00,ETH,BUY,4.987252403792809,0.004987252403792809,0.15,S3_TREND
2026-08-28 13:00:00+00:00,SOL,BUY,105.94727903827152,0.10594727903827152,0.15,S3_TREND
2026-08-28 14:00:00+00:00,BTC,BUY,30.017130566115156,0.030017130566115158,0.15,S3_TREND
2026-08-28 14:00:00+00:00,ETH,SELL,48.038122366795506,0.048038122366795506,0.15,S3_TREND
2026-08-28 14:00:00+00:00,SOL,SELL,28.9541792562195,0.0289541792562195,0.15,S3_TREND
2026-08-28 15:00:00+00:00,BTC,SELL,6.325721522202003,0.006325721522202003,0.15,S3_TREND
2026-08-28 15:00:00+00:00,ETH,BUY,11.004585586333633,0.011004585586333633,0.15,S3_TREND
2026-08-28 15:00:00+00:00,SOL,SELL,129.6826330157055,0.1296826330157055,0.15,S3_TREND
2026-08-28 16:00:00+00:00,BTC,BUY,136.16090084900316,0.13616090084900315,0.15,S3_TREND
2026-08-28 16:00:00+00:00,ETH,BUY,153.27638540446605,0.15327638540446606,0.15,S3_TREND
2026-08-28 16:00:00+00:00,SOL,BUY,56.55877890978445,0.05655877890978445,0.15,S3_TREND
2026-08-28 17:00:00+00:00,BTC,BUY,59.60453296778178,0.05960453296778178,0.15,S3_TREND
2026-08-28 17:00:00+00:00,ETH,BUY,135.4745282425065,0.1354745282425065,0.15,S3_TREND
2026-08-28 17:00:00+00:00,SOL,SELL,31.76792035057224,0.03176792035057224,0.15,S3_TREND
2026-08-28 18:00:00+00:00,BTC,SELL,28.087066985242927,0.028087066985242926,0.15,S3_TREND
2026-08-28 18:00:00+00:00,ETH,SELL,14.955591662059305,0.014955591662059306,0.15,S3_TREND
2026-08-28 18:00:00+00:00,SOL,BUY,64.09573432824982,0.06409573432824982,0.15,S3_TREND
2026-08-28 19:00:00+00:00,BTC,BUY,9.808025930964504,0.009808025930964505,0.15,S3_TREND
2026-08-28 19:00:00+00:00,ETH,BUY,35.216351439157734,0.03521635143915774,0.15,S3_TREND
2026-08-28 19:00:00+00:00,SOL,BUY,165.92980755687677,0.16592980755687678,0.15,S3_TREND
2026-08-28 20:00:00+00:00,BTC,BUY,8.476098328288572,0.008476098328288571,0.15,S3_TREND
2026-08-28 20:00:00+00:00,ETH,SELL,29.6262230347711,0.029626223034771103,0.15,S3_TREND
2026-08-28 20:00:00+00:00,SOL,SELL,28.52346121736264,0.02852346121736264,0.15,S3_TREND
2026-08-28 21:00:00+00:00,BTC,BUY,30.825590427732095,0.030825590427732096,0.15,S3_TREND
2026-08-28 21:00:00+00:00,ETH,BUY,47.081982284824335,0.04708198228482434,0.15,S3_TREND
2026-08-28 21:00:00+00:00,SOL,SELL,68.97042065367532,0.06897042065367533,0.15,S3_TREND
2026-08-28 22:00:00+00:00,BTC,SELL,4.253520392043356,0.004253520392043356,0.15,S3_TREND
2026-08-28 22:00:00+00:00,ETH,BUY,4.00291701758033,0.00400291701758033,0.15,S3_TREND
2026-08-28 22:00:00+00:00,SOL,BUY,46.38934931687254,0.04638934931687254,0.15,S3_TREND
2026-08-28 23:00:00+00:00,BTC,SELL,34.252850547711205,0.034252850547711204,0.15,S3_TREND
2026-08-28 23:00:00+00:00,ETH,SELL,63.37985125014711,0.06337985125014711,0.15,S3_TREND
2026-08-28 23:00:00+00:00,SOL,SELL,56.2315714607048,0.0562315714607048,0.15,S3_TREND
2026-08-29 00:00:00+00:00,BTC,SELL,13.365399099076967,0.013365399099076967,0.15,S3_TREND
2026-08-29 00:00:00+00:00,ETH,SELL,1.3546335777937202,0.0013546335777937203,0.15,S3_TREND
2026-08-29 00:00:00+00:00,SOL,BUY,1.991136012991774,0.001991136012991774,0.15,S3_TREND
2026-08-29 01:00:00+00:00,BTC,BUY,13.102334807221268,0.01310233480722127,0.15,S3_TREND
2026-08-29 01:00:00+00:00,ETH,SELL,6.537956681500873,0.006537956681500873,0.15,S3_TREND
2026-08-29 01:00:00+00:00,SOL,BUY,24.587494919789606,0.024587494919789607,0.15,S3_TREND
2026-08-29 02:00:00+00:00,BTC,SELL,3.0937048326959484,0.0030937048326959483,0.15,S3_TREND
2026-08-29 02:00:00+00:00,SOL,SELL,28.909316922547077,0.028909316922547078,0.15,S3_TREND
2026-08-29 03:00:00+00:00,BTC,BUY,10.512648199432078,0.010512648199432078,0.15,S3_TREND
2026-08-29 03:00:00+00:00,ETH,BUY,18.383396958834055,0.018383396958834057,0.15,S3_TREND
2026-08-29 03:00:00+00:00,SOL,BUY,19.91717130609868,0.019917171306098682,0.15,S3_TREND
2026-08-29 04:00:00+00:00,BTC,BUY,22.359016329523,0.022359016329523,0.15,S3_TREND
2026-08-29 04:00:00+00:00,ETH,BUY,12.111292507550388,0.012111292507550388,0.15,S3_TREND
2026-08-29 05:00:00+00:00,BTC,SELL,18.45766206799999,0.01845766206799999,0.15,S3_TREND
2026-08-29 05:00:00+00:00,ETH,SELL,23.10530708868282,0.02310530708868282,0.15,S3_TREND
2026-08-29 05:00:00+00:00,SOL,BUY,8.29113097318259,0.008291130973182589,0.15,S3_TREND
2026-08-29 06:00:00+00:00,BTC,BUY,4.0203755647071375,0.0040203755647071375,0.15,S3_TREND
2026-08-29 06:00:00+00:00,ETH,BUY,12.085006025963594,0.012085006025963595,0.15,S3_TREND
2026-08-29 06:00:00+00:00,SOL,SELL,19.311899688811536,0.019311899688811536,0.15,S3_TREND
2026-08-29 07:00:00+00:00,BTC,BUY,14.692230397726235,0.014692230397726234,0.15,S3_TREND
2026-08-29 07:00:00+00:00,ETH,BUY,3.9212042593298975,0.003921204259329897,0.15,S3_TREND
2026-08-29 07:00:00+00:00,SOL,BUY,44.62343015637089,0.04462343015637089,0.15,S3_TREND
2026-08-29 08:00:00+00:00,BTC,SELL,21.960350059931443,0.021960350059931442,0.15,S3_TREND
2026-08-29 08:00:00+00:00,ETH,BUY,1.2107486840250203,0.0012107486840250204,0.15,S3_TREND
2026-08-29 08:00:00+00:00,SOL,SELL,11.444233617443388,0.011444233617443388,0.15,S3_TREND
2026-08-29 09:00:00+00:00,BTC,SELL,9.020531552076136,0.009020531552076137,0.15,S3_TREND
2026-08-29 09:00:00+00:00,ETH,BUY,6.39676939182209,0.0063967693918220905,0.15,S3_TREND
2026-08-29 09:00:00+00:00,SOL,BUY,30.018184372132964,0.030018184372132963,0.15,S3_TREND
2026-08-29 10:00:00+00:00,BTC,SELL,4.475748887023656,0.004475748887023656,0.15,S3_TREND
2026-08-29 10:00:00+00:00,ETH,SELL,7485.174960504071,7.485174960504072,0.075,S6_REVERSAL
2026-08-29 10:00:00+00:00,SOL,BUY,18.842162957031178,0.01884216295703118,0.15,S3_TREND
2026-08-29 11:00:00+00:00,BTC,BUY,3.360231957200085,0.0033602319572000852,0.15,S3_TREND
2026-08-29 11:00:00+00:00,ETH,BUY,2.4605432463258694,0.0024605432463258694,0.075,S6_REVERSAL
2026-08-29 11:00:00+00:00,SOL,SELL,15.41603664028662,0.01541603664028662,0.15,S3_TREND
2026-08-29 12:00:00+00:00,BTC,BUY,10.322302502418097,0.010322302502418097,0.15,S3_TREND
2026-08-29 12:00:00+00:00,ETH,SELL,3.295505443611546,0.003295505443611546,0.075,S6_REVERSAL
2026-08-29 12:00:00+00:00,SOL,SELL,9.52419950211879,0.00952419950211879,0.15,S3_TREND
2026-08-29 13:00:00+00:00,BTC,BUY,1.6004996040464903,0.0016004996040464904,0.15,S3_TREND
2026-08-29 13:00:00+00:00,ETH,BUY,5.468984843804719,0.005468984843804719,0.075,S6_REVERSAL
2026-08-29 13:00:00+00:00,SOL,SELL,13.02258022220667,0.01302258022220667,0.15,S3_TREND
2026-08-29 14:00:00+00:00,BTC,SELL,7496.263328824513,7.496263328824513,0.075,S6_REVERSAL
2026-08-29 14:00:00+00:00,SOL,SELL,19.227420833034557,0.019227420833034557,0.15,S3_TREND
2026-08-29 15:00:00+00:00,BTC,SELL,8.000803900518804,0.008000803900518804,0.075,S6_REVERSAL
2026-08-29 15:00:00+00:00,ETH,SELL,17.852005530252427,0.017852005530252426,0.075,S6_REVERSAL
2026-08-29 15:00:00+00:00,SOL,SELL,185.49297469510748,0.18549297469510748,0.15,S3_TREND
2026-08-29 16:00:00+00:00,BTC,BUY,8.513478432687407,0.008513478432687406,0.075,S6_REVERSAL
2026-08-29 16:00:00+00:00,ETH,BUY,5.949055690303794,0.005949055690303794,0.075,S6_REVERSAL
2026-08-29 16:00:00+00:00,SOL,BUY,39.62396201703632,0.03962396201703632,0.15,S3_TREND
2026-08-29 17:00:00+00:00,BTC,SELL,14.693374621330806,0.014693374621330807,0.075,S6_REVERSAL
2026-08-29 17:00:00+00:00,ETH,SELL,18.24957485683626,0.018249574856836263,0.075,S6_REVERSAL
2026-08-29 17:00:00+00:00,SOL,BUY,24.615169308690383,0.024615169308690385,0.15,S3_TREND
2026-08-29 18:00:00+00:00,BTC,SELL,6.534592028217958,0.006534592028217958,0.075,S6_REVERSAL
2026-08-29 18:00:00+00:00,ETH,BUY,1.2279604426512378,0.0012279604426512379,0.075,S6_REVERSAL
2026-08-29 19:00:00+00:00,BTC,SELL,1.972560990607235,0.001972560990607235,0.075,S6_REVERSAL
2026-08-29 19:00:00+00:00,ETH,SELL,1.6340338255859024,0.0016340338255859024,0.075,S6_REVERSAL
2026-08-29 19:00:00+00:00,SOL,SELL,29.057147741259545,0.029057147741259545,0.15,S3_TREND
2026-08-29 20:00:00+00:00,SOL,SELL,27.07545035366093,0.02707545035366093,0.15,S3_TREND
2026-08-29 21:00:00+00:00,BTC,SELL,7499.50123457611,7.49950123457611,0.0,CASH
2026-08-29 21:00:00+00:00,SOL,BUY,14.672032258753461,0.014672032258753461,0.15,S3_TREND
2026-08-29 22:00:00+00:00,ETH,BUY,1.0435799685974416,0.0010435799685974416,0.075,S6_REVERSAL
2026-08-29 22:00:00+00:00,SOL,BUY,21.284080124936736,0.021284080124936735,0.15,S3_TREND
2026-08-29 23:00:00+00:00,ETH,SELL,7503.792230445658,7.503792230445658,0.0,CASH
2026-08-29 23:00:00+00:00,SOL,SELL,57.736406364345385,0.057736406364345384,0.15,S3_TREND
2026-08-30 00:00:00+00:00,SOL,SELL,15024.101000276974,15.024101000276975,0.0,CASH
2026-08-31 03:00:00+00:00,SOL,BUY,7504.915124802737,7.5049151248027375,0.075,S6_REVERSAL
2026-08-31 04:00:00+00:00,SOL,SELL,34.08940894893749,0.03408940894893749,0.075,S6_REVERSAL
2026-08-31 05:00:00+00:00,SOL,BUY,34.73467298549622,0.03473467298549622,0.075,S6_REVERSAL
2026-08-31 06:00:00+00:00,SOL,SELL,81.4330553928321,0.0814330553928321,0.075,S6_REVERSAL
2026-08-31 07:00:00+00:00,SOL,SELL,6.775607181340091,0.006775607181340092,0.075,S6_REVERSAL
2026-08-31 08:00:00+00:00,SOL,BUY,7495.234114493295,7.495234114493296,0.15,S3_TREND
2026-08-31 09:00:00+00:00,BTC,BUY,15029.766823616163,15.029766823616162,0.15,S3_TREND
2026-08-31 09:00:00+00:00,SOL,SELL,30.886692530659275,0.030886692530659274,0.15,S3_TREND
2026-08-31 10:00:00+00:00,BTC,SELL,10.239135807465573,0.010239135807465573,0.15,S3_TREND
2026-08-31 10:00:00+00:00,ETH,BUY,15025.318915811706,15.025318915811706,0.15,S3_TREND
2026-08-31 10:00:00+00:00,SOL,BUY,15.935385378787032,0.015935385378787033,0.15,S3_TREND
2026-08-31 11:00:00+00:00,BTC,SELL,13.503018790082933,0.013503018790082933,0.15,S3_TREND
2026-08-31 11:00:00+00:00,ETH,SELL,30.26001754573008,0.03026001754573008,0.15,S3_TREND
2026-08-31 11:00:00+00:00,SOL,SELL,61.4128437643285,0.0614128437643285,0.15,S3_TREND
2026-08-31 12:00:00+00:00,BTC,BUY,49.487539411165926,0.049487539411165925,0.15,S3_TREND
2026-08-31 12:00:00+00:00,ETH,BUY,30.913613747994532,0.030913613747994534,0.15,S3_TREND
2026-08-31 12:00:00+00:00,SOL,BUY,14.683227348657965,0.014683227348657965,0.15,S3_TREND
2026-08-31 13:00:00+00:00,BTC,BUY,53.82013543890935,0.053820135438909344,0.15,S3_TREND
2026-08-31 13:00:00+00:00,ETH,SELL,51.91712840047512,0.051917128400475125,0.15,S3_TREND
2026-08-31 13:00:00+00:00,SOL,BUY,71.49494263445922,0.07149494263445923,0.15,S3_TREND
2026-08-31 14:00:00+00:00,BTC,SELL,9.030644671693153,0.009030644671693153,0.15,S3_TREND
2026-08-31 14:00:00+00:00,ETH,BUY,47.751150914335085,0.047751150914335086,0.15,S3_TREND
2026-08-31 14:00:00+00:00,SOL,BUY,38.69597852236802,0.03869597852236802,0.15,S3_TREND
2026-08-31 15:00:00+00:00,BTC,SELL,69.11758270770588,0.06911758270770588,0.15,S3_TREND
2026-08-31 15:00:00+00:00,ETH,SELL,95.27416736608029,0.0952741673660803,0.15,S3_TREND
2026-08-31 15:00:00+00:00,SOL,SELL,100.50226262351316,0.10050226262351317,0.15,S3_TREND
2026-08-31 16:00:00+00:00,BTC,SELL,10.833603467475768,0.010833603467475769,0.15,S3_TREND
2026-08-31 16:00:00+00:00,ETH,SELL,15.622710194420506,0.015622710194420507,0.15,S3_TREND
2026-08-31 16:00:00+00:00,SOL,BUY,81.01390380273915,0.08101390380273915,0.15,S3_TREND
2026-08-31 17:00:00+00:00,BTC,SELL,9.134085474965104,0.009134085474965104,0.15,S3_TREND
2026-08-31 17:00:00+00:00,ETH,SELL,7.018049388165309,0.007018049388165309,0.15,S3_TREND
2026-08-31 17:00:00+00:00,SOL,BUY,8.032676429404091,0.008032676429404091,0.15,S3_TREND
2026-08-31 18:00:00+00:00,BTC,SELL,18.679651030299283,0.018679651030299282,0.15,S3_TREND
2026-08-31 18:00:00+00:00,ETH,SELL,7.263404027969955,0.007263404027969955,0.15,S3_TREND
2026-08-31 18:00:00+00:00,SOL,SELL,86.38573324326353,0.08638573324326353,0.15,S3_TREND
2026-08-31 19:00:00+00:00,BTC,BUY,1.012947587763847,0.001012947587763847,0.15,S3_TREND
2026-08-31 19:00:00+00:00,ETH,BUY,9.068509053948219,0.00906850905394822,0.15,S3_TREND
2026-08-31 19:00:00+00:00,SOL,SELL,97.02832873707848,0.09702832873707848,0.15,S3_TREND
2026-08-31 20:00:00+00:00,BTC,BUY,3.963794145731299,0.003963794145731299,0.15,S3_TREND
2026-08-31 20:00:00+00:00,ETH,SELL,43.12476278738359,0.043124762787383586,0.15,S3_TREND
2026-08-31 20:00:00+00:00,SOL,BUY,107.14854392251982,0.10714854392251982,0.15,S3_TREND
2026-08-31 21:00:00+00:00,ETH,BUY,49.638250317335405,0.04963825031733541,0.15,S3_TREND
2026-08-31 21:00:00+00:00,SOL,SELL,26.690834500490382,0.026690834500490382,0.15,S3_TREND
2026-08-31 22:00:00+00:00,BTC,SELL,12.504982134370948,0.012504982134370948,0.15,S3_TREND
2026-08-31 22:00:00+00:00,ETH,SELL,27.903014821753455,0.027903014821753457,0.15,S3_TREND
2026-08-31 22:00:00+00:00,SOL,SELL,7522.396497433021,7.5223964974330215,0.075,S6_REVERSAL
2026-08-31 23:00:00+00:00,BTC,BUY,45.93409847438306,0.04593409847438307,0.15,S3_TREND
2026-08-31 23:00:00+00:00,ETH,BUY,28.719916748057585,0.028719916748057586,0.15,S3_TREND
2026-08-31 23:00:00+00:00,SOL,BUY,21.70812629870852,0.02170812629870852,0.075,S6_REVERSAL
