timestamp,symbol,side,notional,fee,target_weight,reason
2026-03-01 17:00:00+00:00,BTC,BUY,7500.0,7.5,0.075,S6_REVERSAL
2026-03-01 17:00:00+00:00,ETH,BUY,7500.0,7.5,0.075,S6_REVERSAL
2026-03-01 17:00:00+00:00,SOL,BUY,7500.0,7.5,0.075,S6_REVERSAL
2026-03-01 18:00:00+00:00,BTC,BUY,10.328510228915547,0.010328510228915547,0.075,S6_REVERSAL
2026-03-01 18:00:00+00:00,ETH,BUY,41.477382571815724,0.04147738257181573,0.075,S6_REVERSAL
2026-03-01 18:00:00+00:00,SOL,BUY,1.585323249616522,0.001585323249616522,0.075,S6_REVERSAL
2026-03-01 19:00:00+00:00,BTC,SELL,30.961984776628015,0.030961984776628017,0.075,S6_REVERSAL
2026-03-01 19:00:00+00:00,ETH,SELL,48.636456456055384,0.04863645645605538,0.075,S6_REVERSAL
2026-03-01 19:00:00+00:00,SOL,BUY,3.7613014534472313,0.0037613014534472315,0.075,S6_REVERSAL
2026-03-01 20:00:00+00:00,BTC,BUY,26.162593151192596,0.026162593151192595,0.075,S6_REVERSAL
2026-03-01 20:00:00+00:00,ETH,BUY,69.29446869873118,0.06929446869873118,0.075,S6_REVERSAL
2026-03-01 20:00:00+00:00,SOL,BUY,48.602705183406215,0.04860270518340622,0.075,S6_REVERSAL
2026-03-01 21:00:00+00:00,BTC,BUY,49.68338117518033,0.04968338117518033,0.075,S6_REVERSAL
2026-03-01 21:00:00+00:00,ETH,SELL,7334.24210074162,7.33424210074162,0.0,CASH
2026-03-01 21:00:00+00:00,SOL,SELL,7373.610247873909,7.373610247873909,0.0,CASH
2026-03-01 22:00:00+00:00,BTC,SELL,39.80543545339697,0.039805435453396966,0.075,S6_REVERSAL
2026-03-01 22:00:00+00:00,SOL,BUY,7462.607206470302,7.462607206470302,0.075,S6_REVERSAL
2026-03-01 23:00:00+00:00,BTC,BUY,39.80361917060418,0.03980361917060418,0.075,S6_REVERSAL
2026-03-01 23:00:00+00:00,SOL,BUY,13.529400503699435,0.013529400503699435,0.075,S6_REVERSAL
2026-03-02 00:00:00+00:00,BTC,SELL,47.650312023495644,0.04765031202349564,0.075,S6_REVERSAL
2026-03-02 00:00:00+00:00,SOL,SELL,69.8691767584296,0.0698691767584296,0.075,S6_REVERSAL
2026-03-02 01:00:00+00:00,BTC,SELL,66.83801355002197,0.06683801355002197,0.075,S6_REVERSAL
2026-03-02 01:00:00+00:00,SOL,SELL,108.67168519515508,0.10867168519515508,0.075,S6_REVERSAL
2026-03-02 02:00:00+00:00,BTC,SELL,5.696805854722697,0.005696805854722697,0.075,S6_REVERSAL
2026-03-02 02:00:00+00:00,SOL,BUY,31.188973525103393,0.031188973525103393,0.075,S6_REVERSAL
2026-03-02 03:00:00+00:00,BTC,BUY,23.428589976325384,0.023428589976325385,0.075,S6_REVERSAL
2026-03-02 03:00:00+00:00,SOL,BUY,36.278714492061226,0.03627871449206123,0.075,S6_REVERSAL
2026-03-02 04:00:00+00:00,BTC,SELL,52.48711832911522,0.05248711832911522,0.075,S6_REVERSAL
2026-03-02 04:00:00+00:00,SOL,SELL,47.17792915024165,0.04717792915024165,0.075,S6_REVERSAL
2026-03-02 05:00:00+00:00,BTC,SELL,7.479098409271501,0.007479098409271501,0.075,S6_REVERSAL
2026-03-02 05:00:00+00:00,SOL,BUY,38.72551319783088,0.03872551319783088,0.075,S6_REVERSAL
2026-03-02 06:00:00+00:00,BTC,BUY,13.057190070268916,0.013057190070268917,0.075,S6_REVERSAL
2026-03-02 06:00:00+00:00,SOL,BUY,5.461061928986055,0.005461061928986055,0.075,S6_REVERSAL
2026-03-02 07:00:00+00:00,BTC,BUY,48.06364383465734,0.04806364383465734,0.075,S6_REVERSAL
2026-03-02 07:00:00+00:00,SOL,BUY,75.25666663115499,0.07525666663115499,0.075,S6_REVERSAL
2026-03-02 08:00:00+00:00,BTC,BUY,18.540865905488317,0.018540865905488316,0.075,S6_REVERSAL
2026-03-02 08:00:00+00:00,SOL,BUY,23.21686004183175,0.023216860041831752,0.075,S6_REVERSAL
2026-03-02 09:00:00+00:00,BTC,SELL,25.380661696158313,0.025380661696158314,0.075,S6_REVERSAL
2026-03-02 09:00:00+00:00,SOL,SELL,38.46412012514429,0.03846412012514429,0.075,S6_REVERSAL
2026-03-02 10:00:00+00:00,BTC,BUY,13.024981336287965,0.013024981336287966,0.075,S6_REVERSAL
2026-03-02 10:00:00+00:00,SOL,SELL,15.869409996519607,0.015869409996519607,0.075,S6_REVERSAL
2026-03-02 11:00:00+00:00,BTC,SELL,13.694767069611771,0.013694767069611771,0.075,S6_REVERSAL
2026-03-02 11:00:00+00:00,SOL,SELL,20.236175165046916,0.020236175165046916,0.075,S6_REVERSAL
2026-03-02 12:00:00+00:00,BTC,SELL,4.581415112066679,0.004581415112066679,0.075,S6_REVERSAL
2026-03-02 12:00:00+00:00,SOL,BUY,1.1874297873382602,0.0011874297873382602,0.075,S6_REVERSAL
2026-03-02 13:00:00+00:00,BTC,BUY,40.08029870058817,0.04008029870058817,0.075,S6_REVERSAL
2026-03-02 13:00:00+00:00,SOL,BUY,11.488987218042894,0.011488987218042894,0.075,S6_REVERSAL
2026-03-02 14:00:00+00:00,BTC,BUY,50.60782614076379,0.05060782614076379,0.075,S6_REVERSAL
2026-03-02 14:00:00+00:00,SOL,BUY,47.559177300327065,0.04755917730032706,0.075,S6_REVERSAL
2026-03-02 15:00:00+00:00,BTC,SELL,165.69131247179484,0.16569131247179486,0.075,S6_REVERSAL
2026-03-02 15:00:00+00:00,SOL,SELL,201.16901930084256,0.20116901930084258,0.075,S6_REVERSAL
2026-03-02 16:00:00+00:00,BTC,SELL,181.22534410266326,0.18122534410266325,0.075,S6_REVERSAL
2026-03-02 16:00:00+00:00,SOL,SELL,7764.817927787247,7.764817927787247,0.0,CASH
2026-03-02 17:00:00+00:00,BTC,SELL,7562.814124659196,7.562814124659196,0.0,CASH
2026-03-03 06:00:00+00:00,SOL,BUY,7531.582267260028,7.531582267260028,0.075,S6_REVERSAL
2026-03-03 07:00:00+00:00,BTC,BUY,7531.412457690141,7.531412457690141,0.075,S6_REVERSAL
2026-03-03 07:00:00+00:00,ETH,BUY,7531.412457690141,7.531412457690141,0.075,S6_REVERSAL
2026-03-03 07:00:00+00:00,SOL,SELL,5.437264238677017,0.005437264238677017,0.075,S6_REVERSAL
2026-03-03 08:00:00+00:00,BTC,SELL,10.500089880104497,0.010500089880104497,0.075,S6_REVERSAL
2026-03-03 08:00:00+00:00,ETH,BUY,7.955494676782109,0.00795549467678211,0.075,S6_REVERSAL
2026-03-03 08:00:00+00:00,SOL,BUY,20.49143576043116,0.020491435760431158,0.075,S6_REVERSAL
2026-03-03 09:00:00+00:00,BTC,SELL,7399.0724468909875,7.399072446890988,0.0,CASH
2026-03-03 09:00:00+00:00,ETH,SELL,7365.232776907701,7.3652327769077015,0.0,CASH
2026-03-03 09:00:00+00:00,SOL,SELL,7412.100983258194,7.4121009832581946,0.0,CASH
2026-03-03 10:00:00+00:00,BTC,BUY,7495.932836041819,7.49593283604182,0.075,S6_REVERSAL
2026-03-03 10:00:00+00:00,ETH,BUY,7495.932836041819,7.49593283604182,0.075,S6_REVERSAL
2026-03-03 10:00:00+00:00,SOL,BUY,14991.865672083639,14.99186567208364,0.15,S6_S8_REVERSAL
2026-03-03 11:00:00+00:00,BTC,SELL,27.53924988414201,0.02753924988414201,0.075,S6_REVERSAL
2026-03-03 11:00:00+00:00,ETH,SELL,28.54903166476015,0.028549031664760152,0.075,S6_REVERSAL
2026-03-03 11:00:00+00:00,SOL,BUY,60.25997217379336,0.06025997217379336,0.15,S6_S8_REVERSAL
2026-03-03 12:00:00+00:00,BTC,SELL,12.30193600304574,0.01230193600304574,0.075,S6_REVERSAL
2026-03-03 12:00:00+00:00,ETH,SELL,6.025843396902928,0.006025843396902928,0.075,S6_REVERSAL
2026-03-03 12:00:00+00:00,SOL,SELL,40.90042760444703,0.04090042760444703,0.15,S6_S8_REVERSAL
2026-03-03 13:00:00+00:00,BTC,SELL,34.01886316153741,0.03401886316153741,0.075,S6_REVERSAL
2026-03-03 13:00:00+00:00,ETH,SELL,16.34842102987568,0.01634842102987568,0.075,S6_REVERSAL
2026-03-03 13:00:00+00:00,SOL,SELL,21.91806767016533,0.02191806767016533,0.15,S6_S8_REVERSAL
2026-03-03 14:00:00+00:00,BTC,BUY,33.17202073122735,0.033172020731227346,0.075,S6_REVERSAL
2026-03-03 14:00:00+00:00,ETH,BUY,39.93363443796625,0.03993363443796625,0.075,S6_REVERSAL
2026-03-03 14:00:00+00:00,SOL,BUY,104.23315737910889,0.10423315737910889,0.15,S6_S8_REVERSAL
2026-03-03 15:00:00+00:00,BTC,BUY,29.556216408594082,0.029556216408594082,0.075,S6_REVERSAL
2026-03-03 15:00:00+00:00,ETH,BUY,24.880994144185024,0.024880994144185025,0.075,S6_REVERSAL
2026-03-03 15:00:00+00:00,SOL,BUY,47.87155952372996,0.047871559523729956,0.15,S6_S8_REVERSAL
2026-03-03 16:00:00+00:00,BTC,SELL,88.44701992397859,0.08844701992397859,0.075,S6_REVERSAL
2026-03-03 16:00:00+00:00,ETH,SELL,60.2289641206562,0.0602289641206562,0.075,S6_REVERSAL
2026-03-03 16:00:00+00:00,SOL,SELL,238.58238255218018,0.23858238255218017,0.15,S6_S8_REVERSAL
2026-03-03 17:00:00+00:00,BTC,SELL,37.105627077230565,0.037105627077230564,0.075,S6_REVERSAL
2026-03-03 17:00:00+00:00,ETH,SELL,43.533365385768775,0.043533365385768776,0.075,S6_REVERSAL
2026-03-03 17:00:00+00:00,SOL,SELL,39.71842415305582,0.03971842415305582,0.15,S6_S8_REVERSAL
2026-03-03 18:00:00+00:00,BTC,SELL,18.47164426076506,0.01847164426076506,0.075,S6_REVERSAL
2026-03-03 18:00:00+00:00,ETH,BUY,10.166284120860837,0.010166284120860836,0.075,S6_REVERSAL
2026-03-03 18:00:00+00:00,SOL,BUY,33.39720044341084,0.03339720044341084,0.15,S6_S8_REVERSAL
2026-03-03 19:00:00+00:00,BTC,SELL,26.76161823565417,0.02676161823565417,0.075,S6_REVERSAL
2026-03-03 19:00:00+00:00,ETH,SELL,21.583269517795998,0.021583269517796,0.075,S6_REVERSAL
2026-03-03 19:00:00+00:00,SOL,SELL,20.592063412657808,0.020592063412657808,0.15,S6_S8_REVERSAL
2026-03-03 20:00:00+00:00,BTC,BUY,15.05632568996316,0.01505632568996316,0.075,S6_REVERSAL
2026-03-03 20:00:00+00:00,ETH,BUY,2.072396906976792,0.0020723969069767916,0.075,S6_REVERSAL
2026-03-03 20:00:00+00:00,SOL,BUY,40.5743831489217,0.0405743831489217,0.15,S6_S8_REVERSAL
2026-03-03 21:00:00+00:00,BTC,BUY,11.955889474399555,0.011955889474399555,0.075,S6_REVERSAL
2026-03-03 21:00:00+00:00,ETH,BUY,22.514837287571936,0.022514837287571938,0.075,S6_REVERSAL
2026-03-03 21:00:00+00:00,SOL,BUY,27.430846797449703,0.027430846797449705,0.15,S6_S8_REVERSAL
2026-03-03 22:00:00+00:00,BTC,BUY,25.503150454420393,0.025503150454420392,0.075,S6_REVERSAL
2026-03-03 22:00:00+00:00,ETH,BUY,36.47480684099355,0.03647480684099355,0.075,S6_REVERSAL
2026-03-03 22:00:00+00:00,SOL,SELL,51.83470318094442,0.05183470318094442,0.15,S6_S8_REVERSAL
2026-03-03 23:00:00+00:00,BTC,SELL,11.460860180261989,0.01146086018026199,0.075,S6_REVERSAL
2026-03-03 23:00:00+00:00,ETH,SELL,34.70920732113882,0.03470920732113882,0.075,S6_REVERSAL
2026-03-03 23:00:00+00:00,SOL,SELL,159.2224389352923,0.1592224389352923,0.15,S6_S8_REVERSAL
2026-03-04 00:00:00+00:00,BTC,BUY,7.921010379532163,0.007921010379532164,0.075,S6_REVERSAL
2026-03-04 00:00:00+00:00,ETH,BUY,10.97815835174606,0.010978158351746061,0.075,S6_REVERSAL
2026-03-04 00:00:00+00:00,SOL,SELL,104.17279096879793,0.10417279096879793,0.15,S6_S8_REVERSAL
2026-03-04 01:00:00+00:00,BTC,BUY,18.580198300820484,0.018580198300820486,0.075,S6_REVERSAL
2026-03-04 01:00:00+00:00,ETH,BUY,14.8355542355539,0.0148355542355539,0.075,S6_REVERSAL
2026-03-04 01:00:00+00:00,SOL,BUY,45.56703071613265,0.04556703071613265,0.15,S6_S8_REVERSAL
2026-03-04 02:00:00+00:00,BTC,SELL,22.15876459689389,0.02215876459689389,0.075,S6_REVERSAL
2026-03-04 02:00:00+00:00,ETH,SELL,6.81138748113699,0.00681138748113699,0.075,S6_REVERSAL
2026-03-04 02:00:00+00:00,SOL,SELL,15199.641441424863,15.199641441424863,0.0,CASH
2026-03-04 03:00:00+00:00,BTC,BUY,6.490930598693012,0.0064909305986930125,0.075,S6_REVERSAL
2026-03-04 03:00:00+00:00,ETH,BUY,6.963706148723759,0.006963706148723759,0.075,S6_REVERSAL
2026-03-04 04:00:00+00:00,BTC,BUY,55.20482356815137,0.05520482356815137,0.075,S6_REVERSAL
2026-03-04 04:00:00+00:00,ETH,BUY,59.843951730835215,0.05984395173083522,0.075,S6_REVERSAL
2026-03-04 05:00:00+00:00,BTC,SELL,5.734093247892815,0.005734093247892816,0.075,S6_REVERSAL
2026-03-04 05:00:00+00:00,ETH,BUY,2.682769852869569,0.002682769852869569,0.075,S6_REVERSAL
2026-03-04 06:00:00+00:00,BTC,SELL,40.15692717845468,0.040156927178454684,0.075,S6_REVERSAL
2026-03-04 06:00:00+00:00,ETH,SELL,35.22129912401488,0.03522129912401488,0.075,S6_REVERSAL
2026-03-04 07:00:00+00:00,BTC,SELL,28.230141584738703,0.028230141584738706,0.075,S6_REVERSAL
2026-03-04 07:00:00+00:00,ETH,SELL,30.101466701313257,0.030101466701313258,0.075,S6_REVERSAL
2026-03-04 08:00:00+00:00,BTC,SELL,93.00553124846283,0.09300553124846284,0.075,S6_REVERSAL
2026-03-04 08:00:00+00:00,ETH,SELL,84.35765993399764,0.08435765993399764,0.075,S6_REVERSAL
2026-03-04 09:00:00+00:00,BTC,SELL,7736.895812546533,7.736895812546534,0.0,CASH
2026-03-04 09:00:00+00:00,ETH,SELL,7787.163468955928,7.787163468955928,0.0,CASH
2026-03-06 01:00:00+00:00,BTC,BUY,7598.882313713101,7.598882313713101,0.075,S6_REVERSAL
2026-03-06 01:00:00+00:00,ETH,BUY,7598.882313713101,7.598882313713101,0.075,S6_REVERSAL
2026-03-06 01:00:00+00:00,SOL,BUY,7598.882313713101,7.598882313713101,0.075,S6_REVERSAL
2026-03-06 02:00:00+00:00,BTC,SELL,23.145472284207248,0.02314547228420725,0.075,S6_REVERSAL
2026-03-06 02:00:00+00:00,ETH,SELL,40.60128590166278,0.04060128590166278,0.075,S6_REVERSAL
2026-03-06 02:00:00+00:00,SOL,SELL,17.43858955599535,0.01743858955599535,0.075,S6_REVERSAL
2026-03-06 03:00:00+00:00,BTC,SELL,5.3643895162986155,0.005364389516298616,0.075,S6_REVERSAL
2026-03-06 03:00:00+00:00,ETH,BUY,7.8592011260743675,0.007859201126074368,0.075,S6_REVERSAL
2026-03-06 03:00:00+00:00,SOL,BUY,58.11623225300718,0.05811623225300718,0.075,S6_REVERSAL
2026-03-06 04:00:00+00:00,BTC,BUY,17.074750124319507,0.01707475012431951,0.075,S6_REVERSAL
2026-03-06 04:00:00+00:00,SOL,SELL,2.993996078636883,0.002993996078636883,0.075,S6_REVERSAL
2026-03-06 05:00:00+00:00,BTC,BUY,41.06037604405719,0.04106037604405719,0.075,S6_REVERSAL
2026-03-06 05:00:00+00:00,ETH,BUY,37.37244163804826,0.03737244163804826,0.075,S6_REVERSAL
2026-03-06 05:00:00+00:00,SOL,BUY,11.797383244822413,0.011797383244822414,0.075,S6_REVERSAL
2026-03-06 06:00:00+00:00,BTC,BUY,15.35459819256721,0.01535459819256721,0.075,S6_REVERSAL
2026-03-06 06:00:00+00:00,ETH,BUY,3.3959137032370563,0.0033959137032370562,0.075,S6_REVERSAL
2026-03-06 06:00:00+00:00,SOL,BUY,19.52773490830623,0.01952773490830623,0.075,S6_REVERSAL
2026-03-06 07:00:00+00:00,BTC,SELL,13.345166178926775,0.013345166178926775,0.075,S6_REVERSAL
2026-03-06 07:00:00+00:00,ETH,SELL,14.736292723268889,0.014736292723268889,0.075,S6_REVERSAL
2026-03-06 07:00:00+00:00,SOL,SELL,13.262527450838206,0.013262527450838207,0.075,S6_REVERSAL
2026-03-06 08:00:00+00:00,BTC,SELL,39.31014039593447,0.039310140395934466,0.075,S6_REVERSAL
2026-03-06 08:00:00+00:00,ETH,SELL,22.10972445221887,0.02210972445221887,0.075,S6_REVERSAL
2026-03-06 08:00:00+00:00,SOL,SELL,42.498135661659035,0.04249813566165903,0.075,S6_REVERSAL
2026-03-06 09:00:00+00:00,BTC,BUY,22.334786606113994,0.022334786606113995,0.075,S6_REVERSAL
2026-03-06 09:00:00+00:00,ETH,BUY,18.850878067763915,0.018850878067763914,0.075,S6_REVERSAL
2026-03-06 09:00:00+00:00,SOL,BUY,22.914374889735882,0.022914374889735883,0.075,S6_REVERSAL
2026-03-06 10:00:00+00:00,BTC,BUY,12.291570870947908,0.012291570870947907,0.075,S6_REVERSAL
2026-03-06 10:00:00+00:00,ETH,BUY,46.64606681587793,0.04664606681587793,0.075,S6_REVERSAL
2026-03-06 10:00:00+00:00,SOL,SELL,7518.78060644519,7.51878060644519,0.0,CASH
2026-03-06 11:00:00+00:00,BTC,BUY,4.112293486818089,0.004112293486818089,0.075,S6_REVERSAL
2026-03-06 11:00:00+00:00,ETH,SELL,12.479401181010871,0.012479401181010872,0.075,S6_REVERSAL
2026-03-06 12:00:00+00:00,BTC,BUY,27.90622508744582,0.027906225087445818,0.075,S6_REVERSAL
2026-03-06 12:00:00+00:00,ETH,BUY,39.532505393674,0.039532505393674,0.075,S6_REVERSAL
2026-03-06 13:00:00+00:00,BTC,SELL,7542.063685911434,7.542063685911434,0.0,CASH
2026-03-06 13:00:00+00:00,ETH,BUY,6.094339629990827,0.006094339629990828,0.075,S6_REVERSAL
2026-03-06 13:00:00+00:00,SOL,BUY,7571.894820812578,7.571894820812577,0.075,S6_REVERSAL
2026-03-06 14:00:00+00:00,BTC,BUY,7557.044584788451,7.557044584788452,0.075,S6_REVERSAL
2026-03-06 14:00:00+00:00,ETH,SELL,7466.070445790678,7.4660704457906775,0.0,CASH
2026-03-06 14:00:00+00:00,SOL,BUY,62.20848309597295,0.062208483095972954,0.075,S6_REVERSAL
2026-03-06 15:00:00+00:00,BTC,BUY,71.72029592811032,0.07172029592811031,0.075,S6_REVERSAL
2026-03-06 15:00:00+00:00,ETH,BUY,7541.057621138043,7.541057621138044,0.075,S6_REVERSAL
2026-03-06 15:00:00+00:00,SOL,SELL,7446.677652541863,7.4466776525418625,0.0,CASH
2026-03-06 16:00:00+00:00,BTC,SELL,11.811119521190449,0.011811119521190449,0.075,S6_REVERSAL
2026-03-06 16:00:00+00:00,ETH,BUY,12.151222513922221,0.01215122251392222,0.075,S6_REVERSAL
2026-03-06 16:00:00+00:00,SOL,BUY,7539.698836559013,7.539698836559014,0.075,S6_REVERSAL
2026-03-06 17:00:00+00:00,BTC,BUY,1.4984534023387823,0.0014984534023387824,0.075,S6_REVERSAL
2026-03-06 17:00:00+00:00,ETH,BUY,20.709156950154465,0.020709156950154465,0.075,S6_REVERSAL
2026-03-06 17:00:00+00:00,SOL,BUY,20.92403951751021,0.02092403951751021,0.075,S6_REVERSAL
2026-03-06 18:00:00+00:00,BTC,SELL,7480.695889786691,7.480695889786691,0.0,CASH
2026-03-06 18:00:00+00:00,ETH,BUY,10.915647452588018,0.010915647452588018,0.075,S6_REVERSAL
2026-03-06 18:00:00+00:00,SOL,BUY,7.036490916429102,0.007036490916429102,0.075,S6_REVERSAL
2026-03-06 19:00:00+00:00,BTC,BUY,15074.466449865055,15.074466449865055,0.15,S6_S8_REVERSAL
2026-03-06 19:00:00+00:00,ETH,SELL,21.285314728104822,0.021285314728104823,0.075,S6_REVERSAL
2026-03-06 19:00:00+00:00,SOL,SELL,85.96326270637746,0.08596326270637747,0.075,S6_REVERSAL
2026-03-06 20:00:00+00:00,BTC,BUY,11.440290507638565,0.011440290507638565,0.15,S6_S8_REVERSAL
2026-03-06 20:00:00+00:00,ETH,SELL,34.59169896669573,0.034591698966695734,0.075,S6_REVERSAL
2026-03-06 20:00:00+00:00,SOL,BUY,5.561566899325044,0.005561566899325044,0.075,S6_REVERSAL
2026-03-06 21:00:00+00:00,BTC,SELL,1.8021764338318462,0.0018021764338318463,0.15,S6_S8_REVERSAL
2026-03-06 21:00:00+00:00,ETH,BUY,16.21825673832973,0.016218256738329728,0.075,S6_REVERSAL
2026-03-06 21:00:00+00:00,SOL,BUY,15.378354431087246,0.015378354431087246,0.075,S6_REVERSAL
2026-03-06 22:00:00+00:00,BTC,SELL,34.15847319589557,0.034158473195895565,0.15,S6_S8_REVERSAL
2026-03-06 22:00:00+00:00,ETH,SELL,16.876424356291864,0.016876424356291865,0.075,S6_REVERSAL
2026-03-06 22:00:00+00:00,SOL,BUY,26.552045793180696,0.026552045793180698,0.075,S6_REVERSAL
2026-03-06 23:00:00+00:00,ETH,SELL,10.08977287540074,0.01008977287540074,0.075,S6_REVERSAL
2026-03-06 23:00:00+00:00,SOL,SELL,18.25468650564926,0.01825468650564926,0.075,S6_REVERSAL
2026-03-07 00:00:00+00:00,BTC,BUY,29.422142007861112,0.029422142007861113,0.15,S6_S8_REVERSAL
2026-03-07 00:00:00+00:00,ETH,BUY,24.7336286877362,0.024733628687736202,0.075,S6_REVERSAL
2026-03-07 00:00:00+00:00,SOL,BUY,17.13940472012655,0.01713940472012655,0.075,S6_REVERSAL
2026-03-07 01:00:00+00:00,BTC,SELL,30.797898471599183,0.030797898471599184,0.15,S6_S8_REVERSAL
2026-03-07 01:00:00+00:00,ETH,SELL,6.432203712682167,0.006432203712682167,0.075,S6_REVERSAL
2026-03-07 01:00:00+00:00,SOL,SELL,1.223942196711505,0.001223942196711505,0.075,S6_REVERSAL
2026-03-07 02:00:00+00:00,BTC,BUY,4.353147375277331,0.004353147375277331,0.15,S6_S8_REVERSAL
2026-03-07 02:00:00+00:00,ETH,BUY,2.0035999728179377,0.0020035999728179378,0.075,S6_REVERSAL
2026-03-07 02:00:00+00:00,SOL,BUY,2.593891626698678,0.0025938916266986783,0.075,S6_REVERSAL
2026-03-07 03:00:00+00:00,BTC,SELL,15.558246392909496,0.015558246392909496,0.15,S6_S8_REVERSAL
2026-03-07 03:00:00+00:00,ETH,SELL,8.941235784883247,0.008941235784883247,0.075,S6_REVERSAL
2026-03-07 03:00:00+00:00,SOL,BUY,6.387411921072271,0.006387411921072271,0.075,S6_REVERSAL
2026-03-07 04:00:00+00:00,BTC,BUY,44.09296611057471,0.044092966110574706,0.15,S6_S8_REVERSAL
2026-03-07 04:00:00+00:00,ETH,BUY,6.553615689681465,0.006553615689681464,0.075,S6_REVERSAL
2026-03-07 04:00:00+00:00,SOL,BUY,5.549725122424206,0.005549725122424206,0.075,S6_REVERSAL
2026-03-07 05:00:00+00:00,ETH,BUY,14.859088907623118,0.014859088907623118,0.075,S6_REVERSAL
2026-03-07 05:00:00+00:00,SOL,BUY,19.50223806761278,0.01950223806761278,0.075,S6_REVERSAL
2026-03-07 06:00:00+00:00,BTC,BUY,11.28420354035552,0.01128420354035552,0.15,S6_S8_REVERSAL
2026-03-07 06:00:00+00:00,ETH,SELL,13.184169852897867,0.013184169852897868,0.075,S6_REVERSAL
2026-03-07 06:00:00+00:00,SOL,SELL,5.489557712425267,0.005489557712425267,0.075,S6_REVERSAL
2026-03-07 07:00:00+00:00,BTC,BUY,53.453159351400245,0.05345315935140025,0.15,S6_S8_REVERSAL
2026-03-07 07:00:00+00:00,ETH,BUY,18.029962069741487,0.018029962069741487,0.075,S6_REVERSAL
2026-03-07 07:00:00+00:00,SOL,BUY,17.266848342112098,0.017266848342112097,0.075,S6_REVERSAL
2026-03-07 08:00:00+00:00,BTC,SELL,18.39886533002391,0.01839886533002391,0.15,S6_S8_REVERSAL
2026-03-07 08:00:00+00:00,ETH,SELL,34.93128323695237,0.03493128323695237,0.075,S6_REVERSAL
2026-03-07 08:00:00+00:00,SOL,SELL,18.28264378096992,0.018282643780969922,0.075,S6_REVERSAL
2026-03-07 09:00:00+00:00,BTC,BUY,6.504881522438154,0.006504881522438154,0.15,S6_S8_REVERSAL
2026-03-07 09:00:00+00:00,ETH,BUY,16.682973537658654,0.016682973537658654,0.075,S6_REVERSAL
2026-03-07 09:00:00+00:00,SOL,SELL,4.669355887785059,0.004669355887785059,0.075,S6_REVERSAL
2026-03-07 10:00:00+00:00,BTC,SELL,31.04584628387238,0.03104584628387238,0.15,S6_S8_REVERSAL
2026-03-07 10:00:00+00:00,ETH,SELL,24.50264506559961,0.02450264506559961,0.075,S6_REVERSAL
2026-03-07 10:00:00+00:00,SOL,SELL,11.545614201578246,0.011545614201578246,0.075,S6_REVERSAL
2026-03-07 11:00:00+00:00,BTC,BUY,20.460015885091707,0.020460015885091706,0.15,S6_S8_REVERSAL
2026-03-07 11:00:00+00:00,ETH,BUY,4.518564804442576,0.004518564804442576,0.075,S6_REVERSAL
2026-03-07 11:00:00+00:00,SOL,BUY,3.207119609873189,0.003207119609873189,0.075,S6_REVERSAL
2026-03-07 12:00:00+00:00,BTC,SELL,19.723975036697084,0.019723975036697084,0.15,S6_S8_REVERSAL
2026-03-07 12:00:00+00:00,ETH,SELL,12.77864823850814,0.01277864823850814,0.075,S6_REVERSAL
2026-03-07 12:00:00+00:00,SOL,SELL,9.733413675027805,0.009733413675027804,0.075,S6_REVERSAL
2026-03-07 13:00:00+00:00,BTC,SELL,5.165428046211673,0.005165428046211673,0.15,S6_S8_REVERSAL
2026-03-07 13:00:00+00:00,ETH,BUY,19.76203060368698,0.019762030603686982,0.075,S6_REVERSAL
2026-03-07 13:00:00+00:00,SOL,BUY,27.517181861729114,0.027517181861729113,0.075,S6_REVERSAL
2026-03-07 14:00:00+00:00,BTC,BUY,11.177795034160226,0.011177795034160226,0.15,S6_S8_REVERSAL
2026-03-07 14:00:00+00:00,ETH,BUY,1.3636111263576822,0.0013636111263576822,0.075,S6_REVERSAL
2026-03-07 14:00:00+00:00,SOL,SELL,1.2187597549373095,0.0012187597549373095,0.075,S6_REVERSAL
2026-03-07 15:00:00+00:00,BTC,SELL,14.12127099652389,0.014121270996523891,0.15,S6_S8_REVERSAL
2026-03-07 15:00:00+00:00,ETH,SELL,17.24585873001888,0.01724585873001888,0.075,S6_REVERSAL
2026-03-07 15:00:00+00:00,SOL,BUY,8.679946278757598,0.008679946278757598,0.075,S6_REVERSAL
2026-03-07 16:00:00+00:00,BTC,BUY,16.365421982216503,0.016365421982216504,0.15,S6_S8_REVERSAL
2026-03-07 16:00:00+00:00,ETH,BUY,15.428495220731747,0.015428495220731748,0.075,S6_REVERSAL
2026-03-07 16:00:00+00:00,SOL,BUY,35.677680139270706,0.03567768013927071,0.075,S6_REVERSAL
2026-03-07 17:00:00+00:00,BTC,BUY,13.363174578866165,0.013363174578866165,0.15,S6_S8_REVERSAL
2026-03-07 17:00:00+00:00,ETH,BUY,10.599846399395574,0.010599846399395573,0.075,S6_REVERSAL
2026-03-07 17:00:00+00:00,SOL,BUY,10.655494762172566,0.010655494762172566,0.075,S6_REVERSAL
2026-03-07 18:00:00+00:00,SOL,SELL,2.325264822675308,0.002325264822675308,0.075,S6_REVERSAL
2026-03-07 19:00:00+00:00,BTC,BUY,34.48975375223745,0.03448975375223745,0.15,S6_S8_REVERSAL
2026-03-07 19:00:00+00:00,ETH,BUY,16.308744865094013,0.016308744865094014,0.075,S6_REVERSAL
2026-03-07 19:00:00+00:00,SOL,SELL,7498.73998868001,7.49873998868001,0.0,CASH
2026-03-07 20:00:00+00:00,BTC,SELL,14916.308872500033,14.916308872500032,0.0,CASH
2026-03-07 20:00:00+00:00,ETH,BUY,47.772394114810595,0.047772394114810594,0.075,S6_REVERSAL
2026-03-07 20:00:00+00:00,SOL,BUY,7499.108834876632,7.4991088348766315,0.075,S6_REVERSAL
2026-03-07 21:00:00+00:00,ETH,SELL,38.015136577107114,0.03801513657710712,0.075,S6_REVERSAL
2026-03-07 21:00:00+00:00,SOL,SELL,41.32806701315985,0.04132806701315985,0.075,S6_REVERSAL
2026-03-07 22:00:00+00:00,ETH,SELL,13.137045019873767,0.013137045019873768,0.075,S6_REVERSAL
2026-03-07 22:00:00+00:00,SOL,SELL,19.703898024858063,0.019703898024858064,0.075,S6_REVERSAL
2026-03-07 23:00:00+00:00,ETH,BUY,12.66055451990269,0.01266055451990269,0.075,S6_REVERSAL
2026-03-07 23:00:00+00:00,SOL,BUY,22.992407051761802,0.022992407051761803,0.075,S6_REVERSAL
2026-03-08 00:00:00+00:00,ETH,SELL,9.490956044380255,0.009490956044380255,0.075,S6_REVERSAL
2026-03-08 00:00:00+00:00,SOL,SELL,18.343523573231323,0.018343523573231324,0.075,S6_REVERSAL
2026-03-08 01:00:00+00:00,ETH,BUY,1.3803543288177025,0.0013803543288177025,0.075,S6_REVERSAL
2026-03-08 01:00:00+00:00,SOL,BUY,12.318594226575442,0.012318594226575443,0.075,S6_REVERSAL
2026-03-08 02:00:00+00:00,SOL,BUY,8.361772178828687,0.008361772178828688,0.075,S6_REVERSAL
2026-03-08 03:00:00+00:00,BTC,BUY,7492.966596298123,7.492966596298123,0.075,S6_REVERSAL
2026-03-08 03:00:00+00:00,ETH,SELL,7403.793891122788,7.403793891122788,0.0,CASH
2026-03-08 03:00:00+00:00,SOL,BUY,40.08335358443492,0.04008335358443492,0.075,S6_REVERSAL
2026-03-08 04:00:00+00:00,BTC,SELL,9.27700757468483,0.009277007574684831,0.075,S6_REVERSAL
2026-03-08 04:00:00+00:00,SOL,BUY,4.55475607826429,0.00455475607826429,0.075,S6_REVERSAL
2026-03-08 05:00:00+00:00,BTC,BUY,35.01154105817932,0.03501154105817932,0.075,S6_REVERSAL
2026-03-08 05:00:00+00:00,ETH,BUY,7486.495732332252,7.486495732332252,0.075,S6_REVERSAL
2026-03-08 05:00:00+00:00,SOL,BUY,28.096493113417637,0.028096493113417637,0.075,S6_REVERSAL
2026-03-08 06:00:00+00:00,BTC,SELL,47.13305338263581,0.047133053382635806,0.075,S6_REVERSAL
2026-03-08 06:00:00+00:00,ETH,SELL,30.48566953385034,0.030485669533850342,0.075,S6_REVERSAL
2026-03-08 06:00:00+00:00,SOL,SELL,37.95234547504697,0.03795234547504697,0.075,S6_REVERSAL
2026-03-08 07:00:00+00:00,BTC,SELL,1.752269131682624,0.001752269131682624,0.075,S6_REVERSAL
2026-03-08 07:00:00+00:00,ETH,BUY,3.195929580651864,0.003195929580651864,0.075,S6_REVERSAL
2026-03-08 07:00:00+00:00,SOL,BUY,3.176580207948973,0.003176580207948973,0.075,S6_REVERSAL
2026-03-08 08:00:00+00:00,BTC,SELL,10.942600336526084,0.010942600336526085,0.075,S6_REVERSAL
2026-03-08 08:00:00+00:00,ETH,SELL,20.85602087368079,0.02085602087368079,0.075,S6_REVERSAL
2026-03-08 08:00:00+00:00,SOL,SELL,37.810620149777606,0.0378106201497776,0.075,S6_REVERSAL
2026-03-08 09:00:00+00:00,BTC,SELL,20.313179474327626,0.020313179474327626,0.075,S6_REVERSAL
2026-03-08 09:00:00+00:00,ETH,SELL,13.16249622396208,0.01316249622396208,0.075,S6_REVERSAL
2026-03-08 09:00:00+00:00,SOL,SELL,9.42343174974394,0.00942343174974394,0.075,S6_REVERSAL
2026-03-08 10:00:00+00:00,BTC,SELL,13.067345618836043,0.013067345618836044,0.075,S6_REVERSAL
2026-03-08 10:00:00+00:00,ETH,SELL,11.916473990201666,0.011916473990201666,0.075,S6_REVERSAL
2026-03-08 10:00:00+00:00,SOL,SELL,2.741537307733779,0.002741537307733779,0.075,S6_REVERSAL
2026-03-08 11:00:00+00:00,BTC,SELL,16.470408430578573,0.01647040843057857,0.075,S6_REVERSAL
2026-03-08 11:00:00+00:00,ETH,SELL,32.36623185507597,0.032366231855075964,0.075,S6_REVERSAL
2026-03-08 11:00:00+00:00,SOL,SELL,36.86335831811539,0.03686335831811539,0.075,S6_REVERSAL
2026-03-08 12:00:00+00:00,BTC,BUY,27.613077538732796,0.027613077538732798,0.075,S6_REVERSAL
2026-03-08 12:00:00+00:00,ETH,BUY,71.28076478031835,0.07128076478031835,0.075,S6_REVERSAL
2026-03-08 12:00:00+00:00,SOL,BUY,60.91406676282895,0.060914066762828956,0.075,S6_REVERSAL
2026-03-08 13:00:00+00:00,BTC,BUY,14.745502314776786,0.014745502314776787,0.075,S6_REVERSAL
2026-03-08 13:00:00+00:00,ETH,BUY,13.246139839833631,0.013246139839833632,0.075,S6_REVERSAL
2026-03-08 13:00:00+00:00,SOL,BUY,37.994450868258355,0.03799445086825835,0.075,S6_REVERSAL
2026-03-08 14:00:00+00:00,BTC,BUY,7.103580947748924,0.007103580947748924,0.075,S6_REVERSAL
2026-03-08 14:00:00+00:00,ETH,BUY,4.7638325971720406,0.004763832597172041,0.075,S6_REVERSAL
2026-03-08 14:00:00+00:00,SOL,BUY,18.043908250501772,0.018043908250501773,0.075,S6_REVERSAL
2026-03-08 15:00:00+00:00,BTC,SELL,8.954088545382547,0.008954088545382547,0.075,S6_REVERSAL
2026-03-08 15:00:00+00:00,ETH,SELL,2.0043150612782483,0.0020043150612782485,0.075,S6_REVERSAL
2026-03-08 15:00:00+00:00,SOL,SELL,17.34636907084314,0.017346369070843137,0.075,S6_REVERSAL
2026-03-08 16:00:00+00:00,BTC,BUY,10.167580393657772,0.010167580393657772,0.075,S6_REVERSAL
2026-03-08 16:00:00+00:00,ETH,BUY,5.116741466190433,0.005116741466190434,0.075,S6_REVERSAL
2026-03-08 16:00:00+00:00,SOL,BUY,19.408402886095246,0.019408402886095247,0.075,S6_REVERSAL
2026-03-08 17:00:00+00:00,BTC,BUY,30.187409516579464,0.030187409516579465,0.075,S6_REVERSAL
2026-03-08 17:00:00+00:00,ETH,BUY,16.478765037555604,0.016478765037555604,0.075,S6_REVERSAL
2026-03-08 17:00:00+00:00,SOL,BUY,40.003803571154094,0.040003803571154094,0.075,S6_REVERSAL
2026-03-08 18:00:00+00:00,BTC,SELL,19.18636407601116,0.01918636407601116,0.075,S6_REVERSAL
2026-03-08 18:00:00+00:00,ETH,BUY,6.61007504934696,0.0066100750493469605,0.075,S6_REVERSAL
2026-03-08 18:00:00+00:00,SOL,SELL,12.29014816392555,0.012290148163925551,0.075,S6_REVERSAL
2026-03-08 19:00:00+00:00,BTC,BUY,24.73613319852575,0.02473613319852575,0.075,S6_REVERSAL
2026-03-08 19:00:00+00:00,ETH,BUY,16.869865753030354,0.016869865753030355,0.075,S6_REVERSAL
2026-03-08 19:00:00+00:00,SOL,BUY,3.84627374998945,0.00384627374998945,0.075,S6_REVERSAL
2026-03-08 20:00:00+00:00,BTC,SELL,39.14936003506318,0.03914936003506318,0.075,S6_REVERSAL
2026-03-08 20:00:00+00:00,ETH,SELL,113.64222747389613,0.11364222747389613,0.075,S6_REVERSAL
2026-03-08 20:00:00+00:00,SOL,SELL,60.096459966674956,0.06009645996667496,0.075,S6_REVERSAL
2026-03-08 21:00:00+00:00,BTC,BUY,7.46372239503944,0.00746372239503944,0.075,S6_REVERSAL
2026-03-08 21:00:00+00:00,ETH,BUY,19.539037842442667,0.019539037842442666,0.075,S6_REVERSAL
2026-03-08 21:00:00+00:00,SOL,BUY,9.210577363346601,0.009210577363346602,0.075,S6_REVERSAL
2026-03-08 22:00:00+00:00,BTC,BUY,20.60712218360186,0.02060712218360186,0.075,S6_REVERSAL
2026-03-08 22:00:00+00:00,ETH,BUY,15.079756837597415,0.015079756837597415,0.075,S6_REVERSAL
2026-03-08 22:00:00+00:00,SOL,BUY,3.4915262863987664,0.0034915262863987663,0.075,S6_REVERSAL
2026-03-08 23:00:00+00:00,BTC,BUY,76.08965317376169,0.07608965317376169,0.075,S6_REVERSAL
2026-03-08 23:00:00+00:00,ETH,BUY,29.69331253956443,0.02969331253956443,0.075,S6_REVERSAL
2026-03-08 23:00:00+00:00,SOL,BUY,13.095228936786043,0.013095228936786043,0.075,S6_REVERSAL
2026-03-09 00:00:00+00:00,BTC,BUY,23.322055926832945,0.023322055926832945,0.075,S6_REVERSAL
2026-03-09 00:00:00+00:00,ETH,BUY,16.766919281030823,0.016766919281030825,0.075,S6_REVERSAL
2026-03-09 00:00:00+00:00,SOL,BUY,28.911508556199806,0.028911508556199807,0.075,S6_REVERSAL
2026-03-09 01:00:00+00:00,BTC,SELL,32.64565987850165,0.03264565987850165,0.075,S6_REVERSAL
2026-03-09 01:00:00+00:00,ETH,SELL,41.02134708675476,0.04102134708675476,0.075,S6_REVERSAL
2026-03-09 01:00:00+00:00,SOL,SELL,56.169996670545515,0.056169996670545515,0.075,S6_REVERSAL
2026-03-09 02:00:00+00:00,BTC,BUY,15.080260312895007,0.015080260312895007,0.075,S6_REVERSAL
2026-03-09 02:00:00+00:00,ETH,BUY,14.600962051391434,0.014600962051391435,0.075,S6_REVERSAL
2026-03-09 02:00:00+00:00,SOL,BUY,17.272815666718998,0.017272815666719,0.075,S6_REVERSAL
2026-03-09 03:00:00+00:00,BTC,SELL,27.93519954070416,0.027935199540704163,0.075,S6_REVERSAL
2026-03-09 03:00:00+00:00,ETH,SELL,41.88449135344945,0.041884491353449446,0.075,S6_REVERSAL
2026-03-09 03:00:00+00:00,SOL,SELL,40.391797955773654,0.040391797955773655,0.075,S6_REVERSAL
2026-03-09 04:00:00+00:00,BTC,SELL,61.150694477421894,0.06115069447742189,0.075,S6_REVERSAL
2026-03-09 04:00:00+00:00,ETH,SELL,54.08801358687015,0.05408801358687015,0.075,S6_REVERSAL
2026-03-09 04:00:00+00:00,SOL,SELL,30.35300706154885,0.03035300706154885,0.075,S6_REVERSAL
2026-03-09 05:00:00+00:00,BTC,BUY,7.856953299012275,0.007856953299012275,0.075,S6_REVERSAL
2026-03-09 05:00:00+00:00,SOL,SELL,4.020791423590708,0.004020791423590709,0.075,S6_REVERSAL
2026-03-09 06:00:00+00:00,BTC,SELL,63.92640638524972,0.06392640638524973,0.075,S6_REVERSAL
2026-03-09 06:00:00+00:00,ETH,SELL,7636.1568384489765,7.636156838448977,0.0,CASH
2026-03-09 06:00:00+00:00,SOL,SELL,74.1472265454322,0.07414722654543221,0.075,S6_REVERSAL
2026-03-09 07:00:00+00:00,BTC,BUY,57.78471968068243,0.05778471968068243,0.075,S6_REVERSAL
2026-03-09 07:00:00+00:00,SOL,BUY,89.14174064748659,0.08914174064748659,0.075,S6_REVERSAL
2026-03-09 08:00:00+00:00,BTC,SELL,29.44690012252704,0.029446900122527042,0.075,S6_REVERSAL
2026-03-09 08:00:00+00:00,SOL,SELL,1.7804355814332666,0.0017804355814332667,0.075,S6_REVERSAL
2026-03-09 09:00:00+00:00,BTC,SELL,23.006701215527755,0.023006701215527756,0.075,S6_REVERSAL
2026-03-09 09:00:00+00:00,SOL,SELL,43.84350607083161,0.04384350607083161,0.075,S6_REVERSAL
2026-03-09 10:00:00+00:00,BTC,SELL,14.928040041470922,0.014928040041470922,0.075,S6_REVERSAL
2026-03-09 10:00:00+00:00,SOL,SELL,25.233867522088985,0.025233867522088987,0.075,S6_REVERSAL
2026-03-09 11:00:00+00:00,BTC,BUY,36.19685149767338,0.03619685149767338,0.075,S6_REVERSAL
2026-03-09 11:00:00+00:00,SOL,BUY,21.76550124789628,0.021765501247896283,0.075,S6_REVERSAL
2026-03-09 12:00:00+00:00,BTC,SELL,17.303456841881598,0.017303456841881597,0.075,S6_REVERSAL
2026-03-09 12:00:00+00:00,SOL,BUY,15.437609735085061,0.015437609735085062,0.075,S6_REVERSAL
2026-03-09 13:00:00+00:00,BTC,SELL,36.853374940246795,0.0368533749402468,0.075,S6_REVERSAL
2026-03-09 13:00:00+00:00,SOL,SELL,32.59876383302435,0.032598763833024354,0.075,S6_REVERSAL
2026-03-09 14:00:00+00:00,BTC,SELL,7624.055370116938,7.624055370116938,0.0,CASH
2026-03-09 14:00:00+00:00,SOL,SELL,7635.212387099414,7.635212387099414,0.0,CASH
2026-03-10 02:00:00+00:00,ETH,BUY,15092.67573508575,15.09267573508575,0.15,S3_TREND
2026-03-10 03:00:00+00:00,BTC,BUY,15116.42337867304,15.11642337867304,0.15,S3_TREND
2026-03-10 03:00:00+00:00,ETH,SELL,149.66265606306115,0.14966265606306114,0.15,S3_TREND
2026-03-10 04:00:00+00:00,BTC,BUY,134.37486355989313,0.13437486355989314,0.15,S3_TREND
2026-03-10 04:00:00+00:00,ETH,BUY,68.67776202005734,0.06867776202005735,0.15,S3_TREND
2026-03-10 05:00:00+00:00,BTC,SELL,97.60912554025163,0.09760912554025163,0.15,S3_TREND
2026-03-10 05:00:00+00:00,ETH,SELL,98.4759899576984,0.0984759899576984,0.15,S3_TREND
2026-03-10 05:00:00+00:00,SOL,BUY,15111.615525371111,15.111615525371112,0.15,S3_TREND
2026-03-10 06:00:00+00:00,BTC,BUY,11.051977564862682,0.011051977564862682,0.15,S3_TREND
2026-03-10 06:00:00+00:00,ETH,BUY,1.6233399481534434,0.0016233399481534435,0.15,S3_TREND
2026-03-10 06:00:00+00:00,SOL,BUY,11.839825537466822,0.011839825537466823,0.15,S3_TREND
2026-03-10 07:00:00+00:00,BTC,BUY,9.516129014637045,0.009516129014637045,0.15,S3_TREND
2026-03-10 07:00:00+00:00,ETH,SELL,1.8262721401115414,0.0018262721401115414,0.15,S3_TREND
2026-03-10 07:00:00+00:00,SOL,BUY,5.212374935346816,0.005212374935346816,0.15,S3_TREND
2026-03-10 08:00:00+00:00,BTC,SELL,73.69254915659258,0.07369254915659258,0.15,S3_TREND
2026-03-10 08:00:00+00:00,ETH,SELL,20.183586187573383,0.020183586187573384,0.15,S3_TREND
2026-03-10 08:00:00+00:00,SOL,SELL,27.962013307191228,0.027962013307191228,0.15,S3_TREND
2026-03-10 09:00:00+00:00,BTC,SELL,48.494096889067805,0.048494096889067806,0.15,S3_TREND
2026-03-10 09:00:00+00:00,ETH,SELL,29.555645353622822,0.029555645353622824,0.15,S3_TREND
2026-03-10 09:00:00+00:00,SOL,BUY,16.698836591576764,0.016698836591576765,0.15,S3_TREND
2026-03-10 10:00:00+00:00,BTC,SELL,41.639823954908934,0.041639823954908936,0.15,S3_TREND
2026-03-10 10:00:00+00:00,ETH,SELL,42.729824282590926,0.04272982428259093,0.15,S3_TREND
2026-03-10 10:00:00+00:00,SOL,SELL,53.31340991091747,0.05331340991091747,0.15,S3_TREND
2026-03-10 11:00:00+00:00,BTC,BUY,46.098993189016255,0.04609899318901626,0.15,S3_TREND
2026-03-10 11:00:00+00:00,ETH,BUY,19.95356932476352,0.019953569324763522,0.15,S3_TREND
2026-03-10 11:00:00+00:00,SOL,BUY,3.5970273135753814,0.0035970273135753814,0.15,S3_TREND
2026-03-10 12:00:00+00:00,BTC,BUY,26.04450347621787,0.02604450347621787,0.15,S3_TREND
2026-03-10 12:00:00+00:00,ETH,SELL,6.80328153514165,0.00680328153514165,0.15,S3_TREND
2026-03-10 12:00:00+00:00,SOL,BUY,36.90396293207414,0.03690396293207414,0.15,S3_TREND
2026-03-10 13:00:00+00:00,BTC,SELL,4.5774481255612045,0.004577448125561204,0.15,S3_TREND
2026-03-10 13:00:00+00:00,ETH,BUY,69.6091463011071,0.06960914630110711,0.15,S3_TREND
2026-03-10 14:00:00+00:00,BTC,BUY,75.29939117338472,0.07529939117338472,0.15,S3_TREND
2026-03-10 14:00:00+00:00,ETH,BUY,66.33906754200325,0.06633906754200325,0.15,S3_TREND
2026-03-10 14:00:00+00:00,SOL,BUY,53.052622404371505,0.05305262240437151,0.15,S3_TREND
2026-03-10 15:00:00+00:00,BTC,SELL,184.523430278241,0.184523430278241,0.15,S3_TREND
2026-03-10 15:00:00+00:00,ETH,SELL,159.12761111535474,0.15912761111535476,0.15,S3_TREND
2026-03-10 15:00:00+00:00,SOL,SELL,203.02833547891169,0.2030283354789117,0.15,S3_TREND
2026-03-10 16:00:00+00:00,BTC,BUY,32.74025223403987,0.032740252234039875,0.15,S3_TREND
2026-03-10 16:00:00+00:00,ETH,SELL,23.633175197397577,0.023633175197397577,0.15,S3_TREND
2026-03-10 16:00:00+00:00,SOL,SELL,34.66408025026249,0.034664080250262484,0.15,S3_TREND
2026-03-10 17:00:00+00:00,BTC,BUY,16.86882706196957,0.016868827061969568,0.15,S3_TREND
2026-03-10 17:00:00+00:00,ETH,SELL,9.737760639769476,0.009737760639769477,0.15,S3_TREND
2026-03-10 17:00:00+00:00,SOL,SELL,8.322890340235972,0.008322890340235973,0.15,S3_TREND
2026-03-10 18:00:00+00:00,BTC,BUY,51.10787397644708,0.05110787397644708,0.15,S3_TREND
2026-03-10 18:00:00+00:00,ETH,BUY,31.799195224224604,0.031799195224224606,0.15,S3_TREND
2026-03-10 18:00:00+00:00,SOL,BUY,43.171091700160105,0.043171091700160105,0.15,S3_TREND
2026-03-10 19:00:00+00:00,BTC,BUY,76.79276350537293,0.07679276350537294,0.15,S3_TREND
2026-03-10 19:00:00+00:00,ETH,BUY,128.18193596844867,0.12818193596844868,0.15,S3_TREND
2026-03-10 19:00:00+00:00,SOL,BUY,185.58169287030796,0.18558169287030796,0.15,S3_TREND
2026-03-10 20:00:00+00:00,BTC,SELL,14.765460239681488,0.014765460239681488,0.15,S3_TREND
2026-03-10 20:00:00+00:00,ETH,BUY,11.335991753814596,0.011335991753814596,0.15,S3_TREND
2026-03-10 20:00:00+00:00,SOL,BUY,33.653179677281514,0.033653179677281514,0.15,S3_TREND
2026-03-10 21:00:00+00:00,BTC,SELL,23.083884564803157,0.023083884564803158,0.15,S3_TREND
2026-03-10 21:00:00+00:00,ETH,SELL,22.60676417585455,0.02260676417585455,0.15,S3_TREND
2026-03-10 21:00:00+00:00,SOL,SELL,21.919560992113478,0.02191956099211348,0.15,S3_TREND
2026-03-10 22:00:00+00:00,BTC,BUY,57.50499364674579,0.057504993646745786,0.15,S3_TREND
2026-03-10 22:00:00+00:00,ETH,BUY,54.51198974798535,0.05451198974798536,0.15,S3_TREND
2026-03-10 22:00:00+00:00,SOL,BUY,50.29450741095934,0.050294507410959345,0.15,S3_TREND
2026-03-10 23:00:00+00:00,BTC,BUY,1.0871328151988564,0.0010871328151988563,0.15,S3_TREND
2026-03-10 23:00:00+00:00,ETH,BUY,3.7933886234168313,0.003793388623416831,0.15,S3_TREND
2026-03-10 23:00:00+00:00,SOL,BUY,23.77327091819643,0.02377327091819643,0.15,S3_TREND
2026-03-11 00:00:00+00:00,BTC,SELL,22.290424892291412,0.022290424892291414,0.15,S3_TREND
2026-03-11 00:00:00+00:00,ETH,SELL,39.1176806704334,0.039117680670433405,0.15,S3_TREND
2026-03-11 00:00:00+00:00,SOL,SELL,36.63364630599608,0.03663364630599608,0.15,S3_TREND
2026-03-11 01:00:00+00:00,BTC,SELL,12.650029314618223,0.012650029314618224,0.15,S3_TREND
2026-03-11 01:00:00+00:00,SOL,SELL,16.487081976747504,0.016487081976747503,0.15,S3_TREND
2026-03-11 02:00:00+00:00,BTC,SELL,4.749268057439622,0.004749268057439622,0.15,S3_TREND
2026-03-11 02:00:00+00:00,ETH,BUY,11.991798518025462,0.011991798518025462,0.15,S3_TREND
2026-03-11 02:00:00+00:00,SOL,SELL,11.342554058961468,0.011342554058961469,0.15,S3_TREND
2026-03-11 03:00:00+00:00,BTC,BUY,32.762538259665234,0.032762538259665235,0.15,S3_TREND
2026-03-11 03:00:00+00:00,ETH,BUY,46.320881935540456,0.04632088193554046,0.15,S3_TREND
2026-03-11 03:00:00+00:00,SOL,BUY,6.457596040530916,0.006457596040530916,0.15,S3_TREND
2026-03-11 04:00:00+00:00,BTC,BUY,33.668978956769934,0.033668978956769936,0.15,S3_TREND
2026-03-11 04:00:00+00:00,ETH,BUY,18.922149522795735,0.018922149522795736,0.15,S3_TREND
2026-03-11 04:00:00+00:00,SOL,BUY,28.664077779587387,0.028664077779587387,0.15,S3_TREND
2026-03-11 05:00:00+00:00,BTC,SELL,58.01652517209186,0.05801652517209186,0.15,S3_TREND
2026-03-11 05:00:00+00:00,ETH,SELL,66.06949897832965,0.06606949897832964,0.15,S3_TREND
2026-03-11 05:00:00+00:00,SOL,SELL,122.49812172207385,0.12249812172207385,0.15,S3_TREND
2026-03-11 06:00:00+00:00,BTC,BUY,60.56662707021496,0.060566627070214964,0.15,S3_TREND
2026-03-11 06:00:00+00:00,ETH,BUY,108.03126123245784,0.10803126123245783,0.15,S3_TREND
2026-03-11 06:00:00+00:00,SOL,BUY,99.36816130074112,0.09936816130074112,0.15,S3_TREND
2026-03-11 07:00:00+00:00,BTC,SELL,61.88545895176321,0.061885458951763214,0.15,S3_TREND
2026-03-11 07:00:00+00:00,ETH,SELL,39.029975642049976,0.03902997564204998,0.15,S3_TREND
2026-03-11 07:00:00+00:00,SOL,SELL,21.159711520154815,0.021159711520154816,0.15,S3_TREND
2026-03-11 08:00:00+00:00,BTC,BUY,26.58984613548637,0.02658984613548637,0.15,S3_TREND
2026-03-11 08:00:00+00:00,ETH,BUY,49.20736012260568,0.04920736012260568,0.15,S3_TREND
2026-03-11 08:00:00+00:00,SOL,BUY,64.93674266474409,0.06493674266474408,0.15,S3_TREND
2026-03-11 09:00:00+00:00,BTC,BUY,11.296594530962466,0.011296594530962467,0.15,S3_TREND
2026-03-11 09:00:00+00:00,ETH,SELL,69.41828087841714,0.06941828087841714,0.15,S3_TREND
2026-03-11 09:00:00+00:00,SOL,BUY,5.512838350125094,0.005512838350125094,0.15,S3_TREND
2026-03-11 10:00:00+00:00,BTC,BUY,13.215398076741621,0.013215398076741621,0.15,S3_TREND
2026-03-11 10:00:00+00:00,ETH,BUY,14.708600561203639,0.01470860056120364,0.15,S3_TREND
2026-03-11 10:00:00+00:00,SOL,BUY,78.35086315085573,0.07835086315085574,0.15,S3_TREND
2026-03-11 11:00:00+00:00,BTC,SELL,3.5145847415606113,0.0035145847415606114,0.15,S3_TREND
2026-03-11 11:00:00+00:00,ETH,SELL,54.09808271903239,0.054098082719032395,0.15,S3_TREND
2026-03-11 11:00:00+00:00,SOL,SELL,39.11052104684677,0.03911052104684677,0.15,S3_TREND
2026-03-11 12:00:00+00:00,BTC,BUY,48.43505997165812,0.04843505997165812,0.15,S3_TREND
2026-03-11 12:00:00+00:00,ETH,BUY,35.76744502825932,0.03576744502825932,0.15,S3_TREND
2026-03-11 12:00:00+00:00,SOL,BUY,80.37631885162591,0.08037631885162591,0.15,S3_TREND
2026-03-11 13:00:00+00:00,BTC,SELL,11.237187184517097,0.011237187184517097,0.15,S3_TREND
2026-03-11 13:00:00+00:00,ETH,SELL,9.764630676061643,0.009764630676061642,0.15,S3_TREND
2026-03-11 13:00:00+00:00,SOL,SELL,87.53592249006215,0.08753592249006215,0.15,S3_TREND
2026-03-11 14:00:00+00:00,BTC,SELL,100.78333932088935,0.10078333932088936,0.15,S3_TREND
2026-03-11 14:00:00+00:00,ETH,SELL,127.28939583247302,0.12728939583247303,0.15,S3_TREND
2026-03-11 14:00:00+00:00,SOL,SELL,57.863494547003945,0.057863494547003944,0.15,S3_TREND
2026-03-11 15:00:00+00:00,BTC,SELL,43.63176002354885,0.04363176002354885,0.15,S3_TREND
2026-03-11 15:00:00+00:00,ETH,SELL,47.22865946487582,0.04722865946487582,0.15,S3_TREND
2026-03-11 15:00:00+00:00,SOL,SELL,59.28505675334964,0.05928505675334964,0.15,S3_TREND
2026-03-11 16:00:00+00:00,BTC,BUY,20.05661900686573,0.02005661900686573,0.15,S3_TREND
2026-03-11 16:00:00+00:00,ETH,BUY,39.72461506082982,0.03972461506082982,0.15,S3_TREND
2026-03-11 16:00:00+00:00,SOL,BUY,142.55648137561002,0.14255648137561003,0.15,S3_TREND
2026-03-11 17:00:00+00:00,BTC,SELL,16.00699598751453,0.016006995987514528,0.15,S3_TREND
2026-03-11 17:00:00+00:00,ETH,SELL,69.49634077595147,0.06949634077595147,0.15,S3_TREND
2026-03-11 17:00:00+00:00,SOL,SELL,126.1071094488816,0.1261071094488816,0.15,S3_TREND
2026-03-11 18:00:00+00:00,BTC,SELL,16.779783338863126,0.016779783338863128,0.15,S3_TREND
2026-03-11 18:00:00+00:00,ETH,BUY,21.15210572583601,0.02115210572583601,0.15,S3_TREND
2026-03-11 18:00:00+00:00,SOL,SELL,112.50829355917448,0.11250829355917448,0.15,S3_TREND
2026-03-11 19:00:00+00:00,BTC,BUY,54.46782717680071,0.05446782717680071,0.15,S3_TREND
2026-03-11 19:00:00+00:00,ETH,SELL,42.91659821182111,0.04291659821182111,0.15,S3_TREND
2026-03-11 19:00:00+00:00,SOL,SELL,79.04459892125305,0.07904459892125305,0.15,S3_TREND
2026-03-11 20:00:00+00:00,BTC,SELL,18.96039690843645,0.018960396908436452,0.15,S3_TREND
2026-03-11 20:00:00+00:00,ETH,SELL,10.463441217436412,0.010463441217436411,0.15,S3_TREND
2026-03-11 20:00:00+00:00,SOL,BUY,79.68904351603669,0.07968904351603669,0.15,S3_TREND
2026-03-11 21:00:00+00:00,BTC,SELL,7.146250308787785,0.007146250308787785,0.15,S3_TREND
2026-03-11 21:00:00+00:00,ETH,BUY,47.257020401482805,0.04725702040148281,0.15,S3_TREND
2026-03-11 21:00:00+00:00,SOL,SELL,8.618546351644909,0.008618546351644909,0.15,S3_TREND
2026-03-11 22:00:00+00:00,BTC,SELL,7.763493943588401,0.007763493943588401,0.15,S3_TREND
2026-03-11 22:00:00+00:00,ETH,SELL,19.185646250869468,0.019185646250869468,0.15,S3_TREND
2026-03-11 22:00:00+00:00,SOL,SELL,28.39018410972676,0.02839018410972676,0.15,S3_TREND
2026-03-11 23:00:00+00:00,BTC,BUY,42.007921889278805,0.04200792188927881,0.15,S3_TREND
2026-03-11 23:00:00+00:00,ETH,BUY,45.87741692846248,0.045877416928462485,0.15,S3_TREND
2026-03-11 23:00:00+00:00,SOL,BUY,47.96762554699126,0.04796762554699126,0.15,S3_TREND
2026-03-12 00:00:00+00:00,BTC,BUY,10.329289779474493,0.010329289779474494,0.15,S3_TREND
2026-03-12 00:00:00+00:00,ETH,BUY,43.274742140429225,0.04327474214042923,0.15,S3_TREND
2026-03-12 00:00:00+00:00,SOL,BUY,51.40501567705178,0.05140501567705178,0.15,S3_TREND
2026-03-12 01:00:00+00:00,ETH,SELL,20.182766205773078,0.020182766205773077,0.15,S3_TREND
2026-03-12 01:00:00+00:00,SOL,SELL,9.569466109600398,0.009569466109600399,0.15,S3_TREND
2026-03-12 02:00:00+00:00,BTC,BUY,43.97498727699349,0.04397498727699349,0.15,S3_TREND
2026-03-12 02:00:00+00:00,ETH,BUY,30.836526133647567,0.030836526133647568,0.15,S3_TREND
2026-03-12 02:00:00+00:00,SOL,BUY,70.52262136349782,0.07052262136349782,0.15,S3_TREND
2026-03-12 03:00:00+00:00,BTC,BUY,55.912246803254675,0.05591224680325468,0.15,S3_TREND
2026-03-12 03:00:00+00:00,ETH,BUY,95.1274335201233,0.0951274335201233,0.15,S3_TREND
2026-03-12 03:00:00+00:00,SOL,BUY,83.36179293071837,0.08336179293071837,0.15,S3_TREND
2026-03-12 04:00:00+00:00,BTC,SELL,35.98567754317446,0.035985677543174464,0.15,S3_TREND
2026-03-12 04:00:00+00:00,ETH,BUY,8.158761047212465,0.008158761047212465,0.15,S3_TREND
2026-03-12 04:00:00+00:00,SOL,BUY,32.242218221546864,0.03224221822154687,0.15,S3_TREND
2026-03-12 05:00:00+00:00,BTC,BUY,15.752147266470274,0.015752147266470274,0.15,S3_TREND
2026-03-12 05:00:00+00:00,ETH,BUY,1.9099322398215008,0.0019099322398215008,0.15,S3_TREND
2026-03-12 05:00:00+00:00,SOL,SELL,16.299802618041213,0.016299802618041214,0.15,S3_TREND
2026-03-12 06:00:00+00:00,BTC,SELL,15.248357600792588,0.015248357600792588,0.15,S3_TREND
2026-03-12 06:00:00+00:00,ETH,SELL,19.81396147689702,0.01981396147689702,0.15,S3_TREND
2026-03-12 06:00:00+00:00,SOL,BUY,4.731596561476181,0.004731596561476181,0.15,S3_TREND
2026-03-12 07:00:00+00:00,BTC,BUY,6.9525586522504454,0.006952558652250446,0.15,S3_TREND
2026-03-12 07:00:00+00:00,ETH,SELL,14.633766264345468,0.014633766264345469,0.15,S3_TREND
2026-03-12 07:00:00+00:00,SOL,SELL,34.44214832430589,0.03444214832430589,0.15,S3_TREND
2026-03-12 08:00:00+00:00,BTC,SELL,36.94051937041877,0.03694051937041877,0.15,S3_TREND
2026-03-12 08:00:00+00:00,ETH,SELL,43.04110381724968,0.043041103817249675,0.15,S3_TREND
2026-03-12 08:00:00+00:00,SOL,SELL,42.406909766756144,0.042406909766756144,0.15,S3_TREND
2026-03-12 09:00:00+00:00,BTC,SELL,5.457962344047701,0.005457962344047701,0.15,S3_TREND
2026-03-12 09:00:00+00:00,ETH,SELL,38.234886170384925,0.038234886170384924,0.15,S3_TREND
2026-03-12 09:00:00+00:00,SOL,SELL,8.611597836836154,0.008611597836836155,0.15,S3_TREND
2026-03-12 10:00:00+00:00,BTC,BUY,8.565603737972197,0.008565603737972197,0.15,S3_TREND
2026-03-12 10:00:00+00:00,ETH,SELL,41.85543431246515,0.04185543431246515,0.15,S3_TREND
2026-03-12 10:00:00+00:00,SOL,SELL,25.993779369777258,0.02599377936977726,0.15,S3_TREND
2026-03-12 11:00:00+00:00,BTC,SELL,53.73828784872603,0.05373828784872603,0.15,S3_TREND
2026-03-12 11:00:00+00:00,ETH,SELL,58.91497954014085,0.05891497954014085,0.15,S3_TREND
2026-03-12 11:00:00+00:00,SOL,SELL,54.39207355760118,0.05439207355760118,0.15,S3_TREND
2026-03-12 12:00:00+00:00,BTC,SELL,9.599847286412114,0.009599847286412114,0.15,S3_TREND
2026-03-12 12:00:00+00:00,ETH,BUY,45.34883635905862,0.04534883635905863,0.15,S3_TREND
2026-03-12 12:00:00+00:00,SOL,SELL,13.186462328700145,0.013186462328700145,0.15,S3_TREND
2026-03-12 13:00:00+00:00,BTC,BUY,22.998058955496163,0.022998058955496163,0.15,S3_TREND
2026-03-12 13:00:00+00:00,ETH,SELL,5.572512432372605,0.005572512432372605,0.15,S3_TREND
2026-03-12 13:00:00+00:00,SOL,SELL,65.45933624022837,0.06545933624022837,0.15,S3_TREND
2026-03-12 14:00:00+00:00,BTC,BUY,61.93604716185291,0.061936047161852914,0.15,S3_TREND
2026-03-12 14:00:00+00:00,ETH,SELL,26.159540398364697,0.026159540398364697,0.15,S3_TREND
2026-03-12 14:00:00+00:00,SOL,BUY,60.58614876960928,0.060586148769609285,0.15,S3_TREND
2026-03-12 15:00:00+00:00,BTC,BUY,16.571274861416896,0.016571274861416897,0.15,S3_TREND
2026-03-12 15:00:00+00:00,ETH,BUY,80.56128517039542,0.08056128517039543,0.15,S3_TREND
2026-03-12 15:00:00+00:00,SOL,BUY,145.03791338441988,0.14503791338441988,0.15,S3_TREND
2026-03-12 16:00:00+00:00,BTC,SELL,80.08584396538754,0.08008584396538754,0.15,S3_TREND
2026-03-12 16:00:00+00:00,ETH,SELL,117.65889247700397,0.11765889247700398,0.15,S3_TREND
2026-03-12 16:00:00+00:00,SOL,SELL,7676.036210139912,7.676036210139912,0.075,S6_REVERSAL
2026-03-12 17:00:00+00:00,BTC,SELL,9.604564972696608,0.009604564972696608,0.15,S3_TREND
2026-03-12 17:00:00+00:00,ETH,BUY,20.17457012360137,0.02017457012360137,0.15,S3_TREND
2026-03-12 17:00:00+00:00,SOL,SELL,19.94701447751686,0.01994701447751686,0.075,S6_REVERSAL
2026-03-12 18:00:00+00:00,BTC,BUY,16.007484644995202,0.016007484644995202,0.15,S3_TREND
2026-03-12 18:00:00+00:00,ETH,BUY,61.672660582802564,0.06167266058280257,0.15,S3_TREND
2026-03-12 18:00:00+00:00,SOL,BUY,7.257627826681528,0.007257627826681528,0.075,S6_REVERSAL
2026-03-12 19:00:00+00:00,BTC,SELL,7497.704564204001,7.497704564204001,0.075,S6_REVERSAL
2026-03-12 19:00:00+00:00,ETH,BUY,37.83915193652683,0.03783915193652683,0.15,S3_TREND
2026-03-12 19:00:00+00:00,SOL,BUY,48.137094104489734,0.048137094104489735,0.075,S6_REVERSAL
2026-03-12 20:00:00+00:00,BTC,SELL,44.201505238439495,0.04420150523843949,0.075,S6_REVERSAL
2026-03-12 20:00:00+00:00,ETH,SELL,109.41636314804236,0.10941636314804237,0.15,S3_TREND
2026-03-12 20:00:00+00:00,SOL,SELL,59.72473597077078,0.059724735970770784,0.075,S6_REVERSAL
2026-03-12 21:00:00+00:00,BTC,BUY,20.538935739414228,0.02053893573941423,0.075,S6_REVERSAL
2026-03-12 21:00:00+00:00,ETH,BUY,34.85885145191605,0.034858851451916056,0.15,S3_TREND
2026-03-12 21:00:00+00:00,SOL,BUY,21.40846033109301,0.02140846033109301,0.075,S6_REVERSAL
2026-03-12 22:00:00+00:00,BTC,SELL,9.766639312844745,0.009766639312844745,0.075,S6_REVERSAL
2026-03-12 22:00:00+00:00,ETH,BUY,2.6023524008123786,0.0026023524008123786,0.15,S3_TREND
2026-03-12 22:00:00+00:00,SOL,SELL,6.425764408697433,0.006425764408697433,0.075,S6_REVERSAL
2026-03-12 23:00:00+00:00,BTC,BUY,9.15023965787168,0.00915023965787168,0.075,S6_REVERSAL
2026-03-12 23:00:00+00:00,ETH,SELL,21.35846621280507,0.02135846621280507,0.15,S3_TREND
2026-03-12 23:00:00+00:00,SOL,BUY,20.127925548707026,0.020127925548707026,0.075,S6_REVERSAL
2026-03-13 00:00:00+00:00,BTC,SELL,28.469442668870215,0.028469442668870217,0.075,S6_REVERSAL
2026-03-13 00:00:00+00:00,ETH,SELL,38.24155984834033,0.03824155984834033,0.15,S3_TREND
2026-03-13 00:00:00+00:00,SOL,SELL,35.50481666955875,0.03550481666955875,0.075,S6_REVERSAL
2026-03-13 01:00:00+00:00,BTC,SELL,48.536907223974595,0.04853690722397459,0.075,S6_REVERSAL
2026-03-13 01:00:00+00:00,ETH,SELL,230.1763745227272,0.2301763745227272,0.15,S3_TREND
2026-03-13 01:00:00+00:00,SOL,SELL,204.68786763259595,0.20468786763259597,0.075,S6_REVERSAL
2026-03-13 02:00:00+00:00,BTC,SELL,12.060020317810086,0.012060020317810085,0.075,S6_REVERSAL
2026-03-13 02:00:00+00:00,ETH,SELL,22.14536949648027,0.02214536949648027,0.15,S3_TREND
2026-03-13 02:00:00+00:00,SOL,SELL,49.68243218040152,0.04968243218040152,0.075,S6_REVERSAL
2026-03-13 03:00:00+00:00,BTC,BUY,33.13531895998949,0.03313531895998949,0.075,S6_REVERSAL
2026-03-13 03:00:00+00:00,ETH,BUY,89.77275811046638,0.08977275811046638,0.15,S3_TREND
2026-03-13 03:00:00+00:00,SOL,BUY,93.3046766306361,0.0933046766306361,0.075,S6_REVERSAL
2026-03-13 04:00:00+00:00,BTC,SELL,14.893262996169142,0.014893262996169143,0.075,S6_REVERSAL
2026-03-13 04:00:00+00:00,ETH,SELL,68.07584560471514,0.06807584560471515,0.15,S3_TREND
2026-03-13 04:00:00+00:00,SOL,SELL,39.845182736613424,0.03984518273661342,0.075,S6_REVERSAL
2026-03-13 05:00:00+00:00,BTC,SELL,5.01714947576329,0.00501714947576329,0.075,S6_REVERSAL
2026-03-13 05:00:00+00:00,ETH,BUY,39.189242354566886,0.03918924235456689,0.15,S3_TREND
2026-03-13 05:00:00+00:00,SOL,BUY,24.322618956951374,0.024322618956951373,0.075,S6_REVERSAL
2026-03-13 06:00:00+00:00,BTC,SELL,17.29263569115392,0.01729263569115392,0.075,S6_REVERSAL
2026-03-13 06:00:00+00:00,ETH,BUY,6.590850172733553,0.006590850172733554,0.15,S3_TREND
2026-03-13 06:00:00+00:00,SOL,BUY,7638.235793550445,7.638235793550446,0.15,S3_TREND
2026-03-13 07:00:00+00:00,BTC,BUY,2.9613379152697235,0.0029613379152697234,0.075,S6_REVERSAL
2026-03-13 07:00:00+00:00,ETH,BUY,67.24365612595284,0.06724365612595284,0.15,S3_TREND
2026-03-13 07:00:00+00:00,SOL,BUY,78.71243184454761,0.07871243184454761,0.15,S3_TREND
2026-03-13 08:00:00+00:00,BTC,BUY,7585.364410684334,7.585364410684334,0.15,S3_TREND
2026-03-13 08:00:00+00:00,ETH,SELL,9.883573655444707,0.009883573655444707,0.15,S3_TREND
2026-03-13 08:00:00+00:00,SOL,SELL,31.426642136504597,0.0314266421365046,0.15,S3_TREND
2026-03-13 09:00:00+00:00,BTC,SELL,26.02149945237943,0.026021499452379433,0.15,S3_TREND
2026-03-13 09:00:00+00:00,ETH,BUY,13.476539944274919,0.01347653994427492,0.15,S3_TREND
2026-03-13 09:00:00+00:00,SOL,SELL,62.29810742830522,0.06229810742830522,0.15,S3_TREND
2026-03-13 10:00:00+00:00,BTC,SELL,9.806504661324652,0.009806504661324652,0.15,S3_TREND
2026-03-13 10:00:00+00:00,ETH,SELL,68.37083025213906,0.06837083025213905,0.15,S3_TREND
2026-03-13 10:00:00+00:00,SOL,SELL,30.254397490713018,0.030254397490713018,0.15,S3_TREND
2026-03-13 11:00:00+00:00,BTC,SELL,49.02130294583367,0.04902130294583367,0.15,S3_TREND
2026-03-13 11:00:00+00:00,ETH,SELL,49.570216413274466,0.049570216413274464,0.15,S3_TREND
2026-03-13 11:00:00+00:00,SOL,SELL,72.68030051154346,0.07268030051154346,0.15,S3_TREND
2026-03-13 12:00:00+00:00,BTC,BUY,37.879251423699316,0.037879251423699314,0.15,S3_TREND
2026-03-13 12:00:00+00:00,ETH,BUY,31.61255412942228,0.03161255412942228,0.15,S3_TREND
2026-03-13 12:00:00+00:00,SOL,SELL,30.929056018423584,0.030929056018423585,0.15,S3_TREND
2026-03-13 13:00:00+00:00,BTC,SELL,55.10021925662477,0.05510021925662477,0.15,S3_TREND
2026-03-13 13:00:00+00:00,ETH,SELL,122.13976255797206,0.12213976255797207,0.15,S3_TREND
2026-03-13 13:00:00+00:00,SOL,SELL,52.532333694964116,0.052532333694964115,0.15,S3_TREND
2026-03-13 14:00:00+00:00,BTC,SELL,42.64443959692289,0.04264443959692289,0.15,S3_TREND
2026-03-13 14:00:00+00:00,ETH,SELL,195.46738878720134,0.19546738878720135,0.15,S3_TREND
2026-03-13 14:00:00+00:00,SOL,SELL,65.73188239167575,0.06573188239167575,0.15,S3_TREND
2026-03-13 15:00:00+00:00,BTC,BUY,112.01661706510822,0.11201661706510822,0.15,S3_TREND
2026-03-13 15:00:00+00:00,ETH,BUY,145.23607303869358,0.14523607303869357,0.15,S3_TREND
2026-03-13 15:00:00+00:00,SOL,BUY,100.63897935859131,0.10063897935859131,0.15,S3_TREND
2026-03-13 16:00:00+00:00,BTC,BUY,43.815710324197426,0.04381571032419743,0.15,S3_TREND
2026-03-13 16:00:00+00:00,ETH,BUY,92.01653278396589,0.09201653278396589,0.15,S3_TREND
2026-03-13 16:00:00+00:00,SOL,BUY,131.66273034113692,0.13166273034113693,0.15,S3_TREND
2026-03-13 17:00:00+00:00,ETH,SELL,31.48992771236408,0.03148992771236408,0.15,S3_TREND
2026-03-13 17:00:00+00:00,SOL,SELL,7.919793609366025,0.007919793609366024,0.15,S3_TREND
2026-03-13 18:00:00+00:00,BTC,BUY,100.62986791811818,0.10062986791811818,0.15,S3_TREND
2026-03-13 18:00:00+00:00,ETH,BUY,144.2308987318047,0.1442308987318047,0.15,S3_TREND
2026-03-13 18:00:00+00:00,SOL,BUY,43.87467362177449,0.04387467362177449,0.15,S3_TREND
2026-03-13 19:00:00+00:00,BTC,SELL,6.754898343950117,0.006754898343950117,0.15,S3_TREND
2026-03-13 19:00:00+00:00,ETH,BUY,10.22663118906894,0.01022663118906894,0.15,S3_TREND
2026-03-13 19:00:00+00:00,SOL,BUY,7.258500292224198,0.007258500292224198,0.15,S3_TREND
2026-03-13 20:00:00+00:00,BTC,SELL,20.45953603729868,0.02045953603729868,0.15,S3_TREND
2026-03-13 20:00:00+00:00,ETH,SELL,2.97093062251588,0.0029709306225158797,0.15,S3_TREND
2026-03-13 20:00:00+00:00,SOL,SELL,7.086631269914505,0.007086631269914505,0.15,S3_TREND
2026-03-13 21:00:00+00:00,BTC,SELL,18.846966358692953,0.018846966358692954,0.15,S3_TREND
2026-03-13 21:00:00+00:00,ETH,SELL,49.64046631299061,0.049640466312990614,0.15,S3_TREND
2026-03-13 21:00:00+00:00,SOL,BUY,14.669339051522911,0.014669339051522911,0.15,S3_TREND
2026-03-13 22:00:00+00:00,BTC,BUY,25.95834188633671,0.02595834188633671,0.15,S3_TREND
2026-03-13 22:00:00+00:00,ETH,BUY,34.05466326699934,0.034054663266999345,0.15,S3_TREND
2026-03-13 22:00:00+00:00,SOL,BUY,34.210014911612234,0.034210014911612234,0.15,S3_TREND
2026-03-13 23:00:00+00:00,BTC,BUY,23.327619375602808,0.023327619375602807,0.15,S3_TREND
2026-03-13 23:00:00+00:00,ETH,BUY,63.24299080782657,0.06324299080782657,0.15,S3_TREND
2026-03-13 23:00:00+00:00,SOL,BUY,55.59095516978232,0.05559095516978232,0.15,S3_TREND
2026-03-14 00:00:00+00:00,BTC,SELL,13.45911980585879,0.013459119805858791,0.15,S3_TREND
2026-03-14 00:00:00+00:00,ETH,SELL,12.20942137043312,0.01220942137043312,0.15,S3_TREND
2026-03-14 00:00:00+00:00,SOL,SELL,16.183865478698863,0.016183865478698864,0.15,S3_TREND
2026-03-14 01:00:00+00:00,BTC,BUY,40.749368899005276,0.040749368899005274,0.15,S3_TREND
2026-03-14 01:00:00+00:00,ETH,BUY,26.96125442955963,0.02696125442955963,0.15,S3_TREND
2026-03-14 01:00:00+00:00,SOL,BUY,16.575784900573126,0.016575784900573126,0.15,S3_TREND
2026-03-14 02:00:00+00:00,BTC,SELL,20.794417729892302,0.020794417729892302,0.15,S3_TREND
2026-03-14 02:00:00+00:00,ETH,SELL,30.476798730760493,0.030476798730760493,0.15,S3_TREND
2026-03-14 02:00:00+00:00,SOL,SELL,29.63341822861366,0.02963341822861366,0.15,S3_TREND
2026-03-14 03:00:00+00:00,BTC,BUY,8.372291580915771,0.00837229158091577,0.15,S3_TREND
2026-03-14 04:00:00+00:00,BTC,SELL,40.377375807267526,0.04037737580726753,0.15,S3_TREND
2026-03-14 04:00:00+00:00,ETH,SELL,40.856773690207774,0.04085677369020777,0.15,S3_TREND
2026-03-14 04:00:00+00:00,SOL,SELL,6.018081773383528,0.006018081773383529,0.15,S3_TREND
2026-03-14 05:00:00+00:00,BTC,SELL,7.6652326408711815,0.007665232640871182,0.15,S3_TREND
2026-03-14 05:00:00+00:00,ETH,BUY,60.9197023721772,0.0609197023721772,0.15,S3_TREND
2026-03-14 05:00:00+00:00,SOL,BUY,7.472822932117197,0.007472822932117196,0.15,S3_TREND
2026-03-14 06:00:00+00:00,BTC,BUY,2.244917903224632,0.002244917903224632,0.15,S3_TREND
2026-03-14 06:00:00+00:00,ETH,SELL,18.006509281145554,0.018006509281145555,0.15,S3_TREND
2026-03-14 06:00:00+00:00,SOL,BUY,27.677264192871007,0.027677264192871007,0.15,S3_TREND
2026-03-14 07:00:00+00:00,BTC,BUY,34.22528180092013,0.03422528180092013,0.15,S3_TREND
2026-03-14 07:00:00+00:00,ETH,BUY,55.24831522398381,0.05524831522398381,0.15,S3_TREND
2026-03-14 07:00:00+00:00,SOL,BUY,91.79251510516224,0.09179251510516225,0.15,S3_TREND
2026-03-14 08:00:00+00:00,BTC,BUY,5.5460034759489645,0.005546003475948965,0.15,S3_TREND
2026-03-14 08:00:00+00:00,ETH,BUY,4.180259184397073,0.0041802591843970735,0.15,S3_TREND
2026-03-14 08:00:00+00:00,SOL,SELL,10.292806572857444,0.010292806572857444,0.15,S3_TREND
2026-03-14 09:00:00+00:00,BTC,SELL,5.544948396707696,0.005544948396707696,0.15,S3_TREND
2026-03-14 09:00:00+00:00,ETH,BUY,14.728319476484103,0.014728319476484102,0.15,S3_TREND
2026-03-14 09:00:00+00:00,SOL,BUY,19.79906563341501,0.019799065633415013,0.15,S3_TREND
2026-03-14 10:00:00+00:00,ETH,BUY,32.43394843995338,0.03243394843995338,0.15,S3_TREND
2026-03-14 10:00:00+00:00,SOL,BUY,36.774987390615934,0.03677498739061594,0.15,S3_TREND
2026-03-14 11:00:00+00:00,BTC,SELL,19.393879275809013,0.019393879275809014,0.15,S3_TREND
2026-03-14 11:00:00+00:00,ETH,BUY,4.025856275473416,0.004025856275473416,0.15,S3_TREND
2026-03-14 11:00:00+00:00,SOL,BUY,29.09462186744895,0.02909462186744895,0.15,S3_TREND
2026-03-14 12:00:00+00:00,BTC,SELL,16.927511347497784,0.016927511347497783,0.15,S3_TREND
2026-03-14 12:00:00+00:00,ETH,SELL,32.49252400034857,0.03249252400034857,0.15,S3_TREND
2026-03-14 12:00:00+00:00,SOL,SELL,30.474795006211934,0.030474795006211936,0.15,S3_TREND
2026-03-14 13:00:00+00:00,ETH,SELL,6.131553182567586,0.006131553182567587,0.15,S3_TREND
2026-03-14 13:00:00+00:00,SOL,SELL,19.30386328558052,0.01930386328558052,0.15,S3_TREND
2026-03-14 14:00:00+00:00,BTC,SELL,7.9817689428637095,0.00798176894286371,0.15,S3_TREND
2026-03-14 14:00:00+00:00,ETH,SELL,16.553547408784652,0.016553547408784654,0.15,S3_TREND
2026-03-14 14:00:00+00:00,SOL,BUY,4.003340678986206,0.004003340678986206,0.15,S3_TREND
2026-03-14 15:00:00+00:00,BTC,BUY,26.927379154309165,0.026927379154309164,0.15,S3_TREND
2026-03-14 15:00:00+00:00,ETH,BUY,26.862002096124343,0.026862002096124344,0.15,S3_TREND
2026-03-14 15:00:00+00:00,SOL,BUY,41.6759731433649,0.0416759731433649,0.15,S3_TREND
2026-03-14 16:00:00+00:00,BTC,BUY,7.281739033747726,0.007281739033747727,0.15,S3_TREND
2026-03-14 16:00:00+00:00,ETH,SELL,22.254879570589765,0.022254879570589765,0.15,S3_TREND
2026-03-14 16:00:00+00:00,SOL,BUY,3.188073253380935,0.003188073253380935,0.15,S3_TREND
2026-03-14 17:00:00+00:00,BTC,SELL,4.5940956797803665,0.004594095679780367,0.15,S3_TREND
2026-03-14 17:00:00+00:00,ETH,SELL,5.343858661053673,0.0053438586610536735,0.15,S3_TREND
2026-03-14 17:00:00+00:00,SOL,SELL,45.77083465096075,0.045770834650960754,0.15,S3_TREND
2026-03-14 18:00:00+00:00,BTC,BUY,2.7663757853315474,0.0027663757853315474,0.15,S3_TREND
2026-03-14 18:00:00+00:00,ETH,BUY,8.42920956645139,0.008429209566451391,0.15,S3_TREND
2026-03-14 18:00:00+00:00,SOL,BUY,22.145545555429635,0.022145545555429635,0.15,S3_TREND
2026-03-14 19:00:00+00:00,BTC,SELL,3.7244127591093275,0.0037244127591093273,0.15,S3_TREND
2026-03-14 19:00:00+00:00,ETH,SELL,5.725704276797842,0.005725704276797842,0.15,S3_TREND
2026-03-14 19:00:00+00:00,SOL,SELL,17.10968391116694,0.01710968391116694,0.15,S3_TREND
2026-03-14 20:00:00+00:00,BTC,SELL,5.65550304534736,0.0056555030453473605,0.15,S3_TREND
2026-03-14 20:00:00+00:00,ETH,SELL,3.156055402934726,0.003156055402934726,0.15,S3_TREND
2026-03-14 20:00:00+00:00,SOL,BUY,4.611919565229982,0.0046119195652299825,0.15,S3_TREND
2026-03-14 21:00:00+00:00,BTC,SELL,7.843067665169656,0.007843067665169656,0.15,S3_TREND
2026-03-14 21:00:00+00:00,ETH,SELL,47.16249707420138,0.047162497074201386,0.15,S3_TREND
2026-03-14 22:00:00+00:00,BTC,BUY,6.972166758430831,0.00697216675843083,0.15,S3_TREND
2026-03-14 22:00:00+00:00,SOL,SELL,28.135930011583696,0.028135930011583696,0.15,S3_TREND
2026-03-14 23:00:00+00:00,BTC,BUY,14.539895659259855,0.014539895659259856,0.15,S3_TREND
2026-03-14 23:00:00+00:00,ETH,BUY,12.557495063647366,0.012557495063647367,0.15,S3_TREND
2026-03-14 23:00:00+00:00,SOL,SELL,9.71128966933611,0.00971128966933611,0.15,S3_TREND
2026-03-15 00:00:00+00:00,BTC,SELL,59.68432116898475,0.059684321168984755,0.15,S3_TREND
2026-03-15 00:00:00+00:00,ETH,SELL,37.46686712587871,0.03746686712587871,0.15,S3_TREND
2026-03-15 00:00:00+00:00,SOL,SELL,77.23361505392859,0.07723361505392859,0.15,S3_TREND
2026-03-15 01:00:00+00:00,BTC,BUY,24.67995361919384,0.02467995361919384,0.15,S3_TREND
2026-03-15 01:00:00+00:00,ETH,BUY,35.45752396413991,0.03545752396413991,0.15,S3_TREND
2026-03-15 01:00:00+00:00,SOL,BUY,26.366020151845078,0.02636602015184508,0.15,S3_TREND
2026-03-15 02:00:00+00:00,BTC,SELL,1.318952751089455,0.001318952751089455,0.15,S3_TREND
2026-03-15 02:00:00+00:00,ETH,SELL,3.5244739512345404,0.0035244739512345405,0.15,S3_TREND
2026-03-15 02:00:00+00:00,SOL,BUY,9.162469167036761,0.00916246916703676,0.15,S3_TREND
2026-03-15 03:00:00+00:00,BTC,SELL,53.640848591760005,0.05364084859176001,0.15,S3_TREND
2026-03-15 03:00:00+00:00,ETH,SELL,53.634113943991906,0.05363411394399191,0.15,S3_TREND
2026-03-15 03:00:00+00:00,SOL,SELL,59.854061323923816,0.05985406132392382,0.15,S3_TREND
2026-03-15 04:00:00+00:00,BTC,SELL,1.9152580763366132,0.0019152580763366132,0.15,S3_TREND
2026-03-15 04:00:00+00:00,ETH,BUY,21.722712016162404,0.021722712016162406,0.15,S3_TREND
2026-03-15 04:00:00+00:00,SOL,BUY,55.237788347616515,0.055237788347616515,0.15,S3_TREND
2026-03-15 05:00:00+00:00,BTC,SELL,23.164368718242258,0.02316436871824226,0.15,S3_TREND
2026-03-15 05:00:00+00:00,ETH,SELL,30.74769177849339,0.030747691778493392,0.15,S3_TREND
2026-03-15 05:00:00+00:00,SOL,SELL,50.91497086085837,0.05091497086085837,0.15,S3_TREND
2026-03-15 06:00:00+00:00,BTC,BUY,24.91374382513095,0.024913743825130952,0.15,S3_TREND
2026-03-15 06:00:00+00:00,ETH,SELL,25.664781057861546,0.025664781057861547,0.15,S3_TREND
2026-03-15 07:00:00+00:00,BTC,BUY,6.258168160120476,0.0062581681601204765,0.15,S3_TREND
2026-03-15 07:00:00+00:00,SOL,SELL,5.420483107407563,0.005420483107407563,0.15,S3_TREND
2026-03-15 08:00:00+00:00,BTC,SELL,4.781234375030182,0.004781234375030182,0.15,S3_TREND
2026-03-15 08:00:00+00:00,ETH,BUY,10.179730220377678,0.010179730220377678,0.15,S3_TREND
2026-03-15 08:00:00+00:00,SOL,BUY,16.572426511445883,0.016572426511445883,0.15,S3_TREND
2026-03-15 09:00:00+00:00,BTC,SELL,32.86036967288055,0.03286036967288055,0.15,S3_TREND
2026-03-15 09:00:00+00:00,ETH,SELL,29.343511506527648,0.02934351150652765,0.15,S3_TREND
2026-03-15 09:00:00+00:00,SOL,SELL,23.237711843214132,0.02323771184321413,0.15,S3_TREND
2026-03-15 10:00:00+00:00,BTC,SELL,7.132803448585037,0.007132803448585037,0.15,S3_TREND
2026-03-15 10:00:00+00:00,ETH,SELL,22.27607410514429,0.02227607410514429,0.15,S3_TREND
2026-03-15 10:00:00+00:00,SOL,SELL,1.828550693931902,0.0018285506939319021,0.15,S3_TREND
2026-03-15 11:00:00+00:00,BTC,BUY,1.7276840126360185,0.0017276840126360185,0.15,S3_TREND
2026-03-15 11:00:00+00:00,ETH,SELL,13.932536808377337,0.013932536808377338,0.15,S3_TREND
2026-03-15 11:00:00+00:00,SOL,BUY,12.071664251787297,0.012071664251787297,0.15,S3_TREND
2026-03-15 12:00:00+00:00,BTC,SELL,7.568160154305588,0.007568160154305587,0.15,S3_TREND
2026-03-15 12:00:00+00:00,SOL,SELL,9.392043480063876,0.009392043480063877,0.15,S3_TREND
2026-03-15 13:00:00+00:00,BTC,BUY,23.002320146033526,0.023002320146033525,0.15,S3_TREND
2026-03-15 13:00:00+00:00,ETH,BUY,47.37656908837562,0.04737656908837562,0.15,S3_TREND
2026-03-15 13:00:00+00:00,SOL,SELL,15189.988430987836,15.189988430987837,0.0,CASH
2026-03-15 14:00:00+00:00,BTC,SELL,15213.706137320123,15.213706137320123,0.0,CASH
2026-03-15 14:00:00+00:00,ETH,SELL,15126.241168364526,15.126241168364526,0.0,CASH
2026-03-16 06:00:00+00:00,ETH,BUY,15194.161278295294,15.194161278295296,0.15,S3_TREND
2026-03-16 07:00:00+00:00,BTC,BUY,15173.13314301056,15.17313314301056,0.15,S3_TREND
2026-03-16 07:00:00+00:00,ETH,BUY,103.96527200187484,0.10396527200187484,0.15,S3_TREND
2026-03-16 08:00:00+00:00,BTC,BUY,29.96027874790343,0.02996027874790343,0.15,S3_TREND
2026-03-16 08:00:00+00:00,ETH,BUY,62.45859148738964,0.06245859148738964,0.15,S3_TREND
2026-03-16 09:00:00+00:00,BTC,BUY,50.91430406946529,0.05091430406946529,0.15,S3_TREND
2026-03-16 09:00:00+00:00,ETH,BUY,21.01190987204609,0.02101190987204609,0.15,S3_TREND
2026-03-16 09:00:00+00:00,SOL,BUY,15134.622871268692,15.134622871268691,0.15,S3_TREND
2026-03-16 10:00:00+00:00,BTC,BUY,3.498217211496012,0.003498217211496012,0.15,S3_TREND
2026-03-16 10:00:00+00:00,ETH,SELL,84.92115058529635,0.08492115058529635,0.15,S3_TREND
2026-03-16 10:00:00+00:00,SOL,SELL,42.15640623505715,0.04215640623505715,0.15,S3_TREND
2026-03-16 11:00:00+00:00,BTC,SELL,59.41949764383935,0.05941949764383935,0.15,S3_TREND
2026-03-16 11:00:00+00:00,ETH,SELL,70.60858273971826,0.07060858273971826,0.15,S3_TREND
2026-03-16 11:00:00+00:00,SOL,SELL,48.78676346126667,0.048786763461266675,0.15,S3_TREND
2026-03-16 12:00:00+00:00,BTC,BUY,28.37557164872669,0.028375571648726693,0.15,S3_TREND
2026-03-16 12:00:00+00:00,ETH,BUY,36.643744790852,0.036643744790852,0.15,S3_TREND
2026-03-16 12:00:00+00:00,SOL,BUY,5.123223666070771,0.005123223666070771,0.15,S3_TREND
2026-03-16 13:00:00+00:00,BTC,SELL,44.69109367744204,0.04469109367744204,0.15,S3_TREND
2026-03-16 13:00:00+00:00,ETH,SELL,42.752167159849705,0.042752167159849704,0.15,S3_TREND
2026-03-16 13:00:00+00:00,SOL,BUY,14.902672579230057,0.014902672579230057,0.15,S3_TREND
2026-03-16 14:00:00+00:00,BTC,SELL,35.76552055753382,0.03576552055753382,0.15,S3_TREND
2026-03-16 14:00:00+00:00,ETH,SELL,48.89890312291754,0.04889890312291754,0.15,S3_TREND
2026-03-16 14:00:00+00:00,SOL,BUY,30.866726043135714,0.030866726043135714,0.15,S3_TREND
2026-03-16 15:00:00+00:00,BTC,BUY,92.48559021174333,0.09248559021174334,0.15,S3_TREND
2026-03-16 15:00:00+00:00,ETH,SELL,13.911242856631361,0.013911242856631362,0.15,S3_TREND
2026-03-16 15:00:00+00:00,SOL,SELL,7.9215982439473,0.0079215982439473,0.15,S3_TREND
2026-03-16 16:00:00+00:00,BTC,BUY,27.021931330087682,0.027021931330087682,0.15,S3_TREND
2026-03-16 16:00:00+00:00,ETH,BUY,60.69709132466414,0.060697091324664144,0.15,S3_TREND
2026-03-16 16:00:00+00:00,SOL,BUY,33.517203468662046,0.03351720346866205,0.15,S3_TREND
2026-03-16 17:00:00+00:00,BTC,SELL,47.2346949182338,0.0472346949182338,0.15,S3_TREND
2026-03-16 17:00:00+00:00,ETH,SELL,101.10711462505242,0.10110711462505242,0.15,S3_TREND
2026-03-16 17:00:00+00:00,SOL,SELL,47.559864699878744,0.047559864699878746,0.15,S3_TREND
2026-03-16 18:00:00+00:00,BTC,SELL,8.111667021808898,0.008111667021808898,0.15,S3_TREND
2026-03-16 18:00:00+00:00,ETH,SELL,87.90546842301956,0.08790546842301956,0.15,S3_TREND
2026-03-16 18:00:00+00:00,SOL,SELL,12.627140256336132,0.012627140256336131,0.15,S3_TREND
2026-03-16 19:00:00+00:00,BTC,BUY,19.346966768569473,0.019346966768569472,0.15,S3_TREND
2026-03-16 19:00:00+00:00,ETH,SELL,30.98700657880181,0.030987006578801813,0.15,S3_TREND
2026-03-16 19:00:00+00:00,SOL,SELL,37.03353042962772,0.03703353042962772,0.15,S3_TREND
2026-03-16 20:00:00+00:00,BTC,BUY,20.54695199334128,0.02054695199334128,0.15,S3_TREND
2026-03-16 20:00:00+00:00,ETH,SELL,31.479641145062487,0.031479641145062486,0.15,S3_TREND
2026-03-16 20:00:00+00:00,SOL,SELL,101.91910958097107,0.10191910958097107,0.15,S3_TREND
2026-03-16 21:00:00+00:00,BTC,SELL,20.520054973994775,0.020520054973994777,0.15,S3_TREND
2026-03-16 21:00:00+00:00,ETH,SELL,58.32273792645174,0.05832273792645174,0.15,S3_TREND
2026-03-16 21:00:00+00:00,SOL,SELL,53.85751352825537,0.053857513528255366,0.15,S3_TREND
2026-03-16 22:00:00+00:00,BTC,SELL,3.860349309099547,0.003860349309099547,0.15,S3_TREND
2026-03-16 22:00:00+00:00,ETH,SELL,72.75941391289234,0.07275941391289234,0.15,S3_TREND
2026-03-16 22:00:00+00:00,SOL,SELL,33.94703622873931,0.033947036228739305,0.15,S3_TREND
2026-03-16 23:00:00+00:00,BTC,SELL,63.950131695442906,0.0639501316954429,0.15,S3_TREND
2026-03-16 23:00:00+00:00,ETH,BUY,33.83198355138666,0.033831983551386655,0.15,S3_TREND
2026-03-16 23:00:00+00:00,SOL,SELL,17.427240193163016,0.017427240193163017,0.15,S3_TREND
2026-03-17 00:00:00+00:00,BTC,SELL,28.27195063841282,0.028271950638412823,0.15,S3_TREND
2026-03-17 00:00:00+00:00,ETH,BUY,26.290340082945477,0.026290340082945476,0.15,S3_TREND
2026-03-17 00:00:00+00:00,SOL,BUY,21.721913103316183,0.021721913103316184,0.15,S3_TREND
2026-03-17 01:00:00+00:00,BTC,SELL,87.95337898553225,0.08795337898553225,0.15,S3_TREND
2026-03-17 01:00:00+00:00,ETH,SELL,29.264093910969677,0.02926409391096968,0.15,S3_TREND
2026-03-17 01:00:00+00:00,SOL,BUY,113.02223294765827,0.11302223294765827,0.15,S3_TREND
2026-03-17 02:00:00+00:00,BTC,SELL,43.981284967219835,0.043981284967219834,0.15,S3_TREND
2026-03-17 02:00:00+00:00,ETH,SELL,4.972861921463846,0.004972861921463846,0.15,S3_TREND
2026-03-17 02:00:00+00:00,SOL,SELL,18.661237285466996,0.018661237285466994,0.15,S3_TREND
2026-03-17 03:00:00+00:00,BTC,BUY,50.02300678015672,0.05002300678015672,0.15,S3_TREND
2026-03-17 03:00:00+00:00,ETH,BUY,27.80447197950707,0.02780447197950707,0.15,S3_TREND
2026-03-17 03:00:00+00:00,SOL,BUY,56.60718978628756,0.056607189786287565,0.15,S3_TREND
2026-03-17 04:00:00+00:00,BTC,BUY,70.83955622605754,0.07083955622605755,0.15,S3_TREND
2026-03-17 04:00:00+00:00,ETH,BUY,125.36977987407226,0.12536977987407227,0.15,S3_TREND
2026-03-17 04:00:00+00:00,SOL,BUY,93.65055928589027,0.09365055928589026,0.15,S3_TREND
2026-03-17 05:00:00+00:00,BTC,BUY,21.934746891516625,0.021934746891516626,0.15,S3_TREND
2026-03-17 05:00:00+00:00,ETH,BUY,34.55090987807125,0.03455090987807125,0.15,S3_TREND
2026-03-17 05:00:00+00:00,SOL,BUY,22.29318359552235,0.02229318359552235,0.15,S3_TREND
2026-03-17 06:00:00+00:00,BTC,BUY,33.50887955238795,0.03350887955238795,0.15,S3_TREND
2026-03-17 06:00:00+00:00,ETH,BUY,16.47034075009651,0.016470340750096513,0.15,S3_TREND
2026-03-17 06:00:00+00:00,SOL,SELL,10.726714102036567,0.010726714102036567,0.15,S3_TREND
2026-03-17 07:00:00+00:00,BTC,BUY,1.8106332523875608,0.0018106332523875608,0.15,S3_TREND
2026-03-17 07:00:00+00:00,ETH,SELL,40.89018540186771,0.040890185401867715,0.15,S3_TREND
2026-03-17 07:00:00+00:00,SOL,SELL,4.411235355051758,0.004411235355051758,0.15,S3_TREND
2026-03-17 08:00:00+00:00,BTC,SELL,3.556742022637991,0.0035567420226379908,0.15,S3_TREND
2026-03-17 08:00:00+00:00,ETH,SELL,51.266709172905394,0.05126670917290539,0.15,S3_TREND
2026-03-17 08:00:00+00:00,SOL,SELL,55.93645849485256,0.05593645849485256,0.15,S3_TREND
2026-03-17 09:00:00+00:00,BTC,BUY,3.2279461348425684,0.0032279461348425683,0.15,S3_TREND
2026-03-17 09:00:00+00:00,ETH,BUY,36.92222739663703,0.03692222739663703,0.15,S3_TREND
2026-03-17 09:00:00+00:00,SOL,SELL,6.082906267047291,0.006082906267047291,0.15,S3_TREND
2026-03-17 10:00:00+00:00,BTC,BUY,26.763864105303583,0.026763864105303584,0.15,S3_TREND
2026-03-17 10:00:00+00:00,ETH,BUY,7.218454813264543,0.007218454813264543,0.15,S3_TREND
2026-03-17 10:00:00+00:00,SOL,BUY,57.56548274720626,0.05756548274720626,0.15,S3_TREND
2026-03-17 11:00:00+00:00,BTC,BUY,25.810298073551166,0.025810298073551168,0.15,S3_TREND
2026-03-17 11:00:00+00:00,ETH,BUY,1.6619460335150507,0.0016619460335150506,0.15,S3_TREND
2026-03-17 11:00:00+00:00,SOL,BUY,34.94239776514041,0.034942397765140416,0.15,S3_TREND
2026-03-17 12:00:00+00:00,BTC,SELL,37.44922567497997,0.03744922567497997,0.15,S3_TREND
2026-03-17 12:00:00+00:00,ETH,SELL,66.07135889867641,0.06607135889867641,0.15,S3_TREND
2026-03-17 12:00:00+00:00,SOL,BUY,10.654443366518535,0.010654443366518536,0.15,S3_TREND
2026-03-17 13:00:00+00:00,BTC,BUY,33.83138218586646,0.03383138218586646,0.15,S3_TREND
2026-03-17 13:00:00+00:00,ETH,BUY,48.065956468546574,0.048065956468546576,0.15,S3_TREND
2026-03-17 13:00:00+00:00,SOL,BUY,15.715371287213202,0.015715371287213203,0.15,S3_TREND
2026-03-17 14:00:00+00:00,BTC,BUY,44.42083629082481,0.04442083629082481,0.15,S3_TREND
2026-03-17 14:00:00+00:00,ETH,SELL,68.3833459295929,0.0683833459295929,0.15,S3_TREND
2026-03-17 14:00:00+00:00,SOL,SELL,44.87154791164721,0.044871547911647214,0.15,S3_TREND
2026-03-17 15:00:00+00:00,BTC,SELL,103.38053357912213,0.10338053357912214,0.15,S3_TREND
2026-03-17 15:00:00+00:00,ETH,SELL,41.48917941246509,0.04148917941246509,0.15,S3_TREND
2026-03-17 15:00:00+00:00,SOL,SELL,58.44465388846584,0.058444653888465835,0.15,S3_TREND
2026-03-17 16:00:00+00:00,BTC,BUY,38.283430353239964,0.038283430353239965,0.15,S3_TREND
2026-03-17 16:00:00+00:00,ETH,BUY,121.57321404513095,0.12157321404513095,0.15,S3_TREND
2026-03-17 16:00:00+00:00,SOL,BUY,52.26953886487172,0.05226953886487172,0.15,S3_TREND
2026-03-17 17:00:00+00:00,BTC,SELL,17.715668360768177,0.017715668360768176,0.15,S3_TREND
2026-03-17 17:00:00+00:00,ETH,SELL,39.5154254457284,0.0395154254457284,0.15,S3_TREND
2026-03-17 17:00:00+00:00,SOL,SELL,60.59560053277528,0.06059560053277528,0.15,S3_TREND
2026-03-17 18:00:00+00:00,BTC,SELL,47.13911271918005,0.047139112719180046,0.15,S3_TREND
2026-03-17 18:00:00+00:00,ETH,SELL,57.91540954374068,0.05791540954374068,0.15,S3_TREND
2026-03-17 19:00:00+00:00,BTC,SELL,16.306798332123435,0.016306798332123434,0.15,S3_TREND
2026-03-17 19:00:00+00:00,ETH,BUY,62.628655670703665,0.06262865567070366,0.15,S3_TREND
2026-03-17 19:00:00+00:00,SOL,SELL,107.0671949274547,0.1070671949274547,0.15,S3_TREND
2026-03-17 20:00:00+00:00,BTC,BUY,1.2143362636379607,0.0012143362636379607,0.15,S3_TREND
2026-03-17 20:00:00+00:00,ETH,BUY,49.79155915089359,0.04979155915089359,0.15,S3_TREND
2026-03-17 20:00:00+00:00,SOL,BUY,73.68944060657304,0.07368944060657305,0.15,S3_TREND
2026-03-17 21:00:00+00:00,BTC,BUY,13.909749586995531,0.013909749586995531,0.15,S3_TREND
2026-03-17 21:00:00+00:00,ETH,SELL,37.50659339706726,0.037506593397067266,0.15,S3_TREND
2026-03-17 21:00:00+00:00,SOL,SELL,24.173023986944827,0.024173023986944826,0.15,S3_TREND
2026-03-17 22:00:00+00:00,BTC,SELL,11.59381545598626,0.01159381545598626,0.15,S3_TREND
2026-03-17 22:00:00+00:00,ETH,SELL,44.395996355897296,0.0443959963558973,0.15,S3_TREND
2026-03-17 22:00:00+00:00,SOL,SELL,36.19037540246063,0.03619037540246063,0.15,S3_TREND
2026-03-17 23:00:00+00:00,BTC,BUY,58.45947354314012,0.05845947354314012,0.15,S3_TREND
2026-03-17 23:00:00+00:00,ETH,BUY,39.20560324058897,0.03920560324058897,0.15,S3_TREND
2026-03-17 23:00:00+00:00,SOL,SELL,27.27148043482157,0.02727148043482157,0.15,S3_TREND
2026-03-18 00:00:00+00:00,BTC,BUY,40.554360695168725,0.040554360695168726,0.15,S3_TREND
2026-03-18 00:00:00+00:00,ETH,BUY,38.52757962179021,0.03852757962179021,0.15,S3_TREND
2026-03-18 00:00:00+00:00,SOL,BUY,72.66114691095936,0.07266114691095936,0.15,S3_TREND
2026-03-18 01:00:00+00:00,BTC,BUY,12.352575748122035,0.012352575748122036,0.15,S3_TREND
2026-03-18 01:00:00+00:00,ETH,SELL,41.4370284590168,0.041437028459016804,0.15,S3_TREND
2026-03-18 01:00:00+00:00,SOL,BUY,15.079266505876149,0.01507926650587615,0.15,S3_TREND
2026-03-18 02:00:00+00:00,BTC,SELL,37.83569252460802,0.03783569252460802,0.15,S3_TREND
2026-03-18 02:00:00+00:00,SOL,BUY,22.22047431809733,0.02222047431809733,0.15,S3_TREND
2026-03-18 03:00:00+00:00,BTC,SELL,28.027534120936252,0.028027534120936254,0.15,S3_TREND
2026-03-18 03:00:00+00:00,ETH,SELL,16.163792701589045,0.016163792701589047,0.15,S3_TREND
2026-03-18 03:00:00+00:00,SOL,SELL,55.554733898981794,0.055554733898981794,0.15,S3_TREND
2026-03-18 04:00:00+00:00,BTC,SELL,6.886781103608882,0.0068867811036088826,0.15,S3_TREND
2026-03-18 04:00:00+00:00,ETH,SELL,44.75897851237096,0.04475897851237096,0.15,S3_TREND
2026-03-18 04:00:00+00:00,SOL,SELL,4.158307864187009,0.004158307864187009,0.15,S3_TREND
2026-03-18 05:00:00+00:00,BTC,BUY,11.985280830487682,0.011985280830487681,0.15,S3_TREND
2026-03-18 05:00:00+00:00,ETH,BUY,42.10506011158395,0.04210506011158395,0.15,S3_TREND
2026-03-18 05:00:00+00:00,SOL,BUY,106.19537728060641,0.1061953772806064,0.15,S3_TREND
2026-03-18 06:00:00+00:00,BTC,BUY,25.4019227156532,0.0254019227156532,0.15,S3_TREND
2026-03-18 06:00:00+00:00,ETH,BUY,38.56634167937409,0.03856634167937409,0.15,S3_TREND
2026-03-18 06:00:00+00:00,SOL,BUY,13.043893251526242,0.013043893251526242,0.15,S3_TREND
2026-03-18 07:00:00+00:00,BTC,BUY,10.850040381128565,0.010850040381128565,0.15,S3_TREND
2026-03-18 07:00:00+00:00,ETH,SELL,16.688772003386475,0.016688772003386476,0.15,S3_TREND
2026-03-18 07:00:00+00:00,SOL,SELL,37.06340456754333,0.03706340456754333,0.15,S3_TREND
2026-03-18 08:00:00+00:00,ETH,BUY,19.193463627299934,0.019193463627299935,0.15,S3_TREND
2026-03-18 08:00:00+00:00,SOL,BUY,30.081943576358753,0.030081943576358756,0.15,S3_TREND
2026-03-18 09:00:00+00:00,BTC,SELL,20.470971960901807,0.020470971960901807,0.15,S3_TREND
2026-03-18 09:00:00+00:00,ETH,SELL,20.019584753843446,0.020019584753843446,0.15,S3_TREND
2026-03-18 09:00:00+00:00,SOL,SELL,2.6421238359980634,0.0026421238359980634,0.15,S3_TREND
2026-03-18 10:00:00+00:00,BTC,SELL,11.444302960184359,0.011444302960184359,0.15,S3_TREND
2026-03-18 10:00:00+00:00,ETH,SELL,27.278224256036992,0.027278224256036994,0.15,S3_TREND
2026-03-18 10:00:00+00:00,SOL,SELL,22.330907613111776,0.022330907613111777,0.15,S3_TREND
2026-03-18 11:00:00+00:00,BTC,BUY,14.464145609712432,0.014464145609712433,0.15,S3_TREND
2026-03-18 11:00:00+00:00,ETH,BUY,73.98518963719289,0.07398518963719289,0.15,S3_TREND
2026-03-18 11:00:00+00:00,SOL,BUY,35.81313169870555,0.03581313169870555,0.15,S3_TREND
2026-03-18 12:00:00+00:00,BTC,BUY,86.03661149907384,0.08603661149907385,0.15,S3_TREND
2026-03-18 12:00:00+00:00,ETH,BUY,167.98392908403002,0.16798392908403004,0.15,S3_TREND
2026-03-18 12:00:00+00:00,SOL,BUY,181.77494358915283,0.18177494358915283,0.15,S3_TREND
2026-03-18 13:00:00+00:00,BTC,BUY,33.69223097396207,0.03369223097396207,0.15,S3_TREND
2026-03-18 13:00:00+00:00,ETH,BUY,123.21024107976518,0.12321024107976518,0.15,S3_TREND
2026-03-18 13:00:00+00:00,SOL,BUY,169.20209213582348,0.1692020921358235,0.15,S3_TREND
2026-03-18 14:00:00+00:00,BTC,BUY,35.61151634059024,0.035611516340590246,0.15,S3_TREND
2026-03-18 14:00:00+00:00,SOL,BUY,6.581287969522236,0.006581287969522237,0.15,S3_TREND
2026-03-18 15:00:00+00:00,BTC,BUY,86.52918289275294,0.08652918289275294,0.15,S3_TREND
2026-03-18 15:00:00+00:00,ETH,BUY,196.49266042109957,0.19649266042109959,0.15,S3_TREND
2026-03-18 15:00:00+00:00,SOL,BUY,118.6006779858908,0.1186006779858908,0.15,S3_TREND
2026-03-18 16:00:00+00:00,BTC,SELL,41.31454730609039,0.04131454730609039,0.15,S3_TREND
2026-03-18 16:00:00+00:00,ETH,BUY,33.89169199577009,0.033891691995770086,0.15,S3_TREND
2026-03-18 16:00:00+00:00,SOL,SELL,52.54238331758461,0.05254238331758461,0.15,S3_TREND
2026-03-18 17:00:00+00:00,BTC,BUY,10.687038015539656,0.010687038015539656,0.15,S3_TREND
2026-03-18 17:00:00+00:00,ETH,BUY,24.096706321686725,0.024096706321686725,0.15,S3_TREND
2026-03-18 17:00:00+00:00,SOL,BUY,43.74928767588062,0.04374928767588063,0.15,S3_TREND
2026-03-18 18:00:00+00:00,BTC,SELL,1.9860000328681053,0.0019860000328681053,0.15,S3_TREND
2026-03-18 18:00:00+00:00,ETH,SELL,100.63288306090362,0.10063288306090362,0.15,S3_TREND
2026-03-18 18:00:00+00:00,SOL,SELL,105.82084265248886,0.10582084265248887,0.15,S3_TREND
2026-03-18 19:00:00+00:00,BTC,BUY,56.34073071665807,0.05634073071665807,0.15,S3_TREND
2026-03-18 19:00:00+00:00,ETH,BUY,107.13024030785346,0.10713024030785345,0.15,S3_TREND
2026-03-18 19:00:00+00:00,SOL,BUY,12.021656349277691,0.012021656349277692,0.15,S3_TREND
2026-03-18 20:00:00+00:00,BTC,BUY,12.095580010978665,0.012095580010978666,0.15,S3_TREND
2026-03-18 20:00:00+00:00,ETH,SELL,24.843474246836195,0.024843474246836195,0.15,S3_TREND
2026-03-18 20:00:00+00:00,SOL,SELL,13.017172370564367,0.013017172370564368,0.15,S3_TREND
2026-03-18 21:00:00+00:00,BTC,SELL,16.631631399712205,0.016631631399712205,0.15,S3_TREND
2026-03-18 21:00:00+00:00,ETH,BUY,2.950513299449085,0.002950513299449085,0.15,S3_TREND
2026-03-18 21:00:00+00:00,SOL,SELL,35.014844883580736,0.03501484488358074,0.15,S3_TREND
2026-03-18 22:00:00+00:00,BTC,BUY,18.478819870246298,0.0184788198702463,0.15,S3_TREND
2026-03-18 22:00:00+00:00,ETH,SELL,74.69598927509105,0.07469598927509105,0.15,S3_TREND
2026-03-18 22:00:00+00:00,SOL,SELL,7537.370339934039,7.537370339934039,0.075,S6_REVERSAL
2026-03-18 23:00:00+00:00,BTC,SELL,7474.113440900552,7.474113440900552,0.075,S6_REVERSAL
2026-03-18 23:00:00+00:00,ETH,BUY,36.68209536369068,0.03668209536369068,0.15,S3_TREND
2026-03-18 23:00:00+00:00,SOL,BUY,27.258807566857286,0.027258807566857286,0.075,S6_REVERSAL
2026-03-19 00:00:00+00:00,BTC,SELL,4.69335840432359,0.00469335840432359,0.075,S6_REVERSAL
2026-03-19 00:00:00+00:00,ETH,SELL,51.07221475114602,0.051072214751146025,0.15,S3_TREND
2026-03-19 01:00:00+00:00,BTC,BUY,18.86385521385273,0.01886385521385273,0.075,S6_REVERSAL
2026-03-19 01:00:00+00:00,ETH,BUY,54.727875656337346,0.05472787565633735,0.15,S3_TREND
2026-03-19 01:00:00+00:00,SOL,SELL,9.213635520653952,0.009213635520653952,0.075,S6_REVERSAL
2026-03-19 02:00:00+00:00,BTC,SELL,8.742954397381254,0.008742954397381254,0.075,S6_REVERSAL
2026-03-19 02:00:00+00:00,ETH,SELL,7498.548804553552,7.498548804553552,0.075,S6_REVERSAL
2026-03-19 02:00:00+00:00,SOL,SELL,2.6451964992756984,0.0026451964992756983,0.075,S6_REVERSAL
2026-03-19 03:00:00+00:00,BTC,BUY,4.011810525737019,0.004011810525737019,0.075,S6_REVERSAL
2026-03-19 03:00:00+00:00,ETH,SELL,1.461138089646738,0.001461138089646738,0.075,S6_REVERSAL
2026-03-19 03:00:00+00:00,SOL,BUY,13.481973214896243,0.013481973214896243,0.075,S6_REVERSAL
2026-03-19 04:00:00+00:00,BTC,SELL,6.915185338971241,0.006915185338971242,0.075,S6_REVERSAL
2026-03-19 04:00:00+00:00,ETH,SELL,43.187734747712966,0.043187734747712966,0.075,S6_REVERSAL
2026-03-19 04:00:00+00:00,SOL,SELL,52.405672087770654,0.05240567208777065,0.075,S6_REVERSAL
2026-03-19 05:00:00+00:00,BTC,BUY,28.37099795514314,0.02837099795514314,0.075,S6_REVERSAL
2026-03-19 05:00:00+00:00,ETH,BUY,50.20678157065777,0.05020678157065777,0.075,S6_REVERSAL
2026-03-19 05:00:00+00:00,SOL,BUY,55.50672464941363,0.05550672464941363,0.075,S6_REVERSAL
2026-03-19 06:00:00+00:00,BTC,SELL,2.466324039957726,0.002466324039957726,0.075,S6_REVERSAL
2026-03-19 06:00:00+00:00,ETH,BUY,13.273635466379346,0.013273635466379347,0.075,S6_REVERSAL
2026-03-19 06:00:00+00:00,SOL,BUY,9.646970380588755,0.009646970380588754,0.075,S6_REVERSAL
2026-03-19 07:00:00+00:00,BTC,BUY,22.197269262332156,0.022197269262332158,0.075,S6_REVERSAL
2026-03-19 07:00:00+00:00,ETH,BUY,25.505258090957796,0.025505258090957796,0.075,S6_REVERSAL
2026-03-19 07:00:00+00:00,SOL,SELL,11.80136157472407,0.01180136157472407,0.075,S6_REVERSAL
2026-03-19 08:00:00+00:00,BTC,SELL,7428.025224085546,7.428025224085546,0.0,CASH
2026-03-19 08:00:00+00:00,ETH,BUY,38.27971242918193,0.03827971242918193,0.075,S6_REVERSAL
2026-03-19 08:00:00+00:00,SOL,BUY,28.660155317293174,0.028660155317293174,0.075,S6_REVERSAL
2026-03-19 09:00:00+00:00,BTC,BUY,7457.447946064176,7.4574479460641765,0.075,S6_REVERSAL
2026-03-19 09:00:00+00:00,ETH,BUY,18.266775601963673,0.018266775601963672,0.075,S6_REVERSAL
2026-03-19 09:00:00+00:00,SOL,BUY,2.5114221073836234,0.0025114221073836234,0.075,S6_REVERSAL
2026-03-19 10:00:00+00:00,BTC,SELL,39.87661326243324,0.03987661326243324,0.075,S6_REVERSAL
2026-03-19 10:00:00+00:00,ETH,SELL,82.96818792552585,0.08296818792552585,0.075,S6_REVERSAL
2026-03-19 10:00:00+00:00,SOL,SELL,53.743682831865044,0.05374368283186504,0.075,S6_REVERSAL
2026-03-19 11:00:00+00:00,BTC,BUY,30.541809591824858,0.03054180959182486,0.075,S6_REVERSAL
2026-03-19 11:00:00+00:00,ETH,BUY,47.24674935331859,0.047246749353318594,0.075,S6_REVERSAL
2026-03-19 11:00:00+00:00,SOL,BUY,21.831849285073076,0.021831849285073077,0.075,S6_REVERSAL
2026-03-19 12:00:00+00:00,BTC,BUY,15.120178230173224,0.015120178230173224,0.075,S6_REVERSAL
2026-03-19 12:00:00+00:00,ETH,BUY,15.921282993321256,0.015921282993321257,0.075,S6_REVERSAL
2026-03-19 12:00:00+00:00,SOL,BUY,11.649932647728747,0.011649932647728747,0.075,S6_REVERSAL
2026-03-19 13:00:00+00:00,BTC,BUY,47.019203960035156,0.04701920396003516,0.075,S6_REVERSAL
2026-03-19 13:00:00+00:00,ETH,SELL,7341.345396233779,7.341345396233779,0.0,CASH
2026-03-19 13:00:00+00:00,SOL,BUY,102.06417575898558,0.10206417575898559,0.075,S6_REVERSAL
2026-03-19 14:00:00+00:00,BTC,SELL,59.05616675759666,0.05905616675759666,0.075,S6_REVERSAL
2026-03-19 14:00:00+00:00,SOL,SELL,27.616843812357725,0.027616843812357725,0.075,S6_REVERSAL
2026-03-19 15:00:00+00:00,BTC,BUY,39.86693828285843,0.03986693828285843,0.075,S6_REVERSAL
2026-03-19 15:00:00+00:00,ETH,BUY,7438.155656897286,7.438155656897286,0.075,S6_REVERSAL
2026-03-19 15:00:00+00:00,SOL,BUY,19.168540331039367,0.019168540331039367,0.075,S6_REVERSAL
2026-03-19 16:00:00+00:00,BTC,BUY,1.7958665901960558,0.0017958665901960558,0.075,S6_REVERSAL
2026-03-19 16:00:00+00:00,ETH,BUY,4.358853145909961,0.004358853145909961,0.075,S6_REVERSAL
2026-03-19 16:00:00+00:00,SOL,SELL,7387.573163480779,7.387573163480779,0.0,CASH
2026-03-19 17:00:00+00:00,BTC,SELL,5.8285187227529605,0.00582851872275296,0.075,S6_REVERSAL
2026-03-19 17:00:00+00:00,ETH,BUY,11.896516810238609,0.011896516810238608,0.075,S6_REVERSAL
2026-03-19 18:00:00+00:00,BTC,SELL,36.28640294542129,0.036286402945421285,0.075,S6_REVERSAL
2026-03-19 18:00:00+00:00,ETH,SELL,35.447434600519955,0.03544743460051995,0.075,S6_REVERSAL
2026-03-19 18:00:00+00:00,SOL,BUY,7437.628008272426,7.437628008272426,0.075,S6_REVERSAL
2026-03-19 19:00:00+00:00,BTC,BUY,2.174833002070045,0.0021748330020700452,0.075,S6_REVERSAL
2026-03-19 19:00:00+00:00,ETH,BUY,5.416449845809439,0.005416449845809438,0.075,S6_REVERSAL
2026-03-19 19:00:00+00:00,SOL,SELL,1.3324098259136008,0.0013324098259136009,0.075,S6_REVERSAL
2026-03-19 20:00:00+00:00,BTC,SELL,36.50467215617937,0.03650467215617937,0.075,S6_REVERSAL
2026-03-19 20:00:00+00:00,ETH,SELL,44.973152155002936,0.044973152155002936,0.075,S6_REVERSAL
2026-03-19 20:00:00+00:00,SOL,SELL,37.433014138717226,0.037433014138717226,0.075,S6_REVERSAL
2026-03-19 21:00:00+00:00,BTC,SELL,17.648689944316175,0.017648689944316176,0.075,S6_REVERSAL
2026-03-19 21:00:00+00:00,ETH,SELL,13.26574137082207,0.01326574137082207,0.075,S6_REVERSAL
2026-03-19 21:00:00+00:00,SOL,SELL,17.95092165665119,0.01795092165665119,0.075,S6_REVERSAL
2026-03-19 22:00:00+00:00,BTC,BUY,8.617533851062035,0.008617533851062035,0.075,S6_REVERSAL
2026-03-19 22:00:00+00:00,ETH,SELL,11.238304815305128,0.011238304815305128,0.075,S6_REVERSAL
2026-03-19 22:00:00+00:00,SOL,SELL,10.464146180662283,0.010464146180662283,0.075,S6_REVERSAL
2026-03-19 23:00:00+00:00,BTC,BUY,17.704097798367002,0.017704097798367003,0.075,S6_REVERSAL
2026-03-19 23:00:00+00:00,ETH,BUY,27.632925576172056,0.027632925576172057,0.075,S6_REVERSAL
2026-03-19 23:00:00+00:00,SOL,BUY,22.687227053971583,0.022687227053971585,0.075,S6_REVERSAL
2026-03-20 00:00:00+00:00,BTC,BUY,25.152484828647175,0.025152484828647174,0.075,S6_REVERSAL
2026-03-20 00:00:00+00:00,ETH,BUY,6.06621179845024,0.00606621179845024,0.075,S6_REVERSAL
2026-03-20 00:00:00+00:00,SOL,SELL,12.70439918611919,0.01270439918611919,0.075,S6_REVERSAL
2026-03-20 01:00:00+00:00,BTC,SELL,19.483594168362288,0.01948359416836229,0.075,S6_REVERSAL
2026-03-20 01:00:00+00:00,ETH,SELL,19.891146630117873,0.019891146630117873,0.075,S6_REVERSAL
2026-03-20 01:00:00+00:00,SOL,SELL,35.47349865364322,0.03547349865364322,0.075,S6_REVERSAL
2026-03-20 02:00:00+00:00,BTC,SELL,20.140079650872394,0.020140079650872396,0.075,S6_REVERSAL
2026-03-20 02:00:00+00:00,ETH,SELL,14.820315217732968,0.01482031521773297,0.075,S6_REVERSAL
2026-03-20 02:00:00+00:00,SOL,SELL,1.481790091482253,0.0014817900914822532,0.075,S6_REVERSAL
2026-03-20 03:00:00+00:00,BTC,SELL,3.82132120803999,0.00382132120803999,0.075,S6_REVERSAL
2026-03-20 03:00:00+00:00,ETH,BUY,19.740201444690683,0.019740201444690682,0.075,S6_REVERSAL
2026-03-20 03:00:00+00:00,SOL,BUY,10.749565506197541,0.010749565506197541,0.075,S6_REVERSAL
2026-03-20 04:00:00+00:00,BTC,SELL,27.357210336735985,0.027357210336735986,0.075,S6_REVERSAL
2026-03-20 04:00:00+00:00,ETH,SELL,18.159208795080303,0.018159208795080303,0.075,S6_REVERSAL
2026-03-20 04:00:00+00:00,SOL,SELL,15.771161405772546,0.015771161405772546,0.075,S6_REVERSAL
2026-03-20 05:00:00+00:00,BTC,SELL,7465.169737693745,7.465169737693746,0.0,CASH
2026-03-20 05:00:00+00:00,ETH,BUY,8.199058423247152,0.008199058423247151,0.075,S6_REVERSAL
2026-03-20 05:00:00+00:00,SOL,BUY,21.983358878655054,0.021983358878655053,0.075,S6_REVERSAL
2026-03-20 06:00:00+00:00,ETH,BUY,25.6574478350376,0.0256574478350376,0.075,S6_REVERSAL
2026-03-20 06:00:00+00:00,SOL,SELL,7464.012910798805,7.464012910798806,0.0,CASH
2026-03-20 07:00:00+00:00,ETH,BUY,11.584758979151957,0.011584758979151956,0.075,S6_REVERSAL
2026-03-20 08:00:00+00:00,ETH,SELL,44.9192401409573,0.0449192401409573,0.075,S6_REVERSAL
2026-03-20 09:00:00+00:00,ETH,SELL,43.818823390683065,0.04381882339068306,0.075,S6_REVERSAL
2026-03-20 10:00:00+00:00,ETH,BUY,73.27636839785282,0.07327636839785283,0.075,S6_REVERSAL
2026-03-20 11:00:00+00:00,ETH,SELL,23.096481838113505,0.023096481838113504,0.075,S6_REVERSAL
2026-03-20 12:00:00+00:00,ETH,BUY,22.11899724970681,0.02211899724970681,0.075,S6_REVERSAL
2026-03-20 13:00:00+00:00,ETH,BUY,1.1575806510163602,0.0011575806510163602,0.075,S6_REVERSAL
2026-03-20 14:00:00+00:00,ETH,BUY,44.25109492307365,0.04425109492307365,0.075,S6_REVERSAL
2026-03-20 15:00:00+00:00,ETH,SELL,6.1914335280962405,0.006191433528096241,0.075,S6_REVERSAL
2026-03-20 16:00:00+00:00,ETH,SELL,15.21512093606816,0.01521512093606816,0.075,S6_REVERSAL
2026-03-20 17:00:00+00:00,ETH,SELL,10.726619768661294,0.010726619768661294,0.075,S6_REVERSAL
2026-03-20 18:00:00+00:00,ETH,BUY,1.999268094497893,0.001999268094497893,0.075,S6_REVERSAL
2026-03-20 19:00:00+00:00,ETH,BUY,43.27109105599902,0.04327109105599902,0.075,S6_REVERSAL
2026-03-20 20:00:00+00:00,ETH,SELL,31.226300774265837,0.031226300774265837,0.075,S6_REVERSAL
2026-03-20 21:00:00+00:00,ETH,SELL,1.101255171091907,0.001101255171091907,0.075,S6_REVERSAL
2026-03-20 22:00:00+00:00,ETH,SELL,46.14761800389806,0.046147618003898064,0.075,S6_REVERSAL
2026-03-20 23:00:00+00:00,ETH,SELL,23.03165898005318,0.02303165898005318,0.075,S6_REVERSAL
2026-03-21 00:00:00+00:00,ETH,BUY,27.182027757642572,0.027182027757642575,0.075,S6_REVERSAL
2026-03-21 01:00:00+00:00,ETH,SELL,22.786256850799873,0.022786256850799873,0.075,S6_REVERSAL
2026-03-21 02:00:00+00:00,ETH,BUY,18.452078849640202,0.018452078849640202,0.075,S6_REVERSAL
2026-03-21 03:00:00+00:00,ETH,SELL,23.607602245017006,0.023607602245017005,0.075,S6_REVERSAL
2026-03-21 04:00:00+00:00,ETH,BUY,4.160305107938257,0.004160305107938257,0.075,S6_REVERSAL
2026-03-21 05:00:00+00:00,ETH,BUY,5.861879947629859,0.0058618799476298595,0.075,S6_REVERSAL
2026-03-21 06:00:00+00:00,ETH,SELL,5.2260623447564285,0.005226062344756428,0.075,S6_REVERSAL
2026-03-21 07:00:00+00:00,ETH,SELL,7.753245807028179,0.007753245807028179,0.075,S6_REVERSAL
2026-03-21 09:00:00+00:00,ETH,SELL,7452.413974021407,7.452413974021407,0.0,CASH
2026-03-21 18:00:00+00:00,SOL,BUY,14915.358131104045,14.915358131104046,0.15,S3_TREND
2026-03-21 19:00:00+00:00,BTC,BUY,14918.617274266864,14.918617274266865,0.15,S3_TREND
2026-03-21 19:00:00+00:00,SOL,SELL,33.383836053741106,0.03338383605374111,0.15,S3_TREND
2026-03-21 20:00:00+00:00,BTC,SELL,2.725403406750047,0.002725403406750047,0.15,S3_TREND
2026-03-21 20:00:00+00:00,SOL,SELL,6.263434189819236,0.006263434189819236,0.15,S3_TREND
2026-03-21 21:00:00+00:00,BTC,SELL,2.9657704425444535,0.0029657704425444537,0.15,S3_TREND
2026-03-21 21:00:00+00:00,SOL,SELL,48.72712818114451,0.04872712818114451,0.15,S3_TREND
2026-03-21 22:00:00+00:00,BTC,BUY,17.03424426489437,0.01703424426489437,0.15,S3_TREND
2026-03-21 22:00:00+00:00,SOL,BUY,18.802028008101843,0.018802028008101844,0.15,S3_TREND
2026-03-21 23:00:00+00:00,BTC,BUY,9.832474052316684,0.009832474052316685,0.15,S3_TREND
2026-03-21 23:00:00+00:00,SOL,BUY,11.911483810890786,0.011911483810890786,0.15,S3_TREND
2026-03-22 00:00:00+00:00,BTC,BUY,186.70274141073423,0.18670274141073423,0.15,S3_TREND
2026-03-22 00:00:00+00:00,ETH,BUY,7407.149257954833,7.407149257954833,0.075,S6_REVERSAL
2026-03-22 00:00:00+00:00,SOL,BUY,288.14937393023683,0.2881493739302368,0.15,S3_TREND
2026-03-22 01:00:00+00:00,BTC,SELL,12.2007819662158,0.012200781966215801,0.15,S3_TREND
2026-03-22 01:00:00+00:00,ETH,SELL,12.187838293692948,0.012187838293692948,0.075,S6_REVERSAL
2026-03-22 01:00:00+00:00,SOL,BUY,34.58047691369757,0.03458047691369757,0.15,S3_TREND
2026-03-22 02:00:00+00:00,BTC,BUY,4.110408443015331,0.0041104084430153304,0.15,S3_TREND
2026-03-22 02:00:00+00:00,ETH,SELL,10.20629366988851,0.01020629366988851,0.075,S6_REVERSAL
2026-03-22 02:00:00+00:00,SOL,SELL,17.980583713691885,0.017980583713691885,0.15,S3_TREND
2026-03-22 03:00:00+00:00,BTC,SELL,34.32424834125413,0.03432424834125413,0.15,S3_TREND
2026-03-22 03:00:00+00:00,ETH,SELL,21.927681914965433,0.021927681914965434,0.075,S6_REVERSAL
2026-03-22 03:00:00+00:00,SOL,SELL,83.3816902396029,0.0833816902396029,0.15,S3_TREND
2026-03-22 04:00:00+00:00,BTC,BUY,7.95783787889377,0.007957837878893769,0.15,S3_TREND
2026-03-22 04:00:00+00:00,ETH,SELL,30.14491360934153,0.03014491360934153,0.075,S6_REVERSAL
2026-03-22 04:00:00+00:00,SOL,SELL,66.3747969428041,0.0663747969428041,0.15,S3_TREND
2026-03-22 05:00:00+00:00,BTC,BUY,8.441204118269525,0.008441204118269525,0.15,S3_TREND
2026-03-22 05:00:00+00:00,ETH,SELL,13.406133018234868,0.013406133018234869,0.075,S6_REVERSAL
2026-03-22 05:00:00+00:00,SOL,SELL,46.39550992433761,0.04639550992433761,0.15,S3_TREND
2026-03-22 06:00:00+00:00,BTC,BUY,20.403278123429118,0.020403278123429118,0.15,S3_TREND
2026-03-22 06:00:00+00:00,ETH,BUY,10.652082389269708,0.010652082389269709,0.075,S6_REVERSAL
2026-03-22 06:00:00+00:00,SOL,BUY,66.78217073147971,0.06678217073147971,0.15,S3_TREND
2026-03-22 07:00:00+00:00,BTC,SELL,11.254799955144335,0.011254799955144336,0.15,S3_TREND
2026-03-22 07:00:00+00:00,ETH,BUY,10.460374502288687,0.010460374502288688,0.075,S6_REVERSAL
2026-03-22 07:00:00+00:00,SOL,BUY,38.05656369382632,0.03805656369382632,0.15,S3_TREND
2026-03-22 08:00:00+00:00,BTC,BUY,23.90763620290636,0.02390763620290636,0.15,S3_TREND
2026-03-22 08:00:00+00:00,ETH,BUY,39.769012217037016,0.03976901221703702,0.075,S6_REVERSAL
2026-03-22 08:00:00+00:00,SOL,BUY,55.55529593580468,0.05555529593580468,0.15,S3_TREND
2026-03-22 09:00:00+00:00,BTC,SELL,7394.055715367433,7.394055715367433,0.075,S6_REVERSAL
2026-03-22 09:00:00+00:00,ETH,BUY,16.554422293918833,0.016554422293918833,0.075,S6_REVERSAL
2026-03-22 09:00:00+00:00,SOL,BUY,40.02691952832538,0.04002691952832538,0.15,S3_TREND
2026-03-22 10:00:00+00:00,BTC,SELL,3.7006212909564056,0.0037006212909564055,0.075,S6_REVERSAL
2026-03-22 10:00:00+00:00,ETH,BUY,3.5734236029056774,0.0035734236029056773,0.075,S6_REVERSAL
2026-03-22 10:00:00+00:00,SOL,BUY,5.685484319932584,0.005685484319932584,0.15,S3_TREND
2026-03-22 11:00:00+00:00,BTC,BUY,16.99033212106042,0.01699033212106042,0.075,S6_REVERSAL
2026-03-22 11:00:00+00:00,ETH,BUY,10.834903368519917,0.010834903368519918,0.075,S6_REVERSAL
2026-03-22 11:00:00+00:00,SOL,SELL,7.704837454628431,0.007704837454628431,0.15,S3_TREND
2026-03-22 12:00:00+00:00,BTC,BUY,33.47959559383071,0.03347959559383071,0.075,S6_REVERSAL
2026-03-22 12:00:00+00:00,ETH,BUY,27.88253085755605,0.02788253085755605,0.075,S6_REVERSAL
2026-03-22 12:00:00+00:00,SOL,BUY,58.93416506253743,0.05893416506253743,0.15,S3_TREND
2026-03-22 13:00:00+00:00,BTC,SELL,34.94308706974789,0.03494308706974789,0.075,S6_REVERSAL
2026-03-22 13:00:00+00:00,ETH,SELL,32.135582874439024,0.032135582874439024,0.075,S6_REVERSAL
2026-03-22 13:00:00+00:00,SOL,SELL,48.42551840521264,0.04842551840521264,0.15,S3_TREND
2026-03-22 14:00:00+00:00,BTC,SELL,4.871582524528094,0.004871582524528094,0.075,S6_REVERSAL
2026-03-22 14:00:00+00:00,ETH,BUY,13.251137464794738,0.013251137464794739,0.075,S6_REVERSAL
2026-03-22 14:00:00+00:00,SOL,SELL,8.481128611972963,0.008481128611972963,0.15,S3_TREND
2026-03-22 15:00:00+00:00,BTC,SELL,2.838936992429808,0.0028389369924298083,0.075,S6_REVERSAL
2026-03-22 15:00:00+00:00,SOL,BUY,17.165231256940388,0.01716523125694039,0.15,S3_TREND
2026-03-22 16:00:00+00:00,BTC,SELL,7.416152301673719,0.0074161523016737195,0.075,S6_REVERSAL
2026-03-22 16:00:00+00:00,ETH,SELL,9.952344195488877,0.009952344195488877,0.075,S6_REVERSAL
2026-03-22 16:00:00+00:00,SOL,SELL,49.954646834738014,0.04995464683473801,0.15,S3_TREND
2026-03-22 17:00:00+00:00,BTC,BUY,2.677252447601859,0.002677252447601859,0.075,S6_REVERSAL
2026-03-22 17:00:00+00:00,ETH,BUY,1.6728206652642257,0.0016728206652642256,0.075,S6_REVERSAL
2026-03-22 17:00:00+00:00,SOL,SELL,7389.520121071392,7.389520121071392,0.075,S6_REVERSAL
2026-03-22 18:00:00+00:00,BTC,BUY,10.591738119411275,0.010591738119411276,0.075,S6_REVERSAL
2026-03-22 18:00:00+00:00,ETH,BUY,5.200022459731372,0.005200022459731372,0.075,S6_REVERSAL
2026-03-22 18:00:00+00:00,SOL,BUY,14.928233666138112,0.014928233666138113,0.075,S6_REVERSAL
2026-03-22 19:00:00+00:00,BTC,BUY,1.8588624252251975,0.0018588624252251975,0.075,S6_REVERSAL
2026-03-22 19:00:00+00:00,ETH,BUY,22.12548015300945,0.02212548015300945,0.075,S6_REVERSAL
2026-03-22 19:00:00+00:00,SOL,BUY,17.208683863246733,0.017208683863246733,0.075,S6_REVERSAL
2026-03-22 20:00:00+00:00,BTC,BUY,38.4179007302364,0.0384179007302364,0.075,S6_REVERSAL
2026-03-22 20:00:00+00:00,ETH,BUY,25.561082462932063,0.025561082462932063,0.075,S6_REVERSAL
2026-03-22 20:00:00+00:00,SOL,BUY,5.199896315908518,0.005199896315908518,0.075,S6_REVERSAL
2026-03-22 21:00:00+00:00,ETH,BUY,13.323804337018373,0.013323804337018373,0.075,S6_REVERSAL
2026-03-22 21:00:00+00:00,SOL,BUY,21.372678593811543,0.021372678593811544,0.075,S6_REVERSAL
2026-03-22 22:00:00+00:00,BTC,BUY,19.848638256841696,0.019848638256841696,0.075,S6_REVERSAL
2026-03-22 22:00:00+00:00,ETH,SELL,7339.724183895048,7.339724183895048,0.0,CASH
2026-03-22 22:00:00+00:00,SOL,SELL,7335.525316049096,7.335525316049096,0.0,CASH
2026-03-22 23:00:00+00:00,BTC,SELL,45.253274122570474,0.04525327412257048,0.075,S6_REVERSAL
2026-03-23 00:00:00+00:00,BTC,SELL,7326.256857716242,7.326256857716242,0.0,CASH
2026-03-24 12:00:00+00:00,SOL,BUY,14747.354973811147,14.747354973811147,0.15,S3_TREND
2026-03-24 13:00:00+00:00,BTC,BUY,14740.322423308437,14.740322423308436,0.15,S3_TREND
2026-03-24 13:00:00+00:00,SOL,BUY,25.103764541550845,0.025103764541550846,0.15,S3_TREND
2026-03-24 14:00:00+00:00,BTC,BUY,107.41196041170406,0.10741196041170406,0.15,S3_TREND
2026-03-24 14:00:00+00:00,SOL,BUY,206.42829076404087,0.20642829076404087,0.15,S3_TREND
2026-03-24 15:00:00+00:00,BTC,BUY,33.85793762114008,0.03385793762114008,0.15,S3_TREND
2026-03-24 15:00:00+00:00,ETH,BUY,14655.521899283014,14.655521899283015,0.15,S3_TREND
2026-03-24 15:00:00+00:00,SOL,BUY,32.95832354938284,0.03295832354938284,0.15,S3_TREND
2026-03-24 16:00:00+00:00,BTC,BUY,2.6147763125081838,0.002614776312508184,0.15,S3_TREND
2026-03-24 16:00:00+00:00,ETH,SELL,4.768089773418978,0.004768089773418979,0.15,S3_TREND
2026-03-24 16:00:00+00:00,SOL,SELL,24.548436640679938,0.02454843664067994,0.15,S3_TREND
2026-03-24 17:00:00+00:00,BTC,BUY,51.42664638540555,0.05142664638540555,0.15,S3_TREND
2026-03-24 17:00:00+00:00,ETH,BUY,22.895952016140654,0.022895952016140655,0.15,S3_TREND
2026-03-24 17:00:00+00:00,SOL,BUY,41.821833806065115,0.04182183380606511,0.15,S3_TREND
2026-03-24 18:00:00+00:00,BTC,BUY,21.36254147257023,0.021362541472570228,0.15,S3_TREND
2026-03-24 18:00:00+00:00,ETH,BUY,95.07286182115604,0.09507286182115604,0.15,S3_TREND
2026-03-24 18:00:00+00:00,SOL,SELL,10.816974053428567,0.010816974053428567,0.15,S3_TREND
2026-03-24 19:00:00+00:00,BTC,SELL,30.911812236139667,0.030911812236139667,0.15,S3_TREND
2026-03-24 19:00:00+00:00,ETH,SELL,57.88395788553498,0.057883957885534985,0.15,S3_TREND
2026-03-24 19:00:00+00:00,SOL,BUY,53.726997359066445,0.05372699735906645,0.15,S3_TREND
2026-03-24 20:00:00+00:00,BTC,SELL,2.0526440743997227,0.0020526440743997227,0.15,S3_TREND
2026-03-24 20:00:00+00:00,ETH,BUY,1.014841259779132,0.001014841259779132,0.15,S3_TREND
2026-03-24 20:00:00+00:00,SOL,BUY,49.2467430792276,0.0492467430792276,0.15,S3_TREND
2026-03-24 21:00:00+00:00,BTC,SELL,57.97129495893568,0.05797129495893568,0.15,S3_TREND
2026-03-24 21:00:00+00:00,ETH,SELL,125.38178981718556,0.12538178981718556,0.15,S3_TREND
2026-03-24 21:00:00+00:00,SOL,SELL,156.30991128736787,0.15630991128736788,0.15,S3_TREND
2026-03-24 22:00:00+00:00,BTC,SELL,33.76635783573511,0.03376635783573511,0.15,S3_TREND
2026-03-24 22:00:00+00:00,ETH,BUY,13.665633204082042,0.013665633204082041,0.15,S3_TREND
2026-03-24 22:00:00+00:00,SOL,SELL,40.62320240042209,0.04062320240042209,0.15,S3_TREND
2026-03-24 23:00:00+00:00,BTC,SELL,2.260128700903806,0.002260128700903806,0.15,S3_TREND
2026-03-24 23:00:00+00:00,ETH,BUY,16.912909281316388,0.016912909281316387,0.15,S3_TREND
2026-03-24 23:00:00+00:00,SOL,BUY,5.7880744203939685,0.005788074420393969,0.15,S3_TREND
2026-03-25 00:00:00+00:00,BTC,SELL,19.97662110455167,0.01997662110455167,0.15,S3_TREND
2026-03-25 00:00:00+00:00,ETH,SELL,42.60693914356125,0.04260693914356125,0.15,S3_TREND
2026-03-25 00:00:00+00:00,SOL,SELL,47.96841150830551,0.04796841150830551,0.15,S3_TREND
2026-03-25 01:00:00+00:00,BTC,SELL,32.080750733332025,0.032080750733332025,0.15,S3_TREND
2026-03-25 01:00:00+00:00,ETH,SELL,10.637016539098113,0.010637016539098113,0.15,S3_TREND
2026-03-25 01:00:00+00:00,SOL,SELL,57.14235075388933,0.057142350753889334,0.15,S3_TREND
2026-03-25 02:00:00+00:00,BTC,BUY,15.050419424320353,0.015050419424320354,0.15,S3_TREND
2026-03-25 02:00:00+00:00,ETH,BUY,13.813886986847137,0.013813886986847138,0.15,S3_TREND
2026-03-25 02:00:00+00:00,SOL,BUY,40.7668921986442,0.040766892198644204,0.15,S3_TREND
2026-03-25 03:00:00+00:00,BTC,BUY,28.779798056491927,0.028779798056491928,0.15,S3_TREND
2026-03-25 03:00:00+00:00,ETH,BUY,8.157721329931519,0.00815772132993152,0.15,S3_TREND
2026-03-25 03:00:00+00:00,SOL,SELL,30.845469444760965,0.030845469444760965,0.15,S3_TREND
2026-03-25 04:00:00+00:00,BTC,SELL,16.28948315597154,0.016289483155971538,0.15,S3_TREND
2026-03-25 04:00:00+00:00,ETH,BUY,1.84019550269295,0.00184019550269295,0.15,S3_TREND
2026-03-25 04:00:00+00:00,SOL,SELL,68.06156782236758,0.06806156782236758,0.15,S3_TREND
2026-03-25 05:00:00+00:00,BTC,SELL,27.790770831423288,0.027790770831423287,0.15,S3_TREND
2026-03-25 05:00:00+00:00,ETH,SELL,28.405240548579968,0.028405240548579968,0.15,S3_TREND
2026-03-25 05:00:00+00:00,SOL,SELL,34.766076722447906,0.03476607672244791,0.15,S3_TREND
2026-03-25 06:00:00+00:00,BTC,SELL,14.940501115092047,0.014940501115092047,0.15,S3_TREND
2026-03-25 06:00:00+00:00,ETH,SELL,2.4634636074260925,0.0024634636074260924,0.15,S3_TREND
2026-03-25 06:00:00+00:00,SOL,SELL,41.708276603354534,0.041708276603354535,0.15,S3_TREND
2026-03-25 07:00:00+00:00,BTC,BUY,16.434262368351483,0.016434262368351483,0.15,S3_TREND
2026-03-25 07:00:00+00:00,ETH,BUY,25.796641523551443,0.025796641523551444,0.15,S3_TREND
2026-03-25 07:00:00+00:00,SOL,SELL,6.546004371401068,0.006546004371401068,0.15,S3_TREND
2026-03-25 08:00:00+00:00,BTC,SELL,1.6640097110921488,0.0016640097110921489,0.15,S3_TREND
2026-03-25 08:00:00+00:00,ETH,SELL,20.31750353967982,0.02031750353967982,0.15,S3_TREND
2026-03-25 08:00:00+00:00,SOL,BUY,77.63570370104753,0.07763570370104754,0.15,S3_TREND
2026-03-25 09:00:00+00:00,BTC,SELL,31.54926025106397,0.03154926025106397,0.15,S3_TREND
2026-03-25 09:00:00+00:00,ETH,SELL,46.95836427768336,0.04695836427768336,0.15,S3_TREND
2026-03-25 09:00:00+00:00,SOL,SELL,51.46280074341303,0.05146280074341303,0.15,S3_TREND
2026-03-25 10:00:00+00:00,BTC,SELL,2.7121933184280356,0.0027121933184280356,0.15,S3_TREND
2026-03-25 10:00:00+00:00,ETH,SELL,50.47946546158346,0.05047946546158346,0.15,S3_TREND
2026-03-25 10:00:00+00:00,SOL,SELL,11.305673367878626,0.011305673367878626,0.15,S3_TREND
2026-03-25 11:00:00+00:00,BTC,SELL,26.475073336367135,0.026475073336367137,0.15,S3_TREND
2026-03-25 11:00:00+00:00,ETH,BUY,15.193636634601717,0.015193636634601717,0.15,S3_TREND
2026-03-25 11:00:00+00:00,SOL,SELL,10.184568321481493,0.010184568321481492,0.15,S3_TREND
2026-03-25 12:00:00+00:00,BTC,SELL,21.74083560600593,0.02174083560600593,0.15,S3_TREND
2026-03-25 12:00:00+00:00,ETH,BUY,7.288252267318967,0.007288252267318967,0.15,S3_TREND
2026-03-25 12:00:00+00:00,SOL,SELL,40.942590236381875,0.04094259023638187,0.15,S3_TREND
2026-03-25 13:00:00+00:00,BTC,SELL,8.356467786932626,0.008356467786932626,0.15,S3_TREND
2026-03-25 13:00:00+00:00,ETH,BUY,20.207171428797665,0.020207171428797664,0.15,S3_TREND
2026-03-25 13:00:00+00:00,SOL,SELL,8.826913446453545,0.008826913446453546,0.15,S3_TREND
2026-03-25 14:00:00+00:00,BTC,BUY,17.452701826707198,0.017452701826707197,0.15,S3_TREND
2026-03-25 14:00:00+00:00,ETH,SELL,17.526112978153833,0.017526112978153832,0.15,S3_TREND
2026-03-25 14:00:00+00:00,SOL,BUY,37.620254081304665,0.03762025408130466,0.15,S3_TREND
2026-03-25 15:00:00+00:00,BTC,BUY,31.755999722958222,0.03175599972295822,0.15,S3_TREND
2026-03-25 15:00:00+00:00,ETH,BUY,29.356227810614655,0.029356227810614657,0.15,S3_TREND
2026-03-25 15:00:00+00:00,SOL,BUY,86.18710347723754,0.08618710347723754,0.15,S3_TREND
2026-03-25 16:00:00+00:00,BTC,BUY,54.660223946530095,0.0546602239465301,0.15,S3_TREND
2026-03-25 16:00:00+00:00,ETH,BUY,50.11585363147606,0.05011585363147606,0.15,S3_TREND
2026-03-25 17:00:00+00:00,BTC,SELL,64.86368835969733,0.06486368835969733,0.15,S3_TREND
2026-03-25 17:00:00+00:00,ETH,SELL,39.45445439304967,0.039454454393049676,0.15,S3_TREND
2026-03-25 17:00:00+00:00,SOL,SELL,33.024027077726714,0.03302402707772671,0.15,S3_TREND
2026-03-25 18:00:00+00:00,BTC,BUY,74.15773385543798,0.07415773385543799,0.15,S3_TREND
2026-03-25 18:00:00+00:00,ETH,BUY,27.2938206848321,0.0272938206848321,0.15,S3_TREND
2026-03-25 18:00:00+00:00,SOL,BUY,41.30541085877485,0.04130541085877485,0.15,S3_TREND
2026-03-25 19:00:00+00:00,BTC,SELL,7.8340881143303704,0.007834088114330371,0.15,S3_TREND
2026-03-25 19:00:00+00:00,ETH,BUY,10.509802545248021,0.010509802545248022,0.15,S3_TREND
2026-03-25 19:00:00+00:00,SOL,BUY,1.9260978316069668,0.0019260978316069668,0.15,S3_TREND
2026-03-25 20:00:00+00:00,ETH,SELL,55.865656025558565,0.05586565602555857,0.15,S3_TREND
2026-03-25 20:00:00+00:00,SOL,BUY,3.2577803663025406,0.003257780366302541,0.15,S3_TREND
2026-03-25 21:00:00+00:00,BTC,SELL,36.139243034700485,0.03613924303470049,0.15,S3_TREND
2026-03-25 21:00:00+00:00,ETH,BUY,32.96244790439414,0.03296244790439414,0.15,S3_TREND
2026-03-25 21:00:00+00:00,SOL,BUY,35.954025263610674,0.035954025263610676,0.15,S3_TREND
2026-03-25 22:00:00+00:00,BTC,SELL,12.149206586522268,0.01214920658652227,0.15,S3_TREND
2026-03-25 22:00:00+00:00,ETH,BUY,9.84104802166621,0.00984104802166621,0.15,S3_TREND
2026-03-25 22:00:00+00:00,SOL,BUY,27.111854777329427,0.027111854777329428,0.15,S3_TREND
2026-03-25 23:00:00+00:00,BTC,SELL,36.839579055811555,0.036839579055811554,0.15,S3_TREND
2026-03-25 23:00:00+00:00,ETH,SELL,39.02501933354324,0.03902501933354324,0.15,S3_TREND
2026-03-25 23:00:00+00:00,SOL,SELL,43.48584188828863,0.043485841888288634,0.15,S3_TREND
2026-03-26 00:00:00+00:00,ETH,BUY,29.926722020190937,0.02992672202019094,0.15,S3_TREND
2026-03-26 00:00:00+00:00,SOL,SELL,1.180065600299713,0.001180065600299713,0.15,S3_TREND
2026-03-26 01:00:00+00:00,BTC,BUY,3.292956648336258,0.003292956648336258,0.15,S3_TREND
2026-03-26 01:00:00+00:00,ETH,BUY,12.339241306737676,0.012339241306737676,0.15,S3_TREND
2026-03-26 01:00:00+00:00,SOL,SELL,3.5461223152396997,0.0035461223152397,0.15,S3_TREND
2026-03-26 02:00:00+00:00,BTC,BUY,9.549313559446091,0.00954931355944609,0.15,S3_TREND
2026-03-26 02:00:00+00:00,ETH,BUY,12.462040781863834,0.012462040781863835,0.15,S3_TREND
2026-03-26 02:00:00+00:00,SOL,SELL,21.188769559139473,0.021188769559139474,0.15,S3_TREND
2026-03-26 03:00:00+00:00,BTC,BUY,26.84285425705275,0.02684285425705275,0.15,S3_TREND
2026-03-26 03:00:00+00:00,ETH,BUY,53.883633917486804,0.05388363391748681,0.15,S3_TREND
2026-03-26 03:00:00+00:00,SOL,BUY,94.00796387336777,0.09400796387336777,0.15,S3_TREND
2026-03-26 04:00:00+00:00,BTC,BUY,1.2134823424075876,0.0012134823424075876,0.15,S3_TREND
2026-03-26 04:00:00+00:00,ETH,SELL,15.215499662062939,0.01521549966206294,0.15,S3_TREND
2026-03-26 04:00:00+00:00,SOL,SELL,12.313887677617458,0.01231388767761746,0.15,S3_TREND
2026-03-26 05:00:00+00:00,BTC,BUY,16.729629974533964,0.016729629974533963,0.15,S3_TREND
2026-03-26 05:00:00+00:00,ETH,BUY,9.692771103163977,0.009692771103163978,0.15,S3_TREND
2026-03-26 05:00:00+00:00,SOL,BUY,26.13216474238834,0.02613216474238834,0.15,S3_TREND
2026-03-26 06:00:00+00:00,BTC,BUY,64.36046487804379,0.06436046487804378,0.15,S3_TREND
2026-03-26 06:00:00+00:00,ETH,BUY,113.9363584158964,0.1139363584158964,0.15,S3_TREND
2026-03-26 06:00:00+00:00,SOL,BUY,161.8428956921016,0.16184289569210158,0.15,S3_TREND
2026-03-26 07:00:00+00:00,BTC,SELL,16.575600104304613,0.016575600104304613,0.15,S3_TREND
2026-03-26 07:00:00+00:00,ETH,SELL,15.82701926185473,0.01582701926185473,0.15,S3_TREND
2026-03-26 07:00:00+00:00,SOL,BUY,31.352398734610688,0.03135239873461069,0.15,S3_TREND
2026-03-26 08:00:00+00:00,BTC,BUY,4.548743147161076,0.004548743147161076,0.15,S3_TREND
2026-03-26 08:00:00+00:00,ETH,SELL,9.765549560617728,0.009765549560617728,0.15,S3_TREND
2026-03-26 08:00:00+00:00,SOL,SELL,4.060916058684597,0.0040609160586845975,0.15,S3_TREND
2026-03-26 09:00:00+00:00,BTC,BUY,1.5742332653280755,0.0015742332653280755,0.15,S3_TREND
2026-03-26 09:00:00+00:00,ETH,BUY,15.991176571913456,0.015991176571913457,0.15,S3_TREND
2026-03-26 09:00:00+00:00,SOL,BUY,24.632445208455465,0.024632445208455464,0.15,S3_TREND
2026-03-26 10:00:00+00:00,BTC,BUY,25.008413758012466,0.025008413758012465,0.15,S3_TREND
2026-03-26 10:00:00+00:00,ETH,BUY,183.89633419809252,0.1838963341980925,0.15,S3_TREND
2026-03-26 10:00:00+00:00,SOL,BUY,53.501618046546355,0.05350161804654636,0.15,S3_TREND
2026-03-26 11:00:00+00:00,BTC,SELL,7273.566462105313,7.273566462105313,0.075,S6_REVERSAL
2026-03-26 11:00:00+00:00,ETH,BUY,17.98910962660375,0.01798910962660375,0.15,S3_TREND
2026-03-26 11:00:00+00:00,SOL,BUY,18.253189429176928,0.01825318942917693,0.15,S3_TREND
2026-03-26 12:00:00+00:00,BTC,BUY,12.89650946727761,0.012896509467277611,0.075,S6_REVERSAL
2026-03-26 12:00:00+00:00,ETH,SELL,7214.107082515774,7.214107082515774,0.075,S6_REVERSAL
2026-03-26 12:00:00+00:00,SOL,SELL,14485.001410570989,14.48500141057099,0.0,CASH
2026-03-26 13:00:00+00:00,BTC,SELL,15.823976504225358,0.01582397650422536,0.075,S6_REVERSAL
2026-03-26 13:00:00+00:00,ETH,SELL,17.089277642991874,0.017089277642991875,0.075,S6_REVERSAL
2026-03-26 13:00:00+00:00,SOL,BUY,7261.698950663269,7.261698950663269,0.075,S6_REVERSAL
2026-03-26 14:00:00+00:00,BTC,SELL,16.575515384097343,0.016575515384097343,0.075,S6_REVERSAL
2026-03-26 14:00:00+00:00,ETH,SELL,21.28088401550849,0.02128088401550849,0.075,S6_REVERSAL
2026-03-26 14:00:00+00:00,SOL,SELL,25.281392491797305,0.025281392491797307,0.075,S6_REVERSAL
2026-03-26 15:00:00+00:00,BTC,BUY,12.371592546545799,0.012371592546545799,0.075,S6_REVERSAL
2026-03-26 15:00:00+00:00,ETH,BUY,12.229028105045472,0.012229028105045472,0.075,S6_REVERSAL
2026-03-26 15:00:00+00:00,SOL,BUY,27.211894486237725,0.027211894486237724,0.075,S6_REVERSAL
2026-03-26 16:00:00+00:00,BTC,BUY,36.80012298679958,0.03680012298679958,0.075,S6_REVERSAL
2026-03-26 16:00:00+00:00,ETH,BUY,15.843349856858367,0.01584334985685837,0.075,S6_REVERSAL
2026-03-26 16:00:00+00:00,SOL,SELL,3.893208530023003,0.003893208530023003,0.075,S6_REVERSAL
2026-03-26 17:00:00+00:00,BTC,SELL,7241.590570595378,7.2415905705953785,0.0,CASH
2026-03-26 17:00:00+00:00,ETH,BUY,27.563719313433467,0.027563719313433467,0.075,S6_REVERSAL
2026-03-26 17:00:00+00:00,SOL,BUY,21.624663276185856,0.021624663276185858,0.075,S6_REVERSAL
2026-03-26 18:00:00+00:00,BTC,BUY,7244.427035640751,7.244427035640751,0.075,S6_REVERSAL
2026-03-26 18:00:00+00:00,ETH,BUY,33.232982515809454,0.03323298251580945,0.075,S6_REVERSAL
2026-03-26 18:00:00+00:00,SOL,BUY,41.0367593754072,0.041036759375407204,0.075,S6_REVERSAL
2026-03-26 19:00:00+00:00,BTC,SELL,5.669373139277014,0.0056693731392770145,0.075,S6_REVERSAL
2026-03-26 19:00:00+00:00,ETH,SELL,7236.544243866787,7.2365442438667875,0.0,CASH
2026-03-26 19:00:00+00:00,SOL,SELL,7197.591672676553,7.197591672676553,0.0,CASH
2026-03-26 20:00:00+00:00,BTC,BUY,7234.355821761576,7.234355821761577,0.15,S3_TREND
2026-03-26 20:00:00+00:00,ETH,BUY,7239.067970659552,7.239067970659552,0.075,S6_REVERSAL
2026-03-26 20:00:00+00:00,SOL,BUY,14478.135941319104,14.478135941319104,0.15,S6_S8_REVERSAL
2026-03-26 21:00:00+00:00,BTC,SELL,58.42391967652111,0.05842391967652111,0.15,S3_TREND
2026-03-26 21:00:00+00:00,ETH,SELL,35.22599474160961,0.03522599474160961,0.075,S6_REVERSAL
2026-03-26 21:00:00+00:00,SOL,SELL,106.31310269640926,0.10631310269640926,0.15,S6_S8_REVERSAL
2026-03-26 22:00:00+00:00,BTC,BUY,28.959542441491067,0.028959542441491067,0.15,S3_TREND
2026-03-26 22:00:00+00:00,ETH,SELL,6.638781768268018,0.006638781768268018,0.075,S6_REVERSAL
2026-03-26 22:00:00+00:00,SOL,SELL,69.4466000101038,0.06944660001010379,0.15,S6_S8_REVERSAL
2026-03-26 23:00:00+00:00,BTC,BUY,3.5178388920103316,0.0035178388920103316,0.15,S3_TREND
2026-03-26 23:00:00+00:00,ETH,BUY,7.507124976790692,0.007507124976790692,0.075,S6_REVERSAL
2026-03-27 00:00:00+00:00,BTC,SELL,7255.074565903382,7.255074565903382,0.075,S6_REVERSAL
2026-03-27 00:00:00+00:00,ETH,BUY,12.847986250096255,0.012847986250096255,0.075,S6_REVERSAL
2026-03-27 00:00:00+00:00,SOL,BUY,36.69801854799152,0.036698018547991526,0.15,S6_S8_REVERSAL
2026-03-27 01:00:00+00:00,BTC,BUY,4.363461277605893,0.004363461277605893,0.075,S6_REVERSAL
2026-03-27 01:00:00+00:00,ETH,SELL,15.563228682485715,0.015563228682485716,0.075,S6_REVERSAL
2026-03-27 01:00:00+00:00,SOL,SELL,2.075854045795495,0.0020758540457954952,0.15,S6_S8_REVERSAL
2026-03-27 02:00:00+00:00,BTC,SELL,19.17086730063602,0.01917086730063602,0.075,S6_REVERSAL
2026-03-27 02:00:00+00:00,ETH,SELL,23.304931561960984,0.023304931561960986,0.075,S6_REVERSAL
2026-03-27 02:00:00+00:00,SOL,SELL,40.85781535778369,0.04085781535778369,0.15,S6_S8_REVERSAL
2026-03-27 03:00:00+00:00,BTC,BUY,10.30669895785195,0.01030669895785195,0.075,S6_REVERSAL
2026-03-27 03:00:00+00:00,ETH,BUY,15.504684583911512,0.015504684583911512,0.075,S6_REVERSAL
2026-03-27 03:00:00+00:00,SOL,BUY,22.98127342645239,0.02298127342645239,0.15,S6_S8_REVERSAL
2026-03-27 04:00:00+00:00,BTC,BUY,8.081899223293476,0.008081899223293476,0.075,S6_REVERSAL
2026-03-27 04:00:00+00:00,ETH,BUY,17.58045208933163,0.01758045208933163,0.075,S6_REVERSAL
2026-03-27 04:00:00+00:00,SOL,BUY,32.715439117770075,0.03271543911777008,0.15,S6_S8_REVERSAL
2026-03-27 05:00:00+00:00,BTC,BUY,13.004810028038264,0.013004810028038265,0.075,S6_REVERSAL
2026-03-27 05:00:00+00:00,ETH,BUY,22.50406975868009,0.02250406975868009,0.075,S6_REVERSAL
2026-03-27 05:00:00+00:00,SOL,BUY,29.677452408745012,0.029677452408745014,0.15,S6_S8_REVERSAL
2026-03-27 06:00:00+00:00,BTC,SELL,3.7793412380588047,0.0037793412380588047,0.075,S6_REVERSAL
2026-03-27 06:00:00+00:00,ETH,SELL,26.764092901945332,0.026764092901945334,0.075,S6_REVERSAL
2026-03-27 06:00:00+00:00,SOL,BUY,13.69261721253497,0.01369261721253497,0.15,S6_S8_REVERSAL
2026-03-27 07:00:00+00:00,BTC,SELL,2.466027536645925,0.002466027536645925,0.075,S6_REVERSAL
2026-03-27 07:00:00+00:00,ETH,SELL,5.094239119364829,0.005094239119364829,0.075,S6_REVERSAL
2026-03-27 07:00:00+00:00,SOL,BUY,5.487338803734019,0.005487338803734019,0.15,S6_S8_REVERSAL
2026-03-27 08:00:00+00:00,BTC,BUY,10.333842484012166,0.010333842484012166,0.075,S6_REVERSAL
2026-03-27 08:00:00+00:00,ETH,SELL,14.290443566515023,0.014290443566515024,0.075,S6_REVERSAL
2026-03-27 08:00:00+00:00,SOL,BUY,21.50869905059153,0.02150869905059153,0.15,S6_S8_REVERSAL
2026-03-27 09:00:00+00:00,BTC,BUY,45.700935073292385,0.045700935073292384,0.075,S6_REVERSAL
2026-03-27 09:00:00+00:00,ETH,BUY,44.43767987492811,0.04443767987492811,0.075,S6_REVERSAL
2026-03-27 09:00:00+00:00,SOL,BUY,95.25145228539986,0.09525145228539987,0.15,S6_S8_REVERSAL
2026-03-27 10:00:00+00:00,BTC,BUY,19.790137243135177,0.019790137243135178,0.075,S6_REVERSAL
2026-03-27 10:00:00+00:00,ETH,BUY,19.984079486060182,0.019984079486060184,0.075,S6_REVERSAL
2026-03-27 10:00:00+00:00,SOL,SELL,1.4565129097245517,0.0014565129097245519,0.15,S6_S8_REVERSAL
2026-03-27 11:00:00+00:00,BTC,SELL,7097.484459008299,7.0974844590082995,0.0,CASH
2026-03-27 11:00:00+00:00,ETH,SELL,7049.952806426937,7.049952806426937,0.0,CASH
2026-03-27 11:00:00+00:00,SOL,SELL,14099.837214892124,14.099837214892124,0.0,CASH
2026-03-27 12:00:00+00:00,BTC,BUY,7173.819185246039,7.173819185246039,0.075,S6_REVERSAL
2026-03-27 12:00:00+00:00,ETH,BUY,7173.819185246039,7.173819185246039,0.075,S6_REVERSAL
2026-03-27 12:00:00+00:00,SOL,BUY,14347.638370492077,14.347638370492078,0.15,S6_S8_REVERSAL
2026-03-27 13:00:00+00:00,BTC,BUY,1.859971984819822,0.001859971984819822,0.075,S6_REVERSAL
2026-03-27 13:00:00+00:00,ETH,BUY,1.3941158463740067,0.0013941158463740067,0.075,S6_REVERSAL
2026-03-27 13:00:00+00:00,SOL,BUY,34.03565801888362,0.03403565801888363,0.15,S6_S8_REVERSAL
2026-03-27 14:00:00+00:00,BTC,BUY,37.966384381860735,0.037966384381860736,0.075,S6_REVERSAL
2026-03-27 14:00:00+00:00,ETH,BUY,28.405705033171216,0.028405705033171216,0.075,S6_REVERSAL
2026-03-27 14:00:00+00:00,SOL,BUY,12.425684213030763,0.012425684213030764,0.15,S6_S8_REVERSAL
2026-03-27 15:00:00+00:00,BTC,BUY,4.053683805061155,0.004053683805061155,0.075,S6_REVERSAL
2026-03-27 15:00:00+00:00,ETH,SELL,30.91584868306927,0.03091584868306927,0.075,S6_REVERSAL
2026-03-27 15:00:00+00:00,SOL,SELL,27.968646569992416,0.027968646569992418,0.15,S6_S8_REVERSAL
2026-03-27 16:00:00+00:00,BTC,BUY,12.205356425694845,0.012205356425694844,0.075,S6_REVERSAL
2026-03-27 16:00:00+00:00,ETH,SELL,4.727475496844818,0.004727475496844818,0.075,S6_REVERSAL
2026-03-27 16:00:00+00:00,SOL,SELL,28.287129154259674,0.028287129154259676,0.15,S6_S8_REVERSAL
2026-03-27 17:00:00+00:00,BTC,BUY,7.69981692764577,0.00769981692764577,0.075,S6_REVERSAL
2026-03-27 17:00:00+00:00,ETH,BUY,10.571932542599825,0.010571932542599825,0.075,S6_REVERSAL
2026-03-27 17:00:00+00:00,SOL,BUY,44.910341206585144,0.044910341206585144,0.15,S6_S8_REVERSAL
2026-03-27 18:00:00+00:00,BTC,SELL,7122.032900472781,7.122032900472781,0.0,CASH
2026-03-27 18:00:00+00:00,ETH,BUY,17.824254546066186,0.017824254546066187,0.075,S6_REVERSAL
2026-03-27 18:00:00+00:00,SOL,BUY,103.7221158548964,0.10372211585489641,0.15,S6_S8_REVERSAL
2026-03-27 19:00:00+00:00,BTC,BUY,7147.5604784258085,7.147560478425809,0.075,S6_REVERSAL
2026-03-27 19:00:00+00:00,ETH,SELL,22.485165981470345,0.022485165981470347,0.075,S6_REVERSAL
2026-03-27 19:00:00+00:00,SOL,SELL,19.363352960743214,0.019363352960743214,0.15,S6_S8_REVERSAL
2026-03-27 20:00:00+00:00,BTC,SELL,13.592088020604933,0.013592088020604933,0.075,S6_REVERSAL
2026-03-27 20:00:00+00:00,ETH,SELL,17.634404301280483,0.017634404301280483,0.075,S6_REVERSAL
2026-03-27 20:00:00+00:00,SOL,SELL,55.77066415896479,0.05577066415896479,0.15,S6_S8_REVERSAL
2026-03-27 21:00:00+00:00,ETH,BUY,18.091156479707024,0.018091156479707025,0.075,S6_REVERSAL
2026-03-27 21:00:00+00:00,SOL,BUY,2.4950741727552668,0.002495074172755267,0.15,S6_S8_REVERSAL
2026-03-27 22:00:00+00:00,BTC,SELL,8.140445577440005,0.008140445577440005,0.075,S6_REVERSAL
2026-03-27 22:00:00+00:00,ETH,BUY,1.3997014184315049,0.0013997014184315049,0.075,S6_REVERSAL
2026-03-27 22:00:00+00:00,SOL,BUY,4.023360005407085,0.004023360005407085,0.15,S6_S8_REVERSAL
2026-03-27 23:00:00+00:00,BTC,BUY,7.537287906863639,0.00753728790686364,0.075,S6_REVERSAL
2026-03-28 00:00:00+00:00,BTC,SELL,31.97882591407415,0.03197882591407415,0.075,S6_REVERSAL
2026-03-28 00:00:00+00:00,ETH,SELL,16.21369296633202,0.01621369296633202,0.075,S6_REVERSAL
2026-03-28 00:00:00+00:00,SOL,SELL,44.09224427132358,0.04409224427132358,0.15,S6_S8_REVERSAL
2026-03-28 01:00:00+00:00,BTC,SELL,5.832099059170105,0.005832099059170105,0.075,S6_REVERSAL
2026-03-28 01:00:00+00:00,ETH,SELL,2.640062748141645,0.002640062748141645,0.075,S6_REVERSAL
2026-03-28 01:00:00+00:00,SOL,BUY,38.388464633091644,0.038388464633091646,0.15,S6_S8_REVERSAL
2026-03-28 02:00:00+00:00,BTC,BUY,22.140161257647378,0.022140161257647378,0.075,S6_REVERSAL
2026-03-28 02:00:00+00:00,ETH,BUY,2.703598661074466,0.0027035986610744658,0.075,S6_REVERSAL
2026-03-28 02:00:00+00:00,SOL,BUY,22.652483935011333,0.022652483935011333,0.15,S6_S8_REVERSAL
2026-03-28 03:00:00+00:00,BTC,BUY,10.556282545318027,0.010556282545318027,0.075,S6_REVERSAL
2026-03-28 03:00:00+00:00,ETH,BUY,8.14994836200458,0.00814994836200458,0.075,S6_REVERSAL
2026-03-28 03:00:00+00:00,SOL,BUY,9.521594317389827,0.009521594317389828,0.15,S6_S8_REVERSAL
2026-03-28 04:00:00+00:00,BTC,SELL,17.816488674912762,0.017816488674912763,0.075,S6_REVERSAL
2026-03-28 04:00:00+00:00,ETH,SELL,4.320394163043602,0.004320394163043602,0.075,S6_REVERSAL
2026-03-28 05:00:00+00:00,BTC,SELL,4.3239786160966105,0.00432397861609661,0.075,S6_REVERSAL
2026-03-28 05:00:00+00:00,ETH,SELL,5.253153998769449,0.005253153998769449,0.075,S6_REVERSAL
2026-03-28 05:00:00+00:00,SOL,BUY,4.161078351820834,0.004161078351820834,0.15,S6_S8_REVERSAL
2026-03-28 06:00:00+00:00,BTC,SELL,2.550021346212816,0.0025500213462128158,0.075,S6_REVERSAL
2026-03-28 06:00:00+00:00,ETH,SELL,8.700627093623552,0.008700627093623552,0.075,S6_REVERSAL
2026-03-28 06:00:00+00:00,SOL,SELL,22.276690478514865,0.022276690478514865,0.15,S6_S8_REVERSAL
2026-03-28 07:00:00+00:00,BTC,BUY,3.386669706005705,0.003386669706005705,0.075,S6_REVERSAL
2026-03-28 07:00:00+00:00,ETH,SELL,16.444478106825045,0.016444478106825044,0.075,S6_REVERSAL
2026-03-28 07:00:00+00:00,SOL,SELL,58.96897375170556,0.05896897375170556,0.15,S6_S8_REVERSAL
2026-03-28 08:00:00+00:00,BTC,SELL,7185.552080450343,7.185552080450343,0.0,CASH
2026-03-28 08:00:00+00:00,ETH,SELL,7188.093575736417,7.188093575736417,0.0,CASH
2026-03-28 08:00:00+00:00,SOL,SELL,14408.165291162453,14.408165291162453,0.0,CASH
2026-03-29 11:00:00+00:00,ETH,BUY,7172.794118100866,7.1727941181008665,0.075,S6_REVERSAL
2026-03-29 12:00:00+00:00,ETH,SELL,26.73290736527997,0.02673290736527997,0.075,S6_REVERSAL
2026-03-29 13:00:00+00:00,ETH,BUY,6.952966781465875,0.006952966781465875,0.075,S6_REVERSAL
2026-03-29 14:00:00+00:00,ETH,BUY,48.36685110297549,0.04836685110297549,0.075,S6_REVERSAL
2026-03-29 15:00:00+00:00,ETH,SELL,23.633972585813353,0.023633972585813352,0.075,S6_REVERSAL
2026-03-29 16:00:00+00:00,ETH,BUY,3.9569489154764597,0.0039569489154764595,0.075,S6_REVERSAL
2026-03-29 17:00:00+00:00,ETH,SELL,16.110203990144328,0.016110203990144328,0.075,S6_REVERSAL
2026-03-29 17:00:00+00:00,SOL,BUY,7172.787459671931,7.172787459671931,0.075,S6_REVERSAL
2026-03-29 18:00:00+00:00,ETH,BUY,7.473271105357526,0.007473271105357526,0.075,S6_REVERSAL
2026-03-29 18:00:00+00:00,SOL,BUY,10.911059420421225,0.010911059420421225,0.075,S6_REVERSAL
2026-03-29 19:00:00+00:00,ETH,SELL,5.733318117593626,0.005733318117593626,0.075,S6_REVERSAL
2026-03-29 19:00:00+00:00,SOL,SELL,19.733833320204212,0.019733833320204213,0.075,S6_REVERSAL
2026-03-29 20:00:00+00:00,ETH,BUY,3.532161502114832,0.0035321615021148317,0.075,S6_REVERSAL
2026-03-29 20:00:00+00:00,SOL,BUY,15.019305525399432,0.015019305525399432,0.075,S6_REVERSAL
2026-03-29 21:00:00+00:00,ETH,SELL,19.89361827125049,0.01989361827125049,0.075,S6_REVERSAL
2026-03-29 21:00:00+00:00,SOL,SELL,23.416749561140023,0.023416749561140024,0.075,S6_REVERSAL
2026-03-29 22:00:00+00:00,ETH,SELL,11.881724856119945,0.011881724856119946,0.075,S6_REVERSAL
2026-03-29 22:00:00+00:00,SOL,SELL,16.744325571004083,0.01674432557100408,0.075,S6_REVERSAL
2026-03-29 23:00:00+00:00,ETH,BUY,99.67161779492108,0.09967161779492108,0.075,S6_REVERSAL
2026-03-29 23:00:00+00:00,SOL,BUY,89.06264728997485,0.08906264728997484,0.075,S6_REVERSAL
2026-03-30 00:00:00+00:00,ETH,SELL,32.39998592395841,0.03239998592395841,0.075,S6_REVERSAL
2026-03-30 00:00:00+00:00,SOL,SELL,38.84998101231122,0.03884998101231122,0.075,S6_REVERSAL
2026-03-30 01:00:00+00:00,ETH,SELL,39.25763133817691,0.039257631338176904,0.075,S6_REVERSAL
2026-03-30 01:00:00+00:00,SOL,SELL,32.400753402748705,0.03240075340274871,0.075,S6_REVERSAL
2026-03-30 02:00:00+00:00,ETH,SELL,38.30625394929484,0.03830625394929484,0.075,S6_REVERSAL
2026-03-30 02:00:00+00:00,SOL,SELL,63.711222710396214,0.06371122271039621,0.075,S6_REVERSAL
2026-03-30 03:00:00+00:00,ETH,SELL,60.37705002909297,0.06037705002909297,0.075,S6_REVERSAL
2026-03-30 03:00:00+00:00,SOL,SELL,44.58128230022612,0.04458128230022612,0.075,S6_REVERSAL
2026-03-30 04:00:00+00:00,ETH,BUY,7172.817942928444,7.172817942928444,0.15,S3_TREND
2026-03-30 04:00:00+00:00,SOL,BUY,7.160578258059104,0.007160578258059104,0.075,S6_REVERSAL
2026-03-30 05:00:00+00:00,BTC,BUY,14404.086425866451,14.404086425866451,0.15,S3_TREND
2026-03-30 05:00:00+00:00,ETH,SELL,69.86459442406704,0.06986459442406703,0.15,S3_TREND
2026-03-30 05:00:00+00:00,SOL,SELL,33.0600837097345,0.0330600837097345,0.075,S6_REVERSAL
2026-03-30 06:00:00+00:00,BTC,BUY,17.98756462907113,0.01798756462907113,0.15,S3_TREND
2026-03-30 06:00:00+00:00,ETH,SELL,4.521877527553443,0.0045218775275534424,0.15,S3_TREND
2026-03-30 06:00:00+00:00,SOL,BUY,6.983243295875582,0.006983243295875582,0.075,S6_REVERSAL
2026-03-30 07:00:00+00:00,BTC,BUY,26.217986438816297,0.026217986438816298,0.15,S3_TREND
2026-03-30 07:00:00+00:00,ETH,BUY,24.08364060925851,0.024083640609258508,0.15,S3_TREND
2026-03-30 07:00:00+00:00,SOL,BUY,6.902777271428931,0.006902777271428931,0.075,S6_REVERSAL
2026-03-30 08:00:00+00:00,BTC,SELL,32.93338611321087,0.03293338611321087,0.15,S3_TREND
2026-03-30 08:00:00+00:00,ETH,SELL,85.2654064170747,0.0852654064170747,0.15,S3_TREND
2026-03-30 08:00:00+00:00,SOL,SELL,7237.501690650175,7.237501690650175,0.0,CASH
2026-03-30 09:00:00+00:00,BTC,SELL,5.846474082629356,0.005846474082629356,0.15,S3_TREND
2026-03-30 09:00:00+00:00,ETH,SELL,16.061831706840167,0.01606183170684017,0.15,S3_TREND
2026-03-30 10:00:00+00:00,BTC,BUY,23.458830815410693,0.023458830815410694,0.15,S3_TREND
2026-03-30 10:00:00+00:00,ETH,BUY,37.08624299933945,0.03708624299933945,0.15,S3_TREND
2026-03-30 11:00:00+00:00,BTC,BUY,3.9398503541233367,0.0039398503541233365,0.15,S3_TREND
2026-03-30 11:00:00+00:00,ETH,SELL,15.83180755610556,0.01583180755610556,0.15,S3_TREND
2026-03-30 12:00:00+00:00,BTC,SELL,20.577960023611013,0.020577960023611012,0.15,S3_TREND
2026-03-30 12:00:00+00:00,ETH,SELL,74.28278621729805,0.07428278621729806,0.15,S3_TREND
2026-03-30 13:00:00+00:00,BTC,SELL,36.33441220163513,0.036334412201635136,0.15,S3_TREND
2026-03-30 13:00:00+00:00,ETH,SELL,12.251195435403133,0.012251195435403133,0.15,S3_TREND
2026-03-30 14:00:00+00:00,BTC,BUY,52.68142120723314,0.052681421207233146,0.15,S3_TREND
2026-03-30 14:00:00+00:00,ETH,BUY,68.71394383937877,0.06871394383937877,0.15,S3_TREND
2026-03-30 15:00:00+00:00,BTC,SELL,37.76337542707188,0.03776337542707188,0.15,S3_TREND
2026-03-30 15:00:00+00:00,ETH,SELL,55.10397425841802,0.05510397425841802,0.15,S3_TREND
2026-03-30 16:00:00+00:00,BTC,BUY,33.78539139723034,0.033785391397230344,0.15,S3_TREND
2026-03-30 16:00:00+00:00,ETH,SELL,22.50408889261962,0.02250408889261962,0.15,S3_TREND
2026-03-30 17:00:00+00:00,BTC,BUY,38.675180193324195,0.03867518019332419,0.15,S3_TREND
2026-03-30 17:00:00+00:00,ETH,BUY,41.003124751066935,0.04100312475106693,0.15,S3_TREND
2026-03-30 18:00:00+00:00,BTC,BUY,72.69227558020793,0.07269227558020794,0.15,S3_TREND
2026-03-30 18:00:00+00:00,ETH,BUY,127.2895483775792,0.1272895483775792,0.15,S3_TREND
2026-03-30 19:00:00+00:00,BTC,BUY,22.178485754056965,0.022178485754056964,0.15,S3_TREND
2026-03-30 19:00:00+00:00,ETH,BUY,49.323413993675786,0.049323413993675784,0.15,S3_TREND
2026-03-30 20:00:00+00:00,BTC,BUY,9.48897210267387,0.00948897210267387,0.15,S3_TREND
2026-03-30 20:00:00+00:00,ETH,BUY,50.082198757616425,0.05008219875761642,0.15,S3_TREND
2026-03-30 21:00:00+00:00,BTC,SELL,19.119070043801912,0.019119070043801912,0.15,S3_TREND
2026-03-30 21:00:00+00:00,ETH,BUY,6.34039282512822,0.0063403928251282195,0.15,S3_TREND
2026-03-30 22:00:00+00:00,BTC,SELL,15.266102710473206,0.015266102710473206,0.15,S3_TREND
2026-03-30 22:00:00+00:00,ETH,SELL,72.1175609111906,0.07211756091119059,0.15,S3_TREND
2026-03-30 23:00:00+00:00,BTC,BUY,1.3326536406966625,0.0013326536406966624,0.15,S3_TREND
2026-03-30 23:00:00+00:00,ETH,BUY,16.77437795267724,0.016774377952677243,0.15,S3_TREND
2026-03-31 00:00:00+00:00,BTC,SELL,9.253782475600019,0.00925378247560002,0.15,S3_TREND
2026-03-31 00:00:00+00:00,ETH,BUY,39.96626476008714,0.03996626476008714,0.15,S3_TREND
2026-03-31 01:00:00+00:00,BTC,SELL,64.34311303004506,0.06434311303004506,0.15,S3_TREND
2026-03-31 01:00:00+00:00,ETH,SELL,47.981805279194305,0.04798180527919431,0.15,S3_TREND
2026-03-31 02:00:00+00:00,BTC,SELL,94.15953299162538,0.09415953299162538,0.15,S3_TREND
2026-03-31 02:00:00+00:00,ETH,SELL,194.69166671214953,0.19469166671214952,0.15,S3_TREND
2026-03-31 04:00:00+00:00,BTC,BUY,35.54782808244636,0.03554782808244636,0.15,S3_TREND
2026-03-31 04:00:00+00:00,ETH,BUY,29.703368251706706,0.02970336825170671,0.15,S3_TREND
2026-03-31 05:00:00+00:00,BTC,BUY,22.986879813954147,0.02298687981395415,0.15,S3_TREND
2026-03-31 05:00:00+00:00,ETH,BUY,29.504368382715256,0.02950436838271526,0.15,S3_TREND
2026-03-31 06:00:00+00:00,BTC,SELL,21.36464324836743,0.02136464324836743,0.15,S3_TREND
2026-03-31 06:00:00+00:00,ETH,SELL,16.112712850648677,0.016112712850648678,0.15,S3_TREND
2026-03-31 07:00:00+00:00,BTC,BUY,32.113845097772355,0.032113845097772355,0.15,S3_TREND
2026-03-31 07:00:00+00:00,ETH,BUY,5.776815178589459,0.005776815178589459,0.15,S3_TREND
2026-03-31 08:00:00+00:00,BTC,BUY,16.058856935593212,0.016058856935593214,0.15,S3_TREND
2026-03-31 08:00:00+00:00,ETH,BUY,33.71232206531931,0.033712322065319315,0.15,S3_TREND
2026-03-31 08:00:00+00:00,SOL,BUY,14404.751602201091,14.404751602201092,0.15,S3_TREND
2026-03-31 09:00:00+00:00,BTC,BUY,66.16806666389311,0.06616806666389312,0.15,S3_TREND
2026-03-31 09:00:00+00:00,ETH,BUY,51.33895895999012,0.051338958959990126,0.15,S3_TREND
2026-03-31 09:00:00+00:00,SOL,BUY,87.49047057176358,0.08749047057176358,0.15,S3_TREND
2026-03-31 10:00:00+00:00,BTC,BUY,51.86060212035591,0.051860602120355904,0.15,S3_TREND
2026-03-31 10:00:00+00:00,ETH,BUY,64.3776304945768,0.0643776304945768,0.15,S3_TREND
2026-03-31 10:00:00+00:00,SOL,BUY,208.00458761133632,0.20800458761133633,0.15,S3_TREND
2026-03-31 11:00:00+00:00,BTC,SELL,37.243871078038865,0.037243871078038865,0.15,S3_TREND
2026-03-31 11:00:00+00:00,ETH,SELL,43.27450932870306,0.04327450932870306,0.15,S3_TREND
2026-03-31 11:00:00+00:00,SOL,BUY,28.30944293421453,0.02830944293421453,0.15,S3_TREND
2026-03-31 12:00:00+00:00,BTC,SELL,33.28203256634515,0.033282032566345154,0.15,S3_TREND
2026-03-31 12:00:00+00:00,ETH,SELL,67.56101351398138,0.06756101351398137,0.15,S3_TREND
2026-03-31 12:00:00+00:00,SOL,SELL,31.362812055822356,0.03136281205582236,0.15,S3_TREND
2026-03-31 13:00:00+00:00,BTC,BUY,10.941433928330298,0.010941433928330298,0.15,S3_TREND
2026-03-31 13:00:00+00:00,ETH,SELL,42.062206400374635,0.042062206400374634,0.15,S3_TREND
2026-03-31 13:00:00+00:00,SOL,SELL,14294.205457340953,14.294205457340954,0.0,CASH
2026-03-31 14:00:00+00:00,BTC,SELL,91.67292848955367,0.09167292848955368,0.15,S3_TREND
2026-03-31 14:00:00+00:00,ETH,SELL,145.1375396494659,0.1451375396494659,0.15,S3_TREND
2026-03-31 14:00:00+00:00,SOL,BUY,14358.248938428425,14.358248938428426,0.15,S3_TREND
2026-03-31 15:00:00+00:00,BTC,BUY,64.7918803841876,0.06479188038418761,0.15,S3_TREND
2026-03-31 15:00:00+00:00,ETH,BUY,115.90102992268658,0.11590102992268658,0.15,S3_TREND
2026-03-31 15:00:00+00:00,SOL,BUY,126.30660597833594,0.12630660597833593,0.15,S3_TREND
2026-03-31 16:00:00+00:00,BTC,SELL,11.555147043976831,0.01155514704397683,0.15,S3_TREND
2026-03-31 16:00:00+00:00,ETH,SELL,41.69955314410254,0.041699553144102536,0.15,S3_TREND
2026-03-31 16:00:00+00:00,SOL,SELL,22.028941538466825,0.022028941538466826,0.15,S3_TREND
2026-03-31 17:00:00+00:00,BTC,SELL,90.38031612120176,0.09038031612120176,0.15,S3_TREND
2026-03-31 17:00:00+00:00,ETH,SELL,147.71898475737183,0.14771898475737183,0.15,S3_TREND
2026-03-31 17:00:00+00:00,SOL,SELL,160.04375421930672,0.16004375421930672,0.15,S3_TREND
2026-03-31 18:00:00+00:00,BTC,BUY,26.537387545366073,0.026537387545366074,0.15,S3_TREND
2026-03-31 18:00:00+00:00,ETH,SELL,14.416081982224568,0.014416081982224568,0.15,S3_TREND
2026-03-31 18:00:00+00:00,SOL,SELL,1.3095219917522627,0.0013095219917522627,0.15,S3_TREND
2026-03-31 19:00:00+00:00,BTC,SELL,39.20996719451068,0.039209967194510684,0.15,S3_TREND
2026-03-31 19:00:00+00:00,ETH,SELL,14.343342150432363,0.014343342150432363,0.15,S3_TREND
2026-03-31 19:00:00+00:00,SOL,SELL,58.561044300939095,0.05856104430093909,0.15,S3_TREND
2026-03-31 20:00:00+00:00,BTC,SELL,5.663268605416306,0.0056632686054163064,0.15,S3_TREND
2026-03-31 20:00:00+00:00,ETH,BUY,14.041499701135763,0.014041499701135763,0.15,S3_TREND
2026-03-31 20:00:00+00:00,SOL,BUY,24.16392113434813,0.02416392113434813,0.15,S3_TREND
2026-03-31 21:00:00+00:00,BTC,SELL,53.337185977898116,0.05333718597789812,0.15,S3_TREND
2026-03-31 21:00:00+00:00,ETH,SELL,39.11332483473598,0.03911332483473598,0.15,S3_TREND
2026-03-31 21:00:00+00:00,SOL,SELL,44.580909058431644,0.04458090905843164,0.15,S3_TREND
2026-03-31 22:00:00+00:00,BTC,SELL,15.51155928252956,0.015511559282529562,0.15,S3_TREND
2026-03-31 22:00:00+00:00,ETH,BUY,21.55899514237899,0.02155899514237899,0.15,S3_TREND
2026-03-31 22:00:00+00:00,SOL,BUY,41.00914011372333,0.041009140113723336,0.15,S3_TREND
2026-03-31 23:00:00+00:00,BTC,BUY,10.102351697165432,0.010102351697165432,0.15,S3_TREND
2026-03-31 23:00:00+00:00,ETH,BUY,30.053957849604558,0.03005395784960456,0.15,S3_TREND
2026-03-31 23:00:00+00:00,SOL,BUY,3.703970487931656,0.003703970487931656,0.15,S3_TREND
2026-04-01 00:00:00+00:00,ETH,SELL,37.63106696719478,0.03763106696719479,0.15,S3_TREND
2026-04-01 00:00:00+00:00,SOL,SELL,49.52773978811274,0.04952773978811274,0.15,S3_TREND
2026-04-01 01:00:00+00:00,BTC,BUY,7.1957083612051065,0.007195708361205107,0.15,S3_TREND
2026-04-01 01:00:00+00:00,ETH,SELL,47.08016537476942,0.047080165374769424,0.15,S3_TREND
2026-04-01 01:00:00+00:00,SOL,SELL,21.458348753429167,0.02145834875342917,0.15,S3_TREND
2026-04-01 02:00:00+00:00,BTC,BUY,58.83709584301323,0.058837095843013235,0.15,S3_TREND
2026-04-01 02:00:00+00:00,ETH,BUY,91.8863839467158,0.09188638394671579,0.15,S3_TREND
2026-04-01 02:00:00+00:00,SOL,BUY,59.01802971457619,0.05901802971457619,0.15,S3_TREND
2026-04-01 03:00:00+00:00,BTC,BUY,13.565460878247904,0.013565460878247905,0.15,S3_TREND
2026-04-01 03:00:00+00:00,ETH,BUY,20.210933320458935,0.020210933320458934,0.15,S3_TREND
2026-04-01 03:00:00+00:00,SOL,BUY,5.036194140191583,0.005036194140191583,0.15,S3_TREND
2026-04-01 04:00:00+00:00,BTC,SELL,55.18775786580409,0.05518775786580409,0.15,S3_TREND
2026-04-01 04:00:00+00:00,ETH,SELL,48.042275961202904,0.048042275961202904,0.15,S3_TREND
2026-04-01 04:00:00+00:00,SOL,SELL,86.05831393401422,0.08605831393401422,0.15,S3_TREND
2026-04-01 05:00:00+00:00,BTC,SELL,7.3634167116561,0.007363416711656101,0.15,S3_TREND
2026-04-01 05:00:00+00:00,ETH,SELL,36.524037664526986,0.036524037664526984,0.15,S3_TREND
2026-04-01 05:00:00+00:00,SOL,SELL,32.831630310147375,0.032831630310147374,0.15,S3_TREND
2026-04-01 06:00:00+00:00,BTC,SELL,5.579278984094344,0.005579278984094344,0.15,S3_TREND
2026-04-01 06:00:00+00:00,ETH,SELL,51.55959594507294,0.05155959594507294,0.15,S3_TREND
2026-04-01 06:00:00+00:00,SOL,SELL,40.73695947532724,0.04073695947532724,0.15,S3_TREND
2026-04-01 07:00:00+00:00,BTC,SELL,78.93135393534612,0.07893135393534613,0.15,S3_TREND
2026-04-01 07:00:00+00:00,ETH,SELL,137.1035494793523,0.1371035494793523,0.15,S3_TREND
2026-04-01 07:00:00+00:00,SOL,BUY,2.9358470269162353,0.0029358470269162354,0.15,S3_TREND
2026-04-01 08:00:00+00:00,BTC,BUY,36.96045055522336,0.03696045055522336,0.15,S3_TREND
2026-04-01 08:00:00+00:00,ETH,BUY,87.39457478333861,0.08739457478333862,0.15,S3_TREND
2026-04-01 08:00:00+00:00,SOL,BUY,57.286728467533976,0.05728672846753398,0.15,S3_TREND
2026-04-01 09:00:00+00:00,BTC,BUY,4.521566976489339,0.004521566976489339,0.15,S3_TREND
2026-04-01 09:00:00+00:00,ETH,SELL,40.61031261339667,0.040610312613396676,0.15,S3_TREND
2026-04-01 09:00:00+00:00,SOL,BUY,36.25235197911934,0.03625235197911934,0.15,S3_TREND
2026-04-01 10:00:00+00:00,BTC,SELL,2.383984089390651,0.002383984089390651,0.15,S3_TREND
2026-04-01 10:00:00+00:00,ETH,SELL,4.172937663417542,0.004172937663417542,0.15,S3_TREND
2026-04-01 10:00:00+00:00,SOL,BUY,35.4703504252866,0.035470350425286595,0.15,S3_TREND
2026-04-01 11:00:00+00:00,BTC,BUY,6.402658763814543,0.006402658763814543,0.15,S3_TREND
2026-04-01 11:00:00+00:00,ETH,BUY,19.576084214932052,0.019576084214932052,0.15,S3_TREND
2026-04-01 11:00:00+00:00,SOL,SELL,4.209227454259235,0.004209227454259235,0.15,S3_TREND
2026-04-01 12:00:00+00:00,BTC,SELL,20.083923234198664,0.020083923234198664,0.15,S3_TREND
2026-04-01 12:00:00+00:00,ETH,SELL,11.46394059045997,0.01146394059045997,0.15,S3_TREND
2026-04-01 12:00:00+00:00,SOL,BUY,6.753787683050177,0.006753787683050178,0.15,S3_TREND
2026-04-01 13:00:00+00:00,BTC,BUY,44.01754101489496,0.04401754101489496,0.15,S3_TREND
2026-04-01 13:00:00+00:00,ETH,BUY,7.265791557998455,0.0072657915579984545,0.15,S3_TREND
2026-04-01 13:00:00+00:00,SOL,BUY,34.1099328997243,0.0341099328997243,0.15,S3_TREND
2026-04-01 14:00:00+00:00,BTC,BUY,28.221123540566623,0.028221123540566623,0.15,S3_TREND
2026-04-01 14:00:00+00:00,ETH,BUY,47.950203550095466,0.047950203550095466,0.15,S3_TREND
2026-04-01 14:00:00+00:00,SOL,BUY,35.72380135326057,0.03572380135326057,0.15,S3_TREND
2026-04-01 15:00:00+00:00,BTC,SELL,59.253966956843215,0.059253966956843214,0.15,S3_TREND
2026-04-01 15:00:00+00:00,ETH,SELL,9.437346062490178,0.009437346062490179,0.15,S3_TREND
2026-04-01 15:00:00+00:00,SOL,SELL,14577.487343490462,14.577487343490462,0.0,CASH
2026-04-01 16:00:00+00:00,BTC,SELL,52.152179312464796,0.0521521793124648,0.15,S3_TREND
2026-04-01 16:00:00+00:00,ETH,SELL,39.50731738068498,0.039507317380684984,0.15,S3_TREND
2026-04-01 17:00:00+00:00,BTC,BUY,29.541911613265256,0.029541911613265255,0.15,S3_TREND
2026-04-01 17:00:00+00:00,ETH,SELL,67.12342098936097,0.06712342098936097,0.15,S3_TREND
2026-04-01 18:00:00+00:00,BTC,BUY,89.53385457166405,0.08953385457166406,0.15,S3_TREND
2026-04-01 18:00:00+00:00,ETH,BUY,33.70407969277585,0.03370407969277585,0.15,S3_TREND
2026-04-01 19:00:00+00:00,BTC,BUY,24.676799422393742,0.024676799422393744,0.15,S3_TREND
2026-04-01 19:00:00+00:00,ETH,BUY,40.17928835724706,0.04017928835724706,0.15,S3_TREND
2026-04-01 20:00:00+00:00,BTC,SELL,4.209266233612652,0.004209266233612652,0.15,S3_TREND
2026-04-01 20:00:00+00:00,ETH,SELL,67.57606193066022,0.06757606193066022,0.15,S3_TREND
2026-04-01 21:00:00+00:00,ETH,SELL,13.879189422048512,0.013879189422048513,0.15,S3_TREND
2026-04-01 22:00:00+00:00,BTC,SELL,17.881587442527234,0.017881587442527234,0.15,S3_TREND
2026-04-01 22:00:00+00:00,ETH,SELL,69.06950543766106,0.06906950543766106,0.15,S3_TREND
2026-04-01 23:00:00+00:00,BTC,BUY,26.124706204707763,0.026124706204707766,0.15,S3_TREND
2026-04-01 23:00:00+00:00,ETH,BUY,89.18826432926107,0.08918826432926108,0.15,S3_TREND
2026-04-02 00:00:00+00:00,BTC,BUY,2.0184184858844674,0.0020184184858844673,0.15,S3_TREND
2026-04-02 00:00:00+00:00,ETH,SELL,2.5510254408800392,0.0025510254408800392,0.15,S3_TREND
2026-04-02 01:00:00+00:00,BTC,SELL,71.90470402571373,0.07190470402571372,0.15,S3_TREND
2026-04-02 01:00:00+00:00,ETH,SELL,75.33499051550461,0.07533499051550462,0.15,S3_TREND
2026-04-02 02:00:00+00:00,BTC,BUY,166.56268494072356,0.16656268494072357,0.15,S3_TREND
2026-04-02 02:00:00+00:00,ETH,BUY,281.8134831953339,0.2818134831953339,0.15,S3_TREND
2026-04-02 03:00:00+00:00,BTC,BUY,65.17185691564737,0.06517185691564736,0.15,S3_TREND
2026-04-02 03:00:00+00:00,ETH,BUY,136.1640850115964,0.1361640850115964,0.15,S3_TREND
2026-04-02 04:00:00+00:00,BTC,BUY,32.29464757857022,0.03229464757857022,0.15,S3_TREND
2026-04-02 04:00:00+00:00,ETH,BUY,94.59766629584556,0.09459766629584555,0.15,S3_TREND
2026-04-02 05:00:00+00:00,BTC,BUY,32.74493336229534,0.03274493336229534,0.15,S3_TREND
2026-04-02 05:00:00+00:00,ETH,BUY,61.799271078436504,0.0617992710784365,0.15,S3_TREND
2026-04-02 05:00:00+00:00,SOL,BUY,14333.095142303564,14.333095142303565,0.15,S6_S8_REVERSAL
2026-04-02 06:00:00+00:00,BTC,SELL,32.49428565511698,0.032494285655116986,0.15,S3_TREND
2026-04-02 06:00:00+00:00,ETH,SELL,15.575509049149332,0.015575509049149332,0.15,S3_TREND
2026-04-02 06:00:00+00:00,SOL,SELL,54.22111478824081,0.054221114788240814,0.15,S6_S8_REVERSAL
2026-04-02 07:00:00+00:00,BTC,SELL,20.155913106906155,0.020155913106906155,0.15,S3_TREND
2026-04-02 07:00:00+00:00,SOL,BUY,22.78308367767022,0.02278308367767022,0.15,S6_S8_REVERSAL
2026-04-02 08:00:00+00:00,BTC,SELL,25.449093575363804,0.025449093575363804,0.15,S3_TREND
2026-04-02 08:00:00+00:00,ETH,SELL,13.714490196987754,0.013714490196987754,0.15,S3_TREND
2026-04-02 08:00:00+00:00,SOL,SELL,64.30111448154457,0.06430111448154457,0.15,S6_S8_REVERSAL
2026-04-02 09:00:00+00:00,BTC,BUY,65.44019219447546,0.06544019219447546,0.15,S3_TREND
2026-04-02 09:00:00+00:00,ETH,BUY,28.26366449532179,0.02826366449532179,0.15,S3_TREND
2026-04-02 09:00:00+00:00,SOL,BUY,53.69430802351599,0.05369430802351599,0.15,S6_S8_REVERSAL
2026-04-02 10:00:00+00:00,BTC,SELL,3.954881315405146,0.003954881315405146,0.15,S3_TREND
2026-04-02 10:00:00+00:00,ETH,BUY,18.74848501550514,0.01874848501550514,0.15,S3_TREND
2026-04-02 10:00:00+00:00,SOL,SELL,24.568898472267392,0.024568898472267394,0.15,S6_S8_REVERSAL
2026-04-02 11:00:00+00:00,BTC,SELL,13.266479788646393,0.013266479788646392,0.15,S3_TREND
2026-04-02 11:00:00+00:00,ETH,BUY,20.573356594779398,0.020573356594779397,0.15,S3_TREND
2026-04-02 11:00:00+00:00,SOL,BUY,51.03990329218141,0.05103990329218141,0.15,S6_S8_REVERSAL
2026-04-02 12:00:00+00:00,BTC,BUY,21.531891702219582,0.021531891702219582,0.15,S3_TREND
2026-04-02 12:00:00+00:00,ETH,BUY,11.053074184144862,0.011053074184144862,0.15,S3_TREND
2026-04-02 12:00:00+00:00,SOL,BUY,75.7729271140779,0.0757729271140779,0.15,S6_S8_REVERSAL
2026-04-02 13:00:00+00:00,BTC,BUY,14.511098377750386,0.014511098377750387,0.15,S3_TREND
2026-04-02 13:00:00+00:00,ETH,BUY,20.81024226037698,0.02081024226037698,0.15,S3_TREND
2026-04-02 13:00:00+00:00,SOL,BUY,44.05830239262468,0.04405830239262468,0.15,S6_S8_REVERSAL
2026-04-02 14:00:00+00:00,BTC,SELL,33.64423069856275,0.03364423069856275,0.15,S3_TREND
2026-04-02 14:00:00+00:00,ETH,SELL,69.82126052794956,0.06982126052794957,0.15,S3_TREND
2026-04-02 14:00:00+00:00,SOL,BUY,53.81597673488068,0.05381597673488068,0.15,S6_S8_REVERSAL
2026-04-02 15:00:00+00:00,BTC,SELL,46.54482673425446,0.04654482673425446,0.15,S3_TREND
2026-04-02 15:00:00+00:00,ETH,SELL,93.05436863712748,0.09305436863712749,0.15,S3_TREND
2026-04-02 15:00:00+00:00,SOL,SELL,162.253030316866,0.162253030316866,0.15,S6_S8_REVERSAL
2026-04-02 16:00:00+00:00,BTC,SELL,2.767185845026688,0.002767185845026688,0.15,S3_TREND
2026-04-02 16:00:00+00:00,ETH,BUY,23.416233133022615,0.023416233133022615,0.15,S3_TREND
2026-04-02 16:00:00+00:00,SOL,BUY,1.2244788880998385,0.0012244788880998384,0.15,S6_S8_REVERSAL
2026-04-02 17:00:00+00:00,BTC,SELL,29.849175986715636,0.02984917598671564,0.15,S3_TREND
2026-04-02 17:00:00+00:00,ETH,SELL,3.654918836084107,0.0036549188360841074,0.15,S3_TREND
2026-04-02 17:00:00+00:00,SOL,SELL,48.54225620276884,0.04854225620276884,0.15,S6_S8_REVERSAL
2026-04-02 18:00:00+00:00,BTC,BUY,36.55387741256345,0.036553877412563454,0.15,S3_TREND
2026-04-02 18:00:00+00:00,ETH,BUY,59.47419501472177,0.05947419501472177,0.15,S3_TREND
2026-04-02 18:00:00+00:00,SOL,BUY,97.58109798251462,0.09758109798251462,0.15,S6_S8_REVERSAL
2026-04-02 19:00:00+00:00,BTC,SELL,28.93169883385235,0.02893169883385235,0.15,S3_TREND
2026-04-02 19:00:00+00:00,ETH,SELL,41.62565324476418,0.04162565324476418,0.15,S3_TREND
2026-04-02 19:00:00+00:00,SOL,SELL,62.334539169227355,0.062334539169227356,0.15,S6_S8_REVERSAL
2026-04-02 20:00:00+00:00,BTC,BUY,4.611859326603735,0.004611859326603735,0.15,S3_TREND
2026-04-02 20:00:00+00:00,ETH,SELL,45.70083354183953,0.04570083354183953,0.15,S3_TREND
2026-04-02 20:00:00+00:00,SOL,BUY,28.759554299147567,0.028759554299147568,0.15,S6_S8_REVERSAL
2026-04-02 21:00:00+00:00,BTC,BUY,14.585251289152438,0.014585251289152439,0.15,S3_TREND
2026-04-02 21:00:00+00:00,ETH,SELL,13.145442547944185,0.013145442547944185,0.15,S3_TREND
2026-04-02 21:00:00+00:00,SOL,SELL,26.069718592354548,0.02606971859235455,0.15,S6_S8_REVERSAL
2026-04-02 22:00:00+00:00,BTC,SELL,10.562699842310394,0.010562699842310395,0.15,S3_TREND
2026-04-02 22:00:00+00:00,ETH,BUY,24.963836258320953,0.024963836258320955,0.15,S3_TREND
2026-04-02 22:00:00+00:00,SOL,BUY,26.8831324865223,0.0268831324865223,0.15,S6_S8_REVERSAL
2026-04-02 23:00:00+00:00,BTC,SELL,10.768301307047295,0.010768301307047295,0.15,S3_TREND
2026-04-02 23:00:00+00:00,ETH,BUY,19.78005400066104,0.01978005400066104,0.15,S3_TREND
2026-04-02 23:00:00+00:00,SOL,SELL,6.235434178810465,0.006235434178810465,0.15,S6_S8_REVERSAL
2026-04-03 00:00:00+00:00,BTC,BUY,10.590425683769354,0.010590425683769354,0.15,S3_TREND
2026-04-03 00:00:00+00:00,ETH,BUY,13.273399362980854,0.013273399362980854,0.15,S3_TREND
2026-04-03 01:00:00+00:00,BTC,BUY,24.465837518599074,0.024465837518599074,0.15,S3_TREND
2026-04-03 01:00:00+00:00,ETH,BUY,28.65185831837516,0.028651858318375162,0.15,S3_TREND
2026-04-03 01:00:00+00:00,SOL,SELL,50.82191688900457,0.05082191688900457,0.15,S6_S8_REVERSAL
2026-04-03 02:00:00+00:00,BTC,BUY,24.602852833166253,0.024602852833166253,0.15,S3_TREND
2026-04-03 02:00:00+00:00,ETH,BUY,7.8705466700612305,0.007870546670061231,0.15,S3_TREND
2026-04-03 03:00:00+00:00,BTC,BUY,23.917802447063877,0.023917802447063877,0.15,S3_TREND
2026-04-03 03:00:00+00:00,ETH,SELL,9.831357484445107,0.009831357484445106,0.15,S3_TREND
2026-04-03 03:00:00+00:00,SOL,SELL,25.677638487955846,0.02567763848795585,0.15,S6_S8_REVERSAL
2026-04-03 04:00:00+00:00,BTC,SELL,15.871655893552088,0.01587165589355209,0.15,S3_TREND
2026-04-03 04:00:00+00:00,ETH,SELL,18.15277346881703,0.01815277346881703,0.15,S3_TREND
2026-04-03 04:00:00+00:00,SOL,BUY,55.63031280072755,0.055630312800727555,0.15,S6_S8_REVERSAL
2026-04-03 05:00:00+00:00,BTC,SELL,7177.216562689639,7.177216562689639,0.075,S6_REVERSAL
2026-04-03 05:00:00+00:00,ETH,BUY,7.6601185421859554,0.0076601185421859555,0.15,S3_TREND
2026-04-03 05:00:00+00:00,SOL,SELL,48.38798066332674,0.048387980663326745,0.15,S6_S8_REVERSAL
2026-04-03 06:00:00+00:00,BTC,BUY,1.188078105709792,0.001188078105709792,0.075,S6_REVERSAL
2026-04-03 06:00:00+00:00,ETH,SELL,16.302078821219766,0.016302078821219767,0.15,S3_TREND
2026-04-03 07:00:00+00:00,BTC,SELL,11.828245096511637,0.011828245096511637,0.075,S6_REVERSAL
2026-04-03 07:00:00+00:00,ETH,SELL,26.953751539138466,0.026953751539138468,0.15,S3_TREND
2026-04-03 07:00:00+00:00,SOL,SELL,39.16554210009235,0.039165542100092356,0.15,S6_S8_REVERSAL
2026-04-03 08:00:00+00:00,BTC,SELL,19.097074547235025,0.019097074547235023,0.075,S6_REVERSAL
2026-04-03 08:00:00+00:00,SOL,SELL,14440.742714629385,14.440742714629385,0.0,CASH
2026-04-03 09:00:00+00:00,BTC,BUY,3.9876384578092257,0.003987638457809225,0.075,S6_REVERSAL
2026-04-03 09:00:00+00:00,ETH,BUY,24.88150572701852,0.02488150572701852,0.15,S6_S8_REVERSAL
2026-04-03 10:00:00+00:00,BTC,BUY,10.71344504661647,0.010713445046616471,0.075,S6_REVERSAL
2026-04-03 10:00:00+00:00,ETH,SELL,3.9650993595005275,0.003965099359500528,0.15,S6_S8_REVERSAL
2026-04-03 11:00:00+00:00,BTC,SELL,3.0951888397657967,0.003095188839765797,0.075,S6_REVERSAL
2026-04-03 11:00:00+00:00,ETH,BUY,8.921609762566732,0.008921609762566732,0.15,S6_S8_REVERSAL
2026-04-03 12:00:00+00:00,BTC,SELL,11.937130385549608,0.011937130385549609,0.075,S6_REVERSAL
2026-04-03 12:00:00+00:00,ETH,SELL,14.042940637889842,0.014042940637889842,0.15,S6_S8_REVERSAL
2026-04-03 13:00:00+00:00,BTC,BUY,22.634015730384817,0.02263401573038482,0.075,S6_REVERSAL
2026-04-03 13:00:00+00:00,ETH,BUY,71.10319699006868,0.07110319699006869,0.15,S6_S8_REVERSAL
2026-04-03 14:00:00+00:00,BTC,BUY,4.108581543139735,0.0041085815431397355,0.075,S6_REVERSAL
2026-04-03 14:00:00+00:00,ETH,BUY,9.189625930761395,0.009189625930761395,0.15,S6_S8_REVERSAL
2026-04-03 15:00:00+00:00,BTC,SELL,22.326537698210814,0.022326537698210813,0.075,S6_REVERSAL
2026-04-03 15:00:00+00:00,ETH,SELL,34.12740940933327,0.034127409409333266,0.15,S6_S8_REVERSAL
2026-04-03 16:00:00+00:00,BTC,BUY,8.450155663473197,0.008450155663473197,0.075,S6_REVERSAL
2026-04-03 16:00:00+00:00,ETH,BUY,18.152621727975202,0.0181526217279752,0.15,S6_S8_REVERSAL
2026-04-03 17:00:00+00:00,BTC,SELL,16.433935705254953,0.016433935705254952,0.075,S6_REVERSAL
2026-04-03 17:00:00+00:00,ETH,SELL,17.542132618573305,0.017542132618573306,0.15,S6_S8_REVERSAL
2026-04-03 18:00:00+00:00,BTC,BUY,13.152371015836252,0.013152371015836252,0.075,S6_REVERSAL
2026-04-03 18:00:00+00:00,ETH,BUY,23.319021579702166,0.023319021579702167,0.15,S6_S8_REVERSAL
2026-04-03 19:00:00+00:00,BTC,BUY,3.691815524620324,0.0036918155246203244,0.075,S6_REVERSAL
2026-04-03 19:00:00+00:00,ETH,BUY,5.858217919432718,0.005858217919432718,0.15,S6_S8_REVERSAL
2026-04-03 20:00:00+00:00,BTC,SELL,5.529478670179742,0.005529478670179742,0.075,S6_REVERSAL
2026-04-03 20:00:00+00:00,ETH,SELL,19.2652927258805,0.0192652927258805,0.15,S6_S8_REVERSAL
2026-04-03 21:00:00+00:00,BTC,BUY,5.375616902514594,0.005375616902514594,0.075,S6_REVERSAL
2026-04-03 21:00:00+00:00,ETH,SELL,1.2279309708410437,0.0012279309708410437,0.15,S6_S8_REVERSAL
2026-04-03 22:00:00+00:00,BTC,SELL,10.18666542290066,0.01018666542290066,0.075,S6_REVERSAL
2026-04-03 22:00:00+00:00,ETH,SELL,31.56946112868718,0.03156946112868718,0.15,S6_S8_REVERSAL
2026-04-03 23:00:00+00:00,BTC,BUY,4.02941554350673,0.00402941554350673,0.075,S6_REVERSAL
2026-04-03 23:00:00+00:00,ETH,BUY,38.05099739301477,0.03805099739301477,0.15,S6_S8_REVERSAL
2026-04-04 00:00:00+00:00,BTC,SELL,6.446091801193688,0.006446091801193689,0.075,S6_REVERSAL
2026-04-04 00:00:00+00:00,ETH,SELL,10.881663251138889,0.010881663251138889,0.15,S6_S8_REVERSAL
2026-04-04 01:00:00+00:00,BTC,BUY,6.216384232748169,0.006216384232748169,0.075,S6_REVERSAL
2026-04-04 01:00:00+00:00,ETH,BUY,8.201191957041374,0.008201191957041373,0.15,S6_S8_REVERSAL
2026-04-04 02:00:00+00:00,BTC,BUY,3.5949262786589316,0.0035949262786589315,0.075,S6_REVERSAL
2026-04-04 02:00:00+00:00,ETH,BUY,5.226896891437718,0.005226896891437719,0.15,S6_S8_REVERSAL
2026-04-04 03:00:00+00:00,ETH,BUY,6.675630520867344,0.006675630520867344,0.15,S6_S8_REVERSAL
2026-04-04 04:00:00+00:00,BTC,BUY,1.3290615948544655,0.0013290615948544655,0.075,S6_REVERSAL
2026-04-04 05:00:00+00:00,BTC,SELL,2.2305640485255935,0.0022305640485255937,0.075,S6_REVERSAL
2026-04-04 05:00:00+00:00,ETH,SELL,6.182733585925234,0.006182733585925235,0.15,S6_S8_REVERSAL
2026-04-04 06:00:00+00:00,BTC,SELL,4.1714462541795,0.0041714462541795,0.075,S6_REVERSAL
2026-04-04 06:00:00+00:00,ETH,SELL,14.477879552310696,0.014477879552310696,0.15,S6_S8_REVERSAL
2026-04-04 07:00:00+00:00,BTC,SELL,8.236564530270698,0.008236564530270699,0.075,S6_REVERSAL
2026-04-04 07:00:00+00:00,ETH,SELL,14.333153335064708,0.014333153335064708,0.15,S6_S8_REVERSAL
2026-04-04 08:00:00+00:00,BTC,SELL,1.5556953763207275,0.0015556953763207276,0.075,S6_REVERSAL
2026-04-04 08:00:00+00:00,ETH,BUY,15.722966626781272,0.01572296662678127,0.15,S6_S8_REVERSAL
2026-04-04 09:00:00+00:00,BTC,BUY,5.731990387597762,0.005731990387597761,0.075,S6_REVERSAL
2026-04-04 09:00:00+00:00,ETH,BUY,18.138396477177594,0.018138396477177594,0.15,S6_S8_REVERSAL
2026-04-04 10:00:00+00:00,BTC,SELL,4.850231380890364,0.0048502313808903635,0.075,S6_REVERSAL
2026-04-04 10:00:00+00:00,ETH,BUY,1.6051982159006002,0.0016051982159006003,0.15,S6_S8_REVERSAL
2026-04-04 11:00:00+00:00,BTC,SELL,15.720251677744272,0.01572025167774427,0.075,S6_REVERSAL
2026-04-04 11:00:00+00:00,ETH,SELL,20.30937093931061,0.020309370939310612,0.15,S6_S8_REVERSAL
2026-04-04 12:00:00+00:00,ETH,BUY,14.595941309975387,0.014595941309975389,0.15,S6_S8_REVERSAL
2026-04-04 13:00:00+00:00,BTC,BUY,4.653534956438307,0.004653534956438307,0.075,S6_REVERSAL
2026-04-04 13:00:00+00:00,ETH,BUY,9.11958207099633,0.00911958207099633,0.15,S6_S8_REVERSAL
2026-04-04 14:00:00+00:00,BTC,SELL,7.671448191053969,0.0076714481910539695,0.075,S6_REVERSAL
2026-04-04 14:00:00+00:00,ETH,SELL,18.917634610272216,0.018917634610272217,0.15,S6_S8_REVERSAL
2026-04-04 15:00:00+00:00,BTC,SELL,7195.7437807108545,7.195743780710854,0.0,CASH
2026-04-04 15:00:00+00:00,ETH,BUY,3.2042585585040797,0.00320425855850408,0.15,S6_S8_REVERSAL
2026-04-04 16:00:00+00:00,ETH,SELL,20.080104424152523,0.020080104424152524,0.15,S6_S8_REVERSAL
2026-04-04 17:00:00+00:00,ETH,BUY,3.2088510812609456,0.003208851081260946,0.15,S6_S8_REVERSAL
2026-04-04 18:00:00+00:00,ETH,SELL,7.318023651769181,0.007318023651769181,0.15,S6_S8_REVERSAL
2026-04-04 18:00:00+00:00,SOL,BUY,14389.657786815418,14.389657786815418,0.15,S3_TREND
2026-04-04 19:00:00+00:00,ETH,BUY,6.321644187439233,0.006321644187439233,0.15,S6_S8_REVERSAL
2026-04-04 19:00:00+00:00,SOL,BUY,9.522168803900058,0.009522168803900059,0.15,S3_TREND
2026-04-04 20:00:00+00:00,ETH,SELL,56.33925462883781,0.05633925462883781,0.15,S6_S8_REVERSAL
2026-04-04 20:00:00+00:00,SOL,BUY,7.008952948510341,0.007008952948510341,0.15,S3_TREND
2026-04-04 21:00:00+00:00,ETH,BUY,9.706354604197259,0.009706354604197259,0.15,S6_S8_REVERSAL
2026-04-04 21:00:00+00:00,SOL,BUY,7.071635283407886,0.007071635283407886,0.15,S3_TREND
2026-04-04 22:00:00+00:00,BTC,BUY,14399.92676880508,14.39992676880508,0.15,S3_TREND
2026-04-04 22:00:00+00:00,ETH,SELL,32.34454155901949,0.03234454155901949,0.15,S6_S8_REVERSAL
2026-04-04 22:00:00+00:00,SOL,SELL,13.361821412294375,0.013361821412294375,0.15,S3_TREND
2026-04-04 23:00:00+00:00,BTC,SELL,7.381010657951265,0.007381010657951265,0.15,S3_TREND
2026-04-04 23:00:00+00:00,ETH,SELL,14402.014884865597,14.402014884865597,0.0,CASH
2026-04-04 23:00:00+00:00,SOL,SELL,11.135385137127741,0.011135385137127743,0.15,S3_TREND
2026-04-05 00:00:00+00:00,BTC,BUY,11.639092619680014,0.011639092619680014,0.15,S3_TREND
2026-04-05 00:00:00+00:00,SOL,BUY,18.828107201250532,0.018828107201250534,0.15,S3_TREND
2026-04-05 01:00:00+00:00,BTC,BUY,9.965624160686275,0.009965624160686274,0.15,S3_TREND
2026-04-05 01:00:00+00:00,ETH,BUY,14385.465421675866,14.385465421675866,0.15,S3_TREND
2026-04-05 01:00:00+00:00,SOL,BUY,18.76134286470551,0.018761342864705512,0.15,S3_TREND
2026-04-05 02:00:00+00:00,BTC,BUY,13.00534263634654,0.013005342636346541,0.15,S3_TREND
2026-04-05 02:00:00+00:00,ETH,BUY,16.04383510898151,0.01604383510898151,0.15,S3_TREND
2026-04-05 02:00:00+00:00,SOL,BUY,18.698479393022353,0.018698479393022355,0.15,S3_TREND
2026-04-05 03:00:00+00:00,BTC,SELL,10.494761347817985,0.010494761347817985,0.15,S3_TREND
2026-04-05 03:00:00+00:00,ETH,SELL,9.642703788227664,0.009642703788227664,0.15,S3_TREND
2026-04-05 03:00:00+00:00,SOL,SELL,8.316912419639266,0.008316912419639265,0.15,S3_TREND
2026-04-05 04:00:00+00:00,ETH,BUY,17.250990207177892,0.017250990207177894,0.15,S3_TREND
2026-04-05 04:00:00+00:00,SOL,BUY,1.9133394262862566,0.0019133394262862567,0.15,S3_TREND
2026-04-05 05:00:00+00:00,ETH,BUY,1.4768113685786375,0.0014768113685786374,0.15,S3_TREND
2026-04-05 05:00:00+00:00,SOL,BUY,30.385625777335008,0.03038562577733501,0.15,S3_TREND
2026-04-05 06:00:00+00:00,BTC,BUY,23.81921274341039,0.02381921274341039,0.15,S3_TREND
2026-04-05 06:00:00+00:00,ETH,BUY,32.69999362017734,0.03269999362017734,0.15,S3_TREND
2026-04-05 06:00:00+00:00,SOL,SELL,7.779877053881137,0.007779877053881137,0.15,S3_TREND
2026-04-05 07:00:00+00:00,BTC,SELL,6.25922682962846,0.00625922682962846,0.15,S3_TREND
2026-04-05 07:00:00+00:00,ETH,BUY,38.001732356950015,0.038001732356950015,0.15,S3_TREND
2026-04-05 07:00:00+00:00,SOL,BUY,92.86929017545481,0.09286929017545481,0.15,S3_TREND
2026-04-05 08:00:00+00:00,BTC,SELL,4.45710540336222,0.004457105403362221,0.15,S3_TREND
2026-04-05 08:00:00+00:00,ETH,BUY,6.719465455764293,0.0067194654557642935,0.15,S3_TREND
2026-04-05 09:00:00+00:00,BTC,SELL,17.70325485250396,0.01770325485250396,0.15,S3_TREND
2026-04-05 09:00:00+00:00,ETH,SELL,6.80396129950168,0.006803961299501679,0.15,S3_TREND
2026-04-05 10:00:00+00:00,BTC,SELL,7.362826384367509,0.007362826384367509,0.15,S3_TREND
2026-04-05 10:00:00+00:00,ETH,SELL,14357.717558949898,14.357717558949899,0.0,CASH
2026-04-05 10:00:00+00:00,SOL,SELL,22.820577165404753,0.022820577165404754,0.15,S3_TREND
2026-04-05 11:00:00+00:00,BTC,SELL,3.8628608197559515,0.0038628608197559516,0.15,S3_TREND
2026-04-05 11:00:00+00:00,SOL,SELL,3.3362026243703444,0.0033362026243703444,0.15,S3_TREND
2026-04-05 12:00:00+00:00,BTC,BUY,10.428589410634231,0.010428589410634232,0.15,S3_TREND
2026-04-05 12:00:00+00:00,ETH,BUY,7167.103835587078,7.167103835587078,0.075,S6_REVERSAL
2026-04-05 12:00:00+00:00,SOL,SELL,12.19109907892016,0.01219109907892016,0.15,S3_TREND
2026-04-05 13:00:00+00:00,BTC,BUY,6.538837772761326,0.006538837772761326,0.15,S3_TREND
2026-04-05 13:00:00+00:00,ETH,BUY,29.147182609865013,0.029147182609865013,0.075,S6_REVERSAL
2026-04-05 13:00:00+00:00,SOL,BUY,121.89619306716486,0.12189619306716486,0.15,S3_TREND
2026-04-05 14:00:00+00:00,BTC,SELL,9.717492896454132,0.009717492896454133,0.15,S3_TREND
2026-04-05 14:00:00+00:00,ETH,SELL,22.50120614927164,0.02250120614927164,0.075,S6_REVERSAL
2026-04-05 14:00:00+00:00,SOL,SELL,22.975621291709107,0.022975621291709106,0.15,S3_TREND
2026-04-05 15:00:00+00:00,BTC,SELL,1.8296554511889553,0.0018296554511889555,0.15,S3_TREND
2026-04-05 15:00:00+00:00,ETH,SELL,4.525393422407433,0.004525393422407433,0.075,S6_REVERSAL
2026-04-05 15:00:00+00:00,SOL,SELL,10.43435928663348,0.01043435928663348,0.15,S3_TREND
2026-04-05 16:00:00+00:00,BTC,SELL,54.43966971070586,0.05443966971070586,0.15,S3_TREND
2026-04-05 16:00:00+00:00,ETH,SELL,39.5823405948895,0.0395823405948895,0.075,S6_REVERSAL
2026-04-05 16:00:00+00:00,SOL,SELL,25.474925435431942,0.025474925435431943,0.15,S3_TREND
2026-04-05 17:00:00+00:00,BTC,BUY,12.879570933813739,0.012879570933813738,0.15,S3_TREND
2026-04-05 17:00:00+00:00,ETH,BUY,2.3564999368036297,0.0023564999368036296,0.075,S6_REVERSAL
2026-04-05 17:00:00+00:00,SOL,BUY,14.46477315573975,0.01446477315573975,0.15,S3_TREND
2026-04-05 18:00:00+00:00,BTC,SELL,12.388230670239864,0.012388230670239864,0.15,S3_TREND
2026-04-05 18:00:00+00:00,ETH,SELL,25.30880514954424,0.025308805149544242,0.075,S6_REVERSAL
2026-04-05 18:00:00+00:00,SOL,SELL,53.80006336799488,0.05380006336799488,0.15,S3_TREND
2026-04-05 19:00:00+00:00,BTC,SELL,5.161852206394542,0.005161852206394542,0.15,S3_TREND
2026-04-05 19:00:00+00:00,SOL,SELL,9.187422040327874,0.009187422040327874,0.15,S3_TREND
2026-04-05 20:00:00+00:00,BTC,BUY,5.731481409953631,0.005731481409953631,0.15,S3_TREND
2026-04-05 20:00:00+00:00,SOL,BUY,17.83641292667926,0.01783641292667926,0.15,S3_TREND
2026-04-05 21:00:00+00:00,BTC,SELL,41.55355932365819,0.041553559323658194,0.15,S3_TREND
2026-04-05 21:00:00+00:00,ETH,SELL,7199.811904501947,7.199811904501947,0.0,CASH
2026-04-05 21:00:00+00:00,SOL,SELL,37.5297442848896,0.0375297442848896,0.15,S3_TREND
2026-04-05 22:00:00+00:00,BTC,BUY,6.556678447519516,0.006556678447519516,0.15,S3_TREND
2026-04-05 22:00:00+00:00,SOL,BUY,59.58529998492122,0.05958529998492122,0.15,S3_TREND
2026-04-05 23:00:00+00:00,BTC,SELL,119.15061730256275,0.11915061730256275,0.15,S3_TREND
2026-04-05 23:00:00+00:00,SOL,SELL,103.5557537789773,0.10355575377897731,0.15,S3_TREND
2026-04-06 00:00:00+00:00,BTC,SELL,89.57642417017267,0.08957642417017267,0.15,S3_TREND
2026-04-06 00:00:00+00:00,SOL,SELL,177.11618075865226,0.17711618075865226,0.15,S3_TREND
2026-04-06 01:00:00+00:00,BTC,BUY,2.782294807395374,0.002782294807395374,0.15,S3_TREND
2026-04-06 01:00:00+00:00,ETH,BUY,14477.296912200676,14.477296912200677,0.15,S3_TREND
2026-04-06 01:00:00+00:00,SOL,SELL,64.53996797884975,0.06453996797884974,0.15,S3_TREND
2026-04-06 02:00:00+00:00,BTC,BUY,22.889115116544417,0.022889115116544418,0.15,S3_TREND
2026-04-06 02:00:00+00:00,ETH,BUY,12.555789106208977,0.012555789106208977,0.15,S3_TREND
2026-04-06 02:00:00+00:00,SOL,BUY,76.33110237332767,0.07633110237332767,0.15,S3_TREND
2026-04-06 03:00:00+00:00,BTC,SELL,33.236484605173246,0.03323648460517325,0.15,S3_TREND
2026-04-06 03:00:00+00:00,ETH,SELL,75.92551316855861,0.07592551316855861,0.15,S3_TREND
2026-04-06 03:00:00+00:00,SOL,SELL,75.24953365647161,0.07524953365647162,0.15,S3_TREND
2026-04-06 04:00:00+00:00,BTC,BUY,2.7436810982526367,0.002743681098252637,0.15,S3_TREND
2026-04-06 04:00:00+00:00,ETH,BUY,13.891686010514604,0.013891686010514605,0.15,S3_TREND
2026-04-06 04:00:00+00:00,SOL,BUY,37.8498683877915,0.0378498683877915,0.15,S3_TREND
2026-04-06 05:00:00+00:00,BTC,SELL,4.664025745852995,0.004664025745852995,0.15,S3_TREND
2026-04-06 05:00:00+00:00,ETH,SELL,12.495619515326325,0.012495619515326326,0.15,S3_TREND
2026-04-06 05:00:00+00:00,SOL,BUY,20.290496552515833,0.020290496552515833,0.15,S3_TREND
2026-04-06 06:00:00+00:00,BTC,SELL,12.388739270671067,0.012388739270671066,0.15,S3_TREND
2026-04-06 06:00:00+00:00,ETH,SELL,1.9115434242357878,0.001911543424235788,0.15,S3_TREND
2026-04-06 06:00:00+00:00,SOL,BUY,15.542650136434531,0.015542650136434532,0.15,S3_TREND
2026-04-06 07:00:00+00:00,BTC,BUY,25.149828802261254,0.025149828802261253,0.15,S3_TREND
2026-04-06 07:00:00+00:00,ETH,BUY,4.112119876634097,0.004112119876634097,0.15,S3_TREND
2026-04-06 07:00:00+00:00,SOL,BUY,49.27762638138847,0.049277626381388474,0.15,S3_TREND
2026-04-06 08:00:00+00:00,BTC,SELL,8.514130986235614,0.008514130986235614,0.15,S3_TREND
2026-04-06 08:00:00+00:00,ETH,SELL,29.476963459734183,0.029476963459734183,0.15,S3_TREND
2026-04-06 08:00:00+00:00,SOL,SELL,37.865065983140084,0.03786506598314009,0.15,S3_TREND
2026-04-06 09:00:00+00:00,BTC,SELL,11.490110140188335,0.011490110140188336,0.15,S3_TREND
2026-04-06 09:00:00+00:00,ETH,SELL,12.926033837662544,0.012926033837662545,0.15,S3_TREND
2026-04-06 09:00:00+00:00,SOL,SELL,17.023839077737648,0.01702383907773765,0.15,S3_TREND
2026-04-06 10:00:00+00:00,BTC,SELL,64.13790044772759,0.06413790044772759,0.15,S3_TREND
2026-04-06 10:00:00+00:00,ETH,SELL,43.40494979733921,0.043404949797339214,0.15,S3_TREND
2026-04-06 10:00:00+00:00,SOL,SELL,43.604521284984,0.043604521284984,0.15,S3_TREND
2026-04-06 11:00:00+00:00,ETH,SELL,6.338485889054937,0.006338485889054937,0.15,S3_TREND
2026-04-06 11:00:00+00:00,SOL,SELL,27.798780982157044,0.027798780982157045,0.15,S3_TREND
2026-04-06 12:00:00+00:00,BTC,BUY,19.79063579016656,0.01979063579016656,0.15,S3_TREND
2026-04-06 12:00:00+00:00,ETH,SELL,1.2243309063051129,0.0012243309063051128,0.15,S3_TREND
2026-04-06 12:00:00+00:00,SOL,BUY,29.227999107832147,0.029227999107832147,0.15,S3_TREND
2026-04-06 13:00:00+00:00,BTC,BUY,32.26147278553981,0.032261472785539806,0.15,S3_TREND
2026-04-06 13:00:00+00:00,ETH,BUY,34.0885229012365,0.034088522901236505,0.15,S3_TREND
2026-04-06 13:00:00+00:00,SOL,BUY,5.15205511698332,0.00515205511698332,0.15,S3_TREND
2026-04-06 14:00:00+00:00,BTC,SELL,4.260481238630746,0.004260481238630746,0.15,S3_TREND
2026-04-06 14:00:00+00:00,ETH,SELL,7.714553906742367,0.007714553906742367,0.15,S3_TREND
2026-04-06 14:00:00+00:00,SOL,SELL,19.606458663496596,0.019606458663496598,0.15,S3_TREND
2026-04-06 15:00:00+00:00,BTC,SELL,35.652891122414076,0.03565289112241408,0.15,S3_TREND
2026-04-06 15:00:00+00:00,ETH,SELL,60.876445846466595,0.0608764458464666,0.15,S3_TREND
2026-04-06 15:00:00+00:00,SOL,BUY,53.869077590163215,0.05386907759016322,0.15,S3_TREND
2026-04-06 16:00:00+00:00,BTC,SELL,46.165279345214,0.04616527934521401,0.15,S3_TREND
2026-04-06 16:00:00+00:00,ETH,SELL,33.99303959616009,0.03399303959616009,0.15,S3_TREND
2026-04-06 16:00:00+00:00,SOL,BUY,8.815920456599997,0.008815920456599997,0.15,S3_TREND
2026-04-06 17:00:00+00:00,BTC,SELL,12.273529725438493,0.012273529725438494,0.15,S3_TREND
2026-04-06 17:00:00+00:00,ETH,BUY,113.90934196397939,0.1139093419639794,0.15,S3_TREND
2026-04-06 17:00:00+00:00,SOL,BUY,72.65026238177234,0.07265026238177234,0.15,S3_TREND
2026-04-06 18:00:00+00:00,BTC,BUY,34.92474010254773,0.03492474010254773,0.15,S3_TREND
2026-04-06 18:00:00+00:00,ETH,BUY,26.623981385098887,0.026623981385098888,0.15,S3_TREND
2026-04-06 18:00:00+00:00,SOL,SELL,18.81539044483361,0.018815390444833612,0.15,S3_TREND
2026-04-06 19:00:00+00:00,BTC,SELL,39.467005550599424,0.03946700555059943,0.15,S3_TREND
2026-04-06 19:00:00+00:00,ETH,SELL,41.05393573127003,0.04105393573127003,0.15,S3_TREND
2026-04-06 19:00:00+00:00,SOL,SELL,14.827771326008587,0.014827771326008588,0.15,S3_TREND
2026-04-06 20:00:00+00:00,BTC,BUY,26.827520290682514,0.026827520290682513,0.15,S3_TREND
2026-04-06 20:00:00+00:00,SOL,SELL,11.294495511292551,0.011294495511292552,0.15,S3_TREND
2026-04-06 21:00:00+00:00,BTC,SELL,8.288434160207544,0.008288434160207544,0.15,S3_TREND
2026-04-06 21:00:00+00:00,ETH,SELL,21.295731630607406,0.02129573163060741,0.15,S3_TREND
2026-04-06 21:00:00+00:00,SOL,SELL,6.238862471402172,0.006238862471402172,0.15,S3_TREND
2026-04-06 22:00:00+00:00,BTC,BUY,33.53047154992055,0.03353047154992055,0.15,S3_TREND
2026-04-06 22:00:00+00:00,ETH,BUY,29.35090968968325,0.02935090968968325,0.15,S3_TREND
2026-04-06 22:00:00+00:00,SOL,BUY,58.85118914193663,0.05885118914193663,0.15,S3_TREND
2026-04-06 23:00:00+00:00,BTC,BUY,53.318968104396845,0.05331896810439685,0.15,S3_TREND
2026-04-06 23:00:00+00:00,ETH,BUY,139.7514566416976,0.13975145664169758,0.15,S3_TREND
2026-04-06 23:00:00+00:00,SOL,BUY,141.56975654962116,0.14156975654962117,0.15,S3_TREND
2026-04-07 00:00:00+00:00,BTC,SELL,9.608518813105547,0.009608518813105548,0.15,S3_TREND
2026-04-07 00:00:00+00:00,ETH,SELL,12.650838554469374,0.012650838554469374,0.15,S3_TREND
2026-04-07 00:00:00+00:00,SOL,BUY,24.44623950652931,0.02444623950652931,0.15,S3_TREND
2026-04-07 01:00:00+00:00,BTC,BUY,16.240225034625837,0.016240225034625837,0.15,S3_TREND
2026-04-07 01:00:00+00:00,ETH,SELL,37.61865873230818,0.03761865873230818,0.15,S3_TREND
2026-04-07 01:00:00+00:00,SOL,BUY,21.526816138206414,0.021526816138206416,0.15,S3_TREND
2026-04-07 02:00:00+00:00,BTC,BUY,43.11183052650995,0.04311183052650995,0.15,S3_TREND
2026-04-07 02:00:00+00:00,ETH,BUY,54.07418000190228,0.054074180001902276,0.15,S3_TREND
2026-04-07 02:00:00+00:00,SOL,BUY,32.93185376853398,0.032931853768533983,0.15,S3_TREND
2026-04-07 03:00:00+00:00,BTC,SELL,35.969101875525666,0.03596910187552567,0.15,S3_TREND
2026-04-07 03:00:00+00:00,ETH,SELL,28.581862710963833,0.028581862710963832,0.15,S3_TREND
2026-04-07 03:00:00+00:00,SOL,SELL,14.562487717252225,0.014562487717252225,0.15,S3_TREND
2026-04-07 04:00:00+00:00,BTC,SELL,15.271940055472442,0.015271940055472442,0.15,S3_TREND
2026-04-07 04:00:00+00:00,ETH,SELL,3.6900799386567087,0.003690079938656709,0.15,S3_TREND
2026-04-07 04:00:00+00:00,SOL,SELL,5.872051474845649,0.0058720514748456494,0.15,S3_TREND
2026-04-07 05:00:00+00:00,BTC,SELL,3.9044489706811873,0.0039044489706811874,0.15,S3_TREND
2026-04-07 05:00:00+00:00,ETH,SELL,28.105589378819786,0.02810558937881979,0.15,S3_TREND
2026-04-07 05:00:00+00:00,SOL,SELL,11.558376038965434,0.011558376038965435,0.15,S3_TREND
2026-04-07 06:00:00+00:00,BTC,BUY,15.186035176127916,0.015186035176127917,0.15,S3_TREND
2026-04-07 06:00:00+00:00,ETH,BUY,35.6108098103341,0.035610809810334106,0.15,S3_TREND
2026-04-07 06:00:00+00:00,SOL,BUY,35.807169576131855,0.03580716957613186,0.15,S3_TREND
2026-04-07 07:00:00+00:00,BTC,BUY,14.968422889953217,0.014968422889953217,0.15,S3_TREND
2026-04-07 07:00:00+00:00,ETH,BUY,2.570898390647926,0.002570898390647926,0.15,S3_TREND
2026-04-07 07:00:00+00:00,SOL,BUY,4.73541249081245,0.00473541249081245,0.15,S3_TREND
2026-04-07 08:00:00+00:00,BTC,SELL,1.3159615045005921,0.0013159615045005922,0.15,S3_TREND
2026-04-07 08:00:00+00:00,ETH,BUY,12.040297520794411,0.012040297520794411,0.15,S3_TREND
2026-04-07 08:00:00+00:00,SOL,SELL,49.13646238559522,0.04913646238559522,0.15,S3_TREND
2026-04-07 09:00:00+00:00,BTC,SELL,36.93972148970169,0.03693972148970169,0.15,S3_TREND
2026-04-07 09:00:00+00:00,ETH,SELL,45.48616136661076,0.04548616136661076,0.15,S3_TREND
2026-04-07 09:00:00+00:00,SOL,SELL,21.952971521461222,0.021952971521461223,0.15,S3_TREND
2026-04-07 10:00:00+00:00,BTC,SELL,18.00950619575997,0.01800950619575997,0.15,S3_TREND
2026-04-07 10:00:00+00:00,ETH,SELL,64.77108060909995,0.06477108060909996,0.15,S3_TREND
2026-04-07 10:00:00+00:00,SOL,SELL,14.764607922639698,0.014764607922639698,0.15,S3_TREND
2026-04-07 11:00:00+00:00,BTC,BUY,94.97978631236401,0.09497978631236402,0.15,S3_TREND
2026-04-07 11:00:00+00:00,ETH,BUY,168.74037475688056,0.16874037475688056,0.15,S3_TREND
2026-04-07 11:00:00+00:00,SOL,BUY,85.95555225812313,0.08595555225812314,0.15,S3_TREND
2026-04-07 12:00:00+00:00,BTC,SELL,23.09423263068311,0.02309423263068311,0.15,S3_TREND
2026-04-07 12:00:00+00:00,ETH,SELL,2.2935963205563894,0.0022935963205563893,0.15,S3_TREND
2026-04-07 12:00:00+00:00,SOL,BUY,26.65452659593757,0.026654526595937568,0.15,S3_TREND
2026-04-07 13:00:00+00:00,BTC,SELL,13.125275438686003,0.013125275438686003,0.15,S3_TREND
2026-04-07 13:00:00+00:00,ETH,BUY,14.386256172219873,0.014386256172219874,0.15,S3_TREND
2026-04-07 13:00:00+00:00,SOL,BUY,11.094031245640508,0.011094031245640509,0.15,S3_TREND
2026-04-07 14:00:00+00:00,BTC,BUY,9.096016494804644,0.009096016494804644,0.15,S3_TREND
2026-04-07 14:00:00+00:00,ETH,BUY,58.00568341900362,0.05800568341900362,0.15,S3_TREND
2026-04-07 14:00:00+00:00,SOL,BUY,22.611457277758745,0.022611457277758745,0.15,S3_TREND
2026-04-07 15:00:00+00:00,BTC,BUY,52.58558961953713,0.05258558961953713,0.15,S3_TREND
2026-04-07 15:00:00+00:00,ETH,BUY,12.882304971763006,0.012882304971763006,0.15,S3_TREND
2026-04-07 15:00:00+00:00,SOL,BUY,27.285000299845706,0.027285000299845708,0.15,S3_TREND
2026-04-07 16:00:00+00:00,BTC,SELL,36.68411518957873,0.03668411518957873,0.15,S3_TREND
2026-04-07 16:00:00+00:00,ETH,SELL,45.304617706800855,0.04530461770680085,0.15,S3_TREND
2026-04-07 16:00:00+00:00,SOL,SELL,21.007016823265076,0.021007016823265078,0.15,S3_TREND
2026-04-07 17:00:00+00:00,BTC,SELL,6.445294851153449,0.006445294851153449,0.15,S3_TREND
2026-04-07 17:00:00+00:00,ETH,SELL,18.771339419943615,0.018771339419943616,0.15,S3_TREND
2026-04-07 17:00:00+00:00,SOL,BUY,1.1037557465842838,0.0011037557465842839,0.15,S3_TREND
2026-04-07 18:00:00+00:00,BTC,SELL,36.529520585358114,0.03652952058535811,0.15,S3_TREND
2026-04-07 18:00:00+00:00,ETH,SELL,44.83289957622219,0.04483289957622219,0.15,S3_TREND
2026-04-07 18:00:00+00:00,SOL,SELL,150.84151089633087,0.15084151089633088,0.15,S3_TREND
2026-04-07 19:00:00+00:00,BTC,BUY,29.476913721891833,0.029476913721891835,0.15,S3_TREND
2026-04-07 19:00:00+00:00,ETH,BUY,64.78259798144973,0.06478259798144972,0.15,S3_TREND
2026-04-07 20:00:00+00:00,BTC,SELL,27.6463608725644,0.0276463608725644,0.15,S3_TREND
2026-04-07 20:00:00+00:00,ETH,SELL,94.82228077422769,0.09482228077422769,0.15,S3_TREND
2026-04-07 20:00:00+00:00,SOL,SELL,214.175592525653,0.21417559252565302,0.15,S3_TREND
2026-04-07 21:00:00+00:00,BTC,SELL,44.46162673901381,0.04446162673901381,0.15,S3_TREND
2026-04-07 21:00:00+00:00,ETH,BUY,5.477592722216286,0.005477592722216287,0.15,S3_TREND
2026-04-07 21:00:00+00:00,SOL,SELL,34.82719504166016,0.03482719504166016,0.15,S3_TREND
2026-04-07 22:00:00+00:00,BTC,SELL,51.67191932773494,0.05167191932773494,0.15,S3_TREND
2026-04-07 22:00:00+00:00,ETH,SELL,126.6709949373253,0.1266709949373253,0.15,S3_TREND
2026-04-07 22:00:00+00:00,SOL,SELL,97.75391463554661,0.09775391463554661,0.15,S3_TREND
2026-04-07 23:00:00+00:00,BTC,SELL,143.45274601633903,0.14345274601633903,0.15,S3_TREND
2026-04-07 23:00:00+00:00,ETH,SELL,320.16583751751386,0.3201658375175139,0.15,S3_TREND
2026-04-07 23:00:00+00:00,SOL,SELL,220.40913052637185,0.22040913052637187,0.15,S3_TREND
2026-04-08 00:00:00+00:00,BTC,SELL,43.471891730452626,0.04347189173045263,0.15,S3_TREND
2026-04-08 00:00:00+00:00,ETH,SELL,93.23739304469927,0.09323739304469927,0.15,S3_TREND
2026-04-08 00:00:00+00:00,SOL,SELL,14.297710996313981,0.014297710996313981,0.15,S3_TREND
2026-04-08 01:00:00+00:00,BTC,BUY,13.003362069683135,0.013003362069683135,0.15,S3_TREND
2026-04-08 01:00:00+00:00,ETH,SELL,5.10160007570812,0.00510160007570812,0.15,S3_TREND
2026-04-08 01:00:00+00:00,SOL,BUY,105.42794471110028,0.10542794471110029,0.15,S3_TREND
2026-04-08 02:00:00+00:00,BTC,BUY,36.38059154605435,0.03638059154605435,0.15,S3_TREND
2026-04-08 02:00:00+00:00,ETH,BUY,1.7617622097077401,0.0017617622097077402,0.15,S3_TREND
2026-04-08 02:00:00+00:00,SOL,BUY,4.0954791763269895,0.004095479176326989,0.15,S3_TREND
2026-04-08 03:00:00+00:00,BTC,BUY,20.701799539703643,0.020701799539703643,0.15,S3_TREND
2026-04-08 03:00:00+00:00,ETH,SELL,23.543024948692615,0.023543024948692617,0.15,S3_TREND
2026-04-08 03:00:00+00:00,SOL,BUY,11.531989337692721,0.011531989337692722,0.15,S3_TREND
2026-04-08 04:00:00+00:00,BTC,BUY,9.98341884896763,0.009983418848967631,0.15,S3_TREND
2026-04-08 04:00:00+00:00,ETH,BUY,11.09248950824076,0.01109248950824076,0.15,S3_TREND
2026-04-08 05:00:00+00:00,BTC,SELL,44.57618074551465,0.04457618074551465,0.15,S3_TREND
2026-04-08 05:00:00+00:00,ETH,SELL,26.960519587379167,0.02696051958737917,0.15,S3_TREND
2026-04-08 05:00:00+00:00,SOL,BUY,24.472526491692406,0.024472526491692407,0.15,S3_TREND
2026-04-08 06:00:00+00:00,BTC,SELL,36.169340552827634,0.03616934055282763,0.15,S3_TREND
2026-04-08 06:00:00+00:00,ETH,SELL,1.9240620892269362,0.0019240620892269362,0.15,S3_TREND
2026-04-08 06:00:00+00:00,SOL,BUY,46.49872466720262,0.046498724667202625,0.15,S3_TREND
2026-04-08 07:00:00+00:00,BTC,BUY,13.601634663875302,0.013601634663875302,0.15,S3_TREND
2026-04-08 07:00:00+00:00,ETH,SELL,20.976972078504332,0.02097697207850433,0.15,S3_TREND
2026-04-08 07:00:00+00:00,SOL,SELL,43.78663961506209,0.043786639615062094,0.15,S3_TREND
2026-04-08 08:00:00+00:00,BTC,BUY,24.9369007870755,0.024936900787075503,0.15,S3_TREND
2026-04-08 08:00:00+00:00,ETH,SELL,47.542439084463695,0.0475424390844637,0.15,S3_TREND
2026-04-08 08:00:00+00:00,SOL,BUY,10.307816657983494,0.010307816657983495,0.15,S3_TREND
2026-04-08 09:00:00+00:00,BTC,SELL,18.361983314947793,0.018361983314947792,0.15,S3_TREND
2026-04-08 09:00:00+00:00,SOL,SELL,43.94305986878862,0.043943059868788624,0.15,S3_TREND
2026-04-08 10:00:00+00:00,BTC,BUY,9.188578203356883,0.009188578203356883,0.15,S3_TREND
2026-04-08 10:00:00+00:00,ETH,BUY,28.701595703530984,0.028701595703530983,0.15,S3_TREND
2026-04-08 10:00:00+00:00,SOL,BUY,19.079488059600408,0.019079488059600407,0.15,S3_TREND
2026-04-08 11:00:00+00:00,BTC,BUY,24.306909556160463,0.024306909556160463,0.15,S3_TREND
2026-04-08 11:00:00+00:00,ETH,BUY,28.198087546370516,0.028198087546370515,0.15,S3_TREND
2026-04-08 11:00:00+00:00,SOL,BUY,10.637549226810734,0.010637549226810735,0.15,S3_TREND
2026-04-08 12:00:00+00:00,BTC,SELL,31.265697198556154,0.03126569719855615,0.15,S3_TREND
2026-04-08 12:00:00+00:00,ETH,SELL,20.44597360996886,0.02044597360996886,0.15,S3_TREND
2026-04-08 12:00:00+00:00,SOL,BUY,16.54670521018852,0.01654670521018852,0.15,S3_TREND
2026-04-08 13:00:00+00:00,BTC,SELL,58.776570452168016,0.05877657045216802,0.15,S3_TREND
2026-04-08 13:00:00+00:00,ETH,SELL,33.90360362654974,0.03390360362654974,0.15,S3_TREND
2026-04-08 13:00:00+00:00,SOL,BUY,8.874769176316477,0.008874769176316476,0.15,S3_TREND
2026-04-08 14:00:00+00:00,BTC,BUY,49.858727541632106,0.049858727541632106,0.15,S3_TREND
2026-04-08 14:00:00+00:00,ETH,BUY,82.96001336461086,0.08296001336461085,0.15,S3_TREND
2026-04-08 14:00:00+00:00,SOL,BUY,38.75267382261154,0.03875267382261154,0.15,S3_TREND
2026-04-08 15:00:00+00:00,BTC,BUY,49.5173848030845,0.0495173848030845,0.15,S3_TREND
2026-04-08 15:00:00+00:00,ETH,BUY,176.95097289600562,0.17695097289600561,0.15,S3_TREND
2026-04-08 15:00:00+00:00,SOL,BUY,109.64873129326406,0.10964873129326407,0.15,S3_TREND
2026-04-08 16:00:00+00:00,BTC,SELL,38.088906580089315,0.038088906580089316,0.15,S3_TREND
2026-04-08 16:00:00+00:00,ETH,SELL,90.83519262611662,0.09083519262611663,0.15,S3_TREND
2026-04-08 16:00:00+00:00,SOL,SELL,32.050742606556014,0.032050742606556014,0.15,S3_TREND
2026-04-08 17:00:00+00:00,BTC,SELL,41.58365925550606,0.04158365925550606,0.15,S3_TREND
2026-04-08 17:00:00+00:00,ETH,SELL,16.783411255595638,0.01678341125559564,0.15,S3_TREND
2026-04-08 17:00:00+00:00,SOL,SELL,9.657632520626066,0.009657632520626066,0.15,S3_TREND
2026-04-08 18:00:00+00:00,BTC,SELL,25.94887035204738,0.02594887035204738,0.15,S3_TREND
2026-04-08 18:00:00+00:00,ETH,SELL,40.678452458476386,0.040678452458476386,0.15,S3_TREND
2026-04-08 18:00:00+00:00,SOL,SELL,53.467008602759954,0.053467008602759956,0.15,S3_TREND
2026-04-08 19:00:00+00:00,BTC,BUY,79.48082773489296,0.07948082773489296,0.15,S3_TREND
2026-04-08 19:00:00+00:00,ETH,BUY,118.97527174485003,0.11897527174485004,0.15,S3_TREND
2026-04-08 19:00:00+00:00,SOL,BUY,102.05781530436252,0.10205781530436252,0.15,S3_TREND
2026-04-08 20:00:00+00:00,BTC,SELL,21.85331291672628,0.02185331291672628,0.15,S3_TREND
2026-04-08 20:00:00+00:00,ETH,SELL,40.832817221007645,0.04083281722100764,0.15,S3_TREND
2026-04-08 20:00:00+00:00,SOL,SELL,22.6912129332959,0.0226912129332959,0.15,S3_TREND
2026-04-08 21:00:00+00:00,BTC,SELL,8.62962212414277,0.00862962212414277,0.15,S3_TREND
2026-04-08 21:00:00+00:00,ETH,BUY,10.658269552679485,0.010658269552679485,0.15,S3_TREND
2026-04-08 21:00:00+00:00,SOL,SELL,11.531109165962334,0.011531109165962335,0.15,S3_TREND
2026-04-08 22:00:00+00:00,BTC,SELL,23.028613370204766,0.023028613370204766,0.15,S3_TREND
2026-04-08 22:00:00+00:00,ETH,SELL,17.75050487388762,0.017750504873887622,0.15,S3_TREND
2026-04-08 22:00:00+00:00,SOL,SELL,9.25599576446075,0.00925599576446075,0.15,S3_TREND
2026-04-08 23:00:00+00:00,BTC,BUY,39.968333839438856,0.039968333839438853,0.15,S3_TREND
2026-04-08 23:00:00+00:00,ETH,BUY,103.7343834449166,0.1037343834449166,0.15,S3_TREND
2026-04-08 23:00:00+00:00,SOL,BUY,75.6716640643117,0.0756716640643117,0.15,S3_TREND
2026-04-09 00:00:00+00:00,BTC,SELL,2.6402257385325356,0.002640225738532536,0.15,S3_TREND
2026-04-09 00:00:00+00:00,ETH,SELL,2.5277593339706073,0.0025277593339706073,0.15,S3_TREND
2026-04-09 00:00:00+00:00,SOL,BUY,10.790405465457297,0.010790405465457297,0.15,S3_TREND
2026-04-09 01:00:00+00:00,BTC,BUY,28.202812659366828,0.02820281265936683,0.15,S3_TREND
2026-04-09 01:00:00+00:00,ETH,BUY,22.39503927829901,0.02239503927829901,0.15,S3_TREND
2026-04-09 01:00:00+00:00,SOL,BUY,37.840069823683734,0.037840069823683736,0.15,S3_TREND
2026-04-09 02:00:00+00:00,BTC,SELL,23.704496780150293,0.023704496780150294,0.15,S3_TREND
2026-04-09 02:00:00+00:00,ETH,BUY,28.73992071151588,0.02873992071151588,0.15,S3_TREND
2026-04-09 02:00:00+00:00,SOL,SELL,3.8872541017426556,0.0038872541017426557,0.15,S3_TREND
2026-04-09 03:00:00+00:00,BTC,SELL,22.949456158308745,0.022949456158308745,0.15,S3_TREND
2026-04-09 03:00:00+00:00,ETH,SELL,16.006873497757624,0.016006873497757625,0.15,S3_TREND
2026-04-09 03:00:00+00:00,SOL,BUY,23.67268849643733,0.023672688496437333,0.15,S3_TREND
2026-04-09 04:00:00+00:00,BTC,BUY,10.046766966490395,0.010046766966490395,0.15,S3_TREND
2026-04-09 04:00:00+00:00,ETH,SELL,9.3283173775053,0.0093283173775053,0.15,S3_TREND
2026-04-09 04:00:00+00:00,SOL,BUY,13.797979977027353,0.013797979977027353,0.15,S3_TREND
2026-04-09 05:00:00+00:00,BTC,BUY,26.816674293593678,0.02681667429359368,0.15,S3_TREND
2026-04-09 05:00:00+00:00,ETH,BUY,16.00123077481294,0.016001230774812938,0.15,S3_TREND
2026-04-09 05:00:00+00:00,SOL,BUY,17.37691253700541,0.01737691253700541,0.15,S3_TREND
2026-04-09 06:00:00+00:00,BTC,SELL,21.723745308214347,0.02172374530821435,0.15,S3_TREND
2026-04-09 06:00:00+00:00,ETH,SELL,10.514939099402909,0.010514939099402909,0.15,S3_TREND
2026-04-09 06:00:00+00:00,SOL,SELL,40.68848230259391,0.04068848230259391,0.15,S3_TREND
2026-04-09 07:00:00+00:00,BTC,SELL,8.767893262793223,0.008767893262793224,0.15,S3_TREND
2026-04-09 07:00:00+00:00,ETH,BUY,5.483270370248647,0.005483270370248647,0.15,S3_TREND
2026-04-09 08:00:00+00:00,BTC,BUY,11.249364442121077,0.011249364442121077,0.15,S3_TREND
2026-04-09 08:00:00+00:00,ETH,BUY,3.5542419737248565,0.0035542419737248565,0.15,S3_TREND
2026-04-09 08:00:00+00:00,SOL,SELL,19.234654901396425,0.019234654901396427,0.15,S3_TREND
2026-04-09 09:00:00+00:00,BTC,SELL,36.73540252953536,0.03673540252953536,0.15,S3_TREND
2026-04-09 09:00:00+00:00,ETH,SELL,16.659037395365885,0.016659037395365887,0.15,S3_TREND
2026-04-09 09:00:00+00:00,SOL,SELL,13.654000701297262,0.013654000701297263,0.15,S3_TREND
2026-04-09 10:00:00+00:00,BTC,SELL,38.488530549409916,0.03848853054940991,0.15,S3_TREND
2026-04-09 10:00:00+00:00,ETH,SELL,31.93034657201315,0.03193034657201315,0.15,S3_TREND
2026-04-09 10:00:00+00:00,SOL,SELL,3.0270771661253093,0.0030270771661253092,0.15,S3_TREND
2026-04-09 11:00:00+00:00,BTC,BUY,40.925721895255265,0.040925721895255264,0.15,S3_TREND
2026-04-09 11:00:00+00:00,ETH,BUY,11.036578820254363,0.011036578820254363,0.15,S3_TREND
2026-04-09 11:00:00+00:00,SOL,SELL,8.366097796793838,0.008366097796793839,0.15,S3_TREND
2026-04-09 12:00:00+00:00,ETH,BUY,44.66110742363162,0.04466110742363162,0.15,S3_TREND
2026-04-09 12:00:00+00:00,SOL,BUY,45.870963871981075,0.04587096387198108,0.15,S3_TREND
2026-04-09 13:00:00+00:00,BTC,SELL,15.898193930563139,0.01589819393056314,0.15,S3_TREND
2026-04-09 13:00:00+00:00,ETH,SELL,10.837857438074934,0.010837857438074935,0.15,S3_TREND
2026-04-09 13:00:00+00:00,SOL,SELL,8.045821078343579,0.00804582107834358,0.15,S3_TREND
2026-04-09 14:00:00+00:00,BTC,BUY,54.121281859157534,0.05412128185915754,0.15,S3_TREND
2026-04-09 14:00:00+00:00,ETH,BUY,77.33279433109055,0.07733279433109055,0.15,S3_TREND
2026-04-09 14:00:00+00:00,SOL,BUY,29.02008839352675,0.02902008839352675,0.15,S3_TREND
2026-04-09 15:00:00+00:00,BTC,SELL,35.221403185589224,0.03522140318558922,0.15,S3_TREND
2026-04-09 15:00:00+00:00,ETH,SELL,52.51396241677685,0.052513962416776847,0.15,S3_TREND
2026-04-09 15:00:00+00:00,SOL,SELL,25.964067569240797,0.025964067569240797,0.15,S3_TREND
2026-04-09 16:00:00+00:00,BTC,SELL,95.51044828716658,0.09551044828716658,0.15,S3_TREND
2026-04-09 16:00:00+00:00,ETH,SELL,157.05661434606372,0.15705661434606372,0.15,S3_TREND
2026-04-09 16:00:00+00:00,SOL,SELL,163.5749581284308,0.16357495812843081,0.15,S3_TREND
2026-04-09 17:00:00+00:00,ETH,BUY,50.7338832974292,0.0507338832974292,0.15,S3_TREND
2026-04-09 17:00:00+00:00,SOL,SELL,1.101554253282302,0.001101554253282302,0.15,S3_TREND
2026-04-09 18:00:00+00:00,BTC,SELL,7.288605426278082,0.0072886054262780815,0.15,S3_TREND
2026-04-09 18:00:00+00:00,ETH,SELL,47.85256464889062,0.04785256464889062,0.15,S3_TREND
2026-04-09 18:00:00+00:00,SOL,SELL,122.24319258867035,0.12224319258867036,0.15,S3_TREND
2026-04-09 19:00:00+00:00,BTC,BUY,42.3032796956104,0.0423032796956104,0.15,S3_TREND
2026-04-09 19:00:00+00:00,ETH,BUY,54.10126212726391,0.05410126212726391,0.15,S3_TREND
2026-04-09 19:00:00+00:00,SOL,BUY,91.52399123922623,0.09152399123922624,0.15,S3_TREND
2026-04-09 20:00:00+00:00,BTC,SELL,17.877454690818922,0.017877454690818924,0.15,S3_TREND
2026-04-09 20:00:00+00:00,ETH,SELL,39.087913725641556,0.039087913725641556,0.15,S3_TREND
2026-04-09 20:00:00+00:00,SOL,SELL,33.278243841949006,0.03327824384194901,0.15,S3_TREND
2026-04-09 21:00:00+00:00,BTC,SELL,55.83066085962491,0.05583066085962492,0.15,S3_TREND
2026-04-09 21:00:00+00:00,ETH,BUY,31.186909021880638,0.03118690902188064,0.15,S3_TREND
2026-04-09 21:00:00+00:00,SOL,SELL,8.478628582033707,0.008478628582033708,0.15,S3_TREND
2026-04-09 22:00:00+00:00,BTC,BUY,23.71816051141832,0.02371816051141832,0.15,S3_TREND
2026-04-09 22:00:00+00:00,ETH,BUY,8.655155720280163,0.008655155720280163,0.15,S3_TREND
2026-04-09 22:00:00+00:00,SOL,SELL,8.33082150480368,0.00833082150480368,0.15,S3_TREND
2026-04-09 23:00:00+00:00,BTC,BUY,34.79677306944723,0.03479677306944723,0.15,S3_TREND
2026-04-09 23:00:00+00:00,ETH,BUY,57.05114228769526,0.057051142287695256,0.15,S3_TREND
2026-04-09 23:00:00+00:00,SOL,BUY,18.737960179330912,0.018737960179330913,0.15,S3_TREND
2026-04-10 00:00:00+00:00,BTC,BUY,2.55489329363445,0.00255489329363445,0.15,S3_TREND
2026-04-10 00:00:00+00:00,ETH,BUY,20.553622978999556,0.020553622978999556,0.15,S3_TREND
2026-04-10 00:00:00+00:00,SOL,BUY,85.7213483363048,0.0857213483363048,0.15,S3_TREND
2026-04-10 01:00:00+00:00,BTC,SELL,30.924746693792255,0.030924746693792256,0.15,S3_TREND
2026-04-10 01:00:00+00:00,ETH,SELL,28.643045411974526,0.028643045411974526,0.15,S3_TREND
2026-04-10 01:00:00+00:00,SOL,BUY,41.76903632529502,0.04176903632529502,0.15,S3_TREND
2026-04-10 02:00:00+00:00,BTC,SELL,33.19540253470768,0.03319540253470768,0.15,S3_TREND
2026-04-10 02:00:00+00:00,ETH,BUY,9.726257592277761,0.009726257592277762,0.15,S3_TREND
2026-04-10 03:00:00+00:00,BTC,BUY,30.06071282792618,0.030060712827926182,0.15,S3_TREND
2026-04-10 03:00:00+00:00,ETH,BUY,28.20876853131267,0.028208768531312673,0.15,S3_TREND
2026-04-10 03:00:00+00:00,SOL,SELL,25.509064913268958,0.02550906491326896,0.15,S3_TREND
2026-04-10 04:00:00+00:00,BTC,BUY,4.147178829269251,0.004147178829269251,0.15,S3_TREND
2026-04-10 04:00:00+00:00,ETH,BUY,4.942826280259396,0.004942826280259396,0.15,S3_TREND
2026-04-10 04:00:00+00:00,SOL,BUY,47.85165192164095,0.04785165192164095,0.15,S3_TREND
2026-04-10 05:00:00+00:00,BTC,SELL,21.175749549729517,0.021175749549729516,0.15,S3_TREND
2026-04-10 05:00:00+00:00,ETH,SELL,35.23012487839878,0.035230124878398786,0.15,S3_TREND
2026-04-10 05:00:00+00:00,SOL,SELL,51.78952494715486,0.05178952494715486,0.15,S3_TREND
2026-04-10 06:00:00+00:00,ETH,SELL,5.4553949140281475,0.005455394914028148,0.15,S3_TREND
2026-04-10 06:00:00+00:00,SOL,SELL,4.477726640108813,0.004477726640108813,0.15,S3_TREND
2026-04-10 07:00:00+00:00,BTC,BUY,40.45318091201443,0.040453180912014435,0.15,S3_TREND
2026-04-10 07:00:00+00:00,ETH,BUY,45.90724340882116,0.04590724340882116,0.15,S3_TREND
2026-04-10 07:00:00+00:00,SOL,BUY,7.8596887504700135,0.007859688750470014,0.15,S3_TREND
2026-04-10 08:00:00+00:00,BTC,BUY,42.52432619608953,0.042524326196089535,0.15,S3_TREND
2026-04-10 08:00:00+00:00,ETH,BUY,23.015966473185472,0.023015966473185472,0.15,S3_TREND
2026-04-10 08:00:00+00:00,SOL,BUY,20.53027593834304,0.02053027593834304,0.15,S3_TREND
2026-04-10 09:00:00+00:00,BTC,SELL,15.792121505961404,0.015792121505961404,0.15,S3_TREND
2026-04-10 09:00:00+00:00,ETH,SELL,34.539025328580465,0.03453902532858046,0.15,S3_TREND
2026-04-10 09:00:00+00:00,SOL,BUY,14.924013755455235,0.014924013755455235,0.15,S3_TREND
2026-04-10 10:00:00+00:00,BTC,SELL,5.394452059133982,0.0053944520591339825,0.15,S3_TREND
2026-04-10 10:00:00+00:00,ETH,SELL,36.56834799315402,0.03656834799315402,0.15,S3_TREND
2026-04-10 10:00:00+00:00,SOL,SELL,74.25103675992978,0.07425103675992978,0.15,S3_TREND
2026-04-10 11:00:00+00:00,BTC,SELL,25.6507400768387,0.0256507400768387,0.15,S3_TREND
2026-04-10 11:00:00+00:00,ETH,SELL,8.660612590338133,0.008660612590338132,0.15,S3_TREND
2026-04-10 11:00:00+00:00,SOL,BUY,36.31102001160616,0.03631102001160616,0.15,S3_TREND
2026-04-10 12:00:00+00:00,BTC,SELL,13.740505687932453,0.013740505687932452,0.15,S3_TREND
2026-04-10 12:00:00+00:00,ETH,SELL,92.28820311369054,0.09228820311369054,0.15,S3_TREND
2026-04-10 12:00:00+00:00,SOL,SELL,6.350101983560307,0.006350101983560307,0.15,S3_TREND
2026-04-10 13:00:00+00:00,BTC,SELL,3.9272606604117755,0.003927260660411776,0.15,S3_TREND
2026-04-10 13:00:00+00:00,ETH,BUY,1.2959073127949523,0.0012959073127949523,0.15,S3_TREND
2026-04-10 13:00:00+00:00,SOL,SELL,81.05682954822441,0.08105682954822442,0.15,S3_TREND
2026-04-10 14:00:00+00:00,BTC,SELL,2.5107586149460985,0.0025107586149460985,0.15,S3_TREND
2026-04-10 14:00:00+00:00,ETH,SELL,17.471581691652318,0.01747158169165232,0.15,S3_TREND
2026-04-10 14:00:00+00:00,SOL,SELL,7384.756765455376,7.384756765455376,0.075,S6_REVERSAL
2026-04-10 15:00:00+00:00,BTC,SELL,72.68051353804549,0.07268051353804549,0.15,S3_TREND
2026-04-10 15:00:00+00:00,ETH,SELL,14864.46112218169,14.864461122181691,0.0,CASH
2026-04-10 15:00:00+00:00,SOL,SELL,7437.824913823178,7.437824913823178,0.0,CASH
2026-04-10 16:00:00+00:00,BTC,BUY,73.92719555080112,0.07392719555080111,0.15,S3_TREND
2026-04-10 17:00:00+00:00,BTC,SELL,92.11366551838547,0.09211366551838547,0.15,S3_TREND
2026-04-10 18:00:00+00:00,BTC,SELL,22.275505308771244,0.022275505308771246,0.15,S3_TREND
2026-04-10 19:00:00+00:00,BTC,BUY,2.504076272542079,0.0025040762725420792,0.15,S3_TREND
2026-04-10 20:00:00+00:00,BTC,SELL,22.180771793087843,0.022180771793087844,0.15,S3_TREND
2026-04-10 21:00:00+00:00,BTC,SELL,21.554946464782915,0.021554946464782915,0.15,S3_TREND
2026-04-10 22:00:00+00:00,BTC,BUY,29.302845193034955,0.029302845193034957,0.15,S3_TREND
2026-04-10 23:00:00+00:00,BTC,BUY,53.85929433626552,0.053859294336265524,0.15,S3_TREND
2026-04-11 00:00:00+00:00,BTC,SELL,14.778394312019374,0.014778394312019374,0.15,S3_TREND
2026-04-11 01:00:00+00:00,BTC,BUY,23.11941998079783,0.02311941998079783,0.15,S3_TREND
2026-04-11 02:00:00+00:00,BTC,SELL,21.726583648935048,0.02172658364893505,0.15,S3_TREND
2026-04-11 03:00:00+00:00,BTC,SELL,2.102298974754376,0.002102298974754376,0.15,S3_TREND
2026-04-11 04:00:00+00:00,BTC,BUY,17.209708913505892,0.017209708913505893,0.15,S3_TREND
2026-04-11 04:00:00+00:00,SOL,BUY,14776.481627376463,14.776481627376462,0.15,S3_TREND
2026-04-11 05:00:00+00:00,BTC,BUY,7.690987479616524,0.007690987479616524,0.15,S3_TREND
2026-04-11 05:00:00+00:00,SOL,SELL,1.0842666716725944,0.0010842666716725945,0.15,S3_TREND
2026-04-11 06:00:00+00:00,BTC,BUY,6.835521132499707,0.006835521132499707,0.15,S3_TREND
2026-04-11 06:00:00+00:00,SOL,BUY,40.601572620542356,0.040601572620542356,0.15,S3_TREND
2026-04-11 07:00:00+00:00,BTC,SELL,5.808831228905547,0.005808831228905547,0.15,S3_TREND
2026-04-11 07:00:00+00:00,ETH,BUY,14763.98472320757,14.763984723207571,0.15,S3_TREND
2026-04-11 07:00:00+00:00,SOL,SELL,4.766000894782337,0.004766000894782337,0.15,S3_TREND
2026-04-11 08:00:00+00:00,BTC,BUY,1.2863572291771561,0.0012863572291771561,0.15,S3_TREND
2026-04-11 08:00:00+00:00,ETH,BUY,18.251704861733742,0.018251704861733744,0.15,S3_TREND
2026-04-11 08:00:00+00:00,SOL,SELL,26.656619051327656,0.026656619051327657,0.15,S3_TREND
2026-04-11 09:00:00+00:00,BTC,BUY,11.399695566717128,0.011399695566717128,0.15,S3_TREND
2026-04-11 09:00:00+00:00,ETH,SELL,6.999391059513073,0.006999391059513073,0.15,S3_TREND
2026-04-11 09:00:00+00:00,SOL,BUY,14.18720064284571,0.01418720064284571,0.15,S3_TREND
2026-04-11 10:00:00+00:00,BTC,SELL,22.410191728526115,0.022410191728526117,0.15,S3_TREND
2026-04-11 10:00:00+00:00,ETH,SELL,45.43609055682282,0.04543609055682282,0.15,S3_TREND
2026-04-11 10:00:00+00:00,SOL,SELL,30.932268276621468,0.030932268276621468,0.15,S3_TREND
2026-04-11 11:00:00+00:00,BTC,SELL,3.7497390025982895,0.0037497390025982894,0.15,S3_TREND
2026-04-11 11:00:00+00:00,ETH,BUY,5.923250283110974,0.0059232502831109745,0.15,S3_TREND
2026-04-11 11:00:00+00:00,SOL,BUY,58.63006527828293,0.058630065278282927,0.15,S3_TREND
2026-04-11 12:00:00+00:00,ETH,SELL,25.275209142480893,0.025275209142480895,0.15,S3_TREND
2026-04-11 12:00:00+00:00,SOL,SELL,19.32644269903176,0.01932644269903176,0.15,S3_TREND
2026-04-11 13:00:00+00:00,BTC,SELL,7.203309190894288,0.007203309190894288,0.15,S3_TREND
2026-04-11 13:00:00+00:00,ETH,BUY,4.270889532290312,0.004270889532290312,0.15,S3_TREND
2026-04-11 13:00:00+00:00,SOL,BUY,1.8799437962152297,0.0018799437962152296,0.15,S3_TREND
2026-04-11 14:00:00+00:00,BTC,BUY,39.81582463993982,0.03981582463993982,0.15,S3_TREND
2026-04-11 14:00:00+00:00,ETH,BUY,20.368512814908172,0.020368512814908174,0.15,S3_TREND
2026-04-11 14:00:00+00:00,SOL,BUY,3.6444933020138706,0.0036444933020138705,0.15,S3_TREND
2026-04-11 15:00:00+00:00,BTC,BUY,1.3759517300131847,0.0013759517300131847,0.15,S3_TREND
2026-04-11 15:00:00+00:00,ETH,SELL,4.6470268398552435,0.004647026839855244,0.15,S3_TREND
2026-04-11 15:00:00+00:00,SOL,SELL,36.54592205754852,0.03654592205754852,0.15,S3_TREND
2026-04-11 16:00:00+00:00,BTC,SELL,11.552218789316612,0.011552218789316612,0.15,S3_TREND
2026-04-11 16:00:00+00:00,ETH,SELL,29.379684286950578,0.029379684286950578,0.15,S3_TREND
2026-04-11 16:00:00+00:00,SOL,SELL,31.13051546767383,0.03113051546767383,0.15,S3_TREND
2026-04-11 17:00:00+00:00,BTC,SELL,13.272723492626028,0.013272723492626029,0.15,S3_TREND
2026-04-11 17:00:00+00:00,ETH,SELL,37.60962867584021,0.037609628675840216,0.15,S3_TREND
2026-04-11 17:00:00+00:00,SOL,SELL,31.666250782178395,0.0316662507821784,0.15,S3_TREND
2026-04-11 18:00:00+00:00,BTC,SELL,14.037384998720881,0.014037384998720882,0.15,S3_TREND
2026-04-11 18:00:00+00:00,ETH,SELL,10.259379017596075,0.010259379017596075,0.15,S3_TREND
2026-04-11 18:00:00+00:00,SOL,BUY,29.844932573416372,0.029844932573416375,0.15,S3_TREND
2026-04-11 19:00:00+00:00,BTC,SELL,15.382714237477558,0.015382714237477557,0.15,S3_TREND
2026-04-11 19:00:00+00:00,ETH,SELL,221.50728287159473,0.22150728287159474,0.15,S3_TREND
2026-04-11 19:00:00+00:00,SOL,SELL,42.583037867660096,0.042583037867660094,0.15,S3_TREND
2026-04-11 20:00:00+00:00,ETH,SELL,39.77227509293516,0.03977227509293516,0.15,S3_TREND
2026-04-11 20:00:00+00:00,SOL,SELL,64.08437269121532,0.06408437269121532,0.15,S3_TREND
2026-04-11 21:00:00+00:00,BTC,BUY,35.6440671156779,0.0356440671156779,0.15,S3_TREND
2026-04-11 21:00:00+00:00,ETH,BUY,68.9090047970094,0.0689090047970094,0.15,S3_TREND
2026-04-11 21:00:00+00:00,SOL,BUY,59.3498484173997,0.0593498484173997,0.15,S3_TREND
2026-04-11 22:00:00+00:00,BTC,SELL,24.67913176259026,0.02467913176259026,0.15,S3_TREND
2026-04-11 22:00:00+00:00,ETH,SELL,3.6214883790380554,0.0036214883790380557,0.15,S3_TREND
2026-04-11 22:00:00+00:00,SOL,BUY,16.975249024515506,0.016975249024515505,0.15,S3_TREND
2026-04-11 23:00:00+00:00,BTC,BUY,5.086203745138846,0.005086203745138846,0.15,S3_TREND
2026-04-11 23:00:00+00:00,ETH,BUY,10.663229851194046,0.010663229851194046,0.15,S3_TREND
2026-04-11 23:00:00+00:00,SOL,BUY,3.4644550597749912,0.0034644550597749913,0.15,S3_TREND
2026-04-12 00:00:00+00:00,BTC,BUY,36.896418283311505,0.036896418283311506,0.15,S3_TREND
2026-04-12 00:00:00+00:00,ETH,BUY,46.418995700256346,0.046418995700256344,0.15,S3_TREND
2026-04-12 00:00:00+00:00,SOL,BUY,28.726874764219247,0.028726874764219246,0.15,S3_TREND
2026-04-12 01:00:00+00:00,BTC,SELL,6.9810681890448905,0.006981068189044891,0.15,S3_TREND
2026-04-12 01:00:00+00:00,ETH,SELL,4.180461684578404,0.004180461684578404,0.15,S3_TREND
2026-04-12 01:00:00+00:00,SOL,BUY,9.23166546628272,0.00923166546628272,0.15,S3_TREND
2026-04-12 02:00:00+00:00,BTC,BUY,115.06950828003028,0.11506950828003028,0.15,S3_TREND
2026-04-12 02:00:00+00:00,ETH,BUY,256.27673425429384,0.25627673425429387,0.15,S3_TREND
2026-04-12 02:00:00+00:00,SOL,BUY,276.1936974866403,0.2761936974866403,0.15,S3_TREND
2026-04-12 03:00:00+00:00,BTC,SELL,6.346979843176086,0.006346979843176086,0.15,S3_TREND
2026-04-12 03:00:00+00:00,ETH,SELL,11.142500422547528,0.011142500422547528,0.15,S3_TREND
2026-04-12 03:00:00+00:00,SOL,SELL,48.191240804204426,0.04819124080420443,0.15,S3_TREND
2026-04-12 04:00:00+00:00,BTC,BUY,10.28441756011307,0.010284417560113071,0.15,S3_TREND
2026-04-12 04:00:00+00:00,ETH,BUY,40.06251404376053,0.04006251404376053,0.15,S3_TREND
2026-04-12 04:00:00+00:00,SOL,BUY,38.037205911075944,0.03803720591107594,0.15,S3_TREND
2026-04-12 05:00:00+00:00,BTC,BUY,17.8370335974123,0.017837033597412302,0.15,S3_TREND
2026-04-12 05:00:00+00:00,ETH,BUY,2.0375306458427076,0.0020375306458427075,0.15,S3_TREND
2026-04-12 05:00:00+00:00,SOL,BUY,9.712790054869402,0.009712790054869401,0.15,S3_TREND
2026-04-12 06:00:00+00:00,BTC,SELL,32.57324136575153,0.03257324136575153,0.15,S3_TREND
2026-04-12 06:00:00+00:00,ETH,SELL,16.465929126306946,0.016465929126306948,0.15,S3_TREND
2026-04-12 06:00:00+00:00,SOL,SELL,14.69767014514764,0.01469767014514764,0.15,S3_TREND
2026-04-12 07:00:00+00:00,BTC,BUY,2.661942108084986,0.0026619421080849863,0.15,S3_TREND
2026-04-12 07:00:00+00:00,ETH,BUY,1.9726177144020767,0.001972617714402077,0.15,S3_TREND
2026-04-12 07:00:00+00:00,SOL,BUY,17.17480337602501,0.017174803376025012,0.15,S3_TREND
2026-04-12 08:00:00+00:00,BTC,BUY,2.7144096376232483,0.002714409637623248,0.15,S3_TREND
2026-04-12 08:00:00+00:00,ETH,SELL,10.738242405792334,0.010738242405792334,0.15,S3_TREND
2026-04-12 09:00:00+00:00,BTC,BUY,2.501668938248258,0.0025016689382482585,0.15,S3_TREND
2026-04-12 09:00:00+00:00,ETH,BUY,21.757127815577405,0.021757127815577405,0.15,S3_TREND
2026-04-12 09:00:00+00:00,SOL,SELL,6.286923880497852,0.006286923880497852,0.15,S3_TREND
2026-04-12 10:00:00+00:00,BTC,BUY,14.974732132048302,0.014974732132048302,0.15,S3_TREND
2026-04-12 10:00:00+00:00,ETH,SELL,6.253319505885884,0.006253319505885884,0.15,S3_TREND
2026-04-12 10:00:00+00:00,SOL,BUY,9.321565614300198,0.009321565614300198,0.15,S3_TREND
2026-04-12 11:00:00+00:00,BTC,SELL,3.2418955107004876,0.003241895510700488,0.15,S3_TREND
2026-04-12 11:00:00+00:00,ETH,BUY,63.618875470265266,0.06361887547026526,0.15,S3_TREND
2026-04-12 11:00:00+00:00,SOL,BUY,10.86426835061502,0.010864268350615021,0.15,S3_TREND
2026-04-12 12:00:00+00:00,BTC,BUY,4.773755868332955,0.004773755868332955,0.15,S3_TREND
2026-04-12 12:00:00+00:00,ETH,SELL,11.762423145562934,0.011762423145562934,0.15,S3_TREND
2026-04-12 12:00:00+00:00,SOL,SELL,22.345511174386044,0.022345511174386042,0.15,S3_TREND
2026-04-12 13:00:00+00:00,BTC,BUY,51.79206761115165,0.051792067611151654,0.15,S3_TREND
2026-04-12 13:00:00+00:00,ETH,BUY,38.49715242142702,0.03849715242142702,0.15,S3_TREND
2026-04-12 13:00:00+00:00,SOL,BUY,8.63235620253181,0.00863235620253181,0.15,S3_TREND
2026-04-12 14:00:00+00:00,BTC,BUY,23.013531308371967,0.023013531308371967,0.15,S3_TREND
2026-04-12 14:00:00+00:00,ETH,BUY,34.81303665306223,0.03481303665306223,0.15,S3_TREND
2026-04-12 14:00:00+00:00,SOL,BUY,4.390346394668086,0.004390346394668086,0.15,S3_TREND
2026-04-12 15:00:00+00:00,BTC,BUY,10.020888957924399,0.010020888957924398,0.15,S3_TREND
2026-04-12 15:00:00+00:00,ETH,BUY,21.686253261374077,0.021686253261374078,0.15,S3_TREND
2026-04-12 15:00:00+00:00,SOL,BUY,38.013630079141876,0.03801363007914188,0.15,S3_TREND
2026-04-12 16:00:00+00:00,BTC,SELL,19.039497137406215,0.019039497137406214,0.15,S3_TREND
2026-04-12 16:00:00+00:00,ETH,SELL,26.796266776833363,0.026796266776833364,0.15,S3_TREND
2026-04-12 16:00:00+00:00,SOL,BUY,6.998351631978949,0.006998351631978949,0.15,S3_TREND
2026-04-12 17:00:00+00:00,ETH,BUY,5.619533905186472,0.005619533905186472,0.15,S3_TREND
2026-04-12 17:00:00+00:00,SOL,SELL,42.10072501815558,0.04210072501815558,0.15,S3_TREND
2026-04-12 18:00:00+00:00,BTC,SELL,10.679352697581635,0.010679352697581634,0.15,S3_TREND
2026-04-12 18:00:00+00:00,ETH,SELL,76.70625377086616,0.07670625377086615,0.15,S3_TREND
2026-04-12 18:00:00+00:00,SOL,SELL,24.57444750934519,0.02457444750934519,0.15,S3_TREND
2026-04-12 19:00:00+00:00,BTC,SELL,3.4217729128740757,0.003421772912874076,0.15,S3_TREND
2026-04-12 19:00:00+00:00,ETH,BUY,13.122600714379587,0.013122600714379587,0.15,S3_TREND
2026-04-12 19:00:00+00:00,SOL,BUY,4.890327470537159,0.004890327470537159,0.15,S6_S8_REVERSAL
2026-04-12 20:00:00+00:00,BTC,BUY,2.744922116291491,0.002744922116291491,0.15,S3_TREND
2026-04-12 20:00:00+00:00,ETH,BUY,7.237532735302011,0.007237532735302012,0.15,S3_TREND
2026-04-12 20:00:00+00:00,SOL,BUY,20.24161069008369,0.02024161069008369,0.15,S6_S8_REVERSAL
2026-04-12 21:00:00+00:00,BTC,SELL,9.968230166699868,0.009968230166699869,0.15,S3_TREND
2026-04-12 21:00:00+00:00,ETH,SELL,59.842363649524486,0.059842363649524485,0.15,S3_TREND
2026-04-12 21:00:00+00:00,SOL,SELL,83.11855687253592,0.08311855687253591,0.15,S6_S8_REVERSAL
2026-04-12 22:00:00+00:00,BTC,SELL,7334.97849438443,7.33497849438443,0.075,S6_REVERSAL
2026-04-12 22:00:00+00:00,ETH,BUY,16.731687345651153,0.016731687345651152,0.15,S3_TREND
2026-04-12 22:00:00+00:00,SOL,SELL,18.00433155482824,0.01800433155482824,0.15,S6_S8_REVERSAL
2026-04-12 23:00:00+00:00,BTC,BUY,25.662740355474853,0.025662740355474854,0.075,S6_REVERSAL
2026-04-12 23:00:00+00:00,ETH,BUY,37.37735638819322,0.03737735638819322,0.15,S3_TREND
2026-04-12 23:00:00+00:00,SOL,BUY,102.05142017709113,0.10205142017709114,0.15,S6_S8_REVERSAL
2026-04-13 00:00:00+00:00,BTC,BUY,6.575194286208898,0.006575194286208898,0.075,S6_REVERSAL
2026-04-13 00:00:00+00:00,ETH,BUY,29.178086735646502,0.029178086735646504,0.15,S3_TREND
2026-04-13 00:00:00+00:00,SOL,BUY,56.32781543621422,0.05632781543621423,0.15,S6_S8_REVERSAL
2026-04-13 01:00:00+00:00,BTC,SELL,26.193069883648604,0.026193069883648605,0.075,S6_REVERSAL
2026-04-13 01:00:00+00:00,ETH,SELL,53.61866234988338,0.053618662349883384,0.15,S3_TREND
2026-04-13 01:00:00+00:00,SOL,SELL,72.63897514852215,0.07263897514852215,0.15,S6_S8_REVERSAL
2026-04-13 02:00:00+00:00,ETH,BUY,13.633891854995454,0.013633891854995455,0.15,S3_TREND
2026-04-13 02:00:00+00:00,SOL,SELL,28.385838338625035,0.028385838338625034,0.15,S6_S8_REVERSAL
2026-04-13 03:00:00+00:00,BTC,BUY,1.3299316358043143,0.0013299316358043143,0.075,S6_REVERSAL
2026-04-13 03:00:00+00:00,ETH,BUY,41.29518445198664,0.04129518445198664,0.15,S3_TREND
2026-04-13 03:00:00+00:00,SOL,BUY,46.086029083762696,0.0460860290837627,0.15,S6_S8_REVERSAL
2026-04-13 04:00:00+00:00,BTC,BUY,8.629849384792578,0.008629849384792578,0.075,S6_REVERSAL
2026-04-13 04:00:00+00:00,ETH,SELL,3.5855091860939865,0.0035855091860939868,0.15,S3_TREND
2026-04-13 04:00:00+00:00,SOL,BUY,6.198362136336073,0.0061983621363360724,0.15,S6_S8_REVERSAL
2026-04-13 05:00:00+00:00,BTC,BUY,6.239620014288448,0.0062396200142884484,0.075,S6_REVERSAL
2026-04-13 05:00:00+00:00,ETH,BUY,22.207210850810952,0.02220721085081095,0.15,S3_TREND
2026-04-13 05:00:00+00:00,SOL,SELL,6.948383706198,0.006948383706198,0.15,S6_S8_REVERSAL
2026-04-13 06:00:00+00:00,ETH,SELL,7311.897158419485,7.311897158419486,0.075,S6_REVERSAL
2026-04-13 06:00:00+00:00,SOL,BUY,10.00356932777504,0.01000356932777504,0.15,S6_S8_REVERSAL
2026-04-13 07:00:00+00:00,BTC,SELL,4.3337292270143735,0.004333729227014373,0.075,S6_REVERSAL
2026-04-13 07:00:00+00:00,ETH,SELL,14.693918135775675,0.014693918135775676,0.075,S6_REVERSAL
2026-04-13 07:00:00+00:00,SOL,SELL,72.74493383653316,0.07274493383653316,0.15,S6_S8_REVERSAL
2026-04-13 08:00:00+00:00,BTC,BUY,13.899174861024221,0.013899174861024221,0.075,S6_REVERSAL
2026-04-13 08:00:00+00:00,ETH,BUY,32.5656044469124,0.0325656044469124,0.075,S6_REVERSAL
2026-04-13 08:00:00+00:00,SOL,BUY,19.571412113096812,0.019571412113096813,0.15,S6_S8_REVERSAL
2026-04-13 09:00:00+00:00,BTC,BUY,8.380556902631724,0.008380556902631725,0.075,S6_REVERSAL
2026-04-13 09:00:00+00:00,ETH,SELL,1.0495639479950114,0.0010495639479950114,0.075,S6_REVERSAL
2026-04-13 09:00:00+00:00,SOL,BUY,42.62813036294938,0.04262813036294938,0.15,S6_S8_REVERSAL
2026-04-13 10:00:00+00:00,BTC,SELL,10.155108785095763,0.010155108785095764,0.075,S6_REVERSAL
2026-04-13 10:00:00+00:00,ETH,SELL,7.921273158509393,0.007921273158509394,0.075,S6_REVERSAL
2026-04-13 10:00:00+00:00,SOL,BUY,4.649500578310835,0.004649500578310836,0.15,S6_S8_REVERSAL
2026-04-13 11:00:00+00:00,ETH,BUY,12.38848869659887,0.01238848869659887,0.075,S6_REVERSAL
2026-04-13 11:00:00+00:00,SOL,BUY,16.80000694600676,0.016800006946006762,0.15,S6_S8_REVERSAL
2026-04-13 12:00:00+00:00,BTC,SELL,13.239172279736522,0.013239172279736523,0.075,S6_REVERSAL
2026-04-13 12:00:00+00:00,ETH,SELL,9.037562748373603,0.009037562748373603,0.075,S6_REVERSAL
2026-04-13 12:00:00+00:00,SOL,SELL,15.086190132393313,0.015086190132393313,0.15,S6_S8_REVERSAL
2026-04-13 13:00:00+00:00,BTC,SELL,3.49100204444494,0.0034910020444449403,0.075,S6_REVERSAL
2026-04-13 13:00:00+00:00,ETH,SELL,5.1306164101533795,0.005130616410153379,0.075,S6_REVERSAL
2026-04-13 13:00:00+00:00,SOL,SELL,98.4030003214757,0.0984030003214757,0.15,S6_S8_REVERSAL
2026-04-13 14:00:00+00:00,BTC,SELL,36.07028255242494,0.03607028255242494,0.075,S6_REVERSAL
2026-04-13 14:00:00+00:00,ETH,SELL,52.85743327870932,0.05285743327870932,0.075,S6_REVERSAL
2026-04-13 14:00:00+00:00,SOL,SELL,14816.643718189476,14.816643718189477,0.0,CASH
2026-04-13 15:00:00+00:00,BTC,SELL,7414.327797677826,7.414327797677826,0.0,CASH
2026-04-13 15:00:00+00:00,ETH,SELL,52.81345643606892,0.05281345643606892,0.075,S6_REVERSAL
2026-04-13 16:00:00+00:00,ETH,BUY,75.19160396580901,0.07519160396580901,0.075,S6_REVERSAL
2026-04-13 17:00:00+00:00,ETH,SELL,50.93711971984976,0.05093711971984976,0.075,S6_REVERSAL
2026-04-13 18:00:00+00:00,ETH,BUY,2.224540016382889,0.002224540016382889,0.075,S6_REVERSAL
2026-04-13 19:00:00+00:00,ETH,SELL,21.679825960962262,0.02167982596096226,0.075,S6_REVERSAL
2026-04-13 20:00:00+00:00,ETH,SELL,7446.096748114072,7.446096748114073,0.0,CASH
2026-04-14 11:00:00+00:00,ETH,BUY,14707.734183725062,14.707734183725062,0.15,S3_TREND
2026-04-14 13:00:00+00:00,ETH,BUY,3.7417568619621306,0.0037417568619621307,0.15,S3_TREND
2026-04-14 14:00:00+00:00,BTC,BUY,14720.793083439252,14.720793083439252,0.15,S3_TREND
2026-04-14 14:00:00+00:00,ETH,SELL,92.45366451628068,0.09245366451628069,0.15,S3_TREND
2026-04-14 14:00:00+00:00,SOL,BUY,14720.793083439252,14.720793083439252,0.15,S3_TREND
2026-04-14 15:00:00+00:00,BTC,BUY,12.563230506013497,0.012563230506013497,0.15,S3_TREND
2026-04-14 15:00:00+00:00,ETH,BUY,149.44294277343033,0.14944294277343034,0.15,S3_TREND
2026-04-14 15:00:00+00:00,SOL,BUY,128.54228833341222,0.12854228833341222,0.15,S3_TREND
2026-04-14 16:00:00+00:00,BTC,SELL,41.353760566164055,0.041353760566164056,0.15,S3_TREND
2026-04-14 16:00:00+00:00,ETH,SELL,54.11060990727856,0.05411060990727856,0.15,S3_TREND
2026-04-14 16:00:00+00:00,SOL,BUY,29.75084686062837,0.02975084686062837,0.15,S3_TREND
2026-04-14 17:00:00+00:00,BTC,BUY,58.188695903900225,0.058188695903900224,0.15,S3_TREND
2026-04-14 17:00:00+00:00,ETH,BUY,118.57777651045944,0.11857777651045945,0.15,S3_TREND
2026-04-14 17:00:00+00:00,SOL,BUY,83.97606299560721,0.08397606299560721,0.15,S3_TREND
2026-04-14 18:00:00+00:00,BTC,SELL,6.595287030304462,0.006595287030304462,0.15,S3_TREND
2026-04-14 18:00:00+00:00,ETH,SELL,15.00974909557226,0.015009749095572261,0.15,S3_TREND
2026-04-14 18:00:00+00:00,SOL,SELL,23.715641091150243,0.023715641091150243,0.15,S3_TREND
2026-04-14 19:00:00+00:00,BTC,BUY,55.844024721794995,0.055844024721795,0.15,S3_TREND
2026-04-14 19:00:00+00:00,ETH,BUY,80.60251495633747,0.08060251495633747,0.15,S3_TREND
2026-04-14 19:00:00+00:00,SOL,BUY,128.10848205003822,0.12810848205003822,0.15,S3_TREND
2026-04-14 20:00:00+00:00,BTC,SELL,25.877937544531964,0.025877937544531965,0.15,S3_TREND
2026-04-14 20:00:00+00:00,ETH,BUY,3.1990825334069086,0.0031990825334069087,0.15,S3_TREND
2026-04-14 20:00:00+00:00,SOL,BUY,23.79967713595215,0.02379967713595215,0.15,S3_TREND
2026-04-14 21:00:00+00:00,BTC,BUY,13.228797911819129,0.01322879791181913,0.15,S3_TREND
2026-04-14 21:00:00+00:00,ETH,SELL,21.618224090918375,0.021618224090918375,0.15,S3_TREND
2026-04-14 21:00:00+00:00,SOL,BUY,46.63764955601255,0.04663764955601255,0.15,S3_TREND
2026-04-14 22:00:00+00:00,BTC,SELL,15.80825034202826,0.01580825034202826,0.15,S3_TREND
2026-04-14 22:00:00+00:00,ETH,SELL,35.59049660130404,0.03559049660130404,0.15,S3_TREND
2026-04-14 22:00:00+00:00,SOL,SELL,16.27367146002689,0.01627367146002689,0.15,S3_TREND
2026-04-14 23:00:00+00:00,BTC,BUY,26.2304301370732,0.0262304301370732,0.15,S3_TREND
2026-04-14 23:00:00+00:00,ETH,BUY,31.130446471852338,0.031130446471852338,0.15,S3_TREND
2026-04-14 23:00:00+00:00,SOL,BUY,28.553454402041098,0.028553454402041097,0.15,S3_TREND
2026-04-15 00:00:00+00:00,BTC,SELL,5.592861434122824,0.005592861434122824,0.15,S3_TREND
2026-04-15 00:00:00+00:00,ETH,SELL,31.03205261495168,0.03103205261495168,0.15,S3_TREND
2026-04-15 00:00:00+00:00,SOL,SELL,20.828331018952667,0.020828331018952668,0.15,S3_TREND
2026-04-15 01:00:00+00:00,BTC,SELL,60.51995083879592,0.060519950838795925,0.15,S3_TREND
2026-04-15 01:00:00+00:00,ETH,SELL,45.98398952309071,0.04598398952309071,0.15,S3_TREND
2026-04-15 01:00:00+00:00,SOL,BUY,14.633656654272272,0.014633656654272272,0.15,S3_TREND
2026-04-15 02:00:00+00:00,BTC,SELL,2.079543147021468,0.002079543147021468,0.15,S3_TREND
2026-04-15 02:00:00+00:00,ETH,SELL,4.911739795585163,0.004911739795585163,0.15,S3_TREND
2026-04-15 02:00:00+00:00,SOL,SELL,17.625084138548118,0.01762508413854812,0.15,S3_TREND
2026-04-15 03:00:00+00:00,BTC,BUY,24.588650703884923,0.024588650703884923,0.15,S3_TREND
2026-04-15 03:00:00+00:00,ETH,BUY,35.56778005515662,0.035567780055156616,0.15,S3_TREND
2026-04-15 03:00:00+00:00,SOL,BUY,57.95092525281507,0.05795092525281507,0.15,S3_TREND
2026-04-15 04:00:00+00:00,BTC,BUY,1.0924505424573,0.0010924505424573,0.15,S3_TREND
2026-04-15 04:00:00+00:00,ETH,SELL,19.456938538896793,0.019456938538896792,0.15,S3_TREND
2026-04-15 04:00:00+00:00,SOL,SELL,2.9295576290387544,0.0029295576290387544,0.15,S3_TREND
2026-04-15 05:00:00+00:00,BTC,BUY,9.15589306543734,0.00915589306543734,0.15,S3_TREND
2026-04-15 05:00:00+00:00,ETH,SELL,20.691877737443065,0.020691877737443066,0.15,S3_TREND
2026-04-15 05:00:00+00:00,SOL,SELL,18.0473860614602,0.018047386061460204,0.15,S3_TREND
2026-04-15 06:00:00+00:00,BTC,BUY,27.656086556860828,0.027656086556860828,0.15,S3_TREND
2026-04-15 06:00:00+00:00,ETH,BUY,52.45028221638131,0.05245028221638131,0.15,S3_TREND
2026-04-15 06:00:00+00:00,SOL,BUY,47.02266730297015,0.04702266730297015,0.15,S3_TREND
2026-04-15 07:00:00+00:00,BTC,BUY,16.524543225519665,0.016524543225519665,0.15,S3_TREND
2026-04-15 07:00:00+00:00,ETH,BUY,4.024149973167368,0.004024149973167368,0.15,S3_TREND
2026-04-15 07:00:00+00:00,SOL,BUY,12.013926650011854,0.012013926650011855,0.15,S3_TREND
2026-04-15 08:00:00+00:00,BTC,BUY,23.802617769184508,0.02380261776918451,0.15,S3_TREND
2026-04-15 08:00:00+00:00,ETH,SELL,3.1165888461309805,0.0031165888461309804,0.15,S3_TREND
2026-04-15 08:00:00+00:00,SOL,BUY,7.903881186068247,0.007903881186068247,0.15,S3_TREND
2026-04-15 09:00:00+00:00,BTC,SELL,47.591642007495466,0.047591642007495466,0.15,S3_TREND
2026-04-15 09:00:00+00:00,ETH,SELL,40.32455146185748,0.04032455146185748,0.15,S3_TREND
2026-04-15 09:00:00+00:00,SOL,SELL,11.357948432236299,0.011357948432236298,0.15,S3_TREND
2026-04-15 10:00:00+00:00,BTC,BUY,9.986771666059212,0.009986771666059213,0.15,S3_TREND
2026-04-15 10:00:00+00:00,ETH,BUY,37.08376546756699,0.03708376546756699,0.15,S3_TREND
2026-04-15 10:00:00+00:00,SOL,SELL,12.850185451103243,0.012850185451103243,0.15,S3_TREND
2026-04-15 11:00:00+00:00,BTC,BUY,21.366432989700115,0.021366432989700115,0.15,S3_TREND
2026-04-15 11:00:00+00:00,ETH,BUY,13.204263935402196,0.013204263935402196,0.15,S3_TREND
2026-04-15 11:00:00+00:00,SOL,SELL,7.420846638788134,0.007420846638788134,0.15,S3_TREND
2026-04-15 12:00:00+00:00,BTC,SELL,25.219830978918253,0.025219830978918254,0.15,S3_TREND
2026-04-15 12:00:00+00:00,ETH,SELL,89.02772811599607,0.08902772811599607,0.15,S3_TREND
2026-04-15 12:00:00+00:00,SOL,SELL,35.77521975586569,0.03577521975586569,0.15,S3_TREND
2026-04-15 13:00:00+00:00,BTC,SELL,13.289416766874638,0.013289416766874639,0.15,S3_TREND
2026-04-15 13:00:00+00:00,ETH,BUY,28.479150763821963,0.028479150763821962,0.15,S3_TREND
2026-04-15 13:00:00+00:00,SOL,SELL,18.312065421650914,0.018312065421650914,0.15,S3_TREND
2026-04-15 14:00:00+00:00,BTC,BUY,27.169250963832383,0.027169250963832384,0.15,S3_TREND
2026-04-15 14:00:00+00:00,ETH,BUY,23.731681531857248,0.02373168153185725,0.15,S3_TREND
2026-04-15 15:00:00+00:00,BTC,BUY,13.79956559126731,0.013799565591267311,0.15,S3_TREND
2026-04-15 15:00:00+00:00,ETH,SELL,40.60350659615506,0.04060350659615506,0.15,S3_TREND
2026-04-15 15:00:00+00:00,SOL,SELL,87.03870233263297,0.08703870233263297,0.15,S3_TREND
2026-04-15 16:00:00+00:00,BTC,BUY,37.32916902487705,0.03732916902487705,0.15,S3_TREND
2026-04-15 16:00:00+00:00,ETH,BUY,16.640497489624977,0.016640497489624977,0.15,S3_TREND
2026-04-15 16:00:00+00:00,SOL,BUY,30.443135624791466,0.030443135624791468,0.15,S3_TREND
2026-04-15 17:00:00+00:00,BTC,BUY,6.6027690175633325,0.006602769017563332,0.15,S3_TREND
2026-04-15 17:00:00+00:00,ETH,SELL,33.18127587031813,0.03318127587031813,0.15,S3_TREND
2026-04-15 17:00:00+00:00,SOL,SELL,67.70459684508205,0.06770459684508205,0.15,S3_TREND
2026-04-15 18:00:00+00:00,BTC,SELL,21.624035615634057,0.021624035615634057,0.15,S3_TREND
2026-04-15 18:00:00+00:00,ETH,SELL,28.09495290459381,0.028094952904593812,0.15,S3_TREND
2026-04-15 18:00:00+00:00,SOL,SELL,11.01107091789163,0.01101107091789163,0.15,S3_TREND
2026-04-15 19:00:00+00:00,BTC,SELL,24.84490990623999,0.02484490990623999,0.15,S3_TREND
2026-04-15 19:00:00+00:00,ETH,SELL,36.6977149327613,0.0366977149327613,0.15,S3_TREND
2026-04-15 19:00:00+00:00,SOL,SELL,31.428445776733497,0.031428445776733496,0.15,S3_TREND
2026-04-15 20:00:00+00:00,BTC,SELL,74.55856824534567,0.07455856824534567,0.15,S3_TREND
2026-04-15 20:00:00+00:00,ETH,SELL,55.84416108803816,0.05584416108803816,0.15,S3_TREND
2026-04-15 20:00:00+00:00,SOL,SELL,36.81437328118045,0.03681437328118045,0.15,S3_TREND
2026-04-15 21:00:00+00:00,BTC,SELL,3.0030377923849305,0.0030030377923849307,0.15,S3_TREND
2026-04-15 21:00:00+00:00,ETH,BUY,40.1736574128754,0.0401736574128754,0.15,S3_TREND
2026-04-15 21:00:00+00:00,SOL,BUY,88.86231901407518,0.08886231901407518,0.15,S3_TREND
2026-04-15 22:00:00+00:00,BTC,BUY,14.53479613212221,0.01453479613212221,0.15,S3_TREND
2026-04-15 22:00:00+00:00,ETH,BUY,5.5583652190325665,0.005558365219032566,0.15,S3_TREND
2026-04-15 22:00:00+00:00,SOL,SELL,2.9804136095954163,0.0029804136095954166,0.15,S3_TREND
2026-04-15 23:00:00+00:00,BTC,SELL,28.47438058759144,0.02847438058759144,0.15,S3_TREND
2026-04-15 23:00:00+00:00,ETH,BUY,1.2643888542734203,0.0012643888542734204,0.15,S3_TREND
2026-04-15 23:00:00+00:00,SOL,SELL,26.652992189901855,0.026652992189901855,0.15,S3_TREND
2026-04-16 00:00:00+00:00,BTC,BUY,19.15833712618405,0.01915833712618405,0.15,S3_TREND
2026-04-16 00:00:00+00:00,ETH,BUY,10.896256133895804,0.010896256133895804,0.15,S3_TREND
2026-04-16 00:00:00+00:00,SOL,BUY,9.75746854126919,0.009757468541269191,0.15,S3_TREND
2026-04-16 01:00:00+00:00,ETH,SELL,2.4493292573260987,0.002449329257326099,0.15,S3_TREND
2026-04-16 01:00:00+00:00,SOL,SELL,3.649407331911789,0.0036494073319117888,0.15,S3_TREND
2026-04-16 02:00:00+00:00,BTC,BUY,16.40936001402224,0.01640936001402224,0.15,S3_TREND
2026-04-16 02:00:00+00:00,ETH,BUY,37.88107532527829,0.03788107532527829,0.15,S3_TREND
2026-04-16 03:00:00+00:00,BTC,SELL,27.14961824614693,0.02714961824614693,0.15,S3_TREND
2026-04-16 03:00:00+00:00,ETH,SELL,10.881006805240759,0.010881006805240758,0.15,S3_TREND
2026-04-16 03:00:00+00:00,SOL,SELL,26.360144699352528,0.02636014469935253,0.15,S3_TREND
2026-04-16 04:00:00+00:00,BTC,BUY,5.818159814491082,0.005818159814491082,0.15,S3_TREND
2026-04-16 04:00:00+00:00,ETH,SELL,1.3061445400289813,0.0013061445400289814,0.15,S3_TREND
2026-04-16 04:00:00+00:00,SOL,SELL,26.610711208648354,0.026610711208648354,0.15,S3_TREND
2026-04-16 05:00:00+00:00,BTC,SELL,14.27758322448426,0.014277583224484261,0.15,S3_TREND
2026-04-16 05:00:00+00:00,ETH,BUY,19.638924964674516,0.019638924964674516,0.15,S3_TREND
2026-04-16 05:00:00+00:00,SOL,BUY,6.922904299466609,0.006922904299466609,0.15,S3_TREND
2026-04-16 06:00:00+00:00,BTC,SELL,9.305316289395705,0.009305316289395705,0.15,S3_TREND
2026-04-16 06:00:00+00:00,ETH,SELL,6.823410845137914,0.006823410845137915,0.15,S3_TREND
2026-04-16 06:00:00+00:00,SOL,SELL,20.80105971281955,0.02080105971281955,0.15,S3_TREND
2026-04-16 07:00:00+00:00,ETH,BUY,6.267172556776131,0.006267172556776132,0.15,S3_TREND
2026-04-16 07:00:00+00:00,SOL,SELL,10.929299227011143,0.010929299227011142,0.15,S3_TREND
2026-04-16 08:00:00+00:00,BTC,BUY,36.30539828407382,0.036305398284073816,0.15,S3_TREND
2026-04-16 08:00:00+00:00,ETH,BUY,59.692285929384525,0.059692285929384525,0.15,S3_TREND
2026-04-16 08:00:00+00:00,SOL,BUY,15.881145597490104,0.015881145597490105,0.15,S3_TREND
2026-04-16 09:00:00+00:00,BTC,SELL,1.7943047306507651,0.0017943047306507652,0.15,S3_TREND
2026-04-16 09:00:00+00:00,ETH,BUY,7.477431726621944,0.0074774317266219446,0.15,S3_TREND
2026-04-16 09:00:00+00:00,SOL,BUY,21.63482630281578,0.021634826302815782,0.15,S3_TREND
2026-04-16 10:00:00+00:00,BTC,BUY,17.076301666958898,0.0170763016669589,0.15,S3_TREND
2026-04-16 10:00:00+00:00,ETH,BUY,7.1135303420796845,0.007113530342079685,0.15,S3_TREND
2026-04-16 10:00:00+00:00,SOL,SELL,14613.77408931714,14.61377408931714,0.0,CASH
2026-04-16 11:00:00+00:00,BTC,BUY,39.21077092462656,0.03921077092462656,0.15,S3_TREND
2026-04-16 11:00:00+00:00,ETH,BUY,19.629098036040887,0.019629098036040887,0.15,S3_TREND
2026-04-16 12:00:00+00:00,BTC,SELL,40.58921034887317,0.040589210348873174,0.15,S3_TREND
2026-04-16 12:00:00+00:00,ETH,SELL,9.619685232828488,0.009619685232828488,0.15,S3_TREND
2026-04-16 13:00:00+00:00,BTC,SELL,3.7288730751606636,0.0037288730751606635,0.15,S3_TREND
2026-04-16 13:00:00+00:00,ETH,SELL,23.824008248133396,0.023824008248133396,0.15,S3_TREND
2026-04-16 14:00:00+00:00,BTC,BUY,108.83668027869498,0.10883668027869499,0.15,S3_TREND
2026-04-16 14:00:00+00:00,ETH,BUY,145.86730598614122,0.14586730598614123,0.15,S3_TREND
2026-04-16 15:00:00+00:00,BTC,SELL,29.473840003149235,0.029473840003149235,0.15,S3_TREND
2026-04-16 15:00:00+00:00,ETH,SELL,3.5546224642130255,0.0035546224642130256,0.15,S3_TREND
2026-04-16 16:00:00+00:00,BTC,SELL,93.51868329431272,0.09351868329431272,0.15,S3_TREND
2026-04-16 16:00:00+00:00,ETH,SELL,7428.652389721654,7.428652389721654,0.075,S6_REVERSAL
2026-04-16 17:00:00+00:00,BTC,BUY,75.0638690735741,0.0750638690735741,0.15,S3_TREND
2026-04-16 17:00:00+00:00,ETH,BUY,55.951936417152865,0.05595193641715287,0.075,S6_REVERSAL
2026-04-16 18:00:00+00:00,BTC,SELL,23.742453479148026,0.023742453479148027,0.15,S3_TREND
2026-04-16 18:00:00+00:00,ETH,SELL,23.792079353190278,0.02379207935319028,0.075,S6_REVERSAL
2026-04-16 19:00:00+00:00,BTC,SELL,105.7394324294255,0.1057394324294255,0.15,S3_TREND
2026-04-16 19:00:00+00:00,ETH,SELL,40.11455357686373,0.04011455357686373,0.075,S6_REVERSAL
2026-04-16 20:00:00+00:00,BTC,SELL,44.58949580560147,0.044589495805601474,0.15,S3_TREND
2026-04-16 20:00:00+00:00,ETH,SELL,43.174999748924165,0.043174999748924164,0.075,S6_REVERSAL
2026-04-16 21:00:00+00:00,BTC,SELL,7289.086030509018,7.289086030509019,0.075,S6_REVERSAL
2026-04-16 21:00:00+00:00,ETH,BUY,25.35605864676836,0.025356058646768362,0.075,S6_REVERSAL
2026-04-16 22:00:00+00:00,BTC,BUY,23.321377917495738,0.02332137791749574,0.075,S6_REVERSAL
2026-04-16 22:00:00+00:00,ETH,BUY,23.362362262753777,0.023362362262753778,0.075,S6_REVERSAL
2026-04-16 23:00:00+00:00,BTC,BUY,6.302160800808451,0.006302160800808451,0.075,S6_REVERSAL
2026-04-16 23:00:00+00:00,ETH,SELL,4.554590101787653,0.004554590101787653,0.075,S6_REVERSAL
2026-04-17 00:00:00+00:00,BTC,BUY,7278.334347284709,7.2783343472847095,0.15,S3_TREND
2026-04-17 00:00:00+00:00,ETH,SELL,13.961161277274186,0.013961161277274186,0.075,S6_REVERSAL
2026-04-17 01:00:00+00:00,BTC,BUY,31.720393650773985,0.03172039365077398,0.15,S3_TREND
2026-04-17 01:00:00+00:00,ETH,BUY,7.24799069348137,0.00724799069348137,0.075,S6_REVERSAL
2026-04-17 02:00:00+00:00,BTC,BUY,28.062966630208393,0.028062966630208394,0.15,S3_TREND
2026-04-17 02:00:00+00:00,ETH,BUY,23.123134396765636,0.023123134396765638,0.075,S6_REVERSAL
2026-04-17 02:00:00+00:00,SOL,BUY,14586.849778663065,14.586849778663066,0.15,S3_TREND
2026-04-17 03:00:00+00:00,BTC,SELL,4.772621917556535,0.0047726219175565346,0.15,S3_TREND
2026-04-17 03:00:00+00:00,ETH,BUY,4.040503757575607,0.004040503757575607,0.075,S6_REVERSAL
2026-04-17 03:00:00+00:00,SOL,BUY,46.63454924074904,0.046634549240749036,0.15,S3_TREND
2026-04-17 04:00:00+00:00,BTC,BUY,7.552061018015593,0.007552061018015593,0.15,S3_TREND
2026-04-17 04:00:00+00:00,ETH,BUY,15.001210779845678,0.015001210779845679,0.075,S6_REVERSAL
2026-04-17 04:00:00+00:00,SOL,BUY,14.347937441540125,0.014347937441540125,0.15,S3_TREND
2026-04-17 05:00:00+00:00,BTC,SELL,20.549856761297633,0.020549856761297634,0.15,S3_TREND
2026-04-17 05:00:00+00:00,ETH,SELL,3.8811827840572732,0.0038811827840572735,0.075,S6_REVERSAL
2026-04-17 05:00:00+00:00,SOL,SELL,32.76312099262395,0.032763120992623955,0.15,S3_TREND
2026-04-17 06:00:00+00:00,BTC,BUY,5.995269931891016,0.005995269931891017,0.15,S3_TREND
2026-04-17 06:00:00+00:00,ETH,BUY,18.289726783772494,0.018289726783772494,0.075,S6_REVERSAL
2026-04-17 06:00:00+00:00,SOL,BUY,75.4325519656868,0.0754325519656868,0.15,S3_TREND
2026-04-17 07:00:00+00:00,BTC,SELL,29.319613814206605,0.029319613814206606,0.15,S3_TREND
2026-04-17 07:00:00+00:00,ETH,SELL,22.39106353425359,0.02239106353425359,0.075,S6_REVERSAL
2026-04-17 07:00:00+00:00,SOL,SELL,70.57229375717543,0.07057229375717543,0.15,S3_TREND
2026-04-17 08:00:00+00:00,BTC,SELL,18.13795236501028,0.018137952365010278,0.15,S3_TREND
2026-04-17 08:00:00+00:00,ETH,SELL,5.354110698884142,0.005354110698884142,0.075,S6_REVERSAL
2026-04-17 08:00:00+00:00,SOL,SELL,11.511519103556566,0.011511519103556566,0.15,S3_TREND
2026-04-17 09:00:00+00:00,BTC,SELL,86.74316447709315,0.08674316447709315,0.15,S3_TREND
2026-04-17 09:00:00+00:00,ETH,BUY,7281.093255319732,7.281093255319732,0.15,S3_TREND
2026-04-17 09:00:00+00:00,SOL,SELL,83.70927557427422,0.08370927557427421,0.15,S3_TREND
2026-04-17 10:00:00+00:00,BTC,SELL,2.788098479546534,0.0027880984795465337,0.15,S3_TREND
2026-04-17 10:00:00+00:00,ETH,SELL,29.163310675787216,0.029163310675787216,0.15,S3_TREND
2026-04-17 10:00:00+00:00,SOL,BUY,34.99917747866857,0.03499917747866857,0.15,S3_TREND
2026-04-17 11:00:00+00:00,BTC,BUY,42.50016012872584,0.04250016012872584,0.15,S3_TREND
2026-04-17 11:00:00+00:00,ETH,BUY,39.31424877133941,0.039314248771339405,0.15,S3_TREND
2026-04-17 11:00:00+00:00,SOL,BUY,117.29453784999168,0.11729453784999169,0.15,S3_TREND
2026-04-17 12:00:00+00:00,BTC,SELL,27.251332628757154,0.027251332628757154,0.15,S3_TREND
2026-04-17 12:00:00+00:00,ETH,SELL,35.39169127459718,0.03539169127459718,0.15,S3_TREND
2026-04-17 12:00:00+00:00,SOL,SELL,58.50723196205582,0.05850723196205582,0.15,S3_TREND
2026-04-17 13:00:00+00:00,BTC,SELL,73.31484325396559,0.07331484325396559,0.15,S3_TREND
2026-04-17 13:00:00+00:00,ETH,SELL,54.23559417753313,0.05423559417753313,0.15,S3_TREND
2026-04-17 13:00:00+00:00,SOL,SELL,59.91733926318739,0.05991733926318739,0.15,S3_TREND
2026-04-17 14:00:00+00:00,BTC,SELL,90.02620480431868,0.09002620480431868,0.15,S3_TREND
2026-04-17 14:00:00+00:00,ETH,SELL,279.4689921508925,0.27946899215089255,0.15,S3_TREND
2026-04-17 14:00:00+00:00,SOL,SELL,81.63468099458987,0.08163468099458987,0.15,S3_TREND
2026-04-17 15:00:00+00:00,BTC,SELL,82.10908572945482,0.08210908572945481,0.15,S3_TREND
2026-04-17 15:00:00+00:00,ETH,SELL,39.46796744086532,0.03946796744086532,0.15,S3_TREND
2026-04-17 15:00:00+00:00,SOL,BUY,38.84987744049067,0.03884987744049068,0.15,S3_TREND
2026-04-17 16:00:00+00:00,BTC,BUY,9.646076454027934,0.009646076454027935,0.15,S3_TREND
2026-04-17 16:00:00+00:00,ETH,BUY,22.31698815123491,0.02231698815123491,0.15,S3_TREND
2026-04-17 16:00:00+00:00,SOL,BUY,3.4589768366349745,0.0034589768366349747,0.15,S3_TREND
2026-04-17 17:00:00+00:00,BTC,BUY,8.679905216033148,0.008679905216033148,0.15,S3_TREND
2026-04-17 17:00:00+00:00,ETH,SELL,34.27696463682878,0.03427696463682878,0.15,S3_TREND
2026-04-17 17:00:00+00:00,SOL,SELL,56.59250208754748,0.05659250208754748,0.15,S3_TREND
2026-04-17 18:00:00+00:00,BTC,BUY,27.613352944616054,0.027613352944616053,0.15,S3_TREND
2026-04-17 18:00:00+00:00,ETH,BUY,29.38856894842138,0.02938856894842138,0.15,S3_TREND
2026-04-17 18:00:00+00:00,SOL,BUY,76.6503079808117,0.07665030798081171,0.15,S3_TREND
2026-04-17 19:00:00+00:00,BTC,BUY,25.821665719013254,0.025821665719013256,0.15,S3_TREND
2026-04-17 19:00:00+00:00,ETH,BUY,80.75601335812462,0.08075601335812461,0.15,S3_TREND
2026-04-17 19:00:00+00:00,SOL,BUY,50.943661825214804,0.05094366182521481,0.15,S3_TREND
2026-04-17 20:00:00+00:00,BTC,SELL,29.012976253059605,0.029012976253059607,0.15,S3_TREND
2026-04-17 20:00:00+00:00,ETH,SELL,32.610490177330576,0.03261049017733057,0.15,S3_TREND
2026-04-17 20:00:00+00:00,SOL,BUY,4.075419828479426,0.004075419828479426,0.15,S3_TREND
2026-04-17 21:00:00+00:00,BTC,BUY,2.0466561038028885,0.0020466561038028886,0.15,S3_TREND
2026-04-17 21:00:00+00:00,ETH,SELL,1.5705100803061212,0.0015705100803061211,0.15,S3_TREND
2026-04-17 21:00:00+00:00,SOL,BUY,31.07828762412828,0.03107828762412828,0.15,S3_TREND
2026-04-17 22:00:00+00:00,BTC,SELL,12.060772412558435,0.012060772412558436,0.15,S3_TREND
2026-04-17 22:00:00+00:00,ETH,SELL,8.035760342489084,0.008035760342489083,0.15,S3_TREND
2026-04-17 22:00:00+00:00,SOL,SELL,11.33115751646801,0.01133115751646801,0.15,S3_TREND
2026-04-17 23:00:00+00:00,BTC,BUY,29.56402141297258,0.02956402141297258,0.15,S3_TREND
2026-04-17 23:00:00+00:00,ETH,SELL,22.465904875458364,0.022465904875458364,0.15,S3_TREND
2026-04-17 23:00:00+00:00,SOL,SELL,14.542871727771853,0.014542871727771854,0.15,S3_TREND
2026-04-18 00:00:00+00:00,BTC,BUY,12.822597778655108,0.012822597778655109,0.15,S3_TREND
2026-04-18 00:00:00+00:00,ETH,BUY,57.13262262147509,0.057132622621475095,0.15,S3_TREND
2026-04-18 00:00:00+00:00,SOL,BUY,43.50570296640217,0.04350570296640217,0.15,S3_TREND
2026-04-18 01:00:00+00:00,BTC,SELL,8.852941247299896,0.008852941247299895,0.15,S3_TREND
2026-04-18 01:00:00+00:00,ETH,SELL,2.581488429415913,0.002581488429415913,0.15,S3_TREND
2026-04-18 01:00:00+00:00,SOL,SELL,23.655703193833688,0.02365570319383369,0.15,S3_TREND
2026-04-18 02:00:00+00:00,BTC,SELL,10.823988051823108,0.010823988051823108,0.15,S3_TREND
2026-04-18 02:00:00+00:00,ETH,SELL,1.362913649978509,0.001362913649978509,0.15,S3_TREND
2026-04-18 02:00:00+00:00,SOL,BUY,16.925873432273875,0.016925873432273874,0.15,S3_TREND
2026-04-18 03:00:00+00:00,BTC,SELL,11.981905526110495,0.011981905526110495,0.15,S3_TREND
2026-04-18 03:00:00+00:00,ETH,BUY,13.134723335564559,0.013134723335564558,0.15,S3_TREND
2026-04-18 03:00:00+00:00,SOL,SELL,9.377692280584597,0.009377692280584597,0.15,S3_TREND
2026-04-18 04:00:00+00:00,BTC,BUY,18.903594187571798,0.018903594187571798,0.15,S3_TREND
2026-04-18 04:00:00+00:00,ETH,BUY,50.5659308881186,0.0505659308881186,0.15,S3_TREND
2026-04-18 04:00:00+00:00,SOL,BUY,61.96323568681328,0.06196323568681328,0.15,S3_TREND
2026-04-18 05:00:00+00:00,BTC,SELL,12.988049469597172,0.012988049469597172,0.15,S3_TREND
2026-04-18 05:00:00+00:00,ETH,SELL,9.776431759695697,0.009776431759695697,0.15,S3_TREND
2026-04-18 05:00:00+00:00,SOL,BUY,3.5417675793469243,0.0035417675793469245,0.15,S3_TREND
2026-04-18 06:00:00+00:00,BTC,SELL,2.920224061501358,0.002920224061501358,0.15,S3_TREND
2026-04-18 06:00:00+00:00,ETH,SELL,5.368075566560948,0.005368075566560947,0.15,S3_TREND
2026-04-18 06:00:00+00:00,SOL,SELL,4.772004620792359,0.004772004620792359,0.15,S3_TREND
2026-04-18 07:00:00+00:00,BTC,BUY,3.4974101324423827,0.003497410132442383,0.15,S3_TREND
2026-04-18 07:00:00+00:00,ETH,SELL,2.7208537646729383,0.0027208537646729383,0.15,S3_TREND
2026-04-18 07:00:00+00:00,SOL,SELL,14.557887891180144,0.014557887891180144,0.15,S3_TREND
2026-04-18 08:00:00+00:00,BTC,BUY,15.15822860528715,0.01515822860528715,0.15,S3_TREND
2026-04-18 08:00:00+00:00,ETH,BUY,27.200579762398775,0.027200579762398775,0.15,S3_TREND
2026-04-18 08:00:00+00:00,SOL,SELL,1.24072020614949,0.00124072020614949,0.15,S3_TREND
2026-04-18 09:00:00+00:00,BTC,SELL,1.6136059937834943,0.0016136059937834945,0.15,S3_TREND
2026-04-18 09:00:00+00:00,ETH,BUY,90.47981228191384,0.09047981228191383,0.15,S3_TREND
2026-04-18 09:00:00+00:00,SOL,BUY,98.54726941047738,0.09854726941047738,0.15,S3_TREND
2026-04-18 10:00:00+00:00,BTC,BUY,20.060850172434584,0.020060850172434586,0.15,S3_TREND
2026-04-18 10:00:00+00:00,ETH,BUY,21.516144122291735,0.021516144122291737,0.15,S3_TREND
2026-04-18 10:00:00+00:00,SOL,SELL,18.158733835551175,0.018158733835551177,0.15,S3_TREND
2026-04-18 11:00:00+00:00,BTC,BUY,34.71390455005894,0.03471390455005894,0.15,S3_TREND
2026-04-18 11:00:00+00:00,ETH,BUY,59.14434893998441,0.05914434893998441,0.15,S3_TREND
2026-04-18 11:00:00+00:00,SOL,BUY,66.5904940349792,0.0665904940349792,0.15,S3_TREND
2026-04-18 12:00:00+00:00,BTC,BUY,7.993310919815485,0.007993310919815486,0.15,S3_TREND
2026-04-18 12:00:00+00:00,ETH,BUY,18.641740885344916,0.018641740885344916,0.15,S3_TREND
2026-04-18 12:00:00+00:00,SOL,BUY,49.6935753023572,0.049693575302357205,0.15,S3_TREND
2026-04-18 13:00:00+00:00,BTC,SELL,13.678242868705638,0.013678242868705639,0.15,S3_TREND
2026-04-18 13:00:00+00:00,ETH,SELL,12.2143334528173,0.0122143334528173,0.15,S3_TREND
2026-04-18 13:00:00+00:00,SOL,SELL,42.146486702300535,0.042146486702300534,0.15,S3_TREND
2026-04-18 14:00:00+00:00,BTC,BUY,6.812287405718962,0.006812287405718962,0.15,S3_TREND
2026-04-18 14:00:00+00:00,ETH,BUY,7.975969218994578,0.007975969218994579,0.15,S3_TREND
2026-04-18 14:00:00+00:00,SOL,BUY,19.266591951565715,0.019266591951565715,0.15,S3_TREND
2026-04-18 15:00:00+00:00,BTC,SELL,8.809903987557846,0.008809903987557845,0.15,S3_TREND
2026-04-18 15:00:00+00:00,ETH,SELL,47.03187319418976,0.047031873194189756,0.15,S3_TREND
2026-04-18 15:00:00+00:00,SOL,SELL,1.264588264262784,0.001264588264262784,0.15,S3_TREND
2026-04-18 16:00:00+00:00,BTC,BUY,9.964579599836725,0.009964579599836725,0.15,S3_TREND
2026-04-18 16:00:00+00:00,ETH,BUY,3.945046314929641,0.003945046314929641,0.15,S3_TREND
2026-04-18 16:00:00+00:00,SOL,BUY,7.5849220741311,0.007584922074131101,0.15,S3_TREND
2026-04-18 17:00:00+00:00,BTC,BUY,32.414794845492,0.032414794845492,0.15,S3_TREND
2026-04-18 17:00:00+00:00,ETH,BUY,6.64064976141708,0.006640649761417081,0.15,S3_TREND
2026-04-18 18:00:00+00:00,BTC,BUY,20.58147207085858,0.020581472070858583,0.15,S3_TREND
2026-04-18 18:00:00+00:00,ETH,SELL,5.259003516055599,0.005259003516055599,0.15,S3_TREND
2026-04-18 18:00:00+00:00,SOL,SELL,10.342473818534927,0.010342473818534927,0.15,S3_TREND
2026-04-18 19:00:00+00:00,BTC,SELL,4.0281937051204295,0.004028193705120429,0.15,S3_TREND
2026-04-18 19:00:00+00:00,ETH,BUY,48.60294730893111,0.04860294730893111,0.15,S3_TREND
2026-04-18 19:00:00+00:00,SOL,BUY,94.87648281883958,0.09487648281883958,0.15,S3_TREND
2026-04-18 20:00:00+00:00,BTC,BUY,5.670778159359543,0.0056707781593595425,0.15,S3_TREND
2026-04-18 20:00:00+00:00,ETH,SELL,1.7675615429525349,0.0017675615429525349,0.15,S3_TREND
2026-04-18 20:00:00+00:00,SOL,SELL,23.48901905007915,0.023489019050079153,0.15,S3_TREND
2026-04-18 21:00:00+00:00,BTC,SELL,11.90872450913048,0.01190872450913048,0.15,S3_TREND
2026-04-18 21:00:00+00:00,ETH,SELL,16.63944582046861,0.01663944582046861,0.15,S3_TREND
2026-04-18 21:00:00+00:00,SOL,SELL,1.860188843918877,0.001860188843918877,0.15,S3_TREND
2026-04-18 22:00:00+00:00,BTC,SELL,7.103501061596034,0.007103501061596034,0.15,S3_TREND
2026-04-18 22:00:00+00:00,ETH,SELL,11.081361693373765,0.011081361693373764,0.15,S3_TREND
2026-04-18 22:00:00+00:00,SOL,SELL,2.75143397928332,0.00275143397928332,0.15,S3_TREND
2026-04-18 23:00:00+00:00,BTC,BUY,3.9283457349538367,0.003928345734953837,0.15,S3_TREND
2026-04-18 23:00:00+00:00,ETH,SELL,5.124607903217111,0.005124607903217111,0.15,S3_TREND
2026-04-18 23:00:00+00:00,SOL,SELL,7.716649266254535,0.007716649266254536,0.15,S3_TREND
2026-04-19 00:00:00+00:00,BTC,BUY,10.589743716007433,0.010589743716007434,0.15,S3_TREND
2026-04-19 00:00:00+00:00,ETH,BUY,25.590894376526194,0.025590894376526195,0.15,S3_TREND
2026-04-19 00:00:00+00:00,SOL,BUY,10.826753565421313,0.010826753565421314,0.15,S3_TREND
2026-04-19 01:00:00+00:00,BTC,SELL,4.659276209316886,0.004659276209316886,0.15,S3_TREND
2026-04-19 01:00:00+00:00,ETH,BUY,3.2635926894618024,0.0032635926894618024,0.15,S3_TREND
2026-04-19 01:00:00+00:00,SOL,BUY,17.55779808976513,0.01755779808976513,0.15,S3_TREND
2026-04-19 02:00:00+00:00,BTC,BUY,4.034087093114067,0.004034087093114067,0.15,S3_TREND
2026-04-19 02:00:00+00:00,ETH,SELL,3.1230943894715892,0.0031230943894715894,0.15,S3_TREND
2026-04-19 02:00:00+00:00,SOL,BUY,34.3786166242935,0.0343786166242935,0.15,S3_TREND
2026-04-19 03:00:00+00:00,BTC,BUY,5.630119019700942,0.005630119019700942,0.15,S3_TREND
2026-04-19 03:00:00+00:00,ETH,BUY,42.1263071069352,0.0421263071069352,0.15,S3_TREND
2026-04-19 03:00:00+00:00,SOL,BUY,20.41939400611591,0.02041939400611591,0.15,S3_TREND
2026-04-19 04:00:00+00:00,ETH,SELL,5.738615769378157,0.005738615769378157,0.15,S3_TREND
2026-04-19 04:00:00+00:00,SOL,SELL,8.123192254957758,0.008123192254957758,0.15,S3_TREND
2026-04-19 05:00:00+00:00,BTC,SELL,31.145655495136452,0.031145655495136454,0.15,S3_TREND
2026-04-19 05:00:00+00:00,ETH,BUY,37.486902177597585,0.037486902177597585,0.15,S3_TREND
2026-04-19 05:00:00+00:00,SOL,BUY,2.634247999998479,0.002634247999998479,0.15,S3_TREND
2026-04-19 06:00:00+00:00,BTC,BUY,16.8320321970823,0.0168320321970823,0.15,S3_TREND
2026-04-19 06:00:00+00:00,ETH,SELL,2.3543403656021837,0.002354340365602184,0.15,S3_TREND
2026-04-19 06:00:00+00:00,SOL,BUY,7.558321498987425,0.007558321498987425,0.15,S3_TREND
2026-04-19 07:00:00+00:00,BTC,BUY,17.57646833799663,0.017576468337996632,0.15,S3_TREND
2026-04-19 07:00:00+00:00,ETH,BUY,24.15811517875045,0.02415811517875045,0.15,S3_TREND
2026-04-19 07:00:00+00:00,SOL,SELL,3.6080996434848203,0.00360809964348482,0.15,S3_TREND
2026-04-19 08:00:00+00:00,ETH,BUY,40.427297199332315,0.040427297199332315,0.15,S3_TREND
2026-04-19 08:00:00+00:00,SOL,BUY,67.58615732317594,0.06758615732317594,0.15,S3_TREND
2026-04-19 09:00:00+00:00,BTC,SELL,1.2319849622799666,0.0012319849622799666,0.15,S3_TREND
2026-04-19 09:00:00+00:00,ETH,SELL,16.05622628198762,0.01605622628198762,0.15,S3_TREND
2026-04-19 09:00:00+00:00,SOL,BUY,14.238382200033811,0.014238382200033812,0.15,S3_TREND
2026-04-19 10:00:00+00:00,BTC,BUY,26.390960450857165,0.026390960450857166,0.15,S3_TREND
2026-04-19 10:00:00+00:00,ETH,BUY,32.48826102774365,0.032488261027743645,0.15,S3_TREND
2026-04-19 10:00:00+00:00,SOL,SELL,7218.532537611226,7.218532537611226,0.075,S6_REVERSAL
2026-04-19 11:00:00+00:00,BTC,SELL,25.228546858565096,0.025228546858565095,0.15,S3_TREND
2026-04-19 11:00:00+00:00,ETH,SELL,33.938913406282154,0.033938913406282155,0.15,S3_TREND
2026-04-19 11:00:00+00:00,SOL,SELL,9.711702613009948,0.009711702613009947,0.075,S6_REVERSAL
2026-04-19 12:00:00+00:00,BTC,SELL,41.317880794915254,0.04131788079491525,0.15,S3_TREND
2026-04-19 12:00:00+00:00,ETH,SELL,38.81401334437032,0.038814013344370325,0.15,S3_TREND
2026-04-19 12:00:00+00:00,SOL,SELL,53.95049915991057,0.05395049915991057,0.075,S6_REVERSAL
2026-04-19 13:00:00+00:00,BTC,BUY,9.3577782018383,0.0093577782018383,0.15,S3_TREND
2026-04-19 13:00:00+00:00,ETH,SELL,8.783710115709255,0.008783710115709255,0.15,S3_TREND
2026-04-19 13:00:00+00:00,SOL,SELL,13.700400514341709,0.01370040051434171,0.075,S6_REVERSAL
2026-04-19 14:00:00+00:00,BTC,SELL,43.30649809818897,0.04330649809818897,0.15,S3_TREND
2026-04-19 14:00:00+00:00,ETH,SELL,21.99960676540468,0.02199960676540468,0.15,S3_TREND
2026-04-19 14:00:00+00:00,SOL,SELL,34.55840628889109,0.03455840628889109,0.075,S6_REVERSAL
2026-04-19 15:00:00+00:00,BTC,SELL,14.806510587002776,0.014806510587002776,0.15,S3_TREND
2026-04-19 15:00:00+00:00,ETH,BUY,8.389051942545848,0.008389051942545848,0.15,S3_TREND
2026-04-19 15:00:00+00:00,SOL,SELL,13.609567730960407,0.013609567730960408,0.075,S6_REVERSAL
2026-04-19 16:00:00+00:00,BTC,BUY,19.77310870949441,0.01977310870949441,0.15,S3_TREND
2026-04-19 16:00:00+00:00,ETH,BUY,31.186518092639744,0.031186518092639746,0.15,S3_TREND
2026-04-19 16:00:00+00:00,SOL,BUY,8.045353442978922,0.008045353442978923,0.075,S6_REVERSAL
2026-04-19 17:00:00+00:00,BTC,BUY,51.32868719484213,0.05132868719484213,0.15,S3_TREND
2026-04-19 17:00:00+00:00,ETH,BUY,81.68411847110292,0.08168411847110292,0.15,S3_TREND
2026-04-19 17:00:00+00:00,SOL,BUY,23.30961390493576,0.023309613904935758,0.075,S6_REVERSAL
2026-04-19 18:00:00+00:00,BTC,BUY,73.47748835117818,0.07347748835117818,0.15,S3_TREND
2026-04-19 18:00:00+00:00,ETH,BUY,54.4032473410025,0.0544032473410025,0.15,S3_TREND
2026-04-19 18:00:00+00:00,SOL,BUY,39.79944248944321,0.03979944248944321,0.075,S6_REVERSAL
2026-04-19 19:00:00+00:00,BTC,BUY,2.186393488671456,0.002186393488671456,0.15,S3_TREND
2026-04-19 19:00:00+00:00,ETH,SELL,7223.429106844915,7.223429106844915,0.075,S6_REVERSAL
2026-04-19 19:00:00+00:00,SOL,BUY,2.4439733755343696,0.0024439733755343696,0.075,S6_REVERSAL
2026-04-19 20:00:00+00:00,BTC,SELL,28.419641739652434,0.028419641739652435,0.15,S3_TREND
2026-04-19 20:00:00+00:00,ETH,SELL,7.542468116531381,0.007542468116531382,0.075,S6_REVERSAL
2026-04-19 20:00:00+00:00,SOL,SELL,14.86041129676687,0.01486041129676687,0.075,S6_REVERSAL
2026-04-19 21:00:00+00:00,BTC,BUY,41.184849771980225,0.041184849771980225,0.15,S3_TREND
2026-04-19 21:00:00+00:00,ETH,SELL,7171.329711122888,7.171329711122888,0.0,CASH
2026-04-19 21:00:00+00:00,SOL,BUY,20.43747064144918,0.02043747064144918,0.075,S6_REVERSAL
2026-04-19 22:00:00+00:00,BTC,SELL,7185.005762577467,7.185005762577467,0.075,S6_REVERSAL
2026-04-19 22:00:00+00:00,SOL,BUY,16.92391604752811,0.01692391604752811,0.075,S6_REVERSAL
2026-04-19 23:00:00+00:00,BTC,SELL,7177.671076461731,7.177671076461731,0.0,CASH
2026-04-19 23:00:00+00:00,ETH,BUY,7205.065971206162,7.205065971206163,0.075,S6_REVERSAL
2026-04-19 23:00:00+00:00,SOL,BUY,69.99325909162326,0.06999325909162327,0.075,S6_REVERSAL
2026-04-20 00:00:00+00:00,ETH,BUY,16.130854667198037,0.016130854667198036,0.075,S6_REVERSAL
2026-04-20 00:00:00+00:00,SOL,SELL,7180.12006466784,7.18012006466784,0.0,CASH
2026-04-20 01:00:00+00:00,ETH,SELL,49.803233167395774,0.04980323316739577,0.075,S6_REVERSAL
2026-04-20 02:00:00+00:00,ETH,SELL,17.948850358998243,0.017948850358998243,0.075,S6_REVERSAL
2026-04-20 03:00:00+00:00,ETH,BUY,25.450051538984553,0.025450051538984553,0.075,S6_REVERSAL
2026-04-20 04:00:00+00:00,ETH,SELL,26.68458193052902,0.02668458193052902,0.075,S6_REVERSAL
2026-04-20 05:00:00+00:00,ETH,BUY,9.209198748841118,0.009209198748841118,0.075,S6_REVERSAL
2026-04-20 06:00:00+00:00,ETH,BUY,38.46734536982967,0.038467345369829674,0.075,S6_REVERSAL
2026-04-20 06:00:00+00:00,SOL,BUY,7201.69747645902,7.201697476459021,0.075,S6_REVERSAL
2026-04-20 07:00:00+00:00,ETH,SELL,43.57591515952481,0.04357591515952481,0.075,S6_REVERSAL
2026-04-20 07:00:00+00:00,SOL,SELL,43.602354445472876,0.04360235444547288,0.075,S6_REVERSAL
2026-04-20 08:00:00+00:00,ETH,SELL,35.14559626974278,0.035145596269742785,0.075,S6_REVERSAL
2026-04-20 08:00:00+00:00,SOL,SELL,18.331209542920078,0.018331209542920078,0.075,S6_REVERSAL
2026-04-20 09:00:00+00:00,ETH,BUY,13.342074434404822,0.013342074434404822,0.075,S6_REVERSAL
2026-04-20 09:00:00+00:00,SOL,BUY,3.6072325547474975,0.0036072325547474977,0.075,S6_REVERSAL
2026-04-20 10:00:00+00:00,ETH,SELL,41.00730857600411,0.041007308576004105,0.075,S6_REVERSAL
2026-04-20 10:00:00+00:00,SOL,SELL,27.981170686904075,0.027981170686904075,0.075,S6_REVERSAL
2026-04-20 11:00:00+00:00,ETH,BUY,14.926283778497236,0.014926283778497236,0.075,S6_REVERSAL
2026-04-20 11:00:00+00:00,SOL,BUY,16.714867896985197,0.0167148678969852,0.075,S6_REVERSAL
2026-04-20 12:00:00+00:00,ETH,SELL,13.237563422779203,0.013237563422779203,0.075,S6_REVERSAL
2026-04-20 12:00:00+00:00,SOL,SELL,15.338773307730662,0.015338773307730662,0.075,S6_REVERSAL
2026-04-20 13:00:00+00:00,ETH,SELL,28.599986350821382,0.028599986350821383,0.075,S6_REVERSAL
2026-04-20 13:00:00+00:00,SOL,SELL,17.956868439749996,0.017956868439749998,0.075,S6_REVERSAL
2026-04-20 14:00:00+00:00,ETH,BUY,23.15228427981492,0.023152284279814923,0.075,S6_REVERSAL
2026-04-20 14:00:00+00:00,SOL,SELL,7221.026852604057,7.221026852604058,0.0,CASH
2026-04-20 15:00:00+00:00,ETH,BUY,56.99796171345679,0.05699796171345679,0.075,S6_REVERSAL
2026-04-20 16:00:00+00:00,ETH,SELL,67.03431737078063,0.06703431737078062,0.075,S6_REVERSAL
2026-04-20 17:00:00+00:00,ETH,BUY,39.97003138068794,0.03997003138068794,0.075,S6_REVERSAL
2026-04-20 18:00:00+00:00,ETH,SELL,49.31409856623758,0.049314098566237585,0.075,S6_REVERSAL
2026-04-20 19:00:00+00:00,ETH,SELL,49.52802826768584,0.04952802826768584,0.075,S6_REVERSAL
2026-04-20 20:00:00+00:00,ETH,BUY,7.039380382038871,0.0070393803820388715,0.075,S6_REVERSAL
2026-04-20 21:00:00+00:00,ETH,SELL,16.622395383269577,0.016622395383269577,0.075,S6_REVERSAL
2026-04-20 22:00:00+00:00,ETH,BUY,45.57538307832783,0.045575383078327834,0.075,S6_REVERSAL
2026-04-20 23:00:00+00:00,ETH,BUY,6.44200258867113,0.0064420025886711306,0.075,S6_REVERSAL
2026-04-21 00:00:00+00:00,ETH,BUY,16.012256299061846,0.016012256299061847,0.075,S6_REVERSAL
2026-04-21 01:00:00+00:00,ETH,SELL,23.380962372435533,0.023380962372435535,0.075,S6_REVERSAL
2026-04-21 02:00:00+00:00,ETH,BUY,19.504821305456062,0.019504821305456062,0.075,S6_REVERSAL
2026-04-21 03:00:00+00:00,ETH,BUY,19.67334307159763,0.01967334307159763,0.075,S6_REVERSAL
2026-04-21 04:00:00+00:00,ETH,SELL,9.489703452109097,0.009489703452109097,0.075,S6_REVERSAL
2026-04-21 05:00:00+00:00,ETH,SELL,8.580908368176097,0.008580908368176097,0.075,S6_REVERSAL
2026-04-21 06:00:00+00:00,ETH,BUY,1.499829865421816,0.001499829865421816,0.075,S6_REVERSAL
2026-04-21 07:00:00+00:00,ETH,SELL,9.524326170839231,0.009524326170839231,0.075,S6_REVERSAL
2026-04-21 08:00:00+00:00,ETH,SELL,3.2000935586738706,0.003200093558673871,0.075,S6_REVERSAL
2026-04-21 09:00:00+00:00,ETH,SELL,14.232611685956726,0.014232611685956726,0.075,S6_REVERSAL
2026-04-21 10:00:00+00:00,ETH,SELL,6.556935239012091,0.006556935239012091,0.075,S6_REVERSAL
2026-04-21 11:00:00+00:00,ETH,SELL,15.657103110690514,0.015657103110690514,0.075,S6_REVERSAL
2026-04-21 12:00:00+00:00,ETH,BUY,30.671017574645703,0.030671017574645704,0.075,S6_REVERSAL
2026-04-21 13:00:00+00:00,ETH,BUY,34.28404523803965,0.03428404523803966,0.075,S6_REVERSAL
2026-04-21 14:00:00+00:00,ETH,SELL,12.237945722901713,0.012237945722901714,0.075,S6_REVERSAL
2026-04-21 15:00:00+00:00,ETH,BUY,38.75106194669752,0.03875106194669752,0.075,S6_REVERSAL
2026-04-21 16:00:00+00:00,ETH,SELL,31.64798218568467,0.03164798218568467,0.075,S6_REVERSAL
2026-04-21 17:00:00+00:00,ETH,BUY,8.120061916060877,0.008120061916060876,0.075,S6_REVERSAL
2026-04-21 18:00:00+00:00,ETH,BUY,3.5877049717955742,0.0035877049717955743,0.075,S6_REVERSAL
2026-04-21 19:00:00+00:00,ETH,SELL,18.877237765096652,0.01887723776509665,0.075,S6_REVERSAL
2026-04-21 20:00:00+00:00,ETH,BUY,41.29255720431502,0.04129255720431502,0.075,S6_REVERSAL
2026-04-21 21:00:00+00:00,BTC,BUY,14440.71708500539,14.44071708500539,0.15,S3_TREND
2026-04-21 21:00:00+00:00,ETH,SELL,46.84959505781354,0.04684959505781354,0.075,S6_REVERSAL
2026-04-21 22:00:00+00:00,BTC,BUY,20.978385393640565,0.020978385393640567,0.15,S3_TREND
2026-04-21 22:00:00+00:00,ETH,BUY,2.5308027144210428,0.0025308027144210427,0.075,S6_REVERSAL
2026-04-21 23:00:00+00:00,BTC,SELL,16.815148551526363,0.016815148551526365,0.15,S3_TREND
2026-04-21 23:00:00+00:00,ETH,BUY,4.9244221998988,0.0049244221998988,0.075,S6_REVERSAL
2026-04-22 00:00:00+00:00,BTC,SELL,103.88819691212848,0.10388819691212849,0.15,S3_TREND
2026-04-22 00:00:00+00:00,ETH,SELL,35.821666043228106,0.035821666043228104,0.075,S6_REVERSAL
2026-04-22 00:00:00+00:00,SOL,BUY,14462.696166120231,14.462696166120232,0.15,S3_TREND
2026-04-22 01:00:00+00:00,BTC,BUY,2.892499959505585,0.002892499959505585,0.15,S3_TREND
2026-04-22 01:00:00+00:00,ETH,BUY,9.607061380379491,0.009607061380379492,0.075,S6_REVERSAL
2026-04-22 01:00:00+00:00,SOL,SELL,66.24692622463954,0.06624692622463954,0.15,S3_TREND
2026-04-22 02:00:00+00:00,BTC,BUY,4.645893585151498,0.004645893585151498,0.15,S3_TREND
2026-04-22 02:00:00+00:00,ETH,BUY,5.4133144258994434,0.005413314425899444,0.075,S6_REVERSAL
2026-04-22 02:00:00+00:00,SOL,BUY,27.72482000598211,0.02772482000598211,0.15,S3_TREND
2026-04-22 03:00:00+00:00,BTC,SELL,159.22034603555585,0.15922034603555585,0.15,S3_TREND
2026-04-22 03:00:00+00:00,ETH,BUY,7170.578489806943,7.170578489806943,0.15,S3_TREND
2026-04-22 03:00:00+00:00,SOL,SELL,104.31648218571354,0.10431648218571354,0.15,S3_TREND
2026-04-22 04:00:00+00:00,BTC,BUY,1.717542464592043,0.001717542464592043,0.15,S3_TREND
2026-04-22 04:00:00+00:00,ETH,BUY,27.36508049191434,0.027365080491914343,0.15,S3_TREND
2026-04-22 04:00:00+00:00,SOL,BUY,14.408596406417928,0.014408596406417928,0.15,S3_TREND
2026-04-22 05:00:00+00:00,BTC,SELL,4.325519738411458,0.004325519738411459,0.15,S3_TREND
2026-04-22 05:00:00+00:00,ETH,SELL,5.205325732949859,0.005205325732949859,0.15,S3_TREND
2026-04-22 05:00:00+00:00,SOL,BUY,24.288674420413372,0.024288674420413374,0.15,S3_TREND
2026-04-22 06:00:00+00:00,BTC,SELL,21.247561536787543,0.021247561536787543,0.15,S3_TREND
2026-04-22 06:00:00+00:00,ETH,SELL,135.61022682439398,0.13561022682439397,0.15,S3_TREND
2026-04-22 06:00:00+00:00,SOL,SELL,89.66163206934287,0.08966163206934287,0.15,S3_TREND
2026-04-22 07:00:00+00:00,BTC,SELL,7.1798183851424255,0.007179818385142426,0.15,S3_TREND
2026-04-22 07:00:00+00:00,ETH,BUY,16.674561873058337,0.01667456187305834,0.15,S3_TREND
2026-04-22 07:00:00+00:00,SOL,BUY,5.732656006974139,0.005732656006974139,0.15,S3_TREND
2026-04-22 08:00:00+00:00,ETH,BUY,20.167587754811393,0.020167587754811395,0.15,S3_TREND
2026-04-22 08:00:00+00:00,SOL,SELL,17.162612319465552,0.017162612319465552,0.15,S3_TREND
2026-04-22 09:00:00+00:00,BTC,SELL,3.7654680717932933,0.003765468071793293,0.15,S3_TREND
2026-04-22 09:00:00+00:00,ETH,BUY,7.586754744734208,0.007586754744734208,0.15,S3_TREND
2026-04-22 09:00:00+00:00,SOL,BUY,6.783183861538419,0.006783183861538419,0.15,S3_TREND
2026-04-22 10:00:00+00:00,BTC,BUY,8.242596633685025,0.008242596633685026,0.15,S3_TREND
2026-04-22 10:00:00+00:00,ETH,BUY,10.843762995225916,0.010843762995225915,0.15,S3_TREND
2026-04-22 10:00:00+00:00,SOL,SELL,43.18175939509456,0.04318175939509456,0.15,S3_TREND
2026-04-22 11:00:00+00:00,BTC,SELL,21.280805655647782,0.021280805655647782,0.15,S3_TREND
2026-04-22 11:00:00+00:00,ETH,SELL,8.634712882927488,0.008634712882927487,0.15,S3_TREND
2026-04-22 11:00:00+00:00,SOL,BUY,1.2007695462179981,0.001200769546217998,0.15,S3_TREND
2026-04-22 12:00:00+00:00,BTC,SELL,15.856320023383887,0.01585632002338389,0.15,S3_TREND
2026-04-22 12:00:00+00:00,ETH,SELL,39.50272143861548,0.03950272143861548,0.15,S3_TREND
2026-04-22 12:00:00+00:00,SOL,BUY,15.753571020406525,0.015753571020406525,0.15,S3_TREND
2026-04-22 13:00:00+00:00,BTC,BUY,22.75644621966785,0.02275644621966785,0.15,S3_TREND
2026-04-22 13:00:00+00:00,ETH,SELL,28.615859422905487,0.02861585942290549,0.15,S3_TREND
2026-04-22 13:00:00+00:00,SOL,SELL,33.875777408980866,0.033875777408980866,0.15,S3_TREND
2026-04-22 14:00:00+00:00,BTC,SELL,71.87351766623033,0.07187351766623033,0.15,S3_TREND
2026-04-22 14:00:00+00:00,ETH,SELL,34.74468345808964,0.03474468345808964,0.15,S3_TREND
2026-04-22 14:00:00+00:00,SOL,SELL,44.646319939591194,0.04464631993959119,0.15,S3_TREND
2026-04-22 15:00:00+00:00,BTC,SELL,54.25980723133216,0.05425980723133216,0.15,S3_TREND
2026-04-22 15:00:00+00:00,ETH,BUY,70.20461066490861,0.07020461066490861,0.15,S3_TREND
2026-04-22 15:00:00+00:00,SOL,BUY,43.122438146987406,0.04312243814698741,0.15,S3_TREND
2026-04-22 16:00:00+00:00,BTC,SELL,48.831049644393715,0.04883104964439371,0.15,S3_TREND
2026-04-22 16:00:00+00:00,ETH,SELL,10.804461314057336,0.010804461314057337,0.15,S3_TREND
2026-04-22 16:00:00+00:00,SOL,BUY,84.10417147129192,0.08410417147129193,0.15,S3_TREND
2026-04-22 17:00:00+00:00,BTC,BUY,53.48710286115784,0.05348710286115784,0.15,S3_TREND
2026-04-22 17:00:00+00:00,ETH,BUY,63.476460397523624,0.06347646039752362,0.15,S3_TREND
2026-04-22 17:00:00+00:00,SOL,BUY,45.37377790119535,0.04537377790119535,0.15,S3_TREND
2026-04-22 18:00:00+00:00,BTC,SELL,8.192334515630137,0.008192334515630137,0.15,S3_TREND
2026-04-22 18:00:00+00:00,ETH,SELL,59.11154567113408,0.05911154567113408,0.15,S3_TREND
2026-04-22 18:00:00+00:00,SOL,SELL,9.17513985219739,0.00917513985219739,0.15,S3_TREND
2026-04-22 19:00:00+00:00,BTC,SELL,21.6365930337779,0.0216365930337779,0.15,S3_TREND
2026-04-22 19:00:00+00:00,ETH,BUY,15.005747713683377,0.015005747713683378,0.15,S3_TREND
2026-04-22 19:00:00+00:00,SOL,BUY,2.712720343040928,0.002712720343040928,0.15,S3_TREND
2026-04-22 20:00:00+00:00,BTC,BUY,17.46042990724891,0.017460429907248907,0.15,S3_TREND
2026-04-22 20:00:00+00:00,ETH,SELL,20.440591161453995,0.020440591161453994,0.15,S3_TREND
2026-04-22 20:00:00+00:00,SOL,BUY,58.20223597931545,0.058202235979315446,0.15,S3_TREND
2026-04-22 21:00:00+00:00,BTC,BUY,53.1466737575829,0.053146673757582905,0.15,S3_TREND
2026-04-22 21:00:00+00:00,ETH,BUY,13.077298301343035,0.013077298301343035,0.15,S3_TREND
2026-04-22 21:00:00+00:00,SOL,BUY,17.31710288044269,0.01731710288044269,0.15,S3_TREND
2026-04-22 22:00:00+00:00,BTC,SELL,30.510897656429734,0.030510897656429736,0.15,S3_TREND
2026-04-22 22:00:00+00:00,ETH,SELL,34.77371754235173,0.034773717542351736,0.15,S3_TREND
2026-04-22 22:00:00+00:00,SOL,SELL,45.21463231185225,0.04521463231185225,0.15,S3_TREND
2026-04-22 23:00:00+00:00,BTC,BUY,18.13210537807936,0.01813210537807936,0.15,S3_TREND
2026-04-22 23:00:00+00:00,ETH,BUY,4.444273026610972,0.004444273026610972,0.15,S3_TREND
2026-04-22 23:00:00+00:00,SOL,BUY,16.117646131795482,0.016117646131795484,0.15,S3_TREND
2026-04-23 00:00:00+00:00,BTC,BUY,29.847685220707717,0.029847685220707718,0.15,S3_TREND
2026-04-23 00:00:00+00:00,ETH,BUY,108.22877019457519,0.10822877019457519,0.15,S3_TREND
2026-04-23 00:00:00+00:00,SOL,BUY,45.22457332703016,0.04522457332703016,0.15,S3_TREND
2026-04-23 01:00:00+00:00,BTC,SELL,39.75218531770224,0.03975218531770224,0.15,S3_TREND
2026-04-23 01:00:00+00:00,ETH,BUY,12.933774673669177,0.012933774673669178,0.15,S3_TREND
2026-04-23 01:00:00+00:00,SOL,BUY,4.39078913260164,0.00439078913260164,0.15,S3_TREND
2026-04-23 02:00:00+00:00,BTC,SELL,6.557554110508135,0.006557554110508135,0.15,S3_TREND
2026-04-23 02:00:00+00:00,ETH,BUY,19.313086276766626,0.019313086276766627,0.15,S3_TREND
2026-04-23 02:00:00+00:00,SOL,BUY,55.20822653745381,0.05520822653745381,0.15,S3_TREND
2026-04-23 03:00:00+00:00,BTC,BUY,40.17935836646575,0.04017935836646575,0.15,S3_TREND
2026-04-23 03:00:00+00:00,ETH,BUY,53.392859341756775,0.053392859341756777,0.15,S3_TREND
2026-04-23 03:00:00+00:00,SOL,BUY,44.71680298215506,0.04471680298215506,0.15,S3_TREND
2026-04-23 04:00:00+00:00,BTC,BUY,16.224547204550618,0.01622454720455062,0.15,S3_TREND
2026-04-23 04:00:00+00:00,ETH,BUY,48.92959281239018,0.048929592812390184,0.15,S3_TREND
2026-04-23 04:00:00+00:00,SOL,BUY,7.228582996811383,0.007228582996811383,0.15,S3_TREND
2026-04-23 05:00:00+00:00,BTC,SELL,16.43234929641949,0.01643234929641949,0.15,S3_TREND
2026-04-23 05:00:00+00:00,ETH,SELL,27.525916924438206,0.027525916924438208,0.15,S3_TREND
2026-04-23 05:00:00+00:00,SOL,SELL,14.480095146811436,0.014480095146811436,0.15,S3_TREND
2026-04-23 06:00:00+00:00,BTC,SELL,19.44522807366775,0.01944522807366775,0.15,S3_TREND
2026-04-23 06:00:00+00:00,ETH,SELL,3.9890644930019334,0.003989064493001933,0.15,S3_TREND
2026-04-23 06:00:00+00:00,SOL,BUY,16.93930620406354,0.01693930620406354,0.15,S3_TREND
2026-04-23 07:00:00+00:00,BTC,SELL,14.678364443287137,0.014678364443287137,0.15,S3_TREND
2026-04-23 07:00:00+00:00,ETH,SELL,16.712949368355112,0.01671294936835511,0.15,S3_TREND
2026-04-23 07:00:00+00:00,SOL,SELL,35.7500095589985,0.0357500095589985,0.15,S3_TREND
2026-04-23 08:00:00+00:00,BTC,BUY,9.349543920927317,0.009349543920927317,0.15,S3_TREND
2026-04-23 08:00:00+00:00,ETH,BUY,40.85940071551158,0.040859400715511585,0.15,S3_TREND
2026-04-23 08:00:00+00:00,SOL,BUY,26.294860752883324,0.026294860752883325,0.15,S3_TREND
2026-04-23 09:00:00+00:00,BTC,BUY,20.02063041002657,0.02002063041002657,0.15,S3_TREND
2026-04-23 09:00:00+00:00,ETH,BUY,12.626828222606491,0.012626828222606492,0.15,S3_TREND
2026-04-23 09:00:00+00:00,SOL,BUY,23.49200144596398,0.02349200144596398,0.15,S3_TREND
2026-04-23 10:00:00+00:00,BTC,BUY,5.802116302495051,0.005802116302495051,0.15,S3_TREND
2026-04-23 10:00:00+00:00,ETH,BUY,114.572767667476,0.114572767667476,0.15,S3_TREND
2026-04-23 10:00:00+00:00,SOL,SELL,3.223383777509298,0.003223383777509298,0.15,S3_TREND
2026-04-23 11:00:00+00:00,BTC,BUY,35.51222023615992,0.03551222023615992,0.15,S3_TREND
2026-04-23 11:00:00+00:00,ETH,BUY,2.0757628751107404,0.0020757628751107405,0.15,S3_TREND
2026-04-23 11:00:00+00:00,SOL,BUY,3.8721269028101233,0.0038721269028101236,0.15,S3_TREND
2026-04-23 12:00:00+00:00,BTC,SELL,23.676451221923344,0.023676451221923345,0.15,S3_TREND
2026-04-23 12:00:00+00:00,ETH,SELL,60.32374664412055,0.060323746644120546,0.15,S3_TREND
2026-04-23 12:00:00+00:00,SOL,SELL,35.1483333126871,0.0351483333126871,0.15,S3_TREND
2026-04-23 13:00:00+00:00,BTC,SELL,22.57129840923517,0.02257129840923517,0.15,S3_TREND
2026-04-23 13:00:00+00:00,ETH,BUY,8.836437432404637,0.008836437432404637,0.15,S3_TREND
2026-04-23 13:00:00+00:00,SOL,SELL,16.961387183288025,0.016961387183288025,0.15,S3_TREND
2026-04-23 14:00:00+00:00,BTC,BUY,39.71050659757748,0.03971050659757748,0.15,S3_TREND
2026-04-23 14:00:00+00:00,ETH,BUY,33.19369461379938,0.03319369461379938,0.15,S3_TREND
2026-04-23 14:00:00+00:00,SOL,BUY,12.165408594981272,0.012165408594981273,0.15,S3_TREND
2026-04-23 15:00:00+00:00,BTC,SELL,82.00189275036792,0.08200189275036791,0.15,S3_TREND
2026-04-23 15:00:00+00:00,ETH,SELL,50.99044799256808,0.05099044799256808,0.15,S3_TREND
2026-04-23 15:00:00+00:00,SOL,SELL,9.940048415614001,0.009940048415614001,0.15,S3_TREND
2026-04-23 16:00:00+00:00,BTC,SELL,23.995351147388643,0.023995351147388645,0.15,S3_TREND
2026-04-23 16:00:00+00:00,ETH,BUY,18.440312313165123,0.018440312313165123,0.15,S3_TREND
2026-04-23 16:00:00+00:00,SOL,SELL,39.88197218869209,0.03988197218869209,0.15,S3_TREND
2026-04-23 17:00:00+00:00,BTC,BUY,22.940162812710696,0.022940162812710697,0.15,S3_TREND
2026-04-23 17:00:00+00:00,ETH,BUY,15.112021998715136,0.015112021998715136,0.15,S3_TREND
2026-04-23 17:00:00+00:00,SOL,BUY,63.124390941435195,0.0631243909414352,0.15,S3_TREND
2026-04-23 18:00:00+00:00,BTC,BUY,25.902378555390897,0.025902378555390897,0.15,S3_TREND
2026-04-23 18:00:00+00:00,ETH,BUY,63.29593212217878,0.06329593212217878,0.15,S3_TREND
2026-04-23 18:00:00+00:00,SOL,BUY,43.19000838518514,0.043190008385185136,0.15,S3_TREND
2026-04-23 19:00:00+00:00,BTC,BUY,7.191312103484961,0.007191312103484961,0.15,S3_TREND
2026-04-23 19:00:00+00:00,ETH,BUY,22.38634164202267,0.02238634164202267,0.15,S3_TREND
2026-04-23 19:00:00+00:00,SOL,BUY,5.604038065079294,0.005604038065079294,0.15,S3_TREND
2026-04-23 20:00:00+00:00,ETH,SELL,37.934236232065814,0.037934236232065814,0.15,S3_TREND
2026-04-23 20:00:00+00:00,SOL,BUY,2.703773948991511,0.0027037739489915113,0.15,S3_TREND
2026-04-23 21:00:00+00:00,BTC,SELL,5.2171959814313595,0.00521719598143136,0.15,S3_TREND
2026-04-23 21:00:00+00:00,ETH,SELL,53.995210489572855,0.053995210489572856,0.15,S3_TREND
2026-04-23 21:00:00+00:00,SOL,SELL,28.480529019368987,0.028480529019368987,0.15,S3_TREND
2026-04-23 22:00:00+00:00,BTC,BUY,4.8456698757072445,0.004845669875707245,0.15,S3_TREND
2026-04-23 22:00:00+00:00,ETH,BUY,23.760724804107667,0.023760724804107666,0.15,S3_TREND
2026-04-23 22:00:00+00:00,SOL,SELL,31.384617514453566,0.03138461751445357,0.15,S3_TREND
2026-04-23 23:00:00+00:00,BTC,SELL,44.84693406142105,0.044846934061421054,0.15,S3_TREND
2026-04-23 23:00:00+00:00,ETH,SELL,40.26179493206109,0.04026179493206109,0.15,S3_TREND
2026-04-23 23:00:00+00:00,SOL,SELL,2.9805567642015376,0.0029805567642015376,0.15,S3_TREND
2026-04-24 00:00:00+00:00,BTC,SELL,1.0459063960679487,0.0010459063960679487,0.15,S3_TREND
2026-04-24 00:00:00+00:00,ETH,BUY,13.633786772543317,0.013633786772543318,0.15,S3_TREND
2026-04-24 00:00:00+00:00,SOL,SELL,23.91720655747122,0.023917206557471222,0.15,S3_TREND
2026-04-24 01:00:00+00:00,BTC,SELL,21.341950024585458,0.021341950024585457,0.15,S3_TREND
2026-04-24 01:00:00+00:00,ETH,SELL,5.434145906898267,0.005434145906898267,0.15,S3_TREND
2026-04-24 01:00:00+00:00,SOL,SELL,3.5306670602658414,0.0035306670602658417,0.15,S3_TREND
2026-04-24 02:00:00+00:00,SOL,SELL,12.198363018806049,0.012198363018806049,0.15,S3_TREND
2026-04-24 03:00:00+00:00,BTC,BUY,26.55123495272892,0.02655123495272892,0.15,S3_TREND
2026-04-24 03:00:00+00:00,ETH,BUY,50.79324863153852,0.05079324863153852,0.15,S3_TREND
2026-04-24 03:00:00+00:00,SOL,BUY,35.24873421486154,0.03524873421486154,0.15,S3_TREND
2026-04-24 04:00:00+00:00,BTC,BUY,45.47169339775792,0.04547169339775792,0.15,S3_TREND
2026-04-24 04:00:00+00:00,ETH,BUY,43.93735393919087,0.04393735393919087,0.15,S3_TREND
2026-04-24 04:00:00+00:00,SOL,BUY,7.310145125726194,0.007310145125726195,0.15,S3_TREND
2026-04-24 05:00:00+00:00,BTC,SELL,1.2287626223096595,0.0012287626223096595,0.15,S3_TREND
2026-04-24 05:00:00+00:00,ETH,BUY,1.6237691632795759,0.001623769163279576,0.15,S3_TREND
2026-04-24 05:00:00+00:00,SOL,BUY,50.25747333937579,0.050257473339375795,0.15,S3_TREND
2026-04-24 06:00:00+00:00,BTC,SELL,26.834644050226416,0.026834644050226418,0.15,S3_TREND
2026-04-24 06:00:00+00:00,ETH,SELL,27.919621223862123,0.027919621223862122,0.15,S3_TREND
2026-04-24 06:00:00+00:00,SOL,SELL,40.14702691664206,0.04014702691664206,0.15,S3_TREND
2026-04-24 07:00:00+00:00,BTC,BUY,14.035650255771543,0.014035650255771543,0.15,S3_TREND
2026-04-24 07:00:00+00:00,ETH,BUY,18.274117041140926,0.018274117041140927,0.15,S3_TREND
2026-04-24 07:00:00+00:00,SOL,BUY,27.53957811156033,0.027539578111560332,0.15,S3_TREND
2026-04-24 08:00:00+00:00,BTC,BUY,26.704119780935798,0.026704119780935797,0.15,S3_TREND
2026-04-24 08:00:00+00:00,ETH,SELL,15.403117583382482,0.015403117583382482,0.15,S3_TREND
2026-04-24 08:00:00+00:00,SOL,SELL,10.407379504003984,0.010407379504003984,0.15,S3_TREND
2026-04-24 09:00:00+00:00,BTC,SELL,22.746904359662953,0.022746904359662954,0.15,S3_TREND
2026-04-24 09:00:00+00:00,ETH,SELL,19.051937453847128,0.019051937453847128,0.15,S3_TREND
2026-04-24 09:00:00+00:00,SOL,BUY,28.86357382085407,0.028863573820854072,0.15,S3_TREND
2026-04-24 10:00:00+00:00,BTC,BUY,39.05605308769009,0.03905605308769009,0.15,S3_TREND
2026-04-24 10:00:00+00:00,ETH,BUY,22.643067284976496,0.022643067284976497,0.15,S3_TREND
2026-04-24 10:00:00+00:00,SOL,SELL,29.202613293380637,0.029202613293380638,0.15,S3_TREND
2026-04-24 11:00:00+00:00,BTC,SELL,23.797442601458897,0.0237974426014589,0.15,S3_TREND
2026-04-24 11:00:00+00:00,ETH,SELL,18.32802649691439,0.01832802649691439,0.15,S3_TREND
2026-04-24 11:00:00+00:00,SOL,SELL,7255.311888751741,7.255311888751741,0.075,S6_REVERSAL
2026-04-24 12:00:00+00:00,BTC,SELL,60.83515917828481,0.06083515917828481,0.15,S3_TREND
2026-04-24 12:00:00+00:00,ETH,SELL,45.579438757851676,0.04557943875785168,0.15,S3_TREND
2026-04-24 12:00:00+00:00,SOL,SELL,25.53351115079749,0.02553351115079749,0.075,S6_REVERSAL
2026-04-24 13:00:00+00:00,BTC,SELL,6.47662138096166,0.00647662138096166,0.15,S3_TREND
2026-04-24 13:00:00+00:00,ETH,SELL,7228.3644811062995,7.2283644811063,0.075,S6_REVERSAL
2026-04-24 13:00:00+00:00,SOL,SELL,11.73023365069821,0.01173023365069821,0.075,S6_REVERSAL
2026-04-24 14:00:00+00:00,BTC,BUY,20.546572198607464,0.020546572198607463,0.15,S3_TREND
2026-04-24 14:00:00+00:00,ETH,BUY,18.18222144003994,0.01818222144003994,0.075,S6_REVERSAL
2026-04-24 14:00:00+00:00,SOL,BUY,15.25970599876382,0.01525970599876382,0.075,S6_REVERSAL
2026-04-24 15:00:00+00:00,BTC,BUY,6.634837033187068,0.006634837033187069,0.15,S3_TREND
2026-04-24 15:00:00+00:00,ETH,BUY,10.296146806063916,0.010296146806063916,0.075,S6_REVERSAL
2026-04-24 16:00:00+00:00,BTC,BUY,10.648044134661177,0.010648044134661177,0.15,S3_TREND
2026-04-24 16:00:00+00:00,ETH,SELL,27.090815488264525,0.027090815488264527,0.075,S6_REVERSAL
2026-04-24 16:00:00+00:00,SOL,SELL,33.47814356290655,0.03347814356290656,0.075,S6_REVERSAL
2026-04-24 17:00:00+00:00,BTC,BUY,35.70500864595124,0.03570500864595124,0.15,S3_TREND
2026-04-24 17:00:00+00:00,ETH,BUY,15.833116337167667,0.015833116337167667,0.075,S6_REVERSAL
2026-04-24 17:00:00+00:00,SOL,BUY,8.616106878509527,0.008616106878509527,0.075,S6_REVERSAL
2026-04-24 18:00:00+00:00,BTC,BUY,18.282583850268566,0.018282583850268565,0.15,S3_TREND
2026-04-24 18:00:00+00:00,ETH,SELL,8.85412135723891,0.00885412135723891,0.075,S6_REVERSAL
2026-04-24 18:00:00+00:00,SOL,SELL,12.2739063148274,0.0122739063148274,0.075,S6_REVERSAL
2026-04-24 19:00:00+00:00,BTC,BUY,8.699092451075558,0.008699092451075557,0.15,S3_TREND
2026-04-24 19:00:00+00:00,ETH,SELL,2.6241751262859907,0.0026241751262859906,0.075,S6_REVERSAL
2026-04-24 19:00:00+00:00,SOL,BUY,8.477431960310241,0.008477431960310242,0.075,S6_REVERSAL
2026-04-24 20:00:00+00:00,BTC,SELL,1.5328724957525992,0.0015328724957525991,0.15,S3_TREND
2026-04-24 20:00:00+00:00,ETH,SELL,4.95645137793781,0.00495645137793781,0.075,S6_REVERSAL
2026-04-24 20:00:00+00:00,SOL,BUY,4.409324379747886,0.004409324379747886,0.075,S6_REVERSAL
2026-04-24 21:00:00+00:00,BTC,SELL,5.233093531071063,0.005233093531071063,0.15,S3_TREND
2026-04-24 21:00:00+00:00,ETH,SELL,9.48653664847825,0.00948653664847825,0.075,S6_REVERSAL
2026-04-24 21:00:00+00:00,SOL,SELL,7280.01513366494,7.28001513366494,0.0,CASH
2026-04-24 22:00:00+00:00,BTC,SELL,14448.741765359333,14.448741765359333,0.0,CASH
2026-04-24 22:00:00+00:00,ETH,BUY,29.388370125136134,0.029388370125136135,0.075,S6_REVERSAL
2026-04-24 23:00:00+00:00,ETH,BUY,8.338387264869198,0.008338387264869199,0.075,S6_REVERSAL
2026-04-25 00:00:00+00:00,ETH,SELL,8.82796434730517,0.00882796434730517,0.075,S6_REVERSAL
2026-04-25 01:00:00+00:00,ETH,SELL,3.0647851179746795,0.0030647851179746795,0.075,S6_REVERSAL
2026-04-25 02:00:00+00:00,BTC,BUY,7235.164473260895,7.235164473260895,0.075,S6_REVERSAL
2026-04-25 02:00:00+00:00,ETH,SELL,5.6924622266024025,0.005692462226602402,0.075,S6_REVERSAL
2026-04-25 03:00:00+00:00,BTC,SELL,6.394577081016906,0.006394577081016906,0.075,S6_REVERSAL
2026-04-25 03:00:00+00:00,ETH,BUY,1.6523061400203005,0.0016523061400203006,0.075,S6_REVERSAL
2026-04-25 04:00:00+00:00,BTC,SELL,5.9060898446414285,0.005906089844641429,0.075,S6_REVERSAL
2026-04-25 04:00:00+00:00,ETH,SELL,2.4767070228244847,0.002476707022824485,0.075,S6_REVERSAL
2026-04-25 05:00:00+00:00,BTC,BUY,4.7878189601487975,0.004787818960148797,0.075,S6_REVERSAL
2026-04-25 05:00:00+00:00,ETH,BUY,4.314440741738508,0.004314440741738508,0.075,S6_REVERSAL
2026-04-25 06:00:00+00:00,BTC,BUY,9.193231687097068,0.009193231687097068,0.075,S6_REVERSAL
2026-04-25 06:00:00+00:00,ETH,BUY,1.5208413069040034,0.0015208413069040035,0.075,S6_REVERSAL
2026-04-25 08:00:00+00:00,ETH,SELL,1.4222786901245854,0.0014222786901245854,0.075,S6_REVERSAL
2026-04-25 09:00:00+00:00,BTC,SELL,10.69114188691401,0.01069114188691401,0.075,S6_REVERSAL
2026-04-25 09:00:00+00:00,ETH,SELL,7.526254802241056,0.007526254802241056,0.075,S6_REVERSAL
2026-04-25 10:00:00+00:00,BTC,SELL,6.21207208130545,0.00621207208130545,0.075,S6_REVERSAL
2026-04-25 10:00:00+00:00,ETH,BUY,1.4195317753656127,0.0014195317753656128,0.075,S6_REVERSAL
2026-04-25 11:00:00+00:00,BTC,SELL,5.963461228314372,0.005963461228314372,0.075,S6_REVERSAL
2026-04-25 11:00:00+00:00,ETH,SELL,3.703222100036328,0.003703222100036328,0.075,S6_REVERSAL
2026-04-25 12:00:00+00:00,BTC,BUY,7.457133353174868,0.007457133353174868,0.075,S6_REVERSAL
2026-04-25 12:00:00+00:00,ETH,BUY,19.22553212942239,0.01922553212942239,0.075,S6_REVERSAL
2026-04-25 13:00:00+00:00,BTC,BUY,10.758016990449505,0.010758016990449506,0.075,S6_REVERSAL
2026-04-25 14:00:00+00:00,BTC,SELL,10.97897232244668,0.01097897232244668,0.075,S6_REVERSAL
2026-04-25 14:00:00+00:00,ETH,SELL,7.455908017879665,0.007455908017879665,0.075,S6_REVERSAL
2026-04-25 15:00:00+00:00,BTC,BUY,2.9586432444284583,0.0029586432444284583,0.075,S6_REVERSAL
2026-04-25 16:00:00+00:00,BTC,BUY,26.273679802213337,0.02627367980221334,0.075,S6_REVERSAL
2026-04-25 16:00:00+00:00,ETH,BUY,21.07942379432461,0.021079423794324613,0.075,S6_REVERSAL
2026-04-25 17:00:00+00:00,BTC,SELL,5.45724997060006,0.00545724997060006,0.075,S6_REVERSAL
2026-04-25 17:00:00+00:00,ETH,SELL,3.764428531098929,0.003764428531098929,0.075,S6_REVERSAL
2026-04-25 18:00:00+00:00,BTC,BUY,13.0499411939536,0.0130499411939536,0.075,S6_REVERSAL
2026-04-25 19:00:00+00:00,BTC,SELL,5.306841492115383,0.005306841492115383,0.075,S6_REVERSAL
2026-04-25 19:00:00+00:00,ETH,SELL,6.413030804860682,0.0064130308048606826,0.075,S6_REVERSAL
2026-04-25 20:00:00+00:00,BTC,SELL,1.821325194964629,0.001821325194964629,0.075,S6_REVERSAL
2026-04-25 20:00:00+00:00,ETH,BUY,4.430127695615738,0.0044301276956157385,0.075,S6_REVERSAL
2026-04-25 20:00:00+00:00,SOL,BUY,14462.549888735452,14.462549888735452,0.15,S3_TREND
2026-04-25 21:00:00+00:00,BTC,SELL,10.460849088105533,0.010460849088105533,0.075,S6_REVERSAL
2026-04-25 21:00:00+00:00,ETH,SELL,6.37505821799914,0.00637505821799914,0.075,S6_REVERSAL
2026-04-25 21:00:00+00:00,SOL,SELL,30.164368608362565,0.030164368608362566,0.15,S3_TREND
2026-04-25 22:00:00+00:00,BTC,SELL,3.304786870830867,0.003304786870830867,0.075,S6_REVERSAL
2026-04-25 22:00:00+00:00,ETH,SELL,7.014189093729328,0.007014189093729329,0.075,S6_REVERSAL
2026-04-25 23:00:00+00:00,ETH,SELL,2.949542202389239,0.002949542202389239,0.075,S6_REVERSAL
2026-04-25 23:00:00+00:00,SOL,SELL,26.85205777135161,0.02685205777135161,0.15,S3_TREND
2026-04-26 00:00:00+00:00,BTC,SELL,4.162373601137915,0.004162373601137915,0.075,S6_REVERSAL
2026-04-26 00:00:00+00:00,ETH,SELL,3.5155289899830677,0.0035155289899830677,0.075,S6_REVERSAL
2026-04-26 00:00:00+00:00,SOL,SELL,9.67523962236919,0.009675239622369191,0.15,S3_TREND
2026-04-26 01:00:00+00:00,BTC,BUY,7.597160892901229,0.007597160892901229,0.075,S6_REVERSAL
2026-04-26 01:00:00+00:00,ETH,BUY,9.021705691851821,0.009021705691851822,0.075,S6_REVERSAL
2026-04-26 01:00:00+00:00,SOL,BUY,19.20356878473467,0.01920356878473467,0.15,S3_TREND
2026-04-26 02:00:00+00:00,BTC,BUY,2.442791622222103,0.002442791622222103,0.075,S6_REVERSAL
2026-04-26 02:00:00+00:00,ETH,BUY,3.3750557967878194,0.0033750557967878194,0.075,S6_REVERSAL
2026-04-26 02:00:00+00:00,SOL,BUY,7.28029370385957,0.007280293703859571,0.15,S3_TREND
2026-04-26 03:00:00+00:00,BTC,BUY,1.2842054733246187,0.0012842054733246187,0.075,S6_REVERSAL
2026-04-26 03:00:00+00:00,ETH,BUY,1.9992335911347254,0.0019992335911347254,0.075,S6_REVERSAL
2026-04-26 03:00:00+00:00,SOL,SELL,60.19033890989885,0.06019033890989885,0.15,S3_TREND
2026-04-26 04:00:00+00:00,BTC,BUY,3.348750856845072,0.003348750856845072,0.075,S6_REVERSAL
2026-04-26 04:00:00+00:00,ETH,BUY,8.982387022179864,0.008982387022179865,0.075,S6_REVERSAL
2026-04-26 04:00:00+00:00,SOL,BUY,54.413598794459176,0.05441359879445918,0.15,S3_TREND
2026-04-26 05:00:00+00:00,BTC,SELL,24.850844717270775,0.024850844717270774,0.075,S6_REVERSAL
2026-04-26 05:00:00+00:00,ETH,SELL,14.126289013015594,0.014126289013015594,0.075,S6_REVERSAL
2026-04-26 05:00:00+00:00,SOL,SELL,55.490885828223334,0.055490885828223334,0.15,S3_TREND
2026-04-26 06:00:00+00:00,BTC,SELL,7264.184317505723,7.264184317505723,0.0,CASH
2026-04-26 06:00:00+00:00,ETH,SELL,7276.346893250764,7.276346893250764,0.0,CASH
2026-04-26 06:00:00+00:00,SOL,BUY,7.651311411298593,0.007651311411298593,0.15,S3_TREND
2026-04-26 07:00:00+00:00,SOL,SELL,10.735571257102492,0.010735571257102493,0.15,S3_TREND
2026-04-26 08:00:00+00:00,SOL,SELL,18.520141179511484,0.018520141179511482,0.15,S3_TREND
2026-04-26 09:00:00+00:00,SOL,BUY,8.533333210854835,0.008533333210854834,0.15,S3_TREND
2026-04-26 10:00:00+00:00,SOL,BUY,4.269289188827315,0.004269289188827316,0.15,S3_TREND
2026-04-26 11:00:00+00:00,SOL,BUY,9.96695636849654,0.00996695636849654,0.15,S3_TREND
2026-04-26 12:00:00+00:00,SOL,SELL,2.8513393359535257,0.002851339335953526,0.15,S3_TREND
2026-04-26 13:00:00+00:00,SOL,BUY,56.985249276664035,0.056985249276664034,0.15,S3_TREND
2026-04-26 14:00:00+00:00,SOL,SELL,4.299352685537087,0.004299352685537087,0.15,S3_TREND
2026-04-26 15:00:00+00:00,ETH,BUY,14494.411640151915,14.494411640151915,0.15,S3_TREND
2026-04-26 15:00:00+00:00,SOL,SELL,42.89596356696711,0.042895963566967114,0.15,S3_TREND
2026-04-26 16:00:00+00:00,ETH,SELL,8.677185428456141,0.00867718542845614,0.15,S3_TREND
2026-04-26 16:00:00+00:00,SOL,SELL,18.990106089438996,0.018990106089438998,0.15,S3_TREND
2026-04-26 17:00:00+00:00,ETH,BUY,23.704346685173732,0.02370434668517373,0.15,S3_TREND
2026-04-26 17:00:00+00:00,SOL,BUY,13.744474428083777,0.013744474428083776,0.15,S3_TREND
2026-04-26 18:00:00+00:00,ETH,SELL,31.40718527154968,0.03140718527154968,0.15,S3_TREND
2026-04-26 18:00:00+00:00,SOL,SELL,9.652205853228224,0.009652205853228225,0.15,S3_TREND
2026-04-26 19:00:00+00:00,ETH,SELL,58.650541936945956,0.05865054193694596,0.15,S3_TREND
2026-04-26 19:00:00+00:00,SOL,SELL,29.671710808112042,0.029671710808112043,0.15,S3_TREND
2026-04-26 20:00:00+00:00,ETH,SELL,26.520174647877866,0.026520174647877866,0.15,S3_TREND
2026-04-26 20:00:00+00:00,SOL,SELL,4.974540987475848,0.004974540987475848,0.15,S3_TREND
2026-04-26 21:00:00+00:00,ETH,BUY,20.480270224512424,0.020480270224512424,0.15,S3_TREND
2026-04-26 21:00:00+00:00,SOL,BUY,23.910805846611765,0.023910805846611767,0.15,S3_TREND
2026-04-26 22:00:00+00:00,ETH,SELL,6.298098147726705,0.006298098147726705,0.15,S3_TREND
2026-04-26 22:00:00+00:00,SOL,SELL,16.820777458500743,0.016820777458500743,0.15,S3_TREND
2026-04-26 23:00:00+00:00,ETH,BUY,10.579421696771533,0.010579421696771533,0.15,S3_TREND
2026-04-26 23:00:00+00:00,SOL,BUY,10.523784830309523,0.010523784830309524,0.15,S3_TREND
2026-04-27 00:00:00+00:00,ETH,SELL,34.52469586607731,0.03452469586607731,0.15,S3_TREND
2026-04-27 00:00:00+00:00,SOL,SELL,21.475163615323254,0.021475163615323253,0.15,S3_TREND
2026-04-27 01:00:00+00:00,BTC,BUY,14556.207743737416,14.556207743737415,0.15,S3_TREND
2026-04-27 01:00:00+00:00,ETH,SELL,99.73864770474029,0.0997386477047403,0.15,S3_TREND
2026-04-27 01:00:00+00:00,SOL,SELL,38.83179972187281,0.03883179972187281,0.15,S3_TREND
2026-04-27 02:00:00+00:00,BTC,BUY,17.44014425266687,0.017440144252666868,0.15,S3_TREND
2026-04-27 02:00:00+00:00,ETH,SELL,11.812250206228782,0.011812250206228782,0.15,S3_TREND
2026-04-27 02:00:00+00:00,SOL,SELL,67.21001951865037,0.06721001951865037,0.15,S3_TREND
2026-04-27 03:00:00+00:00,BTC,BUY,21.507580649593365,0.021507580649593364,0.15,S3_TREND
2026-04-27 03:00:00+00:00,ETH,BUY,8.120233951798582,0.008120233951798582,0.15,S3_TREND
2026-04-27 03:00:00+00:00,SOL,SELL,5.066018601559335,0.005066018601559336,0.15,S3_TREND
2026-04-27 04:00:00+00:00,BTC,BUY,4.0462653755130304,0.004046265375513031,0.15,S3_TREND
2026-04-27 04:00:00+00:00,ETH,SELL,16.839672772721315,0.016839672772721314,0.15,S3_TREND
2026-04-27 04:00:00+00:00,SOL,BUY,14.46115430594,0.01446115430594,0.15,S3_TREND
2026-04-27 05:00:00+00:00,BTC,BUY,12.42685048367457,0.01242685048367457,0.15,S3_TREND
2026-04-27 05:00:00+00:00,ETH,BUY,52.08124350942853,0.05208124350942853,0.15,S3_TREND
2026-04-27 05:00:00+00:00,SOL,BUY,12.255489112290888,0.012255489112290888,0.15,S3_TREND
2026-04-27 06:00:00+00:00,BTC,BUY,84.55993989274612,0.08455993989274611,0.15,S3_TREND
2026-04-27 06:00:00+00:00,ETH,BUY,238.90082814514244,0.23890082814514244,0.15,S3_TREND
2026-04-27 06:00:00+00:00,SOL,BUY,135.62014476966579,0.1356201447696658,0.15,S3_TREND
2026-04-27 07:00:00+00:00,BTC,BUY,5.591780390743224,0.005591780390743224,0.15,S3_TREND
2026-04-27 07:00:00+00:00,ETH,BUY,3.1625742935211747,0.003162574293521175,0.15,S3_TREND
2026-04-27 07:00:00+00:00,SOL,BUY,28.335306699580542,0.028335306699580544,0.15,S3_TREND
2026-04-27 08:00:00+00:00,BTC,SELL,1.2740749464483088,0.0012740749464483089,0.15,S3_TREND
2026-04-27 08:00:00+00:00,ETH,BUY,12.480378110274614,0.012480378110274614,0.15,S3_TREND
2026-04-27 08:00:00+00:00,SOL,BUY,57.00899622237557,0.057008996222375576,0.15,S3_TREND
2026-04-27 09:00:00+00:00,BTC,SELL,21.667924979406962,0.021667924979406963,0.15,S3_TREND
2026-04-27 09:00:00+00:00,ETH,SELL,7.868672835376856,0.007868672835376856,0.15,S3_TREND
2026-04-27 09:00:00+00:00,SOL,SELL,25.501723072731696,0.025501723072731696,0.15,S3_TREND
2026-04-27 10:00:00+00:00,BTC,SELL,13.481085430001258,0.013481085430001259,0.15,S3_TREND
2026-04-27 10:00:00+00:00,ETH,SELL,11.355713304114033,0.011355713304114034,0.15,S3_TREND
2026-04-27 10:00:00+00:00,SOL,BUY,9.280326307967698,0.009280326307967698,0.15,S3_TREND
2026-04-27 11:00:00+00:00,BTC,SELL,1.3843177294529596,0.0013843177294529596,0.15,S3_TREND
2026-04-27 11:00:00+00:00,ETH,BUY,2.0866484352227417,0.002086648435222742,0.15,S3_TREND
2026-04-27 11:00:00+00:00,SOL,BUY,38.243101974816454,0.03824310197481646,0.15,S3_TREND
2026-04-27 12:00:00+00:00,BTC,BUY,2.906025189655338,0.0029060251896553383,0.15,S3_TREND
2026-04-27 12:00:00+00:00,SOL,SELL,14407.197681971144,14.407197681971144,0.0,CASH
2026-04-27 13:00:00+00:00,BTC,BUY,19.79278654510381,0.01979278654510381,0.15,S3_TREND
2026-04-27 13:00:00+00:00,ETH,BUY,26.393443787879733,0.026393443787879733,0.15,S3_TREND
2026-04-27 14:00:00+00:00,BTC,SELL,14.200130650495339,0.01420013065049534,0.15,S3_TREND
2026-04-27 14:00:00+00:00,ETH,BUY,11.814339374286646,0.011814339374286647,0.15,S3_TREND
2026-04-27 14:00:00+00:00,SOL,BUY,7192.39428135929,7.192394281359291,0.075,S6_REVERSAL
2026-04-27 15:00:00+00:00,BTC,SELL,8.286557637406077,0.008286557637406078,0.15,S3_TREND
2026-04-27 15:00:00+00:00,ETH,SELL,10.974881943087894,0.010974881943087895,0.15,S3_TREND
2026-04-27 15:00:00+00:00,SOL,SELL,6.2531741621851324,0.006253174162185133,0.075,S6_REVERSAL
2026-04-27 16:00:00+00:00,BTC,BUY,110.2354433725468,0.1102354433725468,0.15,S3_TREND
2026-04-27 16:00:00+00:00,ETH,BUY,167.8858806395201,0.16788588063952012,0.15,S3_TREND
2026-04-27 16:00:00+00:00,SOL,BUY,50.09020349125058,0.050090203491250575,0.075,S6_REVERSAL
2026-04-27 17:00:00+00:00,BTC,BUY,31.88253272201655,0.03188253272201655,0.15,S3_TREND
2026-04-27 17:00:00+00:00,ETH,SELL,19.88511103253768,0.01988511103253768,0.15,S3_TREND
2026-04-27 17:00:00+00:00,SOL,SELL,9.66969459813754,0.009669694598137539,0.075,S6_REVERSAL
2026-04-27 18:00:00+00:00,BTC,SELL,8.93433858870776,0.00893433858870776,0.15,S3_TREND
2026-04-27 18:00:00+00:00,ETH,SELL,41.93682306694609,0.04193682306694609,0.15,S3_TREND
2026-04-27 18:00:00+00:00,SOL,SELL,8.957794586875025,0.008957794586875026,0.075,S6_REVERSAL
2026-04-27 19:00:00+00:00,BTC,SELL,11.586463703755726,0.011586463703755726,0.15,S3_TREND
2026-04-27 19:00:00+00:00,ETH,SELL,5.0315547565096495,0.00503155475650965,0.15,S3_TREND
2026-04-27 19:00:00+00:00,SOL,SELL,5.7962785283589255,0.005796278528358925,0.075,S6_REVERSAL
2026-04-27 20:00:00+00:00,BTC,SELL,11.587406949656724,0.011587406949656725,0.15,S3_TREND
2026-04-27 20:00:00+00:00,ETH,SELL,5.852212475660053,0.005852212475660054,0.15,S3_TREND
2026-04-27 20:00:00+00:00,SOL,BUY,31.366707146004956,0.03136670714600496,0.075,S6_REVERSAL
2026-04-27 21:00:00+00:00,BTC,SELL,9.366690456006836,0.009366690456006837,0.15,S3_TREND
2026-04-27 21:00:00+00:00,ETH,SELL,9.944875616403806,0.009944875616403805,0.15,S3_TREND
2026-04-27 21:00:00+00:00,SOL,SELL,5.533652831491963,0.005533652831491964,0.075,S6_REVERSAL
2026-04-27 22:00:00+00:00,BTC,BUY,23.270801848646443,0.023270801848646442,0.15,S3_TREND
2026-04-27 22:00:00+00:00,ETH,BUY,18.142755223881977,0.01814275522388198,0.15,S3_TREND
2026-04-27 22:00:00+00:00,SOL,SELL,3.68066305400771,0.00368066305400771,0.075,S6_REVERSAL
2026-04-27 23:00:00+00:00,BTC,SELL,34.43090655393462,0.03443090655393462,0.15,S3_TREND
2026-04-27 23:00:00+00:00,ETH,SELL,26.233651550943254,0.026233651550943253,0.15,S3_TREND
2026-04-27 23:00:00+00:00,SOL,SELL,13.233227967285528,0.013233227967285528,0.075,S6_REVERSAL
2026-04-28 00:00:00+00:00,BTC,SELL,35.82795380083917,0.03582795380083917,0.15,S3_TREND
2026-04-28 00:00:00+00:00,ETH,SELL,37.22030211581477,0.03722030211581477,0.15,S3_TREND
2026-04-28 00:00:00+00:00,SOL,SELL,14.145281225694816,0.014145281225694816,0.075,S6_REVERSAL
2026-04-28 01:00:00+00:00,BTC,BUY,1.5763110006737406,0.0015763110006737407,0.15,S3_TREND
2026-04-28 01:00:00+00:00,ETH,SELL,16.209296342825837,0.01620929634282584,0.15,S3_TREND
2026-04-28 01:00:00+00:00,SOL,BUY,1.5584776933947069,0.0015584776933947068,0.075,S6_REVERSAL
2026-04-28 02:00:00+00:00,BTC,BUY,33.58780612627561,0.03358780612627561,0.15,S3_TREND
2026-04-28 02:00:00+00:00,ETH,BUY,29.589019069971982,0.029589019069971984,0.15,S3_TREND
2026-04-28 02:00:00+00:00,SOL,BUY,24.983210662086094,0.024983210662086093,0.075,S6_REVERSAL
2026-04-28 03:00:00+00:00,BTC,BUY,18.801181305949285,0.018801181305949287,0.15,S3_TREND
2026-04-28 03:00:00+00:00,ETH,BUY,42.08879915796933,0.042088799157969335,0.15,S3_TREND
2026-04-28 03:00:00+00:00,SOL,BUY,10.916636023323917,0.010916636023323918,0.075,S6_REVERSAL
2026-04-28 04:00:00+00:00,BTC,BUY,13.82996701245429,0.01382996701245429,0.15,S3_TREND
2026-04-28 04:00:00+00:00,ETH,SELL,11.735009557687588,0.011735009557687588,0.15,S3_TREND
2026-04-28 05:00:00+00:00,BTC,SELL,15.296519713119778,0.015296519713119778,0.15,S3_TREND
2026-04-28 05:00:00+00:00,ETH,BUY,12.994818020608363,0.012994818020608364,0.15,S3_TREND
2026-04-28 05:00:00+00:00,SOL,BUY,8.370112747075837,0.008370112747075836,0.075,S6_REVERSAL
2026-04-28 06:00:00+00:00,BTC,BUY,1.823218345434725,0.001823218345434725,0.15,S3_TREND
2026-04-28 06:00:00+00:00,ETH,BUY,4.2467004065001674,0.004246700406500168,0.15,S3_TREND
2026-04-28 06:00:00+00:00,SOL,SELL,12.065422470180238,0.012065422470180238,0.075,S6_REVERSAL
2026-04-28 07:00:00+00:00,BTC,BUY,13.103149695607499,0.013103149695607498,0.15,S3_TREND
2026-04-28 07:00:00+00:00,ETH,BUY,47.92026159123452,0.047920261591234525,0.15,S3_TREND
2026-04-28 07:00:00+00:00,SOL,BUY,13.205893142799141,0.013205893142799142,0.075,S6_REVERSAL
2026-04-28 08:00:00+00:00,BTC,SELL,14.72033122441644,0.014720331224416442,0.15,S3_TREND
2026-04-28 08:00:00+00:00,ETH,SELL,50.16101737045392,0.05016101737045392,0.15,S3_TREND
2026-04-28 08:00:00+00:00,SOL,BUY,2.378409969871427,0.0023784099698714273,0.075,S6_REVERSAL
2026-04-28 09:00:00+00:00,BTC,BUY,1.6258710619767953,0.0016258710619767953,0.15,S3_TREND
2026-04-28 09:00:00+00:00,ETH,BUY,3.593062292187824,0.003593062292187824,0.15,S3_TREND
2026-04-28 09:00:00+00:00,SOL,BUY,4.00034878313636,0.00400034878313636,0.075,S6_REVERSAL
2026-04-28 10:00:00+00:00,BTC,BUY,32.78774047608567,0.032787740476085674,0.15,S3_TREND
2026-04-28 10:00:00+00:00,ETH,BUY,14.349586251706569,0.01434958625170657,0.15,S3_TREND
2026-04-28 10:00:00+00:00,SOL,SELL,7133.924508828629,7.133924508828629,0.0,CASH
2026-04-28 11:00:00+00:00,BTC,SELL,2.1937057421346253,0.0021937057421346252,0.15,S3_TREND
2026-04-28 11:00:00+00:00,ETH,SELL,12.49415917611259,0.01249415917611259,0.15,S3_TREND
2026-04-28 12:00:00+00:00,BTC,SELL,7090.352268306023,7.090352268306023,0.075,S6_REVERSAL
2026-04-28 12:00:00+00:00,ETH,BUY,38.01122937180844,0.03801122937180844,0.15,S3_TREND
2026-04-28 13:00:00+00:00,BTC,SELL,11.56419890099005,0.01156419890099005,0.075,S6_REVERSAL
2026-04-28 13:00:00+00:00,ETH,SELL,14.589873269307645,0.014589873269307645,0.15,S3_TREND
2026-04-28 14:00:00+00:00,BTC,BUY,14.890236400568028,0.014890236400568028,0.075,S6_REVERSAL
2026-04-28 14:00:00+00:00,ETH,SELL,7135.844471694698,7.135844471694698,0.075,S6_REVERSAL
2026-04-28 14:00:00+00:00,SOL,BUY,7143.200878180551,7.143200878180551,0.075,S6_REVERSAL
2026-04-28 15:00:00+00:00,BTC,BUY,18.20536109896875,0.018205361098968753,0.075,S6_REVERSAL
2026-04-28 15:00:00+00:00,ETH,BUY,4.912434676116391,0.0049124346761163906,0.075,S6_REVERSAL
2026-04-28 15:00:00+00:00,SOL,BUY,6.833982813899638,0.006833982813899638,0.075,S6_REVERSAL
2026-04-28 16:00:00+00:00,BTC,SELL,8.310695689531713,0.008310695689531713,0.075,S6_REVERSAL
2026-04-28 16:00:00+00:00,ETH,SELL,17.218181847501,0.017218181847501002,0.075,S6_REVERSAL
2026-04-28 16:00:00+00:00,SOL,SELL,1.6519137610530379,0.001651913761053038,0.075,S6_REVERSAL
2026-04-28 17:00:00+00:00,BTC,SELL,2.818736466267182,0.002818736466267182,0.075,S6_REVERSAL
2026-04-28 17:00:00+00:00,ETH,SELL,17.421669325205585,0.017421669325205585,0.075,S6_REVERSAL
2026-04-28 17:00:00+00:00,SOL,SELL,7.578680113196241,0.007578680113196241,0.075,S6_REVERSAL
2026-04-28 18:00:00+00:00,BTC,SELL,4.1481600799234,0.0041481600799234,0.075,S6_REVERSAL
2026-04-28 18:00:00+00:00,ETH,SELL,12.523737887578136,0.012523737887578136,0.075,S6_REVERSAL
2026-04-28 19:00:00+00:00,BTC,SELL,2.0220008954438526,0.0020220008954438527,0.075,S6_REVERSAL
2026-04-28 19:00:00+00:00,ETH,SELL,16.30999166588481,0.01630999166588481,0.075,S6_REVERSAL
2026-04-28 19:00:00+00:00,SOL,SELL,14.840548460276297,0.014840548460276298,0.075,S6_REVERSAL
2026-04-28 20:00:00+00:00,BTC,SELL,6.025615513695811,0.006025615513695811,0.075,S6_REVERSAL
2026-04-28 20:00:00+00:00,ETH,SELL,13.261034573148208,0.013261034573148209,0.075,S6_REVERSAL
2026-04-28 20:00:00+00:00,SOL,SELL,4.523100427919417,0.004523100427919416,0.075,S6_REVERSAL
2026-04-28 21:00:00+00:00,BTC,SELL,13.72291868621869,0.013722918686218692,0.075,S6_REVERSAL
2026-04-28 21:00:00+00:00,ETH,BUY,18.64936640038195,0.01864936640038195,0.075,S6_REVERSAL
2026-04-28 21:00:00+00:00,SOL,BUY,8.112967952459258,0.008112967952459258,0.075,S6_REVERSAL
2026-04-28 22:00:00+00:00,BTC,BUY,7.646224010371043,0.007646224010371043,0.075,S6_REVERSAL
2026-04-28 22:00:00+00:00,ETH,BUY,14.572586660374327,0.014572586660374327,0.075,S6_REVERSAL
2026-04-28 22:00:00+00:00,SOL,BUY,1.9266115292666655,0.0019266115292666656,0.075,S6_REVERSAL
2026-04-28 23:00:00+00:00,BTC,BUY,8.965505299717734,0.008965505299717734,0.075,S6_REVERSAL
2026-04-28 23:00:00+00:00,ETH,BUY,10.530734718781787,0.010530734718781787,0.075,S6_REVERSAL
2026-04-29 00:00:00+00:00,BTC,SELL,5.785352841927306,0.005785352841927306,0.075,S6_REVERSAL
2026-04-29 00:00:00+00:00,ETH,SELL,6.514101877727625,0.006514101877727625,0.075,S6_REVERSAL
2026-04-29 00:00:00+00:00,SOL,SELL,26.324186991613715,0.026324186991613714,0.075,S6_REVERSAL
2026-04-29 01:00:00+00:00,BTC,SELL,13.960816344490013,0.013960816344490014,0.075,S6_REVERSAL
2026-04-29 01:00:00+00:00,ETH,SELL,7.451514789398061,0.007451514789398061,0.075,S6_REVERSAL
2026-04-29 01:00:00+00:00,SOL,BUY,1.8859153669563966,0.0018859153669563966,0.075,S6_REVERSAL
2026-04-29 02:00:00+00:00,BTC,SELL,4.839085291755509,0.004839085291755509,0.075,S6_REVERSAL
2026-04-29 02:00:00+00:00,SOL,SELL,7154.887397703337,7.154887397703337,0.0,CASH
2026-04-29 03:00:00+00:00,BTC,BUY,2.0563497646962787,0.002056349764696279,0.075,S6_REVERSAL
2026-04-29 03:00:00+00:00,ETH,BUY,10.067232816068099,0.010067232816068099,0.075,S6_REVERSAL
2026-04-29 04:00:00+00:00,BTC,SELL,7193.812166679454,7.193812166679455,0.0,CASH
2026-04-29 04:00:00+00:00,ETH,SELL,7221.298695903756,7.221298695903756,0.0,CASH
2026-04-29 19:00:00+00:00,BTC,BUY,7157.983141555805,7.157983141555805,0.075,S6_REVERSAL
2026-04-29 19:00:00+00:00,ETH,BUY,7157.983141555805,7.157983141555805,0.075,S6_REVERSAL
2026-04-29 19:00:00+00:00,SOL,BUY,7157.983141555805,7.157983141555805,0.075,S6_REVERSAL
2026-04-29 20:00:00+00:00,BTC,SELL,8.013760948468189,0.00801376094846819,0.075,S6_REVERSAL
2026-04-29 20:00:00+00:00,ETH,BUY,15.004248808139891,0.015004248808139891,0.075,S6_REVERSAL
2026-04-29 20:00:00+00:00,SOL,BUY,5.418439773183309,0.005418439773183309,0.075,S6_REVERSAL
2026-04-29 21:00:00+00:00,BTC,SELL,5.533466995038907,0.005533466995038907,0.075,S6_REVERSAL
2026-04-29 21:00:00+00:00,ETH,SELL,16.398505545252192,0.01639850554525219,0.075,S6_REVERSAL
2026-04-29 21:00:00+00:00,SOL,SELL,31.398610304131584,0.03139861030413158,0.075,S6_REVERSAL
2026-04-29 22:00:00+00:00,BTC,SELL,17.574923690393916,0.01757492369039392,0.075,S6_REVERSAL
2026-04-29 22:00:00+00:00,ETH,SELL,33.89585414832527,0.03389585414832527,0.075,S6_REVERSAL
2026-04-29 22:00:00+00:00,SOL,SELL,18.37713227464519,0.018377132274645193,0.075,S6_REVERSAL
2026-04-29 23:00:00+00:00,BTC,BUY,2.7092255199559077,0.0027092255199559078,0.075,S6_REVERSAL
2026-04-29 23:00:00+00:00,ETH,SELL,12.636657483983072,0.012636657483983071,0.075,S6_REVERSAL
2026-04-29 23:00:00+00:00,SOL,SELL,11.740066176594155,0.011740066176594155,0.075,S6_REVERSAL
2026-04-30 00:00:00+00:00,BTC,BUY,11.580115835754441,0.011580115835754442,0.075,S6_REVERSAL
2026-04-30 00:00:00+00:00,ETH,BUY,13.128057242612158,0.013128057242612158,0.075,S6_REVERSAL
2026-04-30 01:00:00+00:00,BTC,SELL,31.48858228422978,0.03148858228422978,0.075,S6_REVERSAL
2026-04-30 01:00:00+00:00,ETH,SELL,49.34648830104106,0.04934648830104106,0.075,S6_REVERSAL
2026-04-30 01:00:00+00:00,SOL,SELL,52.4905852477159,0.0524905852477159,0.075,S6_REVERSAL
2026-04-30 02:00:00+00:00,ETH,BUY,8.585997508524088,0.008585997508524087,0.075,S6_REVERSAL
2026-04-30 02:00:00+00:00,SOL,BUY,3.107488373381784,0.003107488373381784,0.075,S6_REVERSAL
2026-04-30 03:00:00+00:00,BTC,BUY,35.61630930583124,0.03561630930583124,0.075,S6_REVERSAL
2026-04-30 03:00:00+00:00,ETH,BUY,62.24174772381775,0.062241747723817756,0.075,S6_REVERSAL
2026-04-30 03:00:00+00:00,SOL,BUY,51.565165792188054,0.051565165792188054,0.075,S6_REVERSAL
2026-04-30 04:00:00+00:00,BTC,SELL,17.099599397148268,0.01709959939714827,0.075,S6_REVERSAL
2026-04-30 04:00:00+00:00,ETH,SELL,21.87382528095077,0.02187382528095077,0.075,S6_REVERSAL
2026-04-30 04:00:00+00:00,SOL,SELL,2.871315192588554,0.002871315192588554,0.075,S6_REVERSAL
2026-04-30 05:00:00+00:00,BTC,BUY,29.965217157157895,0.029965217157157897,0.075,S6_REVERSAL
2026-04-30 05:00:00+00:00,ETH,BUY,34.63269474954359,0.03463269474954359,0.075,S6_REVERSAL
2026-04-30 05:00:00+00:00,SOL,BUY,46.225629188175844,0.04622562918817585,0.075,S6_REVERSAL
2026-04-30 06:00:00+00:00,BTC,SELL,7.033520089661578,0.007033520089661578,0.075,S6_REVERSAL
2026-04-30 06:00:00+00:00,ETH,SELL,9.34460678780033,0.00934460678780033,0.075,S6_REVERSAL
2026-04-30 06:00:00+00:00,SOL,SELL,12.027290091554276,0.012027290091554276,0.075,S6_REVERSAL
2026-04-30 07:00:00+00:00,BTC,SELL,9.711563653056146,0.009711563653056147,0.075,S6_REVERSAL
2026-04-30 07:00:00+00:00,ETH,SELL,12.002822644071784,0.012002822644071785,0.075,S6_REVERSAL
2026-04-30 07:00:00+00:00,SOL,SELL,28.12902445184045,0.028129024451840453,0.075,S6_REVERSAL
2026-04-30 08:00:00+00:00,BTC,SELL,30.1817644724797,0.0301817644724797,0.075,S6_REVERSAL
2026-04-30 08:00:00+00:00,ETH,SELL,30.71879572720991,0.03071879572720991,0.075,S6_REVERSAL
2026-04-30 08:00:00+00:00,SOL,SELL,26.130821568525793,0.026130821568525794,0.075,S6_REVERSAL
2026-04-30 09:00:00+00:00,BTC,BUY,6.654417758490126,0.006654417758490127,0.075,S6_REVERSAL
2026-04-30 09:00:00+00:00,ETH,BUY,8.521489607581316,0.008521489607581315,0.075,S6_REVERSAL
2026-04-30 09:00:00+00:00,SOL,BUY,16.70002723087873,0.016700027230878732,0.075,S6_REVERSAL
2026-04-30 10:00:00+00:00,BTC,SELL,2.033953730855501,0.002033953730855501,0.075,S6_REVERSAL
2026-04-30 10:00:00+00:00,ETH,SELL,14.908783401516303,0.014908783401516303,0.075,S6_REVERSAL
2026-04-30 11:00:00+00:00,BTC,BUY,5.164933361696967,0.0051649333616969675,0.075,S6_REVERSAL
2026-04-30 11:00:00+00:00,ETH,SELL,1.7372547973272958,0.001737254797327296,0.075,S6_REVERSAL
2026-04-30 11:00:00+00:00,SOL,BUY,9.839405950518085,0.009839405950518085,0.075,S6_REVERSAL
2026-04-30 12:00:00+00:00,BTC,SELL,3.592770237974946,0.003592770237974946,0.075,S6_REVERSAL
2026-04-30 12:00:00+00:00,ETH,BUY,11.416896230700331,0.011416896230700331,0.075,S6_REVERSAL
2026-04-30 13:00:00+00:00,BTC,SELL,18.62315700200179,0.01862315700200179,0.075,S6_REVERSAL
2026-04-30 13:00:00+00:00,ETH,SELL,18.259594167524483,0.018259594167524484,0.075,S6_REVERSAL
2026-04-30 13:00:00+00:00,SOL,SELL,13.977443925788068,0.013977443925788069,0.075,S6_REVERSAL
2026-04-30 14:00:00+00:00,BTC,SELL,10.111905373613808,0.01011190537361381,0.075,S6_REVERSAL
2026-04-30 14:00:00+00:00,ETH,BUY,5.3554430807935205,0.005355443080793521,0.075,S6_REVERSAL
2026-04-30 15:00:00+00:00,BTC,BUY,9.963634002043364,0.009963634002043364,0.075,S6_REVERSAL
2026-04-30 15:00:00+00:00,ETH,BUY,4.794013685229402,0.004794013685229402,0.075,S6_REVERSAL
2026-04-30 15:00:00+00:00,SOL,SELL,1.6743328086413387,0.0016743328086413387,0.075,S6_REVERSAL
2026-04-30 16:00:00+00:00,BTC,SELL,13.269150708229972,0.013269150708229973,0.075,S6_REVERSAL
2026-04-30 16:00:00+00:00,ETH,SELL,8.799423167789428,0.008799423167789427,0.075,S6_REVERSAL
2026-04-30 16:00:00+00:00,SOL,SELL,8.270135290809776,0.008270135290809777,0.075,S6_REVERSAL
2026-04-30 17:00:00+00:00,BTC,BUY,14.243724854432912,0.014243724854432913,0.075,S6_REVERSAL
2026-04-30 17:00:00+00:00,ETH,BUY,21.093083815821956,0.021093083815821957,0.075,S6_REVERSAL
2026-04-30 17:00:00+00:00,SOL,BUY,23.56715471599,0.02356715471599,0.075,S6_REVERSAL
2026-04-30 18:00:00+00:00,BTC,BUY,1.2326329336747222,0.0012326329336747222,0.075,S6_REVERSAL
2026-04-30 18:00:00+00:00,ETH,SELL,2.63276787479208,0.00263276787479208,0.075,S6_REVERSAL
2026-04-30 19:00:00+00:00,BTC,SELL,7180.327300047183,7.180327300047183,0.0,CASH
2026-04-30 19:00:00+00:00,ETH,SELL,4.123621782993723,0.004123621782993723,0.075,S6_REVERSAL
2026-04-30 19:00:00+00:00,SOL,SELL,1.9537261708683218,0.001953726170868322,0.075,S6_REVERSAL
2026-04-30 20:00:00+00:00,ETH,SELL,6.950997990522411,0.006950997990522411,0.075,S6_REVERSAL
2026-04-30 20:00:00+00:00,SOL,BUY,1.5678856079894103,0.0015678856079894103,0.075,S6_REVERSAL
2026-04-30 21:00:00+00:00,ETH,SELL,6.533627141481702,0.006533627141481702,0.075,S6_REVERSAL
2026-04-30 21:00:00+00:00,SOL,SELL,4.232896082470688,0.004232896082470688,0.075,S6_REVERSAL
2026-04-30 22:00:00+00:00,ETH,BUY,22.03384312507842,0.02203384312507842,0.075,S6_REVERSAL
2026-04-30 22:00:00+00:00,SOL,BUY,17.249201117669145,0.017249201117669144,0.075,S6_REVERSAL
2026-04-30 23:00:00+00:00,ETH,BUY,5.928261449380443,0.005928261449380443,0.075,S6_REVERSAL
2026-05-01 00:00:00+00:00,ETH,SELL,8.03291160077788,0.008032911600777879,0.075,S6_REVERSAL
2026-05-01 00:00:00+00:00,SOL,SELL,18.120426236120693,0.018120426236120694,0.075,S6_REVERSAL
2026-05-01 01:00:00+00:00,ETH,SELL,6.606553686088774,0.006606553686088775,0.075,S6_REVERSAL
2026-05-01 01:00:00+00:00,SOL,SELL,8.190561609560973,0.008190561609560974,0.075,S6_REVERSAL
2026-05-01 02:00:00+00:00,ETH,SELL,20.037206096987575,0.020037206096987576,0.075,S6_REVERSAL
2026-05-01 02:00:00+00:00,SOL,SELL,31.64879623079378,0.03164879623079378,0.075,S6_REVERSAL
2026-05-01 03:00:00+00:00,ETH,BUY,2.3674227720193812,0.0023674227720193813,0.075,S6_REVERSAL
2026-05-01 04:00:00+00:00,ETH,SELL,44.84866446475098,0.044848664464750984,0.075,S6_REVERSAL
2026-05-01 04:00:00+00:00,SOL,SELL,18.64406477265038,0.018644064772650383,0.075,S6_REVERSAL
2026-05-01 05:00:00+00:00,ETH,BUY,7.449871298036669,0.007449871298036669,0.075,S6_REVERSAL
2026-05-01 05:00:00+00:00,SOL,BUY,6.4708933030442495,0.0064708933030442495,0.075,S6_REVERSAL
2026-05-01 06:00:00+00:00,ETH,SELL,7.571469576811978,0.007571469576811978,0.075,S6_REVERSAL
2026-05-01 06:00:00+00:00,SOL,SELL,19.07186571871989,0.019071865718719893,0.075,S6_REVERSAL
2026-05-01 07:00:00+00:00,ETH,BUY,15.595729142492019,0.015595729142492019,0.075,S6_REVERSAL
2026-05-01 07:00:00+00:00,SOL,SELL,7166.608160430494,7.166608160430494,0.0,CASH
2026-05-01 08:00:00+00:00,ETH,SELL,6.488555355583231,0.006488555355583231,0.075,S6_REVERSAL
2026-05-01 09:00:00+00:00,ETH,SELL,7204.397599870529,7.204397599870529,0.0,CASH
2026-05-01 20:00:00+00:00,BTC,BUY,14364.411827276546,14.364411827276546,0.15,S3_TREND
2026-05-01 21:00:00+00:00,BTC,BUY,72.61057074718883,0.07261057074718884,0.15,S3_TREND
2026-05-01 22:00:00+00:00,BTC,SELL,50.09744520131426,0.05009744520131426,0.15,S3_TREND
2026-05-01 23:00:00+00:00,BTC,BUY,7.269751331688894,0.007269751331688895,0.15,S3_TREND
2026-05-02 00:00:00+00:00,BTC,SELL,12.142778004696083,0.012142778004696084,0.15,S3_TREND
2026-05-02 01:00:00+00:00,BTC,SELL,17.259776700178918,0.01725977670017892,0.15,S3_TREND
2026-05-02 02:00:00+00:00,BTC,SELL,2.0672556427198288,0.002067255642719829,0.15,S3_TREND
2026-05-02 04:00:00+00:00,BTC,SELL,7.009818420325246,0.007009818420325246,0.15,S3_TREND
2026-05-02 05:00:00+00:00,BTC,BUY,34.95776042233956,0.034957760422339564,0.15,S3_TREND
2026-05-02 06:00:00+00:00,ETH,BUY,14357.166341946013,14.357166341946012,0.15,S3_TREND
2026-05-02 06:00:00+00:00,SOL,BUY,14357.166341946013,14.357166341946012,0.15,S3_TREND
2026-05-02 07:00:00+00:00,BTC,SELL,19.258984710106233,0.019258984710106234,0.15,S3_TREND
2026-05-02 07:00:00+00:00,ETH,SELL,29.515929431900076,0.029515929431900078,0.15,S3_TREND
2026-05-02 07:00:00+00:00,SOL,SELL,11.823266040528324,0.011823266040528324,0.15,S3_TREND
2026-05-02 08:00:00+00:00,BTC,BUY,9.94537973487786,0.00994537973487786,0.15,S3_TREND
2026-05-02 08:00:00+00:00,ETH,BUY,18.711594880347548,0.018711594880347546,0.15,S3_TREND
2026-05-02 08:00:00+00:00,SOL,BUY,7.310998809221928,0.007310998809221928,0.15,S3_TREND
2026-05-02 09:00:00+00:00,BTC,SELL,9.615226465168234,0.009615226465168235,0.15,S3_TREND
2026-05-02 09:00:00+00:00,ETH,SELL,6.650308436501291,0.0066503084365012914,0.15,S3_TREND
2026-05-02 09:00:00+00:00,SOL,SELL,12.688185633476678,0.012688185633476678,0.15,S3_TREND
2026-05-02 10:00:00+00:00,BTC,BUY,9.178469247237445,0.009178469247237444,0.15,S3_TREND
2026-05-02 10:00:00+00:00,ETH,SELL,5.9807978183871455,0.005980797818387146,0.15,S3_TREND
2026-05-02 10:00:00+00:00,SOL,SELL,22.226996550696636,0.022226996550696636,0.15,S3_TREND
2026-05-02 11:00:00+00:00,BTC,BUY,3.6163130239328893,0.0036163130239328894,0.15,S3_TREND
2026-05-02 11:00:00+00:00,ETH,BUY,5.40466553875558,0.00540466553875558,0.15,S3_TREND
2026-05-02 11:00:00+00:00,SOL,BUY,7.466185047853287,0.0074661850478532875,0.15,S3_TREND
2026-05-02 12:00:00+00:00,BTC,BUY,9.055019641138642,0.009055019641138643,0.15,S3_TREND
2026-05-02 12:00:00+00:00,ETH,SELL,1.4023109308218409,0.001402310930821841,0.15,S3_TREND
2026-05-02 12:00:00+00:00,SOL,BUY,30.62684760231059,0.030626847602310592,0.15,S3_TREND
2026-05-02 13:00:00+00:00,BTC,SELL,4.926975442363982,0.004926975442363982,0.15,S3_TREND
2026-05-02 13:00:00+00:00,ETH,SELL,1.387232851875524,0.0013872328518755239,0.15,S3_TREND
2026-05-02 13:00:00+00:00,SOL,SELL,21.56272595298651,0.02156272595298651,0.15,S3_TREND
2026-05-02 14:00:00+00:00,BTC,SELL,18.01517026691363,0.018015170266913627,0.15,S3_TREND
2026-05-02 14:00:00+00:00,ETH,SELL,17.770051015946592,0.017770051015946593,0.15,S3_TREND
2026-05-02 14:00:00+00:00,SOL,SELL,3.1013006408393267,0.003101300640839327,0.15,S3_TREND
2026-05-02 15:00:00+00:00,BTC,SELL,9.406941549112162,0.009406941549112162,0.15,S3_TREND
2026-05-02 15:00:00+00:00,ETH,BUY,9.687628687557662,0.009687628687557662,0.15,S3_TREND
2026-05-02 15:00:00+00:00,SOL,SELL,4.103955057153144,0.004103955057153144,0.15,S3_TREND
2026-05-02 16:00:00+00:00,BTC,SELL,6.057812213422949,0.006057812213422949,0.15,S3_TREND
2026-05-02 16:00:00+00:00,ETH,SELL,9.90047600086291,0.009900476000862909,0.15,S3_TREND
2026-05-02 16:00:00+00:00,SOL,SELL,4.653984109323574,0.0046539841093235735,0.15,S3_TREND
2026-05-02 17:00:00+00:00,BTC,BUY,9.308975635603929,0.00930897563560393,0.15,S3_TREND
2026-05-02 17:00:00+00:00,ETH,BUY,2.5179511569112947,0.0025179511569112948,0.15,S3_TREND
2026-05-02 17:00:00+00:00,SOL,SELL,24.048186368014285,0.024048186368014285,0.15,S3_TREND
2026-05-02 18:00:00+00:00,BTC,BUY,1.5898059176997776,0.0015898059176997776,0.15,S3_TREND
2026-05-02 18:00:00+00:00,ETH,BUY,12.379871044366155,0.012379871044366155,0.15,S3_TREND
2026-05-02 18:00:00+00:00,SOL,BUY,18.47233327165486,0.018472333271654862,0.15,S3_TREND
2026-05-02 19:00:00+00:00,BTC,SELL,2.4673035075356893,0.0024673035075356894,0.15,S3_TREND
2026-05-02 19:00:00+00:00,ETH,SELL,17.379306650847866,0.017379306650847866,0.15,S3_TREND
2026-05-02 19:00:00+00:00,SOL,SELL,17.25526233795972,0.01725526233795972,0.15,S3_TREND
2026-05-02 20:00:00+00:00,BTC,SELL,1.57168514161458,0.00157168514161458,0.15,S3_TREND
2026-05-02 20:00:00+00:00,ETH,SELL,2.772731297831342,0.002772731297831342,0.15,S3_TREND
2026-05-02 20:00:00+00:00,SOL,SELL,3.1036401433520955,0.0031036401433520953,0.15,S3_TREND
2026-05-02 21:00:00+00:00,BTC,BUY,4.881360235143802,0.004881360235143802,0.15,S3_TREND
2026-05-02 21:00:00+00:00,ETH,SELL,4.6826593972928094,0.004682659397292809,0.15,S3_TREND
2026-05-02 21:00:00+00:00,SOL,BUY,5.323515344512998,0.005323515344512998,0.15,S3_TREND
2026-05-02 22:00:00+00:00,BTC,SELL,19.511927562845813,0.019511927562845813,0.15,S3_TREND
2026-05-02 22:00:00+00:00,ETH,SELL,57.602011305219996,0.05760201130522,0.15,S3_TREND
2026-05-02 22:00:00+00:00,SOL,SELL,31.805871350195957,0.031805871350195955,0.15,S3_TREND
2026-05-02 23:00:00+00:00,BTC,SELL,18.91803115327457,0.01891803115327457,0.15,S3_TREND
2026-05-02 23:00:00+00:00,ETH,SELL,6.681800602918885,0.006681800602918885,0.15,S3_TREND
2026-05-02 23:00:00+00:00,SOL,BUY,18.856974921307483,0.018856974921307484,0.15,S3_TREND
2026-05-03 00:00:00+00:00,BTC,BUY,8.532404759169367,0.008532404759169367,0.15,S3_TREND
2026-05-03 00:00:00+00:00,ETH,BUY,43.88246477989014,0.04388246477989014,0.15,S3_TREND
2026-05-03 00:00:00+00:00,SOL,BUY,14.241859657442546,0.014241859657442547,0.15,S3_TREND
2026-05-03 01:00:00+00:00,BTC,BUY,15.064636042541679,0.01506463604254168,0.15,S3_TREND
2026-05-03 01:00:00+00:00,ETH,BUY,7.203014818867814,0.0072030148188678145,0.15,S3_TREND
2026-05-03 01:00:00+00:00,SOL,BUY,19.37990737127984,0.019379907371279842,0.15,S3_TREND
2026-05-03 02:00:00+00:00,BTC,BUY,29.029982615182234,0.029029982615182234,0.15,S3_TREND
2026-05-03 02:00:00+00:00,ETH,BUY,34.983615418812406,0.034983615418812404,0.15,S3_TREND
2026-05-03 02:00:00+00:00,SOL,BUY,31.98201926402362,0.03198201926402362,0.15,S3_TREND
2026-05-03 03:00:00+00:00,BTC,BUY,8.00657040790793,0.008006570407907929,0.15,S3_TREND
2026-05-03 03:00:00+00:00,SOL,BUY,9.064911979277895,0.009064911979277895,0.15,S3_TREND
2026-05-03 04:00:00+00:00,BTC,SELL,6.28577047237377,0.00628577047237377,0.15,S3_TREND
2026-05-03 04:00:00+00:00,ETH,BUY,8.752059057143924,0.008752059057143925,0.15,S3_TREND
2026-05-03 05:00:00+00:00,BTC,BUY,6.903387970687618,0.0069033879706876175,0.15,S3_TREND
2026-05-03 05:00:00+00:00,ETH,BUY,1.890477942124562,0.0018904779421245622,0.15,S3_TREND
2026-05-03 05:00:00+00:00,SOL,SELL,7.834920521167078,0.007834920521167079,0.15,S3_TREND
2026-05-03 06:00:00+00:00,BTC,SELL,9.761396536832763,0.009761396536832763,0.15,S3_TREND
2026-05-03 06:00:00+00:00,ETH,SELL,10.018576923283035,0.010018576923283036,0.15,S3_TREND
2026-05-03 06:00:00+00:00,SOL,SELL,2.5023667174864386,0.0025023667174864385,0.15,S3_TREND
2026-05-03 07:00:00+00:00,BTC,SELL,5.448075402646282,0.005448075402646282,0.15,S3_TREND
2026-05-03 08:00:00+00:00,BTC,SELL,4.131336706863294,0.004131336706863295,0.15,S3_TREND
2026-05-03 08:00:00+00:00,ETH,SELL,20.916504054768666,0.020916504054768668,0.15,S3_TREND
2026-05-03 08:00:00+00:00,SOL,SELL,10.985210910515887,0.010985210910515887,0.15,S3_TREND
2026-05-03 09:00:00+00:00,BTC,SELL,4.512106537536965,0.0045121065375369656,0.15,S3_TREND
2026-05-03 09:00:00+00:00,ETH,BUY,6.166180905920555,0.006166180905920555,0.15,S3_TREND
2026-05-03 09:00:00+00:00,SOL,SELL,1.7083759433917294,0.0017083759433917294,0.15,S3_TREND
2026-05-03 10:00:00+00:00,BTC,SELL,10.066964840814762,0.010066964840814763,0.15,S3_TREND
2026-05-03 10:00:00+00:00,ETH,SELL,35.07944063146715,0.03507944063146715,0.15,S3_TREND
2026-05-03 10:00:00+00:00,SOL,SELL,13.211275579084033,0.013211275579084034,0.15,S3_TREND
2026-05-03 11:00:00+00:00,BTC,BUY,8.157797882628074,0.008157797882628074,0.15,S3_TREND
2026-05-03 11:00:00+00:00,ETH,BUY,16.568682848783283,0.016568682848783284,0.15,S3_TREND
2026-05-03 11:00:00+00:00,SOL,BUY,26.96452786648115,0.02696452786648115,0.15,S3_TREND
2026-05-03 12:00:00+00:00,BTC,SELL,27.504015108843305,0.027504015108843306,0.15,S3_TREND
2026-05-03 12:00:00+00:00,ETH,SELL,32.34627516167893,0.032346275161678935,0.15,S3_TREND
2026-05-03 12:00:00+00:00,SOL,SELL,6.048813687053553,0.006048813687053553,0.15,S3_TREND
2026-05-03 13:00:00+00:00,BTC,SELL,4.6598872782888066,0.004659887278288807,0.15,S3_TREND
2026-05-03 13:00:00+00:00,ETH,SELL,25.71674136857655,0.02571674136857655,0.15,S3_TREND
2026-05-03 13:00:00+00:00,SOL,SELL,13.706494816413397,0.013706494816413397,0.15,S3_TREND
2026-05-03 14:00:00+00:00,BTC,BUY,8.478137578442329,0.008478137578442329,0.15,S3_TREND
2026-05-03 14:00:00+00:00,ETH,BUY,15.993655666816267,0.015993655666816268,0.15,S3_TREND
2026-05-03 14:00:00+00:00,SOL,SELL,3.9079057292619837,0.003907905729261984,0.15,S3_TREND
2026-05-03 15:00:00+00:00,BTC,BUY,1.521693047525332,0.0015216930475253322,0.15,S3_TREND
2026-05-03 15:00:00+00:00,ETH,SELL,23.05815146530222,0.02305815146530222,0.15,S3_TREND
2026-05-03 15:00:00+00:00,SOL,SELL,31.709669711621245,0.031709669711621244,0.15,S3_TREND
2026-05-03 16:00:00+00:00,BTC,BUY,6.069764317033332,0.006069764317033332,0.15,S3_TREND
2026-05-03 16:00:00+00:00,ETH,SELL,8.278171373249279,0.00827817137324928,0.15,S3_TREND
2026-05-03 16:00:00+00:00,SOL,BUY,28.64691057789605,0.02864691057789605,0.15,S3_TREND
2026-05-03 17:00:00+00:00,BTC,BUY,1.9239099061887828,0.0019239099061887828,0.15,S3_TREND
2026-05-03 17:00:00+00:00,SOL,BUY,1.0078901215856604,0.0010078901215856604,0.15,S3_TREND
2026-05-03 18:00:00+00:00,BTC,SELL,6.684091018640174,0.006684091018640174,0.15,S3_TREND
2026-05-03 18:00:00+00:00,ETH,SELL,15.282110972271767,0.015282110972271766,0.15,S3_TREND
2026-05-03 18:00:00+00:00,SOL,SELL,2.1028359258762066,0.002102835925876207,0.15,S3_TREND
2026-05-03 19:00:00+00:00,BTC,SELL,1.435610352724325,0.001435610352724325,0.15,S3_TREND
2026-05-03 19:00:00+00:00,ETH,BUY,6.48906191050628,0.00648906191050628,0.15,S3_TREND
2026-05-03 19:00:00+00:00,SOL,SELL,9.156543489862088,0.009156543489862088,0.15,S3_TREND
2026-05-03 20:00:00+00:00,BTC,BUY,3.893162612164815,0.0038931626121648153,0.15,S3_TREND
2026-05-03 20:00:00+00:00,ETH,SELL,20.89350651984205,0.02089350651984205,0.15,S3_TREND
2026-05-03 20:00:00+00:00,SOL,SELL,11.143593384827907,0.011143593384827908,0.15,S3_TREND
2026-05-03 21:00:00+00:00,BTC,SELL,30.574815044672505,0.030574815044672507,0.15,S3_TREND
2026-05-03 21:00:00+00:00,ETH,BUY,35.092117914624396,0.035092117914624396,0.15,S3_TREND
2026-05-03 21:00:00+00:00,SOL,BUY,3.05288404192288,0.00305288404192288,0.15,S3_TREND
2026-05-03 22:00:00+00:00,BTC,BUY,3.0368408039594215,0.0030368408039594215,0.15,S3_TREND
2026-05-03 22:00:00+00:00,ETH,BUY,20.48229812871068,0.02048229812871068,0.15,S3_TREND
2026-05-03 22:00:00+00:00,SOL,BUY,21.808326033646154,0.021808326033646155,0.15,S3_TREND
2026-05-03 23:00:00+00:00,BTC,SELL,21.84988301825251,0.02184988301825251,0.15,S3_TREND
2026-05-03 23:00:00+00:00,ETH,SELL,80.27996144390454,0.08027996144390454,0.15,S3_TREND
2026-05-03 23:00:00+00:00,SOL,SELL,49.41927893717366,0.04941927893717366,0.15,S3_TREND
2026-05-04 00:00:00+00:00,BTC,BUY,55.29377413682232,0.05529377413682232,0.15,S3_TREND
2026-05-04 00:00:00+00:00,ETH,BUY,75.14211450319817,0.07514211450319817,0.15,S3_TREND
2026-05-04 00:00:00+00:00,SOL,BUY,73.90211303277101,0.07390211303277101,0.15,S3_TREND
2026-05-04 01:00:00+00:00,BTC,SELL,3.4307724391146626,0.0034307724391146625,0.15,S3_TREND
2026-05-04 01:00:00+00:00,ETH,BUY,15.258814388835162,0.015258814388835163,0.15,S3_TREND
2026-05-04 01:00:00+00:00,SOL,BUY,14.939313748394852,0.014939313748394852,0.15,S3_TREND
2026-05-04 02:00:00+00:00,BTC,SELL,134.79140071916663,0.13479140071916662,0.15,S3_TREND
2026-05-04 02:00:00+00:00,ETH,SELL,110.7497377549189,0.1107497377549189,0.15,S3_TREND
2026-05-04 02:00:00+00:00,SOL,SELL,80.93382979315174,0.08093382979315175,0.15,S3_TREND
2026-05-04 03:00:00+00:00,BTC,SELL,28.06702095547007,0.028067020955470073,0.15,S3_TREND
2026-05-04 03:00:00+00:00,ETH,SELL,99.5662991292993,0.0995662991292993,0.15,S3_TREND
2026-05-04 03:00:00+00:00,SOL,SELL,38.44921793734284,0.038449217937342836,0.15,S3_TREND
2026-05-04 04:00:00+00:00,BTC,SELL,8.940629046448521,0.00894062904644852,0.15,S3_TREND
2026-05-04 04:00:00+00:00,ETH,SELL,46.503261798232415,0.046503261798232415,0.15,S3_TREND
2026-05-04 04:00:00+00:00,SOL,SELL,6.884936766666216,0.006884936766666216,0.15,S3_TREND
2026-05-04 05:00:00+00:00,BTC,BUY,11.591721292530565,0.011591721292530565,0.15,S3_TREND
2026-05-04 05:00:00+00:00,ETH,SELL,16.08653061327459,0.01608653061327459,0.15,S3_TREND
2026-05-04 05:00:00+00:00,SOL,SELL,48.527939114061155,0.048527939114061155,0.15,S3_TREND
2026-05-04 06:00:00+00:00,BTC,BUY,24.522843803655633,0.024522843803655634,0.15,S3_TREND
2026-05-04 06:00:00+00:00,ETH,BUY,54.11415562770526,0.05411415562770526,0.15,S3_TREND
2026-05-04 06:00:00+00:00,SOL,BUY,33.77894834658218,0.03377894834658218,0.15,S3_TREND
2026-05-04 07:00:00+00:00,BTC,BUY,2.8765124841374927,0.0028765124841374926,0.15,S3_TREND
2026-05-04 07:00:00+00:00,ETH,BUY,23.31698572168534,0.023316985721685342,0.15,S3_TREND
2026-05-04 07:00:00+00:00,SOL,BUY,62.49388353318864,0.06249388353318864,0.15,S3_TREND
2026-05-04 08:00:00+00:00,BTC,BUY,22.512836253556088,0.022512836253556087,0.15,S3_TREND
2026-05-04 08:00:00+00:00,ETH,BUY,24.03382852150571,0.02403382852150571,0.15,S3_TREND
2026-05-04 08:00:00+00:00,SOL,SELL,8.651605518994984,0.008651605518994984,0.15,S3_TREND
2026-05-04 09:00:00+00:00,BTC,SELL,6.8809321492281015,0.006880932149228101,0.15,S3_TREND
2026-05-04 09:00:00+00:00,ETH,BUY,12.075416707011755,0.012075416707011755,0.15,S3_TREND
2026-05-04 09:00:00+00:00,SOL,BUY,12.28390072207003,0.01228390072207003,0.15,S3_TREND
2026-05-04 10:00:00+00:00,BTC,SELL,5.200921565057797,0.005200921565057797,0.15,S3_TREND
2026-05-04 10:00:00+00:00,ETH,SELL,34.804198576384806,0.03480419857638481,0.15,S3_TREND
2026-05-04 10:00:00+00:00,SOL,SELL,27.668758358748164,0.027668758358748165,0.15,S3_TREND
2026-05-04 11:00:00+00:00,BTC,BUY,85.17406675525854,0.08517406675525854,0.15,S3_TREND
2026-05-04 11:00:00+00:00,ETH,BUY,107.94668768374868,0.10794668768374868,0.15,S3_TREND
2026-05-04 11:00:00+00:00,SOL,BUY,92.54902262781252,0.09254902262781252,0.15,S3_TREND
2026-05-04 12:00:00+00:00,BTC,BUY,19.9568666450632,0.0199568666450632,0.15,S3_TREND
2026-05-04 12:00:00+00:00,ETH,SELL,2.1349862265087722,0.0021349862265087724,0.15,S3_TREND
2026-05-04 12:00:00+00:00,SOL,BUY,6.904755518989987,0.006904755518989987,0.15,S3_TREND
2026-05-04 13:00:00+00:00,BTC,SELL,13.586424281766085,0.013586424281766086,0.15,S3_TREND
2026-05-04 13:00:00+00:00,ETH,BUY,10.73173270980078,0.010731732709800781,0.15,S3_TREND
2026-05-04 13:00:00+00:00,SOL,BUY,10.04685592916212,0.010046855929162121,0.15,S3_TREND
2026-05-04 14:00:00+00:00,BTC,BUY,14.188435910775297,0.014188435910775298,0.15,S3_TREND
2026-05-04 14:00:00+00:00,ETH,SELL,4.256678866000584,0.0042566788660005845,0.15,S3_TREND
2026-05-04 14:00:00+00:00,SOL,SELL,16.982355396332423,0.016982355396332423,0.15,S3_TREND
2026-05-04 15:00:00+00:00,BTC,SELL,164.00632327779385,0.16400632327779385,0.15,S3_TREND
2026-05-04 15:00:00+00:00,ETH,SELL,118.22215324010538,0.11822215324010539,0.15,S3_TREND
2026-05-04 15:00:00+00:00,SOL,SELL,72.99362115446093,0.07299362115446092,0.15,S3_TREND
2026-05-04 16:00:00+00:00,BTC,SELL,4.111983356660858,0.004111983356660858,0.15,S3_TREND
2026-05-04 16:00:00+00:00,ETH,BUY,92.27260476941228,0.09227260476941228,0.15,S3_TREND
2026-05-04 16:00:00+00:00,SOL,BUY,50.78348991349958,0.05078348991349958,0.15,S3_TREND
2026-05-04 17:00:00+00:00,BTC,BUY,5.588180820335765,0.005588180820335765,0.15,S3_TREND
2026-05-04 17:00:00+00:00,ETH,SELL,26.87675366997973,0.02687675366997973,0.15,S3_TREND
2026-05-04 17:00:00+00:00,SOL,BUY,3.1842086298420327,0.0031842086298420327,0.15,S3_TREND
2026-05-04 18:00:00+00:00,BTC,SELL,30.75100865183777,0.030751008651837768,0.15,S3_TREND
2026-05-04 18:00:00+00:00,ETH,SELL,55.73466141028257,0.05573466141028257,0.15,S3_TREND
2026-05-04 18:00:00+00:00,SOL,SELL,43.408868495484064,0.04340886849548407,0.15,S3_TREND
2026-05-04 19:00:00+00:00,BTC,BUY,29.215188822208802,0.029215188822208804,0.15,S3_TREND
2026-05-04 19:00:00+00:00,ETH,BUY,32.559173961173656,0.03255917396117366,0.15,S3_TREND
2026-05-04 19:00:00+00:00,SOL,BUY,13.582264484575717,0.013582264484575717,0.15,S3_TREND
2026-05-04 20:00:00+00:00,BTC,SELL,2.489690620057445,0.0024896906200574448,0.15,S3_TREND
2026-05-04 20:00:00+00:00,ETH,BUY,16.437656061121743,0.01643765606112174,0.15,S3_TREND
2026-05-04 20:00:00+00:00,SOL,BUY,35.96034432502347,0.03596034432502347,0.15,S3_TREND
2026-05-04 21:00:00+00:00,BTC,BUY,2.7803958487766067,0.002780395848776607,0.15,S3_TREND
2026-05-04 21:00:00+00:00,ETH,BUY,20.887890062364022,0.020887890062364023,0.15,S3_TREND
2026-05-04 21:00:00+00:00,SOL,BUY,43.40767777898327,0.04340767777898327,0.15,S3_TREND
2026-05-04 22:00:00+00:00,BTC,SELL,31.159336023863943,0.031159336023863945,0.15,S3_TREND
2026-05-04 22:00:00+00:00,ETH,SELL,38.96738638235183,0.03896738638235184,0.15,S3_TREND
2026-05-04 22:00:00+00:00,SOL,SELL,29.571343597357554,0.029571343597357556,0.15,S3_TREND
2026-05-04 23:00:00+00:00,BTC,BUY,18.480080296025335,0.018480080296025336,0.15,S3_TREND
2026-05-04 23:00:00+00:00,ETH,BUY,22.550326174328802,0.022550326174328804,0.15,S3_TREND
2026-05-04 23:00:00+00:00,SOL,BUY,18.15204266139881,0.01815204266139881,0.15,S3_TREND
2026-05-05 00:00:00+00:00,BTC,BUY,22.002817647427946,0.022002817647427945,0.15,S3_TREND
2026-05-05 00:00:00+00:00,ETH,BUY,30.27397771644246,0.03027397771644246,0.15,S3_TREND
2026-05-05 00:00:00+00:00,SOL,BUY,3.634875740181087,0.003634875740181087,0.15,S3_TREND
2026-05-05 01:00:00+00:00,BTC,SELL,31.206046908695495,0.031206046908695495,0.15,S3_TREND
2026-05-05 01:00:00+00:00,ETH,SELL,46.96666405319411,0.04696666405319411,0.15,S3_TREND
2026-05-05 01:00:00+00:00,SOL,SELL,12.967612272657789,0.012967612272657789,0.15,S3_TREND
2026-05-05 02:00:00+00:00,BTC,SELL,23.0472019403187,0.0230472019403187,0.15,S3_TREND
2026-05-05 02:00:00+00:00,ETH,SELL,8.589635551521496,0.008589635551521497,0.15,S3_TREND
2026-05-05 02:00:00+00:00,SOL,SELL,4.033060759704313,0.004033060759704313,0.15,S3_TREND
2026-05-05 03:00:00+00:00,BTC,SELL,23.061128237312005,0.023061128237312004,0.15,S3_TREND
2026-05-05 03:00:00+00:00,ETH,SELL,22.766519404360224,0.022766519404360225,0.15,S3_TREND
2026-05-05 03:00:00+00:00,SOL,SELL,3.674745506135878,0.003674745506135878,0.15,S3_TREND
2026-05-05 04:00:00+00:00,BTC,SELL,31.58405634929295,0.03158405634929295,0.15,S3_TREND
2026-05-05 04:00:00+00:00,ETH,SELL,60.763858114158204,0.06076385811415821,0.15,S3_TREND
2026-05-05 04:00:00+00:00,SOL,SELL,15.279897523332693,0.015279897523332694,0.15,S3_TREND
2026-05-05 05:00:00+00:00,BTC,SELL,2.405195587061826,0.002405195587061826,0.15,S3_TREND
2026-05-05 05:00:00+00:00,ETH,BUY,7.389068922013394,0.007389068922013394,0.15,S3_TREND
2026-05-05 05:00:00+00:00,SOL,SELL,2.438009264989887,0.002438009264989887,0.15,S3_TREND
2026-05-05 06:00:00+00:00,BTC,SELL,7.291585611277696,0.007291585611277697,0.15,S3_TREND
2026-05-05 06:00:00+00:00,ETH,BUY,10.395357663092,0.010395357663092,0.15,S3_TREND
2026-05-05 06:00:00+00:00,SOL,SELL,20.868925581489748,0.02086892558148975,0.15,S3_TREND
2026-05-05 07:00:00+00:00,ETH,BUY,8.70459437039608,0.00870459437039608,0.15,S3_TREND
2026-05-05 07:00:00+00:00,SOL,SELL,9.8097451759877,0.0098097451759877,0.15,S3_TREND
2026-05-05 08:00:00+00:00,BTC,BUY,16.534487749861,0.016534487749861,0.15,S3_TREND
2026-05-05 08:00:00+00:00,ETH,SELL,15.157581706365818,0.015157581706365818,0.15,S3_TREND
2026-05-05 08:00:00+00:00,SOL,BUY,14.351302078033768,0.014351302078033768,0.15,S3_TREND
2026-05-05 09:00:00+00:00,ETH,BUY,16.155996508472526,0.016155996508472527,0.15,S3_TREND
2026-05-05 09:00:00+00:00,SOL,BUY,8.550847072983743,0.008550847072983743,0.15,S3_TREND
2026-05-05 10:00:00+00:00,BTC,BUY,22.36626219546997,0.02236626219546997,0.15,S3_TREND
2026-05-05 10:00:00+00:00,ETH,BUY,24.89775098510836,0.02489775098510836,0.15,S3_TREND
2026-05-05 10:00:00+00:00,SOL,BUY,23.601901054687914,0.023601901054687915,0.15,S3_TREND
2026-05-05 11:00:00+00:00,BTC,SELL,18.99898013919301,0.01899898013919301,0.15,S3_TREND
2026-05-05 11:00:00+00:00,ETH,SELL,30.225036225210715,0.030225036225210715,0.15,S3_TREND
2026-05-05 11:00:00+00:00,SOL,SELL,38.003253808692534,0.03800325380869254,0.15,S3_TREND
2026-05-05 12:00:00+00:00,BTC,SELL,25.970108455709124,0.025970108455709125,0.15,S3_TREND
2026-05-05 12:00:00+00:00,SOL,SELL,3.7136220427109947,0.0037136220427109947,0.15,S3_TREND
2026-05-05 13:00:00+00:00,BTC,SELL,23.845789162987785,0.023845789162987786,0.15,S3_TREND
2026-05-05 13:00:00+00:00,ETH,SELL,29.663321683447066,0.029663321683447066,0.15,S3_TREND
2026-05-05 13:00:00+00:00,SOL,SELL,34.401487587590964,0.03440148758759096,0.15,S3_TREND
2026-05-05 14:00:00+00:00,ETH,BUY,8.5555150584496,0.0085555150584496,0.15,S3_TREND
2026-05-05 14:00:00+00:00,SOL,SELL,44.90933150847377,0.044909331508473774,0.15,S3_TREND
2026-05-05 15:00:00+00:00,BTC,SELL,13.53391759558508,0.01353391759558508,0.15,S3_TREND
2026-05-05 15:00:00+00:00,ETH,BUY,47.574784168004044,0.04757478416800404,0.15,S3_TREND
2026-05-05 15:00:00+00:00,SOL,BUY,14.226183080005285,0.014226183080005285,0.15,S3_TREND
2026-05-05 16:00:00+00:00,BTC,SELL,25.626134584255848,0.025626134584255847,0.15,S3_TREND
2026-05-05 16:00:00+00:00,ETH,SELL,7.290727044332016,0.007290727044332016,0.15,S3_TREND
2026-05-05 16:00:00+00:00,SOL,BUY,3.0223227742681047,0.003022322774268105,0.15,S3_TREND
2026-05-05 17:00:00+00:00,BTC,BUY,17.666301143162855,0.017666301143162855,0.15,S3_TREND
2026-05-05 17:00:00+00:00,ETH,BUY,68.84404006187651,0.06884404006187651,0.15,S3_TREND
2026-05-05 17:00:00+00:00,SOL,BUY,5.5502512723960535,0.005550251272396054,0.15,S3_TREND
2026-05-05 18:00:00+00:00,BTC,BUY,2.9819616803379176,0.0029819616803379175,0.15,S3_TREND
2026-05-05 18:00:00+00:00,ETH,BUY,19.511564378792173,0.019511564378792173,0.15,S3_TREND
2026-05-05 18:00:00+00:00,SOL,SELL,23.588166472725792,0.023588166472725793,0.15,S3_TREND
2026-05-05 19:00:00+00:00,BTC,SELL,17.969760716270684,0.017969760716270686,0.15,S3_TREND
2026-05-05 19:00:00+00:00,ETH,SELL,32.523978864113815,0.03252397886411382,0.15,S3_TREND
2026-05-05 19:00:00+00:00,SOL,SELL,44.00689405375123,0.04400689405375123,0.15,S3_TREND
2026-05-05 20:00:00+00:00,BTC,BUY,1.5734344525390043,0.0015734344525390044,0.15,S3_TREND
2026-05-05 20:00:00+00:00,ETH,BUY,19.986983338372738,0.01998698333837274,0.15,S3_TREND
2026-05-05 20:00:00+00:00,SOL,SELL,87.28484833527182,0.08728484833527182,0.15,S3_TREND
2026-05-05 21:00:00+00:00,BTC,BUY,7.605580291006845,0.007605580291006845,0.15,S3_TREND
2026-05-05 21:00:00+00:00,ETH,SELL,49.621507871344875,0.04962150787134487,0.15,S3_TREND
2026-05-05 21:00:00+00:00,SOL,SELL,12.22065646644296,0.01222065646644296,0.15,S3_TREND
2026-05-05 22:00:00+00:00,BTC,BUY,31.460942762611012,0.031460942762611015,0.15,S3_TREND
2026-05-05 22:00:00+00:00,ETH,BUY,31.448087505697913,0.031448087505697914,0.15,S3_TREND
2026-05-05 22:00:00+00:00,SOL,SELL,21.439018942239272,0.021439018942239273,0.15,S3_TREND
2026-05-05 23:00:00+00:00,BTC,BUY,34.22351500494551,0.03422351500494551,0.15,S3_TREND
2026-05-05 23:00:00+00:00,ETH,BUY,29.847490530029972,0.029847490530029972,0.15,S3_TREND
2026-05-05 23:00:00+00:00,SOL,BUY,4.760365293614086,0.004760365293614086,0.15,S3_TREND
2026-05-06 00:00:00+00:00,BTC,BUY,18.103984108580335,0.018103984108580336,0.15,S3_TREND
2026-05-06 00:00:00+00:00,ETH,BUY,22.687591788328064,0.022687591788328063,0.15,S3_TREND
2026-05-06 00:00:00+00:00,SOL,BUY,28.272178063492902,0.028272178063492904,0.15,S3_TREND
2026-05-06 01:00:00+00:00,BTC,SELL,13.184660981874911,0.013184660981874912,0.15,S3_TREND
2026-05-06 01:00:00+00:00,ETH,SELL,14.652073648077932,0.014652073648077933,0.15,S3_TREND
2026-05-06 01:00:00+00:00,SOL,SELL,5.974804333638531,0.005974804333638531,0.15,S3_TREND
2026-05-06 02:00:00+00:00,BTC,SELL,42.476033187431305,0.0424760331874313,0.15,S3_TREND
2026-05-06 02:00:00+00:00,ETH,SELL,21.69093836638058,0.02169093836638058,0.15,S3_TREND
2026-05-06 02:00:00+00:00,SOL,SELL,49.83119757703389,0.049831197577033894,0.15,S3_TREND
2026-05-06 03:00:00+00:00,BTC,BUY,9.101235233329135,0.009101235233329135,0.15,S3_TREND
2026-05-06 03:00:00+00:00,ETH,BUY,16.73251672966944,0.016732516729669442,0.15,S3_TREND
2026-05-06 03:00:00+00:00,SOL,SELL,9.520085445687073,0.009520085445687073,0.15,S3_TREND
2026-05-06 04:00:00+00:00,BTC,SELL,15.40057923745735,0.01540057923745735,0.15,S3_TREND
2026-05-06 04:00:00+00:00,ETH,SELL,19.74644516222179,0.01974644516222179,0.15,S3_TREND
2026-05-06 04:00:00+00:00,SOL,SELL,51.835130728759395,0.05183513072875939,0.15,S3_TREND
2026-05-06 05:00:00+00:00,BTC,BUY,14.691986128689678,0.014691986128689678,0.15,S3_TREND
2026-05-06 05:00:00+00:00,ETH,BUY,35.771332693151635,0.035771332693151636,0.15,S3_TREND
2026-05-06 05:00:00+00:00,SOL,BUY,60.14685686989651,0.060146856869896514,0.15,S3_TREND
2026-05-06 06:00:00+00:00,BTC,BUY,13.841807153943591,0.013841807153943592,0.15,S3_TREND
2026-05-06 06:00:00+00:00,ETH,BUY,20.65306887094266,0.020653068870942662,0.15,S3_TREND
2026-05-06 06:00:00+00:00,SOL,SELL,86.60775813626788,0.08660775813626788,0.15,S3_TREND
2026-05-06 07:00:00+00:00,BTC,SELL,14.592873272142242,0.014592873272142242,0.15,S3_TREND
2026-05-06 07:00:00+00:00,ETH,SELL,22.746000859366177,0.022746000859366178,0.15,S3_TREND
2026-05-06 07:00:00+00:00,SOL,SELL,3.8335344793194963,0.0038335344793194964,0.15,S3_TREND
2026-05-06 08:00:00+00:00,BTC,BUY,24.433152812775006,0.024433152812775007,0.15,S3_TREND
2026-05-06 08:00:00+00:00,ETH,SELL,3.9773489137605793,0.00397734891376058,0.15,S3_TREND
2026-05-06 08:00:00+00:00,SOL,SELL,33.25052038254216,0.03325052038254216,0.15,S3_TREND
2026-05-06 09:00:00+00:00,BTC,SELL,35.834209650853154,0.035834209650853155,0.15,S3_TREND
2026-05-06 09:00:00+00:00,ETH,SELL,69.72655887833207,0.06972655887833207,0.15,S3_TREND
2026-05-06 09:00:00+00:00,SOL,SELL,148.84097579982335,0.14884097579982336,0.15,S3_TREND
2026-05-06 10:00:00+00:00,BTC,BUY,20.48969940749339,0.02048969940749339,0.15,S3_TREND
2026-05-06 10:00:00+00:00,ETH,SELL,83.42767383124738,0.08342767383124737,0.15,S3_TREND
2026-05-06 10:00:00+00:00,SOL,SELL,46.16658818134056,0.046166588181340555,0.15,S3_TREND
2026-05-06 11:00:00+00:00,BTC,SELL,49.518329467518925,0.049518329467518926,0.15,S3_TREND
2026-05-06 11:00:00+00:00,ETH,BUY,18.713756466320774,0.018713756466320775,0.15,S3_TREND
2026-05-06 11:00:00+00:00,SOL,BUY,19.484537721476954,0.019484537721476954,0.15,S3_TREND
2026-05-06 12:00:00+00:00,BTC,SELL,23.052738569840585,0.023052738569840584,0.15,S3_TREND
2026-05-06 12:00:00+00:00,ETH,BUY,16.92844920697644,0.016928449206976438,0.15,S3_TREND
2026-05-06 12:00:00+00:00,SOL,SELL,62.077398740146236,0.062077398740146235,0.15,S3_TREND
2026-05-06 13:00:00+00:00,BTC,BUY,35.79198057564463,0.03579198057564463,0.15,S3_TREND
2026-05-06 13:00:00+00:00,ETH,BUY,14.56639091771649,0.01456639091771649,0.15,S3_TREND
2026-05-06 13:00:00+00:00,SOL,BUY,16.232056094040672,0.016232056094040673,0.15,S3_TREND
2026-05-06 14:00:00+00:00,BTC,BUY,17.2681341505413,0.0172681341505413,0.15,S3_TREND
2026-05-06 14:00:00+00:00,ETH,BUY,142.75454073561014,0.14275454073561014,0.15,S3_TREND
2026-05-06 14:00:00+00:00,SOL,BUY,137.16937852594674,0.13716937852594674,0.15,S3_TREND
2026-05-06 15:00:00+00:00,BTC,BUY,15.038683397835484,0.015038683397835484,0.15,S3_TREND
2026-05-06 15:00:00+00:00,ETH,BUY,46.600456699674396,0.0466004566996744,0.15,S3_TREND
2026-05-06 15:00:00+00:00,SOL,SELL,22.38244075203511,0.022382440752035108,0.15,S3_TREND
2026-05-06 16:00:00+00:00,BTC,SELL,13.051060466759736,0.013051060466759737,0.15,S3_TREND
2026-05-06 16:00:00+00:00,ETH,BUY,19.58803591881042,0.01958803591881042,0.15,S3_TREND
2026-05-06 16:00:00+00:00,SOL,SELL,75.48982785807675,0.07548982785807676,0.15,S3_TREND
2026-05-06 17:00:00+00:00,BTC,BUY,15.39164809020076,0.015391648090200761,0.15,S3_TREND
2026-05-06 17:00:00+00:00,ETH,BUY,8.523920228319184,0.008523920228319184,0.15,S3_TREND
2026-05-06 17:00:00+00:00,SOL,SELL,32.29726643108734,0.03229726643108734,0.15,S3_TREND
2026-05-06 18:00:00+00:00,BTC,BUY,10.752141341859897,0.010752141341859898,0.15,S3_TREND
2026-05-06 18:00:00+00:00,ETH,BUY,30.801928701283032,0.03080192870128303,0.15,S3_TREND
2026-05-06 18:00:00+00:00,SOL,BUY,36.232802825299586,0.03623280282529959,0.15,S3_TREND
2026-05-06 19:00:00+00:00,BTC,BUY,14.473256321181907,0.014473256321181908,0.15,S3_TREND
2026-05-06 19:00:00+00:00,ETH,BUY,25.923553373024333,0.025923553373024332,0.15,S3_TREND
2026-05-06 19:00:00+00:00,SOL,SELL,28.070897075584067,0.028070897075584068,0.15,S3_TREND
2026-05-06 20:00:00+00:00,BTC,SELL,6.661860062233245,0.006661860062233245,0.15,S3_TREND
2026-05-06 20:00:00+00:00,ETH,SELL,8.344613389432197,0.008344613389432197,0.15,S3_TREND
2026-05-06 20:00:00+00:00,SOL,SELL,34.22946957559543,0.03422946957559543,0.15,S3_TREND
2026-05-06 21:00:00+00:00,BTC,BUY,6.0153747900676535,0.006015374790067654,0.15,S3_TREND
2026-05-06 21:00:00+00:00,ETH,SELL,15.953202926790254,0.015953202926790255,0.15,S3_TREND
2026-05-06 21:00:00+00:00,SOL,BUY,12.420529372084275,0.012420529372084274,0.15,S3_TREND
2026-05-06 22:00:00+00:00,BTC,SELL,6.577333354596703,0.006577333354596704,0.15,S3_TREND
2026-05-06 22:00:00+00:00,ETH,SELL,8.797521510072329,0.008797521510072329,0.15,S3_TREND
2026-05-06 22:00:00+00:00,SOL,SELL,34.087590367822486,0.03408759036782249,0.15,S3_TREND
2026-05-06 23:00:00+00:00,BTC,BUY,13.210488166771029,0.013210488166771029,0.15,S3_TREND
2026-05-06 23:00:00+00:00,ETH,BUY,22.900413411922273,0.022900413411922272,0.15,S3_TREND
2026-05-06 23:00:00+00:00,SOL,BUY,44.968910761692314,0.044968910761692314,0.15,S3_TREND
2026-05-07 00:00:00+00:00,BTC,SELL,10.45415523248994,0.01045415523248994,0.15,S3_TREND
2026-05-07 00:00:00+00:00,ETH,SELL,13.824006989128975,0.013824006989128975,0.15,S3_TREND
2026-05-07 00:00:00+00:00,SOL,SELL,6.4227599047299,0.0064227599047299005,0.15,S3_TREND
2026-05-07 01:00:00+00:00,BTC,BUY,25.20873641981416,0.025208736419814158,0.15,S3_TREND
2026-05-07 01:00:00+00:00,ETH,BUY,79.76767867916715,0.07976767867916715,0.15,S3_TREND
2026-05-07 01:00:00+00:00,SOL,BUY,85.79085508454409,0.0857908550845441,0.15,S3_TREND
2026-05-07 02:00:00+00:00,BTC,SELL,25.46525634887439,0.02546525634887439,0.15,S3_TREND
2026-05-07 02:00:00+00:00,ETH,BUY,15.814796586857483,0.015814796586857482,0.15,S3_TREND
2026-05-07 02:00:00+00:00,SOL,BUY,3.3239041064152843,0.0033239041064152845,0.15,S3_TREND
2026-05-07 03:00:00+00:00,BTC,SELL,1.082177463624248,0.001082177463624248,0.15,S3_TREND
2026-05-07 03:00:00+00:00,ETH,BUY,23.654505429783967,0.023654505429783968,0.15,S3_TREND
2026-05-07 03:00:00+00:00,SOL,BUY,17.20460353495946,0.01720460353495946,0.15,S3_TREND
2026-05-07 04:00:00+00:00,BTC,BUY,33.30070765603887,0.03330070765603887,0.15,S3_TREND
2026-05-07 04:00:00+00:00,ETH,SELL,19.8429052684387,0.0198429052684387,0.15,S3_TREND
2026-05-07 04:00:00+00:00,SOL,BUY,47.75480380358567,0.047754803803585676,0.15,S3_TREND
2026-05-07 05:00:00+00:00,BTC,SELL,1.8560792539374233,0.0018560792539374235,0.15,S3_TREND
2026-05-07 05:00:00+00:00,ETH,SELL,7.965871209096804,0.007965871209096803,0.15,S3_TREND
2026-05-07 05:00:00+00:00,SOL,SELL,78.69873452725369,0.07869873452725369,0.15,S3_TREND
2026-05-07 06:00:00+00:00,BTC,SELL,6.132133003258787,0.006132133003258787,0.15,S3_TREND
2026-05-07 06:00:00+00:00,ETH,SELL,8.90365673359156,0.00890365673359156,0.15,S3_TREND
2026-05-07 06:00:00+00:00,SOL,SELL,34.3791369395567,0.0343791369395567,0.15,S3_TREND
2026-05-07 07:00:00+00:00,BTC,SELL,32.63493292066414,0.03263493292066414,0.15,S3_TREND
2026-05-07 07:00:00+00:00,ETH,SELL,7.479330171481707,0.0074793301714817075,0.15,S3_TREND
2026-05-07 07:00:00+00:00,SOL,SELL,71.57376649241269,0.07157376649241269,0.15,S3_TREND
2026-05-07 08:00:00+00:00,BTC,BUY,16.634473028738284,0.016634473028738286,0.15,S3_TREND
2026-05-07 08:00:00+00:00,ETH,SELL,15.614987345690679,0.01561498734569068,0.15,S3_TREND
2026-05-07 08:00:00+00:00,SOL,SELL,114.7488751337969,0.1147488751337969,0.15,S3_TREND
2026-05-07 09:00:00+00:00,BTC,BUY,19.554841398945427,0.01955484139894543,0.15,S3_TREND
2026-05-07 09:00:00+00:00,ETH,BUY,35.77786413108515,0.035777864131085156,0.15,S3_TREND
2026-05-07 09:00:00+00:00,SOL,BUY,62.15375839142871,0.06215375839142871,0.15,S3_TREND
2026-05-07 10:00:00+00:00,BTC,BUY,38.627666037207746,0.03862766603720775,0.15,S3_TREND
2026-05-07 10:00:00+00:00,ETH,BUY,13.612815943248279,0.013612815943248278,0.15,S3_TREND
2026-05-07 10:00:00+00:00,SOL,BUY,5.446978125508394,0.005446978125508394,0.15,S3_TREND
2026-05-07 11:00:00+00:00,BTC,BUY,2.7651429919787915,0.0027651429919787916,0.15,S3_TREND
2026-05-07 11:00:00+00:00,ETH,SELL,7292.777066891092,7.292777066891092,0.075,S6_REVERSAL
2026-05-07 11:00:00+00:00,SOL,BUY,35.98444825555998,0.035984448255559985,0.15,S3_TREND
2026-05-07 12:00:00+00:00,BTC,BUY,7.5215193815856765,0.007521519381585676,0.15,S3_TREND
2026-05-07 12:00:00+00:00,ETH,SELL,4.713548208107568,0.004713548208107568,0.075,S6_REVERSAL
2026-05-07 12:00:00+00:00,SOL,SELL,53.42782276485559,0.053427822764855595,0.15,S3_TREND
2026-05-07 13:00:00+00:00,BTC,SELL,39.00113841421444,0.03900113841421444,0.15,S3_TREND
2026-05-07 13:00:00+00:00,ETH,SELL,2.4869078394658573,0.0024869078394658575,0.075,S6_REVERSAL
2026-05-07 13:00:00+00:00,SOL,SELL,18.279027018343186,0.018279027018343188,0.15,S3_TREND
2026-05-07 14:00:00+00:00,BTC,BUY,65.34936943985485,0.06534936943985485,0.15,S3_TREND
2026-05-07 14:00:00+00:00,ETH,BUY,31.975315312709427,0.031975315312709425,0.075,S6_REVERSAL
2026-05-07 14:00:00+00:00,SOL,BUY,124.28701801647549,0.12428701801647549,0.15,S3_TREND
2026-05-07 15:00:00+00:00,BTC,BUY,31.014732630414073,0.031014732630414075,0.15,S3_TREND
2026-05-07 15:00:00+00:00,ETH,SELL,7233.089763065948,7.233089763065949,0.0,CASH
2026-05-07 15:00:00+00:00,SOL,BUY,56.301875309378374,0.05630187530937838,0.15,S3_TREND
2026-05-07 16:00:00+00:00,BTC,BUY,46.46237105769251,0.046462371057692506,0.15,S3_TREND
2026-05-07 16:00:00+00:00,SOL,SELL,32.57337818755332,0.03257337818755332,0.15,S3_TREND
2026-05-07 17:00:00+00:00,BTC,BUY,16.694823472818825,0.016694823472818827,0.15,S3_TREND
2026-05-07 17:00:00+00:00,SOL,SELL,19.217033716302467,0.019217033716302467,0.15,S3_TREND
2026-05-07 18:00:00+00:00,BTC,SELL,36.54712004407338,0.03654712004407338,0.15,S3_TREND
2026-05-07 18:00:00+00:00,SOL,SELL,42.26324857191139,0.04226324857191139,0.15,S3_TREND
2026-05-07 19:00:00+00:00,BTC,SELL,21.79357363010604,0.02179357363010604,0.15,S3_TREND
2026-05-07 19:00:00+00:00,SOL,BUY,33.51081240237545,0.03351081240237545,0.15,S3_TREND
2026-05-07 20:00:00+00:00,BTC,BUY,5.087509900340592,0.0050875099003405925,0.15,S3_TREND
2026-05-07 20:00:00+00:00,SOL,BUY,16.670416080543873,0.016670416080543874,0.15,S3_TREND
2026-05-07 21:00:00+00:00,BTC,BUY,31.76224373961486,0.03176224373961486,0.15,S3_TREND
2026-05-07 21:00:00+00:00,ETH,BUY,7261.3150835406095,7.26131508354061,0.075,S6_REVERSAL
2026-05-07 21:00:00+00:00,SOL,BUY,45.83180238987188,0.04583180238987188,0.15,S3_TREND
2026-05-07 22:00:00+00:00,BTC,BUY,18.157558283353865,0.018157558283353865,0.15,S3_TREND
2026-05-07 22:00:00+00:00,SOL,BUY,8.285620273363747,0.008285620273363747,0.15,S3_TREND
2026-05-07 23:00:00+00:00,BTC,SELL,25.81338609247905,0.02581338609247905,0.15,S3_TREND
2026-05-07 23:00:00+00:00,ETH,BUY,6.304547740385715,0.006304547740385715,0.075,S6_REVERSAL
2026-05-07 23:00:00+00:00,SOL,SELL,12.118405870311108,0.012118405870311108,0.15,S3_TREND
2026-05-08 00:00:00+00:00,BTC,SELL,3.1172740913716557,0.0031172740913716556,0.15,S3_TREND
2026-05-08 00:00:00+00:00,ETH,SELL,6.449018002465891,0.006449018002465891,0.075,S6_REVERSAL
2026-05-08 00:00:00+00:00,SOL,SELL,43.35929135786864,0.043359291357868646,0.15,S3_TREND
2026-05-08 01:00:00+00:00,BTC,SELL,7241.138414080059,7.241138414080059,0.075,S6_REVERSAL
2026-05-08 01:00:00+00:00,ETH,BUY,8.064077503034241,0.008064077503034242,0.075,S6_REVERSAL
2026-05-08 01:00:00+00:00,SOL,BUY,15.590858340421619,0.015590858340421619,0.15,S3_TREND
2026-05-08 02:00:00+00:00,BTC,BUY,5.168034262839683,0.005168034262839683,0.075,S6_REVERSAL
2026-05-08 02:00:00+00:00,ETH,BUY,2.4226369911602887,0.002422636991160289,0.075,S6_REVERSAL
2026-05-08 02:00:00+00:00,SOL,BUY,14.994081913688206,0.014994081913688206,0.15,S3_TREND
2026-05-08 03:00:00+00:00,BTC,BUY,18.782675795497198,0.018782675795497198,0.075,S6_REVERSAL
2026-05-08 03:00:00+00:00,ETH,BUY,14.658660583788333,0.014658660583788332,0.075,S6_REVERSAL
2026-05-08 03:00:00+00:00,SOL,BUY,4.946200294465598,0.004946200294465598,0.15,S3_TREND
2026-05-08 04:00:00+00:00,BTC,SELL,5.622080421538158,0.0056220804215381575,0.075,S6_REVERSAL
2026-05-08 04:00:00+00:00,ETH,BUY,3.8353567450312767,0.0038353567450312765,0.075,S6_REVERSAL
2026-05-08 04:00:00+00:00,SOL,SELL,22.7589797368546,0.0227589797368546,0.15,S3_TREND
2026-05-08 05:00:00+00:00,BTC,SELL,6.502788284962662,0.006502788284962663,0.075,S6_REVERSAL
2026-05-08 05:00:00+00:00,ETH,SELL,8.645596813166776,0.008645596813166775,0.075,S6_REVERSAL
2026-05-08 05:00:00+00:00,SOL,BUY,10.796287377595945,0.010796287377595946,0.15,S3_TREND
2026-05-08 06:00:00+00:00,BTC,BUY,1.821619049945184,0.001821619049945184,0.075,S6_REVERSAL
2026-05-08 06:00:00+00:00,ETH,BUY,14.76367512327306,0.01476367512327306,0.075,S6_REVERSAL
2026-05-08 06:00:00+00:00,SOL,BUY,13.338162103153081,0.013338162103153082,0.15,S3_TREND
2026-05-08 07:00:00+00:00,BTC,BUY,6.077111736675761,0.006077111736675761,0.075,S6_REVERSAL
2026-05-08 07:00:00+00:00,ETH,BUY,1.701602904056017,0.001701602904056017,0.075,S6_REVERSAL
2026-05-08 07:00:00+00:00,SOL,SELL,1.3779949582949484,0.0013779949582949484,0.15,S3_TREND
2026-05-08 08:00:00+00:00,BTC,SELL,9.523584820434735,0.009523584820434736,0.075,S6_REVERSAL
2026-05-08 08:00:00+00:00,ETH,SELL,14.81226033083749,0.01481226033083749,0.075,S6_REVERSAL
2026-05-08 08:00:00+00:00,SOL,SELL,20.13152613630882,0.020131526136308822,0.15,S3_TREND
2026-05-08 09:00:00+00:00,BTC,SELL,14.785624367139462,0.014785624367139462,0.075,S6_REVERSAL
2026-05-08 09:00:00+00:00,ETH,SELL,3.2066090951029764,0.0032066090951029763,0.075,S6_REVERSAL
2026-05-08 09:00:00+00:00,SOL,SELL,17.158287295533228,0.017158287295533228,0.15,S3_TREND
2026-05-08 10:00:00+00:00,BTC,BUY,2.0397092093435276,0.0020397092093435275,0.075,S6_REVERSAL
2026-05-08 10:00:00+00:00,ETH,SELL,1.6482255740611436,0.0016482255740611436,0.075,S6_REVERSAL
2026-05-08 10:00:00+00:00,SOL,SELL,8.195911526012424,0.008195911526012423,0.15,S3_TREND
2026-05-08 11:00:00+00:00,BTC,SELL,25.26118660058728,0.02526118660058728,0.075,S6_REVERSAL
2026-05-08 11:00:00+00:00,ETH,SELL,5.836859886640013,0.005836859886640014,0.075,S6_REVERSAL
2026-05-08 11:00:00+00:00,SOL,SELL,21.56768678796834,0.021567686787968342,0.15,S3_TREND
2026-05-08 12:00:00+00:00,ETH,SELL,21.712097530299616,0.021712097530299616,0.075,S6_REVERSAL
2026-05-08 12:00:00+00:00,SOL,BUY,3.7867007259428647,0.003786700725942865,0.15,S3_TREND
2026-05-08 13:00:00+00:00,BTC,BUY,12.748580607716576,0.012748580607716576,0.075,S6_REVERSAL
2026-05-08 13:00:00+00:00,ETH,BUY,28.30102476260072,0.02830102476260072,0.075,S6_REVERSAL
2026-05-08 13:00:00+00:00,SOL,BUY,15.754378628209452,0.015754378628209453,0.15,S3_TREND
2026-05-08 14:00:00+00:00,BTC,BUY,28.2110557629494,0.0282110557629494,0.075,S6_REVERSAL
2026-05-08 14:00:00+00:00,ETH,BUY,19.558590412820195,0.019558590412820195,0.075,S6_REVERSAL
2026-05-08 14:00:00+00:00,SOL,BUY,9.14238917394141,0.00914238917394141,0.15,S3_TREND
2026-05-08 15:00:00+00:00,BTC,SELL,30.099229500923688,0.03009922950092369,0.075,S6_REVERSAL
2026-05-08 15:00:00+00:00,ETH,SELL,13.770243287420271,0.013770243287420271,0.075,S6_REVERSAL
2026-05-08 15:00:00+00:00,SOL,SELL,103.24231839595996,0.10324231839595996,0.15,S3_TREND
2026-05-08 16:00:00+00:00,BTC,BUY,7.9013243951822005,0.0079013243951822,0.075,S6_REVERSAL
2026-05-08 16:00:00+00:00,ETH,SELL,16.70639499412482,0.01670639499412482,0.075,S6_REVERSAL
2026-05-08 16:00:00+00:00,SOL,SELL,57.599536199380964,0.05759953619938096,0.15,S3_TREND
2026-05-08 17:00:00+00:00,BTC,BUY,27.77123733420376,0.027771237334203763,0.075,S6_REVERSAL
2026-05-08 17:00:00+00:00,ETH,BUY,7.282829489032338,0.007282829489032338,0.075,S6_REVERSAL
2026-05-08 17:00:00+00:00,SOL,SELL,6.200518955085499,0.0062005189550855,0.15,S3_TREND
2026-05-08 18:00:00+00:00,BTC,BUY,6.922450481156375,0.006922450481156375,0.075,S6_REVERSAL
2026-05-08 18:00:00+00:00,ETH,SELL,17.064349155017226,0.017064349155017228,0.075,S6_REVERSAL
2026-05-08 18:00:00+00:00,SOL,SELL,273.8333435998502,0.2738333435998502,0.15,S3_TREND
2026-05-08 19:00:00+00:00,BTC,BUY,8.368894234798972,0.008368894234798972,0.075,S6_REVERSAL
2026-05-08 19:00:00+00:00,ETH,SELL,17.28655731530398,0.017286557315303982,0.075,S6_REVERSAL
2026-05-08 19:00:00+00:00,SOL,SELL,85.15915703478822,0.08515915703478823,0.15,S3_TREND
2026-05-08 20:00:00+00:00,BTC,SELL,4.540246500955618,0.0045402465009556185,0.075,S6_REVERSAL
2026-05-08 20:00:00+00:00,ETH,SELL,7326.997695818213,7.326997695818213,0.0,CASH
2026-05-08 20:00:00+00:00,SOL,SELL,36.48769236704902,0.036487692367049025,0.15,S3_TREND
2026-05-08 21:00:00+00:00,BTC,SELL,2.400761337350559,0.0024007613373505593,0.075,S6_REVERSAL
2026-05-08 21:00:00+00:00,SOL,BUY,64.12572321411972,0.06412572321411972,0.15,S3_TREND
2026-05-08 22:00:00+00:00,BTC,SELL,8.79898118908659,0.00879898118908659,0.075,S6_REVERSAL
2026-05-08 22:00:00+00:00,SOL,SELL,23.872153553635144,0.023872153553635145,0.15,S3_TREND
2026-05-08 23:00:00+00:00,SOL,BUY,1.3158208434815606,0.0013158208434815605,0.15,S3_TREND
2026-05-09 00:00:00+00:00,BTC,BUY,2.522028898460121,0.0025220288984601213,0.075,S6_REVERSAL
2026-05-09 00:00:00+00:00,SOL,BUY,36.80802017543465,0.03680802017543465,0.15,S3_TREND
2026-05-09 01:00:00+00:00,BTC,BUY,1.6373531571407511,0.0016373531571407512,0.075,S6_REVERSAL
2026-05-09 01:00:00+00:00,SOL,SELL,61.55601122813277,0.06155601122813277,0.15,S3_TREND
2026-05-09 02:00:00+00:00,BTC,BUY,4.833970033643709,0.004833970033643709,0.075,S6_REVERSAL
2026-05-09 02:00:00+00:00,SOL,SELL,138.76954485271017,0.13876954485271017,0.15,S3_TREND
2026-05-09 03:00:00+00:00,BTC,SELL,7.741130461287867,0.007741130461287867,0.075,S6_REVERSAL
2026-05-09 03:00:00+00:00,SOL,BUY,2.5462857865531987,0.0025462857865531986,0.15,S3_TREND
2026-05-09 04:00:00+00:00,BTC,SELL,7332.290933279716,7.332290933279716,0.0,CASH
2026-05-09 04:00:00+00:00,SOL,SELL,19.13554158476836,0.01913554158476836,0.15,S3_TREND
2026-05-09 05:00:00+00:00,SOL,BUY,53.502189894255935,0.05350218989425594,0.15,S3_TREND
2026-05-09 06:00:00+00:00,SOL,SELL,68.17994574089971,0.06817994574089971,0.15,S3_TREND
2026-05-09 07:00:00+00:00,SOL,BUY,27.930749149501935,0.027930749149501936,0.15,S3_TREND
2026-05-09 08:00:00+00:00,SOL,SELL,29.331526037685762,0.029331526037685764,0.15,S3_TREND
2026-05-09 09:00:00+00:00,SOL,BUY,6.647608463843426,0.006647608463843426,0.15,S3_TREND
2026-05-09 10:00:00+00:00,SOL,BUY,55.90119657611649,0.05590119657611649,0.15,S3_TREND
2026-05-09 11:00:00+00:00,SOL,SELL,12.033266989830736,0.012033266989830736,0.15,S3_TREND
2026-05-09 12:00:00+00:00,SOL,SELL,30.70686570502221,0.03070686570502221,0.15,S3_TREND
2026-05-09 13:00:00+00:00,SOL,BUY,21.310824159474578,0.02131082415947458,0.15,S3_TREND
2026-05-09 14:00:00+00:00,SOL,SELL,1.3373493946764938,0.0013373493946764938,0.15,S3_TREND
2026-05-09 15:00:00+00:00,SOL,BUY,77.37360562208414,0.07737360562208415,0.15,S3_TREND
2026-05-09 16:00:00+00:00,SOL,SELL,17.44606281601773,0.01744606281601773,0.15,S3_TREND
2026-05-09 17:00:00+00:00,SOL,BUY,32.145807853197766,0.03214580785319777,0.15,S3_TREND
2026-05-09 18:00:00+00:00,SOL,SELL,59.073195645627486,0.059073195645627484,0.15,S3_TREND
2026-05-09 19:00:00+00:00,SOL,SELL,21.402077642971562,0.021402077642971563,0.15,S3_TREND
2026-05-09 20:00:00+00:00,SOL,SELL,18.694997959259126,0.018694997959259125,0.15,S3_TREND
2026-05-09 21:00:00+00:00,SOL,BUY,34.66633221581105,0.03466633221581105,0.15,S3_TREND
2026-05-09 22:00:00+00:00,SOL,SELL,33.41990643393365,0.033419906433933645,0.15,S3_TREND
2026-05-09 23:00:00+00:00,SOL,BUY,22.665338476914258,0.022665338476914258,0.15,S3_TREND
2026-05-10 00:00:00+00:00,SOL,BUY,28.044501014330308,0.028044501014330307,0.15,S3_TREND
2026-05-10 01:00:00+00:00,SOL,BUY,12.039361381428535,0.012039361381428535,0.15,S3_TREND
2026-05-10 02:00:00+00:00,SOL,BUY,9.373113813620876,0.009373113813620876,0.15,S3_TREND
2026-05-10 03:00:00+00:00,SOL,SELL,12.062587635333331,0.012062587635333332,0.15,S3_TREND
2026-05-10 04:00:00+00:00,ETH,BUY,14666.93851169776,14.66693851169776,0.15,S3_TREND
2026-05-10 04:00:00+00:00,SOL,SELL,48.20686758384363,0.048206867583843634,0.15,S3_TREND
2026-05-10 05:00:00+00:00,BTC,BUY,14664.054536136284,14.664054536136284,0.15,S3_TREND
2026-05-10 05:00:00+00:00,ETH,SELL,6.2234567820542,0.0062234567820542,0.15,S3_TREND
2026-05-10 05:00:00+00:00,SOL,BUY,4.966864022990194,0.004966864022990194,0.15,S3_TREND
2026-05-10 06:00:00+00:00,BTC,BUY,5.533930335452169,0.005533930335452169,0.15,S3_TREND
2026-05-10 06:00:00+00:00,SOL,SELL,2.068514023854732,0.002068514023854732,0.15,S3_TREND
2026-05-10 07:00:00+00:00,BTC,SELL,1.5468029426174326,0.0015468029426174326,0.15,S3_TREND
2026-05-10 07:00:00+00:00,ETH,SELL,7.251448668563171,0.007251448668563171,0.15,S3_TREND
2026-05-10 07:00:00+00:00,SOL,SELL,6.547700986429845,0.006547700986429845,0.15,S3_TREND
2026-05-10 08:00:00+00:00,BTC,SELL,1.0182818175071588,0.001018281817507159,0.15,S3_TREND
2026-05-10 08:00:00+00:00,ETH,BUY,11.671311431635331,0.011671311431635332,0.15,S3_TREND
2026-05-10 08:00:00+00:00,SOL,SELL,8.45306294315742,0.00845306294315742,0.15,S3_TREND
2026-05-10 09:00:00+00:00,BTC,BUY,2.2040346858429984,0.0022040346858429984,0.15,S3_TREND
2026-05-10 09:00:00+00:00,ETH,BUY,1.6915430418339383,0.0016915430418339384,0.15,S3_TREND
2026-05-10 09:00:00+00:00,SOL,SELL,74.80044807341437,0.07480044807341438,0.15,S3_TREND
2026-05-10 10:00:00+00:00,BTC,BUY,7.4744281614784995,0.0074744281614785,0.15,S3_TREND
2026-05-10 10:00:00+00:00,ETH,BUY,15.568174766540324,0.015568174766540323,0.15,S3_TREND
2026-05-10 10:00:00+00:00,SOL,SELL,35.61550202849503,0.03561550202849503,0.15,S3_TREND
2026-05-10 11:00:00+00:00,BTC,SELL,23.312326510338607,0.02331232651033861,0.15,S3_TREND
2026-05-10 11:00:00+00:00,ETH,BUY,6.126665928508373,0.006126665928508373,0.15,S3_TREND
2026-05-10 11:00:00+00:00,SOL,BUY,58.72623655972893,0.05872623655972893,0.15,S3_TREND
2026-05-10 12:00:00+00:00,BTC,SELL,1.6542357491234725,0.0016542357491234724,0.15,S3_TREND
2026-05-10 12:00:00+00:00,ETH,BUY,6.913842682986797,0.006913842682986797,0.15,S3_TREND
2026-05-10 12:00:00+00:00,SOL,BUY,35.70564004852895,0.03570564004852895,0.15,S3_TREND
2026-05-10 13:00:00+00:00,BTC,SELL,20.858216585163976,0.02085821658516398,0.15,S3_TREND
2026-05-10 13:00:00+00:00,ETH,SELL,11.195727157595684,0.011195727157595684,0.15,S3_TREND
2026-05-10 13:00:00+00:00,SOL,BUY,37.643838104208044,0.037643838104208044,0.15,S3_TREND
2026-05-10 14:00:00+00:00,BTC,BUY,9.202293477912463,0.009202293477912463,0.15,S3_TREND
2026-05-10 14:00:00+00:00,ETH,SELL,18.666853126987917,0.018666853126987917,0.15,S3_TREND
2026-05-10 14:00:00+00:00,SOL,SELL,53.54177739838087,0.053541777398380876,0.15,S3_TREND
2026-05-10 15:00:00+00:00,BTC,BUY,1.2372301979066833,0.0012372301979066834,0.15,S3_TREND
2026-05-10 15:00:00+00:00,ETH,SELL,2.3485252143054822,0.0023485252143054824,0.15,S3_TREND
2026-05-10 15:00:00+00:00,SOL,SELL,15.770193000860672,0.01577019300086067,0.15,S3_TREND
2026-05-10 16:00:00+00:00,BTC,SELL,35.187498585330104,0.0351874985853301,0.15,S3_TREND
2026-05-10 16:00:00+00:00,ETH,SELL,62.55814533627199,0.06255814533627199,0.15,S3_TREND
2026-05-10 16:00:00+00:00,SOL,SELL,57.698534761409974,0.05769853476140997,0.15,S3_TREND
2026-05-10 17:00:00+00:00,BTC,BUY,15.619082590985272,0.015619082590985272,0.15,S3_TREND
2026-05-10 17:00:00+00:00,ETH,SELL,6.814620571456544,0.006814620571456544,0.15,S3_TREND
2026-05-10 17:00:00+00:00,SOL,SELL,39.86250347326859,0.03986250347326859,0.15,S3_TREND
2026-05-10 18:00:00+00:00,BTC,BUY,36.64943352856608,0.03664943352856608,0.15,S3_TREND
2026-05-10 18:00:00+00:00,ETH,SELL,34.14911819988083,0.03414911819988083,0.15,S3_TREND
2026-05-10 18:00:00+00:00,SOL,SELL,201.95636660920718,0.20195636660920718,0.15,S3_TREND
2026-05-10 19:00:00+00:00,BTC,BUY,24.8508284249001,0.0248508284249001,0.15,S3_TREND
2026-05-10 19:00:00+00:00,ETH,BUY,22.68873331829309,0.02268873331829309,0.15,S3_TREND
2026-05-10 19:00:00+00:00,SOL,SELL,3.020268318707167,0.003020268318707167,0.15,S3_TREND
2026-05-10 20:00:00+00:00,BTC,SELL,18.133936160649682,0.018133936160649684,0.15,S3_TREND
2026-05-10 20:00:00+00:00,ETH,SELL,31.89437699925657,0.03189437699925657,0.15,S3_TREND
2026-05-10 20:00:00+00:00,SOL,BUY,5.893684200673306,0.005893684200673306,0.15,S3_TREND
2026-05-10 21:00:00+00:00,BTC,BUY,28.93429277255018,0.02893429277255018,0.15,S3_TREND
2026-05-10 21:00:00+00:00,ETH,BUY,131.21630157180698,0.13121630157180697,0.15,S3_TREND
2026-05-10 21:00:00+00:00,SOL,BUY,201.74000024131783,0.20174000024131783,0.15,S3_TREND
2026-05-10 22:00:00+00:00,BTC,BUY,17.150859903707897,0.017150859903707898,0.15,S3_TREND
2026-05-10 22:00:00+00:00,ETH,BUY,1.7241566073880676,0.0017241566073880677,0.15,S3_TREND
2026-05-10 22:00:00+00:00,SOL,SELL,72.50997580511284,0.07250997580511284,0.15,S3_TREND
2026-05-10 23:00:00+00:00,BTC,SELL,137.19364205071906,0.13719364205071907,0.15,S3_TREND
2026-05-10 23:00:00+00:00,ETH,SELL,167.21696396095285,0.16721696396095287,0.15,S3_TREND
2026-05-10 23:00:00+00:00,SOL,SELL,76.9692130629719,0.0769692130629719,0.15,S3_TREND
2026-05-11 00:00:00+00:00,BTC,SELL,22.739864991921422,0.022739864991921422,0.15,S3_TREND
2026-05-11 00:00:00+00:00,ETH,BUY,22.865084191371352,0.022865084191371354,0.15,S3_TREND
2026-05-11 00:00:00+00:00,SOL,SELL,26.705102262392757,0.026705102262392758,0.15,S3_TREND
2026-05-11 01:00:00+00:00,BTC,BUY,80.03072372067982,0.08003072372067982,0.15,S3_TREND
2026-05-11 01:00:00+00:00,ETH,BUY,64.94914746666473,0.06494914746666473,0.15,S3_TREND
2026-05-11 01:00:00+00:00,SOL,BUY,49.77021702721868,0.04977021702721868,0.15,S3_TREND
2026-05-11 02:00:00+00:00,BTC,BUY,7.085420807085029,0.007085420807085029,0.15,S3_TREND
2026-05-11 02:00:00+00:00,ETH,SELL,26.151849154559386,0.026151849154559387,0.15,S3_TREND
2026-05-11 02:00:00+00:00,SOL,SELL,27.43793499097046,0.027437934990970463,0.15,S3_TREND
2026-05-11 03:00:00+00:00,BTC,BUY,21.594626079340742,0.02159462607934074,0.15,S3_TREND
2026-05-11 03:00:00+00:00,ETH,BUY,43.606589223749324,0.043606589223749326,0.15,S3_TREND
2026-05-11 03:00:00+00:00,SOL,BUY,76.6600471624879,0.07666004716248791,0.15,S3_TREND
2026-05-11 04:00:00+00:00,BTC,BUY,40.29987045290727,0.04029987045290727,0.15,S3_TREND
2026-05-11 04:00:00+00:00,ETH,BUY,54.91232634831795,0.05491232634831795,0.15,S3_TREND
2026-05-11 04:00:00+00:00,SOL,BUY,45.17249757341597,0.045172497573415966,0.15,S3_TREND
2026-05-11 05:00:00+00:00,BTC,SELL,6.680358672072543,0.006680358672072543,0.15,S3_TREND
2026-05-11 05:00:00+00:00,ETH,SELL,4.991154753519368,0.004991154753519368,0.15,S3_TREND
2026-05-11 05:00:00+00:00,SOL,SELL,23.120953944484427,0.023120953944484428,0.15,S3_TREND
2026-05-11 06:00:00+00:00,BTC,BUY,18.29592586738545,0.01829592586738545,0.15,S3_TREND
2026-05-11 06:00:00+00:00,ETH,BUY,4.3200210413233435,0.0043200210413233435,0.15,S3_TREND
2026-05-11 06:00:00+00:00,SOL,SELL,94.8931945208733,0.0948931945208733,0.15,S3_TREND
2026-05-11 07:00:00+00:00,BTC,SELL,5.099043187485222,0.005099043187485222,0.15,S3_TREND
2026-05-11 07:00:00+00:00,ETH,BUY,4.524867808187992,0.0045248678081879915,0.15,S3_TREND
2026-05-11 07:00:00+00:00,SOL,BUY,25.48600515868202,0.025486005158682018,0.15,S3_TREND
2026-05-11 08:00:00+00:00,BTC,BUY,6.27894614483921,0.006278946144839211,0.15,S3_TREND
2026-05-11 08:00:00+00:00,ETH,BUY,9.806695296303587,0.009806695296303588,0.15,S3_TREND
2026-05-11 08:00:00+00:00,SOL,BUY,15.922453486113227,0.015922453486113226,0.15,S3_TREND
2026-05-11 09:00:00+00:00,BTC,SELL,17.30222472780588,0.01730222472780588,0.15,S3_TREND
2026-05-11 09:00:00+00:00,ETH,SELL,11.837042904993723,0.011837042904993723,0.15,S3_TREND
2026-05-11 09:00:00+00:00,SOL,BUY,74.12990372852255,0.07412990372852254,0.15,S3_TREND
2026-05-11 10:00:00+00:00,BTC,SELL,13.353360001234252,0.013353360001234252,0.15,S3_TREND
2026-05-11 10:00:00+00:00,ETH,SELL,12.465965054379922,0.012465965054379921,0.15,S3_TREND
2026-05-11 10:00:00+00:00,SOL,SELL,57.852130922348806,0.05785213092234881,0.15,S3_TREND
2026-05-11 11:00:00+00:00,BTC,SELL,7.269794298972556,0.007269794298972556,0.15,S3_TREND
2026-05-11 11:00:00+00:00,ETH,BUY,26.590829928727544,0.026590829928727546,0.15,S3_TREND
2026-05-11 11:00:00+00:00,SOL,BUY,24.971705358708277,0.02497170535870828,0.15,S3_TREND
2026-05-11 12:00:00+00:00,BTC,SELL,29.499760664426503,0.029499760664426503,0.15,S3_TREND
2026-05-11 12:00:00+00:00,ETH,SELL,19.862314417730886,0.019862314417730887,0.15,S3_TREND
2026-05-11 12:00:00+00:00,SOL,SELL,13.75118064945491,0.01375118064945491,0.15,S3_TREND
2026-05-11 13:00:00+00:00,BTC,BUY,5.312558526020439,0.005312558526020439,0.15,S3_TREND
2026-05-11 13:00:00+00:00,ETH,BUY,19.160649260984428,0.019160649260984427,0.15,S3_TREND
2026-05-11 13:00:00+00:00,SOL,BUY,50.61721403917363,0.05061721403917363,0.15,S3_TREND
2026-05-11 14:00:00+00:00,ETH,BUY,48.869902275784625,0.048869902275784624,0.15,S3_TREND
2026-05-11 14:00:00+00:00,SOL,SELL,61.737829050374785,0.06173782905037479,0.15,S3_TREND
2026-05-11 15:00:00+00:00,BTC,BUY,12.07755916539827,0.01207755916539827,0.15,S3_TREND
2026-05-11 15:00:00+00:00,ETH,BUY,27.216620833711204,0.027216620833711205,0.15,S3_TREND
2026-05-11 15:00:00+00:00,SOL,SELL,3.5316687173890386,0.0035316687173890388,0.15,S3_TREND
2026-05-11 16:00:00+00:00,BTC,SELL,22.542564263847453,0.022542564263847452,0.15,S3_TREND
2026-05-11 16:00:00+00:00,ETH,SELL,40.99056211294738,0.04099056211294738,0.15,S3_TREND
2026-05-11 16:00:00+00:00,SOL,SELL,181.7657290722109,0.1817657290722109,0.15,S3_TREND
2026-05-11 17:00:00+00:00,BTC,SELL,10.979671455812422,0.010979671455812422,0.15,S3_TREND
2026-05-11 17:00:00+00:00,ETH,BUY,35.93249713915793,0.03593249713915793,0.15,S3_TREND
2026-05-11 17:00:00+00:00,SOL,SELL,71.32963554062371,0.07132963554062371,0.15,S3_TREND
2026-05-11 18:00:00+00:00,BTC,SELL,39.88741192136513,0.03988741192136513,0.15,S3_TREND
2026-05-11 18:00:00+00:00,ETH,SELL,17.611867719386282,0.017611867719386283,0.15,S3_TREND
2026-05-11 18:00:00+00:00,SOL,SELL,39.00178746849997,0.03900178746849997,0.15,S3_TREND
2026-05-11 19:00:00+00:00,ETH,SELL,5.818846806663714,0.005818846806663714,0.15,S3_TREND
2026-05-11 19:00:00+00:00,SOL,BUY,58.252196089315476,0.05825219608931548,0.15,S3_TREND
2026-05-11 20:00:00+00:00,BTC,BUY,9.930321923784504,0.009930321923784504,0.15,S3_TREND
2026-05-11 20:00:00+00:00,ETH,SELL,4.095515608256392,0.0040955156082563915,0.15,S3_TREND
2026-05-11 20:00:00+00:00,SOL,SELL,108.68653700239338,0.10868653700239338,0.15,S3_TREND
2026-05-11 21:00:00+00:00,BTC,BUY,7.028417645731679,0.007028417645731679,0.15,S3_TREND
2026-05-11 21:00:00+00:00,ETH,SELL,4.021588454408629,0.004021588454408629,0.15,S3_TREND
2026-05-11 21:00:00+00:00,SOL,BUY,64.55077000460551,0.06455077000460552,0.15,S3_TREND
2026-05-11 22:00:00+00:00,BTC,SELL,2.84285800471298,0.0028428580047129798,0.15,S3_TREND
2026-05-11 22:00:00+00:00,ETH,SELL,18.95762296544308,0.01895762296544308,0.15,S3_TREND
2026-05-11 22:00:00+00:00,SOL,BUY,32.04920127692094,0.03204920127692094,0.15,S3_TREND
2026-05-11 23:00:00+00:00,BTC,BUY,4.185145031864522,0.004185145031864522,0.15,S3_TREND
2026-05-11 23:00:00+00:00,ETH,BUY,1.9374083291168063,0.0019374083291168063,0.15,S3_TREND
2026-05-11 23:00:00+00:00,SOL,SELL,29.97046510072505,0.02997046510072505,0.15,S3_TREND
2026-05-12 00:00:00+00:00,BTC,BUY,5.729014175183693,0.005729014175183693,0.15,S3_TREND
2026-05-12 00:00:00+00:00,SOL,BUY,32.212322123454214,0.032212322123454214,0.15,S3_TREND
2026-05-12 01:00:00+00:00,BTC,BUY,28.693118297893307,0.028693118297893307,0.15,S3_TREND
2026-05-12 01:00:00+00:00,ETH,BUY,32.06324699839388,0.03206324699839388,0.15,S3_TREND
2026-05-12 01:00:00+00:00,SOL,SELL,33.415916534788266,0.033415916534788266,0.15,S3_TREND
2026-05-12 02:00:00+00:00,BTC,BUY,3.8503849691769574,0.0038503849691769575,0.15,S3_TREND
2026-05-12 02:00:00+00:00,ETH,BUY,81.3987058859584,0.0813987058859584,0.15,S3_TREND
2026-05-12 02:00:00+00:00,SOL,BUY,130.60203393087613,0.13060203393087613,0.15,S3_TREND
2026-05-12 03:00:00+00:00,BTC,BUY,2.3999743383319583,0.0023999743383319584,0.15,S3_TREND
2026-05-12 03:00:00+00:00,ETH,SELL,17.004578617445077,0.017004578617445077,0.15,S3_TREND
2026-05-12 03:00:00+00:00,SOL,SELL,28.1628709703291,0.028162870970329098,0.15,S3_TREND
2026-05-12 04:00:00+00:00,BTC,BUY,13.843508478135846,0.013843508478135846,0.15,S3_TREND
2026-05-12 04:00:00+00:00,ETH,BUY,20.729144330862255,0.020729144330862256,0.15,S3_TREND
2026-05-12 04:00:00+00:00,SOL,BUY,41.76022962279967,0.04176022962279967,0.15,S3_TREND
2026-05-12 05:00:00+00:00,BTC,SELL,21.208269909328013,0.021208269909328014,0.15,S3_TREND
2026-05-12 05:00:00+00:00,ETH,BUY,1.7550205600546178,0.0017550205600546178,0.15,S3_TREND
2026-05-12 05:00:00+00:00,SOL,SELL,23.514434667333262,0.023514434667333262,0.15,S3_TREND
2026-05-12 06:00:00+00:00,BTC,BUY,6.513831729664162,0.006513831729664162,0.15,S3_TREND
2026-05-12 06:00:00+00:00,ETH,BUY,8.653814700783187,0.008653814700783188,0.15,S3_TREND
2026-05-12 06:00:00+00:00,SOL,SELL,28.48074624556102,0.02848074624556102,0.15,S3_TREND
2026-05-12 07:00:00+00:00,BTC,BUY,16.422017057537232,0.016422017057537232,0.15,S3_TREND
2026-05-12 07:00:00+00:00,ETH,BUY,19.586785980885907,0.019586785980885906,0.15,S3_TREND
2026-05-12 07:00:00+00:00,SOL,BUY,37.823662309876454,0.03782366230987645,0.15,S3_TREND
2026-05-12 08:00:00+00:00,BTC,BUY,12.454111072873275,0.012454111072873275,0.15,S3_TREND
2026-05-12 08:00:00+00:00,ETH,BUY,39.49776691932493,0.03949776691932493,0.15,S3_TREND
2026-05-12 08:00:00+00:00,SOL,BUY,6.877914714223152,0.006877914714223153,0.15,S3_TREND
2026-05-12 09:00:00+00:00,BTC,SELL,12.691841143325291,0.012691841143325291,0.15,S3_TREND
2026-05-12 09:00:00+00:00,ETH,BUY,29.397929910814128,0.02939792991081413,0.15,S3_TREND
2026-05-12 09:00:00+00:00,SOL,BUY,44.500106021492684,0.04450010602149269,0.15,S3_TREND
2026-05-12 10:00:00+00:00,BTC,BUY,8.587725293480617,0.008587725293480617,0.15,S3_TREND
2026-05-12 10:00:00+00:00,ETH,SELL,23.58515789483863,0.02358515789483863,0.15,S3_TREND
2026-05-12 10:00:00+00:00,SOL,SELL,12.482431537600862,0.012482431537600862,0.15,S3_TREND
2026-05-12 11:00:00+00:00,BTC,BUY,2.054835175465996,0.002054835175465996,0.15,S3_TREND
2026-05-12 11:00:00+00:00,ETH,BUY,13.498532273559249,0.013498532273559249,0.15,S3_TREND
2026-05-12 11:00:00+00:00,SOL,BUY,90.64336929217279,0.0906433692921728,0.15,S3_TREND
2026-05-12 12:00:00+00:00,BTC,SELL,18.232962559121006,0.018232962559121005,0.15,S3_TREND
2026-05-12 12:00:00+00:00,ETH,SELL,1.8953853038492525,0.0018953853038492525,0.15,S3_TREND
2026-05-12 12:00:00+00:00,SOL,BUY,7.927789982650211,0.00792778998265021,0.15,S3_TREND
2026-05-12 13:00:00+00:00,BTC,SELL,7.210061899935681,0.007210061899935681,0.15,S3_TREND
2026-05-12 13:00:00+00:00,ETH,SELL,2.2169087484580814,0.0022169087484580816,0.15,S3_TREND
2026-05-12 13:00:00+00:00,SOL,SELL,28.313419340896868,0.02831341934089687,0.15,S3_TREND
2026-05-12 14:00:00+00:00,BTC,BUY,35.77131158330121,0.03577131158330121,0.15,S3_TREND
2026-05-12 14:00:00+00:00,ETH,BUY,69.4514786329164,0.06945147863291641,0.15,S3_TREND
2026-05-12 14:00:00+00:00,SOL,BUY,39.19306446093833,0.03919306446093833,0.15,S3_TREND
2026-05-12 15:00:00+00:00,BTC,SELL,17.743110348925256,0.017743110348925256,0.15,S3_TREND
2026-05-12 15:00:00+00:00,ETH,BUY,13.648058415534251,0.013648058415534252,0.15,S3_TREND
2026-05-12 15:00:00+00:00,SOL,BUY,20.27078974068354,0.02027078974068354,0.15,S3_TREND
2026-05-12 16:00:00+00:00,BTC,BUY,8.162161650534472,0.008162161650534471,0.15,S3_TREND
2026-05-12 16:00:00+00:00,ETH,SELL,7281.890881969343,7.2818908819693435,0.075,S6_REVERSAL
2026-05-12 16:00:00+00:00,SOL,BUY,79.41713659934248,0.07941713659934249,0.15,S3_TREND
2026-05-12 17:00:00+00:00,BTC,BUY,51.52031509556218,0.05152031509556218,0.15,S3_TREND
2026-05-12 17:00:00+00:00,ETH,SELL,11.130616854178697,0.011130616854178698,0.075,S6_REVERSAL
2026-05-12 17:00:00+00:00,SOL,SELL,7.989101263910926,0.007989101263910926,0.15,S3_TREND
2026-05-12 18:00:00+00:00,BTC,SELL,60.01631489691499,0.060016314896914995,0.15,S3_TREND
2026-05-12 18:00:00+00:00,ETH,SELL,23.040183713176706,0.023040183713176707,0.075,S6_REVERSAL
2026-05-12 18:00:00+00:00,SOL,SELL,67.95100683121927,0.06795100683121928,0.15,S3_TREND
2026-05-12 19:00:00+00:00,BTC,SELL,20.934385121207015,0.020934385121207016,0.15,S3_TREND
2026-05-12 19:00:00+00:00,ETH,SELL,5.421035493257477,0.005421035493257478,0.075,S6_REVERSAL
2026-05-12 19:00:00+00:00,SOL,SELL,1.1687977794226754,0.0011687977794226753,0.15,S3_TREND
2026-05-12 20:00:00+00:00,BTC,SELL,12.93975886156477,0.01293975886156477,0.15,S3_TREND
2026-05-12 20:00:00+00:00,ETH,SELL,10.891442062244096,0.010891442062244096,0.075,S6_REVERSAL
2026-05-12 20:00:00+00:00,SOL,SELL,40.321709903240844,0.04032170990324085,0.15,S3_TREND
2026-05-12 21:00:00+00:00,BTC,BUY,17.354332142676867,0.017354332142676867,0.15,S3_TREND
2026-05-12 21:00:00+00:00,ETH,SELL,3.705752730249515,0.003705752730249515,0.075,S6_REVERSAL
2026-05-12 21:00:00+00:00,SOL,BUY,18.50409682305508,0.01850409682305508,0.15,S3_TREND
2026-05-12 22:00:00+00:00,BTC,BUY,15.419336488856061,0.015419336488856062,0.15,S3_TREND
2026-05-12 22:00:00+00:00,ETH,SELL,3.370014760061167,0.0033700147600611674,0.075,S6_REVERSAL
2026-05-12 22:00:00+00:00,SOL,BUY,6.383429599187366,0.006383429599187366,0.15,S3_TREND
2026-05-12 23:00:00+00:00,BTC,SELL,12.361177135328035,0.012361177135328034,0.15,S3_TREND
2026-05-12 23:00:00+00:00,ETH,BUY,9.915509229590498,0.009915509229590499,0.075,S6_REVERSAL
2026-05-12 23:00:00+00:00,SOL,BUY,1.7152000700698409,0.0017152000700698408,0.15,S3_TREND
2026-05-13 00:00:00+00:00,BTC,BUY,10.848559419717276,0.010848559419717275,0.15,S3_TREND
2026-05-13 00:00:00+00:00,ETH,BUY,15.267516259134027,0.015267516259134027,0.075,S6_REVERSAL
2026-05-13 00:00:00+00:00,SOL,BUY,43.56829894864495,0.04356829894864495,0.15,S3_TREND
2026-05-13 01:00:00+00:00,BTC,SELL,7342.110143537405,7.342110143537405,0.075,S6_REVERSAL
2026-05-13 01:00:00+00:00,ETH,SELL,14.358154264810764,0.014358154264810765,0.075,S6_REVERSAL
2026-05-13 01:00:00+00:00,SOL,SELL,17.379718057663922,0.01737971805766392,0.15,S3_TREND
2026-05-13 02:00:00+00:00,BTC,SELL,14.309318482058188,0.014309318482058188,0.075,S6_REVERSAL
2026-05-13 02:00:00+00:00,ETH,SELL,15.238477026284272,0.015238477026284272,0.075,S6_REVERSAL
2026-05-13 02:00:00+00:00,SOL,SELL,87.92713971494777,0.08792713971494777,0.15,S3_TREND
2026-05-13 03:00:00+00:00,BTC,SELL,2.269851336458487,0.0022698513364584868,0.075,S6_REVERSAL
2026-05-13 03:00:00+00:00,ETH,SELL,11.089572887368377,0.011089572887368377,0.075,S6_REVERSAL
2026-05-13 03:00:00+00:00,SOL,SELL,2.7349935411984916,0.0027349935411984916,0.15,S3_TREND
2026-05-13 04:00:00+00:00,BTC,SELL,11.17581348171825,0.011175813481718252,0.075,S6_REVERSAL
2026-05-13 04:00:00+00:00,ETH,SELL,7355.303685867976,7.355303685867976,0.0,CASH
2026-05-13 04:00:00+00:00,SOL,SELL,35.43569711751479,0.03543569711751479,0.15,S3_TREND
2026-05-13 05:00:00+00:00,SOL,BUY,7.782660201744875,0.007782660201744875,0.15,S3_TREND
2026-05-13 06:00:00+00:00,BTC,BUY,15.199461921200054,0.015199461921200055,0.075,S6_REVERSAL
2026-05-13 06:00:00+00:00,SOL,BUY,27.16573334584791,0.027165733345847914,0.15,S3_TREND
2026-05-13 07:00:00+00:00,BTC,SELL,7328.202191725719,7.328202191725719,0.0,CASH
2026-05-13 07:00:00+00:00,SOL,BUY,15.152635931452096,0.015152635931452097,0.15,S3_TREND
2026-05-13 08:00:00+00:00,SOL,SELL,1.1015032241448353,0.0011015032241448353,0.15,S3_TREND
2026-05-13 09:00:00+00:00,SOL,SELL,56.31656289120473,0.056316562891204736,0.15,S3_TREND
2026-05-13 10:00:00+00:00,SOL,SELL,20.88324538949564,0.020883245389495642,0.15,S3_TREND
2026-05-13 11:00:00+00:00,SOL,BUY,121.15918485969087,0.12115918485969086,0.15,S3_TREND
2026-05-13 12:00:00+00:00,SOL,BUY,61.724976267878446,0.06172497626787845,0.15,S3_TREND
2026-05-13 13:00:00+00:00,SOL,BUY,153.02328112050236,0.15302328112050237,0.15,S3_TREND
2026-05-13 14:00:00+00:00,SOL,BUY,117.2992196510786,0.1172992196510786,0.15,S3_TREND
2026-05-13 15:00:00+00:00,SOL,BUY,69.87091922966101,0.06987091922966102,0.15,S3_TREND
2026-05-13 16:00:00+00:00,BTC,BUY,7274.2443676550565,7.274244367655057,0.075,S6_REVERSAL
2026-05-13 16:00:00+00:00,SOL,SELL,7093.2903231046685,7.093290323104669,0.075,S6_REVERSAL
2026-05-13 17:00:00+00:00,BTC,SELL,22.42449767134804,0.02242449767134804,0.075,S6_REVERSAL
2026-05-13 17:00:00+00:00,SOL,SELL,31.87082804173406,0.031870828041734064,0.075,S6_REVERSAL
2026-05-13 18:00:00+00:00,BTC,SELL,34.42285584594265,0.03442285584594265,0.075,S6_REVERSAL
2026-05-13 19:00:00+00:00,BTC,SELL,6.867489838722577,0.006867489838722577,0.075,S6_REVERSAL
2026-05-13 19:00:00+00:00,SOL,SELL,1.075093864052178,0.0010750938640521782,0.075,S6_REVERSAL
2026-05-13 20:00:00+00:00,BTC,SELL,3.6256429983268395,0.0036256429983268397,0.075,S6_REVERSAL
2026-05-13 20:00:00+00:00,SOL,SELL,1.1783777674663725,0.0011783777674663726,0.075,S6_REVERSAL
2026-05-13 21:00:00+00:00,BTC,SELL,2.9807802372597507,0.0029807802372597506,0.075,S6_REVERSAL
2026-05-13 21:00:00+00:00,SOL,SELL,21.830705309101177,0.021830705309101178,0.075,S6_REVERSAL
2026-05-13 22:00:00+00:00,BTC,BUY,23.29956867621604,0.02329956867621604,0.075,S6_REVERSAL
2026-05-13 22:00:00+00:00,SOL,BUY,23.78255654691384,0.02378255654691384,0.075,S6_REVERSAL
2026-05-13 23:00:00+00:00,SOL,SELL,19.799633265834927,0.019799633265834927,0.075,S6_REVERSAL
2026-05-14 00:00:00+00:00,BTC,BUY,8.819847080205363,0.008819847080205364,0.075,S6_REVERSAL
2026-05-14 00:00:00+00:00,ETH,BUY,7280.985941960491,7.280985941960491,0.075,S6_REVERSAL
2026-05-14 01:00:00+00:00,BTC,SELL,21.01281018627651,0.02101281018627651,0.075,S6_REVERSAL
2026-05-14 01:00:00+00:00,ETH,SELL,22.089025076972575,0.022089025076972576,0.075,S6_REVERSAL
2026-05-14 02:00:00+00:00,BTC,SELL,2.791436649082243,0.0027914366490822433,0.075,S6_REVERSAL
2026-05-14 02:00:00+00:00,ETH,BUY,4.8605149687600715,0.004860514968760072,0.075,S6_REVERSAL
2026-05-14 02:00:00+00:00,SOL,BUY,2.9104765389975,0.0029104765389975002,0.075,S6_REVERSAL
2026-05-14 03:00:00+00:00,BTC,BUY,13.137714817805318,0.013137714817805318,0.075,S6_REVERSAL
2026-05-14 03:00:00+00:00,ETH,BUY,34.65824854460698,0.03465824854460698,0.075,S6_REVERSAL
2026-05-14 03:00:00+00:00,SOL,BUY,38.035966259667475,0.03803596625966748,0.075,S6_REVERSAL
2026-05-14 04:00:00+00:00,BTC,BUY,21.389156770434056,0.021389156770434056,0.075,S6_REVERSAL
2026-05-14 04:00:00+00:00,ETH,BUY,21.937727216503845,0.021937727216503847,0.075,S6_REVERSAL
2026-05-14 04:00:00+00:00,SOL,SELL,7223.372239499551,7.223372239499551,0.0,CASH
2026-05-14 05:00:00+00:00,BTC,SELL,31.599640044650187,0.031599640044650185,0.075,S6_REVERSAL
2026-05-14 05:00:00+00:00,ETH,SELL,41.36230317497848,0.04136230317497848,0.075,S6_REVERSAL
2026-05-14 06:00:00+00:00,BTC,SELL,27.438771380598155,0.027438771380598154,0.075,S6_REVERSAL
2026-05-14 06:00:00+00:00,ETH,SELL,32.57906550931784,0.03257906550931784,0.075,S6_REVERSAL
2026-05-14 07:00:00+00:00,ETH,BUY,2.1020425251090273,0.0021020425251090276,0.075,S6_REVERSAL
2026-05-14 08:00:00+00:00,BTC,BUY,4.613222154093819,0.0046132221540938195,0.075,S6_REVERSAL
2026-05-14 08:00:00+00:00,ETH,BUY,6.2183406124913745,0.006218340612491375,0.075,S6_REVERSAL
2026-05-14 09:00:00+00:00,BTC,SELL,6.171594879177975,0.006171594879177975,0.075,S6_REVERSAL
2026-05-14 09:00:00+00:00,ETH,SELL,2.0389417782525925,0.0020389417782525924,0.075,S6_REVERSAL
2026-05-14 10:00:00+00:00,BTC,BUY,13.628684891558805,0.013628684891558806,0.075,S6_REVERSAL
2026-05-14 10:00:00+00:00,ETH,BUY,24.124283592264874,0.024124283592264876,0.075,S6_REVERSAL
2026-05-14 11:00:00+00:00,BTC,BUY,6.579673279336021,0.006579673279336021,0.075,S6_REVERSAL
2026-05-14 11:00:00+00:00,ETH,SELL,13.356349288525053,0.013356349288525053,0.075,S6_REVERSAL
2026-05-14 12:00:00+00:00,BTC,BUY,24.356354840218046,0.024356354840218045,0.075,S6_REVERSAL
2026-05-14 12:00:00+00:00,ETH,BUY,22.61136979822004,0.02261136979822004,0.075,S6_REVERSAL
2026-05-14 13:00:00+00:00,BTC,SELL,41.32542689938782,0.04132542689938782,0.075,S6_REVERSAL
2026-05-14 13:00:00+00:00,ETH,SELL,19.390710037326244,0.019390710037326245,0.075,S6_REVERSAL
2026-05-14 14:00:00+00:00,BTC,BUY,2.6009950377147106,0.0026009950377147107,0.075,S6_REVERSAL
2026-05-14 14:00:00+00:00,ETH,BUY,35.440871552598765,0.035440871552598764,0.075,S6_REVERSAL
2026-05-14 15:00:00+00:00,BTC,SELL,97.50628209388833,0.09750628209388833,0.075,S6_REVERSAL
2026-05-14 15:00:00+00:00,ETH,SELL,103.750564396566,0.103750564396566,0.075,S6_REVERSAL
2026-05-14 16:00:00+00:00,BTC,SELL,7320.959785815271,7.320959785815271,0.0,CASH
2026-05-14 16:00:00+00:00,ETH,SELL,31.595377028741495,0.031595377028741496,0.075,S6_REVERSAL
2026-05-14 17:00:00+00:00,ETH,SELL,7352.392760208415,7.352392760208415,0.0,CASH
2026-05-15 06:00:00+00:00,ETH,BUY,7298.822337048197,7.298822337048198,0.075,S6_REVERSAL
2026-05-15 06:00:00+00:00,SOL,BUY,7298.822337048197,7.298822337048198,0.075,S6_REVERSAL
2026-05-15 07:00:00+00:00,BTC,BUY,7302.693356996763,7.302693356996763,0.075,S6_REVERSAL
2026-05-15 07:00:00+00:00,ETH,SELL,28.504623801768503,0.028504623801768502,0.075,S6_REVERSAL
2026-05-15 07:00:00+00:00,SOL,SELL,29.964580289406513,0.029964580289406514,0.075,S6_REVERSAL
2026-05-15 08:00:00+00:00,BTC,SELL,14.324000464337587,0.014324000464337587,0.075,S6_REVERSAL
2026-05-15 08:00:00+00:00,ETH,SELL,24.607417305558556,0.024607417305558557,0.075,S6_REVERSAL
2026-05-15 08:00:00+00:00,SOL,SELL,40.37434811100229,0.040374348111002295,0.075,S6_REVERSAL
2026-05-15 09:00:00+00:00,BTC,BUY,10.930840509577138,0.010930840509577138,0.075,S6_REVERSAL
2026-05-15 09:00:00+00:00,ETH,BUY,19.296490160380017,0.019296490160380018,0.075,S6_REVERSAL
2026-05-15 09:00:00+00:00,SOL,BUY,22.061102559593564,0.022061102559593565,0.075,S6_REVERSAL
2026-05-15 10:00:00+00:00,BTC,BUY,11.070257661305732,0.011070257661305732,0.075,S6_REVERSAL
2026-05-15 10:00:00+00:00,ETH,BUY,7.547448587232793,0.007547448587232794,0.075,S6_REVERSAL
2026-05-15 10:00:00+00:00,SOL,BUY,5.6497500055338605,0.005649750005533861,0.075,S6_REVERSAL
2026-05-15 11:00:00+00:00,BTC,SELL,15.270827578613533,0.015270827578613533,0.075,S6_REVERSAL
2026-05-15 11:00:00+00:00,ETH,SELL,20.447692207675573,0.020447692207675575,0.075,S6_REVERSAL
2026-05-15 11:00:00+00:00,SOL,SELL,18.758765032664996,0.018758765032664996,0.075,S6_REVERSAL
2026-05-15 12:00:00+00:00,BTC,BUY,4.899787146324343,0.0048997871463243425,0.075,S6_REVERSAL
2026-05-15 12:00:00+00:00,ETH,BUY,12.722036451350505,0.012722036451350505,0.075,S6_REVERSAL
2026-05-15 12:00:00+00:00,SOL,BUY,13.73683992025326,0.01373683992025326,0.075,S6_REVERSAL
2026-05-15 13:00:00+00:00,BTC,BUY,16.00079401707626,0.01600079401707626,0.075,S6_REVERSAL
2026-05-15 13:00:00+00:00,ETH,BUY,4.528662134559454,0.004528662134559454,0.075,S6_REVERSAL
2026-05-15 13:00:00+00:00,SOL,BUY,41.972480422195076,0.04197248042219508,0.075,S6_REVERSAL
2026-05-15 14:00:00+00:00,BTC,SELL,7150.736539709664,7.150736539709664,0.0,CASH
2026-05-15 14:00:00+00:00,ETH,BUY,99.94037434269103,0.09994037434269103,0.075,S6_REVERSAL
2026-05-15 14:00:00+00:00,SOL,SELL,7157.531973216136,7.157531973216137,0.0,CASH
2026-05-15 15:00:00+00:00,BTC,BUY,7265.743298943298,7.265743298943298,0.075,S6_REVERSAL
2026-05-15 15:00:00+00:00,SOL,BUY,7265.743298943298,7.265743298943298,0.075,S6_REVERSAL
2026-05-15 16:00:00+00:00,BTC,BUY,1.198830529121551,0.0011988305291215512,0.075,S6_REVERSAL
2026-05-15 16:00:00+00:00,ETH,SELL,30.077146729229753,0.030077146729229752,0.075,S6_REVERSAL
2026-05-15 16:00:00+00:00,SOL,BUY,2.0055681283683953,0.0020055681283683954,0.075,S6_REVERSAL
2026-05-15 17:00:00+00:00,BTC,SELL,8.935004099105754,0.008935004099105755,0.075,S6_REVERSAL
2026-05-15 17:00:00+00:00,ETH,SELL,1.3651891315139437,0.0013651891315139438,0.075,S6_REVERSAL
2026-05-15 17:00:00+00:00,SOL,SELL,34.06820319659255,0.03406820319659255,0.075,S6_REVERSAL
2026-05-15 18:00:00+00:00,BTC,SELL,11.033389610374797,0.011033389610374797,0.075,S6_REVERSAL
2026-05-15 18:00:00+00:00,ETH,SELL,11.790363284920202,0.011790363284920202,0.075,S6_REVERSAL
2026-05-15 18:00:00+00:00,SOL,SELL,20.20984507713638,0.020209845077136378,0.075,S6_REVERSAL
2026-05-15 19:00:00+00:00,BTC,BUY,14.506318608718175,0.014506318608718176,0.075,S6_REVERSAL
2026-05-15 19:00:00+00:00,ETH,BUY,2.0474894305489215,0.0020474894305489216,0.075,S6_REVERSAL
2026-05-15 20:00:00+00:00,BTC,BUY,8.135387520115728,0.008135387520115727,0.075,S6_REVERSAL
2026-05-15 20:00:00+00:00,ETH,BUY,11.840758601782909,0.01184075860178291,0.075,S6_REVERSAL
2026-05-15 20:00:00+00:00,SOL,BUY,26.31582936736868,0.02631582936736868,0.075,S6_REVERSAL
2026-05-15 21:00:00+00:00,ETH,BUY,8.781118278162467,0.008781118278162466,0.075,S6_REVERSAL
2026-05-15 21:00:00+00:00,SOL,BUY,8.822633662812223,0.008822633662812223,0.075,S6_REVERSAL
2026-05-15 22:00:00+00:00,BTC,BUY,10.99900535508732,0.01099900535508732,0.075,S6_REVERSAL
2026-05-15 22:00:00+00:00,ETH,BUY,7.102371518100881,0.007102371518100881,0.075,S6_REVERSAL
2026-05-15 22:00:00+00:00,SOL,BUY,14.76476937058851,0.01476476937058851,0.075,S6_REVERSAL
2026-05-15 23:00:00+00:00,BTC,SELL,7.977603277377966,0.007977603277377966,0.075,S6_REVERSAL
2026-05-15 23:00:00+00:00,ETH,SELL,19.18918579664387,0.01918918579664387,0.075,S6_REVERSAL
2026-05-15 23:00:00+00:00,SOL,SELL,17.685841091093607,0.01768584109109361,0.075,S6_REVERSAL
2026-05-16 00:00:00+00:00,ETH,SELL,1.9943150992949086,0.0019943150992949086,0.075,S6_REVERSAL
2026-05-16 00:00:00+00:00,SOL,BUY,7.6786272118770285,0.0076786272118770284,0.075,S6_REVERSAL
2026-05-16 01:00:00+00:00,ETH,SELL,7.142403273271156,0.007142403273271156,0.075,S6_REVERSAL
2026-05-16 01:00:00+00:00,SOL,BUY,1.3173044463464976,0.0013173044463464976,0.075,S6_REVERSAL
2026-05-16 02:00:00+00:00,BTC,BUY,7266.298841763692,7.266298841763692,0.15,S3_TREND
2026-05-16 02:00:00+00:00,ETH,SELL,7.065724121948733,0.007065724121948733,0.075,S6_REVERSAL
2026-05-16 02:00:00+00:00,SOL,SELL,4.999162070028433,0.004999162070028433,0.075,S6_REVERSAL
2026-05-16 03:00:00+00:00,ETH,SELL,2.2026900087776085,0.0022026900087776086,0.075,S6_REVERSAL
2026-05-16 03:00:00+00:00,SOL,BUY,6.8843770133426005,0.006884377013342601,0.075,S6_REVERSAL
2026-05-16 04:00:00+00:00,BTC,BUY,8.300354495155261,0.008300354495155262,0.15,S3_TREND
2026-05-16 04:00:00+00:00,ETH,BUY,3.8450154625988944,0.0038450154625988943,0.075,S6_REVERSAL
2026-05-16 04:00:00+00:00,SOL,BUY,9.842544463900595,0.009842544463900595,0.075,S6_REVERSAL
2026-05-16 05:00:00+00:00,BTC,BUY,4.176249166486741,0.004176249166486741,0.15,S3_TREND
2026-05-16 05:00:00+00:00,ETH,BUY,4.238747976585728,0.004238747976585728,0.075,S6_REVERSAL
2026-05-16 05:00:00+00:00,SOL,BUY,13.187492277430465,0.013187492277430466,0.075,S6_REVERSAL
2026-05-16 06:00:00+00:00,BTC,SELL,2.502539062217693,0.002502539062217693,0.15,S3_TREND
2026-05-16 06:00:00+00:00,SOL,BUY,20.9136829161107,0.0209136829161107,0.075,S6_REVERSAL
2026-05-16 07:00:00+00:00,BTC,BUY,47.396110086079716,0.04739611008607972,0.15,S3_TREND
2026-05-16 07:00:00+00:00,ETH,BUY,21.22342419016968,0.02122342419016968,0.075,S6_REVERSAL
2026-05-16 07:00:00+00:00,SOL,BUY,35.56839382950693,0.03556839382950693,0.075,S6_REVERSAL
2026-05-16 08:00:00+00:00,BTC,BUY,26.656392944965773,0.026656392944965773,0.15,S3_TREND
2026-05-16 08:00:00+00:00,ETH,SELL,7183.622849680882,7.183622849680882,0.0,CASH
2026-05-16 08:00:00+00:00,SOL,SELL,7205.895475606737,7.205895475606737,0.0,CASH
2026-05-16 09:00:00+00:00,BTC,SELL,11.076803191293948,0.011076803191293947,0.15,S3_TREND
2026-05-16 09:00:00+00:00,ETH,BUY,7238.592531478735,7.2385925314787345,0.075,S6_REVERSAL
2026-05-16 09:00:00+00:00,SOL,BUY,7238.592531478735,7.2385925314787345,0.075,S6_REVERSAL
2026-05-16 10:00:00+00:00,BTC,BUY,24.03737775490299,0.024037377754902993,0.15,S3_TREND
2026-05-16 10:00:00+00:00,ETH,BUY,45.3376757015576,0.045337675701557605,0.075,S6_REVERSAL
2026-05-16 10:00:00+00:00,SOL,SELL,7119.438744952336,7.119438744952336,0.0,CASH
2026-05-16 11:00:00+00:00,BTC,BUY,18.468250738866118,0.01846825073886612,0.15,S3_TREND
2026-05-16 11:00:00+00:00,ETH,SELL,3.1117514464067426,0.0031117514464067426,0.075,S6_REVERSAL
2026-05-16 11:00:00+00:00,SOL,BUY,7216.7639106781,7.2167639106781,0.075,S6_REVERSAL
2026-05-16 12:00:00+00:00,BTC,SELL,17.660155046532964,0.017660155046532965,0.15,S3_TREND
2026-05-16 12:00:00+00:00,ETH,SELL,5.18092316466209,0.00518092316466209,0.075,S6_REVERSAL
2026-05-16 12:00:00+00:00,SOL,SELL,6.067792687698784,0.006067792687698784,0.075,S6_REVERSAL
2026-05-16 13:00:00+00:00,BTC,BUY,13.458570530585348,0.013458570530585348,0.15,S3_TREND
2026-05-16 13:00:00+00:00,ETH,SELL,1.334213369439567,0.0013342133694395672,0.075,S6_REVERSAL
2026-05-16 13:00:00+00:00,SOL,SELL,11.77604166850142,0.01177604166850142,0.075,S6_REVERSAL
2026-05-16 14:00:00+00:00,ETH,SELL,1.8020176288364382,0.0018020176288364384,0.075,S6_REVERSAL
2026-05-16 15:00:00+00:00,BTC,SELL,16.07070374836985,0.01607070374836985,0.15,S3_TREND
2026-05-16 15:00:00+00:00,ETH,SELL,6.163008980139239,0.006163008980139239,0.075,S6_REVERSAL
2026-05-16 15:00:00+00:00,SOL,SELL,7.503459356864369,0.0075034593568643684,0.075,S6_REVERSAL
2026-05-16 16:00:00+00:00,BTC,SELL,15.703156850828236,0.015703156850828237,0.15,S3_TREND
2026-05-16 16:00:00+00:00,ETH,BUY,1.8789523552095488,0.001878952355209549,0.075,S6_REVERSAL
2026-05-16 16:00:00+00:00,SOL,SELL,6.216246687045895,0.006216246687045895,0.075,S6_REVERSAL
2026-05-16 17:00:00+00:00,BTC,SELL,7219.502004676195,7.219502004676195,0.075,S6_REVERSAL
2026-05-16 17:00:00+00:00,ETH,BUY,18.54034401221179,0.01854034401221179,0.075,S6_REVERSAL
2026-05-16 17:00:00+00:00,SOL,SELL,13.508835696338792,0.013508835696338792,0.075,S6_REVERSAL
2026-05-16 18:00:00+00:00,BTC,BUY,2.0963356354450298,0.00209633563544503,0.075,S6_REVERSAL
2026-05-16 18:00:00+00:00,ETH,SELL,14.263851109823918,0.014263851109823918,0.075,S6_REVERSAL
2026-05-16 18:00:00+00:00,SOL,SELL,12.489320976136698,0.012489320976136697,0.075,S6_REVERSAL
2026-05-16 19:00:00+00:00,BTC,SELL,1.815662131287354,0.001815662131287354,0.075,S6_REVERSAL
2026-05-16 19:00:00+00:00,ETH,SELL,7.290138261816537,0.007290138261816537,0.075,S6_REVERSAL
2026-05-16 20:00:00+00:00,BTC,SELL,3.7424459827780083,0.0037424459827780083,0.075,S6_REVERSAL
2026-05-16 20:00:00+00:00,ETH,BUY,4.911327398918729,0.004911327398918729,0.075,S6_REVERSAL
2026-05-16 20:00:00+00:00,SOL,BUY,9.80340225879172,0.009803402258791722,0.075,S6_REVERSAL
2026-05-16 21:00:00+00:00,ETH,SELL,5.881825922190728,0.0058818259221907285,0.075,S6_REVERSAL
2026-05-16 21:00:00+00:00,SOL,BUY,2.0170905816048617,0.0020170905816048615,0.075,S6_REVERSAL
2026-05-16 22:00:00+00:00,ETH,SELL,3.348017487089237,0.003348017487089237,0.075,S6_REVERSAL
2026-05-16 22:00:00+00:00,SOL,BUY,6.43484405766867,0.00643484405766867,0.075,S6_REVERSAL
2026-05-16 23:00:00+00:00,BTC,BUY,5.488183860176832,0.005488183860176832,0.075,S6_REVERSAL
2026-05-16 23:00:00+00:00,ETH,BUY,4.9838454584241845,0.004983845458424185,0.075,S6_REVERSAL
2026-05-16 23:00:00+00:00,SOL,BUY,3.600718540341404,0.003600718540341404,0.075,S6_REVERSAL
2026-05-17 00:00:00+00:00,BTC,BUY,3.3406479227169257,0.003340647922716926,0.075,S6_REVERSAL
2026-05-17 00:00:00+00:00,ETH,SELL,1.2157528272591662,0.0012157528272591662,0.075,S6_REVERSAL
2026-05-17 00:00:00+00:00,SOL,SELL,7223.796248561708,7.223796248561708,0.0,CASH
2026-05-17 01:00:00+00:00,BTC,BUY,15.958910038541944,0.015958910038541944,0.075,S6_REVERSAL
2026-05-17 01:00:00+00:00,ETH,BUY,7.76891670088753,0.00776891670088753,0.075,S6_REVERSAL
2026-05-17 02:00:00+00:00,BTC,BUY,16.76500086413307,0.016765000864133073,0.075,S6_REVERSAL
2026-05-17 02:00:00+00:00,ETH,BUY,24.325939016638586,0.024325939016638588,0.075,S6_REVERSAL
2026-05-17 03:00:00+00:00,BTC,SELL,13.253147313330372,0.013253147313330372,0.075,S6_REVERSAL
2026-05-17 03:00:00+00:00,ETH,SELL,15.255380613046327,0.015255380613046328,0.075,S6_REVERSAL
2026-05-17 04:00:00+00:00,BTC,SELL,9.644417876900661,0.009644417876900662,0.075,S6_REVERSAL
2026-05-17 04:00:00+00:00,ETH,SELL,21.18734687502456,0.02118734687502456,0.075,S6_REVERSAL
2026-05-17 05:00:00+00:00,BTC,SELL,9.599467898030527,0.009599467898030527,0.075,S6_REVERSAL
2026-05-17 05:00:00+00:00,ETH,SELL,17.17226194617524,0.01717226194617524,0.075,S6_REVERSAL
2026-05-17 06:00:00+00:00,BTC,BUY,2.7124087920365128,0.0027124087920365127,0.075,S6_REVERSAL
2026-05-17 06:00:00+00:00,ETH,BUY,4.937127314454301,0.0049371273144543015,0.075,S6_REVERSAL
2026-05-17 07:00:00+00:00,BTC,BUY,1.2004672122075135,0.0012004672122075135,0.075,S6_REVERSAL
2026-05-17 07:00:00+00:00,ETH,BUY,2.604896767446917,0.002604896767446917,0.075,S6_REVERSAL
2026-05-17 08:00:00+00:00,BTC,SELL,6.035459103386529,0.006035459103386529,0.075,S6_REVERSAL
2026-05-17 08:00:00+00:00,ETH,SELL,4.402139972282384,0.004402139972282384,0.075,S6_REVERSAL
2026-05-17 09:00:00+00:00,BTC,BUY,7.54107818490229,0.00754107818490229,0.075,S6_REVERSAL
2026-05-17 09:00:00+00:00,ETH,BUY,1.452302435254751,0.001452302435254751,0.075,S6_REVERSAL
2026-05-17 10:00:00+00:00,BTC,SELL,12.59333994190456,0.01259333994190456,0.075,S6_REVERSAL
2026-05-17 10:00:00+00:00,ETH,SELL,11.94664949068465,0.01194664949068465,0.075,S6_REVERSAL
2026-05-17 11:00:00+00:00,BTC,SELL,17.50210901898754,0.01750210901898754,0.075,S6_REVERSAL
2026-05-17 11:00:00+00:00,ETH,SELL,10.922148011964964,0.010922148011964965,0.075,S6_REVERSAL
2026-05-17 12:00:00+00:00,BTC,BUY,3.6928209270490697,0.0036928209270490698,0.075,S6_REVERSAL
2026-05-17 12:00:00+00:00,ETH,BUY,6.630525038690394,0.006630525038690394,0.075,S6_REVERSAL
2026-05-17 13:00:00+00:00,BTC,BUY,4.929836367063217,0.0049298363670632174,0.075,S6_REVERSAL
2026-05-17 13:00:00+00:00,ETH,SELL,7.369466048364302,0.007369466048364302,0.075,S6_REVERSAL
2026-05-17 14:00:00+00:00,BTC,BUY,13.274993222247758,0.013274993222247759,0.075,S6_REVERSAL
2026-05-17 14:00:00+00:00,ETH,BUY,5.521241267954792,0.0055212412679547926,0.075,S6_REVERSAL
2026-05-17 15:00:00+00:00,BTC,BUY,11.584458623429782,0.011584458623429782,0.075,S6_REVERSAL
2026-05-17 15:00:00+00:00,ETH,BUY,15.65915834151474,0.01565915834151474,0.075,S6_REVERSAL
2026-05-17 17:00:00+00:00,ETH,BUY,12.469126236431293,0.012469126236431293,0.075,S6_REVERSAL
2026-05-17 18:00:00+00:00,BTC,SELL,4.03019883008983,0.004030198830089831,0.075,S6_REVERSAL
2026-05-17 18:00:00+00:00,ETH,SELL,3.165781288540529,0.0031657812885405295,0.075,S6_REVERSAL
2026-05-17 19:00:00+00:00,BTC,SELL,14.039271883799302,0.014039271883799302,0.075,S6_REVERSAL
2026-05-17 19:00:00+00:00,ETH,SELL,13.513563561462433,0.013513563561462433,0.075,S6_REVERSAL
2026-05-17 20:00:00+00:00,BTC,SELL,11.57640154535238,0.011576401545352381,0.075,S6_REVERSAL
2026-05-17 20:00:00+00:00,ETH,SELL,11.321025584088602,0.011321025584088602,0.075,S6_REVERSAL
2026-05-17 21:00:00+00:00,BTC,BUY,11.019047815541853,0.011019047815541853,0.075,S6_REVERSAL
2026-05-17 21:00:00+00:00,ETH,BUY,8.162223731853373,0.008162223731853374,0.075,S6_REVERSAL
2026-05-17 22:00:00+00:00,BTC,SELL,10.405302003156976,0.010405302003156976,0.075,S6_REVERSAL
2026-05-17 22:00:00+00:00,ETH,SELL,5.981446564633188,0.005981446564633189,0.075,S6_REVERSAL
2026-05-17 23:00:00+00:00,BTC,BUY,31.836602969414344,0.031836602969414346,0.075,S6_REVERSAL
2026-05-17 23:00:00+00:00,ETH,BUY,34.08259483253005,0.03408259483253005,0.075,S6_REVERSAL
2026-05-18 00:00:00+00:00,BTC,BUY,34.10551537784977,0.03410551537784977,0.075,S6_REVERSAL
2026-05-18 00:00:00+00:00,ETH,SELL,7060.415216485197,7.060415216485197,0.0,CASH
2026-05-18 00:00:00+00:00,SOL,BUY,7205.914443268893,7.205914443268893,0.075,S6_REVERSAL
2026-05-18 01:00:00+00:00,BTC,BUY,21.005455873705614,0.021005455873705614,0.075,S6_REVERSAL
2026-05-18 01:00:00+00:00,ETH,BUY,7203.874419903595,7.2038744199035945,0.075,S6_REVERSAL
2026-05-18 01:00:00+00:00,SOL,SELL,12.185626242127,0.012185626242127,0.075,S6_REVERSAL
2026-05-18 02:00:00+00:00,BTC,BUY,6.338027345520459,0.006338027345520459,0.075,S6_REVERSAL
2026-05-18 02:00:00+00:00,ETH,SELL,10.110291493589102,0.010110291493589102,0.075,S6_REVERSAL
2026-05-18 02:00:00+00:00,SOL,BUY,28.168192291124797,0.028168192291124796,0.075,S6_REVERSAL
2026-05-18 03:00:00+00:00,BTC,SELL,7175.2444574462015,7.175244457446202,0.0,CASH
2026-05-18 03:00:00+00:00,SOL,BUY,5.6900370495568495,0.005690037049556849,0.075,S6_REVERSAL
2026-05-18 04:00:00+00:00,BTC,BUY,7197.75680992504,7.19775680992504,0.075,S6_REVERSAL
2026-05-18 04:00:00+00:00,ETH,SELL,6.11685284836949,0.00611685284836949,0.075,S6_REVERSAL
2026-05-18 04:00:00+00:00,SOL,BUY,2.27122178101763,0.00227122178101763,0.075,S6_REVERSAL
2026-05-18 05:00:00+00:00,BTC,SELL,6.1506622909864745,0.006150662290986475,0.075,S6_REVERSAL
2026-05-18 05:00:00+00:00,ETH,SELL,17.278767879900442,0.01727876787990044,0.075,S6_REVERSAL
2026-05-18 05:00:00+00:00,SOL,SELL,30.27968102343766,0.03027968102343766,0.075,S6_REVERSAL
2026-05-18 06:00:00+00:00,BTC,BUY,5.04479385409104,0.00504479385409104,0.075,S6_REVERSAL
2026-05-18 06:00:00+00:00,ETH,BUY,17.403991257353482,0.017403991257353483,0.075,S6_REVERSAL
2026-05-18 06:00:00+00:00,SOL,BUY,28.822667008312237,0.028822667008312236,0.075,S6_REVERSAL
2026-05-18 07:00:00+00:00,BTC,BUY,1.0671212630822993,0.0010671212630822993,0.075,S6_REVERSAL
2026-05-18 07:00:00+00:00,ETH,SELL,3.382479784318093,0.0033824797843180934,0.075,S6_REVERSAL
2026-05-18 07:00:00+00:00,SOL,BUY,9.479388414414643,0.009479388414414643,0.075,S6_REVERSAL
2026-05-18 08:00:00+00:00,BTC,SELL,13.368809958882593,0.013368809958882594,0.075,S6_REVERSAL
2026-05-18 08:00:00+00:00,ETH,SELL,4.334465593119603,0.004334465593119603,0.075,S6_REVERSAL
2026-05-18 09:00:00+00:00,BTC,BUY,3.954655469565296,0.003954655469565296,0.075,S6_REVERSAL
2026-05-18 09:00:00+00:00,ETH,SELL,1.697249217989338,0.001697249217989338,0.075,S6_REVERSAL
2026-05-18 09:00:00+00:00,SOL,SELL,11.029060669965475,0.011029060669965474,0.075,S6_REVERSAL
2026-05-18 10:00:00+00:00,BTC,BUY,5.469016185346845,0.005469016185346846,0.075,S6_REVERSAL
2026-05-18 10:00:00+00:00,ETH,BUY,11.360592864300088,0.011360592864300089,0.075,S6_REVERSAL
2026-05-18 10:00:00+00:00,SOL,BUY,30.21217284109298,0.03021217284109298,0.075,S6_REVERSAL
2026-05-18 11:00:00+00:00,BTC,BUY,12.56902255490968,0.01256902255490968,0.075,S6_REVERSAL
2026-05-18 11:00:00+00:00,ETH,BUY,4.7037437424760355,0.004703743742476035,0.075,S6_REVERSAL
2026-05-18 11:00:00+00:00,SOL,BUY,15.552518896529364,0.015552518896529364,0.075,S6_REVERSAL
2026-05-18 12:00:00+00:00,BTC,SELL,35.74347243562897,0.035743472435628976,0.075,S6_REVERSAL
2026-05-18 12:00:00+00:00,ETH,SELL,52.701545083156816,0.05270154508315682,0.075,S6_REVERSAL
2026-05-18 12:00:00+00:00,SOL,SELL,46.66451461380257,0.04666451461380257,0.075,S6_REVERSAL
2026-05-18 13:00:00+00:00,BTC,SELL,22.39786906262998,0.02239786906262998,0.075,S6_REVERSAL
2026-05-18 13:00:00+00:00,ETH,SELL,47.18418029125223,0.04718418029125224,0.075,S6_REVERSAL
2026-05-18 13:00:00+00:00,SOL,SELL,40.25668240273535,0.040256682402735354,0.075,S6_REVERSAL
2026-05-18 14:00:00+00:00,BTC,BUY,49.73435907899602,0.049734359078996024,0.075,S6_REVERSAL
2026-05-18 14:00:00+00:00,ETH,BUY,51.95830340932298,0.05195830340932298,0.075,S6_REVERSAL
2026-05-18 14:00:00+00:00,SOL,BUY,58.67034206117387,0.05867034206117387,0.075,S6_REVERSAL
2026-05-18 15:00:00+00:00,BTC,BUY,37.33743588053585,0.03733743588053585,0.075,S6_REVERSAL
2026-05-18 15:00:00+00:00,ETH,BUY,55.96068504788127,0.05596068504788127,0.075,S6_REVERSAL
2026-05-18 15:00:00+00:00,SOL,BUY,46.78572964828709,0.04678572964828709,0.075,S6_REVERSAL
2026-05-18 16:00:00+00:00,ETH,BUY,10.490898465445753,0.010490898465445753,0.075,S6_REVERSAL
2026-05-18 16:00:00+00:00,SOL,SELL,18.826383085205634,0.018826383085205636,0.075,S6_REVERSAL
2026-05-18 17:00:00+00:00,BTC,SELL,2.4144011988391867,0.002414401198839187,0.075,S6_REVERSAL
2026-05-18 17:00:00+00:00,ETH,BUY,31.6196316041096,0.0316196316041096,0.075,S6_REVERSAL
2026-05-18 17:00:00+00:00,SOL,SELL,11.97296877430199,0.01197296877430199,0.075,S6_REVERSAL
2026-05-18 18:00:00+00:00,BTC,SELL,22.574388338792232,0.02257438833879223,0.075,S6_REVERSAL
2026-05-18 18:00:00+00:00,ETH,SELL,30.669485504600743,0.030669485504600743,0.075,S6_REVERSAL
2026-05-18 18:00:00+00:00,SOL,SELL,1.5208396501348034,0.0015208396501348034,0.075,S6_REVERSAL
2026-05-18 19:00:00+00:00,BTC,BUY,26.890680424108723,0.026890680424108724,0.075,S6_REVERSAL
2026-05-18 19:00:00+00:00,ETH,SELL,7098.673262882991,7.098673262882992,0.0,CASH
2026-05-18 19:00:00+00:00,SOL,SELL,7115.45811035408,7.115458110354081,0.0,CASH
2026-05-18 20:00:00+00:00,BTC,SELL,59.903053296652615,0.05990305329665262,0.075,S6_REVERSAL
2026-05-18 21:00:00+00:00,BTC,BUY,1.5560822631350675,0.0015560822631350674,0.075,S6_REVERSAL
2026-05-18 22:00:00+00:00,BTC,SELL,16.672881544086522,0.016672881544086523,0.075,S6_REVERSAL
2026-05-18 23:00:00+00:00,BTC,BUY,2.1365874752418677,0.0021365874752418677,0.075,S6_REVERSAL
2026-05-19 00:00:00+00:00,BTC,BUY,6.577242313602255,0.006577242313602256,0.075,S6_REVERSAL
2026-05-19 01:00:00+00:00,BTC,SELL,11.985896577172753,0.011985896577172753,0.075,S6_REVERSAL
2026-05-19 02:00:00+00:00,BTC,BUY,40.795030963890895,0.040795030963890894,0.075,S6_REVERSAL
2026-05-19 03:00:00+00:00,BTC,BUY,4.287316635400202,0.004287316635400202,0.075,S6_REVERSAL
2026-05-19 04:00:00+00:00,BTC,SELL,14.69768807865512,0.01469768807865512,0.075,S6_REVERSAL
2026-05-19 05:00:00+00:00,BTC,SELL,12.118683579083152,0.012118683579083153,0.075,S6_REVERSAL
2026-05-19 06:00:00+00:00,BTC,BUY,1.3801438219579722,0.0013801438219579723,0.075,S6_REVERSAL
2026-05-19 07:00:00+00:00,BTC,SELL,10.201139183846863,0.010201139183846863,0.075,S6_REVERSAL
2026-05-19 08:00:00+00:00,BTC,SELL,17.610860259280344,0.017610860259280343,0.075,S6_REVERSAL
2026-05-19 09:00:00+00:00,BTC,BUY,15.90504972751205,0.01590504972751205,0.075,S6_REVERSAL
2026-05-19 10:00:00+00:00,BTC,BUY,19.81559399217076,0.01981559399217076,0.075,S6_REVERSAL
2026-05-19 11:00:00+00:00,BTC,SELL,19.28109790878534,0.019281097908785343,0.075,S6_REVERSAL
2026-05-19 12:00:00+00:00,BTC,BUY,28.20739405171389,0.02820739405171389,0.075,S6_REVERSAL
2026-05-19 12:00:00+00:00,SOL,BUY,7176.933407211204,7.176933407211204,0.075,S6_REVERSAL
2026-05-19 13:00:00+00:00,BTC,SELL,17.57473896574993,0.01757473896574993,0.075,S6_REVERSAL
2026-05-19 13:00:00+00:00,SOL,SELL,29.637450899561372,0.029637450899561373,0.075,S6_REVERSAL
2026-05-19 14:00:00+00:00,BTC,BUY,5.9470442591391475,0.005947044259139148,0.075,S6_REVERSAL
2026-05-19 14:00:00+00:00,SOL,SELL,2.0425821761527914,0.0020425821761527914,0.075,S6_REVERSAL
2026-05-19 15:00:00+00:00,BTC,BUY,37.17871463185111,0.03717871463185111,0.075,S6_REVERSAL
2026-05-19 15:00:00+00:00,SOL,BUY,49.89289768485196,0.04989289768485196,0.075,S6_REVERSAL
2026-05-19 16:00:00+00:00,BTC,SELL,9.530715787550434,0.009530715787550435,0.075,S6_REVERSAL
2026-05-19 16:00:00+00:00,SOL,SELL,19.605548822950368,0.019605548822950368,0.075,S6_REVERSAL
2026-05-19 17:00:00+00:00,BTC,SELL,29.38634654094585,0.02938634654094585,0.075,S6_REVERSAL
2026-05-19 17:00:00+00:00,SOL,SELL,34.34428769457554,0.034344287694575544,0.075,S6_REVERSAL
2026-05-19 18:00:00+00:00,BTC,BUY,2.1839370724128457,0.0021839370724128456,0.075,S6_REVERSAL
2026-05-19 18:00:00+00:00,SOL,BUY,13.03789255299398,0.013037892552993981,0.075,S6_REVERSAL
2026-05-19 19:00:00+00:00,BTC,BUY,2.6486455112590193,0.0026486455112590193,0.075,S6_REVERSAL
2026-05-19 19:00:00+00:00,SOL,BUY,23.935177039486916,0.023935177039486916,0.075,S6_REVERSAL
2026-05-19 20:00:00+00:00,BTC,SELL,1.4012451394428354,0.0014012451394428353,0.075,S6_REVERSAL
2026-05-19 21:00:00+00:00,BTC,SELL,16.56497309849783,0.01656497309849783,0.075,S6_REVERSAL
2026-05-19 21:00:00+00:00,SOL,SELL,10.270700490977106,0.010270700490977107,0.075,S6_REVERSAL
2026-05-19 22:00:00+00:00,BTC,BUY,2.863123829716642,0.002863123829716642,0.075,S6_REVERSAL
2026-05-19 22:00:00+00:00,SOL,BUY,6.790720190479078,0.006790720190479078,0.075,S6_REVERSAL
2026-05-19 23:00:00+00:00,BTC,BUY,21.194317934765422,0.021194317934765422,0.075,S6_REVERSAL
2026-05-19 23:00:00+00:00,SOL,BUY,24.063633468658736,0.024063633468658738,0.075,S6_REVERSAL
2026-05-20 00:00:00+00:00,BTC,SELL,9.290227259565654,0.009290227259565654,0.075,S6_REVERSAL
2026-05-20 00:00:00+00:00,SOL,SELL,14.928978666750481,0.014928978666750482,0.075,S6_REVERSAL
2026-05-20 01:00:00+00:00,BTC,BUY,3.4850002792045416,0.0034850002792045417,0.075,S6_REVERSAL
2026-05-20 01:00:00+00:00,SOL,BUY,5.19157704373265,0.0051915770437326505,0.075,S6_REVERSAL
2026-05-20 02:00:00+00:00,BTC,SELL,1.9490949757619094,0.0019490949757619094,0.075,S6_REVERSAL
2026-05-20 02:00:00+00:00,SOL,SELL,10.019947262134338,0.010019947262134338,0.075,S6_REVERSAL
2026-05-20 03:00:00+00:00,BTC,BUY,8.920973381967087,0.008920973381967087,0.075,S6_REVERSAL
2026-05-20 03:00:00+00:00,SOL,BUY,28.20142381484402,0.028201423814844022,0.075,S6_REVERSAL
2026-05-20 04:00:00+00:00,BTC,SELL,2.1647296192140857,0.0021647296192140856,0.075,S6_REVERSAL
2026-05-20 04:00:00+00:00,SOL,SELL,8.460968744228921,0.00846096874422892,0.075,S6_REVERSAL
2026-05-20 05:00:00+00:00,BTC,SELL,4.083912151607365,0.004083912151607365,0.075,S6_REVERSAL
2026-05-20 05:00:00+00:00,SOL,SELL,9.860915794988614,0.009860915794988614,0.075,S6_REVERSAL
2026-05-20 06:00:00+00:00,BTC,SELL,32.56757928132265,0.03256757928132265,0.075,S6_REVERSAL
2026-05-20 06:00:00+00:00,SOL,SELL,39.635026697901594,0.039635026697901594,0.075,S6_REVERSAL
2026-05-20 07:00:00+00:00,BTC,SELL,17.2919107849375,0.0172919107849375,0.075,S6_REVERSAL
2026-05-20 07:00:00+00:00,SOL,SELL,15.732233338450897,0.015732233338450897,0.075,S6_REVERSAL
2026-05-20 08:00:00+00:00,BTC,BUY,9.824611553521208,0.009824611553521208,0.075,S6_REVERSAL
2026-05-20 08:00:00+00:00,SOL,BUY,17.068600359317315,0.017068600359317315,0.075,S6_REVERSAL
2026-05-20 09:00:00+00:00,BTC,SELL,13.619511487163436,0.013619511487163435,0.075,S6_REVERSAL
2026-05-20 09:00:00+00:00,SOL,SELL,16.808324950523456,0.016808324950523458,0.075,S6_REVERSAL
2026-05-20 10:00:00+00:00,BTC,SELL,2.9609136751587357,0.0029609136751587357,0.075,S6_REVERSAL
2026-05-20 10:00:00+00:00,SOL,BUY,8.006576761928045,0.008006576761928045,0.075,S6_REVERSAL
2026-05-20 11:00:00+00:00,BTC,SELL,2.201690888085068,0.002201690888085068,0.075,S6_REVERSAL
2026-05-20 11:00:00+00:00,SOL,SELL,6.822246877670295,0.0068222468776702955,0.075,S6_REVERSAL
2026-05-20 12:00:00+00:00,BTC,BUY,9.795960933111928,0.009795960933111929,0.075,S6_REVERSAL
2026-05-20 12:00:00+00:00,SOL,BUY,20.961728215747826,0.020961728215747825,0.075,S6_REVERSAL
2026-05-20 13:00:00+00:00,BTC,SELL,7204.876041866726,7.204876041866727,0.0,CASH
2026-05-20 13:00:00+00:00,SOL,SELL,29.746215080289403,0.029746215080289403,0.075,S6_REVERSAL
2026-05-20 14:00:00+00:00,SOL,BUY,31.487586184342945,0.03148758618434295,0.075,S6_REVERSAL
2026-05-20 15:00:00+00:00,SOL,SELL,91.0232817513861,0.09102328175138609,0.075,S6_REVERSAL
2026-05-20 16:00:00+00:00,SOL,SELL,5.430816675881033,0.005430816675881033,0.075,S6_REVERSAL
2026-05-20 17:00:00+00:00,SOL,SELL,7239.643410057544,7.239643410057544,0.0,CASH
2026-05-20 21:00:00+00:00,BTC,BUY,14389.933161352388,14.389933161352388,0.15,S3_TREND
2026-05-20 21:00:00+00:00,ETH,BUY,14389.933161352388,14.389933161352388,0.15,S3_TREND
2026-05-20 21:00:00+00:00,SOL,BUY,14389.933161352388,14.389933161352388,0.15,S3_TREND
2026-05-20 22:00:00+00:00,BTC,BUY,18.022297518769847,0.018022297518769846,0.15,S3_TREND
2026-05-20 22:00:00+00:00,ETH,BUY,13.063156955735394,0.013063156955735395,0.15,S3_TREND
2026-05-20 22:00:00+00:00,SOL,BUY,9.018082698983562,0.009018082698983562,0.15,S3_TREND
2026-05-20 23:00:00+00:00,BTC,SELL,1.8065283455252938,0.0018065283455252939,0.15,S3_TREND
2026-05-20 23:00:00+00:00,ETH,BUY,14.503094232110016,0.014503094232110016,0.15,S3_TREND
2026-05-20 23:00:00+00:00,SOL,SELL,9.293912828074099,0.009293912828074099,0.15,S3_TREND
2026-05-21 00:00:00+00:00,BTC,SELL,2.8548032699654864,0.0028548032699654865,0.15,S3_TREND
2026-05-21 00:00:00+00:00,ETH,SELL,1.6009915877984895,0.0016009915877984895,0.15,S3_TREND
2026-05-21 00:00:00+00:00,SOL,SELL,17.419744134878783,0.017419744134878783,0.15,S3_TREND
2026-05-21 01:00:00+00:00,BTC,SELL,39.93659758643116,0.039936597586431165,0.15,S3_TREND
2026-05-21 01:00:00+00:00,ETH,SELL,54.1033373017126,0.0541033373017126,0.15,S3_TREND
2026-05-21 01:00:00+00:00,SOL,SELL,41.446214823976334,0.041446214823976334,0.15,S3_TREND
2026-05-21 02:00:00+00:00,BTC,BUY,11.837002643213054,0.011837002643213055,0.15,S3_TREND
2026-05-21 02:00:00+00:00,ETH,BUY,5.196608676485994,0.005196608676485994,0.15,S3_TREND
2026-05-21 02:00:00+00:00,SOL,BUY,9.388202494847064,0.009388202494847064,0.15,S3_TREND
2026-05-21 03:00:00+00:00,BTC,SELL,12.285904175094402,0.012285904175094401,0.15,S3_TREND
2026-05-21 03:00:00+00:00,ETH,BUY,1.8926357189211558,0.0018926357189211558,0.15,S3_TREND
2026-05-21 03:00:00+00:00,SOL,SELL,6.931605847337778,0.0069316058473377785,0.15,S3_TREND
2026-05-21 04:00:00+00:00,BTC,SELL,9.028153030849353,0.009028153030849353,0.15,S3_TREND
2026-05-21 04:00:00+00:00,ETH,SELL,14.966751340129122,0.014966751340129121,0.15,S3_TREND
2026-05-21 04:00:00+00:00,SOL,SELL,26.229631076941587,0.02622963107694159,0.15,S3_TREND
2026-05-21 05:00:00+00:00,BTC,BUY,9.20193020773877,0.00920193020773877,0.15,S3_TREND
2026-05-21 05:00:00+00:00,ETH,BUY,6.382537990288256,0.006382537990288256,0.15,S3_TREND
2026-05-21 05:00:00+00:00,SOL,SELL,20.30983243949413,0.020309832439494132,0.15,S3_TREND
2026-05-21 06:00:00+00:00,BTC,BUY,12.184135014345884,0.012184135014345884,0.15,S3_TREND
2026-05-21 06:00:00+00:00,ETH,BUY,32.2071488692618,0.0322071488692618,0.15,S3_TREND
2026-05-21 06:00:00+00:00,SOL,BUY,51.70892628404545,0.05170892628404545,0.15,S3_TREND
2026-05-21 07:00:00+00:00,BTC,BUY,19.54556316392336,0.019545563163923363,0.15,S3_TREND
2026-05-21 07:00:00+00:00,ETH,BUY,33.55697910698109,0.03355697910698109,0.15,S3_TREND
2026-05-21 07:00:00+00:00,SOL,BUY,14.749127524091818,0.01474912752409182,0.15,S3_TREND
2026-05-21 08:00:00+00:00,BTC,SELL,27.203963882117023,0.027203963882117023,0.15,S3_TREND
2026-05-21 08:00:00+00:00,ETH,SELL,21.610143634157794,0.021610143634157794,0.15,S3_TREND
2026-05-21 08:00:00+00:00,SOL,SELL,32.74426235101237,0.03274426235101237,0.15,S3_TREND
2026-05-21 09:00:00+00:00,BTC,BUY,3.1020196562985802,0.0031020196562985803,0.15,S3_TREND
2026-05-21 09:00:00+00:00,ETH,SELL,11.826665656390105,0.011826665656390106,0.15,S3_TREND
2026-05-21 09:00:00+00:00,SOL,SELL,26.87584015042557,0.026875840150425573,0.15,S3_TREND
2026-05-21 10:00:00+00:00,BTC,BUY,26.217122402877067,0.026217122402877067,0.15,S3_TREND
2026-05-21 10:00:00+00:00,ETH,BUY,41.63808137369779,0.04163808137369779,0.15,S3_TREND
2026-05-21 10:00:00+00:00,SOL,BUY,33.6758451394453,0.0336758451394453,0.15,S3_TREND
2026-05-21 11:00:00+00:00,BTC,BUY,36.054074706318715,0.03605407470631872,0.15,S3_TREND
2026-05-21 11:00:00+00:00,ETH,BUY,48.54324003898546,0.04854324003898546,0.15,S3_TREND
2026-05-21 11:00:00+00:00,SOL,BUY,78.52704114477638,0.07852704114477638,0.15,S3_TREND
2026-05-21 12:00:00+00:00,BTC,SELL,1.770172251293843,0.001770172251293843,0.15,S3_TREND
2026-05-21 12:00:00+00:00,ETH,SELL,10.763291764473252,0.010763291764473252,0.15,S3_TREND
2026-05-21 12:00:00+00:00,SOL,BUY,24.982641123195208,0.024982641123195207,0.15,S3_TREND
2026-05-21 13:00:00+00:00,BTC,SELL,7.876644514164583,0.007876644514164583,0.15,S3_TREND
2026-05-21 13:00:00+00:00,ETH,SELL,4.417809377742742,0.0044178093777427424,0.15,S3_TREND
2026-05-21 13:00:00+00:00,SOL,SELL,19.744359755091864,0.019744359755091864,0.15,S3_TREND
2026-05-21 14:00:00+00:00,BTC,BUY,35.910698370618775,0.03591069837061878,0.15,S3_TREND
2026-05-21 14:00:00+00:00,ETH,SELL,15.028190560335133,0.015028190560335134,0.15,S3_TREND
2026-05-21 14:00:00+00:00,SOL,SELL,46.53362445783932,0.046533624457839325,0.15,S3_TREND
2026-05-21 15:00:00+00:00,BTC,BUY,21.84093174264126,0.021840931742641262,0.15,S3_TREND
2026-05-21 15:00:00+00:00,ETH,SELL,13.99568033932701,0.013995680339327009,0.15,S3_TREND
2026-05-21 15:00:00+00:00,SOL,BUY,6.157237993136732,0.006157237993136732,0.15,S3_TREND
2026-05-21 16:00:00+00:00,BTC,SELL,21.459395430316363,0.02145939543031636,0.15,S3_TREND
2026-05-21 16:00:00+00:00,ETH,SELL,42.37845525095872,0.04237845525095872,0.15,S3_TREND
2026-05-21 16:00:00+00:00,SOL,SELL,45.299147490773976,0.045299147490773975,0.15,S3_TREND
2026-05-21 17:00:00+00:00,BTC,SELL,1.49880924761419,0.00149880924761419,0.15,S3_TREND
2026-05-21 17:00:00+00:00,ETH,BUY,21.536939615023584,0.021536939615023586,0.15,S3_TREND
2026-05-21 17:00:00+00:00,SOL,BUY,20.50282569422052,0.02050282569422052,0.15,S3_TREND
2026-05-21 18:00:00+00:00,BTC,SELL,52.60247881055329,0.05260247881055329,0.15,S3_TREND
2026-05-21 18:00:00+00:00,ETH,SELL,56.45425560175863,0.05645425560175863,0.15,S3_TREND
2026-05-21 18:00:00+00:00,SOL,SELL,149.32087560129548,0.14932087560129548,0.15,S3_TREND
2026-05-21 19:00:00+00:00,BTC,BUY,43.09387943661932,0.04309387943661932,0.15,S3_TREND
2026-05-21 19:00:00+00:00,ETH,BUY,86.4835704088382,0.08648357040883821,0.15,S3_TREND
2026-05-21 19:00:00+00:00,SOL,BUY,39.50730419948195,0.03950730419948195,0.15,S3_TREND
2026-05-21 20:00:00+00:00,BTC,SELL,12.837464733405795,0.012837464733405796,0.15,S3_TREND
2026-05-21 20:00:00+00:00,ETH,SELL,64.57165321326102,0.06457165321326101,0.15,S3_TREND
2026-05-21 20:00:00+00:00,SOL,SELL,82.12382666712256,0.08212382666712256,0.15,S3_TREND
2026-05-21 21:00:00+00:00,BTC,SELL,13.337747318646507,0.013337747318646507,0.15,S3_TREND
2026-05-21 21:00:00+00:00,ETH,BUY,17.8462786519176,0.0178462786519176,0.15,S3_TREND
2026-05-21 21:00:00+00:00,SOL,BUY,33.85702554274212,0.03385702554274212,0.15,S3_TREND
2026-05-21 22:00:00+00:00,BTC,SELL,3.14990319948447,0.00314990319948447,0.15,S3_TREND
2026-05-21 22:00:00+00:00,ETH,BUY,12.210827022017838,0.01221082702201784,0.15,S3_TREND
2026-05-21 22:00:00+00:00,SOL,BUY,25.219489827735742,0.025219489827735742,0.15,S3_TREND
2026-05-21 23:00:00+00:00,ETH,BUY,15.395470693078096,0.015395470693078096,0.15,S3_TREND
2026-05-21 23:00:00+00:00,SOL,BUY,17.565144582311405,0.017565144582311405,0.15,S3_TREND
2026-05-22 00:00:00+00:00,BTC,BUY,7.2702978670058656,0.007270297867005866,0.15,S3_TREND
2026-05-22 00:00:00+00:00,ETH,SELL,7.4712651633999485,0.0074712651633999485,0.15,S3_TREND
2026-05-22 00:00:00+00:00,SOL,SELL,20.86219452597652,0.02086219452597652,0.15,S3_TREND
2026-05-22 01:00:00+00:00,BTC,BUY,21.04631261108807,0.02104631261108807,0.15,S3_TREND
2026-05-22 01:00:00+00:00,ETH,BUY,6.180179198685437,0.006180179198685437,0.15,S3_TREND
2026-05-22 01:00:00+00:00,SOL,BUY,60.25539753367957,0.06025539753367957,0.15,S3_TREND
2026-05-22 02:00:00+00:00,BTC,SELL,25.701854787121192,0.025701854787121194,0.15,S3_TREND
2026-05-22 02:00:00+00:00,ETH,SELL,25.015023267342258,0.025015023267342257,0.15,S3_TREND
2026-05-22 02:00:00+00:00,SOL,SELL,20.38628721571149,0.02038628721571149,0.15,S3_TREND
2026-05-22 03:00:00+00:00,BTC,SELL,4.723204614605493,0.004723204614605493,0.15,S3_TREND
2026-05-22 03:00:00+00:00,ETH,SELL,8.103496994452144,0.008103496994452144,0.15,S3_TREND
2026-05-22 03:00:00+00:00,SOL,SELL,8.963393890615407,0.008963393890615408,0.15,S3_TREND
2026-05-22 04:00:00+00:00,BTC,SELL,20.118826362559044,0.020118826362559045,0.15,S3_TREND
2026-05-22 04:00:00+00:00,SOL,BUY,21.14880394100328,0.02114880394100328,0.15,S3_TREND
2026-05-22 05:00:00+00:00,BTC,BUY,14.194032559989864,0.014194032559989864,0.15,S3_TREND
2026-05-22 05:00:00+00:00,ETH,BUY,17.469229150228784,0.017469229150228784,0.15,S3_TREND
2026-05-22 05:00:00+00:00,SOL,BUY,1.0530904581155482,0.0010530904581155483,0.15,S3_TREND
2026-05-22 06:00:00+00:00,BTC,BUY,17.14811981872117,0.01714811981872117,0.15,S3_TREND
2026-05-22 06:00:00+00:00,ETH,BUY,18.676022834479227,0.018676022834479226,0.15,S3_TREND
2026-05-22 06:00:00+00:00,SOL,BUY,14.430560212897035,0.014430560212897035,0.15,S3_TREND
2026-05-22 07:00:00+00:00,BTC,BUY,4.528323647196885,0.0045283236471968845,0.15,S3_TREND
2026-05-22 07:00:00+00:00,ETH,BUY,16.20244068627835,0.016202440686278352,0.15,S3_TREND
2026-05-22 07:00:00+00:00,SOL,BUY,7.266182714196475,0.007266182714196475,0.15,S3_TREND
2026-05-22 08:00:00+00:00,BTC,BUY,11.948329679906237,0.011948329679906238,0.15,S3_TREND
2026-05-22 08:00:00+00:00,ETH,SELL,11.32932386061293,0.01132932386061293,0.15,S3_TREND
2026-05-22 08:00:00+00:00,SOL,SELL,34.01139521064579,0.034011395210645785,0.15,S3_TREND
2026-05-22 09:00:00+00:00,BTC,BUY,19.937209244224505,0.019937209244224506,0.15,S3_TREND
2026-05-22 09:00:00+00:00,ETH,BUY,37.11450447523566,0.03711450447523566,0.15,S3_TREND
2026-05-22 09:00:00+00:00,SOL,SELL,34.33298207888038,0.03433298207888038,0.15,S3_TREND
2026-05-22 10:00:00+00:00,BTC,SELL,1.8688661204814707,0.0018688661204814708,0.15,S3_TREND
2026-05-22 10:00:00+00:00,ETH,SELL,5.858563686238995,0.005858563686238995,0.15,S3_TREND
2026-05-22 10:00:00+00:00,SOL,SELL,12.626639664253162,0.012626639664253161,0.15,S3_TREND
2026-05-22 11:00:00+00:00,BTC,SELL,8.189407541411128,0.008189407541411129,0.15,S3_TREND
2026-05-22 11:00:00+00:00,SOL,BUY,35.585999345179516,0.03558599934517952,0.15,S3_TREND
2026-05-22 12:00:00+00:00,BTC,SELL,2.392257153363971,0.0023922571533639713,0.15,S3_TREND
2026-05-22 12:00:00+00:00,ETH,SELL,34.07288542077913,0.03407288542077913,0.15,S3_TREND
2026-05-22 12:00:00+00:00,SOL,SELL,35.20542064068468,0.03520542064068468,0.15,S3_TREND
2026-05-22 13:00:00+00:00,BTC,SELL,1.7084247000730102,0.0017084247000730102,0.15,S3_TREND
2026-05-22 13:00:00+00:00,ETH,SELL,10.684803933118019,0.010684803933118018,0.15,S3_TREND
2026-05-22 13:00:00+00:00,SOL,SELL,53.067882034098155,0.05306788203409816,0.15,S3_TREND
2026-05-22 14:00:00+00:00,BTC,BUY,24.592570074901232,0.024592570074901232,0.15,S3_TREND
2026-05-22 14:00:00+00:00,ETH,BUY,11.44883635824226,0.011448836358242261,0.15,S3_TREND
2026-05-22 14:00:00+00:00,SOL,BUY,40.02199760096846,0.04002199760096846,0.15,S3_TREND
2026-05-22 15:00:00+00:00,BTC,BUY,48.902076011827376,0.048902076011827375,0.15,S3_TREND
2026-05-22 15:00:00+00:00,ETH,BUY,42.64794380973035,0.04264794380973035,0.15,S3_TREND
2026-05-22 15:00:00+00:00,SOL,BUY,81.32803146935294,0.08132803146935294,0.15,S3_TREND
2026-05-22 16:00:00+00:00,BTC,BUY,3.693902267332305,0.0036939022673323054,0.15,S3_TREND
2026-05-22 16:00:00+00:00,ETH,SELL,10.531395743684698,0.010531395743684698,0.15,S3_TREND
2026-05-22 16:00:00+00:00,SOL,SELL,18.098343854429913,0.018098343854429915,0.15,S3_TREND
2026-05-22 17:00:00+00:00,BTC,SELL,18.127587044233223,0.018127587044233225,0.15,S3_TREND
2026-05-22 17:00:00+00:00,ETH,SELL,10.486632380025185,0.010486632380025186,0.15,S3_TREND
2026-05-22 17:00:00+00:00,SOL,SELL,14.677324525433507,0.014677324525433508,0.15,S3_TREND
2026-05-22 18:00:00+00:00,BTC,BUY,21.431161497050198,0.021431161497050197,0.15,S3_TREND
2026-05-22 18:00:00+00:00,ETH,BUY,5.420585364889121,0.005420585364889121,0.15,S3_TREND
2026-05-22 18:00:00+00:00,SOL,BUY,31.901956360205077,0.031901956360205076,0.15,S3_TREND
2026-05-22 19:00:00+00:00,BTC,SELL,15.228484356601259,0.01522848435660126,0.15,S3_TREND
2026-05-22 19:00:00+00:00,ETH,BUY,77.875308236411,0.077875308236411,0.15,S3_TREND
2026-05-22 19:00:00+00:00,SOL,BUY,138.8611371260522,0.1388611371260522,0.15,S3_TREND
2026-05-22 20:00:00+00:00,BTC,BUY,49.445872527645406,0.04944587252764541,0.15,S3_TREND
2026-05-22 20:00:00+00:00,ETH,BUY,157.5185638898747,0.15751856388987473,0.15,S3_TREND
2026-05-22 20:00:00+00:00,SOL,BUY,75.21658732330252,0.07521658732330253,0.15,S3_TREND
2026-05-22 21:00:00+00:00,ETH,SELL,31.449401832169315,0.031449401832169314,0.15,S3_TREND
2026-05-22 21:00:00+00:00,SOL,SELL,51.33920853458949,0.05133920853458949,0.15,S3_TREND
2026-05-22 22:00:00+00:00,BTC,BUY,9.738418667240694,0.009738418667240694,0.15,S3_TREND
2026-05-22 22:00:00+00:00,ETH,SELL,23.497615868171124,0.023497615868171125,0.15,S3_TREND
2026-05-22 22:00:00+00:00,SOL,SELL,20.895868377750958,0.020895868377750957,0.15,S3_TREND
2026-05-22 23:00:00+00:00,BTC,BUY,27.336576189005427,0.027336576189005427,0.15,S3_TREND
2026-05-22 23:00:00+00:00,ETH,SELL,7097.5505405197455,7.097550540519745,0.075,S6_REVERSAL
2026-05-22 23:00:00+00:00,SOL,BUY,18.887813307735996,0.018887813307735996,0.15,S3_TREND
2026-05-23 00:00:00+00:00,BTC,SELL,7091.7882950764215,7.091788295076421,0.075,S6_REVERSAL
2026-05-23 00:00:00+00:00,ETH,BUY,11.549406486441512,0.011549406486441512,0.075,S6_REVERSAL
2026-05-23 00:00:00+00:00,SOL,BUY,68.14566673087756,0.06814566673087756,0.15,S3_TREND
2026-05-23 01:00:00+00:00,BTC,BUY,15.907237522536889,0.01590723752253689,0.075,S6_REVERSAL
2026-05-23 01:00:00+00:00,ETH,BUY,2.5620746735758075,0.0025620746735758077,0.075,S6_REVERSAL
2026-05-23 01:00:00+00:00,SOL,SELL,10.070981101338475,0.010070981101338475,0.15,S3_TREND
2026-05-23 02:00:00+00:00,BTC,SELL,9.71957997075242,0.00971957997075242,0.075,S6_REVERSAL
2026-05-23 02:00:00+00:00,ETH,SELL,11.581063770069704,0.011581063770069705,0.075,S6_REVERSAL
2026-05-23 02:00:00+00:00,SOL,SELL,8.716062892681293,0.008716062892681294,0.15,S3_TREND
2026-05-23 03:00:00+00:00,BTC,SELL,7.269218620891479,0.007269218620891479,0.075,S6_REVERSAL
2026-05-23 03:00:00+00:00,ETH,BUY,1.8810790077695856,0.0018810790077695857,0.075,S6_REVERSAL
2026-05-23 04:00:00+00:00,BTC,SELL,2.894004981411854,0.002894004981411854,0.075,S6_REVERSAL
2026-05-23 04:00:00+00:00,ETH,SELL,4.720097976782199,0.004720097976782199,0.075,S6_REVERSAL
2026-05-23 04:00:00+00:00,SOL,SELL,19.86763590026021,0.01986763590026021,0.15,S3_TREND
2026-05-23 05:00:00+00:00,BTC,BUY,3.8729334769604975,0.0038729334769604974,0.075,S6_REVERSAL
2026-05-23 05:00:00+00:00,ETH,BUY,6.88316862312422,0.00688316862312422,0.075,S6_REVERSAL
2026-05-23 05:00:00+00:00,SOL,BUY,36.8145859281376,0.036814585928137605,0.15,S3_TREND
2026-05-23 06:00:00+00:00,BTC,BUY,4.839446265724291,0.004839446265724291,0.075,S6_REVERSAL
2026-05-23 06:00:00+00:00,ETH,BUY,7.8557019993895665,0.007855701999389567,0.075,S6_REVERSAL
2026-05-23 06:00:00+00:00,SOL,SELL,7.794163693341034,0.007794163693341034,0.15,S3_TREND
2026-05-23 07:00:00+00:00,BTC,BUY,4.257804589091393,0.0042578045890913924,0.075,S6_REVERSAL
2026-05-23 07:00:00+00:00,ETH,BUY,7.156834662289839,0.007156834662289839,0.075,S6_REVERSAL
2026-05-23 07:00:00+00:00,SOL,BUY,22.922873648871246,0.022922873648871245,0.15,S3_TREND
2026-05-23 08:00:00+00:00,BTC,BUY,34.63971892619065,0.03463971892619065,0.075,S6_REVERSAL
2026-05-23 08:00:00+00:00,ETH,SELL,6986.676726461468,6.986676726461468,0.0,CASH
2026-05-23 08:00:00+00:00,SOL,BUY,261.0944263326728,0.2610944263326728,0.15,S3_TREND
2026-05-23 09:00:00+00:00,BTC,SELL,8.650160079808302,0.008650160079808303,0.075,S6_REVERSAL
2026-05-23 09:00:00+00:00,ETH,BUY,7059.524642543549,7.059524642543549,0.075,S6_REVERSAL
2026-05-23 09:00:00+00:00,SOL,BUY,17.484416848899855,0.017484416848899856,0.15,S3_TREND
2026-05-23 10:00:00+00:00,ETH,BUY,7.472572372033028,0.007472572372033028,0.075,S6_REVERSAL
2026-05-23 10:00:00+00:00,SOL,SELL,7041.958214070455,7.041958214070455,0.075,S6_REVERSAL
2026-05-23 11:00:00+00:00,BTC,SELL,2.415717879355725,0.002415717879355725,0.075,S6_REVERSAL
2026-05-23 11:00:00+00:00,ETH,SELL,12.25796116170477,0.01225796116170477,0.075,S6_REVERSAL
2026-05-23 11:00:00+00:00,SOL,SELL,19.766636256473248,0.01976663625647325,0.075,S6_REVERSAL
2026-05-23 12:00:00+00:00,BTC,SELL,7.258976324992545,0.007258976324992545,0.075,S6_REVERSAL
2026-05-23 12:00:00+00:00,ETH,BUY,1.0499223648921543,0.0010499223648921543,0.075,S6_REVERSAL
2026-05-23 12:00:00+00:00,SOL,SELL,1.802163423193633,0.001802163423193633,0.075,S6_REVERSAL
2026-05-23 13:00:00+00:00,BTC,BUY,4.329447357969002,0.004329447357969002,0.075,S6_REVERSAL
2026-05-23 13:00:00+00:00,ETH,BUY,2.3165773080745566,0.0023165773080745565,0.075,S6_REVERSAL
2026-05-23 13:00:00+00:00,SOL,SELL,16.229861516675555,0.016229861516675555,0.075,S6_REVERSAL
2026-05-23 14:00:00+00:00,BTC,SELL,31.904336462810534,0.03190433646281053,0.075,S6_REVERSAL
2026-05-23 14:00:00+00:00,ETH,SELL,36.43330934810729,0.03643330934810729,0.075,S6_REVERSAL
2026-05-23 14:00:00+00:00,SOL,SELL,50.93661523607262,0.05093661523607262,0.075,S6_REVERSAL
2026-05-23 15:00:00+00:00,BTC,SELL,18.027923024953452,0.018027923024953454,0.075,S6_REVERSAL
2026-05-23 15:00:00+00:00,ETH,SELL,45.543616899118206,0.045543616899118206,0.075,S6_REVERSAL
2026-05-23 15:00:00+00:00,SOL,SELL,64.90389491196493,0.06490389491196492,0.075,S6_REVERSAL
2026-05-23 16:00:00+00:00,ETH,BUY,3.9046636426328405,0.0039046636426328407,0.075,S6_REVERSAL
2026-05-23 16:00:00+00:00,SOL,BUY,3.4068069380537054,0.0034068069380537055,0.075,S6_REVERSAL
2026-05-23 17:00:00+00:00,BTC,BUY,7.87584447199697,0.007875844471996971,0.075,S6_REVERSAL
2026-05-23 17:00:00+00:00,ETH,SELL,4.824581681357813,0.004824581681357814,0.075,S6_REVERSAL
2026-05-23 17:00:00+00:00,SOL,SELL,1.730122300070434,0.001730122300070434,0.075,S6_REVERSAL
2026-05-23 18:00:00+00:00,BTC,SELL,2.4830134432377235,0.0024830134432377235,0.075,S6_REVERSAL
2026-05-23 18:00:00+00:00,ETH,SELL,6.3738747619145215,0.006373874761914522,0.075,S6_REVERSAL
2026-05-23 18:00:00+00:00,SOL,SELL,7.666713802420418,0.007666713802420418,0.075,S6_REVERSAL
2026-05-23 19:00:00+00:00,BTC,SELL,25.24902542494783,0.02524902542494783,0.075,S6_REVERSAL
2026-05-23 19:00:00+00:00,ETH,SELL,27.003991348705313,0.027003991348705313,0.075,S6_REVERSAL
2026-05-23 19:00:00+00:00,SOL,SELL,33.74453712422019,0.03374453712422019,0.075,S6_REVERSAL
2026-05-23 20:00:00+00:00,BTC,SELL,9.556026532713076,0.009556026532713077,0.075,S6_REVERSAL
2026-05-23 20:00:00+00:00,ETH,SELL,7.1827006986395645,0.007182700698639565,0.075,S6_REVERSAL
2026-05-23 20:00:00+00:00,SOL,SELL,17.61667075018704,0.017616670750187042,0.075,S6_REVERSAL
2026-05-23 21:00:00+00:00,BTC,SELL,7218.783319430441,7.218783319430441,0.0,CASH
2026-05-23 21:00:00+00:00,ETH,SELL,7332.711130975796,7.332711130975796,0.0,CASH
2026-05-23 21:00:00+00:00,SOL,SELL,136.2272590765433,0.13622725907654332,0.075,S6_REVERSAL
2026-05-23 22:00:00+00:00,SOL,SELL,7071.555148971345,7.0715551489713455,0.0,CASH
2026-05-24 16:00:00+00:00,ETH,BUY,7130.574000729433,7.130574000729433,0.075,S6_REVERSAL
2026-05-24 17:00:00+00:00,ETH,SELL,25.019210104993363,0.025019210104993365,0.075,S6_REVERSAL
2026-05-24 18:00:00+00:00,ETH,BUY,2.2561125737638577,0.002256112573763858,0.075,S6_REVERSAL
2026-05-24 19:00:00+00:00,ETH,BUY,9.16012848635637,0.00916012848635637,0.075,S6_REVERSAL
2026-05-24 20:00:00+00:00,ETH,SELL,2.8276978246422004,0.0028276978246422006,0.075,S6_REVERSAL
2026-05-24 21:00:00+00:00,ETH,BUY,24.239646931956486,0.024239646931956488,0.075,S6_REVERSAL
2026-05-24 21:00:00+00:00,SOL,BUY,7129.359502036555,7.1293595020365546,0.075,S6_REVERSAL
2026-05-24 22:00:00+00:00,ETH,BUY,65.49405266024951,0.0654940526602495,0.075,S6_REVERSAL
2026-05-24 22:00:00+00:00,SOL,BUY,55.94356515482468,0.05594356515482468,0.075,S6_REVERSAL
2026-05-24 23:00:00+00:00,ETH,SELL,62.68527107954833,0.06268527107954833,0.075,S6_REVERSAL
2026-05-24 23:00:00+00:00,SOL,SELL,75.9481249187993,0.07594812491879929,0.075,S6_REVERSAL
2026-05-25 00:00:00+00:00,ETH,SELL,21.889704485920447,0.02188970448592045,0.075,S6_REVERSAL
2026-05-25 00:00:00+00:00,SOL,SELL,19.04897707513919,0.01904897707513919,0.075,S6_REVERSAL
2026-05-25 01:00:00+00:00,ETH,SELL,14.586624645194206,0.014586624645194207,0.075,S6_REVERSAL
2026-05-25 01:00:00+00:00,SOL,SELL,16.5026376389078,0.0165026376389078,0.075,S6_REVERSAL
2026-05-25 02:00:00+00:00,ETH,BUY,30.017561455031682,0.030017561455031684,0.075,S6_REVERSAL
2026-05-25 02:00:00+00:00,SOL,BUY,45.88523636748778,0.04588523636748778,0.075,S6_REVERSAL
2026-05-25 03:00:00+00:00,ETH,SELL,11.972773033933663,0.011972773033933664,0.075,S6_REVERSAL
2026-05-25 03:00:00+00:00,SOL,SELL,15.246924837724691,0.015246924837724692,0.075,S6_REVERSAL
2026-05-25 04:00:00+00:00,ETH,BUY,7.858234479241219,0.007858234479241218,0.075,S6_REVERSAL
2026-05-25 04:00:00+00:00,SOL,BUY,9.37494361208428,0.009374943612084281,0.075,S6_REVERSAL
2026-05-25 05:00:00+00:00,ETH,SELL,26.566054575139788,0.02656605457513979,0.075,S6_REVERSAL
2026-05-25 05:00:00+00:00,SOL,SELL,67.26846441067664,0.06726846441067665,0.075,S6_REVERSAL
2026-05-25 06:00:00+00:00,ETH,SELL,6.597247160625557,0.006597247160625557,0.075,S6_REVERSAL
2026-05-25 06:00:00+00:00,SOL,SELL,10.170725931683592,0.010170725931683592,0.075,S6_REVERSAL
2026-05-25 07:00:00+00:00,BTC,BUY,14281.390209096126,14.281390209096125,0.15,S3_TREND
2026-05-25 07:00:00+00:00,ETH,SELL,2.476303831586847,0.002476303831586847,0.075,S6_REVERSAL
2026-05-25 08:00:00+00:00,BTC,BUY,4.0030889843073965,0.004003088984307396,0.15,S3_TREND
2026-05-25 08:00:00+00:00,ETH,BUY,7116.554967384436,7.116554967384436,0.15,S3_TREND
2026-05-25 08:00:00+00:00,SOL,BUY,3.792215405848765,0.003792215405848765,0.075,S6_REVERSAL
2026-05-25 09:00:00+00:00,BTC,SELL,8.281439972748558,0.008281439972748559,0.15,S3_TREND
2026-05-25 09:00:00+00:00,ETH,SELL,1.6240031945344526,0.0016240031945344527,0.15,S3_TREND
2026-05-25 09:00:00+00:00,SOL,SELL,5.636511218786835,0.005636511218786835,0.075,S6_REVERSAL
2026-05-25 10:00:00+00:00,BTC,SELL,24.060036178767405,0.024060036178767404,0.15,S3_TREND
2026-05-25 10:00:00+00:00,ETH,BUY,1.8132333904432016,0.0018132333904432017,0.15,S3_TREND
2026-05-25 10:00:00+00:00,SOL,BUY,7152.610812765829,7.152610812765829,0.15,S3_TREND
2026-05-25 11:00:00+00:00,BTC,BUY,11.373492874394287,0.011373492874394287,0.15,S3_TREND
2026-05-25 11:00:00+00:00,SOL,SELL,21.08380724379822,0.02108380724379822,0.15,S3_TREND
2026-05-25 12:00:00+00:00,BTC,BUY,19.89600859858001,0.01989600859858001,0.15,S3_TREND
2026-05-25 12:00:00+00:00,SOL,BUY,35.029799100986565,0.03502979910098657,0.15,S3_TREND
2026-05-25 13:00:00+00:00,BTC,BUY,3.2738353543390986,0.0032738353543390985,0.15,S3_TREND
2026-05-25 13:00:00+00:00,ETH,SELL,11.194329852225565,0.011194329852225566,0.15,S3_TREND
2026-05-25 13:00:00+00:00,SOL,SELL,11.433417653945071,0.011433417653945071,0.15,S3_TREND
2026-05-25 14:00:00+00:00,BTC,BUY,6.629978403527275,0.006629978403527275,0.15,S3_TREND
2026-05-25 14:00:00+00:00,ETH,BUY,8.875518650371305,0.008875518650371304,0.15,S3_TREND
2026-05-25 14:00:00+00:00,SOL,SELL,21.618466689951674,0.021618466689951675,0.15,S3_TREND
2026-05-25 15:00:00+00:00,BTC,SELL,38.099504245781645,0.038099504245781644,0.15,S3_TREND
2026-05-25 15:00:00+00:00,ETH,SELL,50.68545738732246,0.05068545738732246,0.15,S3_TREND
2026-05-25 15:00:00+00:00,SOL,SELL,24.030308384453747,0.024030308384453747,0.15,S3_TREND
2026-05-25 16:00:00+00:00,BTC,BUY,10.094631620833752,0.010094631620833752,0.15,S3_TREND
2026-05-25 16:00:00+00:00,ETH,BUY,2.614137836806549,0.002614137836806549,0.15,S3_TREND
2026-05-25 16:00:00+00:00,SOL,BUY,7.670829629030777,0.007670829629030778,0.15,S3_TREND
2026-05-25 17:00:00+00:00,BTC,SELL,7.391254145080893,0.007391254145080893,0.15,S3_TREND
2026-05-25 17:00:00+00:00,ETH,SELL,50.03855741411462,0.05003855741411462,0.15,S3_TREND
2026-05-25 17:00:00+00:00,SOL,BUY,12.302021134310053,0.012302021134310052,0.15,S3_TREND
2026-05-25 18:00:00+00:00,BTC,BUY,15.481183461213732,0.015481183461213733,0.15,S3_TREND
2026-05-25 18:00:00+00:00,ETH,BUY,36.53390339104044,0.03653390339104044,0.15,S3_TREND
2026-05-25 18:00:00+00:00,SOL,BUY,7.096483216575507,0.007096483216575507,0.15,S3_TREND
2026-05-25 19:00:00+00:00,BTC,SELL,3.702848666238424,0.003702848666238424,0.15,S3_TREND
2026-05-25 19:00:00+00:00,ETH,BUY,3.784582395310281,0.003784582395310281,0.15,S3_TREND
2026-05-25 19:00:00+00:00,SOL,BUY,27.36968892638106,0.02736968892638106,0.15,S3_TREND
2026-05-25 20:00:00+00:00,BTC,BUY,3.6818488319531752,0.0036818488319531753,0.15,S3_TREND
2026-05-25 20:00:00+00:00,ETH,BUY,21.524521892746634,0.021524521892746635,0.15,S3_TREND
2026-05-25 20:00:00+00:00,SOL,BUY,29.88715548666005,0.02988715548666005,0.15,S3_TREND
2026-05-25 21:00:00+00:00,BTC,BUY,7.539810154859879,0.007539810154859879,0.15,S3_TREND
2026-05-25 21:00:00+00:00,ETH,BUY,62.43643007568244,0.06243643007568244,0.15,S3_TREND
2026-05-25 21:00:00+00:00,SOL,BUY,16.43330775528375,0.01643330775528375,0.15,S3_TREND
2026-05-25 22:00:00+00:00,BTC,SELL,12.956846325763763,0.012956846325763764,0.15,S3_TREND
2026-05-25 22:00:00+00:00,ETH,SELL,10.89991010232734,0.01089991010232734,0.15,S3_TREND
2026-05-25 22:00:00+00:00,SOL,BUY,7.716671464913816,0.007716671464913816,0.15,S3_TREND
2026-05-25 23:00:00+00:00,BTC,BUY,17.36237225784862,0.01736237225784862,0.15,S3_TREND
2026-05-25 23:00:00+00:00,ETH,BUY,20.44653880065016,0.02044653880065016,0.15,S3_TREND
2026-05-25 23:00:00+00:00,SOL,BUY,68.00025779627686,0.06800025779627686,0.15,S3_TREND
2026-05-26 00:00:00+00:00,BTC,SELL,16.202974539990464,0.016202974539990464,0.15,S3_TREND
2026-05-26 00:00:00+00:00,ETH,SELL,41.88304802600578,0.04188304802600578,0.15,S3_TREND
2026-05-26 00:00:00+00:00,SOL,SELL,21.857280766133044,0.021857280766133046,0.15,S3_TREND
2026-05-26 01:00:00+00:00,BTC,BUY,50.952201543797855,0.050952201543797856,0.15,S3_TREND
2026-05-26 01:00:00+00:00,ETH,BUY,56.29936164474566,0.05629936164474566,0.15,S3_TREND
2026-05-26 01:00:00+00:00,SOL,BUY,63.88969181475113,0.06388969181475113,0.15,S3_TREND
2026-05-26 02:00:00+00:00,BTC,SELL,4.983862485709324,0.004983862485709324,0.15,S3_TREND
2026-05-26 02:00:00+00:00,ETH,BUY,11.382297978834686,0.011382297978834686,0.15,S3_TREND
2026-05-26 02:00:00+00:00,SOL,BUY,35.62089808600649,0.03562089808600649,0.15,S3_TREND
2026-05-26 03:00:00+00:00,BTC,BUY,7.336184630281423,0.007336184630281423,0.15,S3_TREND
2026-05-26 03:00:00+00:00,ETH,BUY,26.88075584397302,0.02688075584397302,0.15,S3_TREND
2026-05-26 03:00:00+00:00,SOL,BUY,4.588673331367318,0.004588673331367318,0.15,S3_TREND
2026-05-26 04:00:00+00:00,BTC,BUY,8.788091803606221,0.008788091803606221,0.15,S3_TREND
2026-05-26 04:00:00+00:00,ETH,SELL,19.533617193481405,0.019533617193481404,0.15,S3_TREND
2026-05-26 04:00:00+00:00,SOL,SELL,24.22987286110947,0.02422987286110947,0.15,S3_TREND
2026-05-26 05:00:00+00:00,BTC,SELL,9.345619474013802,0.009345619474013802,0.15,S3_TREND
2026-05-26 05:00:00+00:00,ETH,BUY,2.619967672484563,0.002619967672484563,0.15,S3_TREND
2026-05-26 05:00:00+00:00,SOL,SELL,17.105325968122997,0.017105325968123,0.15,S3_TREND
2026-05-26 06:00:00+00:00,BTC,SELL,13.72199168662155,0.01372199168662155,0.15,S3_TREND
2026-05-26 06:00:00+00:00,ETH,SELL,29.295910901502793,0.029295910901502794,0.15,S3_TREND
2026-05-26 06:00:00+00:00,SOL,SELL,29.136411647306886,0.029136411647306886,0.15,S3_TREND
2026-05-26 07:00:00+00:00,BTC,BUY,3.028496914414063,0.0030284969144140634,0.15,S3_TREND
2026-05-26 07:00:00+00:00,ETH,SELL,6.655337123138452,0.006655337123138452,0.15,S3_TREND
2026-05-26 07:00:00+00:00,SOL,BUY,7.359974492686888,0.007359974492686888,0.15,S3_TREND
2026-05-26 08:00:00+00:00,BTC,BUY,15.324661987870059,0.015324661987870058,0.15,S3_TREND
2026-05-26 08:00:00+00:00,ETH,BUY,23.974309966972214,0.023974309966972213,0.15,S3_TREND
2026-05-26 08:00:00+00:00,SOL,BUY,24.58350665529906,0.024583506655299063,0.15,S3_TREND
2026-05-26 09:00:00+00:00,BTC,BUY,4.3907580822196906,0.004390758082219691,0.15,S3_TREND
2026-05-26 09:00:00+00:00,ETH,SELL,7.61754221595038,0.00761754221595038,0.15,S3_TREND
2026-05-26 09:00:00+00:00,SOL,SELL,9.903230174457349,0.009903230174457349,0.15,S3_TREND
2026-05-26 10:00:00+00:00,BTC,BUY,8.810507508829687,0.008810507508829687,0.15,S3_TREND
2026-05-26 10:00:00+00:00,ETH,BUY,1.8975745205152634,0.0018975745205152634,0.15,S3_TREND
2026-05-26 10:00:00+00:00,SOL,SELL,6.264392902807231,0.006264392902807231,0.15,S3_TREND
2026-05-26 11:00:00+00:00,BTC,SELL,60.31590471315758,0.06031590471315758,0.15,S3_TREND
2026-05-26 11:00:00+00:00,ETH,SELL,128.36402355684186,0.12836402355684187,0.15,S3_TREND
2026-05-26 11:00:00+00:00,SOL,SELL,104.89544151048722,0.10489544151048721,0.15,S3_TREND
2026-05-26 12:00:00+00:00,BTC,BUY,23.217312604470862,0.023217312604470863,0.15,S3_TREND
2026-05-26 12:00:00+00:00,ETH,BUY,21.86448220991406,0.02186448220991406,0.15,S3_TREND
2026-05-26 12:00:00+00:00,SOL,SELL,7094.23213638873,7.09423213638873,0.075,S6_REVERSAL
2026-05-26 13:00:00+00:00,BTC,BUY,13.4460107705072,0.013446010770507201,0.15,S3_TREND
2026-05-26 13:00:00+00:00,ETH,SELL,30.94912592223045,0.030949125922230453,0.15,S3_TREND
2026-05-26 13:00:00+00:00,SOL,SELL,6.360184536458291,0.0063601845364582915,0.075,S6_REVERSAL
2026-05-26 14:00:00+00:00,BTC,SELL,14.101355619321112,0.014101355619321111,0.15,S3_TREND
2026-05-26 14:00:00+00:00,ETH,SELL,7124.271208955136,7.124271208955136,0.075,S6_REVERSAL
2026-05-26 14:00:00+00:00,SOL,SELL,13.774812711890265,0.013774812711890265,0.075,S6_REVERSAL
2026-05-26 15:00:00+00:00,BTC,BUY,38.17756898153857,0.03817756898153857,0.15,S3_TREND
2026-05-26 15:00:00+00:00,ETH,BUY,42.910963427461866,0.04291096342746187,0.075,S6_REVERSAL
2026-05-26 15:00:00+00:00,SOL,BUY,12.561558284019156,0.012561558284019156,0.075,S6_REVERSAL
2026-05-26 16:00:00+00:00,BTC,BUY,40.99088575506721,0.040990885755067215,0.15,S3_TREND
2026-05-26 16:00:00+00:00,ETH,BUY,58.47724081681645,0.05847724081681645,0.075,S6_REVERSAL
2026-05-26 16:00:00+00:00,SOL,BUY,46.23037190526884,0.04623037190526884,0.075,S6_REVERSAL
2026-05-26 17:00:00+00:00,BTC,SELL,13.588147762422523,0.013588147762422523,0.15,S3_TREND
2026-05-26 17:00:00+00:00,ETH,BUY,23.47382281488808,0.023473822814888082,0.075,S6_REVERSAL
2026-05-26 17:00:00+00:00,SOL,BUY,18.78609620444695,0.018786096204446948,0.075,S6_REVERSAL
2026-05-26 18:00:00+00:00,BTC,BUY,85.70117129562277,0.08570117129562277,0.15,S3_TREND
2026-05-26 18:00:00+00:00,ETH,BUY,14.833717927452199,0.014833717927452198,0.075,S6_REVERSAL
2026-05-26 18:00:00+00:00,SOL,BUY,39.02664611088403,0.03902664611088403,0.075,S6_REVERSAL
2026-05-26 19:00:00+00:00,BTC,BUY,14.34383781640281,0.014343837816402812,0.15,S3_TREND
2026-05-26 19:00:00+00:00,ETH,BUY,6.013941802161753,0.006013941802161753,0.075,S6_REVERSAL
2026-05-26 19:00:00+00:00,SOL,SELL,5.0480587455431305,0.005048058745543131,0.075,S6_REVERSAL
2026-05-26 20:00:00+00:00,BTC,SELL,28.50989116499477,0.02850989116499477,0.15,S3_TREND
2026-05-26 20:00:00+00:00,ETH,SELL,14.023867043575592,0.014023867043575592,0.075,S6_REVERSAL
2026-05-26 20:00:00+00:00,SOL,SELL,8.900911633997566,0.008900911633997567,0.075,S6_REVERSAL
2026-05-26 21:00:00+00:00,BTC,SELL,4.851622509111621,0.004851622509111622,0.15,S3_TREND
2026-05-26 21:00:00+00:00,ETH,SELL,11.159248964076141,0.011159248964076142,0.075,S6_REVERSAL
2026-05-26 21:00:00+00:00,SOL,SELL,9.160032123109886,0.009160032123109885,0.075,S6_REVERSAL
2026-05-26 22:00:00+00:00,BTC,BUY,28.511635794437098,0.028511635794437096,0.15,S3_TREND
2026-05-26 22:00:00+00:00,ETH,BUY,12.81460707073802,0.01281460707073802,0.075,S6_REVERSAL
2026-05-26 22:00:00+00:00,SOL,BUY,14.325155303926294,0.014325155303926295,0.075,S6_REVERSAL
2026-05-26 23:00:00+00:00,BTC,BUY,19.792881478995696,0.019792881478995696,0.15,S3_TREND
2026-05-26 23:00:00+00:00,ETH,BUY,10.612362553539242,0.010612362553539242,0.075,S6_REVERSAL
2026-05-27 00:00:00+00:00,BTC,SELL,25.343918780876265,0.025343918780876266,0.15,S3_TREND
2026-05-27 00:00:00+00:00,ETH,SELL,12.798584813863272,0.012798584813863272,0.075,S6_REVERSAL
2026-05-27 00:00:00+00:00,SOL,SELL,1.5550617163053175,0.0015550617163053175,0.075,S6_REVERSAL
2026-05-27 01:00:00+00:00,BTC,SELL,14.618581789300151,0.014618581789300152,0.15,S3_TREND
2026-05-27 01:00:00+00:00,ETH,SELL,25.594220531214887,0.02559422053121489,0.075,S6_REVERSAL
2026-05-27 01:00:00+00:00,SOL,SELL,26.71224629379685,0.02671224629379685,0.075,S6_REVERSAL
2026-05-27 02:00:00+00:00,BTC,BUY,24.85944025817298,0.024859440258172983,0.15,S3_TREND
2026-05-27 02:00:00+00:00,ETH,BUY,23.117407329918024,0.023117407329918023,0.075,S6_REVERSAL
2026-05-27 02:00:00+00:00,SOL,BUY,16.69027923023259,0.016690279230232592,0.075,S6_REVERSAL
2026-05-27 03:00:00+00:00,BTC,BUY,2.0183599866231816,0.0020183599866231815,0.15,S3_TREND
2026-05-27 03:00:00+00:00,ETH,SELL,4.72396177299288,0.004723961772992879,0.075,S6_REVERSAL
2026-05-27 03:00:00+00:00,SOL,SELL,8.147646555351457,0.008147646555351457,0.075,S6_REVERSAL
2026-05-27 04:00:00+00:00,BTC,BUY,23.640049953308335,0.023640049953308335,0.15,S3_TREND
2026-05-27 04:00:00+00:00,ETH,BUY,14.814886260086496,0.014814886260086497,0.075,S6_REVERSAL
2026-05-27 04:00:00+00:00,SOL,BUY,22.22090411168483,0.02222090411168483,0.075,S6_REVERSAL
2026-05-27 05:00:00+00:00,BTC,SELL,14153.541879245613,14.153541879245614,0.0,CASH
2026-05-27 05:00:00+00:00,ETH,SELL,8.304636116909933,0.008304636116909934,0.075,S6_REVERSAL
2026-05-27 05:00:00+00:00,SOL,SELL,2.468049504357623,0.002468049504357623,0.075,S6_REVERSAL
2026-05-27 06:00:00+00:00,ETH,SELL,15.826350435656423,0.015826350435656424,0.075,S6_REVERSAL
2026-05-27 06:00:00+00:00,SOL,SELL,19.327267442202356,0.019327267442202357,0.075,S6_REVERSAL
2026-05-27 07:00:00+00:00,ETH,SELL,5.994662856530341,0.005994662856530341,0.075,S6_REVERSAL
2026-05-27 07:00:00+00:00,SOL,SELL,12.714984605883727,0.012714984605883727,0.075,S6_REVERSAL
2026-05-27 08:00:00+00:00,ETH,SELL,12.2018294407535,0.0122018294407535,0.075,S6_REVERSAL
2026-05-27 08:00:00+00:00,SOL,SELL,9.861816023505526,0.009861816023505526,0.075,S6_REVERSAL
2026-05-27 09:00:00+00:00,ETH,SELL,5.767768047362551,0.005767768047362552,0.075,S6_REVERSAL
2026-05-27 09:00:00+00:00,SOL,BUY,21.361107638912472,0.021361107638912472,0.075,S6_REVERSAL
2026-05-27 10:00:00+00:00,ETH,BUY,4.394597275279011,0.0043945972752790115,0.075,S6_REVERSAL
2026-05-27 10:00:00+00:00,SOL,BUY,11.285029416428188,0.011285029416428187,0.075,S6_REVERSAL
2026-05-27 11:00:00+00:00,ETH,BUY,13.194352810790406,0.013194352810790407,0.075,S6_REVERSAL
2026-05-27 11:00:00+00:00,SOL,SELL,14.288146567524564,0.014288146567524564,0.075,S6_REVERSAL
2026-05-27 12:00:00+00:00,ETH,SELL,3.3128009436650245,0.0033128009436650245,0.075,S6_REVERSAL
2026-05-27 13:00:00+00:00,ETH,BUY,5.609326314908685,0.0056093263149086855,0.075,S6_REVERSAL
2026-05-27 14:00:00+00:00,BTC,BUY,7082.71198423987,7.08271198423987,0.075,S6_REVERSAL
2026-05-27 14:00:00+00:00,ETH,BUY,43.014247396417886,0.04301424739641789,0.075,S6_REVERSAL
2026-05-27 14:00:00+00:00,SOL,BUY,20.376421175346877,0.020376421175346878,0.075,S6_REVERSAL
2026-05-27 15:00:00+00:00,BTC,BUY,4.309837040546881,0.004309837040546881,0.075,S6_REVERSAL
2026-05-27 15:00:00+00:00,ETH,BUY,6.914751180182066,0.006914751180182066,0.075,S6_REVERSAL
2026-05-27 15:00:00+00:00,SOL,SELL,22.467392839788772,0.022467392839788772,0.075,S6_REVERSAL
2026-05-27 16:00:00+00:00,BTC,SELL,20.069524579831523,0.020069524579831525,0.075,S6_REVERSAL
2026-05-27 16:00:00+00:00,ETH,SELL,22.422594872541595,0.022422594872541595,0.075,S6_REVERSAL
2026-05-27 16:00:00+00:00,SOL,SELL,37.045087422039614,0.037045087422039616,0.075,S6_REVERSAL
2026-05-27 17:00:00+00:00,ETH,BUY,2.1592261203004455,0.0021592261203004456,0.075,S6_REVERSAL
2026-05-27 17:00:00+00:00,SOL,BUY,19.71357029415958,0.019713570294159582,0.075,S6_REVERSAL
2026-05-27 18:00:00+00:00,BTC,BUY,29.060396957858757,0.029060396957858756,0.075,S6_REVERSAL
2026-05-27 18:00:00+00:00,ETH,SELL,7027.491145565112,7.027491145565112,0.0,CASH
2026-05-27 18:00:00+00:00,SOL,SELL,7022.999809776002,7.022999809776002,0.0,CASH
2026-05-27 19:00:00+00:00,BTC,SELL,15.591835690813241,0.015591835690813242,0.075,S6_REVERSAL
2026-05-27 20:00:00+00:00,BTC,SELL,3.4402320608414807,0.003440232060841481,0.075,S6_REVERSAL
2026-05-27 21:00:00+00:00,BTC,SELL,18.18041451674071,0.01818041451674071,0.075,S6_REVERSAL
2026-05-27 22:00:00+00:00,BTC,BUY,69.71580459749566,0.06971580459749567,0.075,S6_REVERSAL
2026-05-27 22:00:00+00:00,ETH,BUY,7072.253539443794,7.0722535394437935,0.075,S6_REVERSAL
2026-05-27 23:00:00+00:00,BTC,BUY,5.414511030534413,0.005414511030534413,0.075,S6_REVERSAL
2026-05-27 23:00:00+00:00,ETH,SELL,14.845112053030789,0.014845112053030789,0.075,S6_REVERSAL
2026-05-28 00:00:00+00:00,BTC,SELL,2.8769690805402206,0.002876969080540221,0.075,S6_REVERSAL
2026-05-28 00:00:00+00:00,ETH,BUY,1.8681388133718428,0.0018681388133718428,0.075,S6_REVERSAL
2026-05-28 01:00:00+00:00,BTC,SELL,9.773960889890077,0.009773960889890076,0.075,S6_REVERSAL
2026-05-28 01:00:00+00:00,ETH,SELL,10.120875453512781,0.01012087545351278,0.075,S6_REVERSAL
2026-05-28 02:00:00+00:00,BTC,BUY,17.813904229463333,0.017813904229463332,0.075,S6_REVERSAL
2026-05-28 02:00:00+00:00,ETH,BUY,23.906458819391446,0.023906458819391446,0.075,S6_REVERSAL
2026-05-28 03:00:00+00:00,BTC,BUY,4.305121292532931,0.004305121292532931,0.075,S6_REVERSAL
2026-05-28 03:00:00+00:00,ETH,BUY,7.912638449044607,0.007912638449044607,0.075,S6_REVERSAL
2026-05-28 04:00:00+00:00,BTC,SELL,6971.567742825937,6.971567742825937,0.0,CASH
2026-05-28 04:00:00+00:00,ETH,SELL,6942.700123843442,6.9427001238434425,0.0,CASH
2026-05-28 04:00:00+00:00,SOL,BUY,7052.672248863066,7.0526722488630655,0.075,S6_REVERSAL
2026-05-28 05:00:00+00:00,BTC,BUY,7052.410633976865,7.052410633976865,0.075,S6_REVERSAL
2026-05-28 05:00:00+00:00,ETH,BUY,7052.410633976865,7.052410633976865,0.075,S6_REVERSAL
2026-05-28 05:00:00+00:00,SOL,SELL,17.74035651907161,0.01774035651907161,0.075,S6_REVERSAL
2026-05-28 06:00:00+00:00,BTC,BUY,13.649574548475357,0.013649574548475357,0.075,S6_REVERSAL
2026-05-28 06:00:00+00:00,ETH,BUY,8.790141655636035,0.008790141655636035,0.075,S6_REVERSAL
2026-05-28 06:00:00+00:00,SOL,BUY,12.670428670712681,0.01267042867071268,0.075,S6_REVERSAL
2026-05-28 07:00:00+00:00,BTC,SELL,15.671635654805868,0.01567163565480587,0.075,S6_REVERSAL
2026-05-28 07:00:00+00:00,ETH,SELL,14.986930558954555,0.014986930558954555,0.075,S6_REVERSAL
2026-05-28 07:00:00+00:00,SOL,SELL,18.796872876974703,0.018796872876974704,0.075,S6_REVERSAL
2026-05-28 08:00:00+00:00,BTC,SELL,21.36110497149548,0.02136110497149548,0.075,S6_REVERSAL
2026-05-28 08:00:00+00:00,ETH,SELL,33.75405083312762,0.03375405083312762,0.075,S6_REVERSAL
2026-05-28 08:00:00+00:00,SOL,SELL,18.171336353766492,0.01817133635376649,0.075,S6_REVERSAL
2026-05-28 09:00:00+00:00,BTC,BUY,11.593371000099978,0.011593371000099979,0.075,S6_REVERSAL
2026-05-28 09:00:00+00:00,ETH,BUY,20.850355625176235,0.020850355625176235,0.075,S6_REVERSAL
2026-05-28 09:00:00+00:00,SOL,BUY,18.51759548962127,0.018517595489621272,0.075,S6_REVERSAL
2026-05-28 10:00:00+00:00,BTC,SELL,16.066910111285324,0.016066910111285325,0.075,S6_REVERSAL
2026-05-28 10:00:00+00:00,ETH,SELL,15.818999495761092,0.015818999495761092,0.075,S6_REVERSAL
2026-05-28 10:00:00+00:00,SOL,SELL,16.251504749461674,0.016251504749461673,0.075,S6_REVERSAL
2026-05-28 11:00:00+00:00,BTC,BUY,8.420948000502904,0.008420948000502904,0.075,S6_REVERSAL
2026-05-28 11:00:00+00:00,ETH,BUY,8.032722603457842,0.008032722603457842,0.075,S6_REVERSAL
2026-05-28 11:00:00+00:00,SOL,BUY,36.57734059524773,0.03657734059524773,0.075,S6_REVERSAL
2026-05-28 12:00:00+00:00,BTC,SELL,8.660277248798593,0.008660277248798594,0.075,S6_REVERSAL
2026-05-28 12:00:00+00:00,ETH,BUY,3.0516836816223076,0.0030516836816223076,0.075,S6_REVERSAL
2026-05-28 12:00:00+00:00,SOL,SELL,9.864201345539186,0.009864201345539187,0.075,S6_REVERSAL
2026-05-28 13:00:00+00:00,BTC,BUY,1.133909914816286,0.0011339099148162859,0.075,S6_REVERSAL
2026-05-28 13:00:00+00:00,ETH,SELL,4.771160141696782,0.004771160141696783,0.075,S6_REVERSAL
2026-05-28 13:00:00+00:00,SOL,SELL,20.360854100320466,0.02036085410032047,0.075,S6_REVERSAL
2026-05-28 14:00:00+00:00,BTC,BUY,39.015399587551656,0.03901539958755166,0.075,S6_REVERSAL
2026-05-28 14:00:00+00:00,ETH,BUY,28.000895340346688,0.02800089534034669,0.075,S6_REVERSAL
2026-05-28 14:00:00+00:00,SOL,BUY,21.842707790979148,0.02184270779097915,0.075,S6_REVERSAL
2026-05-28 15:00:00+00:00,BTC,BUY,4.9074226118273145,0.004907422611827314,0.075,S6_REVERSAL
2026-05-28 15:00:00+00:00,ETH,SELL,36.92893679879762,0.03692893679879762,0.075,S6_REVERSAL
2026-05-28 15:00:00+00:00,SOL,SELL,29.80026241828,0.02980026241828,0.075,S6_REVERSAL
2026-05-28 16:00:00+00:00,BTC,BUY,8.205936824355376,0.008205936824355376,0.075,S6_REVERSAL
2026-05-28 16:00:00+00:00,ETH,BUY,8.602532568303104,0.008602532568303104,0.075,S6_REVERSAL
2026-05-28 16:00:00+00:00,SOL,BUY,2.471634617480049,0.002471634617480049,0.075,S6_REVERSAL
2026-05-28 17:00:00+00:00,BTC,SELL,33.75030802702804,0.03375030802702804,0.075,S6_REVERSAL
2026-05-28 17:00:00+00:00,ETH,SELL,64.06809361613432,0.06406809361613432,0.075,S6_REVERSAL
2026-05-28 17:00:00+00:00,SOL,SELL,65.07212870078456,0.06507212870078456,0.075,S6_REVERSAL
2026-05-28 18:00:00+00:00,BTC,SELL,7.0877334423094,0.0070877334423094,0.075,S6_REVERSAL
2026-05-28 18:00:00+00:00,ETH,SELL,18.327449941660234,0.018327449941660235,0.075,S6_REVERSAL
2026-05-28 18:00:00+00:00,SOL,SELL,15.047587025264875,0.015047587025264875,0.075,S6_REVERSAL
2026-05-28 19:00:00+00:00,BTC,SELL,3.4802659073511677,0.003480265907351168,0.075,S6_REVERSAL
2026-05-28 19:00:00+00:00,ETH,SELL,7092.296122490656,7.092296122490656,0.0,CASH
2026-05-28 19:00:00+00:00,SOL,SELL,7123.774197319805,7.123774197319806,0.0,CASH
2026-05-28 20:00:00+00:00,BTC,BUY,19.698130470553224,0.019698130470553223,0.075,S6_REVERSAL
2026-05-28 21:00:00+00:00,BTC,SELL,14.327463040222938,0.014327463040222938,0.075,S6_REVERSAL
2026-05-28 22:00:00+00:00,BTC,SELL,21.115215159778927,0.021115215159778926,0.075,S6_REVERSAL
2026-05-28 23:00:00+00:00,BTC,BUY,31.268954331687382,0.03126895433168738,0.075,S6_REVERSAL
2026-05-29 00:00:00+00:00,BTC,SELL,13.609993277710602,0.013609993277710602,0.075,S6_REVERSAL
2026-05-29 01:00:00+00:00,BTC,SELL,8.79184318811258,0.00879184318811258,0.075,S6_REVERSAL
2026-05-29 02:00:00+00:00,BTC,BUY,11.505162327558537,0.011505162327558537,0.075,S6_REVERSAL
2026-05-29 03:00:00+00:00,BTC,BUY,32.183199154888825,0.03218319915488883,0.075,S6_REVERSAL
2026-05-29 04:00:00+00:00,BTC,SELL,6.835779929637283,0.006835779929637283,0.075,S6_REVERSAL
2026-05-29 05:00:00+00:00,BTC,SELL,18.406722037951113,0.018406722037951115,0.075,S6_REVERSAL
2026-05-29 06:00:00+00:00,BTC,SELL,17.66254838549594,0.017662548385495937,0.075,S6_REVERSAL
2026-05-29 07:00:00+00:00,BTC,SELL,7.136329371503962,0.0071363293715039616,0.075,S6_REVERSAL
2026-05-29 08:00:00+00:00,BTC,BUY,22.874687861064558,0.022874687861064558,0.075,S6_REVERSAL
2026-05-29 09:00:00+00:00,BTC,SELL,11.117177782259205,0.011117177782259204,0.075,S6_REVERSAL
2026-05-29 10:00:00+00:00,BTC,SELL,8.139686004221403,0.008139686004221403,0.075,S6_REVERSAL
2026-05-29 11:00:00+00:00,BTC,BUY,9.79457186640684,0.00979457186640684,0.075,S6_REVERSAL
2026-05-29 12:00:00+00:00,BTC,BUY,13.039078369050912,0.013039078369050912,0.075,S6_REVERSAL
2026-05-29 13:00:00+00:00,BTC,BUY,17.123879451524772,0.01712387945152477,0.075,S6_REVERSAL
2026-05-29 14:00:00+00:00,BTC,BUY,14.288128293112095,0.014288128293112096,0.075,S6_REVERSAL
2026-05-29 15:00:00+00:00,BTC,BUY,3.475841346244124,0.003475841346244124,0.075,S6_REVERSAL
2026-05-29 16:00:00+00:00,BTC,SELL,63.683395640937306,0.06368339564093731,0.075,S6_REVERSAL
2026-05-29 17:00:00+00:00,BTC,SELL,22.02829963570366,0.02202829963570366,0.075,S6_REVERSAL
2026-05-29 18:00:00+00:00,BTC,BUY,6.680256514270695,0.006680256514270695,0.075,S6_REVERSAL
2026-05-29 19:00:00+00:00,BTC,BUY,53.68496033489919,0.05368496033489919,0.075,S6_REVERSAL
2026-05-29 20:00:00+00:00,BTC,SELL,13.008161664191903,0.013008161664191904,0.075,S6_REVERSAL
2026-05-29 21:00:00+00:00,BTC,SELL,13.653505425959338,0.013653505425959339,0.075,S6_REVERSAL
2026-05-29 22:00:00+00:00,BTC,BUY,23.491429700119625,0.023491429700119627,0.075,S6_REVERSAL
2026-05-29 23:00:00+00:00,BTC,SELL,6.62135323248549,0.00662135323248549,0.075,S6_REVERSAL
2026-05-30 00:00:00+00:00,BTC,BUY,2.0243237537197274,0.0020243237537197274,0.075,S6_REVERSAL
2026-05-30 01:00:00+00:00,BTC,SELL,3.387995996719837,0.003387995996719837,0.075,S6_REVERSAL
2026-05-30 02:00:00+00:00,BTC,SELL,14.170377373189694,0.014170377373189694,0.075,S6_REVERSAL
2026-05-30 03:00:00+00:00,BTC,SELL,11.449618800242206,0.011449618800242206,0.075,S6_REVERSAL
2026-05-30 04:00:00+00:00,BTC,BUY,23.310979676002717,0.023310979676002718,0.075,S6_REVERSAL
2026-05-30 05:00:00+00:00,BTC,BUY,10.78585879489583,0.01078585879489583,0.075,S6_REVERSAL
2026-05-30 06:00:00+00:00,BTC,SELL,18.02602979902167,0.01802602979902167,0.075,S6_REVERSAL
2026-05-30 07:00:00+00:00,BTC,BUY,1.7775566412083208,0.0017775566412083208,0.075,S6_REVERSAL
2026-05-30 08:00:00+00:00,BTC,BUY,3.237403995308341,0.003237403995308341,0.075,S6_REVERSAL
2026-05-30 09:00:00+00:00,BTC,BUY,1.6490845211110354,0.0016490845211110355,0.075,S6_REVERSAL
2026-05-30 10:00:00+00:00,BTC,SELL,7.602330114321376,0.007602330114321376,0.075,S6_REVERSAL
2026-05-30 11:00:00+00:00,BTC,SELL,3.592602727158919,0.0035926027271589193,0.075,S6_REVERSAL
2026-05-30 12:00:00+00:00,BTC,BUY,4.785492389850333,0.004785492389850333,0.075,S6_REVERSAL
2026-05-30 13:00:00+00:00,BTC,SELL,8.553669258922127,0.008553669258922128,0.075,S6_REVERSAL
2026-05-30 14:00:00+00:00,BTC,SELL,11.65129959098249,0.011651299590982489,0.075,S6_REVERSAL
2026-05-30 14:00:00+00:00,SOL,BUY,14158.529831488751,14.158529831488751,0.15,S3_TREND
2026-05-30 15:00:00+00:00,BTC,SELL,7.983387544741163,0.007983387544741163,0.075,S6_REVERSAL
2026-05-30 15:00:00+00:00,SOL,SELL,22.57677016751768,0.02257677016751768,0.15,S3_TREND
2026-05-30 16:00:00+00:00,ETH,BUY,14162.997557153574,14.162997557153574,0.15,S3_TREND
2026-05-30 16:00:00+00:00,SOL,SELL,7.273874402793808,0.007273874402793808,0.15,S3_TREND
2026-05-30 17:00:00+00:00,BTC,BUY,1.8663968257824308,0.001866396825782431,0.075,S6_REVERSAL
2026-05-30 17:00:00+00:00,SOL,SELL,30.69419358527739,0.03069419358527739,0.15,S3_TREND
2026-05-30 18:00:00+00:00,BTC,SELL,7091.430680241902,7.091430680241903,0.0,CASH
2026-05-30 18:00:00+00:00,ETH,BUY,5.451857885103891,0.005451857885103891,0.15,S3_TREND
2026-05-30 18:00:00+00:00,SOL,SELL,23.397841337240607,0.023397841337240606,0.15,S3_TREND
2026-05-30 19:00:00+00:00,ETH,SELL,4.331788911946205,0.004331788911946206,0.15,S3_TREND
2026-05-30 19:00:00+00:00,SOL,BUY,3.723894949962414,0.003723894949962414,0.15,S3_TREND
2026-05-30 20:00:00+00:00,ETH,SELL,7.779288722165802,0.0077792887221658025,0.15,S3_TREND
2026-05-30 20:00:00+00:00,SOL,BUY,5.588483937230194,0.0055884839372301945,0.15,S3_TREND
2026-05-30 21:00:00+00:00,BTC,BUY,14168.722803476727,14.168722803476728,0.15,S3_TREND
2026-05-30 21:00:00+00:00,ETH,BUY,9.441891825037601,0.009441891825037602,0.15,S3_TREND
2026-05-30 21:00:00+00:00,SOL,BUY,2.5501783239906217,0.002550178323990622,0.15,S3_TREND
2026-05-30 22:00:00+00:00,ETH,SELL,7.064006030414021,0.0070640060304140205,0.15,S3_TREND
2026-05-30 22:00:00+00:00,SOL,SELL,9.622588315502071,0.009622588315502072,0.15,S3_TREND
2026-05-30 23:00:00+00:00,BTC,BUY,1.7399913214412663,0.0017399913214412664,0.15,S3_TREND
2026-05-30 23:00:00+00:00,ETH,BUY,14.691107314743931,0.01469110731474393,0.15,S3_TREND
2026-05-30 23:00:00+00:00,SOL,BUY,47.47988583706683,0.04747988583706683,0.15,S3_TREND
2026-05-31 00:00:00+00:00,BTC,BUY,1.2083767851308949,0.001208376785130895,0.15,S3_TREND
2026-05-31 00:00:00+00:00,ETH,BUY,9.248078519756746,0.009248078519756746,0.15,S3_TREND
2026-05-31 00:00:00+00:00,SOL,SELL,15.709599084499134,0.015709599084499135,0.15,S3_TREND
2026-05-31 01:00:00+00:00,BTC,SELL,15.272597821394813,0.015272597821394814,0.15,S3_TREND
2026-05-31 01:00:00+00:00,ETH,SELL,18.48811293667677,0.018488112936676772,0.15,S3_TREND
2026-05-31 01:00:00+00:00,SOL,SELL,18.307770826346314,0.018307770826346315,0.15,S3_TREND
2026-05-31 02:00:00+00:00,BTC,BUY,1.4293417467015388,0.001429341746701539,0.15,S3_TREND
2026-05-31 02:00:00+00:00,ETH,SELL,8.75802240926896,0.008758022409268961,0.15,S3_TREND
2026-05-31 02:00:00+00:00,SOL,SELL,11.863697151069573,0.011863697151069573,0.15,S3_TREND
2026-05-31 03:00:00+00:00,BTC,BUY,3.4748512952410238,0.0034748512952410236,0.15,S3_TREND
2026-05-31 03:00:00+00:00,ETH,SELL,26.842353228945285,0.026842353228945286,0.15,S3_TREND
2026-05-31 03:00:00+00:00,SOL,SELL,12.432671303771713,0.012432671303771714,0.15,S3_TREND
2026-05-31 04:00:00+00:00,BTC,SELL,8.67279463714658,0.008672794637146581,0.15,S3_TREND
2026-05-31 04:00:00+00:00,ETH,BUY,9.327443413325454,0.009327443413325455,0.15,S3_TREND
2026-05-31 04:00:00+00:00,SOL,SELL,10.869440878113892,0.010869440878113892,0.15,S3_TREND
2026-05-31 05:00:00+00:00,BTC,SELL,4.7740927064642165,0.004774092706464217,0.15,S3_TREND
2026-05-31 05:00:00+00:00,ETH,SELL,2.8798774826918816,0.0028798774826918816,0.15,S3_TREND
2026-05-31 05:00:00+00:00,SOL,BUY,5.650871529227516,0.005650871529227516,0.15,S3_TREND
2026-05-31 06:00:00+00:00,BTC,BUY,11.402927894532695,0.011402927894532695,0.15,S3_TREND
2026-05-31 06:00:00+00:00,ETH,BUY,13.937276836419187,0.013937276836419188,0.15,S3_TREND
2026-05-31 06:00:00+00:00,SOL,BUY,18.678238161926856,0.018678238161926857,0.15,S3_TREND
2026-05-31 07:00:00+00:00,BTC,SELL,1.9398434068716595,0.0019398434068716595,0.15,S3_TREND
2026-05-31 07:00:00+00:00,SOL,BUY,9.793421707316156,0.009793421707316157,0.15,S3_TREND
2026-05-31 08:00:00+00:00,BTC,BUY,16.30744808214149,0.01630744808214149,0.15,S3_TREND
2026-05-31 08:00:00+00:00,ETH,BUY,22.020838367920078,0.022020838367920077,0.15,S3_TREND
2026-05-31 08:00:00+00:00,SOL,BUY,30.70990354141759,0.030709903541417588,0.15,S3_TREND
2026-05-31 09:00:00+00:00,BTC,SELL,3.6834693793771294,0.0036834693793771295,0.15,S3_TREND
2026-05-31 09:00:00+00:00,ETH,SELL,16.280446073757048,0.01628044607375705,0.15,S3_TREND
2026-05-31 09:00:00+00:00,SOL,SELL,13.223387499099772,0.013223387499099772,0.15,S3_TREND
2026-05-31 10:00:00+00:00,BTC,BUY,7.493817622127608,0.007493817622127608,0.15,S3_TREND
2026-05-31 10:00:00+00:00,ETH,BUY,34.60730844819227,0.03460730844819227,0.15,S3_TREND
2026-05-31 10:00:00+00:00,SOL,SELL,2.3094495182322134,0.0023094495182322135,0.15,S3_TREND
2026-05-31 11:00:00+00:00,BTC,SELL,10.59880197849634,0.010598801978496341,0.15,S3_TREND
2026-05-31 11:00:00+00:00,ETH,BUY,1.1166915778776456,0.0011166915778776456,0.15,S3_TREND
2026-05-31 11:00:00+00:00,SOL,BUY,7.396952651020911,0.007396952651020911,0.15,S3_TREND
2026-05-31 12:00:00+00:00,BTC,SELL,2.5025364713746967,0.0025025364713746967,0.15,S3_TREND
2026-05-31 12:00:00+00:00,ETH,SELL,10.911210264872352,0.010911210264872353,0.15,S3_TREND
2026-05-31 12:00:00+00:00,SOL,SELL,3.8514701422336657,0.003851470142233666,0.15,S3_TREND
2026-05-31 13:00:00+00:00,BTC,BUY,3.4300077169464203,0.0034300077169464203,0.15,S3_TREND
2026-05-31 13:00:00+00:00,ETH,BUY,6.561460188793717,0.0065614601887937175,0.15,S3_TREND
2026-05-31 13:00:00+00:00,SOL,SELL,10.208633302780072,0.010208633302780072,0.15,S3_TREND
2026-05-31 14:00:00+00:00,BTC,BUY,4.199468661598075,0.004199468661598075,0.15,S3_TREND
2026-05-31 14:00:00+00:00,ETH,BUY,8.110152556204412,0.008110152556204411,0.15,S3_TREND
2026-05-31 14:00:00+00:00,SOL,BUY,5.41598924290156,0.00541598924290156,0.15,S3_TREND
2026-05-31 15:00:00+00:00,BTC,BUY,10.473935946512938,0.010473935946512938,0.15,S3_TREND
2026-05-31 15:00:00+00:00,ETH,BUY,45.761716000926754,0.04576171600092675,0.15,S3_TREND
2026-05-31 15:00:00+00:00,SOL,BUY,95.4280906681488,0.0954280906681488,0.15,S3_TREND
2026-05-31 16:00:00+00:00,BTC,SELL,8.135504968355235,0.008135504968355235,0.15,S3_TREND
2026-05-31 16:00:00+00:00,ETH,SELL,15.256954741962545,0.015256954741962545,0.15,S3_TREND
2026-05-31 16:00:00+00:00,SOL,BUY,15.801595303759314,0.015801595303759314,0.15,S3_TREND
2026-05-31 17:00:00+00:00,BTC,BUY,4.379393562594487,0.004379393562594487,0.15,S3_TREND
2026-05-31 17:00:00+00:00,ETH,BUY,38.825290794706234,0.03882529079470624,0.15,S3_TREND
2026-05-31 17:00:00+00:00,SOL,BUY,31.359286672066446,0.031359286672066444,0.15,S3_TREND
2026-05-31 18:00:00+00:00,BTC,SELL,18.226968924001994,0.018226968924001996,0.15,S3_TREND
2026-05-31 18:00:00+00:00,ETH,SELL,10.620767357104341,0.010620767357104342,0.15,S3_TREND
2026-05-31 18:00:00+00:00,SOL,SELL,33.19354596712037,0.033193545967120375,0.15,S3_TREND
2026-05-31 19:00:00+00:00,BTC,BUY,8.492122194995318,0.008492122194995318,0.15,S3_TREND
2026-05-31 19:00:00+00:00,ETH,BUY,25.597149525914574,0.025597149525914575,0.15,S3_TREND
2026-05-31 19:00:00+00:00,SOL,BUY,8.930210271417309,0.00893021027141731,0.15,S3_TREND
2026-05-31 20:00:00+00:00,BTC,BUY,1.2376372835205984,0.0012376372835205985,0.15,S3_TREND
2026-05-31 20:00:00+00:00,ETH,BUY,1.346031948183736,0.0013460319481837359,0.15,S3_TREND
2026-05-31 20:00:00+00:00,SOL,BUY,21.11533594518005,0.02111533594518005,0.15,S3_TREND
2026-05-31 21:00:00+00:00,BTC,SELL,10.918637288947139,0.010918637288947139,0.15,S3_TREND
2026-05-31 21:00:00+00:00,ETH,SELL,30.07836016089459,0.03007836016089459,0.15,S3_TREND
2026-05-31 21:00:00+00:00,SOL,SELL,42.78299699524177,0.04278299699524177,0.15,S3_TREND
2026-05-31 22:00:00+00:00,BTC,SELL,10.729225058179509,0.010729225058179508,0.15,S3_TREND
2026-05-31 22:00:00+00:00,ETH,SELL,17.266208248107432,0.017266208248107432,0.15,S3_TREND
2026-05-31 22:00:00+00:00,SOL,SELL,40.014806686598604,0.040014806686598604,0.15,S3_TREND
2026-05-31 23:00:00+00:00,BTC,SELL,2.8080362193632027,0.002808036219363203,0.15,S3_TREND
2026-05-31 23:00:00+00:00,ETH,BUY,5.400251161538108,0.005400251161538108,0.15,S3_TREND
2026-05-31 23:00:00+00:00,SOL,SELL,28.899050972162513,0.028899050972162513,0.15,S3_TREND
2026-06-01 00:00:00+00:00,BTC,BUY,36.41421877328867,0.03641421877328867,0.15,S3_TREND
2026-06-01 00:00:00+00:00,ETH,BUY,22.753090045420322,0.022753090045420324,0.15,S3_TREND
2026-06-01 00:00:00+00:00,SOL,SELL,3.262921063365866,0.0032629210633658657,0.15,S3_TREND
2026-06-01 01:00:00+00:00,BTC,SELL,15.677674371470857,0.015677674371470857,0.15,S3_TREND
2026-06-01 01:00:00+00:00,ETH,SELL,34.55381289669822,0.03455381289669822,0.15,S3_TREND
2026-06-01 01:00:00+00:00,SOL,SELL,40.39511517617575,0.04039511517617575,0.15,S3_TREND
2026-06-01 02:00:00+00:00,BTC,BUY,47.10552627119614,0.047105526271196144,0.15,S3_TREND
2026-06-01 02:00:00+00:00,ETH,BUY,79.32002890011972,0.07932002890011973,0.15,S3_TREND
2026-06-01 02:00:00+00:00,SOL,BUY,116.49470343638677,0.11649470343638678,0.15,S3_TREND
2026-06-01 03:00:00+00:00,BTC,SELL,39.68785494119038,0.039687854941190384,0.15,S3_TREND
2026-06-01 03:00:00+00:00,ETH,SELL,62.57586417432685,0.06257586417432685,0.15,S3_TREND
2026-06-01 03:00:00+00:00,SOL,SELL,102.64208188327937,0.10264208188327938,0.15,S3_TREND
2026-06-01 04:00:00+00:00,ETH,BUY,12.30432658776408,0.012304326587764081,0.15,S3_TREND
2026-06-01 04:00:00+00:00,SOL,BUY,4.125862321088789,0.004125862321088789,0.15,S3_TREND
2026-06-01 05:00:00+00:00,BTC,BUY,12.53054553405309,0.01253054553405309,0.15,S3_TREND
2026-06-01 05:00:00+00:00,ETH,BUY,32.37970054417747,0.03237970054417747,0.15,S3_TREND
2026-06-01 05:00:00+00:00,SOL,BUY,70.9205198625641,0.0709205198625641,0.15,S3_TREND
2026-06-01 06:00:00+00:00,BTC,BUY,19.15679878416813,0.019156798784168132,0.15,S3_TREND
2026-06-01 06:00:00+00:00,ETH,BUY,21.70052706983006,0.02170052706983006,0.15,S3_TREND
2026-06-01 06:00:00+00:00,SOL,BUY,19.585411731961358,0.019585411731961357,0.15,S3_TREND
2026-06-01 07:00:00+00:00,BTC,BUY,18.54177320771123,0.01854177320771123,0.15,S3_TREND
2026-06-01 07:00:00+00:00,ETH,BUY,23.162419250456878,0.023162419250456878,0.15,S3_TREND
2026-06-01 07:00:00+00:00,SOL,BUY,41.0971114419317,0.041097111441931705,0.15,S3_TREND
2026-06-01 08:00:00+00:00,BTC,BUY,21.161440988800678,0.021161440988800677,0.15,S3_TREND
2026-06-01 08:00:00+00:00,ETH,BUY,42.54100156508321,0.042541001565083204,0.15,S3_TREND
2026-06-01 08:00:00+00:00,SOL,BUY,82.64872429819843,0.08264872429819843,0.15,S3_TREND
2026-06-01 09:00:00+00:00,ETH,SELL,36.53637677869483,0.03653637677869483,0.15,S3_TREND
2026-06-01 09:00:00+00:00,SOL,SELL,26.459286532450278,0.02645928653245028,0.15,S3_TREND
2026-06-01 10:00:00+00:00,BTC,BUY,10.48724698179467,0.01048724698179467,0.15,S3_TREND
2026-06-01 10:00:00+00:00,ETH,SELL,19.797280321965445,0.019797280321965444,0.15,S3_TREND
2026-06-01 10:00:00+00:00,SOL,SELL,10.135328165360988,0.010135328165360988,0.15,S3_TREND
2026-06-01 11:00:00+00:00,BTC,BUY,18.769977198329798,0.018769977198329797,0.15,S3_TREND
2026-06-01 11:00:00+00:00,ETH,SELL,14023.781501282345,14.023781501282345,0.0,CASH
2026-06-01 11:00:00+00:00,SOL,SELL,9.963709224943159,0.009963709224943159,0.15,S3_TREND
2026-06-01 12:00:00+00:00,BTC,BUY,34.72594610279339,0.034725946102793386,0.15,S3_TREND
2026-06-01 12:00:00+00:00,SOL,BUY,31.307869365880833,0.031307869365880835,0.15,S3_TREND
2026-06-01 13:00:00+00:00,BTC,BUY,42.457485541724964,0.04245748554172497,0.15,S3_TREND
2026-06-01 13:00:00+00:00,SOL,SELL,7.504150474796916,0.0075041504747969156,0.15,S3_TREND
2026-06-01 14:00:00+00:00,BTC,BUY,58.59562547733913,0.058595625477339125,0.15,S3_TREND
2026-06-01 14:00:00+00:00,SOL,SELL,13844.168648503699,13.844168648503699,0.0,CASH
2026-06-01 15:00:00+00:00,BTC,SELL,6961.972262708888,6.961972262708888,0.075,S6_REVERSAL
2026-06-01 15:00:00+00:00,SOL,BUY,6983.7343715601155,6.983734371560115,0.075,S6_REVERSAL
2026-06-01 16:00:00+00:00,BTC,SELL,6940.965189985423,6.940965189985423,0.0,CASH
2026-06-01 16:00:00+00:00,SOL,BUY,3.8507044151801892,0.003850704415180189,0.075,S6_REVERSAL
2026-06-01 17:00:00+00:00,BTC,BUY,6983.496798714787,6.9834967987147865,0.075,S6_REVERSAL
2026-06-01 17:00:00+00:00,SOL,SELL,64.58034342615429,0.06458034342615429,0.075,S6_REVERSAL
2026-06-01 18:00:00+00:00,BTC,SELL,4.541926544819943,0.0045419265448199434,0.075,S6_REVERSAL
2026-06-01 18:00:00+00:00,SOL,SELL,41.70791546502278,0.04170791546502278,0.075,S6_REVERSAL
2026-06-01 19:00:00+00:00,BTC,BUY,12.900811486458224,0.012900811486458224,0.075,S6_REVERSAL
2026-06-01 19:00:00+00:00,SOL,BUY,3.7108259004407955,0.0037108259004407958,0.075,S6_REVERSAL
2026-06-01 20:00:00+00:00,BTC,SELL,6.5931657887686015,0.0065931657887686014,0.075,S6_REVERSAL
2026-06-01 20:00:00+00:00,SOL,SELL,25.663914277731237,0.025663914277731237,0.075,S6_REVERSAL
2026-06-01 21:00:00+00:00,BTC,BUY,13.15031903781437,0.01315031903781437,0.075,S6_REVERSAL
2026-06-01 21:00:00+00:00,SOL,BUY,2.8858840107104697,0.00288588401071047,0.075,S6_REVERSAL
2026-06-01 22:00:00+00:00,BTC,BUY,33.868686298379544,0.033868686298379545,0.075,S6_REVERSAL
2026-06-01 22:00:00+00:00,SOL,BUY,34.44252146484905,0.03444252146484905,0.075,S6_REVERSAL
2026-06-01 23:00:00+00:00,BTC,SELL,28.83334552141787,0.02883334552141787,0.075,S6_REVERSAL
2026-06-01 23:00:00+00:00,SOL,SELL,56.51238991238915,0.056512389912389153,0.075,S6_REVERSAL
2026-06-02 00:00:00+00:00,SOL,BUY,10.322795595769094,0.010322795595769095,0.075,S6_REVERSAL
2026-06-02 01:00:00+00:00,BTC,BUY,7.391226072404606,0.0073912260724046065,0.075,S6_REVERSAL
2026-06-02 01:00:00+00:00,SOL,BUY,30.134295933839894,0.030134295933839896,0.075,S6_REVERSAL
2026-06-02 02:00:00+00:00,BTC,BUY,52.65149068556275,0.05265149068556275,0.075,S6_REVERSAL
2026-06-02 02:00:00+00:00,SOL,BUY,57.613897153018115,0.057613897153018116,0.075,S6_REVERSAL
2026-06-02 03:00:00+00:00,BTC,SELL,13.34874842910449,0.01334874842910449,0.075,S6_REVERSAL
2026-06-02 03:00:00+00:00,SOL,SELL,52.527863704466654,0.05252786370446665,0.075,S6_REVERSAL
2026-06-02 04:00:00+00:00,BTC,SELL,8.86932975158561,0.00886932975158561,0.075,S6_REVERSAL
2026-06-02 04:00:00+00:00,SOL,SELL,10.402813729555419,0.01040281372955542,0.075,S6_REVERSAL
2026-06-02 05:00:00+00:00,BTC,BUY,9.972160508115849,0.009972160508115849,0.075,S6_REVERSAL
2026-06-02 05:00:00+00:00,SOL,BUY,37.24726180284324,0.03724726180284324,0.075,S6_REVERSAL
2026-06-02 06:00:00+00:00,BTC,SELL,6924.460711723926,6.924460711723926,0.0,CASH
2026-06-02 06:00:00+00:00,SOL,BUY,60.99164443664722,0.06099164443664722,0.075,S6_REVERSAL
2026-06-02 07:00:00+00:00,BTC,BUY,6967.782325247359,6.967782325247359,0.075,S6_REVERSAL
2026-06-02 07:00:00+00:00,SOL,BUY,1.9045220913467347,0.0019045220913467347,0.075,S6_REVERSAL
2026-06-02 08:00:00+00:00,BTC,SELL,1.176496544559086,0.0011764965445590862,0.075,S6_REVERSAL
2026-06-02 08:00:00+00:00,SOL,SELL,6.10034489283953,0.00610034489283953,0.075,S6_REVERSAL
2026-06-02 09:00:00+00:00,BTC,BUY,26.91815193876846,0.02691815193876846,0.075,S6_REVERSAL
2026-06-02 09:00:00+00:00,SOL,BUY,1.8352152946290516,0.0018352152946290517,0.075,S6_REVERSAL
2026-06-02 10:00:00+00:00,BTC,BUY,33.19194683171645,0.03319194683171645,0.075,S6_REVERSAL
2026-06-02 10:00:00+00:00,SOL,BUY,38.304485234375534,0.03830448523437553,0.075,S6_REVERSAL
2026-06-02 11:00:00+00:00,BTC,SELL,18.86421020256421,0.018864210202564208,0.075,S6_REVERSAL
2026-06-02 11:00:00+00:00,SOL,SELL,24.34291541084349,0.02434291541084349,0.075,S6_REVERSAL
2026-06-02 12:00:00+00:00,BTC,BUY,14.319966375944205,0.014319966375944205,0.075,S6_REVERSAL
2026-06-02 12:00:00+00:00,SOL,BUY,39.111246804736766,0.039111246804736766,0.075,S6_REVERSAL
2026-06-02 13:00:00+00:00,BTC,SELL,6912.839271868344,6.912839271868345,0.0,CASH
2026-06-02 13:00:00+00:00,SOL,SELL,6.656417233512003,0.006656417233512003,0.075,S6_REVERSAL
2026-06-02 14:00:00+00:00,BTC,BUY,6954.267133165255,6.954267133165255,0.075,S6_REVERSAL
2026-06-02 14:00:00+00:00,SOL,BUY,1.110339921796367,0.001110339921796367,0.075,S6_REVERSAL
2026-06-02 15:00:00+00:00,BTC,BUY,63.41483765737485,0.06341483765737485,0.075,S6_REVERSAL
2026-06-02 15:00:00+00:00,ETH,BUY,6937.777046874961,6.937777046874961,0.075,S6_REVERSAL
2026-06-02 15:00:00+00:00,SOL,SELL,6821.259617382106,6.821259617382106,0.0,CASH
2026-06-02 16:00:00+00:00,BTC,SELL,6864.848040456399,6.864848040456399,0.0,CASH
2026-06-02 16:00:00+00:00,ETH,BUY,81.22586699962085,0.08122586699962085,0.075,S6_REVERSAL
2026-06-02 16:00:00+00:00,SOL,BUY,6924.1572637733325,6.924157263773333,0.075,S6_REVERSAL
2026-06-02 17:00:00+00:00,BTC,BUY,6926.996257272221,6.92699625727222,0.075,S6_REVERSAL
2026-06-02 17:00:00+00:00,ETH,SELL,18.06210320763057,0.018062103207630572,0.075,S6_REVERSAL
2026-06-02 17:00:00+00:00,SOL,SELL,27.98338761767354,0.02798338761767354,0.075,S6_REVERSAL
2026-06-02 18:00:00+00:00,BTC,SELL,6.23850880507689,0.00623850880507689,0.075,S6_REVERSAL
2026-06-02 18:00:00+00:00,ETH,SELL,11.079284349486443,0.011079284349486443,0.075,S6_REVERSAL
2026-06-02 18:00:00+00:00,SOL,SELL,8.965941120246498,0.008965941120246498,0.075,S6_REVERSAL
2026-06-02 19:00:00+00:00,BTC,BUY,6.6870606135862545,0.006687060613586255,0.075,S6_REVERSAL
2026-06-02 19:00:00+00:00,ETH,BUY,31.114357285691767,0.031114357285691768,0.075,S6_REVERSAL
2026-06-02 19:00:00+00:00,SOL,BUY,52.56929338866394,0.05256929338866394,0.075,S6_REVERSAL
2026-06-02 20:00:00+00:00,BTC,SELL,1.973027101669686,0.001973027101669686,0.075,S6_REVERSAL
2026-06-02 20:00:00+00:00,ETH,SELL,1.7298719490390795,0.0017298719490390795,0.075,S6_REVERSAL
2026-06-02 20:00:00+00:00,SOL,BUY,52.51145972403356,0.05251145972403356,0.075,S6_REVERSAL
2026-06-02 21:00:00+00:00,BTC,SELL,28.03015573844732,0.02803015573844732,0.075,S6_REVERSAL
2026-06-02 21:00:00+00:00,ETH,SELL,6895.386624884623,6.895386624884623,0.0,CASH
2026-06-02 21:00:00+00:00,SOL,BUY,8.21878908330018,0.00821878908330018,0.075,S6_REVERSAL
2026-06-02 22:00:00+00:00,BTC,BUY,3.0530122722893793,0.0030530122722893793,0.075,S6_REVERSAL
2026-06-02 22:00:00+00:00,ETH,BUY,6916.188917522879,6.916188917522879,0.075,S6_REVERSAL
2026-06-02 22:00:00+00:00,SOL,SELL,19.34117798743773,0.019341177987437733,0.075,S6_REVERSAL
2026-06-02 23:00:00+00:00,BTC,SELL,6795.318896698796,6.795318896698797,0.0,CASH
2026-06-02 23:00:00+00:00,ETH,SELL,6801.292143704269,6.801292143704269,0.0,CASH
2026-06-02 23:00:00+00:00,SOL,SELL,6735.194282885089,6.735194282885089,0.0,CASH
2026-06-03 00:00:00+00:00,BTC,BUY,6882.886531194514,6.882886531194514,0.075,S6_REVERSAL
2026-06-03 00:00:00+00:00,ETH,BUY,6882.886531194514,6.882886531194514,0.075,S6_REVERSAL
2026-06-03 00:00:00+00:00,SOL,BUY,6882.886531194514,6.882886531194514,0.075,S6_REVERSAL
2026-06-03 01:00:00+00:00,BTC,SELL,12.048397567018583,0.012048397567018584,0.075,S6_REVERSAL
2026-06-03 01:00:00+00:00,ETH,SELL,21.57555503522144,0.02157555503522144,0.075,S6_REVERSAL
2026-06-03 01:00:00+00:00,SOL,SELL,51.2713312080341,0.0512713312080341,0.075,S6_REVERSAL
2026-06-03 02:00:00+00:00,ETH,BUY,8.821836134364275,0.008821836134364276,0.075,S6_REVERSAL
2026-06-03 02:00:00+00:00,SOL,BUY,7.585164148335934,0.007585164148335935,0.075,S6_REVERSAL
2026-06-03 03:00:00+00:00,BTC,BUY,23.554067523865342,0.02355406752386534,0.075,S6_REVERSAL
2026-06-03 03:00:00+00:00,ETH,BUY,30.972066271937365,0.030972066271937364,0.075,S6_REVERSAL
2026-06-03 03:00:00+00:00,SOL,BUY,23.7716272136895,0.0237716272136895,0.075,S6_REVERSAL
2026-06-03 04:00:00+00:00,BTC,BUY,54.57592015342743,0.05457592015342743,0.075,S6_REVERSAL
2026-06-03 04:00:00+00:00,ETH,SELL,6784.008164987613,6.784008164987613,0.0,CASH
2026-06-03 04:00:00+00:00,SOL,SELL,6722.747610089796,6.722747610089796,0.0,CASH
2026-06-03 05:00:00+00:00,BTC,SELL,60.34195766097673,0.06034195766097673,0.075,S6_REVERSAL
2026-06-03 05:00:00+00:00,ETH,BUY,6858.768937792899,6.858768937792899,0.075,S6_REVERSAL
2026-06-03 06:00:00+00:00,BTC,SELL,76.7097971801395,0.07670979718013951,0.075,S6_REVERSAL
2026-06-03 06:00:00+00:00,ETH,SELL,71.30091801108756,0.07130091801108757,0.075,S6_REVERSAL
2026-06-03 07:00:00+00:00,BTC,BUY,32.287952283943014,0.03228795228394302,0.075,S6_REVERSAL
2026-06-03 07:00:00+00:00,ETH,BUY,2.6614595349446972,0.002661459534944697,0.075,S6_REVERSAL
2026-06-03 08:00:00+00:00,BTC,SELL,20.66386575087563,0.02066386575087563,0.075,S6_REVERSAL
2026-06-03 08:00:00+00:00,ETH,SELL,20.310390511966034,0.020310390511966033,0.075,S6_REVERSAL
2026-06-03 09:00:00+00:00,BTC,BUY,18.598901674628905,0.018598901674628906,0.075,S6_REVERSAL
2026-06-03 09:00:00+00:00,ETH,SELL,6.957280113198976,0.006957280113198977,0.075,S6_REVERSAL
2026-06-03 10:00:00+00:00,BTC,SELL,5.496815407695067,0.005496815407695067,0.075,S6_REVERSAL
2026-06-03 10:00:00+00:00,ETH,BUY,12.970037398495151,0.012970037398495152,0.075,S6_REVERSAL
2026-06-03 11:00:00+00:00,BTC,SELL,18.444022276907162,0.01844402227690716,0.075,S6_REVERSAL
2026-06-03 11:00:00+00:00,ETH,SELL,27.139140941822006,0.02713914094182201,0.075,S6_REVERSAL
2026-06-03 12:00:00+00:00,BTC,BUY,19.647732534363058,0.01964773253436306,0.075,S6_REVERSAL
2026-06-03 12:00:00+00:00,ETH,BUY,20.589583080711236,0.020589583080711238,0.075,S6_REVERSAL
2026-06-03 13:00:00+00:00,BTC,SELL,1.5613967887857143,0.0015613967887857143,0.075,S6_REVERSAL
2026-06-03 13:00:00+00:00,ETH,BUY,6.039549719217575,0.006039549719217575,0.075,S6_REVERSAL
2026-06-03 14:00:00+00:00,BTC,BUY,13.95421676566275,0.01395421676566275,0.075,S6_REVERSAL
2026-06-03 14:00:00+00:00,ETH,BUY,28.374117541216037,0.028374117541216038,0.075,S6_REVERSAL
2026-06-03 15:00:00+00:00,BTC,BUY,1.3762256869986231,0.0013762256869986232,0.075,S6_REVERSAL
2026-06-03 15:00:00+00:00,ETH,BUY,30.729799015794015,0.030729799015794014,0.075,S6_REVERSAL
2026-06-03 16:00:00+00:00,BTC,BUY,69.00993786152503,0.06900993786152504,0.075,S6_REVERSAL
2026-06-03 16:00:00+00:00,ETH,BUY,66.65167070419193,0.06665167070419194,0.075,S6_REVERSAL
2026-06-03 17:00:00+00:00,ETH,BUY,15.540787282606288,0.01554078728260629,0.075,S6_REVERSAL
2026-06-03 18:00:00+00:00,BTC,BUY,8.176297952640198,0.008176297952640198,0.075,S6_REVERSAL
2026-06-03 18:00:00+00:00,ETH,BUY,15.004639981608307,0.015004639981608307,0.075,S6_REVERSAL
2026-06-03 19:00:00+00:00,BTC,SELL,5.801662300375938,0.005801662300375938,0.075,S6_REVERSAL
2026-06-03 19:00:00+00:00,ETH,SELL,13.748042273058672,0.013748042273058673,0.075,S6_REVERSAL
2026-06-03 20:00:00+00:00,BTC,SELL,6790.257252140143,6.790257252140143,0.0,CASH
2026-06-03 20:00:00+00:00,ETH,SELL,6742.038210240587,6.742038210240588,0.0,CASH
2026-06-03 20:00:00+00:00,SOL,BUY,6837.298624207621,6.837298624207621,0.075,S6_REVERSAL
2026-06-03 21:00:00+00:00,BTC,BUY,6830.286059595591,6.830286059595591,0.075,S6_REVERSAL
2026-06-03 21:00:00+00:00,ETH,BUY,6830.286059595591,6.830286059595591,0.075,S6_REVERSAL
2026-06-03 21:00:00+00:00,SOL,BUY,66.11870279510731,0.06611870279510731,0.075,S6_REVERSAL
2026-06-03 22:00:00+00:00,BTC,SELL,43.87040912095472,0.04387040912095472,0.075,S6_REVERSAL
2026-06-03 22:00:00+00:00,ETH,SELL,227.099208008166,0.227099208008166,0.075,S6_REVERSAL
2026-06-03 22:00:00+00:00,SOL,SELL,116.33475240046664,0.11633475240046665,0.075,S6_REVERSAL
2026-06-03 23:00:00+00:00,BTC,BUY,72.58561259972703,0.07258561259972703,0.075,S6_REVERSAL
2026-06-03 23:00:00+00:00,ETH,BUY,61.49856680244466,0.06149856680244466,0.075,S6_REVERSAL
2026-06-03 23:00:00+00:00,SOL,BUY,38.866089144616126,0.038866089144616124,0.075,S6_REVERSAL
2026-06-04 00:00:00+00:00,BTC,BUY,66.34373234182385,0.06634373234182385,0.075,S6_REVERSAL
2026-06-04 00:00:00+00:00,ETH,BUY,44.83994307843204,0.044839943078432046,0.075,S6_REVERSAL
2026-06-04 00:00:00+00:00,SOL,BUY,42.92465109013665,0.04292465109013665,0.075,S6_REVERSAL
2026-06-04 01:00:00+00:00,BTC,SELL,6749.7272690205655,6.749727269020566,0.0,CASH
2026-06-04 01:00:00+00:00,ETH,BUY,54.44419210272281,0.05444419210272281,0.075,S6_REVERSAL
2026-06-04 01:00:00+00:00,SOL,SELL,6753.606420579773,6.753606420579773,0.0,CASH
2026-06-04 02:00:00+00:00,BTC,BUY,6806.10092648335,6.80610092648335,0.075,S6_REVERSAL
2026-06-04 02:00:00+00:00,ETH,BUY,118.8476294948614,0.1188476294948614,0.075,S6_REVERSAL
2026-06-04 02:00:00+00:00,SOL,BUY,6806.10092648335,6.80610092648335,0.075,S6_REVERSAL
2026-06-04 03:00:00+00:00,BTC,SELL,94.97780922886977,0.09497780922886978,0.075,S6_REVERSAL
2026-06-04 03:00:00+00:00,ETH,SELL,6.960601388729629,0.0069606013887296295,0.075,S6_REVERSAL
2026-06-04 03:00:00+00:00,SOL,SELL,122.42259506394294,0.12242259506394294,0.075,S6_REVERSAL
2026-06-04 04:00:00+00:00,BTC,SELL,90.34504685253614,0.09034504685253615,0.075,S6_REVERSAL
2026-06-04 04:00:00+00:00,ETH,SELL,132.0492610078536,0.1320492610078536,0.075,S6_REVERSAL
2026-06-04 04:00:00+00:00,SOL,SELL,106.53191424914348,0.10653191424914349,0.075,S6_REVERSAL
2026-06-04 05:00:00+00:00,BTC,SELL,9.00540348206141,0.00900540348206141,0.075,S6_REVERSAL
2026-06-04 05:00:00+00:00,ETH,BUY,9.099020325858874,0.009099020325858874,0.075,S6_REVERSAL
2026-06-04 05:00:00+00:00,SOL,BUY,52.4440488148839,0.0524440488148839,0.075,S6_REVERSAL
2026-06-04 06:00:00+00:00,BTC,BUY,33.658555809269274,0.033658555809269276,0.075,S6_REVERSAL
2026-06-04 06:00:00+00:00,ETH,BUY,67.73641224371659,0.06773641224371658,0.075,S6_REVERSAL
2026-06-04 06:00:00+00:00,SOL,BUY,39.52603329889098,0.039526033298890983,0.075,S6_REVERSAL
2026-06-04 07:00:00+00:00,BTC,SELL,5.338217574125338,0.005338217574125338,0.075,S6_REVERSAL
2026-06-04 07:00:00+00:00,ETH,SELL,20.241083125835758,0.02024108312583576,0.075,S6_REVERSAL
2026-06-04 08:00:00+00:00,BTC,BUY,29.650688778723634,0.029650688778723636,0.075,S6_REVERSAL
2026-06-04 08:00:00+00:00,ETH,BUY,32.109320148288134,0.032109320148288135,0.075,S6_REVERSAL
2026-06-04 08:00:00+00:00,SOL,BUY,101.40668047574218,0.10140668047574218,0.075,S6_REVERSAL
2026-06-04 09:00:00+00:00,BTC,SELL,3.181997574161869,0.0031819975741618693,0.075,S6_REVERSAL
2026-06-04 09:00:00+00:00,ETH,BUY,14.330789297441697,0.014330789297441698,0.075,S6_REVERSAL
2026-06-04 09:00:00+00:00,SOL,SELL,8.197524996566244,0.008197524996566244,0.075,S6_REVERSAL
2026-06-04 10:00:00+00:00,BTC,BUY,31.344945105564875,0.031344945105564875,0.075,S6_REVERSAL
2026-06-04 10:00:00+00:00,ETH,BUY,19.431291787853297,0.019431291787853296,0.075,S6_REVERSAL
2026-06-04 10:00:00+00:00,SOL,BUY,28.774811013398903,0.028774811013398904,0.075,S6_REVERSAL
2026-06-04 11:00:00+00:00,BTC,BUY,68.450218445254,0.068450218445254,0.075,S6_REVERSAL
2026-06-04 11:00:00+00:00,ETH,SELL,6703.4946986439645,6.703494698643965,0.0,CASH
2026-06-04 11:00:00+00:00,SOL,BUY,74.29749937174984,0.07429749937174984,0.075,S6_REVERSAL
2026-06-04 12:00:00+00:00,BTC,SELL,7.1951815557913505,0.007195181555791351,0.075,S6_REVERSAL
2026-06-04 12:00:00+00:00,ETH,BUY,6801.99793176884,6.801997931768841,0.075,S6_REVERSAL
2026-06-04 12:00:00+00:00,SOL,SELL,73.55535584257814,0.07355535584257814,0.075,S6_REVERSAL
2026-06-04 13:00:00+00:00,BTC,SELL,104.93978856446302,0.10493978856446302,0.075,S6_REVERSAL
2026-06-04 13:00:00+00:00,ETH,SELL,75.70750754438268,0.07570750754438269,0.075,S6_REVERSAL
2026-06-04 13:00:00+00:00,SOL,SELL,113.77840253449085,0.11377840253449086,0.075,S6_REVERSAL
2026-06-04 14:00:00+00:00,BTC,SELL,41.89131155067207,0.04189131155067207,0.075,S6_REVERSAL
2026-06-04 14:00:00+00:00,ETH,SELL,20.55107805255284,0.02055107805255284,0.075,S6_REVERSAL
2026-06-04 14:00:00+00:00,SOL,SELL,17.60634758239121,0.01760634758239121,0.075,S6_REVERSAL
2026-06-04 15:00:00+00:00,BTC,BUY,18.95953430440386,0.01895953430440386,0.075,S6_REVERSAL
2026-06-04 15:00:00+00:00,ETH,BUY,32.84361456942679,0.03284361456942679,0.075,S6_REVERSAL
2026-06-04 15:00:00+00:00,SOL,BUY,50.34140498290617,0.05034140498290617,0.075,S6_REVERSAL
2026-06-04 16:00:00+00:00,BTC,BUY,6.081262467188935,0.006081262467188936,0.075,S6_REVERSAL
2026-06-04 16:00:00+00:00,ETH,SELL,10.859226226560168,0.010859226226560168,0.075,S6_REVERSAL
2026-06-04 16:00:00+00:00,SOL,BUY,11.121076424537023,0.011121076424537022,0.075,S6_REVERSAL
2026-06-04 17:00:00+00:00,BTC,BUY,29.791663741149023,0.029791663741149024,0.075,S6_REVERSAL
2026-06-04 17:00:00+00:00,ETH,BUY,12.80544256430494,0.01280544256430494,0.075,S6_REVERSAL
2026-06-04 17:00:00+00:00,SOL,BUY,16.797077444195565,0.016797077444195566,0.075,S6_REVERSAL
2026-06-04 18:00:00+00:00,ETH,BUY,13.37466282205878,0.013374662822058781,0.075,S6_REVERSAL
2026-06-04 18:00:00+00:00,SOL,BUY,13.16363916271439,0.01316363916271439,0.075,S6_REVERSAL
2026-06-04 19:00:00+00:00,BTC,SELL,23.656747972172525,0.023656747972172525,0.075,S6_REVERSAL
2026-06-04 19:00:00+00:00,ETH,SELL,25.274850875722223,0.025274850875722222,0.075,S6_REVERSAL
2026-06-04 19:00:00+00:00,SOL,SELL,17.243743232352244,0.017243743232352244,0.075,S6_REVERSAL
2026-06-04 20:00:00+00:00,BTC,BUY,16.057811614508864,0.016057811614508866,0.075,S6_REVERSAL
2026-06-04 20:00:00+00:00,ETH,SELL,6.823119621642036,0.006823119621642036,0.075,S6_REVERSAL
2026-06-04 20:00:00+00:00,SOL,BUY,34.99967412051956,0.03499967412051956,0.075,S6_REVERSAL
2026-06-04 21:00:00+00:00,BTC,SELL,3.564981824752067,0.003564981824752067,0.075,S6_REVERSAL
2026-06-04 21:00:00+00:00,ETH,BUY,5.309317907658624,0.005309317907658624,0.075,S6_REVERSAL
2026-06-04 21:00:00+00:00,SOL,BUY,25.04454522312517,0.02504454522312517,0.075,S6_REVERSAL
2026-06-04 22:00:00+00:00,BTC,BUY,23.3823383118297,0.0233823383118297,0.075,S6_REVERSAL
2026-06-04 22:00:00+00:00,ETH,BUY,38.16243081899029,0.03816243081899029,0.075,S6_REVERSAL
2026-06-04 22:00:00+00:00,SOL,BUY,86.7180597312572,0.08671805973125721,0.075,S6_REVERSAL
2026-06-04 23:00:00+00:00,BTC,SELL,37.30475147668494,0.037304751476684946,0.075,S6_REVERSAL
2026-06-04 23:00:00+00:00,ETH,SELL,18.13894652612362,0.01813894652612362,0.075,S6_REVERSAL
2026-06-04 23:00:00+00:00,SOL,SELL,58.263529841405216,0.05826352984140522,0.075,S6_REVERSAL
2026-06-05 00:00:00+00:00,BTC,SELL,11.406067054321284,0.011406067054321284,0.075,S6_REVERSAL
2026-06-05 00:00:00+00:00,ETH,SELL,3.0894430206253674,0.0030894430206253676,0.075,S6_REVERSAL
2026-06-05 00:00:00+00:00,SOL,SELL,34.11774012873593,0.03411774012873593,0.075,S6_REVERSAL
2026-06-05 01:00:00+00:00,BTC,BUY,37.83786196523761,0.037837861965237606,0.075,S6_REVERSAL
2026-06-05 01:00:00+00:00,ETH,BUY,32.44795594826792,0.032447955948267916,0.075,S6_REVERSAL
2026-06-05 01:00:00+00:00,SOL,BUY,45.255618242656055,0.04525561824265606,0.075,S6_REVERSAL
2026-06-05 02:00:00+00:00,BTC,BUY,5.037765221517475,0.005037765221517475,0.075,S6_REVERSAL
2026-06-05 02:00:00+00:00,ETH,BUY,23.015649379284696,0.023015649379284697,0.075,S6_REVERSAL
2026-06-05 02:00:00+00:00,SOL,SELL,22.480776948552375,0.022480776948552376,0.075,S6_REVERSAL
2026-06-05 03:00:00+00:00,BTC,BUY,59.61624393433431,0.05961624393433431,0.075,S6_REVERSAL
2026-06-05 03:00:00+00:00,ETH,BUY,67.99535800123067,0.06799535800123067,0.075,S6_REVERSAL
2026-06-05 03:00:00+00:00,SOL,SELL,6689.580732585363,6.689580732585363,0.0,CASH
2026-06-05 04:00:00+00:00,BTC,SELL,11.919838676842119,0.011919838676842119,0.075,S6_REVERSAL
2026-06-05 04:00:00+00:00,ETH,BUY,2.2878399681640076,0.0022878399681640076,0.075,S6_REVERSAL
2026-06-05 04:00:00+00:00,SOL,BUY,6786.365105030248,6.786365105030248,0.075,S6_REVERSAL
2026-06-05 05:00:00+00:00,BTC,SELL,78.2561354183481,0.0782561354183481,0.075,S6_REVERSAL
2026-06-05 05:00:00+00:00,ETH,SELL,41.026707648462434,0.04102670764846243,0.075,S6_REVERSAL
2026-06-05 05:00:00+00:00,SOL,SELL,68.45710507125204,0.06845710507125205,0.075,S6_REVERSAL
2026-06-05 06:00:00+00:00,BTC,BUY,96.66711933530951,0.09666711933530951,0.075,S6_REVERSAL
2026-06-05 06:00:00+00:00,ETH,SELL,6568.011015658476,6.568011015658477,0.0,CASH
2026-06-05 06:00:00+00:00,SOL,BUY,130.36314568660237,0.13036314568660237,0.075,S6_REVERSAL
2026-06-05 07:00:00+00:00,BTC,BUY,28.79741632850437,0.02879741632850437,0.075,S6_REVERSAL
2026-06-05 07:00:00+00:00,ETH,BUY,6750.278143432884,6.750278143432884,0.075,S6_REVERSAL
2026-06-05 07:00:00+00:00,SOL,SELL,6641.517755259393,6.641517755259393,0.0,CASH
2026-06-05 08:00:00+00:00,BTC,SELL,111.94252777137808,0.11194252777137809,0.075,S6_REVERSAL
2026-06-05 08:00:00+00:00,ETH,SELL,77.01351786168016,0.07701351786168016,0.075,S6_REVERSAL
2026-06-05 09:00:00+00:00,BTC,BUY,60.927206842994565,0.06092720684299457,0.075,S6_REVERSAL
2026-06-05 09:00:00+00:00,ETH,BUY,51.839878696365304,0.051839878696365305,0.075,S6_REVERSAL
2026-06-05 10:00:00+00:00,BTC,SELL,34.836953786218146,0.03483695378621815,0.075,S6_REVERSAL
2026-06-05 10:00:00+00:00,ETH,SELL,67.51496321038758,0.06751496321038758,0.075,S6_REVERSAL
2026-06-05 11:00:00+00:00,BTC,BUY,30.397655025534732,0.030397655025534733,0.075,S6_REVERSAL
2026-06-05 11:00:00+00:00,ETH,BUY,19.211913469956016,0.019211913469956016,0.075,S6_REVERSAL
2026-06-05 12:00:00+00:00,BTC,BUY,53.12084058627079,0.05312084058627079,0.075,S6_REVERSAL
2026-06-05 12:00:00+00:00,ETH,BUY,45.44322785492113,0.04544322785492114,0.075,S6_REVERSAL
2026-06-05 13:00:00+00:00,BTC,SELL,1.3484153243998662,0.0013484153243998663,0.075,S6_REVERSAL
2026-06-05 13:00:00+00:00,ETH,BUY,23.03973627869982,0.023039736278699822,0.075,S6_REVERSAL
2026-06-05 14:00:00+00:00,BTC,SELL,6616.103776574058,6.616103776574058,0.0,CASH
2026-06-05 14:00:00+00:00,ETH,SELL,6577.815384656416,6.577815384656416,0.0,CASH
2026-06-05 15:00:00+00:00,ETH,BUY,6725.891716751715,6.725891716751715,0.075,S6_REVERSAL
2026-06-05 16:00:00+00:00,ETH,BUY,68.16249460771178,0.06816249460771177,0.075,S6_REVERSAL
2026-06-05 17:00:00+00:00,ETH,SELL,98.89845360606432,0.09889845360606432,0.075,S6_REVERSAL
2026-06-05 18:00:00+00:00,ETH,BUY,54.932703617255356,0.05493270361725536,0.075,S6_REVERSAL
2026-06-05 19:00:00+00:00,BTC,BUY,6710.392646228021,6.710392646228021,0.075,S6_REVERSAL
2026-06-05 19:00:00+00:00,ETH,SELL,6550.382073089944,6.550382073089945,0.0,CASH
2026-06-05 20:00:00+00:00,BTC,SELL,95.49115784035166,0.09549115784035167,0.075,S6_REVERSAL
2026-06-05 21:00:00+00:00,BTC,SELL,135.99503144504888,0.13599503144504888,0.075,S6_REVERSAL
2026-06-05 22:00:00+00:00,BTC,SELL,5.097448592253386,0.005097448592253386,0.075,S6_REVERSAL
2026-06-05 23:00:00+00:00,BTC,BUY,8.66773440205543,0.00866773440205543,0.075,S6_REVERSAL
2026-06-06 00:00:00+00:00,BTC,BUY,53.35647290163524,0.05335647290163524,0.075,S6_REVERSAL
2026-06-06 01:00:00+00:00,BTC,SELL,22.08921651246692,0.022089216512466918,0.075,S6_REVERSAL
2026-06-06 02:00:00+00:00,BTC,BUY,21.759471106532146,0.021759471106532147,0.075,S6_REVERSAL
2026-06-06 03:00:00+00:00,BTC,BUY,10.929537902477023,0.010929537902477023,0.075,S6_REVERSAL
2026-06-06 04:00:00+00:00,BTC,BUY,26.99208608918525,0.02699208608918525,0.075,S6_REVERSAL
2026-06-06 05:00:00+00:00,BTC,BUY,60.000232278446674,0.060000232278446676,0.075,S6_REVERSAL
2026-06-06 06:00:00+00:00,BTC,SELL,86.93668457205058,0.08693668457205059,0.075,S6_REVERSAL
2026-06-06 07:00:00+00:00,BTC,BUY,15.851054518831916,0.015851054518831915,0.075,S6_REVERSAL
2026-06-06 08:00:00+00:00,BTC,SELL,22.2968215723904,0.0222968215723904,0.075,S6_REVERSAL
2026-06-06 09:00:00+00:00,BTC,SELL,26.40926973828391,0.026409269738283912,0.075,S6_REVERSAL
2026-06-06 10:00:00+00:00,BTC,BUY,28.709869392271685,0.028709869392271686,0.075,S6_REVERSAL
2026-06-06 11:00:00+00:00,BTC,BUY,39.58935920372187,0.03958935920372187,0.075,S6_REVERSAL
2026-06-06 12:00:00+00:00,BTC,SELL,21.534776697004418,0.021534776697004418,0.075,S6_REVERSAL
2026-06-06 13:00:00+00:00,BTC,SELL,23.287839816779524,0.023287839816779524,0.075,S6_REVERSAL
2026-06-06 14:00:00+00:00,BTC,BUY,23.37733016877064,0.02337733016877064,0.075,S6_REVERSAL
2026-06-06 15:00:00+00:00,BTC,BUY,1.0351260658717365,0.0010351260658717366,0.075,S6_REVERSAL
2026-06-06 17:00:00+00:00,BTC,BUY,1.744684361331565,0.001744684361331565,0.075,S6_REVERSAL
2026-06-06 18:00:00+00:00,BTC,BUY,20.23556567703963,0.02023556567703963,0.075,S6_REVERSAL
2026-06-06 19:00:00+00:00,BTC,SELL,6.261610424811806,0.006261610424811806,0.075,S6_REVERSAL
2026-06-06 20:00:00+00:00,BTC,BUY,3.812981680491248,0.003812981680491248,0.075,S6_REVERSAL
2026-06-06 21:00:00+00:00,BTC,SELL,11.456366489595894,0.011456366489595894,0.075,S6_REVERSAL
2026-06-06 22:00:00+00:00,BTC,SELL,4.048564594000709,0.004048564594000709,0.075,S6_REVERSAL
2026-06-06 23:00:00+00:00,BTC,BUY,21.254497455717683,0.021254497455717683,0.075,S6_REVERSAL
2026-06-07 00:00:00+00:00,BTC,SELL,35.01853564177054,0.03501853564177054,0.075,S6_REVERSAL
2026-06-07 01:00:00+00:00,BTC,BUY,10.477630734520972,0.010477630734520972,0.075,S6_REVERSAL
2026-06-07 02:00:00+00:00,BTC,SELL,71.37105149643321,0.07137105149643322,0.075,S6_REVERSAL
2026-06-07 03:00:00+00:00,BTC,SELL,2.7360655169768506,0.002736065516976851,0.075,S6_REVERSAL
2026-06-07 04:00:00+00:00,BTC,SELL,6748.517182083292,6.748517182083292,0.0,CASH
2026-06-08 04:00:00+00:00,BTC,BUY,13456.70042648958,13.456700426489581,0.15,S3_TREND
2026-06-08 05:00:00+00:00,BTC,BUY,78.70097425833046,0.07870097425833046,0.15,S3_TREND
2026-06-08 06:00:00+00:00,BTC,SELL,14.478938728752837,0.014478938728752838,0.15,S3_TREND
2026-06-08 07:00:00+00:00,BTC,SELL,40.89002433478527,0.040890024334785266,0.15,S3_TREND
2026-06-08 07:00:00+00:00,ETH,BUY,13450.191857395299,13.4501918573953,0.15,S3_TREND
2026-06-08 08:00:00+00:00,BTC,SELL,47.26608206638048,0.04726608206638048,0.15,S3_TREND
2026-06-08 08:00:00+00:00,ETH,SELL,40.03336326694989,0.040033363266949895,0.15,S3_TREND
2026-06-08 09:00:00+00:00,BTC,BUY,12.49275945705267,0.01249275945705267,0.15,S3_TREND
2026-06-08 09:00:00+00:00,ETH,BUY,79.2231329535498,0.0792231329535498,0.15,S3_TREND
2026-06-08 10:00:00+00:00,BTC,SELL,54.79898630769276,0.05479898630769276,0.15,S3_TREND
2026-06-08 10:00:00+00:00,ETH,SELL,56.473056016666305,0.05647305601666631,0.15,S3_TREND
2026-06-08 10:00:00+00:00,SOL,BUY,13470.160178401215,13.470160178401215,0.15,S3_TREND
2026-06-08 11:00:00+00:00,BTC,BUY,54.083794206791936,0.054083794206791935,0.15,S3_TREND
2026-06-08 11:00:00+00:00,ETH,SELL,26.16836137736209,0.02616836137736209,0.15,S3_TREND
2026-06-08 11:00:00+00:00,SOL,BUY,16.62222724752064,0.016622227247520643,0.15,S3_TREND
2026-06-08 12:00:00+00:00,BTC,SELL,27.26114708950263,0.02726114708950263,0.15,S3_TREND
2026-06-08 12:00:00+00:00,ETH,SELL,53.522384055146176,0.05352238405514618,0.15,S3_TREND
2026-06-08 12:00:00+00:00,SOL,SELL,59.347922860652034,0.05934792286065203,0.15,S3_TREND
2026-06-08 13:00:00+00:00,BTC,SELL,39.39322505098062,0.03939322505098062,0.15,S3_TREND
2026-06-08 13:00:00+00:00,ETH,SELL,50.790391587761405,0.050790391587761406,0.15,S3_TREND
2026-06-08 13:00:00+00:00,SOL,SELL,71.3139469624839,0.0713139469624839,0.15,S3_TREND
2026-06-08 14:00:00+00:00,BTC,SELL,10.755431437552033,0.010755431437552034,0.15,S3_TREND
2026-06-08 14:00:00+00:00,ETH,BUY,76.93057454821428,0.07693057454821428,0.15,S3_TREND
2026-06-08 14:00:00+00:00,SOL,BUY,61.68742979349736,0.06168742979349736,0.15,S3_TREND
2026-06-08 15:00:00+00:00,BTC,SELL,10.32914355272078,0.01032914355272078,0.15,S3_TREND
2026-06-08 15:00:00+00:00,ETH,SELL,44.17157752911953,0.04417157752911953,0.15,S3_TREND
2026-06-08 15:00:00+00:00,SOL,SELL,67.78120616448541,0.06778120616448541,0.15,S3_TREND
2026-06-08 16:00:00+00:00,BTC,BUY,31.785898385309338,0.03178589838530934,0.15,S3_TREND
2026-06-08 16:00:00+00:00,ETH,SELL,11.132682662748266,0.011132682662748266,0.15,S3_TREND
2026-06-08 16:00:00+00:00,SOL,BUY,9.773892803783383,0.009773892803783383,0.15,S3_TREND
2026-06-08 17:00:00+00:00,BTC,BUY,25.795199860902358,0.025795199860902358,0.15,S3_TREND
2026-06-08 17:00:00+00:00,ETH,BUY,45.454979884998465,0.04545497988499846,0.15,S3_TREND
2026-06-08 17:00:00+00:00,SOL,BUY,22.68367100391515,0.022683671003915152,0.15,S3_TREND
2026-06-08 18:00:00+00:00,BTC,BUY,14.6914684145504,0.0146914684145504,0.15,S3_TREND
2026-06-08 18:00:00+00:00,ETH,SELL,14.463751714127284,0.014463751714127284,0.15,S3_TREND
2026-06-08 18:00:00+00:00,SOL,SELL,68.20018330548191,0.06820018330548192,0.15,S3_TREND
2026-06-08 19:00:00+00:00,BTC,BUY,14.003113711802143,0.014003113711802144,0.15,S3_TREND
2026-06-08 19:00:00+00:00,ETH,BUY,13.14297072734007,0.01314297072734007,0.15,S3_TREND
2026-06-08 19:00:00+00:00,SOL,SELL,13.720355370591278,0.013720355370591278,0.15,S3_TREND
2026-06-08 20:00:00+00:00,BTC,BUY,18.143858268091208,0.018143858268091208,0.15,S3_TREND
2026-06-08 20:00:00+00:00,ETH,SELL,2.6103884611366084,0.0026103884611366084,0.15,S3_TREND
2026-06-08 20:00:00+00:00,SOL,SELL,8.062046800694588,0.008062046800694589,0.15,S3_TREND
2026-06-08 21:00:00+00:00,BTC,SELL,14.040893433662859,0.01404089343366286,0.15,S3_TREND
2026-06-08 21:00:00+00:00,ETH,SELL,29.38574210722436,0.02938574210722436,0.15,S3_TREND
2026-06-08 21:00:00+00:00,SOL,BUY,6.151617998339134,0.006151617998339134,0.15,S3_TREND
2026-06-08 22:00:00+00:00,BTC,SELL,27.524857795979187,0.02752485779597919,0.15,S3_TREND
2026-06-08 22:00:00+00:00,ETH,SELL,86.11069904663418,0.08611069904663418,0.15,S3_TREND
2026-06-08 22:00:00+00:00,SOL,BUY,24.339852554801837,0.02433985255480184,0.15,S3_TREND
2026-06-08 23:00:00+00:00,BTC,BUY,43.40469292263697,0.04340469292263697,0.15,S3_TREND
2026-06-08 23:00:00+00:00,ETH,SELL,15.639696271588038,0.01563969627158804,0.15,S3_TREND
2026-06-08 23:00:00+00:00,SOL,BUY,38.191006528890284,0.038191006528890285,0.15,S3_TREND
2026-06-09 00:00:00+00:00,BTC,BUY,37.51451424817242,0.03751451424817242,0.15,S3_TREND
2026-06-09 00:00:00+00:00,ETH,BUY,63.14131482411176,0.06314131482411175,0.15,S3_TREND
2026-06-09 00:00:00+00:00,SOL,BUY,38.52503284691011,0.038525032846910105,0.15,S3_TREND
2026-06-09 01:00:00+00:00,BTC,BUY,19.943438010363025,0.019943438010363024,0.15,S3_TREND
2026-06-09 01:00:00+00:00,ETH,BUY,125.12610811402192,0.12512610811402192,0.15,S3_TREND
2026-06-09 01:00:00+00:00,SOL,BUY,192.5807761950964,0.19258077619509642,0.15,S3_TREND
2026-06-09 02:00:00+00:00,BTC,SELL,12.055046547799066,0.012055046547799066,0.15,S3_TREND
2026-06-09 02:00:00+00:00,ETH,SELL,15.113870980903812,0.015113870980903813,0.15,S3_TREND
2026-06-09 02:00:00+00:00,SOL,SELL,87.60933899232441,0.08760933899232441,0.15,S3_TREND
2026-06-09 03:00:00+00:00,BTC,SELL,22.433864618014923,0.022433864618014922,0.15,S3_TREND
2026-06-09 03:00:00+00:00,ETH,BUY,8.913272846850305,0.008913272846850305,0.15,S3_TREND
2026-06-09 03:00:00+00:00,SOL,BUY,14.067108474397173,0.014067108474397174,0.15,S3_TREND
2026-06-09 04:00:00+00:00,BTC,BUY,3.3224891510180896,0.0033224891510180896,0.15,S3_TREND
2026-06-09 04:00:00+00:00,ETH,SELL,7.703809766449923,0.007703809766449923,0.15,S3_TREND
2026-06-09 04:00:00+00:00,SOL,SELL,13.478811306547868,0.013478811306547869,0.15,S3_TREND
2026-06-09 05:00:00+00:00,BTC,SELL,15.43452455662009,0.01543452455662009,0.15,S3_TREND
2026-06-09 05:00:00+00:00,ETH,SELL,73.14616645608476,0.07314616645608475,0.15,S3_TREND
2026-06-09 05:00:00+00:00,SOL,SELL,142.55067057499946,0.14255067057499946,0.15,S3_TREND
2026-06-09 06:00:00+00:00,BTC,SELL,10.106440348354226,0.010106440348354227,0.15,S3_TREND
2026-06-09 06:00:00+00:00,ETH,SELL,4.674029730975235,0.004674029730975235,0.15,S3_TREND
2026-06-09 06:00:00+00:00,SOL,SELL,23.78589208383528,0.02378589208383528,0.15,S3_TREND
2026-06-09 07:00:00+00:00,ETH,BUY,10.207579760590306,0.010207579760590306,0.15,S3_TREND
2026-06-09 07:00:00+00:00,SOL,BUY,18.261202498246348,0.018261202498246348,0.15,S3_TREND
2026-06-09 08:00:00+00:00,BTC,BUY,6.58773424823994,0.00658773424823994,0.15,S3_TREND
2026-06-09 08:00:00+00:00,ETH,BUY,33.64061610769022,0.03364061610769022,0.15,S3_TREND
2026-06-09 08:00:00+00:00,SOL,BUY,16.76469268285655,0.01676469268285655,0.15,S3_TREND
2026-06-09 09:00:00+00:00,BTC,BUY,48.651633767387466,0.048651633767387466,0.15,S3_TREND
2026-06-09 09:00:00+00:00,ETH,BUY,11.012334644750808,0.011012334644750809,0.15,S3_TREND
2026-06-09 09:00:00+00:00,SOL,BUY,34.71941660623634,0.034719416606236335,0.15,S3_TREND
2026-06-09 10:00:00+00:00,BTC,BUY,6.075546947920884,0.006075546947920884,0.15,S3_TREND
2026-06-09 10:00:00+00:00,ETH,BUY,14.898113366880352,0.014898113366880352,0.15,S3_TREND
2026-06-09 10:00:00+00:00,SOL,BUY,62.180924037813384,0.06218092403781338,0.15,S3_TREND
2026-06-09 11:00:00+00:00,ETH,SELL,18.906059156481206,0.018906059156481206,0.15,S3_TREND
2026-06-09 11:00:00+00:00,SOL,SELL,32.46721771812372,0.03246721771812372,0.15,S3_TREND
2026-06-09 12:00:00+00:00,ETH,BUY,7.314389602692245,0.007314389602692245,0.15,S3_TREND
2026-06-09 12:00:00+00:00,SOL,BUY,45.91265511711572,0.04591265511711572,0.15,S3_TREND
2026-06-09 13:00:00+00:00,BTC,BUY,21.606888500846253,0.021606888500846255,0.15,S3_TREND
2026-06-09 13:00:00+00:00,ETH,SELL,32.52098781134191,0.03252098781134191,0.15,S3_TREND
2026-06-09 13:00:00+00:00,SOL,SELL,15.177496148731734,0.015177496148731734,0.15,S3_TREND
2026-06-09 14:00:00+00:00,BTC,BUY,44.54373291146658,0.04454373291146658,0.15,S3_TREND
2026-06-09 14:00:00+00:00,ETH,BUY,46.50848854067226,0.046508488540672265,0.15,S3_TREND
2026-06-09 14:00:00+00:00,SOL,BUY,37.90062360856973,0.03790062360856973,0.15,S3_TREND
2026-06-09 15:00:00+00:00,BTC,BUY,84.96091543109287,0.08496091543109287,0.15,S3_TREND
2026-06-09 15:00:00+00:00,ETH,BUY,94.83530755171705,0.09483530755171705,0.15,S3_TREND
2026-06-09 15:00:00+00:00,SOL,BUY,86.22172864329877,0.08622172864329877,0.15,S3_TREND
2026-06-09 16:00:00+00:00,BTC,BUY,40.89973246554109,0.04089973246554109,0.15,S3_TREND
2026-06-09 16:00:00+00:00,ETH,BUY,29.005900292941078,0.02900590029294108,0.15,S3_TREND
2026-06-09 16:00:00+00:00,SOL,BUY,105.72194065656367,0.10572194065656368,0.15,S3_TREND
2026-06-09 17:00:00+00:00,BTC,SELL,58.414234324303834,0.058414234324303836,0.15,S3_TREND
2026-06-09 17:00:00+00:00,ETH,BUY,31.26841590715594,0.03126841590715594,0.15,S3_TREND
2026-06-09 17:00:00+00:00,SOL,BUY,34.99384827001995,0.03499384827001995,0.15,S3_TREND
2026-06-09 18:00:00+00:00,BTC,SELL,22.163593318795392,0.02216359331879539,0.15,S3_TREND
2026-06-09 18:00:00+00:00,ETH,SELL,44.41410414834172,0.044414104148341724,0.15,S3_TREND
2026-06-09 18:00:00+00:00,SOL,SELL,91.53554553799222,0.09153554553799222,0.15,S3_TREND
2026-06-09 19:00:00+00:00,BTC,BUY,7.97588537124102,0.00797588537124102,0.15,S3_TREND
2026-06-09 19:00:00+00:00,ETH,SELL,45.38110838106877,0.04538110838106877,0.15,S3_TREND
2026-06-09 19:00:00+00:00,SOL,SELL,71.21306874638685,0.07121306874638686,0.15,S3_TREND
2026-06-09 20:00:00+00:00,BTC,SELL,46.14028293184492,0.046140282931844925,0.15,S3_TREND
2026-06-09 20:00:00+00:00,ETH,SELL,20.877156894201107,0.020877156894201106,0.15,S3_TREND
2026-06-09 20:00:00+00:00,SOL,SELL,6.565214621128689,0.006565214621128689,0.15,S3_TREND
2026-06-09 21:00:00+00:00,ETH,SELL,13.937772484483503,0.013937772484483503,0.15,S3_TREND
2026-06-09 21:00:00+00:00,SOL,SELL,30.567967239849168,0.03056796723984917,0.15,S3_TREND
2026-06-09 22:00:00+00:00,BTC,BUY,40.97240178054744,0.040972401780547445,0.15,S3_TREND
2026-06-09 22:00:00+00:00,ETH,BUY,38.832459604022006,0.038832459604022006,0.15,S3_TREND
2026-06-09 22:00:00+00:00,SOL,BUY,80.47936239626142,0.08047936239626143,0.15,S3_TREND
2026-06-09 23:00:00+00:00,BTC,SELL,8.505393294524765,0.008505393294524766,0.15,S3_TREND
2026-06-09 23:00:00+00:00,ETH,BUY,65.43306001606106,0.06543306001606107,0.15,S3_TREND
2026-06-09 23:00:00+00:00,SOL,BUY,8.73487251772167,0.008734872517721669,0.15,S3_TREND
2026-06-10 00:00:00+00:00,ETH,BUY,6.242708085141203,0.006242708085141203,0.15,S3_TREND
2026-06-10 00:00:00+00:00,SOL,SELL,14.173103314637046,0.014173103314637047,0.15,S3_TREND
2026-06-10 01:00:00+00:00,BTC,SELL,21.840067607297897,0.021840067607297897,0.15,S3_TREND
2026-06-10 01:00:00+00:00,ETH,SELL,30.34182284022791,0.03034182284022791,0.15,S3_TREND
2026-06-10 01:00:00+00:00,SOL,SELL,22.774334251394976,0.022774334251394975,0.15,S3_TREND
2026-06-10 02:00:00+00:00,BTC,BUY,27.63857877015471,0.027638578770154708,0.15,S3_TREND
2026-06-10 02:00:00+00:00,ETH,BUY,37.38307583656933,0.037383075836569336,0.15,S3_TREND
2026-06-10 02:00:00+00:00,SOL,SELL,1.073099811861539,0.001073099811861539,0.15,S3_TREND
2026-06-10 03:00:00+00:00,BTC,BUY,33.28015907104054,0.033280159071040545,0.15,S3_TREND
2026-06-10 03:00:00+00:00,ETH,BUY,64.5868371452143,0.06458683714521431,0.15,S3_TREND
2026-06-10 03:00:00+00:00,SOL,BUY,106.15632351177737,0.10615632351177738,0.15,S3_TREND
2026-06-10 04:00:00+00:00,BTC,SELL,30.9478982736855,0.0309478982736855,0.15,S3_TREND
2026-06-10 04:00:00+00:00,ETH,SELL,31.426713504815783,0.03142671350481578,0.15,S3_TREND
2026-06-10 04:00:00+00:00,SOL,SELL,20.747332796412593,0.020747332796412592,0.15,S3_TREND
2026-06-10 05:00:00+00:00,BTC,BUY,33.5577662616779,0.0335577662616779,0.15,S3_TREND
2026-06-10 05:00:00+00:00,ETH,BUY,18.138652379049745,0.018138652379049745,0.15,S3_TREND
2026-06-10 05:00:00+00:00,SOL,BUY,26.160598614085757,0.026160598614085758,0.15,S3_TREND
2026-06-10 06:00:00+00:00,BTC,SELL,14.508448057084024,0.014508448057084025,0.15,S3_TREND
2026-06-10 06:00:00+00:00,ETH,SELL,16.805511100365038,0.016805511100365038,0.15,S3_TREND
2026-06-10 06:00:00+00:00,SOL,BUY,32.66197212877705,0.03266197212877705,0.15,S3_TREND
2026-06-10 07:00:00+00:00,BTC,SELL,13.08427410357399,0.01308427410357399,0.15,S3_TREND
2026-06-10 07:00:00+00:00,ETH,SELL,22.186911649781905,0.022186911649781905,0.15,S3_TREND
2026-06-10 07:00:00+00:00,SOL,SELL,5.471872425161564,0.005471872425161564,0.15,S3_TREND
2026-06-10 08:00:00+00:00,BTC,SELL,20.656675451962656,0.020656675451962658,0.15,S3_TREND
2026-06-10 08:00:00+00:00,ETH,SELL,39.554627488232654,0.03955462748823266,0.15,S3_TREND
2026-06-10 08:00:00+00:00,SOL,SELL,34.270886150115984,0.03427088615011598,0.15,S3_TREND
2026-06-10 09:00:00+00:00,BTC,BUY,28.064859729962336,0.028064859729962338,0.15,S3_TREND
2026-06-10 09:00:00+00:00,ETH,BUY,88.34241130477858,0.08834241130477859,0.15,S3_TREND
2026-06-10 09:00:00+00:00,SOL,BUY,117.78805817116518,0.11778805817116518,0.15,S3_TREND
2026-06-10 10:00:00+00:00,BTC,SELL,6639.3726218446445,6.639372621844645,0.075,S6_REVERSAL
2026-06-10 10:00:00+00:00,ETH,SELL,13.147705443012455,0.013147705443012456,0.15,S3_TREND
2026-06-10 10:00:00+00:00,SOL,BUY,1.6495819575848145,0.0016495819575848146,0.15,S3_TREND
2026-06-10 11:00:00+00:00,BTC,SELL,2.1941810855614676,0.0021941810855614675,0.075,S6_REVERSAL
2026-06-10 11:00:00+00:00,ETH,SELL,30.56976985774782,0.03056976985774782,0.15,S3_TREND
2026-06-10 11:00:00+00:00,SOL,SELL,1.6670713045314187,0.0016670713045314187,0.15,S3_TREND
2026-06-10 12:00:00+00:00,BTC,BUY,27.37852794124774,0.02737852794124774,0.075,S6_REVERSAL
2026-06-10 12:00:00+00:00,ETH,BUY,45.24194309765335,0.04524194309765335,0.15,S3_TREND
2026-06-10 12:00:00+00:00,SOL,BUY,16.176558630939326,0.016176558630939326,0.15,S3_TREND
2026-06-10 13:00:00+00:00,BTC,SELL,34.08943539268512,0.03408943539268512,0.075,S6_REVERSAL
2026-06-10 13:00:00+00:00,ETH,SELL,78.58547521760192,0.07858547521760192,0.15,S3_TREND
2026-06-10 13:00:00+00:00,SOL,SELL,82.49237266506134,0.08249237266506133,0.15,S3_TREND
2026-06-10 14:00:00+00:00,BTC,SELL,33.236139107301824,0.033236139107301825,0.075,S6_REVERSAL
2026-06-10 14:00:00+00:00,ETH,SELL,74.17822122802681,0.07417822122802682,0.15,S6_S8_REVERSAL
2026-06-10 14:00:00+00:00,SOL,SELL,6814.750449194839,6.81475044919484,0.075,S6_REVERSAL
2026-06-10 15:00:00+00:00,BTC,SELL,8.611370853890548,0.008611370853890549,0.075,S6_REVERSAL
2026-06-10 15:00:00+00:00,ETH,BUY,34.641888549160285,0.03464188854916028,0.15,S6_S8_REVERSAL
2026-06-10 15:00:00+00:00,SOL,SELL,2.2625621859069724,0.0022625621859069726,0.075,S6_REVERSAL
2026-06-10 16:00:00+00:00,BTC,SELL,34.295337832690166,0.03429533783269017,0.075,S6_REVERSAL
2026-06-10 16:00:00+00:00,ETH,SELL,64.738823621763,0.064738823621763,0.15,S6_S8_REVERSAL
2026-06-10 16:00:00+00:00,SOL,SELL,24.685895620490555,0.024685895620490554,0.075,S6_REVERSAL
2026-06-10 17:00:00+00:00,BTC,BUY,25.48911097670043,0.02548911097670043,0.075,S6_REVERSAL
2026-06-10 17:00:00+00:00,ETH,BUY,90.29664923714154,0.09029664923714154,0.15,S6_S8_REVERSAL
2026-06-10 17:00:00+00:00,SOL,BUY,64.44318850495165,0.06444318850495165,0.075,S6_REVERSAL
2026-06-10 18:00:00+00:00,BTC,BUY,14.3972503538198,0.0143972503538198,0.075,S6_REVERSAL
2026-06-10 18:00:00+00:00,ETH,BUY,53.880860030214535,0.053880860030214535,0.15,S6_S8_REVERSAL
2026-06-10 18:00:00+00:00,SOL,BUY,46.48151961230451,0.04648151961230451,0.075,S6_REVERSAL
2026-06-10 19:00:00+00:00,BTC,BUY,6.367192520080607,0.006367192520080608,0.075,S6_REVERSAL
2026-06-10 19:00:00+00:00,ETH,BUY,3.539207026935401,0.003539207026935401,0.15,S6_S8_REVERSAL
2026-06-10 19:00:00+00:00,SOL,BUY,18.733420663576908,0.01873342066357691,0.075,S6_REVERSAL
2026-06-10 20:00:00+00:00,BTC,SELL,8.799215037653994,0.008799215037653994,0.075,S6_REVERSAL
2026-06-10 20:00:00+00:00,ETH,BUY,3.3875831457298773,0.0033875831457298774,0.15,S6_S8_REVERSAL
2026-06-10 20:00:00+00:00,SOL,BUY,26.866094490463183,0.026866094490463184,0.075,S6_REVERSAL
2026-06-10 21:00:00+00:00,BTC,BUY,12.00991735714706,0.01200991735714706,0.075,S6_REVERSAL
2026-06-10 21:00:00+00:00,ETH,SELL,9.37303519021043,0.00937303519021043,0.15,S6_S8_REVERSAL
2026-06-10 21:00:00+00:00,SOL,BUY,22.41423206757281,0.02241423206757281,0.075,S6_REVERSAL
2026-06-10 22:00:00+00:00,BTC,BUY,27.286169867965327,0.027286169867965327,0.075,S6_REVERSAL
2026-06-10 22:00:00+00:00,ETH,BUY,114.3596975286946,0.1143596975286946,0.15,S6_S8_REVERSAL
2026-06-10 22:00:00+00:00,SOL,SELL,6569.718791740612,6.569718791740612,0.0,CASH
2026-06-10 23:00:00+00:00,ETH,SELL,36.02779852799358,0.036027798527993586,0.15,S6_S8_REVERSAL
2026-06-11 00:00:00+00:00,BTC,SELL,9.716299077405893,0.009716299077405894,0.075,S6_REVERSAL
2026-06-11 00:00:00+00:00,ETH,SELL,33.31185769349577,0.03331185769349577,0.15,S6_S8_REVERSAL
2026-06-11 01:00:00+00:00,BTC,SELL,25.707915704586412,0.02570791570458641,0.075,S6_REVERSAL
2026-06-11 01:00:00+00:00,ETH,SELL,44.01041011660527,0.044010410116605274,0.15,S6_S8_REVERSAL
2026-06-11 02:00:00+00:00,BTC,SELL,30.463056098315974,0.030463056098315976,0.075,S6_REVERSAL
2026-06-11 02:00:00+00:00,ETH,SELL,92.0537521820479,0.09205375218204791,0.15,S6_S8_REVERSAL
2026-06-11 03:00:00+00:00,BTC,BUY,4.651326375681492,0.004651326375681492,0.075,S6_REVERSAL
2026-06-11 03:00:00+00:00,ETH,BUY,11.23141834798298,0.011231418347982981,0.15,S6_S8_REVERSAL
2026-06-11 04:00:00+00:00,BTC,SELL,45.75282998086459,0.04575282998086459,0.075,S6_REVERSAL
2026-06-11 04:00:00+00:00,ETH,SELL,80.0195110876175,0.0800195110876175,0.15,S6_S8_REVERSAL
2026-06-11 05:00:00+00:00,BTC,SELL,1.9010657465360055,0.0019010657465360055,0.075,S6_REVERSAL
2026-06-11 05:00:00+00:00,ETH,SELL,19.618708950143628,0.01961870895014363,0.15,S6_S8_REVERSAL
2026-06-11 06:00:00+00:00,BTC,BUY,6.0924992770324025,0.006092499277032403,0.075,S6_REVERSAL
2026-06-11 06:00:00+00:00,ETH,BUY,59.179569691306824,0.059179569691306826,0.15,S6_S8_REVERSAL
2026-06-11 07:00:00+00:00,BTC,SELL,11.786651763798545,0.011786651763798546,0.075,S6_REVERSAL
2026-06-11 07:00:00+00:00,ETH,SELL,44.46116562894713,0.04446116562894713,0.15,S6_S8_REVERSAL
2026-06-11 08:00:00+00:00,BTC,BUY,4.913662352259053,0.004913662352259053,0.075,S6_REVERSAL
2026-06-11 08:00:00+00:00,ETH,BUY,1.9597867852680793,0.001959786785268079,0.15,S6_S8_REVERSAL
2026-06-11 09:00:00+00:00,BTC,SELL,20.077115210598095,0.020077115210598094,0.075,S6_REVERSAL
2026-06-11 09:00:00+00:00,ETH,SELL,34.32418750511897,0.034324187505118973,0.15,S6_S8_REVERSAL
2026-06-11 10:00:00+00:00,BTC,BUY,2.3817710616895056,0.0023817710616895055,0.075,S6_REVERSAL
2026-06-11 10:00:00+00:00,ETH,BUY,6.334267104162791,0.0063342671041627914,0.15,S6_S8_REVERSAL
2026-06-11 11:00:00+00:00,BTC,SELL,6688.757975266597,6.688757975266597,0.0,CASH
2026-06-11 11:00:00+00:00,ETH,BUY,4.321849430729344,0.004321849430729344,0.15,S6_S8_REVERSAL
2026-06-11 12:00:00+00:00,ETH,SELL,13398.385018411467,13.398385018411467,0.0,CASH
2026-06-12 02:00:00+00:00,BTC,BUY,13340.779897079243,13.340779897079242,0.15,S3_TREND
2026-06-12 03:00:00+00:00,BTC,SELL,37.375541908750165,0.037375541908750164,0.15,S3_TREND
2026-06-12 04:00:00+00:00,BTC,BUY,17.691042032582118,0.017691042032582118,0.15,S3_TREND
2026-06-12 05:00:00+00:00,BTC,SELL,31.278013109033054,0.031278013109033054,0.15,S3_TREND
2026-06-12 06:00:00+00:00,BTC,BUY,60.87164780337116,0.06087164780337116,0.15,S3_TREND
2026-06-12 07:00:00+00:00,BTC,BUY,67.57678572118675,0.06757678572118675,0.15,S3_TREND
2026-06-12 07:00:00+00:00,ETH,BUY,13324.725676488426,13.324725676488427,0.15,S3_TREND
2026-06-12 08:00:00+00:00,BTC,SELL,17.897586503480852,0.01789758650348085,0.15,S3_TREND
2026-06-12 08:00:00+00:00,ETH,SELL,30.787088642871822,0.030787088642871822,0.15,S3_TREND
2026-06-12 08:00:00+00:00,SOL,BUY,13332.288327777886,13.332288327777885,0.15,S3_TREND
2026-06-12 09:00:00+00:00,BTC,SELL,36.637203775948365,0.03663720377594837,0.15,S3_TREND
2026-06-12 09:00:00+00:00,ETH,SELL,49.98195032816329,0.04998195032816329,0.15,S3_TREND
2026-06-12 09:00:00+00:00,SOL,SELL,79.07723855273616,0.07907723855273617,0.15,S3_TREND
2026-06-12 10:00:00+00:00,BTC,SELL,34.81162677638167,0.03481162677638167,0.15,S3_TREND
2026-06-12 10:00:00+00:00,ETH,SELL,28.349498151967055,0.028349498151967054,0.15,S3_TREND
2026-06-12 10:00:00+00:00,SOL,SELL,27.327073277205276,0.027327073277205276,0.15,S3_TREND
2026-06-12 11:00:00+00:00,BTC,SELL,8.936342752431301,0.008936342752431301,0.15,S3_TREND
2026-06-12 11:00:00+00:00,ETH,BUY,22.706871398595467,0.02270687139859547,0.15,S3_TREND
2026-06-12 11:00:00+00:00,SOL,BUY,58.14427546407387,0.05814427546407387,0.15,S3_TREND
2026-06-12 12:00:00+00:00,BTC,SELL,8.694850480220339,0.00869485048022034,0.15,S3_TREND
2026-06-12 12:00:00+00:00,ETH,BUY,12.494989541510222,0.012494989541510222,0.15,S3_TREND
2026-06-12 12:00:00+00:00,SOL,SELL,21.29397430870995,0.02129397430870995,0.15,S3_TREND
2026-06-12 13:00:00+00:00,BTC,BUY,40.3109382065486,0.0403109382065486,0.15,S3_TREND
2026-06-12 13:00:00+00:00,ETH,BUY,35.84968955314616,0.035849689553146165,0.15,S3_TREND
2026-06-12 13:00:00+00:00,SOL,BUY,7.2414349392092845,0.007241434939209285,0.15,S3_TREND
2026-06-12 14:00:00+00:00,BTC,BUY,30.329621663879152,0.030329621663879154,0.15,S3_TREND
2026-06-12 14:00:00+00:00,ETH,BUY,52.310879800736075,0.05231087980073608,0.15,S3_TREND
2026-06-12 14:00:00+00:00,SOL,SELL,11.437629384117827,0.011437629384117827,0.15,S3_TREND
2026-06-12 15:00:00+00:00,BTC,SELL,68.42152964514753,0.06842152964514753,0.15,S3_TREND
2026-06-12 15:00:00+00:00,ETH,SELL,131.52679339967835,0.13152679339967835,0.15,S3_TREND
2026-06-12 15:00:00+00:00,SOL,SELL,145.68012429606824,0.14568012429606825,0.15,S3_TREND
2026-06-12 16:00:00+00:00,BTC,BUY,22.11991403923821,0.02211991403923821,0.15,S3_TREND
2026-06-12 16:00:00+00:00,ETH,BUY,140.49186035078492,0.14049186035078493,0.15,S3_TREND
2026-06-12 16:00:00+00:00,SOL,BUY,69.20079988295402,0.06920079988295402,0.15,S3_TREND
2026-06-12 17:00:00+00:00,BTC,SELL,31.47867126966048,0.03147867126966048,0.15,S3_TREND
2026-06-12 17:00:00+00:00,ETH,SELL,52.931655207226875,0.052931655207226876,0.15,S3_TREND
2026-06-12 17:00:00+00:00,SOL,SELL,100.68266524023966,0.10068266524023967,0.15,S3_TREND
2026-06-12 18:00:00+00:00,BTC,SELL,2.4095914037443436,0.0024095914037443435,0.15,S3_TREND
2026-06-12 18:00:00+00:00,ETH,BUY,5.6949322638283775,0.005694932263828377,0.15,S3_TREND
2026-06-12 18:00:00+00:00,SOL,BUY,95.38654599399888,0.09538654599399889,0.15,S3_TREND
2026-06-12 19:00:00+00:00,BTC,BUY,18.327879785469122,0.018327879785469122,0.15,S3_TREND
2026-06-12 19:00:00+00:00,ETH,SELL,1.738156023346164,0.001738156023346164,0.15,S3_TREND
2026-06-12 19:00:00+00:00,SOL,BUY,47.95591135086397,0.047955911350863974,0.15,S3_TREND
2026-06-12 20:00:00+00:00,BTC,BUY,9.178233595528582,0.009178233595528582,0.15,S3_TREND
2026-06-12 20:00:00+00:00,ETH,SELL,5.274588132777353,0.0052745881327773535,0.15,S3_TREND
2026-06-12 20:00:00+00:00,SOL,BUY,43.03122538342723,0.04303122538342723,0.15,S3_TREND
2026-06-12 21:00:00+00:00,BTC,BUY,20.858205724372965,0.020858205724372966,0.15,S3_TREND
2026-06-12 21:00:00+00:00,SOL,BUY,11.386956662676312,0.011386956662676312,0.15,S3_TREND
2026-06-12 22:00:00+00:00,BTC,SELL,8.624337629900765,0.008624337629900765,0.15,S3_TREND
2026-06-12 22:00:00+00:00,ETH,BUY,1.5488454092228494,0.0015488454092228495,0.15,S3_TREND
2026-06-12 22:00:00+00:00,SOL,BUY,20.246791227182257,0.020246791227182256,0.15,S3_TREND
2026-06-12 23:00:00+00:00,BTC,SELL,5.166384564272448,0.005166384564272449,0.15,S3_TREND
2026-06-12 23:00:00+00:00,ETH,BUY,13.824405090534128,0.013824405090534128,0.15,S3_TREND
2026-06-12 23:00:00+00:00,SOL,SELL,12.893936937884064,0.012893936937884064,0.15,S3_TREND
2026-06-13 00:00:00+00:00,BTC,SELL,3.6337362220147043,0.003633736222014704,0.15,S3_TREND
2026-06-13 00:00:00+00:00,ETH,SELL,17.913183085900528,0.01791318308590053,0.15,S3_TREND
2026-06-13 00:00:00+00:00,SOL,SELL,25.305098816277678,0.02530509881627768,0.15,S3_TREND
2026-06-13 01:00:00+00:00,BTC,BUY,2.7808299414500652,0.0027808299414500653,0.15,S3_TREND
2026-06-13 01:00:00+00:00,ETH,SELL,1.4346806720168388,0.001434680672016839,0.15,S3_TREND
2026-06-13 01:00:00+00:00,SOL,SELL,27.01439084100275,0.027014390841002753,0.15,S3_TREND
2026-06-13 02:00:00+00:00,BTC,SELL,21.454766787210247,0.02145476678721025,0.15,S3_TREND
2026-06-13 02:00:00+00:00,ETH,SELL,24.04941604277701,0.02404941604277701,0.15,S3_TREND
2026-06-13 02:00:00+00:00,SOL,SELL,59.2634147226654,0.0592634147226654,0.15,S3_TREND
2026-06-13 03:00:00+00:00,BTC,BUY,13.007976313607287,0.013007976313607287,0.15,S3_TREND
2026-06-13 03:00:00+00:00,ETH,BUY,20.76234968151948,0.020762349681519483,0.15,S3_TREND
2026-06-13 03:00:00+00:00,SOL,BUY,66.1292225811776,0.06612922258117761,0.15,S3_TREND
2026-06-13 04:00:00+00:00,BTC,BUY,14.010669005409,0.014010669005409,0.15,S3_TREND
2026-06-13 04:00:00+00:00,ETH,BUY,12.343097517472415,0.012343097517472416,0.15,S3_TREND
2026-06-13 04:00:00+00:00,SOL,BUY,10.023446783354302,0.010023446783354302,0.15,S3_TREND
2026-06-13 05:00:00+00:00,BTC,SELL,3.3058380228794704,0.0033058380228794706,0.15,S3_TREND
2026-06-13 05:00:00+00:00,ETH,SELL,1.6521964872354145,0.0016521964872354144,0.15,S3_TREND
2026-06-13 05:00:00+00:00,SOL,BUY,32.46237472890971,0.032462374728909706,0.15,S3_TREND
2026-06-13 06:00:00+00:00,BTC,SELL,8.431563403411928,0.008431563403411928,0.15,S3_TREND
2026-06-13 06:00:00+00:00,ETH,BUY,1.0979923851100466,0.0010979923851100466,0.15,S3_TREND
2026-06-13 06:00:00+00:00,SOL,SELL,17.32708826034832,0.01732708826034832,0.15,S3_TREND
2026-06-13 07:00:00+00:00,BTC,SELL,10.643937832048323,0.010643937832048323,0.15,S3_TREND
2026-06-13 07:00:00+00:00,ETH,SELL,14.737098436815357,0.014737098436815357,0.15,S3_TREND
2026-06-13 07:00:00+00:00,SOL,SELL,52.737402293603736,0.052737402293603734,0.15,S3_TREND
2026-06-13 08:00:00+00:00,BTC,SELL,5.048540883299211,0.0050485408832992105,0.15,S3_TREND
2026-06-13 08:00:00+00:00,ETH,SELL,35.42045749755198,0.03542045749755198,0.15,S3_TREND
2026-06-13 08:00:00+00:00,SOL,SELL,25.79690499359822,0.02579690499359822,0.15,S3_TREND
2026-06-13 09:00:00+00:00,BTC,BUY,3.165010570515733,0.003165010570515733,0.15,S3_TREND
2026-06-13 09:00:00+00:00,ETH,BUY,9.24165825408636,0.009241658254086361,0.15,S3_TREND
2026-06-13 09:00:00+00:00,SOL,BUY,6.705204813848468,0.006705204813848468,0.15,S3_TREND
2026-06-13 10:00:00+00:00,BTC,BUY,11.667304692598918,0.011667304692598919,0.15,S3_TREND
2026-06-13 10:00:00+00:00,ETH,BUY,5.426382076342634,0.005426382076342634,0.15,S3_TREND
2026-06-13 10:00:00+00:00,SOL,SELL,11.485921666257127,0.011485921666257127,0.15,S3_TREND
2026-06-13 11:00:00+00:00,BTC,SELL,15.171027872309423,0.015171027872309424,0.15,S3_TREND
2026-06-13 11:00:00+00:00,ETH,BUY,1.8986514128446288,0.0018986514128446288,0.15,S3_TREND
2026-06-13 11:00:00+00:00,SOL,SELL,8.099117313448005,0.008099117313448005,0.15,S3_TREND
2026-06-13 12:00:00+00:00,BTC,SELL,3.910349555611901,0.003910349555611901,0.15,S3_TREND
2026-06-13 12:00:00+00:00,ETH,SELL,10.125073458710176,0.010125073458710176,0.15,S3_TREND
2026-06-13 12:00:00+00:00,SOL,SELL,70.38809203718847,0.07038809203718847,0.15,S3_TREND
2026-06-13 13:00:00+00:00,BTC,SELL,24.179780144182587,0.024179780144182587,0.15,S3_TREND
2026-06-13 13:00:00+00:00,ETH,SELL,7.7329996372973255,0.007732999637297326,0.15,S3_TREND
2026-06-13 13:00:00+00:00,SOL,SELL,4.053099576956811,0.0040530995769568106,0.15,S3_TREND
2026-06-13 14:00:00+00:00,BTC,BUY,3.6152949764673394,0.0036152949764673395,0.15,S3_TREND
2026-06-13 14:00:00+00:00,ETH,BUY,17.210797968249608,0.01721079796824961,0.15,S3_TREND
2026-06-13 14:00:00+00:00,SOL,SELL,10.681973992164785,0.010681973992164785,0.15,S3_TREND
2026-06-13 15:00:00+00:00,BTC,SELL,10.733482501111212,0.010733482501111212,0.15,S3_TREND
2026-06-13 15:00:00+00:00,ETH,SELL,1.623171785613522,0.001623171785613522,0.15,S3_TREND
2026-06-13 15:00:00+00:00,SOL,SELL,39.25342847646789,0.03925342847646789,0.15,S3_TREND
2026-06-13 16:00:00+00:00,BTC,SELL,1.6402180268469237,0.0016402180268469237,0.15,S3_TREND
2026-06-13 16:00:00+00:00,ETH,SELL,3.1856364545765246,0.003185636454576525,0.15,S3_TREND
2026-06-13 16:00:00+00:00,SOL,SELL,46.93807002986978,0.04693807002986978,0.15,S3_TREND
2026-06-13 17:00:00+00:00,BTC,BUY,26.009621123679608,0.02600962112367961,0.15,S3_TREND
2026-06-13 17:00:00+00:00,ETH,BUY,13.327375290233249,0.01332737529023325,0.15,S3_TREND
2026-06-13 17:00:00+00:00,SOL,BUY,70.18915326559545,0.07018915326559545,0.15,S3_TREND
2026-06-13 18:00:00+00:00,BTC,BUY,4.736958138319096,0.004736958138319096,0.15,S3_TREND
2026-06-13 18:00:00+00:00,ETH,BUY,12.041735118820725,0.012041735118820725,0.15,S3_TREND
2026-06-13 18:00:00+00:00,SOL,BUY,10.32980228642191,0.01032980228642191,0.15,S3_TREND
2026-06-13 19:00:00+00:00,BTC,SELL,25.014940550410756,0.025014940550410758,0.15,S3_TREND
2026-06-13 19:00:00+00:00,ETH,SELL,18.924509984213728,0.018924509984213727,0.15,S3_TREND
2026-06-13 19:00:00+00:00,SOL,SELL,10.753860356593577,0.010753860356593578,0.15,S3_TREND
2026-06-13 20:00:00+00:00,BTC,SELL,21.08720847645054,0.021087208476450542,0.15,S3_TREND
2026-06-13 20:00:00+00:00,ETH,BUY,9.057018242574486,0.009057018242574487,0.15,S3_TREND
2026-06-13 20:00:00+00:00,SOL,SELL,14.481728175538592,0.014481728175538592,0.15,S3_TREND
2026-06-13 21:00:00+00:00,BTC,BUY,2.2977811503187695,0.0022977811503187696,0.15,S3_TREND
2026-06-13 21:00:00+00:00,ETH,BUY,12.655465980909867,0.012655465980909867,0.15,S3_TREND
2026-06-13 21:00:00+00:00,SOL,SELL,9.406398828727106,0.009406398828727106,0.15,S3_TREND
2026-06-13 22:00:00+00:00,BTC,BUY,6.8920070182975905,0.00689200701829759,0.15,S3_TREND
2026-06-13 22:00:00+00:00,ETH,SELL,32.266346109840015,0.03226634610984001,0.15,S3_TREND
2026-06-13 22:00:00+00:00,SOL,SELL,147.72678210591403,0.14772678210591403,0.15,S3_TREND
2026-06-13 23:00:00+00:00,BTC,SELL,14.028100885496315,0.014028100885496315,0.15,S3_TREND
2026-06-13 23:00:00+00:00,ETH,BUY,21.480591113073388,0.021480591113073388,0.15,S3_TREND
2026-06-13 23:00:00+00:00,SOL,BUY,54.98421981053252,0.054984219810532524,0.15,S3_TREND
2026-06-14 00:00:00+00:00,ETH,BUY,4.137062889865774,0.004137062889865774,0.15,S3_TREND
2026-06-14 00:00:00+00:00,SOL,SELL,7.130964904001303,0.007130964904001303,0.15,S3_TREND
2026-06-14 01:00:00+00:00,BTC,SELL,23.363844787556445,0.023363844787556445,0.15,S3_TREND
2026-06-14 01:00:00+00:00,ETH,SELL,7.054291667147481,0.007054291667147481,0.15,S3_TREND
2026-06-14 01:00:00+00:00,SOL,BUY,35.77398158177675,0.035773981581776755,0.15,S3_TREND
2026-06-14 02:00:00+00:00,BTC,BUY,4.903835164868724,0.004903835164868724,0.15,S3_TREND
2026-06-14 02:00:00+00:00,ETH,SELL,12.17847704461201,0.012178477044612009,0.15,S3_TREND
2026-06-14 02:00:00+00:00,SOL,SELL,9.234278312809693,0.009234278312809693,0.15,S3_TREND
2026-06-14 03:00:00+00:00,BTC,BUY,11.416744738626221,0.01141674473862622,0.15,S3_TREND
2026-06-14 03:00:00+00:00,ETH,BUY,8.345068748154517,0.008345068748154518,0.15,S3_TREND
2026-06-14 03:00:00+00:00,SOL,SELL,5.779108760898453,0.005779108760898453,0.15,S3_TREND
2026-06-14 04:00:00+00:00,BTC,SELL,7.164349721701001,0.007164349721701001,0.15,S3_TREND
2026-06-14 04:00:00+00:00,ETH,BUY,10.15405098373958,0.01015405098373958,0.15,S3_TREND
2026-06-14 04:00:00+00:00,SOL,SELL,19.103748977024225,0.019103748977024226,0.15,S3_TREND
2026-06-14 05:00:00+00:00,BTC,BUY,19.728804633778054,0.019728804633778053,0.15,S3_TREND
2026-06-14 05:00:00+00:00,ETH,BUY,7.038548788936168,0.0070385487889361685,0.15,S3_TREND
2026-06-14 05:00:00+00:00,SOL,BUY,58.766591576228166,0.05876659157622817,0.15,S3_TREND
2026-06-14 06:00:00+00:00,BTC,SELL,7.852525091448115,0.007852525091448116,0.15,S3_TREND
2026-06-14 06:00:00+00:00,ETH,SELL,9.519707931047378,0.009519707931047379,0.15,S3_TREND
2026-06-14 06:00:00+00:00,SOL,BUY,46.899787967782686,0.046899787967782686,0.15,S3_TREND
2026-06-14 07:00:00+00:00,BTC,BUY,5.653686520212432,0.005653686520212432,0.15,S3_TREND
2026-06-14 07:00:00+00:00,ETH,BUY,8.669008364819092,0.008669008364819092,0.15,S3_TREND
2026-06-14 07:00:00+00:00,SOL,BUY,4.657556040147028,0.004657556040147028,0.15,S3_TREND
2026-06-14 08:00:00+00:00,BTC,SELL,25.17272355934074,0.025172723559340738,0.15,S3_TREND
2026-06-14 08:00:00+00:00,ETH,BUY,8.718038888297087,0.008718038888297088,0.15,S3_TREND
2026-06-14 08:00:00+00:00,SOL,SELL,1.1239596049399552,0.0011239596049399552,0.15,S3_TREND
2026-06-14 09:00:00+00:00,BTC,SELL,4.590376080872375,0.004590376080872375,0.15,S3_TREND
2026-06-14 09:00:00+00:00,ETH,BUY,3.6800163042462373,0.0036800163042462375,0.15,S3_TREND
2026-06-14 09:00:00+00:00,SOL,SELL,2.909431374335327,0.0029094313743353267,0.15,S3_TREND
2026-06-14 10:00:00+00:00,BTC,SELL,18.028621335972275,0.018028621335972276,0.15,S3_TREND
2026-06-14 10:00:00+00:00,ETH,SELL,7.990574481100339,0.007990574481100339,0.15,S3_TREND
2026-06-14 10:00:00+00:00,SOL,SELL,30.034711158694336,0.030034711158694338,0.15,S3_TREND
2026-06-14 11:00:00+00:00,ETH,BUY,24.06560245790206,0.02406560245790206,0.15,S3_TREND
2026-06-14 11:00:00+00:00,SOL,BUY,44.06509297275079,0.04406509297275079,0.15,S3_TREND
2026-06-14 12:00:00+00:00,BTC,SELL,4.253053688584259,0.00425305368858426,0.15,S3_TREND
2026-06-14 12:00:00+00:00,ETH,SELL,4.8100743168706686,0.004810074316870669,0.15,S3_TREND
2026-06-14 12:00:00+00:00,SOL,BUY,9.873578885861207,0.009873578885861206,0.15,S3_TREND
2026-06-14 13:00:00+00:00,BTC,BUY,20.676500453222616,0.020676500453222616,0.15,S3_TREND
2026-06-14 13:00:00+00:00,ETH,BUY,30.03364711526774,0.03003364711526774,0.15,S3_TREND
2026-06-14 13:00:00+00:00,SOL,BUY,40.310510450564834,0.040310510450564836,0.15,S3_TREND
2026-06-14 14:00:00+00:00,ETH,BUY,1.9227587318800943,0.0019227587318800944,0.15,S3_TREND
2026-06-14 15:00:00+00:00,BTC,BUY,37.21158750317409,0.03721158750317409,0.15,S3_TREND
2026-06-14 15:00:00+00:00,ETH,BUY,21.019285863188998,0.021019285863188998,0.15,S3_TREND
2026-06-14 15:00:00+00:00,SOL,BUY,66.42628778254584,0.06642628778254585,0.15,S3_TREND
2026-06-14 16:00:00+00:00,BTC,BUY,1.2361794424905383,0.0012361794424905384,0.15,S3_TREND
2026-06-14 16:00:00+00:00,ETH,SELL,15.807776464314886,0.015807776464314888,0.15,S3_TREND
2026-06-14 16:00:00+00:00,SOL,SELL,21.91817437473219,0.02191817437473219,0.15,S3_TREND
2026-06-14 17:00:00+00:00,BTC,BUY,14.233692154375603,0.014233692154375603,0.15,S3_TREND
2026-06-14 17:00:00+00:00,ETH,BUY,9.714965326769743,0.009714965326769744,0.15,S3_TREND
2026-06-14 17:00:00+00:00,SOL,SELL,12.94429285084334,0.01294429285084334,0.15,S3_TREND
2026-06-14 18:00:00+00:00,BTC,BUY,34.07828735813382,0.03407828735813382,0.15,S3_TREND
2026-06-14 18:00:00+00:00,ETH,SELL,15.702962698553167,0.015702962698553168,0.15,S3_TREND
2026-06-14 18:00:00+00:00,SOL,BUY,17.884872358174107,0.017884872358174108,0.15,S3_TREND
2026-06-14 19:00:00+00:00,BTC,SELL,11.745596256461795,0.011745596256461795,0.15,S3_TREND
2026-06-14 19:00:00+00:00,ETH,BUY,5.349614778750038,0.0053496147787500375,0.15,S3_TREND
2026-06-14 19:00:00+00:00,SOL,SELL,12.696508335053295,0.012696508335053295,0.15,S3_TREND
2026-06-14 20:00:00+00:00,BTC,BUY,10.253127645926725,0.010253127645926724,0.15,S3_TREND
2026-06-14 20:00:00+00:00,ETH,SELL,19.263377917555772,0.019263377917555773,0.15,S3_TREND
2026-06-14 20:00:00+00:00,SOL,SELL,19.914466467649618,0.01991446646764962,0.15,S3_TREND
2026-06-14 21:00:00+00:00,BTC,SELL,23.9655131355521,0.0239655131355521,0.15,S3_TREND
2026-06-14 21:00:00+00:00,ETH,SELL,21.116377825190284,0.021116377825190283,0.15,S3_TREND
2026-06-14 21:00:00+00:00,SOL,SELL,26.175037841931044,0.026175037841931044,0.15,S3_TREND
2026-06-14 22:00:00+00:00,BTC,SELL,104.01520975346466,0.10401520975346466,0.15,S3_TREND
2026-06-14 22:00:00+00:00,ETH,SELL,218.01359601896183,0.21801359601896184,0.15,S3_TREND
2026-06-14 22:00:00+00:00,SOL,SELL,297.8873466801888,0.2978873466801888,0.15,S3_TREND
2026-06-14 23:00:00+00:00,BTC,SELL,7.363785698547872,0.007363785698547872,0.15,S3_TREND
2026-06-14 23:00:00+00:00,ETH,SELL,14.546201252107494,0.014546201252107495,0.15,S3_TREND
2026-06-14 23:00:00+00:00,SOL,SELL,39.55289638114846,0.03955289638114846,0.15,S3_TREND
2026-06-15 00:00:00+00:00,BTC,SELL,28.6025807664264,0.0286025807664264,0.15,S3_TREND
2026-06-15 00:00:00+00:00,ETH,BUY,14.082623187130594,0.014082623187130595,0.15,S3_TREND
2026-06-15 00:00:00+00:00,SOL,SELL,124.31274281413607,0.12431274281413608,0.15,S3_TREND
2026-06-15 01:00:00+00:00,BTC,BUY,10.9309097326568,0.0109309097326568,0.15,S3_TREND
2026-06-15 01:00:00+00:00,ETH,BUY,23.880941724240984,0.023880941724240982,0.15,S3_TREND
2026-06-15 01:00:00+00:00,SOL,BUY,16.5540768843548,0.0165540768843548,0.15,S3_TREND
2026-06-15 02:00:00+00:00,BTC,BUY,8.10459296460067,0.00810459296460067,0.15,S3_TREND
2026-06-15 02:00:00+00:00,ETH,BUY,26.961997181262632,0.02696199718126263,0.15,S3_TREND
2026-06-15 02:00:00+00:00,SOL,BUY,12.038750392661314,0.012038750392661314,0.15,S3_TREND
2026-06-15 03:00:00+00:00,BTC,BUY,9.941885744281535,0.009941885744281535,0.15,S3_TREND
2026-06-15 03:00:00+00:00,ETH,SELL,8.841602840477208,0.008841602840477207,0.15,S3_TREND
2026-06-15 03:00:00+00:00,SOL,BUY,2.7666458633120783,0.0027666458633120784,0.15,S3_TREND
2026-06-15 04:00:00+00:00,BTC,SELL,68.18210223168899,0.06818210223168898,0.15,S3_TREND
2026-06-15 04:00:00+00:00,ETH,SELL,5.288574711936235,0.005288574711936235,0.15,S3_TREND
2026-06-15 04:00:00+00:00,SOL,SELL,23.431556057023045,0.023431556057023045,0.15,S3_TREND
2026-06-15 05:00:00+00:00,BTC,BUY,36.13871607214605,0.036138716072146054,0.15,S3_TREND
2026-06-15 05:00:00+00:00,ETH,BUY,7.138549040670114,0.007138549040670114,0.15,S3_TREND
2026-06-15 05:00:00+00:00,SOL,BUY,38.83287467367518,0.03883287467367518,0.15,S3_TREND
2026-06-15 06:00:00+00:00,BTC,SELL,24.79323567521351,0.02479323567521351,0.15,S3_TREND
2026-06-15 06:00:00+00:00,ETH,SELL,9.11340010456479,0.00911340010456479,0.15,S3_TREND
2026-06-15 06:00:00+00:00,SOL,SELL,38.00033522036937,0.03800033522036937,0.15,S3_TREND
2026-06-15 07:00:00+00:00,BTC,BUY,11.091534791989034,0.011091534791989033,0.15,S3_TREND
2026-06-15 07:00:00+00:00,ETH,BUY,8.305819505911131,0.008305819505911131,0.15,S3_TREND
2026-06-15 07:00:00+00:00,SOL,SELL,25.229234994549188,0.02522923499454919,0.15,S3_TREND
2026-06-15 08:00:00+00:00,BTC,BUY,18.041625504321928,0.01804162550432193,0.15,S3_TREND
2026-06-15 08:00:00+00:00,ETH,BUY,15.134650047917603,0.015134650047917603,0.15,S3_TREND
2026-06-15 08:00:00+00:00,SOL,BUY,4.891726729842048,0.004891726729842049,0.15,S3_TREND
2026-06-15 09:00:00+00:00,BTC,BUY,7.2824255718624045,0.007282425571862405,0.15,S3_TREND
2026-06-15 09:00:00+00:00,ETH,SELL,25.128789855589275,0.025128789855589275,0.15,S3_TREND
2026-06-15 10:00:00+00:00,BTC,BUY,7.460801533121412,0.007460801533121412,0.15,S3_TREND
2026-06-15 10:00:00+00:00,ETH,BUY,7.407930478200797,0.007407930478200797,0.15,S3_TREND
2026-06-15 10:00:00+00:00,SOL,BUY,8.132214597893835,0.008132214597893836,0.15,S3_TREND
2026-06-15 11:00:00+00:00,BTC,SELL,15.201560276564123,0.015201560276564123,0.15,S3_TREND
2026-06-15 11:00:00+00:00,ETH,SELL,100.19710000286977,0.10019710000286977,0.15,S3_TREND
2026-06-15 11:00:00+00:00,SOL,SELL,72.95524383515112,0.07295524383515112,0.15,S3_TREND
2026-06-15 12:00:00+00:00,BTC,SELL,3.2580900427019515,0.0032580900427019517,0.15,S3_TREND
2026-06-15 12:00:00+00:00,ETH,SELL,149.27463276540766,0.14927463276540767,0.15,S3_TREND
2026-06-15 12:00:00+00:00,SOL,SELL,76.47320755281,0.07647320755281,0.15,S3_TREND
2026-06-15 13:00:00+00:00,BTC,SELL,36.369872439627215,0.036369872439627214,0.15,S3_TREND
2026-06-15 13:00:00+00:00,ETH,SELL,67.73166408212455,0.06773166408212455,0.15,S3_TREND
2026-06-15 13:00:00+00:00,SOL,SELL,13.417548387100396,0.013417548387100397,0.15,S3_TREND
2026-06-15 14:00:00+00:00,BTC,BUY,85.14043823880274,0.08514043823880274,0.15,S3_TREND
2026-06-15 14:00:00+00:00,ETH,SELL,222.7709554384619,0.2227709554384619,0.15,S3_TREND
2026-06-15 14:00:00+00:00,SOL,SELL,86.36688299764319,0.0863668829976432,0.15,S3_TREND
2026-06-15 15:00:00+00:00,BTC,SELL,20.05696250076835,0.02005696250076835,0.15,S3_TREND
2026-06-15 15:00:00+00:00,ETH,BUY,6.736698653610802,0.006736698653610802,0.15,S3_TREND
2026-06-15 15:00:00+00:00,SOL,SELL,23.795164827899498,0.0237951648278995,0.15,S3_TREND
2026-06-15 16:00:00+00:00,BTC,SELL,47.83177937994515,0.04783177937994515,0.15,S3_TREND
2026-06-15 16:00:00+00:00,ETH,SELL,138.51407212345111,0.13851407212345113,0.15,S3_TREND
2026-06-15 16:00:00+00:00,SOL,SELL,172.2349831028714,0.17223498310287141,0.15,S3_TREND
2026-06-15 17:00:00+00:00,BTC,BUY,26.64062131325045,0.02664062131325045,0.15,S3_TREND
2026-06-15 17:00:00+00:00,ETH,BUY,19.094760001049508,0.01909476000104951,0.15,S3_TREND
2026-06-15 17:00:00+00:00,SOL,SELL,41.894265807677584,0.041894265807677585,0.15,S3_TREND
2026-06-15 18:00:00+00:00,BTC,BUY,33.23998070767084,0.03323998070767084,0.15,S3_TREND
2026-06-15 18:00:00+00:00,ETH,BUY,73.00223483446825,0.07300223483446826,0.15,S3_TREND
2026-06-15 18:00:00+00:00,SOL,BUY,4.783198222539795,0.004783198222539795,0.15,S3_TREND
2026-06-15 19:00:00+00:00,BTC,BUY,14.465254711732996,0.014465254711732996,0.15,S3_TREND
2026-06-15 19:00:00+00:00,ETH,BUY,4.778902072213896,0.004778902072213896,0.15,S3_TREND
2026-06-15 19:00:00+00:00,SOL,SELL,7.050449619069696,0.007050449619069697,0.15,S3_TREND
2026-06-15 20:00:00+00:00,BTC,BUY,18.623496791407888,0.018623496791407887,0.15,S3_TREND
2026-06-15 20:00:00+00:00,ETH,BUY,34.813013111415785,0.03481301311141578,0.15,S3_TREND
2026-06-15 20:00:00+00:00,SOL,SELL,7.1041564144034055,0.007104156414403406,0.15,S3_TREND
2026-06-15 21:00:00+00:00,BTC,BUY,2.496446518762241,0.002496446518762241,0.15,S3_TREND
2026-06-15 21:00:00+00:00,ETH,BUY,20.144905500455934,0.020144905500455935,0.15,S3_TREND
2026-06-15 21:00:00+00:00,SOL,BUY,41.53460590187751,0.04153460590187751,0.15,S3_TREND
2026-06-15 22:00:00+00:00,BTC,BUY,6.911760916342246,0.006911760916342246,0.15,S3_TREND
2026-06-15 22:00:00+00:00,ETH,BUY,17.850286270411743,0.017850286270411745,0.15,S3_TREND
2026-06-15 22:00:00+00:00,SOL,BUY,65.9423720775576,0.0659423720775576,0.15,S3_TREND
2026-06-15 23:00:00+00:00,BTC,SELL,15.415064357937808,0.015415064357937809,0.15,S3_TREND
2026-06-15 23:00:00+00:00,ETH,BUY,116.49396000486013,0.11649396000486013,0.15,S3_TREND
2026-06-15 23:00:00+00:00,SOL,BUY,79.14984676589847,0.07914984676589848,0.15,S3_TREND
2026-06-16 00:00:00+00:00,BTC,SELL,8.08366648664196,0.00808366648664196,0.15,S3_TREND
2026-06-16 00:00:00+00:00,ETH,SELL,32.30394665676613,0.03230394665676613,0.15,S3_TREND
2026-06-16 00:00:00+00:00,SOL,SELL,23.724593244420248,0.02372459324442025,0.15,S3_TREND
2026-06-16 01:00:00+00:00,BTC,BUY,8.054819066464916,0.008054819066464916,0.15,S3_TREND
2026-06-16 01:00:00+00:00,ETH,BUY,42.037770888106024,0.04203777088810603,0.15,S3_TREND
2026-06-16 01:00:00+00:00,SOL,SELL,19.55107263953869,0.01955107263953869,0.15,S3_TREND
2026-06-16 02:00:00+00:00,BTC,SELL,18.49338708086907,0.018493387080869072,0.15,S3_TREND
2026-06-16 02:00:00+00:00,ETH,SELL,18.979532554922116,0.018979532554922116,0.15,S3_TREND
2026-06-16 02:00:00+00:00,SOL,BUY,31.457016999980624,0.03145701699998062,0.15,S3_TREND
2026-06-16 03:00:00+00:00,BTC,BUY,56.97467356960806,0.05697467356960806,0.15,S3_TREND
2026-06-16 03:00:00+00:00,ETH,BUY,101.66494165271797,0.10166494165271797,0.15,S3_TREND
2026-06-16 03:00:00+00:00,SOL,BUY,93.7480755761444,0.09374807557614441,0.15,S3_TREND
2026-06-16 04:00:00+00:00,BTC,SELL,44.10547616862459,0.04410547616862459,0.15,S3_TREND
2026-06-16 04:00:00+00:00,ETH,SELL,25.745993422258834,0.025745993422258834,0.15,S3_TREND
2026-06-16 04:00:00+00:00,SOL,SELL,93.02074515890854,0.09302074515890854,0.15,S3_TREND
2026-06-16 05:00:00+00:00,BTC,BUY,25.38346837048448,0.02538346837048448,0.15,S3_TREND
2026-06-16 05:00:00+00:00,ETH,BUY,101.06706388654857,0.10106706388654857,0.15,S3_TREND
2026-06-16 05:00:00+00:00,SOL,BUY,28.67722469378168,0.028677224693781683,0.15,S3_TREND
2026-06-16 06:00:00+00:00,BTC,SELL,26.295443917118973,0.026295443917118973,0.15,S3_TREND
2026-06-16 06:00:00+00:00,ETH,BUY,5.465725623764229,0.005465725623764229,0.15,S3_TREND
2026-06-16 06:00:00+00:00,SOL,SELL,39.72133646644942,0.039721336466449424,0.15,S3_TREND
2026-06-16 07:00:00+00:00,BTC,SELL,45.504982621738236,0.04550498262173824,0.15,S3_TREND
2026-06-16 07:00:00+00:00,ETH,SELL,34.97034484622964,0.034970344846229635,0.15,S3_TREND
2026-06-16 07:00:00+00:00,SOL,SELL,59.07976157803022,0.05907976157803022,0.15,S3_TREND
2026-06-16 08:00:00+00:00,BTC,BUY,23.613037286047984,0.023613037286047984,0.15,S3_TREND
2026-06-16 08:00:00+00:00,ETH,SELL,13.875689148180752,0.013875689148180752,0.15,S3_TREND
2026-06-16 08:00:00+00:00,SOL,SELL,40.10837877650738,0.04010837877650738,0.15,S3_TREND
2026-06-16 09:00:00+00:00,BTC,SELL,33.32412777882382,0.03332412777882382,0.15,S3_TREND
2026-06-16 09:00:00+00:00,ETH,SELL,149.07614968063353,0.14907614968063354,0.15,S3_TREND
2026-06-16 09:00:00+00:00,SOL,SELL,97.88829332648491,0.09788829332648491,0.15,S3_TREND
2026-06-16 10:00:00+00:00,BTC,BUY,38.055820486695666,0.03805582048669567,0.15,S3_TREND
2026-06-16 10:00:00+00:00,ETH,BUY,61.91041526735171,0.061910415267351714,0.15,S3_TREND
2026-06-16 10:00:00+00:00,SOL,BUY,56.64537635891611,0.05664537635891611,0.15,S3_TREND
2026-06-16 11:00:00+00:00,ETH,SELL,32.45454899003562,0.03245454899003562,0.15,S3_TREND
2026-06-16 11:00:00+00:00,SOL,BUY,28.686357673244856,0.02868635767324486,0.15,S3_TREND
2026-06-16 12:00:00+00:00,BTC,BUY,11.524723170337893,0.011524723170337894,0.15,S3_TREND
2026-06-16 12:00:00+00:00,ETH,SELL,38.901569047118755,0.03890156904711876,0.15,S3_TREND
2026-06-16 12:00:00+00:00,SOL,BUY,10.24633537894988,0.01024633537894988,0.15,S3_TREND
2026-06-16 13:00:00+00:00,BTC,BUY,34.330181213887045,0.03433018121388705,0.15,S3_TREND
2026-06-16 13:00:00+00:00,ETH,SELL,94.10734360782772,0.09410734360782771,0.15,S3_TREND
2026-06-16 13:00:00+00:00,SOL,SELL,26.538120995221107,0.02653812099522111,0.15,S3_TREND
2026-06-16 14:00:00+00:00,BTC,BUY,21.13258988236339,0.02113258988236339,0.15,S3_TREND
2026-06-16 14:00:00+00:00,ETH,BUY,72.38818012192496,0.07238818012192497,0.15,S3_TREND
2026-06-16 14:00:00+00:00,SOL,BUY,118.0615046696621,0.1180615046696621,0.15,S3_TREND
2026-06-16 15:00:00+00:00,BTC,BUY,22.052156077068503,0.022052156077068504,0.15,S3_TREND
2026-06-16 15:00:00+00:00,ETH,BUY,71.91539648156686,0.07191539648156686,0.15,S3_TREND
2026-06-16 15:00:00+00:00,SOL,BUY,129.41078762535471,0.1294107876253547,0.15,S3_TREND
2026-06-16 16:00:00+00:00,BTC,SELL,25.29011074564187,0.02529011074564187,0.15,S3_TREND
2026-06-16 16:00:00+00:00,ETH,BUY,3.1721939821181877,0.003172193982118188,0.15,S3_TREND
2026-06-16 16:00:00+00:00,SOL,SELL,42.68504976594159,0.04268504976594159,0.15,S3_TREND
2026-06-16 17:00:00+00:00,BTC,BUY,7.7377659584435605,0.00773776595844356,0.15,S3_TREND
2026-06-16 17:00:00+00:00,ETH,BUY,21.469828928542483,0.021469828928542482,0.15,S3_TREND
2026-06-16 17:00:00+00:00,SOL,BUY,20.29302828605978,0.02029302828605978,0.15,S3_TREND
2026-06-16 18:00:00+00:00,BTC,SELL,3.2026373928038083,0.0032026373928038085,0.15,S3_TREND
2026-06-16 18:00:00+00:00,ETH,SELL,90.09861472257217,0.09009861472257216,0.15,S3_TREND
2026-06-16 18:00:00+00:00,SOL,SELL,64.27076701812257,0.06427076701812257,0.15,S3_TREND
2026-06-16 19:00:00+00:00,BTC,BUY,36.936553192759675,0.03693655319275967,0.15,S3_TREND
2026-06-16 19:00:00+00:00,ETH,SELL,21.92265811786274,0.021922658117862738,0.15,S3_TREND
2026-06-16 19:00:00+00:00,SOL,SELL,50.331798467630506,0.05033179846763051,0.15,S3_TREND
2026-06-16 20:00:00+00:00,BTC,BUY,22.096729747656354,0.022096729747656356,0.15,S3_TREND
2026-06-16 20:00:00+00:00,ETH,BUY,15.093366462186168,0.015093366462186168,0.15,S3_TREND
2026-06-16 20:00:00+00:00,SOL,BUY,13.996244793575897,0.013996244793575897,0.15,S3_TREND
2026-06-16 21:00:00+00:00,BTC,SELL,20.900170515145874,0.020900170515145873,0.15,S3_TREND
2026-06-16 21:00:00+00:00,ETH,SELL,2.0095087022764346,0.0020095087022764346,0.15,S3_TREND
2026-06-16 21:00:00+00:00,SOL,SELL,37.65690405608075,0.03765690405608075,0.15,S3_TREND
2026-06-16 22:00:00+00:00,BTC,BUY,6.646563684302237,0.006646563684302237,0.15,S3_TREND
2026-06-16 22:00:00+00:00,SOL,BUY,27.745063426085835,0.027745063426085837,0.15,S3_TREND
2026-06-16 23:00:00+00:00,BTC,SELL,3.4239224770681176,0.0034239224770681175,0.15,S3_TREND
2026-06-16 23:00:00+00:00,SOL,BUY,14.010518732386117,0.014010518732386118,0.15,S3_TREND
2026-06-17 00:00:00+00:00,BTC,BUY,6.037567853305518,0.006037567853305518,0.15,S3_TREND
2026-06-17 00:00:00+00:00,ETH,BUY,8.747127593682308,0.008747127593682309,0.15,S3_TREND
2026-06-17 00:00:00+00:00,SOL,BUY,43.79932405084401,0.04379932405084401,0.15,S3_TREND
2026-06-17 01:00:00+00:00,BTC,SELL,7.5555847087453,0.0075555847087453,0.15,S3_TREND
2026-06-17 01:00:00+00:00,ETH,SELL,11.690686801370248,0.011690686801370248,0.15,S3_TREND
2026-06-17 01:00:00+00:00,SOL,BUY,27.672406293992026,0.027672406293992025,0.15,S3_TREND
2026-06-17 02:00:00+00:00,BTC,SELL,22.655097803892204,0.022655097803892205,0.15,S3_TREND
2026-06-17 02:00:00+00:00,SOL,SELL,79.36493957511993,0.07936493957511993,0.15,S3_TREND
2026-06-17 03:00:00+00:00,BTC,BUY,6.974519354529548,0.006974519354529548,0.15,S3_TREND
2026-06-17 03:00:00+00:00,ETH,BUY,16.591080113665157,0.016591080113665158,0.15,S3_TREND
2026-06-17 03:00:00+00:00,SOL,SELL,21.104051703858204,0.021104051703858203,0.15,S3_TREND
2026-06-17 04:00:00+00:00,BTC,SELL,3.414728025220029,0.003414728025220029,0.15,S3_TREND
2026-06-17 04:00:00+00:00,ETH,BUY,1.1484417997926357,0.0011484417997926358,0.15,S3_TREND
2026-06-17 04:00:00+00:00,SOL,BUY,54.67506568938552,0.05467506568938552,0.15,S3_TREND
2026-06-17 05:00:00+00:00,BTC,SELL,1.808499660282905,0.001808499660282905,0.15,S3_TREND
2026-06-17 05:00:00+00:00,ETH,BUY,1.0344416184234433,0.0010344416184234434,0.15,S3_TREND
2026-06-17 05:00:00+00:00,SOL,SELL,23.37751958027184,0.02337751958027184,0.15,S3_TREND
2026-06-17 06:00:00+00:00,BTC,BUY,4.21722538881113,0.00421722538881113,0.15,S3_TREND
2026-06-17 06:00:00+00:00,ETH,SELL,4.987656569490355,0.004987656569490355,0.15,S3_TREND
2026-06-17 06:00:00+00:00,SOL,BUY,28.05491093526507,0.028054910935265073,0.15,S3_TREND
2026-06-17 07:00:00+00:00,BTC,BUY,26.89961279364252,0.02689961279364252,0.15,S3_TREND
2026-06-17 07:00:00+00:00,ETH,BUY,10.105825886326784,0.010105825886326783,0.15,S3_TREND
2026-06-17 07:00:00+00:00,SOL,BUY,27.370451657237936,0.027370451657237938,0.15,S3_TREND
2026-06-17 08:00:00+00:00,BTC,BUY,5.020486836294367,0.005020486836294367,0.15,S3_TREND
2026-06-17 08:00:00+00:00,ETH,BUY,27.980119198588,0.027980119198588,0.15,S3_TREND
2026-06-17 08:00:00+00:00,SOL,BUY,13.552093639940722,0.013552093639940721,0.15,S3_TREND
2026-06-17 09:00:00+00:00,BTC,BUY,60.394636238394014,0.060394636238394014,0.15,S3_TREND
2026-06-17 09:00:00+00:00,ETH,BUY,84.13969815053497,0.08413969815053497,0.15,S3_TREND
2026-06-17 09:00:00+00:00,SOL,BUY,106.24514660881323,0.10624514660881323,0.15,S3_TREND
2026-06-17 10:00:00+00:00,BTC,BUY,17.663492690242492,0.01766349269024249,0.15,S3_TREND
2026-06-17 10:00:00+00:00,ETH,SELL,46.17410061403825,0.04617410061403825,0.15,S3_TREND
2026-06-17 10:00:00+00:00,SOL,SELL,23.686249178988874,0.023686249178988875,0.15,S3_TREND
2026-06-17 11:00:00+00:00,BTC,BUY,3.4969996767867997,0.0034969996767867995,0.15,S3_TREND
2026-06-17 11:00:00+00:00,ETH,BUY,16.21949513990694,0.01621949513990694,0.15,S3_TREND
2026-06-17 11:00:00+00:00,SOL,BUY,53.65298166546563,0.05365298166546563,0.15,S3_TREND
2026-06-17 12:00:00+00:00,BTC,SELL,10.47431920753661,0.01047431920753661,0.15,S3_TREND
2026-06-17 12:00:00+00:00,ETH,BUY,26.57851146678331,0.026578511466783313,0.15,S3_TREND
2026-06-17 12:00:00+00:00,SOL,BUY,12.92748904637665,0.01292748904637665,0.15,S3_TREND
2026-06-17 13:00:00+00:00,BTC,SELL,38.40926199576643,0.03840926199576643,0.15,S3_TREND
2026-06-17 13:00:00+00:00,ETH,BUY,45.28560192462828,0.045285601924628285,0.15,S3_TREND
2026-06-17 13:00:00+00:00,SOL,SELL,44.74593408580222,0.04474593408580222,0.15,S3_TREND
2026-06-17 14:00:00+00:00,BTC,SELL,37.75784886360634,0.03775784886360634,0.15,S3_TREND
2026-06-17 14:00:00+00:00,ETH,SELL,2.0145271461406082,0.002014527146140608,0.15,S3_TREND
2026-06-17 14:00:00+00:00,SOL,SELL,4.887176473428553,0.004887176473428553,0.15,S3_TREND
2026-06-17 15:00:00+00:00,BTC,BUY,23.32151120794515,0.02332151120794515,0.15,S3_TREND
2026-06-17 15:00:00+00:00,ETH,BUY,35.04074814143132,0.03504074814143132,0.15,S3_TREND
2026-06-17 15:00:00+00:00,SOL,SELL,8.056590543121274,0.008056590543121274,0.15,S3_TREND
2026-06-17 16:00:00+00:00,BTC,SELL,54.68993422963649,0.05468993422963649,0.15,S3_TREND
2026-06-17 16:00:00+00:00,ETH,SELL,61.81085909233661,0.061810859092336606,0.15,S3_TREND
2026-06-17 16:00:00+00:00,SOL,SELL,184.50783504288665,0.18450783504288665,0.15,S3_TREND
2026-06-17 17:00:00+00:00,BTC,SELL,22.46339167273436,0.02246339167273436,0.15,S3_TREND
2026-06-17 17:00:00+00:00,ETH,BUY,11.810626918135313,0.011810626918135314,0.15,S3_TREND
2026-06-17 17:00:00+00:00,SOL,BUY,6.615856810305559,0.006615856810305559,0.15,S3_TREND
2026-06-17 18:00:00+00:00,BTC,SELL,10.926566388003266,0.010926566388003267,0.15,S3_TREND
2026-06-17 18:00:00+00:00,ETH,SELL,93.9087123509471,0.0939087123509471,0.15,S3_TREND
2026-06-17 18:00:00+00:00,SOL,SELL,42.073539819983125,0.04207353981998312,0.15,S3_TREND
2026-06-17 19:00:00+00:00,BTC,BUY,63.04455165242871,0.06304455165242871,0.15,S3_TREND
2026-06-17 19:00:00+00:00,ETH,BUY,85.71453998601282,0.08571453998601282,0.15,S3_TREND
2026-06-17 19:00:00+00:00,SOL,BUY,73.3645332629676,0.0733645332629676,0.15,S3_TREND
2026-06-17 20:00:00+00:00,BTC,SELL,6685.237406621925,6.685237406621925,0.075,S6_REVERSAL
2026-06-17 20:00:00+00:00,ETH,BUY,145.27216035807578,0.14527216035807577,0.15,S3_TREND
2026-06-17 20:00:00+00:00,SOL,BUY,211.31104001500353,0.21131104001500353,0.15,S3_TREND
2026-06-17 21:00:00+00:00,BTC,BUY,1.4885314438897694,0.0014885314438897695,0.075,S6_REVERSAL
2026-06-17 21:00:00+00:00,ETH,SELL,68.18611162482193,0.06818611162482194,0.15,S3_TREND
2026-06-17 21:00:00+00:00,SOL,SELL,69.67864411138362,0.06967864411138362,0.15,S3_TREND
2026-06-17 22:00:00+00:00,BTC,BUY,4.109393982204892,0.004109393982204892,0.075,S6_REVERSAL
2026-06-17 22:00:00+00:00,ETH,BUY,36.8945553015601,0.036894555301560106,0.15,S3_TREND
2026-06-17 22:00:00+00:00,SOL,BUY,80.47295855915036,0.08047295855915036,0.15,S3_TREND
2026-06-17 23:00:00+00:00,BTC,SELL,1.9010227671105895,0.0019010227671105895,0.075,S6_REVERSAL
2026-06-17 23:00:00+00:00,ETH,SELL,5.814367198649052,0.005814367198649052,0.15,S3_TREND
2026-06-17 23:00:00+00:00,SOL,SELL,13.868453718523597,0.013868453718523598,0.15,S3_TREND
2026-06-18 00:00:00+00:00,BTC,SELL,9.629347490435066,0.009629347490435066,0.075,S6_REVERSAL
2026-06-18 00:00:00+00:00,ETH,SELL,55.52877386247201,0.05552877386247201,0.15,S3_TREND
2026-06-18 00:00:00+00:00,SOL,SELL,39.48992755195832,0.03948992755195832,0.15,S3_TREND
2026-06-18 01:00:00+00:00,BTC,BUY,7.838396436989569,0.007838396436989569,0.075,S6_REVERSAL
2026-06-18 01:00:00+00:00,ETH,SELL,11.482933318813593,0.011482933318813594,0.15,S3_TREND
2026-06-18 01:00:00+00:00,SOL,SELL,25.288218436968236,0.025288218436968237,0.15,S3_TREND
2026-06-18 02:00:00+00:00,BTC,SELL,6.76873369128316,0.00676873369128316,0.075,S6_REVERSAL
2026-06-18 02:00:00+00:00,ETH,SELL,11.703310968936421,0.01170331096893642,0.15,S3_TREND
2026-06-18 02:00:00+00:00,SOL,BUY,3.566600344262042,0.003566600344262042,0.15,S3_TREND
2026-06-18 03:00:00+00:00,BTC,SELL,8.837483829784105,0.008837483829784106,0.075,S6_REVERSAL
2026-06-18 03:00:00+00:00,ETH,SELL,13667.79379233307,13.66779379233307,0.0,CASH
2026-06-18 03:00:00+00:00,SOL,SELL,46.52492911758236,0.04652492911758236,0.15,S3_TREND
2026-06-18 04:00:00+00:00,BTC,BUY,26.424741609267585,0.026424741609267586,0.075,S6_REVERSAL
2026-06-18 04:00:00+00:00,SOL,SELL,6688.882108335347,6.688882108335347,0.075,S6_REVERSAL
2026-06-18 05:00:00+00:00,BTC,SELL,6777.391089503774,6.777391089503775,0.0,CASH
2026-06-18 05:00:00+00:00,SOL,SELL,6761.727675828371,6.761727675828371,0.0,CASH
2026-06-18 06:00:00+00:00,BTC,BUY,6810.728259150571,6.810728259150571,0.075,S6_REVERSAL
2026-06-18 07:00:00+00:00,BTC,SELL,9.370902871994986,0.009370902871994985,0.075,S6_REVERSAL
2026-06-18 08:00:00+00:00,BTC,SELL,41.925119522991736,0.04192511952299174,0.075,S6_REVERSAL
2026-06-18 09:00:00+00:00,BTC,BUY,10.795667616091123,0.010795667616091123,0.075,S6_REVERSAL
2026-06-18 10:00:00+00:00,BTC,BUY,19.61117253525208,0.019611172535252082,0.075,S6_REVERSAL
2026-06-18 11:00:00+00:00,BTC,BUY,11.866433505033456,0.011866433505033455,0.075,S6_REVERSAL
2026-06-18 12:00:00+00:00,BTC,BUY,10.2448330836487,0.010244833083648701,0.075,S6_REVERSAL
2026-06-18 13:00:00+00:00,BTC,SELL,39.74762263947741,0.03974762263947741,0.075,S6_REVERSAL
2026-06-18 14:00:00+00:00,BTC,BUY,38.574527781303004,0.038574527781303006,0.075,S6_REVERSAL
2026-06-18 15:00:00+00:00,BTC,BUY,16.476124601344964,0.016476124601344965,0.075,S6_REVERSAL
2026-06-18 16:00:00+00:00,BTC,SELL,6654.416607862562,6.654416607862562,0.0,CASH
2026-06-18 16:00:00+00:00,ETH,BUY,6797.239801197604,6.797239801197604,0.075,S6_REVERSAL
2026-06-18 16:00:00+00:00,SOL,BUY,6797.239801197606,6.797239801197605,0.075,S6_REVERSAL
2026-06-18 17:00:00+00:00,BTC,BUY,6801.922442973845,6.801922442973845,0.075,S6_REVERSAL
2026-06-18 17:00:00+00:00,ETH,SELL,14.429456010427202,0.014429456010427203,0.075,S6_REVERSAL
2026-06-18 17:00:00+00:00,SOL,SELL,58.88938033053182,0.05888938033053182,0.075,S6_REVERSAL
2026-06-18 18:00:00+00:00,BTC,BUY,2.255323058704562,0.002255323058704562,0.075,S6_REVERSAL
2026-06-18 18:00:00+00:00,ETH,BUY,23.800010380155072,0.023800010380155074,0.075,S6_REVERSAL
2026-06-18 18:00:00+00:00,SOL,BUY,35.70379656507339,0.03570379656507339,0.075,S6_REVERSAL
2026-06-18 19:00:00+00:00,BTC,SELL,8.378592658265916,0.008378592658265916,0.075,S6_REVERSAL
2026-06-18 19:00:00+00:00,ETH,SELL,21.362526741262627,0.021362526741262627,0.075,S6_REVERSAL
2026-06-18 20:00:00+00:00,BTC,SELL,12.85273104033331,0.01285273104033331,0.075,S6_REVERSAL
2026-06-18 20:00:00+00:00,ETH,SELL,67.38524694116404,0.06738524694116405,0.075,S6_REVERSAL
2026-06-18 20:00:00+00:00,SOL,SELL,57.09913553074148,0.05709913553074148,0.075,S6_REVERSAL
2026-06-18 21:00:00+00:00,BTC,SELL,8.858214953718743,0.008858214953718744,0.075,S6_REVERSAL
2026-06-18 21:00:00+00:00,ETH,SELL,14.477935161897221,0.014477935161897222,0.075,S6_REVERSAL
2026-06-18 21:00:00+00:00,SOL,SELL,36.443753824954,0.036443753824954,0.075,S6_REVERSAL
2026-06-18 22:00:00+00:00,BTC,BUY,9.005888055588912,0.009005888055588912,0.075,S6_REVERSAL
2026-06-18 22:00:00+00:00,ETH,BUY,4.903317426304966,0.004903317426304966,0.075,S6_REVERSAL
2026-06-18 22:00:00+00:00,SOL,BUY,21.026766146703267,0.021026766146703266,0.075,S6_REVERSAL
2026-06-18 23:00:00+00:00,BTC,BUY,7.713091924172659,0.007713091924172659,0.075,S6_REVERSAL
2026-06-18 23:00:00+00:00,ETH,BUY,4.76545832613192,0.00476545832613192,0.075,S6_REVERSAL
2026-06-18 23:00:00+00:00,SOL,BUY,3.3615141216687334,0.0033615141216687336,0.075,S6_REVERSAL
2026-06-19 00:00:00+00:00,BTC,SELL,4.4021137518666364,0.004402113751866637,0.075,S6_REVERSAL
2026-06-19 00:00:00+00:00,ETH,SELL,13.746425550596543,0.013746425550596544,0.075,S6_REVERSAL
2026-06-19 00:00:00+00:00,SOL,SELL,17.16502558359298,0.01716502558359298,0.075,S6_REVERSAL
2026-06-19 01:00:00+00:00,BTC,SELL,4.805142137689472,0.004805142137689473,0.075,S6_REVERSAL
2026-06-19 01:00:00+00:00,ETH,SELL,9.008218694313655,0.009008218694313655,0.075,S6_REVERSAL
2026-06-19 01:00:00+00:00,SOL,SELL,5.914891730139061,0.0059148917301390614,0.075,S6_REVERSAL
2026-06-19 02:00:00+00:00,ETH,BUY,2.3270451514099477,0.0023270451514099478,0.075,S6_REVERSAL
2026-06-19 02:00:00+00:00,SOL,SELL,12.73952898369771,0.01273952898369771,0.075,S6_REVERSAL
2026-06-19 03:00:00+00:00,BTC,SELL,1.697089517441782,0.001697089517441782,0.075,S6_REVERSAL
2026-06-19 03:00:00+00:00,ETH,BUY,21.123297359557,0.021123297359557,0.075,S6_REVERSAL
2026-06-19 03:00:00+00:00,SOL,BUY,24.12718055626192,0.02412718055626192,0.075,S6_REVERSAL
2026-06-19 04:00:00+00:00,BTC,BUY,16.09708741283339,0.01609708741283339,0.075,S6_REVERSAL
2026-06-19 04:00:00+00:00,ETH,BUY,28.673582946049464,0.028673582946049464,0.075,S6_REVERSAL
2026-06-19 04:00:00+00:00,SOL,BUY,48.676467419208166,0.04867646741920817,0.075,S6_REVERSAL
2026-06-19 05:00:00+00:00,BTC,BUY,24.439791721170877,0.02443979172117088,0.075,S6_REVERSAL
2026-06-19 05:00:00+00:00,ETH,BUY,21.572911129342174,0.021572911129342173,0.075,S6_REVERSAL
2026-06-19 05:00:00+00:00,SOL,BUY,61.52061182998477,0.06152061182998477,0.075,S6_REVERSAL
2026-06-19 06:00:00+00:00,BTC,SELL,23.877113343603014,0.023877113343603016,0.075,S6_REVERSAL
2026-06-19 06:00:00+00:00,ETH,SELL,23.956344445291506,0.023956344445291506,0.075,S6_REVERSAL
2026-06-19 06:00:00+00:00,SOL,SELL,28.429576606046794,0.028429576606046794,0.075,S6_REVERSAL
2026-06-19 07:00:00+00:00,BTC,SELL,14.26455953545792,0.01426455953545792,0.075,S6_REVERSAL
2026-06-19 07:00:00+00:00,ETH,SELL,8.53102727787882,0.00853102727787882,0.075,S6_REVERSAL
2026-06-19 07:00:00+00:00,SOL,SELL,3.412826584846698,0.0034128265848466983,0.075,S6_REVERSAL
2026-06-19 08:00:00+00:00,BTC,BUY,22.271647817121448,0.02227164781712145,0.075,S6_REVERSAL
2026-06-19 08:00:00+00:00,ETH,BUY,11.50821900631854,0.011508219006318541,0.075,S6_REVERSAL
2026-06-19 08:00:00+00:00,SOL,BUY,31.310572893250537,0.03131057289325054,0.075,S6_REVERSAL
2026-06-19 09:00:00+00:00,BTC,BUY,5.629691664274105,0.005629691664274105,0.075,S6_REVERSAL
2026-06-19 09:00:00+00:00,ETH,SELL,5.69169809552659,0.00569169809552659,0.075,S6_REVERSAL
2026-06-19 09:00:00+00:00,SOL,SELL,29.01259277818008,0.02901259277818008,0.075,S6_REVERSAL
2026-06-19 10:00:00+00:00,BTC,BUY,16.131032752580722,0.016131032752580723,0.075,S6_REVERSAL
2026-06-19 10:00:00+00:00,ETH,BUY,27.852276207559953,0.027852276207559954,0.075,S6_REVERSAL
2026-06-19 10:00:00+00:00,SOL,BUY,29.518568930323454,0.029518568930323456,0.075,S6_REVERSAL
2026-06-19 11:00:00+00:00,BTC,SELL,13.485286357376935,0.013485286357376936,0.075,S6_REVERSAL
2026-06-19 11:00:00+00:00,ETH,SELL,11.522673833413137,0.011522673833413138,0.075,S6_REVERSAL
2026-06-19 11:00:00+00:00,SOL,BUY,3.106822664512947,0.0031068226645129472,0.075,S6_REVERSAL
2026-06-19 12:00:00+00:00,BTC,SELL,10.034191642649603,0.010034191642649603,0.075,S6_REVERSAL
2026-06-19 12:00:00+00:00,ETH,BUY,3.5004766665451825,0.0035004766665451825,0.075,S6_REVERSAL
2026-06-19 12:00:00+00:00,SOL,BUY,6.016852046826898,0.006016852046826898,0.075,S6_REVERSAL
2026-06-19 13:00:00+00:00,BTC,SELL,16.6237291516818,0.0166237291516818,0.075,S6_REVERSAL
2026-06-19 13:00:00+00:00,ETH,SELL,9.06701357019665,0.00906701357019665,0.075,S6_REVERSAL
2026-06-19 13:00:00+00:00,SOL,SELL,31.32874467896363,0.031328744678963634,0.075,S6_REVERSAL
2026-06-19 14:00:00+00:00,BTC,SELL,30.715282995643065,0.030715282995643065,0.075,S6_REVERSAL
2026-06-19 14:00:00+00:00,ETH,SELL,22.035470537332912,0.022035470537332912,0.075,S6_REVERSAL
2026-06-19 14:00:00+00:00,SOL,SELL,54.99997919544512,0.05499997919544512,0.075,S6_REVERSAL
2026-06-19 15:00:00+00:00,ETH,SELL,14.039881101772153,0.014039881101772154,0.075,S6_REVERSAL
2026-06-19 15:00:00+00:00,SOL,BUY,13.723241349026466,0.013723241349026466,0.075,S6_REVERSAL
2026-06-19 16:00:00+00:00,BTC,BUY,1.3576875396483956,0.0013576875396483956,0.075,S6_REVERSAL
2026-06-19 16:00:00+00:00,ETH,SELL,1.798848635228751,0.001798848635228751,0.075,S6_REVERSAL
2026-06-19 16:00:00+00:00,SOL,SELL,17.872898964882552,0.01787289896488255,0.075,S6_REVERSAL
2026-06-19 17:00:00+00:00,BTC,BUY,16.247022942054173,0.016247022942054174,0.075,S6_REVERSAL
2026-06-19 17:00:00+00:00,ETH,BUY,34.32714219426907,0.03432714219426907,0.075,S6_REVERSAL
2026-06-19 17:00:00+00:00,SOL,BUY,51.08774578410885,0.05108774578410885,0.075,S6_REVERSAL
2026-06-19 18:00:00+00:00,BTC,SELL,15.719242399942233,0.015719242399942233,0.075,S6_REVERSAL
2026-06-19 18:00:00+00:00,ETH,SELL,23.580406808927364,0.023580406808927364,0.075,S6_REVERSAL
2026-06-19 18:00:00+00:00,SOL,SELL,50.708074688483975,0.05070807468848398,0.075,S6_REVERSAL
2026-06-19 19:00:00+00:00,BTC,BUY,6.129847610453908,0.006129847610453908,0.075,S6_REVERSAL
2026-06-19 19:00:00+00:00,ETH,BUY,5.276064543597386,0.0052760645435973854,0.075,S6_REVERSAL
2026-06-19 19:00:00+00:00,SOL,BUY,23.18059856533273,0.02318059856533273,0.075,S6_REVERSAL
2026-06-19 20:00:00+00:00,BTC,BUY,7.785810347045299,0.007785810347045299,0.075,S6_REVERSAL
2026-06-19 20:00:00+00:00,ETH,BUY,4.165312209001968,0.004165312209001968,0.075,S6_REVERSAL
2026-06-19 20:00:00+00:00,SOL,BUY,6.135796756486343,0.006135796756486343,0.075,S6_REVERSAL
2026-06-19 21:00:00+00:00,BTC,SELL,18.422752056078025,0.018422752056078025,0.075,S6_REVERSAL
2026-06-19 21:00:00+00:00,ETH,SELL,24.802715528244335,0.024802715528244337,0.075,S6_REVERSAL
2026-06-19 21:00:00+00:00,SOL,SELL,21.387053482781994,0.021387053482781995,0.075,S6_REVERSAL
2026-06-19 22:00:00+00:00,BTC,BUY,13.487236715549443,0.013487236715549444,0.075,S6_REVERSAL
2026-06-19 22:00:00+00:00,ETH,BUY,22.45102097986637,0.02245102097986637,0.075,S6_REVERSAL
2026-06-19 22:00:00+00:00,SOL,BUY,18.35524028713735,0.01835524028713735,0.075,S6_REVERSAL
2026-06-19 23:00:00+00:00,BTC,SELL,19.11324473935747,0.01911324473935747,0.075,S6_REVERSAL
2026-06-19 23:00:00+00:00,ETH,SELL,15.644107384335259,0.01564410738433526,0.075,S6_REVERSAL
2026-06-19 23:00:00+00:00,SOL,SELL,34.72075711733305,0.03472075711733305,0.075,S6_REVERSAL
2026-06-20 00:00:00+00:00,BTC,SELL,6840.180872816272,6.840180872816273,0.0,CASH
2026-06-20 00:00:00+00:00,ETH,SELL,9.131100338611759,0.00913110033861176,0.075,S6_REVERSAL
2026-06-20 00:00:00+00:00,SOL,SELL,24.33158085913874,0.02433158085913874,0.075,S6_REVERSAL
2026-06-20 01:00:00+00:00,ETH,BUY,7.452581496324456,0.007452581496324456,0.075,S6_REVERSAL
2026-06-20 01:00:00+00:00,SOL,BUY,8.725732645851167,0.008725732645851168,0.075,S6_REVERSAL
2026-06-20 02:00:00+00:00,ETH,SELL,2.7022476489182736,0.002702247648918274,0.075,S6_REVERSAL
2026-06-20 02:00:00+00:00,SOL,SELL,15.982189857318192,0.015982189857318193,0.075,S6_REVERSAL
2026-06-20 03:00:00+00:00,ETH,BUY,17.568118269816296,0.017568118269816295,0.075,S6_REVERSAL
2026-06-20 03:00:00+00:00,SOL,BUY,11.144570059189391,0.01114457005918939,0.075,S6_REVERSAL
2026-06-20 04:00:00+00:00,ETH,SELL,9.824467264194027,0.009824467264194028,0.075,S6_REVERSAL
2026-06-20 04:00:00+00:00,SOL,SELL,29.784156999180595,0.029784156999180595,0.075,S6_REVERSAL
2026-06-20 05:00:00+00:00,ETH,SELL,13.36944406049679,0.01336944406049679,0.075,S6_REVERSAL
2026-06-20 05:00:00+00:00,SOL,SELL,76.82379043077617,0.07682379043077617,0.075,S6_REVERSAL
2026-06-20 06:00:00+00:00,ETH,SELL,39.69948410153302,0.03969948410153302,0.075,S6_REVERSAL
2026-06-20 06:00:00+00:00,SOL,SELL,6918.832319981654,6.918832319981655,0.0,CASH
2026-06-20 07:00:00+00:00,ETH,SELL,6845.834814023315,6.8458348140233145,0.0,CASH
2026-06-21 03:00:00+00:00,SOL,BUY,13678.236534073318,13.678236534073317,0.15,S3_TREND
2026-06-21 04:00:00+00:00,BTC,BUY,13684.297742269677,13.684297742269678,0.15,S3_TREND
2026-06-21 04:00:00+00:00,SOL,SELL,48.02508298009525,0.04802508298009525,0.15,S3_TREND
2026-06-21 05:00:00+00:00,BTC,BUY,19.70312480159555,0.01970312480159555,0.15,S3_TREND
2026-06-21 05:00:00+00:00,SOL,BUY,23.180030492798323,0.023180030492798324,0.15,S3_TREND
2026-06-21 06:00:00+00:00,BTC,SELL,6.243729361651276,0.006243729361651277,0.15,S3_TREND
2026-06-21 06:00:00+00:00,ETH,BUY,13661.76151946176,13.66176151946176,0.15,S3_TREND
2026-06-21 06:00:00+00:00,SOL,BUY,54.754407856979014,0.054754407856979014,0.15,S3_TREND
2026-06-21 07:00:00+00:00,BTC,SELL,2.881773359664294,0.002881773359664294,0.15,S3_TREND
2026-06-21 07:00:00+00:00,ETH,SELL,14.029752628845017,0.014029752628845017,0.15,S3_TREND
2026-06-21 07:00:00+00:00,SOL,SELL,22.814826613637702,0.022814826613637703,0.15,S3_TREND
2026-06-21 08:00:00+00:00,BTC,BUY,14.72088785039523,0.01472088785039523,0.15,S3_TREND
2026-06-21 08:00:00+00:00,ETH,BUY,20.58655644801911,0.02058655644801911,0.15,S3_TREND
2026-06-21 08:00:00+00:00,SOL,SELL,1.7096491963347944,0.0017096491963347945,0.15,S3_TREND
2026-06-21 09:00:00+00:00,BTC,BUY,26.77733328089198,0.02677733328089198,0.15,S3_TREND
2026-06-21 09:00:00+00:00,ETH,BUY,14.725745625992204,0.014725745625992204,0.15,S3_TREND
2026-06-21 09:00:00+00:00,SOL,SELL,1.5714359261419304,0.0015714359261419304,0.15,S3_TREND
2026-06-21 10:00:00+00:00,BTC,SELL,6.416376490116818,0.006416376490116818,0.15,S3_TREND
2026-06-21 10:00:00+00:00,ETH,BUY,6.304452357906484,0.006304452357906484,0.15,S3_TREND
2026-06-21 10:00:00+00:00,SOL,SELL,128.97862762683144,0.12897862762683143,0.15,S3_TREND
2026-06-21 11:00:00+00:00,BTC,SELL,33.67122567984552,0.03367122567984552,0.15,S3_TREND
2026-06-21 11:00:00+00:00,ETH,BUY,10.651915496035144,0.010651915496035145,0.15,S3_TREND
2026-06-21 11:00:00+00:00,SOL,BUY,23.780251383581344,0.023780251383581346,0.15,S3_TREND
2026-06-21 12:00:00+00:00,BTC,BUY,7.747030063557759,0.007747030063557759,0.15,S3_TREND
2026-06-21 12:00:00+00:00,ETH,BUY,14.932439546761088,0.014932439546761088,0.15,S3_TREND
2026-06-21 12:00:00+00:00,SOL,BUY,96.95274470759432,0.09695274470759432,0.15,S3_TREND
2026-06-21 13:00:00+00:00,BTC,BUY,8.685190954261998,0.008685190954261998,0.15,S3_TREND
2026-06-21 13:00:00+00:00,ETH,BUY,8.884883962620734,0.008884883962620735,0.15,S3_TREND
2026-06-21 13:00:00+00:00,SOL,SELL,68.25416851660884,0.06825416851660884,0.15,S3_TREND
2026-06-21 14:00:00+00:00,BTC,BUY,16.27360251488426,0.016273602514884262,0.15,S3_TREND
2026-06-21 14:00:00+00:00,ETH,BUY,11.430166617745272,0.011430166617745272,0.15,S3_TREND
2026-06-21 14:00:00+00:00,SOL,SELL,45.315470416546304,0.04531547041654631,0.15,S3_TREND
2026-06-21 15:00:00+00:00,BTC,BUY,9.187096995943648,0.009187096995943647,0.15,S3_TREND
2026-06-21 15:00:00+00:00,ETH,SELL,16.967661171520376,0.016967661171520376,0.15,S3_TREND
2026-06-21 15:00:00+00:00,SOL,SELL,25.955036143159305,0.025955036143159305,0.15,S3_TREND
2026-06-21 16:00:00+00:00,BTC,SELL,10.638015416039707,0.010638015416039707,0.15,S3_TREND
2026-06-21 16:00:00+00:00,ETH,SELL,11.883959581573436,0.011883959581573436,0.15,S3_TREND
2026-06-21 17:00:00+00:00,BTC,BUY,16.759759586690052,0.016759759586690053,0.15,S3_TREND
2026-06-21 17:00:00+00:00,ETH,BUY,20.157656897132256,0.020157656897132257,0.15,S3_TREND
2026-06-21 17:00:00+00:00,SOL,SELL,36.45601950526907,0.03645601950526907,0.15,S3_TREND
2026-06-21 18:00:00+00:00,BTC,SELL,4.549753989864257,0.0045497539898642575,0.15,S3_TREND
2026-06-21 18:00:00+00:00,ETH,BUY,3.018088513361363,0.003018088513361363,0.15,S3_TREND
2026-06-21 18:00:00+00:00,SOL,BUY,13.329882979818649,0.01332988297981865,0.15,S3_TREND
2026-06-21 19:00:00+00:00,BTC,SELL,2.8712882288928085,0.0028712882288928084,0.15,S3_TREND
2026-06-21 19:00:00+00:00,ETH,SELL,53.175312756411586,0.05317531275641159,0.15,S3_TREND
2026-06-21 19:00:00+00:00,SOL,BUY,17.79665759913587,0.01779665759913587,0.15,S3_TREND
2026-06-21 20:00:00+00:00,BTC,BUY,5.5221168028292595,0.005522116802829259,0.15,S3_TREND
2026-06-21 20:00:00+00:00,ETH,BUY,14.036829346150625,0.014036829346150626,0.15,S3_TREND
2026-06-21 20:00:00+00:00,SOL,SELL,34.65013197465487,0.03465013197465487,0.15,S3_TREND
2026-06-21 21:00:00+00:00,BTC,BUY,22.59004557506887,0.02259004557506887,0.15,S3_TREND
2026-06-21 21:00:00+00:00,ETH,BUY,47.23495938166525,0.04723495938166525,0.15,S3_TREND
2026-06-21 21:00:00+00:00,SOL,BUY,128.18120871283827,0.12818120871283828,0.15,S3_TREND
2026-06-21 22:00:00+00:00,BTC,SELL,4.092113004746352,0.004092113004746352,0.15,S3_TREND
2026-06-21 22:00:00+00:00,ETH,BUY,8.99753644887096,0.00899753644887096,0.15,S3_TREND
2026-06-21 22:00:00+00:00,SOL,BUY,41.23854937275428,0.04123854937275428,0.15,S3_TREND
2026-06-21 23:00:00+00:00,BTC,SELL,2.4919620686832786,0.0024919620686832786,0.15,S3_TREND
2026-06-21 23:00:00+00:00,ETH,BUY,3.675065423038177,0.003675065423038177,0.15,S3_TREND
2026-06-21 23:00:00+00:00,SOL,BUY,12.912268091125952,0.012912268091125953,0.15,S3_TREND
2026-06-22 00:00:00+00:00,BTC,BUY,59.913442947035946,0.05991344294703595,0.15,S3_TREND
2026-06-22 00:00:00+00:00,ETH,BUY,40.23383944490524,0.040233839444905245,0.15,S3_TREND
2026-06-22 00:00:00+00:00,SOL,BUY,63.537559798845905,0.0635375597988459,0.15,S3_TREND
2026-06-22 01:00:00+00:00,BTC,SELL,57.32647709385492,0.05732647709385492,0.15,S3_TREND
2026-06-22 01:00:00+00:00,ETH,SELL,91.25946684278824,0.09125946684278824,0.15,S3_TREND
2026-06-22 01:00:00+00:00,SOL,SELL,100.71452673333442,0.10071452673333442,0.15,S3_TREND
2026-06-22 02:00:00+00:00,BTC,SELL,81.03589283354995,0.08103589283354995,0.15,S3_TREND
2026-06-22 02:00:00+00:00,ETH,SELL,62.78255416219872,0.06278255416219872,0.15,S3_TREND
2026-06-22 02:00:00+00:00,SOL,SELL,115.40030076638324,0.11540030076638325,0.15,S3_TREND
2026-06-22 03:00:00+00:00,BTC,BUY,40.36879346304886,0.04036879346304886,0.15,S3_TREND
2026-06-22 03:00:00+00:00,ETH,BUY,18.079199332501958,0.018079199332501957,0.15,S3_TREND
2026-06-22 03:00:00+00:00,SOL,BUY,64.24122142057786,0.06424122142057787,0.15,S3_TREND
2026-06-22 04:00:00+00:00,BTC,BUY,34.18494409268715,0.034184944092687145,0.15,S3_TREND
2026-06-22 04:00:00+00:00,ETH,BUY,30.971459816439165,0.030971459816439166,0.15,S3_TREND
2026-06-22 04:00:00+00:00,SOL,BUY,31.156766974270795,0.031156766974270795,0.15,S3_TREND
2026-06-22 05:00:00+00:00,BTC,SELL,7.130947438061412,0.007130947438061412,0.15,S3_TREND
2026-06-22 05:00:00+00:00,ETH,SELL,22.075117730792044,0.022075117730792043,0.15,S3_TREND
2026-06-22 05:00:00+00:00,SOL,SELL,43.38942106258765,0.043389421062587655,0.15,S3_TREND
2026-06-22 06:00:00+00:00,BTC,SELL,22.4758816986905,0.0224758816986905,0.15,S3_TREND
2026-06-22 06:00:00+00:00,ETH,SELL,3.1678265555710823,0.0031678265555710825,0.15,S3_TREND
2026-06-22 06:00:00+00:00,SOL,SELL,7.615558402116221,0.007615558402116221,0.15,S3_TREND
2026-06-22 07:00:00+00:00,BTC,BUY,37.91169777889081,0.037911697778890814,0.15,S3_TREND
2026-06-22 07:00:00+00:00,ETH,SELL,2.9818928335989767,0.0029818928335989766,0.15,S3_TREND
2026-06-22 07:00:00+00:00,SOL,BUY,27.408718051679898,0.0274087180516799,0.15,S3_TREND
2026-06-22 08:00:00+00:00,BTC,SELL,16.29706616495605,0.01629706616495605,0.15,S3_TREND
2026-06-22 08:00:00+00:00,ETH,SELL,57.83107596880291,0.05783107596880291,0.15,S3_TREND
2026-06-22 08:00:00+00:00,SOL,SELL,39.5006467795447,0.0395006467795447,0.15,S3_TREND
2026-06-22 09:00:00+00:00,BTC,BUY,4.075089975818628,0.004075089975818628,0.15,S3_TREND
2026-06-22 09:00:00+00:00,ETH,SELL,17.026196287346465,0.017026196287346466,0.15,S3_TREND
2026-06-22 09:00:00+00:00,SOL,BUY,33.26248012381075,0.03326248012381075,0.15,S3_TREND
2026-06-22 10:00:00+00:00,ETH,BUY,7.276183250000031,0.007276183250000031,0.15,S3_TREND
2026-06-22 10:00:00+00:00,SOL,BUY,13.196056543094528,0.013196056543094529,0.15,S3_TREND
2026-06-22 11:00:00+00:00,BTC,BUY,2.701305296512146,0.002701305296512146,0.15,S3_TREND
2026-06-22 11:00:00+00:00,ETH,SELL,18.219425754872645,0.018219425754872644,0.15,S3_TREND
2026-06-22 11:00:00+00:00,SOL,BUY,6.034486132559323,0.006034486132559323,0.15,S3_TREND
2026-06-22 12:00:00+00:00,BTC,SELL,60.43089356236669,0.060430893562366694,0.15,S3_TREND
2026-06-22 12:00:00+00:00,ETH,SELL,97.59413494563341,0.09759413494563342,0.15,S3_TREND
2026-06-22 12:00:00+00:00,SOL,SELL,25.942499098753615,0.025942499098753614,0.15,S3_TREND
2026-06-22 13:00:00+00:00,BTC,SELL,86.61041635151196,0.08661041635151195,0.15,S3_TREND
2026-06-22 13:00:00+00:00,ETH,BUY,46.66228537688221,0.04666228537688221,0.15,S3_TREND
2026-06-22 13:00:00+00:00,SOL,SELL,26.417586731875417,0.026417586731875418,0.15,S3_TREND
2026-06-22 14:00:00+00:00,BTC,SELL,45.868133090405536,0.045868133090405536,0.15,S3_TREND
2026-06-22 14:00:00+00:00,ETH,SELL,60.849677719208564,0.060849677719208566,0.15,S3_TREND
2026-06-22 14:00:00+00:00,SOL,SELL,57.08006258124806,0.05708006258124806,0.15,S3_TREND
2026-06-22 15:00:00+00:00,BTC,BUY,38.25056194701756,0.03825056194701756,0.15,S3_TREND
2026-06-22 15:00:00+00:00,ETH,BUY,90.3061548591595,0.09030615485915951,0.15,S3_TREND
2026-06-22 15:00:00+00:00,SOL,BUY,192.36082269003055,0.19236082269003055,0.15,S3_TREND
2026-06-22 16:00:00+00:00,BTC,BUY,5.712345811107298,0.005712345811107298,0.15,S3_TREND
2026-06-22 16:00:00+00:00,ETH,BUY,52.60054055338151,0.05260054055338151,0.15,S3_TREND
2026-06-22 16:00:00+00:00,SOL,BUY,31.462892569226824,0.031462892569226825,0.15,S3_TREND
2026-06-22 17:00:00+00:00,BTC,BUY,9.933197794776788,0.009933197794776789,0.15,S3_TREND
2026-06-22 17:00:00+00:00,ETH,BUY,21.68090758389917,0.02168090758389917,0.15,S3_TREND
2026-06-22 17:00:00+00:00,SOL,BUY,22.625420051623223,0.022625420051623223,0.15,S3_TREND
2026-06-22 18:00:00+00:00,BTC,BUY,31.40022577806849,0.03140022577806849,0.15,S3_TREND
2026-06-22 18:00:00+00:00,SOL,SELL,55.37522493062716,0.055375224930627166,0.15,S3_TREND
2026-06-22 19:00:00+00:00,BTC,BUY,21.5781757210425,0.021578175721042498,0.15,S3_TREND
2026-06-22 19:00:00+00:00,ETH,BUY,23.117505190462907,0.02311750519046291,0.15,S3_TREND
2026-06-22 19:00:00+00:00,SOL,BUY,84.33391188433416,0.08433391188433416,0.15,S3_TREND
2026-06-22 20:00:00+00:00,BTC,SELL,21.750556999955734,0.021750556999955734,0.15,S3_TREND
2026-06-22 20:00:00+00:00,SOL,SELL,5.517082538057366,0.005517082538057366,0.15,S3_TREND
2026-06-22 21:00:00+00:00,BTC,BUY,10.089815309002006,0.010089815309002007,0.15,S3_TREND
2026-06-22 21:00:00+00:00,SOL,SELL,18.774764401758148,0.018774764401758147,0.15,S3_TREND
2026-06-22 22:00:00+00:00,BTC,BUY,15.94066685695907,0.01594066685695907,0.15,S3_TREND
2026-06-22 22:00:00+00:00,ETH,BUY,7.5252234210111055,0.0075252234210111055,0.15,S3_TREND
2026-06-22 22:00:00+00:00,SOL,BUY,6.9423073949838,0.0069423073949838,0.15,S3_TREND
2026-06-22 23:00:00+00:00,BTC,BUY,35.16396555079882,0.03516396555079882,0.15,S3_TREND
2026-06-22 23:00:00+00:00,ETH,BUY,28.59582378691266,0.028595823786912663,0.15,S3_TREND
2026-06-22 23:00:00+00:00,SOL,BUY,79.23708173069826,0.07923708173069827,0.15,S3_TREND
2026-06-23 00:00:00+00:00,BTC,SELL,8.621121847045288,0.008621121847045289,0.15,S3_TREND
2026-06-23 00:00:00+00:00,ETH,SELL,30.03897349952058,0.03003897349952058,0.15,S3_TREND
2026-06-23 00:00:00+00:00,SOL,BUY,31.98708204563991,0.03198708204563991,0.15,S3_TREND
2026-06-23 01:00:00+00:00,BTC,SELL,22.486308901792654,0.022486308901792654,0.15,S3_TREND
2026-06-23 01:00:00+00:00,ETH,SELL,17.966317661861467,0.017966317661861467,0.15,S3_TREND
2026-06-23 01:00:00+00:00,SOL,BUY,17.574271556795793,0.017574271556795792,0.15,S3_TREND
2026-06-23 02:00:00+00:00,BTC,SELL,6.074007144112329,0.006074007144112329,0.15,S3_TREND
2026-06-23 02:00:00+00:00,SOL,BUY,28.246404231616907,0.02824640423161691,0.15,S3_TREND
2026-06-23 03:00:00+00:00,BTC,BUY,1.7163639974969556,0.0017163639974969555,0.15,S3_TREND
2026-06-23 03:00:00+00:00,ETH,SELL,4.89065474277777,0.004890654742777769,0.15,S3_TREND
2026-06-23 03:00:00+00:00,SOL,SELL,41.258597033212936,0.04125859703321294,0.15,S3_TREND
2026-06-23 04:00:00+00:00,BTC,BUY,21.778565616725245,0.021778565616725247,0.15,S3_TREND
2026-06-23 04:00:00+00:00,ETH,BUY,13.895805275202292,0.013895805275202292,0.15,S3_TREND
2026-06-23 04:00:00+00:00,SOL,SELL,7.654764965935101,0.007654764965935101,0.15,S3_TREND
2026-06-23 05:00:00+00:00,BTC,BUY,52.07865174515973,0.052078651745159736,0.15,S3_TREND
2026-06-23 05:00:00+00:00,ETH,BUY,43.39154119363775,0.04339154119363775,0.15,S3_TREND
2026-06-23 05:00:00+00:00,SOL,BUY,58.31778697190748,0.05831778697190748,0.15,S3_TREND
2026-06-23 06:00:00+00:00,BTC,BUY,21.591977554617188,0.021591977554617187,0.15,S3_TREND
2026-06-23 06:00:00+00:00,ETH,BUY,17.909836595770685,0.017909836595770685,0.15,S3_TREND
2026-06-23 06:00:00+00:00,SOL,BUY,55.69797432960695,0.05569797432960695,0.15,S3_TREND
2026-06-23 07:00:00+00:00,BTC,BUY,39.09295784156893,0.03909295784156893,0.15,S3_TREND
2026-06-23 07:00:00+00:00,ETH,BUY,107.66116688664079,0.10766116688664079,0.15,S3_TREND
2026-06-23 07:00:00+00:00,SOL,BUY,73.46803913562326,0.07346803913562326,0.15,S3_TREND
2026-06-23 08:00:00+00:00,BTC,SELL,11.23348793967125,0.011233487939671249,0.15,S3_TREND
2026-06-23 08:00:00+00:00,ETH,BUY,52.03915609518481,0.05203915609518481,0.15,S3_TREND
2026-06-23 08:00:00+00:00,SOL,BUY,39.44201406925822,0.03944201406925822,0.15,S3_TREND
2026-06-23 09:00:00+00:00,BTC,BUY,12.029347299725487,0.012029347299725487,0.15,S3_TREND
2026-06-23 09:00:00+00:00,ETH,SELL,13193.424267437644,13.193424267437644,0.0,CASH
2026-06-23 09:00:00+00:00,SOL,BUY,155.04309411720897,0.15504309411720896,0.15,S3_TREND
2026-06-23 10:00:00+00:00,BTC,BUY,4.419598451613638,0.004419598451613638,0.15,S3_TREND
2026-06-23 10:00:00+00:00,ETH,BUY,13379.2853239094,13.3792853239094,0.15,S6_S8_REVERSAL
2026-06-23 10:00:00+00:00,SOL,SELL,38.40488793466102,0.03840488793466102,0.15,S3_TREND
2026-06-23 11:00:00+00:00,BTC,SELL,6679.725769991361,6.679725769991361,0.075,S6_REVERSAL
2026-06-23 11:00:00+00:00,ETH,SELL,18.653798046278098,0.0186537980462781,0.15,S6_S8_REVERSAL
2026-06-23 11:00:00+00:00,SOL,BUY,16.311699144616796,0.016311699144616797,0.15,S3_TREND
2026-06-23 12:00:00+00:00,BTC,SELL,5.831306808509908,0.005831306808509908,0.075,S6_REVERSAL
2026-06-23 12:00:00+00:00,ETH,SELL,40.0084961420398,0.0400084961420398,0.15,S6_S8_REVERSAL
2026-06-23 12:00:00+00:00,SOL,SELL,72.35616814352215,0.07235616814352215,0.15,S3_TREND
2026-06-23 13:00:00+00:00,BTC,BUY,15.90119720590883,0.01590119720590883,0.075,S6_REVERSAL
2026-06-23 13:00:00+00:00,ETH,BUY,29.425876141758636,0.029425876141758636,0.15,S6_S8_REVERSAL
2026-06-23 13:00:00+00:00,SOL,BUY,45.76264087351956,0.04576264087351956,0.15,S6_S8_REVERSAL
2026-06-23 14:00:00+00:00,BTC,SELL,13.590674384088743,0.013590674384088744,0.075,S6_REVERSAL
2026-06-23 14:00:00+00:00,ETH,SELL,46.98844052271852,0.04698844052271852,0.15,S6_S8_REVERSAL
2026-06-23 14:00:00+00:00,SOL,SELL,22.704257592627982,0.022704257592627983,0.15,S6_S8_REVERSAL
2026-06-23 15:00:00+00:00,BTC,SELL,2.1901226726295135,0.002190122672629514,0.075,S6_REVERSAL
2026-06-23 15:00:00+00:00,ETH,BUY,5.202610611955606,0.005202610611955606,0.15,S6_S8_REVERSAL
2026-06-23 16:00:00+00:00,BTC,SELL,4.745084115421378,0.004745084115421377,0.075,S6_REVERSAL
2026-06-23 16:00:00+00:00,ETH,BUY,7.959675858703122,0.007959675858703122,0.15,S6_S8_REVERSAL
2026-06-23 16:00:00+00:00,SOL,BUY,40.93820767635589,0.040938207676355885,0.15,S6_S8_REVERSAL
2026-06-23 17:00:00+00:00,BTC,SELL,7.809877968384171,0.007809877968384171,0.075,S6_REVERSAL
2026-06-23 17:00:00+00:00,ETH,BUY,2.9714572458306066,0.0029714572458306066,0.15,S6_S8_REVERSAL
2026-06-23 17:00:00+00:00,SOL,BUY,7.191318343739113,0.007191318343739113,0.15,S6_S8_REVERSAL
2026-06-23 18:00:00+00:00,BTC,BUY,16.6865105523475,0.0166865105523475,0.075,S6_REVERSAL
2026-06-23 18:00:00+00:00,ETH,BUY,10.58829810518182,0.010588298105181821,0.15,S6_S8_REVERSAL
2026-06-23 18:00:00+00:00,SOL,BUY,11.956175359337067,0.011956175359337066,0.15,S6_S8_REVERSAL
2026-06-23 19:00:00+00:00,BTC,BUY,12.45473695948749,0.01245473695948749,0.075,S6_REVERSAL
2026-06-23 19:00:00+00:00,ETH,BUY,10.7560479311378,0.0107560479311378,0.15,S6_S8_REVERSAL
2026-06-23 19:00:00+00:00,SOL,SELL,23.32262462401559,0.02332262462401559,0.15,S6_S8_REVERSAL
2026-06-23 20:00:00+00:00,BTC,SELL,11.17258368241437,0.01117258368241437,0.075,S6_REVERSAL
2026-06-23 20:00:00+00:00,ETH,SELL,47.747642801437905,0.04774764280143791,0.15,S6_S8_REVERSAL
2026-06-23 20:00:00+00:00,SOL,BUY,20.78984009828673,0.020789840098286733,0.15,S6_S8_REVERSAL
2026-06-23 21:00:00+00:00,BTC,SELL,4.603206672712986,0.004603206672712986,0.075,S6_REVERSAL
2026-06-23 21:00:00+00:00,ETH,SELL,4.046843217738569,0.00404684321773857,0.15,S6_S8_REVERSAL
2026-06-23 21:00:00+00:00,SOL,SELL,26.56985888143754,0.02656985888143754,0.15,S6_S8_REVERSAL
2026-06-23 22:00:00+00:00,BTC,SELL,7.582056308927349,0.007582056308927349,0.075,S6_REVERSAL
2026-06-23 22:00:00+00:00,ETH,SELL,8.577857911584942,0.008577857911584942,0.15,S6_S8_REVERSAL
2026-06-23 22:00:00+00:00,SOL,SELL,36.00791532605581,0.03600791532605581,0.15,S6_S8_REVERSAL
2026-06-23 23:00:00+00:00,BTC,BUY,3.924928540169276,0.003924928540169276,0.075,S6_REVERSAL
2026-06-23 23:00:00+00:00,ETH,BUY,22.409090826689862,0.022409090826689862,0.15,S6_S8_REVERSAL
2026-06-23 23:00:00+00:00,SOL,SELL,50.37486894824542,0.05037486894824542,0.15,S6_S8_REVERSAL
2026-06-24 00:00:00+00:00,BTC,SELL,10.82379529283844,0.01082379529283844,0.075,S6_REVERSAL
2026-06-24 00:00:00+00:00,ETH,SELL,10.487160306485748,0.010487160306485749,0.15,S6_S8_REVERSAL
2026-06-24 00:00:00+00:00,SOL,SELL,17.661834122554865,0.017661834122554867,0.15,S6_S8_REVERSAL
2026-06-24 01:00:00+00:00,BTC,SELL,20.7613750943201,0.020761375094320102,0.075,S6_REVERSAL
2026-06-24 01:00:00+00:00,ETH,SELL,15.873267087650675,0.015873267087650675,0.15,S6_S8_REVERSAL
2026-06-24 01:00:00+00:00,SOL,SELL,13480.708907811832,13.480708907811831,0.0,CASH
2026-06-24 02:00:00+00:00,BTC,BUY,7.865269727155464,0.007865269727155464,0.075,S6_REVERSAL
2026-06-24 02:00:00+00:00,ETH,SELL,12.49625420891607,0.01249625420891607,0.15,S6_S8_REVERSAL
2026-06-24 03:00:00+00:00,BTC,BUY,24.614041763043133,0.024614041763043132,0.075,S6_REVERSAL
2026-06-24 03:00:00+00:00,ETH,BUY,54.43598675815156,0.05443598675815156,0.15,S6_S8_REVERSAL
2026-06-24 04:00:00+00:00,BTC,SELL,8.299078060469583,0.008299078060469584,0.075,S6_REVERSAL
2026-06-24 04:00:00+00:00,ETH,SELL,16.510946856811643,0.016510946856811645,0.15,S6_S8_REVERSAL
2026-06-24 05:00:00+00:00,ETH,SELL,15.726430311357035,0.015726430311357037,0.15,S6_S8_REVERSAL
2026-06-24 06:00:00+00:00,BTC,SELL,11.14975567680085,0.01114975567680085,0.075,S6_REVERSAL
2026-06-24 06:00:00+00:00,ETH,SELL,35.152264552238194,0.035152264552238195,0.15,S6_S8_REVERSAL
2026-06-24 07:00:00+00:00,BTC,BUY,11.114474103665088,0.011114474103665088,0.075,S6_REVERSAL
2026-06-24 07:00:00+00:00,ETH,SELL,4.567219909316918,0.004567219909316919,0.15,S6_S8_REVERSAL
2026-06-24 08:00:00+00:00,BTC,BUY,11.019846805280395,0.011019846805280394,0.075,S6_REVERSAL
2026-06-24 08:00:00+00:00,ETH,BUY,10.042924545694405,0.010042924545694405,0.15,S6_S8_REVERSAL
2026-06-24 09:00:00+00:00,BTC,SELL,13.993771938682585,0.013993771938682585,0.075,S6_REVERSAL
2026-06-24 09:00:00+00:00,ETH,SELL,13436.80870330629,13.436808703306289,0.0,CASH
2026-06-24 10:00:00+00:00,BTC,BUY,10.69894375934473,0.01069894375934473,0.075,S6_REVERSAL
2026-06-24 11:00:00+00:00,BTC,BUY,23.363840315322705,0.023363840315322706,0.075,S6_REVERSAL
2026-06-24 12:00:00+00:00,BTC,SELL,47.27018755327936,0.04727018755327936,0.075,S6_REVERSAL
2026-06-24 13:00:00+00:00,BTC,BUY,29.91363791020649,0.02991363791020649,0.075,S6_REVERSAL
2026-06-24 14:00:00+00:00,BTC,SELL,6579.251979400961,6.579251979400961,0.0,CASH
2026-06-24 15:00:00+00:00,BTC,BUY,6705.785555146311,6.705785555146311,0.075,S6_REVERSAL
2026-06-24 16:00:00+00:00,BTC,BUY,87.09990817774815,0.08709990817774815,0.075,S6_REVERSAL
2026-06-24 16:00:00+00:00,ETH,BUY,6698.179688086887,6.698179688086887,0.075,S6_REVERSAL
2026-06-24 16:00:00+00:00,SOL,BUY,6698.179688086887,6.698179688086887,0.075,S6_REVERSAL
2026-06-24 17:00:00+00:00,BTC,SELL,6653.710445344402,6.653710445344402,0.0,CASH
2026-06-24 17:00:00+00:00,ETH,SELL,6581.360599538847,6.581360599538847,0.0,CASH
2026-06-24 17:00:00+00:00,SOL,BUY,60.52035351413633,0.06052035351413633,0.075,S6_REVERSAL
2026-06-24 18:00:00+00:00,BTC,BUY,6666.507719669941,6.666507719669942,0.075,S6_REVERSAL
2026-06-24 18:00:00+00:00,ETH,BUY,6666.507719669941,6.666507719669942,0.075,S6_REVERSAL
2026-06-24 18:00:00+00:00,SOL,SELL,6524.474511348371,6.524474511348371,0.0,CASH
2026-06-24 19:00:00+00:00,BTC,SELL,18.11588869053321,0.01811588869053321,0.075,S6_REVERSAL
2026-06-24 19:00:00+00:00,ETH,SELL,45.71335896231085,0.04571335896231085,0.075,S6_REVERSAL
2026-06-24 19:00:00+00:00,SOL,BUY,6670.387580643662,6.670387580643662,0.075,S6_REVERSAL
2026-06-24 20:00:00+00:00,BTC,SELL,32.99631065761423,0.032996310657614235,0.075,S6_REVERSAL
2026-06-24 20:00:00+00:00,ETH,SELL,45.16349326899672,0.04516349326899672,0.075,S6_REVERSAL
2026-06-24 20:00:00+00:00,SOL,SELL,1.98611538197747,0.00198611538197747,0.075,S6_REVERSAL
2026-06-24 21:00:00+00:00,BTC,SELL,81.79310256654571,0.08179310256654572,0.075,S6_REVERSAL
2026-06-24 21:00:00+00:00,ETH,SELL,93.05542130082722,0.09305542130082722,0.075,S6_REVERSAL
2026-06-24 21:00:00+00:00,SOL,SELL,128.20167569511977,0.12820167569511978,0.075,S6_REVERSAL
2026-06-24 22:00:00+00:00,BTC,SELL,10.384182016211525,0.010384182016211526,0.075,S6_REVERSAL
2026-06-24 22:00:00+00:00,ETH,SELL,25.611261348986776,0.025611261348986777,0.075,S6_REVERSAL
2026-06-24 22:00:00+00:00,SOL,SELL,32.08280753282543,0.03208280753282543,0.075,S6_REVERSAL
2026-06-24 23:00:00+00:00,BTC,BUY,20.362311433109426,0.020362311433109428,0.075,S6_REVERSAL
2026-06-24 23:00:00+00:00,ETH,BUY,18.949199477784532,0.018949199477784534,0.075,S6_REVERSAL
2026-06-24 23:00:00+00:00,SOL,BUY,18.10352410593805,0.01810352410593805,0.075,S6_REVERSAL
2026-06-25 00:00:00+00:00,BTC,SELL,16.62519398371751,0.01662519398371751,0.075,S6_REVERSAL
2026-06-25 00:00:00+00:00,ETH,SELL,22.090966766148085,0.022090966766148086,0.075,S6_REVERSAL
2026-06-25 00:00:00+00:00,SOL,SELL,21.831620378696243,0.021831620378696244,0.075,S6_REVERSAL
2026-06-25 01:00:00+00:00,BTC,BUY,21.10111916254391,0.02110111916254391,0.075,S6_REVERSAL
2026-06-25 01:00:00+00:00,ETH,BUY,6.725247519626464,0.006725247519626464,0.075,S6_REVERSAL
2026-06-25 01:00:00+00:00,SOL,BUY,33.48348641317989,0.03348348641317989,0.075,S6_REVERSAL
2026-06-25 02:00:00+00:00,BTC,SELL,8.033106290613432,0.008033106290613433,0.075,S6_REVERSAL
2026-06-25 02:00:00+00:00,ETH,SELL,4.117476856524263,0.004117476856524263,0.075,S6_REVERSAL
2026-06-25 02:00:00+00:00,SOL,SELL,14.28617865520846,0.01428617865520846,0.075,S6_REVERSAL
2026-06-25 03:00:00+00:00,BTC,BUY,12.180788361853047,0.012180788361853047,0.075,S6_REVERSAL
2026-06-25 03:00:00+00:00,ETH,SELL,3.177029830213542,0.003177029830213542,0.075,S6_REVERSAL
2026-06-25 03:00:00+00:00,SOL,BUY,11.81990473953465,0.01181990473953465,0.075,S6_REVERSAL
2026-06-25 04:00:00+00:00,BTC,SELL,9.44007985798271,0.00944007985798271,0.075,S6_REVERSAL
2026-06-25 04:00:00+00:00,ETH,BUY,5.685688683549415,0.005685688683549415,0.075,S6_REVERSAL
2026-06-25 04:00:00+00:00,SOL,BUY,4.842784787549135,0.004842784787549135,0.075,S6_REVERSAL
2026-06-25 05:00:00+00:00,BTC,SELL,37.791399296508644,0.03779139929650865,0.075,S6_REVERSAL
2026-06-25 05:00:00+00:00,ETH,SELL,49.47791779610816,0.04947791779610816,0.075,S6_REVERSAL
2026-06-25 05:00:00+00:00,SOL,SELL,61.86600884222662,0.06186600884222662,0.075,S6_REVERSAL
2026-06-25 06:00:00+00:00,BTC,SELL,17.10711490559879,0.017107114905598794,0.075,S6_REVERSAL
2026-06-25 06:00:00+00:00,ETH,SELL,35.16045049139484,0.035160450491394844,0.075,S6_REVERSAL
2026-06-25 06:00:00+00:00,SOL,SELL,45.532323091088074,0.045532323091088074,0.075,S6_REVERSAL
2026-06-25 07:00:00+00:00,BTC,SELL,6746.45995459216,6.746459954592161,0.0,CASH
2026-06-25 07:00:00+00:00,ETH,SELL,6764.996873239831,6.764996873239832,0.0,CASH
2026-06-25 07:00:00+00:00,SOL,SELL,37.04659633546453,0.03704659633546453,0.075,S6_REVERSAL
2026-06-25 08:00:00+00:00,SOL,SELL,6734.989072931244,6.734989072931244,0.0,CASH
2026-06-25 14:00:00+00:00,BTC,BUY,6737.056442844459,6.737056442844459,0.075,S6_REVERSAL
2026-06-25 14:00:00+00:00,ETH,BUY,6737.056442844459,6.737056442844459,0.075,S6_REVERSAL
2026-06-25 14:00:00+00:00,SOL,BUY,6737.056442844459,6.737056442844459,0.075,S6_REVERSAL
2026-06-25 15:00:00+00:00,BTC,SELL,100.88138810904184,0.10088138810904183,0.075,S6_REVERSAL
2026-06-25 15:00:00+00:00,ETH,SELL,96.89009935094691,0.09689009935094692,0.075,S6_REVERSAL
2026-06-25 15:00:00+00:00,SOL,SELL,188.99095471126384,0.18899095471126384,0.075,S6_REVERSAL
2026-06-25 16:00:00+00:00,BTC,SELL,8.992236965213124,0.008992236965213124,0.075,S6_REVERSAL
2026-06-25 16:00:00+00:00,ETH,SELL,6.22358086715849,0.00622358086715849,0.075,S6_REVERSAL
2026-06-25 16:00:00+00:00,SOL,BUY,5.9603618733126495,0.00596036187331265,0.075,S6_REVERSAL
2026-06-25 17:00:00+00:00,BTC,BUY,20.625553434641915,0.020625553434641914,0.075,S6_REVERSAL
2026-06-25 17:00:00+00:00,ETH,BUY,27.106915349192604,0.027106915349192604,0.075,S6_REVERSAL
2026-06-25 17:00:00+00:00,SOL,BUY,27.447331153463892,0.027447331153463893,0.075,S6_REVERSAL
2026-06-25 18:00:00+00:00,BTC,SELL,25.395118289459788,0.025395118289459787,0.075,S6_REVERSAL
2026-06-25 18:00:00+00:00,ETH,SELL,39.73552268366166,0.03973552268366166,0.075,S6_REVERSAL
2026-06-25 18:00:00+00:00,SOL,SELL,100.84929731475131,0.10084929731475131,0.075,S6_REVERSAL
2026-06-25 19:00:00+00:00,BTC,BUY,7.728563293716434,0.007728563293716434,0.075,S6_REVERSAL
2026-06-25 19:00:00+00:00,ETH,BUY,20.86546368856125,0.02086546368856125,0.075,S6_REVERSAL
2026-06-25 19:00:00+00:00,SOL,BUY,83.14288171871158,0.08314288171871158,0.075,S6_REVERSAL
2026-06-25 20:00:00+00:00,BTC,BUY,17.634268577447983,0.017634268577447983,0.075,S6_REVERSAL
2026-06-25 20:00:00+00:00,ETH,BUY,30.91193177351124,0.03091193177351124,0.075,S6_REVERSAL
2026-06-25 20:00:00+00:00,SOL,SELL,4.2933474052651945,0.004293347405265195,0.075,S6_REVERSAL
2026-06-25 21:00:00+00:00,BTC,SELL,13.431797496254148,0.01343179749625415,0.075,S6_REVERSAL
2026-06-25 21:00:00+00:00,ETH,SELL,1.837795995667875,0.0018377959956678751,0.075,S6_REVERSAL
2026-06-25 21:00:00+00:00,SOL,SELL,7.046762811960434,0.0070467628119604345,0.075,S6_REVERSAL
2026-06-25 22:00:00+00:00,BTC,SELL,65.23050682640041,0.06523050682640041,0.075,S6_REVERSAL
2026-06-25 22:00:00+00:00,ETH,SELL,67.87735669775338,0.06787735669775338,0.075,S6_REVERSAL
2026-06-25 22:00:00+00:00,SOL,SELL,81.37597132055453,0.08137597132055453,0.075,S6_REVERSAL
2026-06-25 23:00:00+00:00,BTC,BUY,33.31586451329258,0.03331586451329258,0.075,S6_REVERSAL
2026-06-25 23:00:00+00:00,ETH,BUY,37.62550820546039,0.037625508205460394,0.075,S6_REVERSAL
2026-06-25 23:00:00+00:00,SOL,BUY,4.763464866132381,0.004763464866132381,0.075,S6_REVERSAL
2026-06-26 00:00:00+00:00,BTC,BUY,9.38501578576961,0.00938501578576961,0.075,S6_REVERSAL
2026-06-26 00:00:00+00:00,ETH,BUY,13.463437216994862,0.013463437216994863,0.075,S6_REVERSAL
2026-06-26 00:00:00+00:00,SOL,SELL,53.587907412796994,0.053587907412796995,0.075,S6_REVERSAL
2026-06-26 01:00:00+00:00,BTC,BUY,12.517534876932586,0.012517534876932588,0.075,S6_REVERSAL
2026-06-26 01:00:00+00:00,ETH,BUY,11.589386541816566,0.011589386541816566,0.075,S6_REVERSAL
2026-06-26 01:00:00+00:00,SOL,SELL,3.961009652633038,0.0039610096526330385,0.075,S6_REVERSAL
2026-06-26 02:00:00+00:00,BTC,BUY,20.124429533990224,0.020124429533990223,0.075,S6_REVERSAL
2026-06-26 02:00:00+00:00,ETH,BUY,13.28131543937343,0.01328131543937343,0.075,S6_REVERSAL
2026-06-26 02:00:00+00:00,SOL,BUY,35.3984289815462,0.0353984289815462,0.075,S6_REVERSAL
2026-06-26 03:00:00+00:00,BTC,BUY,71.78317187003722,0.07178317187003723,0.075,S6_REVERSAL
2026-06-26 03:00:00+00:00,ETH,BUY,126.53772569719058,0.12653772569719057,0.075,S6_REVERSAL
2026-06-26 03:00:00+00:00,SOL,BUY,84.37672177785225,0.08437672177785226,0.075,S6_REVERSAL
2026-06-26 04:00:00+00:00,BTC,SELL,130.7656866525631,0.1307656866525631,0.075,S6_REVERSAL
2026-06-26 04:00:00+00:00,ETH,SELL,107.9827587164009,0.1079827587164009,0.075,S6_REVERSAL
2026-06-26 04:00:00+00:00,SOL,SELL,165.78286954181294,0.16578286954181295,0.075,S6_REVERSAL
2026-06-26 05:00:00+00:00,BTC,BUY,8.277188640996428,0.008277188640996429,0.075,S6_REVERSAL
2026-06-26 05:00:00+00:00,ETH,BUY,30.639997486444372,0.030639997486444373,0.075,S6_REVERSAL
2026-06-26 05:00:00+00:00,SOL,BUY,10.140168817711128,0.010140168817711128,0.075,S6_REVERSAL
2026-06-26 06:00:00+00:00,ETH,SELL,21.290620253435918,0.021290620253435918,0.075,S6_REVERSAL
2026-06-26 06:00:00+00:00,SOL,SELL,25.450453628843206,0.025450453628843208,0.075,S6_REVERSAL
2026-06-26 07:00:00+00:00,BTC,SELL,20.941994274394347,0.020941994274394346,0.075,S6_REVERSAL
2026-06-26 07:00:00+00:00,ETH,SELL,46.55441412360324,0.04655441412360324,0.075,S6_REVERSAL
2026-06-26 07:00:00+00:00,SOL,SELL,6950.211847116912,6.950211847116913,0.0,CASH
2026-06-26 08:00:00+00:00,BTC,SELL,18.9527052276635,0.0189527052276635,0.075,S6_REVERSAL
2026-06-26 08:00:00+00:00,ETH,SELL,39.335877787879326,0.03933587778787933,0.075,S6_REVERSAL
2026-06-26 09:00:00+00:00,BTC,BUY,25.03820671315134,0.02503820671315134,0.075,S6_REVERSAL
2026-06-26 09:00:00+00:00,ETH,BUY,56.09363168526943,0.05609363168526943,0.075,S6_REVERSAL
2026-06-26 10:00:00+00:00,BTC,BUY,48.893473986465324,0.048893473986465326,0.075,S6_REVERSAL
2026-06-26 10:00:00+00:00,ETH,BUY,49.72971803855944,0.04972971803855944,0.075,S6_REVERSAL
2026-06-26 11:00:00+00:00,BTC,BUY,42.969306621590476,0.04296930662159048,0.075,S6_REVERSAL
2026-06-26 11:00:00+00:00,ETH,BUY,15.130039743861744,0.015130039743861744,0.075,S6_REVERSAL
2026-06-26 12:00:00+00:00,BTC,SELL,11.65085624299627,0.01165085624299627,0.075,S6_REVERSAL
2026-06-26 12:00:00+00:00,ETH,BUY,13.879517674952695,0.013879517674952695,0.075,S6_REVERSAL
2026-06-26 13:00:00+00:00,BTC,BUY,21.21001065021028,0.02121001065021028,0.075,S6_REVERSAL
2026-06-26 13:00:00+00:00,ETH,BUY,34.06614277440076,0.03406614277440076,0.075,S6_REVERSAL
2026-06-26 14:00:00+00:00,BTC,SELL,94.09049619423968,0.09409049619423968,0.075,S6_REVERSAL
2026-06-26 14:00:00+00:00,ETH,SELL,126.79045606455384,0.12679045606455383,0.075,S6_REVERSAL
2026-06-26 15:00:00+00:00,BTC,BUY,58.09481203986343,0.05809481203986343,0.075,S6_REVERSAL
2026-06-26 15:00:00+00:00,ETH,BUY,32.81425318629772,0.03281425318629772,0.075,S6_REVERSAL
2026-06-26 16:00:00+00:00,BTC,SELL,71.24429475215038,0.07124429475215038,0.075,S6_REVERSAL
2026-06-26 16:00:00+00:00,ETH,SELL,74.9262870546936,0.0749262870546936,0.075,S6_REVERSAL
2026-06-26 17:00:00+00:00,BTC,BUY,29.158684478592477,0.02915868447859248,0.075,S6_REVERSAL
2026-06-26 17:00:00+00:00,ETH,BUY,6.734611028710788,0.006734611028710788,0.075,S6_REVERSAL
2026-06-26 18:00:00+00:00,BTC,BUY,3.1846813150305024,0.0031846813150305025,0.075,S6_REVERSAL
2026-06-26 18:00:00+00:00,ETH,SELL,16.438684960383398,0.0164386849603834,0.075,S6_REVERSAL
2026-06-26 19:00:00+00:00,BTC,BUY,34.58721073336346,0.03458721073336346,0.075,S6_REVERSAL
2026-06-26 19:00:00+00:00,ETH,BUY,31.053449779376933,0.031053449779376935,0.075,S6_REVERSAL
2026-06-26 20:00:00+00:00,BTC,SELL,8.48315581026418,0.00848315581026418,0.075,S6_REVERSAL
2026-06-26 20:00:00+00:00,ETH,SELL,3.926962134837595,0.003926962134837595,0.075,S6_REVERSAL
2026-06-26 21:00:00+00:00,BTC,BUY,2.4462900196322153,0.0024462900196322154,0.075,S6_REVERSAL
2026-06-26 21:00:00+00:00,ETH,BUY,13.660774178768406,0.013660774178768407,0.075,S6_REVERSAL
2026-06-26 22:00:00+00:00,BTC,SELL,19.80404551268566,0.01980404551268566,0.075,S6_REVERSAL
2026-06-26 22:00:00+00:00,ETH,SELL,14.909974213238456,0.014909974213238456,0.075,S6_REVERSAL
2026-06-26 23:00:00+00:00,BTC,SELL,12.690938679110332,0.012690938679110331,0.075,S6_REVERSAL
2026-06-26 23:00:00+00:00,ETH,SELL,9.972591442970042,0.009972591442970042,0.075,S6_REVERSAL
2026-06-26 23:00:00+00:00,SOL,BUY,13616.705364010339,13.61670536401034,0.15,S3_TREND
2026-06-27 00:00:00+00:00,BTC,SELL,4.813265897699239,0.004813265897699239,0.075,S6_REVERSAL
2026-06-27 00:00:00+00:00,ETH,SELL,2.4198276965098557,0.0024198276965098557,0.075,S6_REVERSAL
2026-06-27 00:00:00+00:00,SOL,SELL,13.621476963498935,0.013621476963498936,0.15,S3_TREND
2026-06-27 01:00:00+00:00,BTC,BUY,2.4070252419996905,0.0024070252419996904,0.075,S6_REVERSAL
2026-06-27 01:00:00+00:00,ETH,BUY,6.060541336830283,0.006060541336830283,0.075,S6_REVERSAL
2026-06-27 01:00:00+00:00,SOL,BUY,9.420710142481767,0.009420710142481767,0.15,S3_TREND
2026-06-27 02:00:00+00:00,BTC,BUY,6.091743778829368,0.006091743778829368,0.075,S6_REVERSAL
2026-06-27 02:00:00+00:00,ETH,SELL,3.1962271996908385,0.0031962271996908384,0.075,S6_REVERSAL
2026-06-27 02:00:00+00:00,SOL,BUY,60.36056520497186,0.060360565204971864,0.15,S3_TREND
2026-06-27 03:00:00+00:00,BTC,SELL,24.27918441566544,0.024279184415665442,0.075,S6_REVERSAL
2026-06-27 03:00:00+00:00,ETH,SELL,6831.193443569957,6.831193443569957,0.0,CASH
2026-06-27 03:00:00+00:00,SOL,SELL,97.95598358808638,0.09795598358808638,0.15,S3_TREND
2026-06-27 04:00:00+00:00,SOL,SELL,24.87690768520406,0.02487690768520406,0.15,S3_TREND
2026-06-27 05:00:00+00:00,BTC,BUY,2.1625159600871484,0.0021625159600871485,0.075,S6_REVERSAL
2026-06-27 05:00:00+00:00,SOL,BUY,51.806151324826715,0.051806151324826716,0.15,S3_TREND
2026-06-27 06:00:00+00:00,BTC,SELL,1.3687024248993112,0.0013687024248993111,0.075,S6_REVERSAL
2026-06-27 06:00:00+00:00,SOL,BUY,19.25548259640709,0.01925548259640709,0.15,S3_TREND
2026-06-27 07:00:00+00:00,BTC,SELL,9.450018196226665,0.009450018196226666,0.075,S6_REVERSAL
2026-06-27 07:00:00+00:00,SOL,SELL,49.322220964741064,0.049322220964741065,0.15,S3_TREND
2026-06-27 08:00:00+00:00,BTC,SELL,15.982161085854388,0.015982161085854388,0.075,S6_REVERSAL
2026-06-27 08:00:00+00:00,SOL,SELL,25.918567909691774,0.025918567909691773,0.15,S3_TREND
2026-06-27 09:00:00+00:00,BTC,SELL,6809.366339785103,6.809366339785103,0.0,CASH
2026-06-27 09:00:00+00:00,SOL,BUY,43.33110003722868,0.04333110003722868,0.15,S3_TREND
2026-06-27 10:00:00+00:00,SOL,BUY,27.92375426489707,0.02792375426489707,0.15,S3_TREND
2026-06-27 11:00:00+00:00,SOL,SELL,30.62703823055926,0.03062703823055926,0.15,S3_TREND
2026-06-27 12:00:00+00:00,SOL,BUY,36.98205658968436,0.03698205658968436,0.15,S3_TREND
2026-06-27 13:00:00+00:00,SOL,SELL,58.05528574675372,0.05805528574675372,0.15,S3_TREND
2026-06-27 14:00:00+00:00,SOL,SELL,30.516155757710294,0.030516155757710293,0.15,S3_TREND
2026-06-27 15:00:00+00:00,SOL,SELL,56.077043222334396,0.056077043222334394,0.15,S3_TREND
2026-06-27 16:00:00+00:00,SOL,SELL,19.15459023680341,0.019154590236803413,0.15,S3_TREND
2026-06-27 17:00:00+00:00,SOL,BUY,30.269434556197666,0.030269434556197666,0.15,S3_TREND
2026-06-27 18:00:00+00:00,SOL,BUY,94.20791897158597,0.09420791897158597,0.15,S3_TREND
2026-06-27 19:00:00+00:00,SOL,BUY,20.88902895573483,0.02088902895573483,0.15,S3_TREND
2026-06-27 20:00:00+00:00,SOL,BUY,130.43960722632255,0.13043960722632256,0.15,S3_TREND
2026-06-27 21:00:00+00:00,SOL,SELL,32.53948709355427,0.032539487093554274,0.15,S3_TREND
2026-06-27 22:00:00+00:00,SOL,BUY,53.5249939409332,0.0535249939409332,0.15,S3_TREND
2026-06-27 23:00:00+00:00,SOL,SELL,17.921827371457766,0.017921827371457765,0.15,S3_TREND
2026-06-28 00:00:00+00:00,SOL,BUY,97.58036929989794,0.09758036929989794,0.15,S3_TREND
2026-06-28 01:00:00+00:00,SOL,SELL,37.69210938832657,0.037692109388326574,0.15,S3_TREND
2026-06-28 02:00:00+00:00,SOL,SELL,19.609101849060607,0.019609101849060607,0.15,S3_TREND
2026-06-28 03:00:00+00:00,SOL,BUY,19.572272218072612,0.019572272218072614,0.15,S3_TREND
2026-06-28 04:00:00+00:00,SOL,SELL,22.873619133313696,0.022873619133313695,0.15,S3_TREND
2026-06-28 05:00:00+00:00,SOL,BUY,14.674456861706858,0.014674456861706858,0.15,S3_TREND
2026-06-28 06:00:00+00:00,BTC,BUY,13585.954757170372,13.585954757170372,0.15,S3_TREND
2026-06-28 06:00:00+00:00,ETH,BUY,6792.977378585186,6.792977378585186,0.075,S6_REVERSAL
2026-06-28 06:00:00+00:00,SOL,BUY,40.81377244539544,0.04081377244539544,0.15,S3_TREND
2026-06-28 07:00:00+00:00,BTC,SELL,8.575196063842668,0.008575196063842667,0.15,S3_TREND
2026-06-28 07:00:00+00:00,ETH,BUY,3.014518284114274,0.003014518284114274,0.075,S6_REVERSAL
2026-06-28 07:00:00+00:00,SOL,BUY,7.999676101280784,0.007999676101280783,0.15,S3_TREND
2026-06-28 08:00:00+00:00,BTC,SELL,18.299137231322675,0.018299137231322676,0.15,S3_TREND
2026-06-28 08:00:00+00:00,ETH,SELL,19.696107364326053,0.019696107364326053,0.075,S6_REVERSAL
2026-06-28 08:00:00+00:00,SOL,SELL,90.58818742050425,0.09058818742050426,0.15,S3_TREND
2026-06-28 09:00:00+00:00,BTC,SELL,1.358292918161169,0.001358292918161169,0.15,S3_TREND
2026-06-28 09:00:00+00:00,ETH,BUY,6813.9404155005805,6.81394041550058,0.15,S3_TREND
2026-06-28 09:00:00+00:00,SOL,SELL,126.39124534101211,0.12639124534101212,0.15,S3_TREND
2026-06-28 10:00:00+00:00,BTC,BUY,6.263030301375693,0.006263030301375693,0.15,S3_TREND
2026-06-28 10:00:00+00:00,ETH,BUY,2.7072486920205847,0.0027072486920205847,0.15,S3_TREND
2026-06-28 10:00:00+00:00,SOL,BUY,53.23985901284868,0.05323985901284868,0.15,S3_TREND
2026-06-28 11:00:00+00:00,BTC,BUY,13.785635315336549,0.01378563531533655,0.15,S3_TREND
2026-06-28 11:00:00+00:00,ETH,BUY,9.518661049185539,0.009518661049185539,0.15,S3_TREND
2026-06-28 11:00:00+00:00,SOL,BUY,2.476022212775206,0.002476022212775206,0.15,S3_TREND
2026-06-28 12:00:00+00:00,BTC,SELL,13.768962553051097,0.013768962553051097,0.15,S3_TREND
2026-06-28 12:00:00+00:00,ETH,SELL,23.313143566350846,0.023313143566350846,0.15,S3_TREND
2026-06-28 12:00:00+00:00,SOL,SELL,57.922884673726,0.057922884673726006,0.15,S3_TREND
2026-06-28 13:00:00+00:00,BTC,BUY,8.787428690087836,0.008787428690087836,0.15,S3_TREND
2026-06-28 13:00:00+00:00,ETH,SELL,8.210426926634682,0.008210426926634682,0.15,S3_TREND
2026-06-28 13:00:00+00:00,SOL,BUY,7.30885023007977,0.00730885023007977,0.15,S3_TREND
2026-06-28 14:00:00+00:00,BTC,BUY,33.90063489347631,0.033900634893476306,0.15,S3_TREND
2026-06-28 14:00:00+00:00,ETH,BUY,17.184856434483663,0.017184856434483663,0.15,S3_TREND
2026-06-28 14:00:00+00:00,SOL,BUY,8.435702243936248,0.008435702243936248,0.15,S3_TREND
2026-06-28 15:00:00+00:00,BTC,BUY,7.627289200156156,0.007627289200156156,0.15,S3_TREND
2026-06-28 15:00:00+00:00,ETH,SELL,17.321029391499906,0.017321029391499907,0.15,S3_TREND
2026-06-28 15:00:00+00:00,SOL,BUY,14.002821659658366,0.014002821659658366,0.15,S3_TREND
2026-06-28 16:00:00+00:00,BTC,BUY,38.936934849194586,0.03893693484919459,0.15,S3_TREND
2026-06-28 16:00:00+00:00,ETH,BUY,12.16022205385525,0.01216022205385525,0.15,S3_TREND
2026-06-28 16:00:00+00:00,SOL,SELL,75.192367492029,0.07519236749202901,0.15,S3_TREND
2026-06-28 17:00:00+00:00,BTC,BUY,13.16405445125929,0.01316405445125929,0.15,S3_TREND
2026-06-28 17:00:00+00:00,ETH,BUY,37.201104446532554,0.03720110444653255,0.15,S3_TREND
2026-06-28 17:00:00+00:00,SOL,BUY,67.91897059603252,0.06791897059603252,0.15,S3_TREND
2026-06-28 18:00:00+00:00,BTC,BUY,19.307840814575684,0.019307840814575684,0.15,S3_TREND
2026-06-28 18:00:00+00:00,SOL,SELL,2.626057485487763,0.002626057485487763,0.15,S3_TREND
2026-06-28 19:00:00+00:00,BTC,SELL,16.78014021746276,0.01678014021746276,0.15,S3_TREND
2026-06-28 19:00:00+00:00,ETH,SELL,5.735471541076549,0.00573547154107655,0.15,S3_TREND
2026-06-28 19:00:00+00:00,SOL,BUY,60.01016689712742,0.06001016689712742,0.15,S3_TREND
2026-06-28 20:00:00+00:00,BTC,BUY,3.4960663749661762,0.003496066374966176,0.15,S3_TREND
2026-06-28 20:00:00+00:00,ETH,BUY,35.31463494845957,0.03531463494845957,0.15,S3_TREND
2026-06-28 20:00:00+00:00,SOL,BUY,59.13992924846207,0.05913992924846207,0.15,S3_TREND
2026-06-28 21:00:00+00:00,BTC,SELL,17.914121493229686,0.017914121493229688,0.15,S3_TREND
2026-06-28 21:00:00+00:00,ETH,SELL,51.724876164793386,0.05172487616479339,0.15,S3_TREND
2026-06-28 21:00:00+00:00,SOL,SELL,13.712273661672953,0.013712273661672953,0.15,S3_TREND
2026-06-28 22:00:00+00:00,BTC,BUY,16.083031660211418,0.016083031660211418,0.15,S3_TREND
2026-06-28 22:00:00+00:00,ETH,BUY,49.970847491806126,0.04997084749180613,0.15,S3_TREND
2026-06-28 22:00:00+00:00,SOL,BUY,53.52919999097685,0.05352919999097685,0.15,S3_TREND
2026-06-28 23:00:00+00:00,BTC,BUY,57.95575905478654,0.05795575905478654,0.15,S3_TREND
2026-06-28 23:00:00+00:00,ETH,BUY,28.34333850611074,0.02834333850611074,0.15,S3_TREND
2026-06-28 23:00:00+00:00,SOL,BUY,17.732397933275934,0.017732397933275933,0.15,S3_TREND
2026-06-29 00:00:00+00:00,BTC,SELL,46.360768961923895,0.0463607689619239,0.15,S3_TREND
2026-06-29 00:00:00+00:00,ETH,SELL,58.823834112352415,0.05882383411235242,0.15,S3_TREND
2026-06-29 00:00:00+00:00,SOL,SELL,152.92451369145783,0.15292451369145785,0.15,S3_TREND
2026-06-29 01:00:00+00:00,BTC,SELL,7.740834352136517,0.007740834352136517,0.15,S3_TREND
2026-06-29 01:00:00+00:00,SOL,SELL,38.6090824813582,0.0386090824813582,0.15,S3_TREND
2026-06-29 02:00:00+00:00,BTC,BUY,32.70395917430869,0.0327039591743087,0.15,S3_TREND
2026-06-29 02:00:00+00:00,ETH,BUY,22.053363640685347,0.022053363640685348,0.15,S3_TREND
2026-06-29 02:00:00+00:00,SOL,BUY,13.44093018703461,0.01344093018703461,0.15,S3_TREND
2026-06-29 03:00:00+00:00,BTC,SELL,31.29217583533864,0.03129217583533864,0.15,S3_TREND
2026-06-29 03:00:00+00:00,ETH,SELL,27.28060710091995,0.02728060710091995,0.15,S3_TREND
2026-06-29 03:00:00+00:00,SOL,SELL,91.9622637993507,0.0919622637993507,0.15,S3_TREND
2026-06-29 04:00:00+00:00,BTC,SELL,32.144146857697706,0.03214414685769771,0.15,S3_TREND
2026-06-29 04:00:00+00:00,ETH,SELL,36.176219054015746,0.036176219054015746,0.15,S3_TREND
2026-06-29 04:00:00+00:00,SOL,SELL,58.05100304069674,0.05805100304069674,0.15,S3_TREND
2026-06-29 05:00:00+00:00,BTC,BUY,2.5154451029757183,0.0025154451029757185,0.15,S3_TREND
2026-06-29 05:00:00+00:00,ETH,BUY,32.497159231112164,0.03249715923111216,0.15,S3_TREND
2026-06-29 05:00:00+00:00,SOL,BUY,138.6494100994678,0.1386494100994678,0.15,S3_TREND
2026-06-29 06:00:00+00:00,BTC,SELL,24.700478579070477,0.024700478579070477,0.15,S3_TREND
2026-06-29 06:00:00+00:00,ETH,SELL,28.299885752063343,0.028299885752063342,0.15,S3_TREND
2026-06-29 06:00:00+00:00,SOL,SELL,84.15220351571587,0.08415220351571587,0.15,S3_TREND
2026-06-29 07:00:00+00:00,BTC,BUY,6.585081898947465,0.006585081898947465,0.15,S3_TREND
2026-06-29 07:00:00+00:00,ETH,BUY,2.79965289386746,0.00279965289386746,0.15,S3_TREND
2026-06-29 07:00:00+00:00,SOL,SELL,10.936075961049937,0.010936075961049938,0.15,S3_TREND
2026-06-29 08:00:00+00:00,BTC,BUY,15.459499068847435,0.015459499068847436,0.15,S3_TREND
2026-06-29 08:00:00+00:00,ETH,BUY,27.06682811672181,0.02706682811672181,0.15,S3_TREND
2026-06-29 08:00:00+00:00,SOL,SELL,58.004161534876395,0.0580041615348764,0.15,S3_TREND
2026-06-29 09:00:00+00:00,BTC,BUY,26.62649646562022,0.026626496465620222,0.15,S3_TREND
2026-06-29 09:00:00+00:00,ETH,BUY,46.44362509015809,0.04644362509015809,0.15,S3_TREND
2026-06-29 09:00:00+00:00,SOL,SELL,15.679425438105682,0.01567942543810568,0.15,S3_TREND
2026-06-29 10:00:00+00:00,BTC,SELL,31.670795128340615,0.03167079512834062,0.15,S3_TREND
2026-06-29 10:00:00+00:00,ETH,SELL,10.136131529079648,0.010136131529079648,0.15,S3_TREND
2026-06-29 10:00:00+00:00,SOL,SELL,23.476591459890187,0.023476591459890186,0.15,S3_TREND
2026-06-29 11:00:00+00:00,BTC,BUY,5.823085598485704,0.005823085598485704,0.15,S3_TREND
2026-06-29 11:00:00+00:00,ETH,SELL,7.920393855945804,0.007920393855945803,0.15,S3_TREND
2026-06-29 11:00:00+00:00,SOL,SELL,6879.1435797487475,6.879143579748748,0.075,S6_REVERSAL
2026-06-29 12:00:00+00:00,BTC,SELL,13637.945970531471,13.637945970531472,0.0,CASH
2026-06-29 12:00:00+00:00,ETH,BUY,11.397415895906306,0.011397415895906307,0.15,S3_TREND
2026-06-29 12:00:00+00:00,SOL,BUY,56.984357166380505,0.056984357166380506,0.075,S6_REVERSAL
2026-06-29 13:00:00+00:00,ETH,SELL,6827.371730288377,6.827371730288377,0.075,S6_REVERSAL
2026-06-29 13:00:00+00:00,SOL,SELL,6916.932299617833,6.916932299617834,0.0,CASH
2026-06-29 14:00:00+00:00,ETH,BUY,12.518669952611162,0.012518669952611163,0.075,S6_REVERSAL
2026-06-29 16:00:00+00:00,ETH,SELL,30.20192417121416,0.03020192417121416,0.075,S6_REVERSAL
2026-06-29 17:00:00+00:00,ETH,SELL,20.434139578892427,0.020434139578892428,0.075,S6_REVERSAL
2026-06-29 18:00:00+00:00,ETH,SELL,7016.390153589254,7.016390153589254,0.0,CASH
2026-06-29 21:00:00+00:00,SOL,BUY,13691.517951681963,13.691517951681963,0.15,S3_TREND
2026-06-29 22:00:00+00:00,SOL,SELL,23.668090073359053,0.023668090073359054,0.15,S3_TREND
2026-06-29 23:00:00+00:00,SOL,BUY,36.985708509204414,0.036985708509204414,0.15,S3_TREND
2026-06-30 00:00:00+00:00,SOL,BUY,16.993799742136616,0.016993799742136616,0.15,S3_TREND
2026-06-30 01:00:00+00:00,SOL,BUY,114.49889742632149,0.1144988974263215,0.15,S3_TREND
2026-06-30 02:00:00+00:00,SOL,BUY,3.1036106918581936,0.0031036106918581937,0.15,S3_TREND
2026-06-30 03:00:00+00:00,SOL,SELL,29.654664142062757,0.029654664142062758,0.15,S3_TREND
2026-06-30 04:00:00+00:00,SOL,BUY,63.847656697204,0.063847656697204,0.15,S3_TREND
2026-06-30 05:00:00+00:00,SOL,BUY,25.0253585737064,0.0250253585737064,0.15,S3_TREND
2026-06-30 06:00:00+00:00,ETH,BUY,13658.02689009697,13.65802689009697,0.15,S3_TREND
2026-06-30 06:00:00+00:00,SOL,SELL,31.354890847576826,0.031354890847576825,0.15,S3_TREND
2026-06-30 07:00:00+00:00,ETH,SELL,19.099870172427472,0.019099870172427473,0.15,S3_TREND
2026-06-30 07:00:00+00:00,SOL,BUY,10.046361664130018,0.010046361664130019,0.15,S3_TREND
2026-06-30 08:00:00+00:00,BTC,BUY,6827.59879755467,6.82759879755467,0.075,S6_REVERSAL
2026-06-30 08:00:00+00:00,ETH,BUY,8.532935658484348,0.008532935658484349,0.15,S3_TREND
2026-06-30 09:00:00+00:00,BTC,BUY,9.24889427411108,0.00924889427411108,0.075,S6_REVERSAL
2026-06-30 09:00:00+00:00,ETH,BUY,42.91895867416679,0.04291895867416679,0.15,S3_TREND
2026-06-30 09:00:00+00:00,SOL,BUY,67.28666308442371,0.06728666308442371,0.15,S3_TREND
2026-06-30 10:00:00+00:00,BTC,SELL,3.527143271854584,0.003527143271854584,0.075,S6_REVERSAL
2026-06-30 10:00:00+00:00,ETH,SELL,4.2916163568170305,0.004291616356817031,0.15,S3_TREND
2026-06-30 10:00:00+00:00,SOL,SELL,23.878932515981433,0.023878932515981433,0.15,S3_TREND
2026-06-30 11:00:00+00:00,BTC,BUY,2.2868516731914497,0.0022868516731914495,0.075,S6_REVERSAL
2026-06-30 11:00:00+00:00,ETH,BUY,2.3087917914999707,0.0023087917914999707,0.15,S3_TREND
2026-06-30 11:00:00+00:00,SOL,BUY,15.490995764384934,0.015490995764384934,0.15,S3_TREND
2026-06-30 12:00:00+00:00,BTC,BUY,7.286614554313019,0.0072866145543130185,0.075,S6_REVERSAL
2026-06-30 12:00:00+00:00,ETH,BUY,33.29279371897064,0.03329279371897064,0.15,S3_TREND
2026-06-30 12:00:00+00:00,SOL,BUY,33.90087329139169,0.033900873291391694,0.15,S3_TREND
2026-06-30 13:00:00+00:00,BTC,SELL,6715.12701180097,6.71512701180097,0.0,CASH
2026-06-30 13:00:00+00:00,ETH,BUY,138.39114447920292,0.13839114447920292,0.15,S3_TREND
2026-06-30 13:00:00+00:00,SOL,BUY,162.78692464459527,0.16278692464459527,0.15,S3_TREND
2026-06-30 14:00:00+00:00,BTC,BUY,6783.044817639242,6.783044817639242,0.075,S6_REVERSAL
2026-06-30 14:00:00+00:00,ETH,SELL,86.10097449583009,0.08610097449583008,0.15,S3_TREND
2026-06-30 14:00:00+00:00,SOL,SELL,108.12821368329605,0.10812821368329606,0.15,S3_TREND
2026-06-30 15:00:00+00:00,BTC,BUY,25.456711194256968,0.025456711194256968,0.075,S6_REVERSAL
2026-06-30 15:00:00+00:00,ETH,BUY,24.797998592952354,0.024797998592952356,0.15,S3_TREND
2026-06-30 15:00:00+00:00,SOL,SELL,24.58937906804931,0.02458937906804931,0.15,S3_TREND
2026-06-30 16:00:00+00:00,BTC,BUY,14.39836542870853,0.01439836542870853,0.075,S6_REVERSAL
2026-06-30 16:00:00+00:00,ETH,SELL,9.055981103461818,0.009055981103461818,0.15,S3_TREND
2026-06-30 16:00:00+00:00,SOL,SELL,28.024014597576752,0.028024014597576752,0.15,S3_TREND
2026-06-30 17:00:00+00:00,BTC,SELL,2.4722394058662758,0.0024722394058662757,0.075,S6_REVERSAL
2026-06-30 17:00:00+00:00,ETH,SELL,40.38329467213589,0.04038329467213589,0.15,S3_TREND
2026-06-30 17:00:00+00:00,SOL,SELL,48.546242759388406,0.04854624275938841,0.15,S3_TREND
2026-06-30 18:00:00+00:00,BTC,BUY,2.7203956220191685,0.0027203956220191684,0.075,S6_REVERSAL
2026-06-30 18:00:00+00:00,SOL,BUY,51.616160682106056,0.05161616068210606,0.15,S3_TREND
2026-06-30 19:00:00+00:00,BTC,SELL,16.935464200264505,0.016935464200264507,0.075,S6_REVERSAL
2026-06-30 19:00:00+00:00,ETH,SELL,43.91845083730914,0.043918450837309136,0.15,S3_TREND
2026-06-30 19:00:00+00:00,SOL,SELL,52.55914224065418,0.05255914224065418,0.15,S3_TREND
2026-06-30 20:00:00+00:00,BTC,SELL,11.850871614214157,0.011850871614214158,0.075,S6_REVERSAL
2026-06-30 20:00:00+00:00,ETH,SELL,4.148000040502666,0.004148000040502666,0.15,S3_TREND
2026-06-30 20:00:00+00:00,SOL,SELL,17.787561891045698,0.0177875618910457,0.15,S3_TREND
2026-06-30 21:00:00+00:00,BTC,BUY,5.5824367147261,0.0055824367147261,0.075,S6_REVERSAL
2026-06-30 21:00:00+00:00,ETH,BUY,30.27037398245011,0.03027037398245011,0.15,S3_TREND
2026-06-30 22:00:00+00:00,BTC,BUY,4.431653958688003,0.004431653958688003,0.075,S6_REVERSAL
2026-06-30 22:00:00+00:00,ETH,BUY,24.749520128616496,0.024749520128616496,0.15,S3_TREND
2026-06-30 22:00:00+00:00,SOL,BUY,23.116325317032533,0.023116325317032532,0.15,S3_TREND
2026-06-30 23:00:00+00:00,ETH,BUY,27.45821418365813,0.02745821418365813,0.15,S3_TREND
2026-06-30 23:00:00+00:00,SOL,BUY,3.624890269797106,0.003624890269797106,0.15,S3_TREND
2026-07-01 00:00:00+00:00,BTC,BUY,4.202063097185601,0.0042020630971856005,0.075,S6_REVERSAL
2026-07-01 00:00:00+00:00,ETH,SELL,25.437067506065432,0.025437067506065433,0.15,S3_TREND
2026-07-01 00:00:00+00:00,SOL,SELL,30.197354493913735,0.030197354493913735,0.15,S3_TREND
2026-07-01 01:00:00+00:00,BTC,BUY,6.933555707149935,0.006933555707149935,0.075,S6_REVERSAL
2026-07-01 01:00:00+00:00,ETH,SELL,23.971344674782813,0.023971344674782815,0.15,S3_TREND
2026-07-01 01:00:00+00:00,SOL,BUY,6.261731731510736,0.006261731731510736,0.15,S3_TREND
2026-07-01 02:00:00+00:00,BTC,SELL,14.897812893249464,0.014897812893249464,0.075,S6_REVERSAL
2026-07-01 02:00:00+00:00,ETH,SELL,9.147352549778589,0.009147352549778588,0.15,S3_TREND
2026-07-01 02:00:00+00:00,SOL,SELL,40.00900612093574,0.04000900612093574,0.15,S3_TREND
2026-07-01 03:00:00+00:00,BTC,SELL,16.795914268761408,0.016795914268761408,0.075,S6_REVERSAL
2026-07-01 03:00:00+00:00,ETH,SELL,33.145497299283306,0.03314549729928331,0.15,S3_TREND
2026-07-01 03:00:00+00:00,SOL,SELL,113.53165808334963,0.11353165808334963,0.15,S3_TREND
2026-07-01 04:00:00+00:00,BTC,BUY,3.082827455392362,0.003082827455392362,0.075,S6_REVERSAL
2026-07-01 04:00:00+00:00,ETH,SELL,41.1553934325766,0.041155393432576605,0.15,S3_TREND
2026-07-01 04:00:00+00:00,SOL,SELL,95.69695356368902,0.09569695356368903,0.15,S3_TREND
2026-07-01 05:00:00+00:00,BTC,SELL,6856.879288526173,6.856879288526173,0.0,CASH
2026-07-01 05:00:00+00:00,ETH,SELL,28.473261846735113,0.028473261846735112,0.15,S3_TREND
2026-07-01 05:00:00+00:00,SOL,SELL,4.0278211381191795,0.004027821138119179,0.15,S3_TREND
2026-07-01 06:00:00+00:00,ETH,BUY,36.47437914929651,0.036474379149296514,0.15,S3_TREND
2026-07-01 06:00:00+00:00,SOL,BUY,40.09819724722729,0.04009819724722729,0.15,S3_TREND
2026-07-01 07:00:00+00:00,ETH,BUY,99.01267596757316,0.09901267596757315,0.15,S3_TREND
2026-07-01 07:00:00+00:00,SOL,BUY,120.20048836625938,0.12020048836625938,0.15,S3_TREND
2026-07-01 08:00:00+00:00,ETH,SELL,2.324553486867444,0.002324553486867444,0.15,S3_TREND
2026-07-01 08:00:00+00:00,SOL,SELL,82.67380451283134,0.08267380451283134,0.15,S3_TREND
2026-07-01 09:00:00+00:00,ETH,SELL,13.823106379930323,0.013823106379930323,0.15,S3_TREND
2026-07-01 09:00:00+00:00,SOL,SELL,83.12245431591873,0.08312245431591873,0.15,S3_TREND
2026-07-01 10:00:00+00:00,ETH,BUY,10.512095963895263,0.010512095963895263,0.15,S3_TREND
2026-07-01 10:00:00+00:00,SOL,SELL,4.85567895184613,0.00485567895184613,0.15,S3_TREND
2026-07-01 11:00:00+00:00,ETH,BUY,42.84292868815464,0.04284292868815465,0.15,S3_TREND
2026-07-01 11:00:00+00:00,SOL,BUY,62.52400096429119,0.06252400096429118,0.15,S3_TREND
2026-07-01 12:00:00+00:00,ETH,BUY,22.05257112635809,0.02205257112635809,0.15,S3_TREND
2026-07-01 12:00:00+00:00,SOL,BUY,18.561034891670715,0.018561034891670717,0.15,S3_TREND
2026-07-01 13:00:00+00:00,ETH,SELL,8.947831067847801,0.008947831067847802,0.15,S3_TREND
2026-07-01 13:00:00+00:00,SOL,BUY,36.07476868888443,0.036074768688884436,0.15,S3_TREND
2026-07-01 14:00:00+00:00,ETH,SELL,159.84787323773708,0.15984787323773708,0.15,S3_TREND
2026-07-01 14:00:00+00:00,SOL,SELL,186.88697507081815,0.18688697507081817,0.15,S3_TREND
2026-07-01 15:00:00+00:00,ETH,SELL,3.8633058266441367,0.003863305826644137,0.15,S3_TREND
2026-07-01 15:00:00+00:00,SOL,SELL,137.3791508642862,0.1373791508642862,0.15,S3_TREND
2026-07-01 16:00:00+00:00,ETH,SELL,125.55372124901623,0.12555372124901623,0.15,S3_TREND
2026-07-01 16:00:00+00:00,SOL,SELL,45.45017374448253,0.04545017374448253,0.15,S3_TREND
2026-07-01 17:00:00+00:00,ETH,BUY,33.202345614579826,0.033202345614579826,0.15,S3_TREND
2026-07-01 17:00:00+00:00,SOL,BUY,32.18330345512368,0.03218330345512368,0.15,S3_TREND
2026-07-01 18:00:00+00:00,ETH,SELL,43.200410880230265,0.043200410880230265,0.15,S3_TREND
2026-07-01 18:00:00+00:00,SOL,SELL,80.4541242723717,0.0804541242723717,0.15,S3_TREND
2026-07-01 19:00:00+00:00,ETH,BUY,34.92723390353967,0.034927233903539676,0.15,S3_TREND
2026-07-01 19:00:00+00:00,SOL,BUY,44.88830849795522,0.04488830849795522,0.15,S3_TREND
2026-07-01 20:00:00+00:00,ETH,SELL,21.65544455881536,0.02165544455881536,0.15,S3_TREND
2026-07-01 20:00:00+00:00,SOL,BUY,63.83249355845328,0.06383249355845329,0.15,S3_TREND
2026-07-01 21:00:00+00:00,ETH,BUY,14.129325315117967,0.014129325315117968,0.15,S3_TREND
2026-07-01 21:00:00+00:00,SOL,SELL,64.28424814567006,0.06428424814567006,0.15,S3_TREND
2026-07-01 22:00:00+00:00,ETH,SELL,78.320247073485,0.078320247073485,0.15,S3_TREND
2026-07-01 22:00:00+00:00,SOL,SELL,129.6659985812421,0.1296659985812421,0.15,S3_TREND
2026-07-01 23:00:00+00:00,ETH,BUY,60.88278263840948,0.06088278263840948,0.15,S3_TREND
2026-07-01 23:00:00+00:00,SOL,BUY,68.99102585868786,0.06899102585868787,0.15,S3_TREND
2026-07-02 00:00:00+00:00,ETH,SELL,13679.411931498174,13.679411931498175,0.0,CASH
2026-07-02 00:00:00+00:00,SOL,BUY,44.826509691345564,0.044826509691345565,0.15,S3_TREND
2026-07-02 01:00:00+00:00,SOL,BUY,26.62121957182535,0.02662121957182535,0.15,S3_TREND
2026-07-02 02:00:00+00:00,SOL,SELL,140.65668242051106,0.14065668242051108,0.15,S3_TREND
2026-07-02 03:00:00+00:00,SOL,SELL,35.9516362168215,0.0359516362168215,0.15,S3_TREND
2026-07-02 04:00:00+00:00,SOL,SELL,40.32206026329186,0.04032206026329186,0.15,S3_TREND
2026-07-02 05:00:00+00:00,SOL,BUY,64.01473706931392,0.06401473706931393,0.15,S3_TREND
2026-07-02 06:00:00+00:00,SOL,BUY,25.419108059926657,0.025419108059926657,0.15,S3_TREND
2026-07-02 07:00:00+00:00,SOL,BUY,29.967639464854074,0.029967639464854073,0.15,S3_TREND
2026-07-02 08:00:00+00:00,SOL,SELL,13.52107398586486,0.01352107398586486,0.15,S3_TREND
2026-07-02 09:00:00+00:00,SOL,SELL,72.0197230230242,0.0720197230230242,0.15,S3_TREND
2026-07-02 10:00:00+00:00,ETH,BUY,13807.387733196663,13.807387733196663,0.15,S3_TREND
2026-07-02 10:00:00+00:00,SOL,SELL,150.76020546621658,0.15076020546621657,0.15,S3_TREND
2026-07-02 11:00:00+00:00,ETH,BUY,45.65208522301509,0.045652085223015094,0.15,S3_TREND
2026-07-02 11:00:00+00:00,SOL,SELL,382.4411252546924,0.3824411252546924,0.15,S3_TREND
2026-07-02 12:00:00+00:00,ETH,SELL,22.987453476394876,0.022987453476394876,0.15,S3_TREND
2026-07-02 12:00:00+00:00,SOL,SELL,34.99777447335509,0.034997774473355094,0.15,S3_TREND
2026-07-02 13:00:00+00:00,ETH,SELL,113.96161993492935,0.11396161993492934,0.15,S3_TREND
2026-07-02 13:00:00+00:00,SOL,BUY,154.79506512746048,0.15479506512746047,0.15,S3_TREND
2026-07-02 14:00:00+00:00,ETH,SELL,337.4887673532212,0.3374887673532212,0.15,S3_TREND
2026-07-02 14:00:00+00:00,SOL,BUY,45.46678335002798,0.04546678335002798,0.15,S3_TREND
2026-07-02 15:00:00+00:00,BTC,BUY,13906.740517310682,13.906740517310682,0.15,S3_TREND
2026-07-02 15:00:00+00:00,ETH,BUY,38.90307044823021,0.03890307044823021,0.15,S3_TREND
2026-07-02 15:00:00+00:00,SOL,BUY,128.31747186558277,0.1283174718655828,0.15,S3_TREND
2026-07-02 16:00:00+00:00,BTC,BUY,16.964129477595634,0.016964129477595635,0.15,S3_TREND
2026-07-02 16:00:00+00:00,ETH,BUY,34.79891427000257,0.03479891427000257,0.15,S3_TREND
2026-07-02 16:00:00+00:00,SOL,SELL,58.87846782376073,0.05887846782376073,0.15,S3_TREND
2026-07-02 17:00:00+00:00,BTC,SELL,18.389104670837696,0.018389104670837698,0.15,S3_TREND
2026-07-02 17:00:00+00:00,ETH,SELL,24.027686382987667,0.02402768638298767,0.15,S3_TREND
2026-07-02 17:00:00+00:00,SOL,BUY,52.29640283866138,0.05229640283866138,0.15,S3_TREND
2026-07-02 18:00:00+00:00,ETH,BUY,28.09093413584924,0.02809093413584924,0.15,S3_TREND
2026-07-02 18:00:00+00:00,SOL,SELL,18.360110851603167,0.01836011085160317,0.15,S3_TREND
2026-07-02 19:00:00+00:00,ETH,SELL,29.47217746853312,0.029472177468533117,0.15,S3_TREND
2026-07-02 19:00:00+00:00,SOL,SELL,47.84826817335488,0.047848268173354885,0.15,S3_TREND
2026-07-02 20:00:00+00:00,BTC,BUY,46.94434940186875,0.04694434940186875,0.15,S3_TREND
2026-07-02 20:00:00+00:00,ETH,SELL,1.4822147091690567,0.0014822147091690567,0.15,S3_TREND
2026-07-02 20:00:00+00:00,SOL,BUY,17.332806116006395,0.017332806116006395,0.15,S3_TREND
2026-07-02 21:00:00+00:00,BTC,SELL,8.457099046552685,0.008457099046552684,0.15,S3_TREND
2026-07-02 21:00:00+00:00,ETH,SELL,30.466341059036495,0.030466341059036495,0.15,S3_TREND
2026-07-02 21:00:00+00:00,SOL,SELL,17.348440103012763,0.017348440103012765,0.15,S3_TREND
2026-07-02 22:00:00+00:00,BTC,SELL,14.387492566282162,0.014387492566282164,0.15,S3_TREND
2026-07-02 22:00:00+00:00,ETH,BUY,32.347785004780235,0.032347785004780236,0.15,S3_TREND
2026-07-02 22:00:00+00:00,SOL,BUY,28.530622243268226,0.028530622243268227,0.15,S3_TREND
2026-07-02 23:00:00+00:00,BTC,BUY,16.894798443641776,0.016894798443641775,0.15,S3_TREND
2026-07-02 23:00:00+00:00,ETH,BUY,15.62065097969571,0.015620650979695712,0.15,S3_TREND
2026-07-02 23:00:00+00:00,SOL,BUY,10.5976419817016,0.0105976419817016,0.15,S3_TREND
2026-07-03 00:00:00+00:00,BTC,SELL,12.127624296261274,0.012127624296261274,0.15,S3_TREND
2026-07-03 00:00:00+00:00,ETH,SELL,20.925733742995362,0.02092573374299536,0.15,S3_TREND
2026-07-03 00:00:00+00:00,SOL,SELL,1.0470469572337606,0.0010470469572337606,0.15,S3_TREND
2026-07-03 01:00:00+00:00,BTC,BUY,44.0606154142024,0.044060615414202406,0.15,S3_TREND
2026-07-03 01:00:00+00:00,ETH,BUY,18.546584760708356,0.018546584760708355,0.15,S3_TREND
2026-07-03 01:00:00+00:00,SOL,SELL,16.12982229467343,0.01612982229467343,0.15,S3_TREND
2026-07-03 02:00:00+00:00,BTC,SELL,15.304110497247168,0.015304110497247168,0.15,S3_TREND
2026-07-03 02:00:00+00:00,ETH,SELL,79.58314609136141,0.07958314609136141,0.15,S3_TREND
2026-07-03 02:00:00+00:00,SOL,SELL,81.06690629724108,0.08106690629724107,0.15,S3_TREND
2026-07-03 03:00:00+00:00,BTC,BUY,1.7406670657874201,0.0017406670657874202,0.15,S3_TREND
2026-07-03 03:00:00+00:00,ETH,BUY,29.95018298755349,0.02995018298755349,0.15,S3_TREND
2026-07-03 03:00:00+00:00,SOL,BUY,84.5604900318558,0.08456049003185581,0.15,S3_TREND
2026-07-03 04:00:00+00:00,ETH,SELL,14.194145483417742,0.014194145483417742,0.15,S3_TREND
2026-07-03 04:00:00+00:00,SOL,BUY,14.999582935392027,0.014999582935392027,0.15,S3_TREND
2026-07-03 05:00:00+00:00,BTC,SELL,11.619233964709565,0.011619233964709565,0.15,S3_TREND
2026-07-03 05:00:00+00:00,ETH,BUY,18.060643738568615,0.018060643738568614,0.15,S3_TREND
2026-07-03 05:00:00+00:00,SOL,BUY,28.580221182499372,0.028580221182499373,0.15,S3_TREND
2026-07-03 06:00:00+00:00,BTC,SELL,16.939098658082003,0.016939098658082002,0.15,S3_TREND
2026-07-03 06:00:00+00:00,ETH,SELL,56.61418097270507,0.05661418097270507,0.15,S3_TREND
2026-07-03 06:00:00+00:00,SOL,SELL,73.77535526268548,0.07377535526268549,0.15,S3_TREND
2026-07-03 07:00:00+00:00,BTC,SELL,5.403243584514712,0.005403243584514712,0.15,S3_TREND
2026-07-03 07:00:00+00:00,ETH,SELL,12.19259123023403,0.012192591230234029,0.15,S3_TREND
2026-07-03 07:00:00+00:00,SOL,BUY,29.375406732922784,0.029375406732922785,0.15,S3_TREND
2026-07-03 08:00:00+00:00,BTC,BUY,1.0582879999710713,0.0010582879999710712,0.15,S3_TREND
2026-07-03 08:00:00+00:00,ETH,SELL,3.9346069428374904,0.003934606942837491,0.15,S3_TREND
2026-07-03 08:00:00+00:00,SOL,SELL,34.549270526331384,0.03454927052633138,0.15,S3_TREND
2026-07-03 09:00:00+00:00,BTC,BUY,26.29055994247392,0.02629055994247392,0.15,S3_TREND
2026-07-03 09:00:00+00:00,ETH,SELL,28.51304337387228,0.02851304337387228,0.15,S3_TREND
2026-07-03 09:00:00+00:00,SOL,BUY,43.62921459832069,0.043629214598320684,0.15,S3_TREND
2026-07-03 10:00:00+00:00,BTC,SELL,15.324476516429058,0.01532447651642906,0.15,S3_TREND
2026-07-03 10:00:00+00:00,ETH,SELL,36.53448832601862,0.03653448832601862,0.15,S3_TREND
2026-07-03 10:00:00+00:00,SOL,SELL,3.791807930330833,0.003791807930330833,0.15,S3_TREND
2026-07-03 11:00:00+00:00,BTC,SELL,5.042112217875911,0.0050421122178759105,0.15,S3_TREND
2026-07-03 11:00:00+00:00,ETH,SELL,88.81812690203151,0.08881812690203152,0.15,S3_TREND
2026-07-03 11:00:00+00:00,SOL,SELL,51.59021636242505,0.051590216362425056,0.15,S3_TREND
2026-07-03 12:00:00+00:00,BTC,SELL,19.714186035354942,0.019714186035354943,0.15,S3_TREND
2026-07-03 12:00:00+00:00,ETH,BUY,1.612212386669853,0.001612212386669853,0.15,S3_TREND
2026-07-03 12:00:00+00:00,SOL,BUY,1.1524392946157604,0.0011524392946157605,0.15,S3_TREND
2026-07-03 13:00:00+00:00,ETH,BUY,39.5058009440927,0.0395058009440927,0.15,S3_TREND
2026-07-03 13:00:00+00:00,SOL,SELL,4.330408267231178,0.004330408267231178,0.15,S3_TREND
2026-07-03 14:00:00+00:00,BTC,SELL,9.835981204925702,0.009835981204925702,0.15,S3_TREND
2026-07-03 14:00:00+00:00,ETH,SELL,73.82274513602715,0.07382274513602716,0.15,S3_TREND
2026-07-03 14:00:00+00:00,SOL,BUY,8.38924174654494,0.00838924174654494,0.15,S3_TREND
2026-07-03 15:00:00+00:00,BTC,SELL,21.022739721565813,0.021022739721565813,0.15,S3_TREND
2026-07-03 15:00:00+00:00,ETH,BUY,78.61507867732689,0.0786150786773269,0.15,S3_TREND
2026-07-03 15:00:00+00:00,SOL,SELL,23.146499836655494,0.023146499836655496,0.15,S3_TREND
2026-07-03 16:00:00+00:00,BTC,BUY,27.337469821972263,0.027337469821972264,0.15,S3_TREND
2026-07-03 16:00:00+00:00,ETH,BUY,19.850961848344014,0.019850961848344013,0.15,S3_TREND
2026-07-03 16:00:00+00:00,SOL,BUY,54.468379218576956,0.05446837921857696,0.15,S3_TREND
2026-07-03 17:00:00+00:00,BTC,SELL,23.53295537043232,0.023532955370432318,0.15,S3_TREND
2026-07-03 17:00:00+00:00,ETH,SELL,1.6615977638557524,0.0016615977638557524,0.15,S3_TREND
2026-07-03 17:00:00+00:00,SOL,SELL,39.213823013160436,0.03921382301316044,0.15,S3_TREND
2026-07-03 18:00:00+00:00,BTC,SELL,5.117252111596827,0.0051172521115968265,0.15,S3_TREND
2026-07-03 18:00:00+00:00,ETH,SELL,21.899682861410838,0.02189968286141084,0.15,S3_TREND
2026-07-03 18:00:00+00:00,SOL,SELL,27.91095691349983,0.027910956913499832,0.15,S3_TREND
2026-07-03 19:00:00+00:00,BTC,BUY,7.2615107295132475,0.007261510729513247,0.15,S3_TREND
2026-07-03 19:00:00+00:00,ETH,BUY,4.7629531429447525,0.004762953142944753,0.15,S3_TREND
2026-07-03 19:00:00+00:00,SOL,SELL,46.96613725559836,0.04696613725559836,0.15,S3_TREND
2026-07-03 20:00:00+00:00,BTC,BUY,15.786029264598255,0.015786029264598257,0.15,S3_TREND
2026-07-03 20:00:00+00:00,ETH,SELL,36.11507533404438,0.03611507533404438,0.15,S3_TREND
2026-07-03 20:00:00+00:00,SOL,SELL,42.56639196793366,0.042566391967933666,0.15,S3_TREND
2026-07-03 21:00:00+00:00,BTC,SELL,77.2526361880482,0.0772526361880482,0.15,S3_TREND
2026-07-03 21:00:00+00:00,ETH,SELL,116.26187596093222,0.11626187596093222,0.15,S3_TREND
2026-07-03 21:00:00+00:00,SOL,BUY,8.041412643409785,0.008041412643409785,0.15,S3_TREND
2026-07-03 22:00:00+00:00,BTC,BUY,4.037009425961514,0.004037009425961515,0.15,S3_TREND
2026-07-03 22:00:00+00:00,ETH,BUY,15.40603786396241,0.015406037863962411,0.15,S3_TREND
2026-07-03 22:00:00+00:00,SOL,BUY,2.475409184655291,0.002475409184655291,0.15,S3_TREND
2026-07-03 23:00:00+00:00,BTC,BUY,14.089430343403365,0.014089430343403365,0.15,S3_TREND
2026-07-03 23:00:00+00:00,ETH,BUY,26.86230613535372,0.02686230613535372,0.15,S3_TREND
2026-07-03 23:00:00+00:00,SOL,BUY,34.0112485808495,0.034011248580849494,0.15,S3_TREND
2026-07-04 00:00:00+00:00,ETH,SELL,4.522483174398076,0.004522483174398076,0.15,S3_TREND
2026-07-04 01:00:00+00:00,BTC,SELL,31.60925413247241,0.03160925413247241,0.15,S3_TREND
2026-07-04 01:00:00+00:00,ETH,BUY,3.5895692595895525,0.0035895692595895525,0.15,S3_TREND
2026-07-04 01:00:00+00:00,SOL,BUY,1.594394170524538,0.001594394170524538,0.15,S3_TREND
2026-07-04 02:00:00+00:00,BTC,BUY,30.372296526391438,0.030372296526391437,0.15,S3_TREND
2026-07-04 02:00:00+00:00,ETH,BUY,51.979844675177446,0.051979844675177446,0.15,S3_TREND
2026-07-04 02:00:00+00:00,SOL,BUY,42.67338880709758,0.04267338880709758,0.15,S3_TREND
2026-07-04 03:00:00+00:00,BTC,SELL,5.653262080701097,0.005653262080701097,0.15,S3_TREND
2026-07-04 03:00:00+00:00,SOL,SELL,30.8970666712994,0.0308970666712994,0.15,S3_TREND
2026-07-04 04:00:00+00:00,BTC,BUY,3.0287690073037083,0.0030287690073037086,0.15,S3_TREND
2026-07-04 04:00:00+00:00,ETH,SELL,14.951810560922242,0.014951810560922242,0.15,S3_TREND
2026-07-04 04:00:00+00:00,SOL,SELL,72.7831956063037,0.07278319560630371,0.15,S3_TREND
2026-07-04 05:00:00+00:00,BTC,BUY,14.056543986276665,0.014056543986276666,0.15,S3_TREND
2026-07-04 05:00:00+00:00,ETH,SELL,31.89412249876841,0.03189412249876841,0.15,S3_TREND
2026-07-04 05:00:00+00:00,SOL,SELL,93.64130958077658,0.09364130958077659,0.15,S3_TREND
2026-07-04 06:00:00+00:00,BTC,BUY,34.495464071897004,0.034495464071897006,0.15,S3_TREND
2026-07-04 06:00:00+00:00,ETH,BUY,28.743536009098534,0.028743536009098535,0.15,S3_TREND
2026-07-04 06:00:00+00:00,SOL,SELL,1.6467898035552935,0.0016467898035552936,0.15,S3_TREND
2026-07-04 07:00:00+00:00,BTC,SELL,27.913528902528924,0.027913528902528923,0.15,S3_TREND
2026-07-04 07:00:00+00:00,ETH,SELL,11.883746535750106,0.011883746535750106,0.15,S3_TREND
2026-07-04 07:00:00+00:00,SOL,BUY,118.56231189830032,0.11856231189830033,0.15,S3_TREND
2026-07-04 08:00:00+00:00,BTC,SELL,6.119869524865862,0.006119869524865863,0.15,S3_TREND
2026-07-04 08:00:00+00:00,ETH,SELL,16.259213664092385,0.016259213664092387,0.15,S3_TREND
2026-07-04 08:00:00+00:00,SOL,SELL,17.97025672054042,0.01797025672054042,0.15,S3_TREND
2026-07-04 09:00:00+00:00,BTC,SELL,1.2734961845399084,0.0012734961845399084,0.15,S3_TREND
2026-07-04 09:00:00+00:00,ETH,SELL,39.212546001028386,0.03921254600102839,0.15,S3_TREND
2026-07-04 09:00:00+00:00,SOL,BUY,63.42080148313653,0.06342080148313653,0.15,S3_TREND
2026-07-04 10:00:00+00:00,BTC,SELL,8.199868413030345,0.008199868413030345,0.15,S3_TREND
2026-07-04 10:00:00+00:00,ETH,BUY,11.705486409789955,0.011705486409789955,0.15,S3_TREND
2026-07-04 10:00:00+00:00,SOL,BUY,75.69283962128065,0.07569283962128065,0.15,S3_TREND
2026-07-04 11:00:00+00:00,BTC,SELL,4.990541246066641,0.004990541246066641,0.15,S3_TREND
2026-07-04 11:00:00+00:00,ETH,SELL,8.869726056598665,0.008869726056598665,0.15,S3_TREND
2026-07-04 11:00:00+00:00,SOL,BUY,16.437472602396156,0.016437472602396155,0.15,S3_TREND
2026-07-04 12:00:00+00:00,BTC,BUY,9.459460580805171,0.00945946058080517,0.15,S3_TREND
2026-07-04 12:00:00+00:00,ETH,BUY,9.76198880742595,0.009761988807425952,0.15,S3_TREND
2026-07-04 12:00:00+00:00,SOL,SELL,28.43207091424665,0.02843207091424665,0.15,S3_TREND
2026-07-04 13:00:00+00:00,BTC,SELL,33.50088954858802,0.03350088954858802,0.15,S3_TREND
2026-07-04 13:00:00+00:00,ETH,SELL,40.43119400629439,0.04043119400629439,0.15,S3_TREND
2026-07-04 13:00:00+00:00,SOL,BUY,46.82813716431701,0.04682813716431702,0.15,S3_TREND
2026-07-04 14:00:00+00:00,BTC,BUY,15.644463492102659,0.015644463492102658,0.15,S3_TREND
2026-07-04 14:00:00+00:00,SOL,SELL,11.524229215112427,0.011524229215112428,0.15,S3_TREND
2026-07-04 15:00:00+00:00,BTC,SELL,6.41875318376151,0.00641875318376151,0.15,S3_TREND
2026-07-04 15:00:00+00:00,ETH,SELL,47.78003699492365,0.04778003699492365,0.15,S3_TREND
2026-07-04 15:00:00+00:00,SOL,SELL,8.624370569670646,0.008624370569670645,0.15,S3_TREND
2026-07-04 16:00:00+00:00,BTC,SELL,13.752844989383448,0.013752844989383449,0.15,S3_TREND
2026-07-04 16:00:00+00:00,ETH,SELL,107.37018144758804,0.10737018144758805,0.15,S3_TREND
2026-07-04 16:00:00+00:00,SOL,SELL,33.46793965755751,0.03346793965755751,0.15,S3_TREND
2026-07-04 17:00:00+00:00,BTC,SELL,2.79212319974431,0.00279212319974431,0.15,S3_TREND
2026-07-04 17:00:00+00:00,ETH,BUY,27.238931381347356,0.027238931381347357,0.15,S3_TREND
2026-07-04 17:00:00+00:00,SOL,SELL,1.230679175345358,0.0012306791753453582,0.15,S3_TREND
2026-07-04 18:00:00+00:00,BTC,SELL,44.141090569208245,0.044141090569208244,0.15,S3_TREND
2026-07-04 18:00:00+00:00,ETH,SELL,64.05088288716615,0.06405088288716615,0.15,S3_TREND
2026-07-04 18:00:00+00:00,SOL,SELL,19.923465702449903,0.0199234657024499,0.15,S3_TREND
2026-07-04 19:00:00+00:00,BTC,BUY,6.961546971053394,0.006961546971053395,0.15,S3_TREND
2026-07-04 19:00:00+00:00,ETH,BUY,28.009100380144446,0.028009100380144446,0.15,S3_TREND
2026-07-04 19:00:00+00:00,SOL,BUY,27.448888552780772,0.027448888552780774,0.15,S3_TREND
2026-07-04 20:00:00+00:00,BTC,SELL,34.12495741771454,0.03412495741771454,0.15,S3_TREND
2026-07-04 20:00:00+00:00,SOL,BUY,60.001081564876586,0.06000108156487659,0.15,S3_TREND
2026-07-04 21:00:00+00:00,BTC,BUY,7.665476378628227,0.007665476378628228,0.15,S3_TREND
2026-07-04 21:00:00+00:00,ETH,BUY,38.09881498319737,0.03809881498319737,0.15,S3_TREND
2026-07-04 21:00:00+00:00,SOL,SELL,24.858646596016115,0.024858646596016117,0.15,S3_TREND
2026-07-04 22:00:00+00:00,BTC,SELL,9.66164801602281,0.00966164801602281,0.15,S3_TREND
2026-07-04 22:00:00+00:00,ETH,SELL,11.949799147711019,0.01194979914771102,0.15,S3_TREND
2026-07-04 22:00:00+00:00,SOL,BUY,4.615890905524793,0.004615890905524793,0.15,S3_TREND
2026-07-04 23:00:00+00:00,BTC,BUY,14.471452348601815,0.014471452348601815,0.15,S3_TREND
2026-07-04 23:00:00+00:00,ETH,BUY,24.959029669080337,0.024959029669080337,0.15,S3_TREND
2026-07-05 00:00:00+00:00,ETH,BUY,22.718298429266724,0.022718298429266724,0.15,S3_TREND
2026-07-05 00:00:00+00:00,SOL,BUY,12.438611645693527,0.012438611645693527,0.15,S3_TREND
2026-07-05 01:00:00+00:00,BTC,BUY,6.438165417424898,0.006438165417424898,0.15,S3_TREND
2026-07-05 01:00:00+00:00,ETH,BUY,35.60712953941038,0.03560712953941038,0.15,S3_TREND
2026-07-05 01:00:00+00:00,SOL,BUY,57.16903351226938,0.05716903351226938,0.15,S3_TREND
2026-07-05 02:00:00+00:00,ETH,BUY,25.640590569561027,0.025640590569561028,0.15,S3_TREND
2026-07-05 02:00:00+00:00,SOL,BUY,56.86968759300726,0.056869687593007257,0.15,S3_TREND
2026-07-05 03:00:00+00:00,BTC,BUY,17.934097761626617,0.01793409776162662,0.15,S3_TREND
2026-07-05 03:00:00+00:00,ETH,BUY,19.740611494613404,0.019740611494613404,0.15,S3_TREND
2026-07-05 03:00:00+00:00,SOL,BUY,57.456165652172785,0.057456165652172785,0.15,S3_TREND
2026-07-05 04:00:00+00:00,BTC,SELL,8.530157685516315,0.008530157685516316,0.15,S3_TREND
2026-07-05 04:00:00+00:00,ETH,BUY,2.6809490176747204,0.0026809490176747204,0.15,S3_TREND
2026-07-05 04:00:00+00:00,SOL,SELL,24.78376174657933,0.02478376174657933,0.15,S3_TREND
2026-07-05 05:00:00+00:00,BTC,SELL,1.034258710940776,0.001034258710940776,0.15,S3_TREND
2026-07-05 05:00:00+00:00,ETH,SELL,37.88635683372195,0.03788635683372195,0.15,S3_TREND
2026-07-05 05:00:00+00:00,SOL,BUY,4.231757931969696,0.004231757931969696,0.15,S3_TREND
2026-07-05 06:00:00+00:00,BTC,BUY,9.603234160254942,0.009603234160254942,0.15,S3_TREND
2026-07-05 06:00:00+00:00,ETH,BUY,5.047673822100478,0.005047673822100478,0.15,S3_TREND
2026-07-05 06:00:00+00:00,SOL,BUY,11.891567329868849,0.01189156732986885,0.15,S3_TREND
2026-07-05 07:00:00+00:00,BTC,SELL,6.319880172562989,0.006319880172562989,0.15,S3_TREND
2026-07-05 07:00:00+00:00,ETH,BUY,13.231001746105903,0.013231001746105904,0.15,S3_TREND
2026-07-05 07:00:00+00:00,SOL,SELL,17.908167822270116,0.017908167822270116,0.15,S3_TREND
2026-07-05 08:00:00+00:00,BTC,SELL,35.62105037095171,0.03562105037095171,0.15,S3_TREND
2026-07-05 08:00:00+00:00,ETH,SELL,25.367729002260603,0.025367729002260603,0.15,S3_TREND
2026-07-05 08:00:00+00:00,SOL,SELL,3.3395793760155357,0.0033395793760155356,0.15,S3_TREND
2026-07-05 09:00:00+00:00,BTC,BUY,11.35215356403387,0.01135215356403387,0.15,S3_TREND
2026-07-05 09:00:00+00:00,ETH,BUY,6.712051435422836,0.006712051435422836,0.15,S3_TREND
2026-07-05 09:00:00+00:00,SOL,BUY,26.1758865121501,0.026175886512150102,0.15,S3_TREND
2026-07-05 10:00:00+00:00,BTC,BUY,28.218637539976044,0.028218637539976044,0.15,S3_TREND
2026-07-05 10:00:00+00:00,ETH,BUY,40.14097012586535,0.04014097012586535,0.15,S3_TREND
2026-07-05 10:00:00+00:00,SOL,BUY,67.47870411788244,0.06747870411788244,0.15,S3_TREND
2026-07-05 11:00:00+00:00,BTC,SELL,7.212633617749816,0.007212633617749816,0.15,S3_TREND
2026-07-05 11:00:00+00:00,ETH,SELL,4.347363632172346,0.0043473636321723465,0.15,S3_TREND
2026-07-05 11:00:00+00:00,SOL,SELL,71.83329632158166,0.07183329632158166,0.15,S3_TREND
2026-07-05 12:00:00+00:00,BTC,BUY,20.266915537664318,0.02026691553766432,0.15,S3_TREND
2026-07-05 12:00:00+00:00,ETH,BUY,8.986263667851745,0.008986263667851746,0.15,S3_TREND
2026-07-05 12:00:00+00:00,SOL,SELL,24.077736842209564,0.024077736842209565,0.15,S3_TREND
2026-07-05 13:00:00+00:00,BTC,SELL,5.394203269324862,0.005394203269324862,0.15,S3_TREND
2026-07-05 13:00:00+00:00,ETH,SELL,26.264683432080346,0.026264683432080348,0.15,S3_TREND
2026-07-05 13:00:00+00:00,SOL,SELL,19.185478804211016,0.019185478804211016,0.15,S3_TREND
2026-07-05 14:00:00+00:00,BTC,BUY,5.1749466897053935,0.005174946689705393,0.15,S3_TREND
2026-07-05 14:00:00+00:00,ETH,BUY,6.699600979545721,0.0066996009795457214,0.15,S3_TREND
2026-07-05 14:00:00+00:00,SOL,SELL,69.4085481864804,0.0694085481864804,0.15,S3_TREND
2026-07-05 15:00:00+00:00,BTC,BUY,8.844538274604929,0.00884453827460493,0.15,S3_TREND
2026-07-05 15:00:00+00:00,ETH,SELL,36.781295921915444,0.036781295921915445,0.15,S3_TREND
2026-07-05 15:00:00+00:00,SOL,SELL,21.183711494137246,0.021183711494137246,0.15,S3_TREND
2026-07-05 16:00:00+00:00,BTC,BUY,13.89561003990275,0.013895610039902749,0.15,S3_TREND
2026-07-05 16:00:00+00:00,ETH,SELL,18.91464384244682,0.018914643842446822,0.15,S3_TREND
2026-07-05 16:00:00+00:00,SOL,BUY,13.261533160848558,0.013261533160848557,0.15,S3_TREND
2026-07-05 17:00:00+00:00,BTC,BUY,10.544556610942891,0.010544556610942892,0.15,S3_TREND
2026-07-05 17:00:00+00:00,SOL,BUY,34.210612981945815,0.03421061298194582,0.15,S3_TREND
2026-07-05 18:00:00+00:00,BTC,BUY,11.366004956233155,0.011366004956233156,0.15,S3_TREND
2026-07-05 18:00:00+00:00,ETH,SELL,41.944793930302694,0.0419447939303027,0.15,S3_TREND
2026-07-05 19:00:00+00:00,BTC,SELL,38.49374765434732,0.038493747654347314,0.15,S3_TREND
2026-07-05 19:00:00+00:00,ETH,SELL,8.953980680444147,0.008953980680444147,0.15,S3_TREND
2026-07-05 19:00:00+00:00,SOL,BUY,27.736038874294536,0.027736038874294537,0.15,S3_TREND
2026-07-05 20:00:00+00:00,BTC,BUY,10.742683114960528,0.010742683114960528,0.15,S3_TREND
2026-07-05 20:00:00+00:00,ETH,SELL,2.0301688903200557,0.0020301688903200557,0.15,S3_TREND
2026-07-05 20:00:00+00:00,SOL,SELL,5.971715748739371,0.005971715748739371,0.15,S3_TREND
2026-07-05 21:00:00+00:00,BTC,BUY,3.182692615524502,0.003182692615524502,0.15,S3_TREND
2026-07-05 21:00:00+00:00,ETH,BUY,28.849585875732373,0.028849585875732373,0.15,S3_TREND
2026-07-05 21:00:00+00:00,SOL,SELL,12.317277255786394,0.012317277255786394,0.15,S3_TREND
2026-07-05 22:00:00+00:00,BTC,SELL,38.44650367763461,0.03844650367763461,0.15,S3_TREND
2026-07-05 22:00:00+00:00,ETH,SELL,35.064965292916895,0.035064965292916896,0.15,S3_TREND
2026-07-05 22:00:00+00:00,SOL,SELL,82.25672123875302,0.08225672123875302,0.15,S3_TREND
2026-07-05 23:00:00+00:00,BTC,SELL,118.09379654529039,0.1180937965452904,0.15,S3_TREND
2026-07-05 23:00:00+00:00,ETH,BUY,1.422771472547538,0.001422771472547538,0.15,S3_TREND
2026-07-05 23:00:00+00:00,SOL,BUY,22.26114386541849,0.02226114386541849,0.15,S3_TREND
2026-07-06 00:00:00+00:00,BTC,BUY,5.078129299970897,0.005078129299970897,0.15,S3_TREND
2026-07-06 00:00:00+00:00,ETH,BUY,20.25882907558298,0.02025882907558298,0.15,S3_TREND
2026-07-06 00:00:00+00:00,SOL,BUY,25.713167185287602,0.025713167185287603,0.15,S3_TREND
2026-07-06 01:00:00+00:00,BTC,BUY,3.746924868044516,0.0037469248680445165,0.15,S3_TREND
2026-07-06 01:00:00+00:00,ETH,SELL,31.618337712443463,0.03161833771244346,0.15,S3_TREND
2026-07-06 01:00:00+00:00,SOL,SELL,14205.260791091103,14.205260791091103,0.0,CASH
2026-07-06 02:00:00+00:00,BTC,BUY,24.66675388139265,0.024666753881392653,0.15,S3_TREND
2026-07-06 02:00:00+00:00,ETH,BUY,38.29207593223509,0.038292075932235096,0.15,S3_TREND
2026-07-06 03:00:00+00:00,BTC,BUY,18.793736728697695,0.018793736728697694,0.15,S3_TREND
2026-07-06 03:00:00+00:00,ETH,BUY,13.587646235881039,0.013587646235881039,0.15,S3_TREND
2026-07-06 04:00:00+00:00,BTC,BUY,26.602103808565516,0.02660210380856552,0.15,S3_TREND
2026-07-06 04:00:00+00:00,ETH,BUY,21.41354766971017,0.02141354766971017,0.15,S3_TREND
2026-07-06 05:00:00+00:00,BTC,BUY,2.872751773968048,0.002872751773968048,0.15,S3_TREND
2026-07-06 05:00:00+00:00,ETH,BUY,10.702524212574644,0.010702524212574645,0.15,S3_TREND
2026-07-06 06:00:00+00:00,BTC,BUY,24.493037431657285,0.024493037431657285,0.15,S3_TREND
2026-07-06 06:00:00+00:00,ETH,BUY,21.261235217223657,0.02126123521722366,0.15,S3_TREND
2026-07-06 07:00:00+00:00,BTC,BUY,20.90033516105177,0.02090033516105177,0.15,S3_TREND
2026-07-06 07:00:00+00:00,ETH,BUY,25.19669814156441,0.025196698141564413,0.15,S3_TREND
2026-07-06 08:00:00+00:00,BTC,SELL,18.352401258498503,0.018352401258498505,0.15,S3_TREND
2026-07-06 08:00:00+00:00,ETH,SELL,14.319773653543962,0.014319773653543961,0.15,S3_TREND
2026-07-06 09:00:00+00:00,BTC,BUY,27.085786630826988,0.02708578663082699,0.15,S3_TREND
2026-07-06 09:00:00+00:00,ETH,BUY,39.56891081858521,0.03956891081858521,0.15,S3_TREND
2026-07-06 10:00:00+00:00,BTC,BUY,37.24867274918324,0.03724867274918325,0.15,S3_TREND
2026-07-06 10:00:00+00:00,ETH,BUY,38.48503823629835,0.038485038236298355,0.15,S3_TREND
2026-07-06 11:00:00+00:00,BTC,SELL,15.092071819624834,0.015092071819624835,0.15,S3_TREND
2026-07-06 11:00:00+00:00,ETH,SELL,79.12010284797725,0.07912010284797726,0.15,S3_TREND
2026-07-06 12:00:00+00:00,BTC,BUY,50.71396798312526,0.05071396798312526,0.15,S3_TREND
2026-07-06 12:00:00+00:00,ETH,BUY,66.0011991557185,0.06600119915571849,0.15,S3_TREND
2026-07-06 13:00:00+00:00,BTC,BUY,116.9165386532386,0.1169165386532386,0.15,S3_TREND
2026-07-06 13:00:00+00:00,ETH,BUY,102.84514995120117,0.10284514995120117,0.15,S3_TREND
2026-07-06 13:00:00+00:00,SOL,BUY,6998.2363583576225,6.998236358357623,0.075,S6_REVERSAL
2026-07-06 14:00:00+00:00,BTC,BUY,10.435544410263901,0.0104355444102639,0.15,S3_TREND
2026-07-06 14:00:00+00:00,ETH,SELL,18.829998863271612,0.01882999886327161,0.15,S3_TREND
2026-07-06 14:00:00+00:00,SOL,SELL,55.70558937236001,0.05570558937236001,0.075,S6_REVERSAL
2026-07-06 15:00:00+00:00,BTC,SELL,44.71387551823318,0.04471387551823318,0.15,S3_TREND
2026-07-06 15:00:00+00:00,ETH,SELL,35.74468889771197,0.03574468889771197,0.15,S3_TREND
2026-07-06 15:00:00+00:00,SOL,SELL,1.5305864510910396,0.0015305864510910398,0.075,S6_REVERSAL
2026-07-06 16:00:00+00:00,BTC,SELL,227.22001671027465,0.22722001671027464,0.15,S3_TREND
2026-07-06 16:00:00+00:00,ETH,SELL,183.99999369337274,0.18399999369337275,0.15,S3_TREND
2026-07-06 16:00:00+00:00,SOL,SELL,49.54793268225512,0.04954793268225512,0.075,S6_REVERSAL
2026-07-06 17:00:00+00:00,BTC,SELL,22.785434445198916,0.022785434445198916,0.15,S3_TREND
2026-07-06 17:00:00+00:00,ETH,SELL,12.46237301052497,0.01246237301052497,0.15,S3_TREND
2026-07-06 17:00:00+00:00,SOL,SELL,42.7463471242454,0.0427463471242454,0.075,S6_REVERSAL
2026-07-06 18:00:00+00:00,BTC,BUY,16.33647179685613,0.01633647179685613,0.15,S3_TREND
2026-07-06 18:00:00+00:00,ETH,BUY,17.61988050950822,0.01761988050950822,0.15,S3_TREND
2026-07-06 18:00:00+00:00,SOL,BUY,31.769325852174006,0.031769325852174006,0.075,S6_REVERSAL
2026-07-06 19:00:00+00:00,BTC,SELL,10.829865490417433,0.010829865490417433,0.15,S3_TREND
2026-07-06 19:00:00+00:00,ETH,SELL,21.53866278568421,0.02153866278568421,0.15,S3_TREND
2026-07-06 19:00:00+00:00,SOL,SELL,23.607443703979698,0.0236074437039797,0.075,S6_REVERSAL
2026-07-06 20:00:00+00:00,BTC,SELL,6.7170345443009865,0.006717034544300986,0.15,S3_TREND
2026-07-06 20:00:00+00:00,ETH,BUY,2.0913930993883696,0.0020913930993883695,0.15,S3_TREND
2026-07-06 20:00:00+00:00,SOL,SELL,6.447716388647677,0.0064477163886476774,0.075,S6_REVERSAL
2026-07-06 21:00:00+00:00,BTC,SELL,16.30775509048908,0.01630775509048908,0.15,S3_TREND
2026-07-06 21:00:00+00:00,ETH,BUY,1.358381182404628,0.001358381182404628,0.15,S3_TREND
2026-07-06 22:00:00+00:00,BTC,SELL,89.5334860356088,0.0895334860356088,0.15,S3_TREND
2026-07-06 22:00:00+00:00,ETH,SELL,115.15790667908915,0.11515790667908915,0.15,S3_TREND
2026-07-06 22:00:00+00:00,SOL,SELL,34.229013311346534,0.034229013311346534,0.075,S6_REVERSAL
2026-07-06 23:00:00+00:00,BTC,BUY,29.531688406523244,0.029531688406523246,0.15,S3_TREND
2026-07-06 23:00:00+00:00,ETH,BUY,42.60019792455387,0.04260019792455387,0.15,S3_TREND
2026-07-06 23:00:00+00:00,SOL,BUY,30.567117798396794,0.030567117798396794,0.075,S6_REVERSAL
2026-07-07 00:00:00+00:00,BTC,BUY,24.77211202565195,0.02477211202565195,0.15,S3_TREND
2026-07-07 00:00:00+00:00,ETH,BUY,33.23376664193347,0.03323376664193347,0.15,S3_TREND
2026-07-07 00:00:00+00:00,SOL,BUY,23.79384801029937,0.023793848010299372,0.075,S6_REVERSAL
2026-07-07 01:00:00+00:00,BTC,SELL,19.926382947469392,0.019926382947469394,0.15,S3_TREND
2026-07-07 01:00:00+00:00,ETH,SELL,17.20341983362414,0.01720341983362414,0.15,S3_TREND
2026-07-07 01:00:00+00:00,SOL,SELL,28.46844400472855,0.02846844400472855,0.075,S6_REVERSAL
2026-07-07 02:00:00+00:00,BTC,BUY,49.34452654265988,0.04934452654265988,0.15,S3_TREND
2026-07-07 02:00:00+00:00,ETH,BUY,56.143144033751014,0.056143144033751015,0.15,S3_TREND
2026-07-07 02:00:00+00:00,SOL,BUY,24.075948396305648,0.024075948396305648,0.075,S6_REVERSAL
2026-07-07 03:00:00+00:00,BTC,BUY,73.95655657543466,0.07395655657543466,0.15,S3_TREND
2026-07-07 03:00:00+00:00,ETH,BUY,70.28073695046987,0.07028073695046988,0.15,S3_TREND
2026-07-07 03:00:00+00:00,SOL,BUY,26.213036593952893,0.026213036593952892,0.075,S6_REVERSAL
2026-07-07 04:00:00+00:00,BTC,BUY,12.408826066075562,0.012408826066075563,0.15,S3_TREND
2026-07-07 04:00:00+00:00,ETH,BUY,38.927992388473285,0.03892799238847328,0.15,S3_TREND
2026-07-07 04:00:00+00:00,SOL,BUY,18.498472679711085,0.018498472679711084,0.075,S6_REVERSAL
2026-07-07 05:00:00+00:00,BTC,BUY,9.420719921365162,0.009420719921365162,0.15,S3_TREND
2026-07-07 05:00:00+00:00,ETH,BUY,29.151533243632002,0.029151533243632004,0.15,S3_TREND
2026-07-07 05:00:00+00:00,SOL,BUY,6.734741803220459,0.006734741803220459,0.075,S6_REVERSAL
2026-07-07 06:00:00+00:00,BTC,BUY,2.136682145199302,0.002136682145199302,0.15,S3_TREND
2026-07-07 06:00:00+00:00,ETH,SELL,23.917625221640264,0.023917625221640267,0.15,S3_TREND
2026-07-07 06:00:00+00:00,SOL,SELL,13.221710772982078,0.013221710772982079,0.075,S6_REVERSAL
2026-07-07 07:00:00+00:00,BTC,SELL,24.318812640321994,0.024318812640321995,0.15,S3_TREND
2026-07-07 07:00:00+00:00,ETH,SELL,44.97400005390591,0.044974000053905915,0.15,S3_TREND
2026-07-07 07:00:00+00:00,SOL,SELL,26.72710235136492,0.02672710235136492,0.075,S6_REVERSAL
2026-07-07 08:00:00+00:00,BTC,BUY,38.7575249568672,0.0387575249568672,0.15,S3_TREND
2026-07-07 08:00:00+00:00,ETH,BUY,44.04744619565099,0.04404744619565099,0.15,S3_TREND
2026-07-07 08:00:00+00:00,SOL,SELL,5.7896699889506635,0.0057896699889506634,0.075,S6_REVERSAL
2026-07-07 09:00:00+00:00,BTC,SELL,7.502679057784917,0.007502679057784917,0.15,S3_TREND
2026-07-07 09:00:00+00:00,SOL,BUY,18.47497221361482,0.01847497221361482,0.075,S6_REVERSAL
2026-07-07 10:00:00+00:00,BTC,SELL,19.660493816516464,0.019660493816516463,0.15,S3_TREND
2026-07-07 10:00:00+00:00,ETH,SELL,43.72573300577642,0.04372573300577642,0.15,S3_TREND
2026-07-07 10:00:00+00:00,SOL,BUY,4.5521150064641915,0.004552115006464192,0.075,S6_REVERSAL
2026-07-07 11:00:00+00:00,BTC,SELL,12.296363287612621,0.01229636328761262,0.15,S3_TREND
2026-07-07 11:00:00+00:00,ETH,BUY,12.685006086659996,0.012685006086659996,0.15,S3_TREND
2026-07-07 11:00:00+00:00,SOL,BUY,24.752357268429478,0.02475235726842948,0.075,S6_REVERSAL
2026-07-07 12:00:00+00:00,BTC,SELL,12.891476550683365,0.012891476550683364,0.15,S3_TREND
2026-07-07 12:00:00+00:00,ETH,SELL,25.182484027189275,0.025182484027189277,0.15,S3_TREND
2026-07-07 12:00:00+00:00,SOL,SELL,21.592341720869626,0.021592341720869625,0.075,S6_REVERSAL
2026-07-07 13:00:00+00:00,BTC,SELL,11.164559744453072,0.011164559744453073,0.15,S3_TREND
2026-07-07 13:00:00+00:00,ETH,SELL,3.886308482811728,0.0038863084828117283,0.15,S3_TREND
2026-07-07 13:00:00+00:00,SOL,BUY,7056.5420867162975,7.056542086716298,0.15,S3_TREND
2026-07-07 14:00:00+00:00,BTC,BUY,48.40579160556081,0.048405791605560806,0.15,S3_TREND
2026-07-07 14:00:00+00:00,ETH,BUY,56.40648359748411,0.05640648359748411,0.15,S3_TREND
2026-07-07 14:00:00+00:00,SOL,BUY,57.80881241908901,0.05780881241908901,0.15,S3_TREND
2026-07-07 15:00:00+00:00,BTC,SELL,46.61631823038988,0.04661631823038988,0.15,S3_TREND
2026-07-07 15:00:00+00:00,ETH,SELL,96.2384635775179,0.0962384635775179,0.15,S3_TREND
2026-07-07 15:00:00+00:00,SOL,SELL,100.8167158535707,0.1008167158535707,0.15,S3_TREND
2026-07-07 16:00:00+00:00,BTC,SELL,52.484714102974976,0.05248471410297498,0.15,S3_TREND
2026-07-07 16:00:00+00:00,ETH,SELL,33.720882779372914,0.033720882779372914,0.15,S3_TREND
2026-07-07 16:00:00+00:00,SOL,SELL,22.349612536170753,0.02234961253617075,0.15,S3_TREND
2026-07-07 17:00:00+00:00,BTC,SELL,1.7202046292422892,0.0017202046292422893,0.15,S3_TREND
2026-07-07 17:00:00+00:00,ETH,SELL,27.722078154283736,0.027722078154283736,0.15,S3_TREND
2026-07-07 17:00:00+00:00,SOL,SELL,7.28282316215882,0.00728282316215882,0.15,S3_TREND
2026-07-07 18:00:00+00:00,BTC,SELL,15.117491871429593,0.015117491871429594,0.15,S3_TREND
2026-07-07 18:00:00+00:00,ETH,SELL,34.40912064330769,0.034409120643307686,0.15,S3_TREND
2026-07-07 18:00:00+00:00,SOL,SELL,59.915663608468094,0.059915663608468096,0.15,S3_TREND
2026-07-07 19:00:00+00:00,BTC,BUY,30.36993648859243,0.03036993648859243,0.15,S3_TREND
2026-07-07 19:00:00+00:00,ETH,BUY,105.12874255258794,0.10512874255258794,0.15,S3_TREND
2026-07-07 19:00:00+00:00,SOL,BUY,164.05914972830942,0.16405914972830943,0.15,S3_TREND
2026-07-07 20:00:00+00:00,BTC,SELL,19.42044443749728,0.01942044443749728,0.15,S3_TREND
2026-07-07 20:00:00+00:00,ETH,SELL,19.3255172430745,0.019325517243074502,0.15,S3_TREND
2026-07-07 20:00:00+00:00,SOL,SELL,2.692133351642042,0.002692133351642042,0.15,S3_TREND
2026-07-07 21:00:00+00:00,BTC,BUY,9.616161038975406,0.009616161038975406,0.15,S3_TREND
2026-07-07 21:00:00+00:00,ETH,BUY,33.112620638079534,0.033112620638079536,0.15,S3_TREND
2026-07-07 21:00:00+00:00,SOL,BUY,19.522446752496762,0.01952244675249676,0.15,S3_TREND
2026-07-07 22:00:00+00:00,BTC,BUY,30.569642278704123,0.030569642278704123,0.15,S3_TREND
2026-07-07 22:00:00+00:00,ETH,BUY,51.27168813366552,0.05127168813366552,0.15,S3_TREND
2026-07-07 22:00:00+00:00,SOL,BUY,28.959902465720006,0.028959902465720007,0.15,S3_TREND
2026-07-07 23:00:00+00:00,BTC,SELL,20.937582277329057,0.020937582277329055,0.15,S3_TREND
2026-07-07 23:00:00+00:00,ETH,SELL,6.354005278508339,0.006354005278508339,0.15,S3_TREND
2026-07-08 00:00:00+00:00,BTC,BUY,22.812442944305076,0.022812442944305077,0.15,S3_TREND
2026-07-08 00:00:00+00:00,ETH,BUY,13.871655507373362,0.013871655507373362,0.15,S3_TREND
2026-07-08 00:00:00+00:00,SOL,BUY,32.22712654927818,0.03222712654927818,0.15,S3_TREND
2026-07-08 01:00:00+00:00,BTC,SELL,41.9948181769887,0.041994818176988705,0.15,S3_TREND
2026-07-08 01:00:00+00:00,ETH,SELL,56.98782912906063,0.05698782912906063,0.15,S3_TREND
2026-07-08 01:00:00+00:00,SOL,BUY,50.04808557997421,0.050048085579974214,0.15,S3_TREND
2026-07-08 02:00:00+00:00,BTC,BUY,45.65737103669562,0.04565737103669562,0.15,S3_TREND
2026-07-08 02:00:00+00:00,ETH,BUY,111.20529533396802,0.11120529533396803,0.15,S3_TREND
2026-07-08 02:00:00+00:00,SOL,BUY,142.84246233867452,0.14284246233867454,0.15,S3_TREND
2026-07-08 03:00:00+00:00,BTC,BUY,12.429373380078687,0.012429373380078688,0.15,S3_TREND
2026-07-08 03:00:00+00:00,ETH,SELL,14.051722544245422,0.014051722544245422,0.15,S3_TREND
2026-07-08 03:00:00+00:00,SOL,BUY,3.069427179894774,0.003069427179894774,0.15,S3_TREND
2026-07-08 04:00:00+00:00,BTC,BUY,24.396948909432467,0.02439694890943247,0.15,S3_TREND
2026-07-08 04:00:00+00:00,ETH,BUY,23.745172519202242,0.023745172519202242,0.15,S3_TREND
2026-07-08 04:00:00+00:00,SOL,BUY,37.049927902118725,0.03704992790211872,0.15,S3_TREND
2026-07-08 05:00:00+00:00,BTC,SELL,2.888026676233494,0.0028880266762334942,0.15,S3_TREND
2026-07-08 05:00:00+00:00,ETH,SELL,33.34041186285867,0.033340411862858674,0.15,S3_TREND
2026-07-08 05:00:00+00:00,SOL,BUY,18.92101552517488,0.018921015525174882,0.15,S3_TREND
2026-07-08 06:00:00+00:00,BTC,BUY,22.034736514406177,0.022034736514406177,0.15,S3_TREND
2026-07-08 06:00:00+00:00,ETH,BUY,4.617892560798282,0.004617892560798282,0.15,S3_TREND
2026-07-08 06:00:00+00:00,SOL,SELL,6969.356048913202,6.969356048913203,0.075,S6_REVERSAL
2026-07-08 07:00:00+00:00,BTC,SELL,10.309121557047547,0.010309121557047548,0.15,S3_TREND
2026-07-08 07:00:00+00:00,ETH,BUY,12.804841001197929,0.012804841001197928,0.15,S3_TREND
2026-07-08 07:00:00+00:00,SOL,SELL,6976.572577890862,6.976572577890862,0.0,CASH
2026-07-08 08:00:00+00:00,BTC,SELL,38.92232428530224,0.03892232428530224,0.15,S3_TREND
2026-07-08 08:00:00+00:00,ETH,SELL,26.5106088005341,0.026510608800534102,0.15,S3_TREND
2026-07-08 08:00:00+00:00,SOL,BUY,6997.741360349275,6.997741360349275,0.075,S6_REVERSAL
2026-07-08 09:00:00+00:00,BTC,BUY,124.14926429140178,0.12414926429140179,0.15,S3_TREND
2026-07-08 09:00:00+00:00,ETH,BUY,100.87228629079618,0.10087228629079618,0.15,S3_TREND
2026-07-08 09:00:00+00:00,SOL,BUY,57.333586070766614,0.057333586070766614,0.075,S6_REVERSAL
2026-07-08 10:00:00+00:00,BTC,SELL,7.602681496002333,0.007602681496002333,0.15,S3_TREND
2026-07-08 10:00:00+00:00,ETH,SELL,4.712036385688407,0.004712036385688407,0.15,S3_TREND
2026-07-08 10:00:00+00:00,SOL,BUY,6.921956738083281,0.006921956738083282,0.075,S6_REVERSAL
2026-07-08 11:00:00+00:00,BTC,SELL,18.088507379683506,0.018088507379683507,0.15,S3_TREND
2026-07-08 11:00:00+00:00,ETH,SELL,6984.907145388501,6.984907145388501,0.075,S6_REVERSAL
2026-07-08 11:00:00+00:00,SOL,SELL,7.599456744672352,0.0075994567446723525,0.075,S6_REVERSAL
2026-07-08 12:00:00+00:00,BTC,SELL,15.037314310437068,0.015037314310437068,0.15,S3_TREND
2026-07-08 12:00:00+00:00,ETH,SELL,28.915094101807878,0.028915094101807877,0.075,S6_REVERSAL
2026-07-08 12:00:00+00:00,SOL,SELL,15.145816818478124,0.015145816818478125,0.075,S6_REVERSAL
2026-07-08 13:00:00+00:00,BTC,BUY,52.36946086026728,0.05236946086026728,0.15,S3_TREND
2026-07-08 13:00:00+00:00,ETH,BUY,25.25593843785464,0.02525593843785464,0.075,S6_REVERSAL
2026-07-08 13:00:00+00:00,SOL,SELL,6926.577865909828,6.926577865909828,0.0,CASH
2026-07-08 14:00:00+00:00,ETH,BUY,6963.603562249355,6.963603562249355,0.15,S3_TREND
2026-07-08 14:00:00+00:00,SOL,BUY,6961.112750946138,6.961112750946138,0.075,S6_REVERSAL
2026-07-08 15:00:00+00:00,BTC,SELL,2.978166047099876,0.002978166047099876,0.15,S3_TREND
2026-07-08 15:00:00+00:00,ETH,BUY,48.56174802883106,0.048561748028831064,0.15,S3_TREND
2026-07-08 15:00:00+00:00,SOL,BUY,8.98315764479048,0.008983157644790482,0.075,S6_REVERSAL
2026-07-08 16:00:00+00:00,BTC,BUY,22.714125012724253,0.022714125012724254,0.15,S3_TREND
2026-07-08 16:00:00+00:00,ETH,SELL,13852.425866179283,13.852425866179283,0.0,CASH
2026-07-08 16:00:00+00:00,SOL,BUY,22.040592183451736,0.022040592183451738,0.075,S6_REVERSAL
2026-07-08 17:00:00+00:00,BTC,SELL,73.13631971978975,0.07313631971978976,0.15,S3_TREND
2026-07-08 17:00:00+00:00,SOL,SELL,38.48495454892236,0.03848495454892236,0.075,S6_REVERSAL
2026-07-08 18:00:00+00:00,SOL,BUY,13.164502855755018,0.013164502855755019,0.075,S6_REVERSAL
2026-07-08 19:00:00+00:00,BTC,SELL,15.667776888807566,0.015667776888807567,0.15,S3_TREND
2026-07-08 20:00:00+00:00,BTC,SELL,6970.525884517917,6.970525884517917,0.075,S6_REVERSAL
2026-07-08 20:00:00+00:00,SOL,SELL,21.270290873613703,0.021270290873613703,0.075,S6_REVERSAL
2026-07-08 21:00:00+00:00,BTC,BUY,16.28712622315561,0.01628712622315561,0.075,S6_REVERSAL
2026-07-08 21:00:00+00:00,SOL,BUY,17.92915712701688,0.01792915712701688,0.075,S6_REVERSAL
2026-07-08 22:00:00+00:00,BTC,SELL,8.529313977453967,0.008529313977453967,0.075,S6_REVERSAL
2026-07-08 22:00:00+00:00,SOL,SELL,5.933831489669501,0.005933831489669501,0.075,S6_REVERSAL
2026-07-08 23:00:00+00:00,BTC,SELL,12.926564361987403,0.012926564361987403,0.075,S6_REVERSAL
2026-07-08 23:00:00+00:00,SOL,SELL,22.112492745503918,0.022112492745503916,0.075,S6_REVERSAL
2026-07-09 00:00:00+00:00,BTC,BUY,6.119084055135318,0.006119084055135318,0.075,S6_REVERSAL
2026-07-09 00:00:00+00:00,SOL,SELL,24.409529600795395,0.024409529600795395,0.075,S6_REVERSAL
2026-07-09 01:00:00+00:00,BTC,BUY,15.796361418860215,0.015796361418860216,0.075,S6_REVERSAL
2026-07-09 01:00:00+00:00,SOL,BUY,7.754554660688882,0.007754554660688882,0.075,S6_REVERSAL
2026-07-09 02:00:00+00:00,BTC,BUY,19.67811891806832,0.01967811891806832,0.075,S6_REVERSAL
2026-07-09 02:00:00+00:00,SOL,BUY,28.83641758781596,0.02883641758781596,0.075,S6_REVERSAL
2026-07-09 03:00:00+00:00,BTC,BUY,11.254442147735062,0.011254442147735062,0.075,S6_REVERSAL
2026-07-09 03:00:00+00:00,SOL,BUY,23.036449703121434,0.023036449703121433,0.075,S6_REVERSAL
2026-07-09 04:00:00+00:00,BTC,SELL,17.074528117792397,0.017074528117792396,0.075,S6_REVERSAL
2026-07-09 04:00:00+00:00,SOL,SELL,25.96576590927998,0.02596576590927998,0.075,S6_REVERSAL
2026-07-09 05:00:00+00:00,BTC,SELL,45.780436599883615,0.045780436599883616,0.075,S6_REVERSAL
2026-07-09 05:00:00+00:00,SOL,SELL,45.00350556140074,0.045003505561400745,0.075,S6_REVERSAL
2026-07-09 06:00:00+00:00,BTC,SELL,11.203487139771823,0.011203487139771824,0.075,S6_REVERSAL
2026-07-09 06:00:00+00:00,SOL,SELL,6998.802188652853,6.998802188652853,0.0,CASH
2026-07-09 07:00:00+00:00,BTC,SELL,38.64887811819517,0.038648878118195173,0.075,S6_REVERSAL
2026-07-09 08:00:00+00:00,BTC,SELL,4.10078104610966,0.00410078104610966,0.075,S6_REVERSAL
2026-07-09 09:00:00+00:00,BTC,BUY,9.85522166802184,0.009855221668021842,0.075,S6_REVERSAL
2026-07-09 10:00:00+00:00,BTC,SELL,5.096850503527094,0.005096850503527094,0.075,S6_REVERSAL
2026-07-09 11:00:00+00:00,BTC,BUY,17.132927989666314,0.017132927989666313,0.075,S6_REVERSAL
2026-07-09 13:00:00+00:00,BTC,BUY,17.65561294413601,0.01765561294413601,0.075,S6_REVERSAL
2026-07-09 14:00:00+00:00,BTC,SELL,42.63518062485764,0.04263518062485764,0.075,S6_REVERSAL
2026-07-09 15:00:00+00:00,BTC,BUY,1.2608302856988303,0.0012608302856988304,0.075,S6_REVERSAL
2026-07-09 16:00:00+00:00,BTC,BUY,15.132116826856873,0.015132116826856872,0.075,S6_REVERSAL
2026-07-09 17:00:00+00:00,BTC,BUY,17.225466089191286,0.017225466089191288,0.075,S6_REVERSAL
2026-07-09 18:00:00+00:00,BTC,SELL,7014.850422372898,7.014850422372898,0.0,CASH
2026-07-10 15:00:00+00:00,BTC,BUY,13937.643313661136,13.937643313661136,0.15,S3_TREND
2026-07-10 16:00:00+00:00,BTC,SELL,25.280516707653078,0.025280516707653078,0.15,S3_TREND
2026-07-10 17:00:00+00:00,BTC,SELL,18.5076724145365,0.0185076724145365,0.15,S3_TREND
2026-07-10 18:00:00+00:00,BTC,BUY,58.38613422681556,0.05838613422681556,0.15,S3_TREND
2026-07-10 18:00:00+00:00,ETH,BUY,13932.599894259829,13.932599894259829,0.15,S3_TREND
2026-07-10 18:00:00+00:00,SOL,BUY,6966.2999471299145,6.966299947129914,0.075,S6_REVERSAL
2026-07-10 19:00:00+00:00,BTC,SELL,4.9638182733597205,0.00496381827335972,0.15,S3_TREND
2026-07-10 19:00:00+00:00,ETH,BUY,16.05558492095406,0.01605558492095406,0.15,S3_TREND
2026-07-10 19:00:00+00:00,SOL,BUY,1.3766220183642872,0.0013766220183642872,0.075,S6_REVERSAL
2026-07-10 20:00:00+00:00,BTC,SELL,5.839036131699686,0.0058390361316996865,0.15,S3_TREND
2026-07-10 20:00:00+00:00,ETH,SELL,42.67621593347212,0.04267621593347212,0.15,S3_TREND
2026-07-10 20:00:00+00:00,SOL,SELL,25.27653952343735,0.02527653952343735,0.075,S6_REVERSAL
2026-07-10 21:00:00+00:00,BTC,BUY,9.208490524260924,0.009208490524260924,0.15,S3_TREND
2026-07-10 21:00:00+00:00,ETH,BUY,12.325555951410934,0.012325555951410935,0.15,S3_TREND
2026-07-10 21:00:00+00:00,SOL,BUY,6977.057781909784,6.977057781909784,0.15,S3_TREND
2026-07-10 22:00:00+00:00,BTC,SELL,21.05756263067451,0.02105756263067451,0.15,S3_TREND
2026-07-10 22:00:00+00:00,ETH,SELL,16.79268583398516,0.01679268583398516,0.15,S3_TREND
2026-07-10 22:00:00+00:00,SOL,SELL,28.59392221838243,0.02859392221838243,0.15,S3_TREND
2026-07-10 23:00:00+00:00,BTC,SELL,13.061853927101765,0.013061853927101765,0.15,S3_TREND
2026-07-10 23:00:00+00:00,ETH,BUY,2.3447219906065584,0.0023447219906065583,0.15,S3_TREND
2026-07-10 23:00:00+00:00,SOL,SELL,21.60813820027397,0.02160813820027397,0.15,S3_TREND
2026-07-11 00:00:00+00:00,BTC,SELL,8.031157168263235,0.008031157168263236,0.15,S3_TREND
2026-07-11 00:00:00+00:00,ETH,SELL,10.10115223007233,0.01010115223007233,0.15,S3_TREND
2026-07-11 00:00:00+00:00,SOL,BUY,8.087005374956789,0.008087005374956789,0.15,S3_TREND
2026-07-11 01:00:00+00:00,BTC,SELL,4.877305444686499,0.004877305444686499,0.15,S3_TREND
2026-07-11 01:00:00+00:00,ETH,BUY,14.109032871396266,0.014109032871396266,0.15,S3_TREND
2026-07-11 01:00:00+00:00,SOL,BUY,38.73101094472986,0.03873101094472986,0.15,S3_TREND
2026-07-11 02:00:00+00:00,BTC,BUY,7.221045217605933,0.007221045217605934,0.15,S3_TREND
2026-07-11 02:00:00+00:00,ETH,BUY,16.20165046456532,0.016201650464565318,0.15,S3_TREND
2026-07-11 02:00:00+00:00,SOL,BUY,38.61243952229415,0.03861243952229415,0.15,S3_TREND
2026-07-11 03:00:00+00:00,BTC,SELL,12.790144723005142,0.012790144723005142,0.15,S3_TREND
2026-07-11 03:00:00+00:00,ETH,SELL,31.82972298997629,0.03182972298997629,0.15,S3_TREND
2026-07-11 03:00:00+00:00,SOL,SELL,24.334665184303958,0.02433466518430396,0.15,S3_TREND
2026-07-11 04:00:00+00:00,BTC,BUY,2.9967683422000846,0.0029967683422000846,0.15,S3_TREND
2026-07-11 04:00:00+00:00,ETH,SELL,5.730685298647586,0.005730685298647586,0.15,S3_TREND
2026-07-11 04:00:00+00:00,SOL,SELL,2.247584515480412,0.0022475845154804118,0.15,S3_TREND
2026-07-11 05:00:00+00:00,BTC,SELL,1.8845036199945753,0.0018845036199945753,0.15,S3_TREND
2026-07-11 05:00:00+00:00,ETH,SELL,1.6961871114690439,0.0016961871114690439,0.15,S3_TREND
2026-07-11 05:00:00+00:00,SOL,BUY,9.219520830694819,0.009219520830694819,0.15,S3_TREND
2026-07-11 06:00:00+00:00,BTC,BUY,3.5392325278335193,0.0035392325278335193,0.15,S3_TREND
2026-07-11 06:00:00+00:00,ETH,SELL,13.917100980923351,0.013917100980923351,0.15,S3_TREND
2026-07-11 06:00:00+00:00,SOL,SELL,21.749403059973705,0.021749403059973707,0.15,S3_TREND
2026-07-11 07:00:00+00:00,BTC,SELL,3.824016201260747,0.003824016201260747,0.15,S3_TREND
2026-07-11 07:00:00+00:00,ETH,BUY,6.557630312916444,0.0065576303129164445,0.15,S3_TREND
2026-07-11 07:00:00+00:00,SOL,SELL,23.119541545633187,0.02311954154563319,0.15,S3_TREND
2026-07-11 08:00:00+00:00,BTC,BUY,9.159586716848935,0.009159586716848935,0.15,S3_TREND
2026-07-11 08:00:00+00:00,ETH,SELL,8.494169105084438,0.008494169105084439,0.15,S3_TREND
2026-07-11 08:00:00+00:00,SOL,BUY,11.094300190557988,0.011094300190557987,0.15,S3_TREND
2026-07-11 09:00:00+00:00,BTC,SELL,12.916670494745631,0.012916670494745632,0.15,S3_TREND
2026-07-11 09:00:00+00:00,ETH,SELL,1.8090829526809102,0.0018090829526809103,0.15,S3_TREND
2026-07-11 09:00:00+00:00,SOL,SELL,20.763288191668835,0.020763288191668835,0.15,S3_TREND
2026-07-11 10:00:00+00:00,BTC,BUY,2.7069184461252007,0.0027069184461252006,0.15,S3_TREND
2026-07-11 10:00:00+00:00,ETH,BUY,27.48868851941006,0.02748868851941006,0.15,S3_TREND
2026-07-11 10:00:00+00:00,SOL,BUY,38.4671561790783,0.0384671561790783,0.15,S3_TREND
2026-07-11 11:00:00+00:00,BTC,BUY,3.5929821376030304,0.0035929821376030303,0.15,S3_TREND
2026-07-11 11:00:00+00:00,ETH,SELL,11.85851187361368,0.01185851187361368,0.15,S3_TREND
2026-07-11 11:00:00+00:00,SOL,SELL,27.82038771644693,0.02782038771644693,0.15,S3_TREND
2026-07-11 12:00:00+00:00,BTC,BUY,4.299717212712494,0.004299717212712494,0.15,S3_TREND
2026-07-11 12:00:00+00:00,ETH,SELL,12.11644960402191,0.01211644960402191,0.15,S3_TREND
2026-07-11 12:00:00+00:00,SOL,SELL,9.579228401733417,0.009579228401733418,0.15,S3_TREND
2026-07-11 13:00:00+00:00,BTC,SELL,1.042915223932141,0.001042915223932141,0.15,S3_TREND
2026-07-11 13:00:00+00:00,ETH,BUY,1.2813611318943003,0.0012813611318943003,0.15,S3_TREND
2026-07-11 13:00:00+00:00,SOL,BUY,5.561965636086825,0.005561965636086825,0.15,S3_TREND
2026-07-11 14:00:00+00:00,BTC,SELL,2.3659767546178045,0.0023659767546178045,0.15,S3_TREND
2026-07-11 14:00:00+00:00,ETH,SELL,13.096257090124709,0.01309625709012471,0.15,S3_TREND
2026-07-11 14:00:00+00:00,SOL,SELL,7.930094348708736,0.007930094348708736,0.15,S3_TREND
2026-07-11 15:00:00+00:00,BTC,SELL,2.8661635708394897,0.00286616357083949,0.15,S3_TREND
2026-07-11 15:00:00+00:00,ETH,SELL,40.92205631308752,0.040922056313087526,0.15,S3_TREND
2026-07-11 15:00:00+00:00,SOL,SELL,36.9676975545608,0.0369676975545608,0.15,S3_TREND
2026-07-11 16:00:00+00:00,BTC,BUY,34.01145354233995,0.03401145354233995,0.15,S3_TREND
2026-07-11 16:00:00+00:00,ETH,SELL,35.5087330466049,0.0355087330466049,0.15,S3_TREND
2026-07-11 16:00:00+00:00,SOL,BUY,15.71146426260384,0.01571146426260384,0.15,S3_TREND
2026-07-11 17:00:00+00:00,BTC,SELL,3.2628359694408573,0.0032628359694408574,0.15,S3_TREND
2026-07-11 17:00:00+00:00,ETH,SELL,68.01757804702356,0.06801757804702356,0.15,S3_TREND
2026-07-11 17:00:00+00:00,SOL,BUY,79.76168512435288,0.07976168512435289,0.15,S3_TREND
2026-07-11 18:00:00+00:00,BTC,SELL,19.504223150606776,0.019504223150606778,0.15,S3_TREND
2026-07-11 18:00:00+00:00,SOL,SELL,16.88964400859186,0.01688964400859186,0.15,S3_TREND
2026-07-11 19:00:00+00:00,ETH,SELL,11.04080518272167,0.01104080518272167,0.15,S3_TREND
2026-07-11 19:00:00+00:00,SOL,BUY,2.3231055193264183,0.0023231055193264185,0.15,S3_TREND
2026-07-11 20:00:00+00:00,BTC,BUY,6.948984672077131,0.006948984672077131,0.15,S3_TREND
2026-07-11 20:00:00+00:00,ETH,BUY,13.606772432209254,0.013606772432209254,0.15,S3_TREND
2026-07-11 20:00:00+00:00,SOL,SELL,14.353083408312159,0.01435308340831216,0.15,S3_TREND
2026-07-11 21:00:00+00:00,BTC,SELL,15.488296703342712,0.015488296703342713,0.15,S3_TREND
2026-07-11 21:00:00+00:00,ETH,SELL,6.68806648959071,0.00668806648959071,0.15,S3_TREND
2026-07-11 21:00:00+00:00,SOL,BUY,1.929741262931202,0.0019297412629312022,0.15,S3_TREND
2026-07-11 22:00:00+00:00,BTC,BUY,4.186728305186989,0.004186728305186989,0.15,S3_TREND
2026-07-11 22:00:00+00:00,ETH,BUY,13.849116262219468,0.013849116262219468,0.15,S3_TREND
2026-07-11 22:00:00+00:00,SOL,SELL,12.315721515269614,0.012315721515269613,0.15,S3_TREND
2026-07-11 23:00:00+00:00,BTC,BUY,7.36431722522866,0.007364317225228661,0.15,S3_TREND
2026-07-11 23:00:00+00:00,ETH,BUY,52.63276268884147,0.05263276268884147,0.15,S3_TREND
2026-07-11 23:00:00+00:00,SOL,BUY,34.95407124700978,0.03495407124700978,0.15,S3_TREND
2026-07-12 00:00:00+00:00,BTC,BUY,11.429578305087489,0.01142957830508749,0.15,S3_TREND
2026-07-12 00:00:00+00:00,ETH,BUY,127.94454343775396,0.12794454343775397,0.15,S3_TREND
2026-07-12 00:00:00+00:00,SOL,BUY,125.20398604100956,0.12520398604100955,0.15,S3_TREND
2026-07-12 01:00:00+00:00,BTC,SELL,19.111291726649142,0.019111291726649143,0.15,S3_TREND
2026-07-12 01:00:00+00:00,ETH,SELL,26.536789250831134,0.026536789250831135,0.15,S3_TREND
2026-07-12 01:00:00+00:00,SOL,BUY,107.89284809869787,0.10789284809869787,0.15,S3_TREND
2026-07-12 02:00:00+00:00,BTC,SELL,15.83738000840276,0.015837380008402763,0.15,S3_TREND
2026-07-12 02:00:00+00:00,ETH,SELL,87.00602676948256,0.08700602676948256,0.15,S3_TREND
2026-07-12 02:00:00+00:00,SOL,SELL,82.66692467293069,0.08266692467293069,0.15,S3_TREND
2026-07-12 03:00:00+00:00,BTC,BUY,10.62539789706716,0.01062539789706716,0.15,S3_TREND
2026-07-12 03:00:00+00:00,ETH,BUY,9.154349953963901,0.009154349953963902,0.15,S3_TREND
2026-07-12 03:00:00+00:00,SOL,SELL,8.554492178736837,0.008554492178736836,0.15,S3_TREND
2026-07-12 04:00:00+00:00,BTC,SELL,15.749270691285348,0.015749270691285348,0.15,S3_TREND
2026-07-12 04:00:00+00:00,ETH,SELL,31.96159251280369,0.03196159251280369,0.15,S3_TREND
2026-07-12 04:00:00+00:00,SOL,SELL,6993.168650765818,6.993168650765818,0.075,S6_REVERSAL
2026-07-12 05:00:00+00:00,BTC,BUY,29.17056891366883,0.029170568913668832,0.15,S3_TREND
2026-07-12 05:00:00+00:00,ETH,BUY,23.76102115298454,0.023761021152984542,0.15,S3_TREND
2026-07-12 05:00:00+00:00,SOL,BUY,21.060575426423384,0.021060575426423384,0.075,S6_REVERSAL
2026-07-12 06:00:00+00:00,ETH,BUY,12.51408092195743,0.01251408092195743,0.15,S3_TREND
2026-07-12 06:00:00+00:00,SOL,BUY,20.477806372905434,0.020477806372905433,0.075,S6_REVERSAL
2026-07-12 07:00:00+00:00,BTC,BUY,26.809309131422197,0.026809309131422196,0.15,S3_TREND
2026-07-12 07:00:00+00:00,ETH,BUY,45.82358784032476,0.04582358784032476,0.15,S3_TREND
2026-07-12 07:00:00+00:00,SOL,SELL,2.0258739833561776,0.002025873983356178,0.075,S6_REVERSAL
2026-07-12 08:00:00+00:00,BTC,SELL,16.502033494442003,0.016502033494442004,0.15,S3_TREND
2026-07-12 08:00:00+00:00,ETH,SELL,17.915706561678235,0.017915706561678235,0.15,S3_TREND
2026-07-12 08:00:00+00:00,SOL,SELL,8.51574332866221,0.008515743328662211,0.075,S6_REVERSAL
2026-07-12 09:00:00+00:00,BTC,SELL,8.069656242128985,0.008069656242128985,0.15,S3_TREND
2026-07-12 09:00:00+00:00,ETH,SELL,36.57172523640111,0.036571725236401106,0.15,S3_TREND
2026-07-12 09:00:00+00:00,SOL,SELL,10.650170637523843,0.010650170637523843,0.075,S6_REVERSAL
2026-07-12 10:00:00+00:00,BTC,BUY,1.402301245041599,0.001402301245041599,0.15,S3_TREND
2026-07-12 10:00:00+00:00,ETH,BUY,18.46687024079256,0.01846687024079256,0.15,S3_TREND
2026-07-12 10:00:00+00:00,SOL,SELL,6.188717346679368,0.006188717346679368,0.075,S6_REVERSAL
2026-07-12 11:00:00+00:00,BTC,BUY,13.725763939815806,0.013725763939815807,0.15,S3_TREND
2026-07-12 11:00:00+00:00,ETH,BUY,15.961299450105798,0.015961299450105798,0.15,S3_TREND
2026-07-12 12:00:00+00:00,BTC,SELL,20.15804227733679,0.02015804227733679,0.15,S3_TREND
2026-07-12 12:00:00+00:00,ETH,SELL,20.704687472072692,0.020704687472072693,0.15,S3_TREND
2026-07-12 12:00:00+00:00,SOL,SELL,13.389854799770546,0.013389854799770546,0.075,S6_REVERSAL
2026-07-12 13:00:00+00:00,BTC,BUY,5.671687594047398,0.005671687594047399,0.15,S3_TREND
2026-07-12 13:00:00+00:00,ETH,SELL,17.691632208108786,0.017691632208108786,0.15,S3_TREND
2026-07-12 13:00:00+00:00,SOL,SELL,18.93088638964855,0.01893088638964855,0.075,S6_REVERSAL
2026-07-12 14:00:00+00:00,BTC,SELL,1.1179927823213802,0.0011179927823213801,0.15,S3_TREND
2026-07-12 14:00:00+00:00,ETH,BUY,6.510337716617869,0.006510337716617869,0.15,S3_TREND
2026-07-12 14:00:00+00:00,SOL,BUY,1.8366990035901836,0.0018366990035901835,0.075,S6_REVERSAL
2026-07-12 15:00:00+00:00,BTC,SELL,12.332399134143998,0.012332399134143999,0.15,S3_TREND
2026-07-12 15:00:00+00:00,ETH,SELL,77.74318053004026,0.07774318053004027,0.15,S3_TREND
2026-07-12 15:00:00+00:00,SOL,SELL,7005.281999047318,7.005281999047318,0.0,CASH
2026-07-12 16:00:00+00:00,BTC,BUY,5.6011814410630905,0.005601181441063091,0.15,S3_TREND
2026-07-12 16:00:00+00:00,ETH,SELL,11.343706136707624,0.011343706136707625,0.15,S3_TREND
2026-07-12 17:00:00+00:00,ETH,SELL,6.792547428200123,0.006792547428200123,0.15,S3_TREND
2026-07-12 18:00:00+00:00,BTC,BUY,15.331291845297528,0.015331291845297529,0.15,S3_TREND
2026-07-12 18:00:00+00:00,ETH,BUY,19.421235069970862,0.01942123506997086,0.15,S3_TREND
2026-07-12 19:00:00+00:00,BTC,SELL,9.617469491615338,0.009617469491615339,0.15,S3_TREND
2026-07-12 19:00:00+00:00,ETH,SELL,16.70659233560582,0.01670659233560582,0.15,S3_TREND
2026-07-12 20:00:00+00:00,BTC,SELL,14.94109673285493,0.01494109673285493,0.15,S3_TREND
2026-07-12 20:00:00+00:00,ETH,BUY,2.75831203251073,0.0027583120325107304,0.15,S3_TREND
2026-07-12 21:00:00+00:00,BTC,BUY,5.324908772290655,0.005324908772290656,0.15,S3_TREND
2026-07-12 22:00:00+00:00,BTC,BUY,41.16144610594165,0.04116144610594165,0.15,S3_TREND
2026-07-12 22:00:00+00:00,ETH,BUY,49.45675218838005,0.049456752188380054,0.15,S3_TREND
2026-07-12 23:00:00+00:00,BTC,SELL,2.127955249256047,0.002127955249256047,0.15,S3_TREND
2026-07-12 23:00:00+00:00,ETH,BUY,46.12268790787857,0.04612268790787857,0.15,S3_TREND
2026-07-13 00:00:00+00:00,BTC,BUY,21.837423154040152,0.021837423154040154,0.15,S3_TREND
2026-07-13 00:00:00+00:00,ETH,SELL,14.991180857088695,0.014991180857088695,0.15,S3_TREND
2026-07-13 01:00:00+00:00,BTC,SELL,31.33282324372158,0.03133282324372158,0.15,S3_TREND
2026-07-13 01:00:00+00:00,ETH,SELL,120.25860716265197,0.12025860716265198,0.15,S3_TREND
2026-07-13 02:00:00+00:00,BTC,BUY,99.62388348142304,0.09962388348142304,0.15,S3_TREND
2026-07-13 02:00:00+00:00,ETH,BUY,106.84852085131388,0.10684852085131388,0.15,S3_TREND
2026-07-13 03:00:00+00:00,BTC,SELL,13917.708755553613,13.917708755553614,0.0,CASH
2026-07-13 03:00:00+00:00,ETH,SELL,2.1998328972240415,0.0021998328972240417,0.15,S3_TREND
2026-07-13 04:00:00+00:00,BTC,BUY,6945.955823474635,6.945955823474635,0.075,S6_REVERSAL
2026-07-13 04:00:00+00:00,ETH,BUY,171.1610146278399,0.17116101462783992,0.15,S3_TREND
2026-07-13 05:00:00+00:00,BTC,BUY,12.332588580331503,0.012332588580331504,0.075,S6_REVERSAL
2026-07-13 05:00:00+00:00,ETH,BUY,6.716676496853324,0.0067166764968533245,0.15,S3_TREND
2026-07-13 06:00:00+00:00,BTC,SELL,11.489499309853272,0.011489499309853272,0.075,S6_REVERSAL
2026-07-13 06:00:00+00:00,ETH,SELL,15.209429453052508,0.015209429453052509,0.15,S3_TREND
2026-07-13 07:00:00+00:00,BTC,SELL,2.0690149901192854,0.0020690149901192853,0.075,S6_REVERSAL
2026-07-13 07:00:00+00:00,ETH,BUY,25.090827465071925,0.025090827465071925,0.15,S3_TREND
2026-07-13 08:00:00+00:00,BTC,SELL,13.528415713924915,0.013528415713924914,0.075,S6_REVERSAL
2026-07-13 08:00:00+00:00,ETH,SELL,61.490647592949244,0.06149064759294925,0.15,S3_TREND
2026-07-13 09:00:00+00:00,BTC,SELL,21.09522059484243,0.02109522059484243,0.075,S6_REVERSAL
2026-07-13 09:00:00+00:00,ETH,SELL,13.532634261997373,0.013532634261997373,0.15,S3_TREND
2026-07-13 10:00:00+00:00,BTC,BUY,8.336656178092198,0.008336656178092199,0.075,S6_REVERSAL
2026-07-13 10:00:00+00:00,ETH,BUY,27.089258943800814,0.027089258943800813,0.15,S3_TREND
2026-07-13 11:00:00+00:00,BTC,BUY,19.924433158254033,0.019924433158254033,0.075,S6_REVERSAL
2026-07-13 11:00:00+00:00,ETH,BUY,38.375325673961925,0.03837532567396192,0.15,S3_TREND
2026-07-13 12:00:00+00:00,BTC,SELL,2.7210323560530014,0.0027210323560530013,0.075,S6_REVERSAL
2026-07-13 12:00:00+00:00,ETH,SELL,8.136044725099055,0.008136044725099054,0.15,S3_TREND
2026-07-13 13:00:00+00:00,BTC,BUY,23.357200954167638,0.02335720095416764,0.075,S6_REVERSAL
2026-07-13 13:00:00+00:00,ETH,BUY,51.18261123986122,0.05118261123986122,0.15,S3_TREND
2026-07-13 14:00:00+00:00,BTC,BUY,30.869473642716912,0.030869473642716912,0.075,S6_REVERSAL
2026-07-13 14:00:00+00:00,ETH,BUY,1.7395758995717188,0.0017395758995717187,0.15,S3_TREND
2026-07-13 15:00:00+00:00,BTC,SELL,42.653198966481796,0.042653198966481794,0.075,S6_REVERSAL
2026-07-13 15:00:00+00:00,ETH,SELL,61.59088203911051,0.06159088203911051,0.15,S3_TREND
2026-07-13 16:00:00+00:00,BTC,BUY,15.009357317567265,0.015009357317567265,0.075,S6_REVERSAL
2026-07-13 16:00:00+00:00,ETH,BUY,28.513496884408596,0.028513496884408598,0.15,S3_TREND
2026-07-13 17:00:00+00:00,BTC,BUY,32.165694555045775,0.032165694555045775,0.075,S6_REVERSAL
2026-07-13 17:00:00+00:00,ETH,BUY,27.179620131750198,0.0271796201317502,0.15,S3_TREND
2026-07-13 18:00:00+00:00,BTC,BUY,27.39854297722104,0.02739854297722104,0.075,S6_REVERSAL
2026-07-13 18:00:00+00:00,ETH,BUY,116.42712397224568,0.11642712397224568,0.15,S3_TREND
2026-07-13 19:00:00+00:00,BTC,SELL,5.2276520303630605,0.00522765203036306,0.075,S6_REVERSAL
2026-07-13 19:00:00+00:00,ETH,SELL,7003.577624474979,7.003577624474978,0.075,S6_REVERSAL
2026-07-13 20:00:00+00:00,BTC,SELL,25.2948106937165,0.0252948106937165,0.075,S6_REVERSAL
2026-07-13 20:00:00+00:00,ETH,SELL,34.706480477236255,0.034706480477236255,0.075,S6_REVERSAL
2026-07-13 21:00:00+00:00,BTC,BUY,5.72456994672666,0.00572456994672666,0.075,S6_REVERSAL
2026-07-13 21:00:00+00:00,ETH,BUY,26.779994615852047,0.026779994615852048,0.075,S6_REVERSAL
2026-07-13 22:00:00+00:00,BTC,BUY,13.374864793673623,0.013374864793673624,0.075,S6_REVERSAL
2026-07-13 22:00:00+00:00,ETH,BUY,19.311807999187295,0.019311807999187296,0.075,S6_REVERSAL
2026-07-13 23:00:00+00:00,BTC,BUY,13.62778934486596,0.01362778934486596,0.075,S6_REVERSAL
2026-07-13 23:00:00+00:00,ETH,BUY,10.349147434113547,0.010349147434113547,0.075,S6_REVERSAL
2026-07-13 23:00:00+00:00,SOL,BUY,6926.587628198685,6.926587628198685,0.075,S6_REVERSAL
2026-07-14 00:00:00+00:00,BTC,SELL,34.134390977086696,0.0341343909770867,0.075,S6_REVERSAL
2026-07-14 00:00:00+00:00,ETH,SELL,59.903058551227325,0.05990305855122732,0.075,S6_REVERSAL
2026-07-14 00:00:00+00:00,SOL,SELL,34.68984411396559,0.03468984411396559,0.075,S6_REVERSAL
2026-07-14 01:00:00+00:00,BTC,SELL,16.4397582148913,0.016439758214891298,0.075,S6_REVERSAL
2026-07-14 01:00:00+00:00,ETH,SELL,28.862281457675635,0.028862281457675637,0.075,S6_REVERSAL
2026-07-14 01:00:00+00:00,SOL,SELL,32.27445205999902,0.03227445205999902,0.075,S6_REVERSAL
2026-07-14 02:00:00+00:00,ETH,BUY,3.232276844635635,0.003232276844635635,0.075,S6_REVERSAL
2026-07-14 02:00:00+00:00,SOL,BUY,11.492632543016043,0.011492632543016043,0.075,S6_REVERSAL
2026-07-14 03:00:00+00:00,BTC,SELL,2.9715261677929448,0.002971526167792945,0.075,S6_REVERSAL
2026-07-14 03:00:00+00:00,ETH,BUY,6.212021111397007,0.006212021111397007,0.075,S6_REVERSAL
2026-07-14 03:00:00+00:00,SOL,BUY,19.016543680625546,0.019016543680625546,0.075,S6_REVERSAL
2026-07-14 04:00:00+00:00,BTC,SELL,2.198571183402237,0.002198571183402237,0.075,S6_REVERSAL
2026-07-14 04:00:00+00:00,ETH,SELL,2.770425526658073,0.002770425526658073,0.075,S6_REVERSAL
2026-07-14 04:00:00+00:00,SOL,SELL,5.465496283950415,0.0054654962839504155,0.075,S6_REVERSAL
2026-07-14 05:00:00+00:00,BTC,SELL,16.957020919788192,0.016957020919788193,0.075,S6_REVERSAL
2026-07-14 05:00:00+00:00,ETH,SELL,6.706902902900765,0.006706902902900765,0.075,S6_REVERSAL
2026-07-14 05:00:00+00:00,SOL,BUY,1.244671562181793,0.001244671562181793,0.075,S6_REVERSAL
2026-07-14 06:00:00+00:00,BTC,BUY,2.8982607429097698,0.00289826074290977,0.075,S6_REVERSAL
2026-07-14 06:00:00+00:00,ETH,SELL,2.330646787317164,0.002330646787317164,0.075,S6_REVERSAL
2026-07-14 06:00:00+00:00,SOL,SELL,21.11608181738484,0.02111608181738484,0.075,S6_REVERSAL
2026-07-14 07:00:00+00:00,BTC,BUY,8.719811139978447,0.008719811139978446,0.075,S6_REVERSAL
2026-07-14 07:00:00+00:00,ETH,BUY,11.141711176031095,0.011141711176031095,0.075,S6_REVERSAL
2026-07-14 07:00:00+00:00,SOL,BUY,19.245161190815452,0.019245161190815454,0.075,S6_REVERSAL
2026-07-14 08:00:00+00:00,BTC,BUY,4.647414545958782,0.0046474145459587815,0.075,S6_REVERSAL
2026-07-14 08:00:00+00:00,ETH,BUY,5.356576433533519,0.005356576433533519,0.075,S6_REVERSAL
2026-07-14 08:00:00+00:00,SOL,BUY,14.27584818367177,0.01427584818367177,0.075,S6_REVERSAL
2026-07-14 09:00:00+00:00,BTC,SELL,13.064999557186638,0.013064999557186638,0.075,S6_REVERSAL
2026-07-14 09:00:00+00:00,ETH,SELL,14.529620492396134,0.014529620492396134,0.075,S6_REVERSAL
2026-07-14 09:00:00+00:00,SOL,SELL,12.760574029877716,0.012760574029877717,0.075,S6_REVERSAL
2026-07-14 10:00:00+00:00,BTC,BUY,8.149997585178426,0.008149997585178426,0.075,S6_REVERSAL
2026-07-14 10:00:00+00:00,ETH,SELL,2.1568484148274365,0.0021568484148274366,0.075,S6_REVERSAL
2026-07-14 10:00:00+00:00,SOL,BUY,6.207804150670199,0.006207804150670199,0.075,S6_REVERSAL
2026-07-14 11:00:00+00:00,BTC,SELL,10.643250736428854,0.010643250736428854,0.075,S6_REVERSAL
2026-07-14 11:00:00+00:00,ETH,SELL,6998.212583971088,6.998212583971088,0.0,CASH
2026-07-14 11:00:00+00:00,SOL,SELL,28.7400050010383,0.0287400050010383,0.075,S6_REVERSAL
2026-07-14 12:00:00+00:00,BTC,SELL,6957.254042417547,6.957254042417547,0.0,CASH
2026-07-14 12:00:00+00:00,SOL,BUY,6.661599022086193,0.006661599022086193,0.075,S6_REVERSAL
2026-07-14 13:00:00+00:00,SOL,SELL,7086.173480023219,7.086173480023219,0.0,CASH
2026-07-15 04:00:00+00:00,ETH,BUY,13921.218440048728,13.921218440048728,0.15,S3_TREND
2026-07-15 05:00:00+00:00,ETH,SELL,4.737256890295612,0.004737256890295612,0.15,S3_TREND
2026-07-15 06:00:00+00:00,ETH,SELL,39.029734576821284,0.03902973457682128,0.15,S3_TREND
2026-07-15 07:00:00+00:00,ETH,BUY,42.87525218857627,0.04287525218857627,0.15,S3_TREND
2026-07-15 08:00:00+00:00,ETH,BUY,36.76326246808276,0.03676326246808276,0.15,S3_TREND
2026-07-15 09:00:00+00:00,ETH,SELL,58.0569912364499,0.058056991236449904,0.15,S3_TREND
2026-07-15 10:00:00+00:00,ETH,SELL,4.039063883566996,0.004039063883566996,0.15,S3_TREND
2026-07-15 11:00:00+00:00,ETH,BUY,10.953744930337052,0.010953744930337052,0.15,S3_TREND
2026-07-15 12:00:00+00:00,ETH,SELL,40.95529184168481,0.04095529184168481,0.15,S3_TREND
2026-07-15 13:00:00+00:00,BTC,BUY,13975.814294901927,13.975814294901928,0.15,S3_TREND
2026-07-15 13:00:00+00:00,ETH,SELL,267.3090610310319,0.2673090610310319,0.15,S3_TREND
2026-07-15 14:00:00+00:00,BTC,BUY,4.726445684485952,0.004726445684485952,0.15,S3_TREND
2026-07-15 14:00:00+00:00,ETH,BUY,5.013544916890169,0.005013544916890169,0.15,S3_TREND
2026-07-15 15:00:00+00:00,BTC,SELL,43.262411141915436,0.04326241114191544,0.15,S3_TREND
2026-07-15 15:00:00+00:00,ETH,SELL,36.995716848718075,0.03699571684871807,0.15,S3_TREND
2026-07-15 16:00:00+00:00,BTC,SELL,6.455288993251088,0.006455288993251088,0.15,S3_TREND
2026-07-15 16:00:00+00:00,ETH,BUY,8.752026309588473,0.008752026309588472,0.15,S3_TREND
2026-07-15 17:00:00+00:00,BTC,BUY,42.347048993689896,0.0423470489936899,0.15,S3_TREND
2026-07-15 17:00:00+00:00,ETH,BUY,66.0995924761828,0.06609959247618281,0.15,S3_TREND
2026-07-15 17:00:00+00:00,SOL,BUY,13964.11995843333,13.96411995843333,0.15,S3_TREND
2026-07-15 18:00:00+00:00,BTC,BUY,23.876074367351976,0.023876074367351976,0.15,S3_TREND
2026-07-15 18:00:00+00:00,ETH,SELL,50.448232563858255,0.050448232563858254,0.15,S3_TREND
2026-07-15 18:00:00+00:00,SOL,SELL,24.175098752499252,0.024175098752499253,0.15,S3_TREND
2026-07-15 19:00:00+00:00,BTC,BUY,25.832346287643304,0.025832346287643304,0.15,S3_TREND
2026-07-15 19:00:00+00:00,ETH,BUY,8.788800983073088,0.008788800983073088,0.15,S3_TREND
2026-07-15 19:00:00+00:00,SOL,BUY,25.010904576589382,0.025010904576589384,0.15,S3_TREND
2026-07-15 20:00:00+00:00,BTC,SELL,32.884218676003,0.032884218676003,0.15,S3_TREND
2026-07-15 20:00:00+00:00,ETH,SELL,5.311821064869946,0.005311821064869946,0.15,S3_TREND
2026-07-15 20:00:00+00:00,SOL,BUY,66.12305886380273,0.06612305886380272,0.15,S3_TREND
2026-07-15 21:00:00+00:00,BTC,BUY,6.6726156166078,0.0066726156166078,0.15,S3_TREND
2026-07-15 21:00:00+00:00,ETH,BUY,7.571697336152283,0.007571697336152284,0.15,S3_TREND
2026-07-15 21:00:00+00:00,SOL,SELL,31.47810375233712,0.031478103752337123,0.15,S3_TREND
2026-07-15 22:00:00+00:00,BTC,BUY,23.312825022267134,0.023312825022267135,0.15,S3_TREND
2026-07-15 22:00:00+00:00,ETH,BUY,7.286941098924217,0.007286941098924217,0.15,S3_TREND
2026-07-15 22:00:00+00:00,SOL,SELL,10.817811100911058,0.010817811100911057,0.15,S3_TREND
2026-07-15 23:00:00+00:00,BTC,SELL,2.5229117713715823,0.002522911771371582,0.15,S3_TREND
2026-07-15 23:00:00+00:00,ETH,SELL,5.8831698567810236,0.0058831698567810235,0.15,S3_TREND
2026-07-15 23:00:00+00:00,SOL,SELL,8.118700873550551,0.00811870087355055,0.15,S3_TREND
2026-07-16 00:00:00+00:00,BTC,BUY,8.76553229993624,0.00876553229993624,0.15,S3_TREND
2026-07-16 00:00:00+00:00,ETH,BUY,25.371698638335147,0.025371698638335147,0.15,S3_TREND
2026-07-16 00:00:00+00:00,SOL,BUY,20.982383027030664,0.020982383027030666,0.15,S3_TREND
2026-07-16 01:00:00+00:00,BTC,BUY,19.019698988618984,0.019019698988618983,0.15,S3_TREND
2026-07-16 01:00:00+00:00,ETH,BUY,3.82769121504316,0.00382769121504316,0.15,S3_TREND
2026-07-16 01:00:00+00:00,SOL,BUY,43.276628038074705,0.04327662803807471,0.15,S3_TREND
2026-07-16 02:00:00+00:00,BTC,SELL,14.125992787016003,0.014125992787016003,0.15,S3_TREND
2026-07-16 02:00:00+00:00,ETH,SELL,39.667731432562505,0.039667731432562504,0.15,S3_TREND
2026-07-16 02:00:00+00:00,SOL,SELL,9.811017462279779,0.009811017462279779,0.15,S3_TREND
2026-07-16 03:00:00+00:00,BTC,BUY,20.085196646048644,0.020085196646048645,0.15,S3_TREND
2026-07-16 03:00:00+00:00,ETH,SELL,18.219388205134237,0.01821938820513424,0.15,S3_TREND
2026-07-16 03:00:00+00:00,SOL,SELL,6.09586576638685,0.00609586576638685,0.15,S3_TREND
2026-07-16 04:00:00+00:00,BTC,SELL,8.079080771687586,0.008079080771687586,0.15,S3_TREND
2026-07-16 04:00:00+00:00,ETH,BUY,35.385706325161664,0.035385706325161664,0.15,S3_TREND
2026-07-16 04:00:00+00:00,SOL,BUY,19.698778619229415,0.019698778619229414,0.15,S3_TREND
2026-07-16 05:00:00+00:00,BTC,SELL,9.48620067723823,0.009486200677238231,0.15,S3_TREND
2026-07-16 05:00:00+00:00,SOL,BUY,20.526176333216426,0.020526176333216427,0.15,S3_TREND
2026-07-16 06:00:00+00:00,BTC,SELL,22.83643530691552,0.02283643530691552,0.15,S3_TREND
2026-07-16 06:00:00+00:00,ETH,SELL,18.57751992635349,0.018577519926353488,0.15,S3_TREND
2026-07-16 06:00:00+00:00,SOL,SELL,86.56738028789005,0.08656738028789004,0.15,S3_TREND
2026-07-16 07:00:00+00:00,BTC,BUY,18.52401550650029,0.01852401550650029,0.15,S3_TREND
2026-07-16 07:00:00+00:00,ETH,BUY,10.823255018847703,0.010823255018847703,0.15,S3_TREND
2026-07-16 07:00:00+00:00,SOL,BUY,13.49831672318578,0.01349831672318578,0.15,S3_TREND
2026-07-16 08:00:00+00:00,BTC,BUY,60.592770663910414,0.06059277066391042,0.15,S3_TREND
2026-07-16 08:00:00+00:00,ETH,BUY,30.800229638634846,0.03080022963863485,0.15,S3_TREND
2026-07-16 08:00:00+00:00,SOL,BUY,112.15862948346512,0.11215862948346512,0.15,S3_TREND
2026-07-16 09:00:00+00:00,BTC,SELL,13.464544883398048,0.013464544883398048,0.15,S3_TREND
2026-07-16 09:00:00+00:00,ETH,BUY,140.99047798544234,0.14099047798544234,0.15,S3_TREND
2026-07-16 09:00:00+00:00,SOL,BUY,9.763117711197992,0.009763117711197993,0.15,S3_TREND
2026-07-16 10:00:00+00:00,BTC,BUY,1.6433686652799224,0.0016433686652799224,0.15,S3_TREND
2026-07-16 10:00:00+00:00,ETH,BUY,4.037001366607001,0.004037001366607001,0.15,S3_TREND
2026-07-16 10:00:00+00:00,SOL,BUY,17.327542957154947,0.017327542957154947,0.15,S3_TREND
2026-07-16 11:00:00+00:00,BTC,SELL,14.908548078339663,0.014908548078339664,0.15,S3_TREND
2026-07-16 11:00:00+00:00,ETH,SELL,15.185648588183541,0.015185648588183541,0.15,S3_TREND
2026-07-16 11:00:00+00:00,SOL,SELL,19.31449711379537,0.01931449711379537,0.15,S3_TREND
2026-07-16 12:00:00+00:00,BTC,SELL,8.479389602820447,0.008479389602820447,0.15,S3_TREND
2026-07-16 12:00:00+00:00,ETH,BUY,23.479790417579352,0.023479790417579353,0.15,S3_TREND
2026-07-16 12:00:00+00:00,SOL,SELL,11.799119155351946,0.011799119155351945,0.15,S3_TREND
2026-07-16 13:00:00+00:00,BTC,BUY,29.699657174989625,0.029699657174989624,0.15,S3_TREND
2026-07-16 13:00:00+00:00,ETH,BUY,60.478016384082366,0.060478016384082366,0.15,S3_TREND
2026-07-16 13:00:00+00:00,SOL,BUY,30.64022617619412,0.03064022617619412,0.15,S3_TREND
2026-07-16 14:00:00+00:00,BTC,SELL,51.97324523514908,0.05197324523514908,0.15,S3_TREND
2026-07-16 14:00:00+00:00,ETH,SELL,39.03784304738292,0.03903784304738292,0.15,S3_TREND
2026-07-16 14:00:00+00:00,SOL,SELL,43.486729299667786,0.043486729299667785,0.15,S3_TREND
2026-07-16 15:00:00+00:00,BTC,SELL,26.076854884558998,0.026076854884559,0.15,S3_TREND
2026-07-16 15:00:00+00:00,ETH,BUY,4.697561699713333,0.004697561699713333,0.15,S3_TREND
2026-07-16 15:00:00+00:00,SOL,SELL,15.41864975372846,0.01541864975372846,0.15,S3_TREND
2026-07-16 16:00:00+00:00,BTC,SELL,27.727455430051123,0.027727455430051125,0.15,S3_TREND
2026-07-16 16:00:00+00:00,ETH,BUY,18.93286667873872,0.01893286667873872,0.15,S3_TREND
2026-07-16 16:00:00+00:00,SOL,SELL,16.649355128412935,0.016649355128412934,0.15,S3_TREND
2026-07-16 17:00:00+00:00,BTC,BUY,27.147720548648067,0.027147720548648068,0.15,S3_TREND
2026-07-16 17:00:00+00:00,ETH,BUY,1.852447758319613,0.0018524477583196132,0.15,S3_TREND
2026-07-16 17:00:00+00:00,SOL,BUY,45.00791784575267,0.04500791784575267,0.15,S3_TREND
2026-07-16 18:00:00+00:00,BTC,BUY,47.0426450185314,0.04704264501853141,0.15,S3_TREND
2026-07-16 18:00:00+00:00,ETH,BUY,31.46892776873392,0.03146892776873392,0.15,S3_TREND
2026-07-16 18:00:00+00:00,SOL,BUY,75.97070594479737,0.07597070594479738,0.15,S3_TREND
2026-07-16 19:00:00+00:00,BTC,SELL,21.76534598118087,0.02176534598118087,0.15,S3_TREND
2026-07-16 19:00:00+00:00,ETH,SELL,34.83520762016451,0.03483520762016451,0.15,S3_TREND
2026-07-16 19:00:00+00:00,SOL,SELL,3.6976304777053883,0.003697630477705388,0.15,S3_TREND
2026-07-16 20:00:00+00:00,BTC,SELL,3.108171319037865,0.003108171319037865,0.15,S3_TREND
2026-07-16 20:00:00+00:00,ETH,BUY,4.373663488609964,0.004373663488609964,0.15,S3_TREND
2026-07-16 20:00:00+00:00,SOL,SELL,10.331641596405463,0.010331641596405464,0.15,S3_TREND
2026-07-16 21:00:00+00:00,BTC,BUY,24.48019747460239,0.02448019747460239,0.15,S3_TREND
2026-07-16 21:00:00+00:00,ETH,BUY,17.7733507134526,0.017773350713452603,0.15,S3_TREND
2026-07-16 21:00:00+00:00,SOL,SELL,7.6238564867053356,0.007623856486705336,0.15,S3_TREND
2026-07-16 22:00:00+00:00,BTC,BUY,3.1190931152432313,0.0031190931152432315,0.15,S3_TREND
2026-07-16 22:00:00+00:00,ETH,SELL,36.5920299513873,0.03659202995138731,0.15,S3_TREND
2026-07-16 22:00:00+00:00,SOL,SELL,15.773949065564011,0.01577394906556401,0.15,S3_TREND
2026-07-16 23:00:00+00:00,BTC,BUY,7.532427194362754,0.007532427194362754,0.15,S3_TREND
2026-07-16 23:00:00+00:00,ETH,BUY,37.738560839632555,0.037738560839632555,0.15,S3_TREND
2026-07-16 23:00:00+00:00,SOL,BUY,80.49500931905823,0.08049500931905823,0.15,S3_TREND
2026-07-17 00:00:00+00:00,BTC,BUY,20.90687522807093,0.020906875228070932,0.15,S3_TREND
2026-07-17 00:00:00+00:00,ETH,BUY,22.04266169711991,0.022042661697119912,0.15,S3_TREND
2026-07-17 00:00:00+00:00,SOL,SELL,10.670689276055782,0.010670689276055783,0.15,S3_TREND
2026-07-17 01:00:00+00:00,BTC,SELL,2.765019420245153,0.002765019420245153,0.15,S3_TREND
2026-07-17 01:00:00+00:00,ETH,BUY,1.453546385087975,0.0014535463850879752,0.15,S3_TREND
2026-07-17 01:00:00+00:00,SOL,SELL,32.831007554659664,0.03283100755465966,0.15,S3_TREND
2026-07-17 02:00:00+00:00,BTC,BUY,33.37405786991803,0.03337405786991803,0.15,S3_TREND
2026-07-17 02:00:00+00:00,ETH,BUY,67.62017260127686,0.06762017260127687,0.15,S3_TREND
2026-07-17 02:00:00+00:00,SOL,BUY,45.83023355216392,0.04583023355216392,0.15,S3_TREND
2026-07-17 03:00:00+00:00,BTC,BUY,5.842921831050262,0.0058429218310502625,0.15,S3_TREND
2026-07-17 03:00:00+00:00,ETH,BUY,15.20043048905427,0.01520043048905427,0.15,S3_TREND
2026-07-17 03:00:00+00:00,SOL,BUY,8.424070000472057,0.008424070000472057,0.15,S3_TREND
2026-07-17 04:00:00+00:00,BTC,SELL,4.9289659597543505,0.00492896595975435,0.15,S3_TREND
2026-07-17 04:00:00+00:00,ETH,SELL,18.911689618544187,0.018911689618544187,0.15,S3_TREND
2026-07-17 04:00:00+00:00,SOL,SELL,28.050223854745127,0.028050223854745128,0.15,S3_TREND
2026-07-17 05:00:00+00:00,BTC,BUY,12.70538430097804,0.01270538430097804,0.15,S3_TREND
2026-07-17 05:00:00+00:00,ETH,BUY,12.871915847274067,0.012871915847274068,0.15,S3_TREND
2026-07-17 05:00:00+00:00,SOL,SELL,6889.314513777125,6.8893145137771254,0.075,S6_REVERSAL
2026-07-17 06:00:00+00:00,BTC,BUY,77.39926940159785,0.07739926940159784,0.15,S3_TREND
2026-07-17 06:00:00+00:00,ETH,BUY,131.6329216005779,0.1316329216005779,0.15,S3_TREND
2026-07-17 06:00:00+00:00,SOL,SELL,6806.9594452789315,6.806959445278932,0.0,CASH
2026-07-17 07:00:00+00:00,BTC,SELL,11.682253384387877,0.011682253384387878,0.15,S3_TREND
2026-07-17 07:00:00+00:00,ETH,SELL,50.96940248459214,0.05096940248459214,0.15,S3_TREND
2026-07-17 07:00:00+00:00,SOL,BUY,6858.410988816658,6.858410988816658,0.075,S6_REVERSAL
2026-07-17 08:00:00+00:00,BTC,BUY,17.187970039407446,0.017187970039407446,0.15,S3_TREND
2026-07-17 08:00:00+00:00,ETH,BUY,19.43532553726436,0.01943532553726436,0.15,S3_TREND
2026-07-17 08:00:00+00:00,SOL,SELL,6.3071777404938985,0.006307177740493899,0.075,S6_REVERSAL
2026-07-17 09:00:00+00:00,BTC,SELL,6865.732498389681,6.865732498389681,0.075,S6_REVERSAL
2026-07-17 09:00:00+00:00,ETH,SELL,9.736492101714248,0.009736492101714248,0.15,S3_TREND
2026-07-17 09:00:00+00:00,SOL,BUY,9.545671762427446,0.009545671762427446,0.075,S6_REVERSAL
2026-07-17 10:00:00+00:00,BTC,SELL,7.074361148631397,0.007074361148631397,0.075,S6_REVERSAL
2026-07-17 10:00:00+00:00,ETH,SELL,29.036528562543026,0.029036528562543025,0.15,S3_TREND
2026-07-17 10:00:00+00:00,SOL,SELL,7.971846436593296,0.007971846436593296,0.075,S6_REVERSAL
2026-07-17 11:00:00+00:00,BTC,SELL,17.167118082767956,0.017167118082767958,0.075,S6_REVERSAL
2026-07-17 11:00:00+00:00,ETH,SELL,6.912564810982076,0.006912564810982076,0.15,S3_TREND
2026-07-17 11:00:00+00:00,SOL,SELL,9.29141049223017,0.00929141049223017,0.075,S6_REVERSAL
2026-07-17 12:00:00+00:00,BTC,SELL,10.29485739190659,0.01029485739190659,0.075,S6_REVERSAL
2026-07-17 12:00:00+00:00,ETH,SELL,10.4018208473517,0.0104018208473517,0.15,S3_TREND
2026-07-17 12:00:00+00:00,SOL,SELL,2.9724946476089826,0.0029724946476089825,0.075,S6_REVERSAL
2026-07-17 13:00:00+00:00,BTC,BUY,10.838641342945266,0.010838641342945265,0.075,S6_REVERSAL
2026-07-17 13:00:00+00:00,ETH,BUY,57.14205636290717,0.05714205636290717,0.15,S3_TREND
2026-07-17 13:00:00+00:00,SOL,BUY,31.522400877902328,0.031522400877902326,0.075,S6_REVERSAL
2026-07-17 14:00:00+00:00,BTC,SELL,7.582750424574442,0.0075827504245744425,0.075,S6_REVERSAL
2026-07-17 14:00:00+00:00,ETH,BUY,19.413153629153385,0.019413153629153385,0.15,S3_TREND
2026-07-17 14:00:00+00:00,SOL,BUY,3.838471753239901,0.003838471753239901,0.075,S6_REVERSAL
2026-07-17 15:00:00+00:00,BTC,SELL,4.029823724426933,0.0040298237244269335,0.075,S6_REVERSAL
2026-07-17 15:00:00+00:00,ETH,SELL,6829.738832309554,6.829738832309554,0.075,S6_REVERSAL
2026-07-17 16:00:00+00:00,BTC,SELL,22.756820209188845,0.022756820209188847,0.075,S6_REVERSAL
2026-07-17 16:00:00+00:00,ETH,SELL,25.433076634654753,0.025433076634654755,0.075,S6_REVERSAL
2026-07-17 16:00:00+00:00,SOL,SELL,35.02879814063817,0.035028798140638175,0.075,S6_REVERSAL
2026-07-17 17:00:00+00:00,BTC,SELL,11.624048271763968,0.011624048271763969,0.075,S6_REVERSAL
2026-07-17 17:00:00+00:00,ETH,SELL,15.080204373430206,0.015080204373430207,0.075,S6_REVERSAL
2026-07-17 17:00:00+00:00,SOL,SELL,11.866996496176398,0.011866996496176398,0.075,S6_REVERSAL
2026-07-17 18:00:00+00:00,BTC,SELL,41.32216568470358,0.04132216568470358,0.075,S6_REVERSAL
2026-07-17 18:00:00+00:00,ETH,SELL,21.324933749679985,0.021324933749679986,0.075,S6_REVERSAL
2026-07-17 18:00:00+00:00,SOL,SELL,18.68452535499273,0.01868452535499273,0.075,S6_REVERSAL
2026-07-17 19:00:00+00:00,BTC,SELL,19.370823513546384,0.019370823513546385,0.075,S6_REVERSAL
2026-07-17 19:00:00+00:00,ETH,SELL,9.00621874926128,0.00900621874926128,0.075,S6_REVERSAL
2026-07-17 19:00:00+00:00,SOL,SELL,4.163497652650221,0.004163497652650222,0.075,S6_REVERSAL
2026-07-17 20:00:00+00:00,BTC,SELL,6862.640690944662,6.862640690944662,0.0,CASH
2026-07-17 20:00:00+00:00,ETH,BUY,9.466641960019842,0.009466641960019843,0.075,S6_REVERSAL
2026-07-17 20:00:00+00:00,SOL,BUY,8.434392819493041,0.008434392819493042,0.075,S6_REVERSAL
2026-07-17 21:00:00+00:00,ETH,BUY,1.7282335236777726,0.0017282335236777726,0.075,S6_REVERSAL
2026-07-17 21:00:00+00:00,SOL,BUY,6.858187640724282,0.006858187640724282,0.075,S6_REVERSAL
2026-07-17 22:00:00+00:00,ETH,BUY,4.07145690199286,0.004071456901992861,0.075,S6_REVERSAL
2026-07-17 22:00:00+00:00,SOL,BUY,8.073350022381419,0.00807335002238142,0.075,S6_REVERSAL
2026-07-17 23:00:00+00:00,ETH,BUY,5.690762607458964,0.0056907626074589645,0.075,S6_REVERSAL
2026-07-17 23:00:00+00:00,SOL,SELL,2.145208838317558,0.0021452088383175577,0.075,S6_REVERSAL
2026-07-18 00:00:00+00:00,ETH,SELL,6.8374418300545585,0.006837441830054559,0.075,S6_REVERSAL
2026-07-18 01:00:00+00:00,ETH,BUY,4.205651113025851,0.004205651113025851,0.075,S6_REVERSAL
2026-07-18 01:00:00+00:00,SOL,SELL,5.675800470040485,0.005675800470040486,0.075,S6_REVERSAL
2026-07-18 02:00:00+00:00,ETH,SELL,4.803864783678364,0.004803864783678364,0.075,S6_REVERSAL
2026-07-18 02:00:00+00:00,SOL,SELL,10.53712591452404,0.010537125914524041,0.075,S6_REVERSAL
2026-07-18 03:00:00+00:00,ETH,BUY,1.8623008850263432,0.0018623008850263431,0.075,S6_REVERSAL
2026-07-18 03:00:00+00:00,SOL,SELL,6868.213263715204,6.868213263715204,0.0,CASH
2026-07-18 04:00:00+00:00,ETH,SELL,6884.844558606002,6.884844558606002,0.0,CASH
2026-07-18 09:00:00+00:00,BTC,BUY,6869.840616833713,6.869840616833714,0.075,S6_REVERSAL
2026-07-18 10:00:00+00:00,BTC,BUY,1.2956536323035834,0.0012956536323035835,0.075,S6_REVERSAL
2026-07-18 11:00:00+00:00,BTC,SELL,2.8460372332347106,0.0028460372332347107,0.075,S6_REVERSAL
2026-07-18 12:00:00+00:00,BTC,SELL,5.30659682757323,0.005306596827573231,0.075,S6_REVERSAL
2026-07-18 13:00:00+00:00,BTC,SELL,6885.721278805574,6.885721278805574,0.0,CASH
2026-07-19 07:00:00+00:00,BTC,BUY,13741.027128499982,13.741027128499981,0.15,S3_TREND
2026-07-19 08:00:00+00:00,BTC,SELL,1.9438349652846227,0.0019438349652846228,0.15,S3_TREND
2026-07-19 10:00:00+00:00,BTC,BUY,36.28047170254831,0.03628047170254831,0.15,S3_TREND
2026-07-19 11:00:00+00:00,BTC,SELL,15.385634212067089,0.015385634212067088,0.15,S3_TREND
2026-07-19 12:00:00+00:00,BTC,BUY,23.015055796264278,0.02301505579626428,0.15,S3_TREND
2026-07-19 13:00:00+00:00,BTC,BUY,4.792414695300977,0.0047924146953009766,0.15,S3_TREND
2026-07-19 14:00:00+00:00,BTC,SELL,7.636217117689739,0.007636217117689739,0.15,S3_TREND
2026-07-19 14:00:00+00:00,SOL,BUY,13731.68394606958,13.73168394606958,0.15,S3_TREND
2026-07-19 15:00:00+00:00,BTC,SELL,13.538037051526771,0.013538037051526772,0.15,S3_TREND
2026-07-19 15:00:00+00:00,ETH,BUY,13741.517105058845,13.741517105058845,0.15,S3_TREND
2026-07-19 15:00:00+00:00,SOL,SELL,46.089358394885494,0.046089358394885496,0.15,S3_TREND
2026-07-19 16:00:00+00:00,BTC,SELL,10.490132411798186,0.010490132411798187,0.15,S3_TREND
2026-07-19 16:00:00+00:00,ETH,BUY,15.570740952565757,0.015570740952565757,0.15,S3_TREND
2026-07-19 16:00:00+00:00,SOL,BUY,25.619621463014482,0.025619621463014483,0.15,S3_TREND
2026-07-19 17:00:00+00:00,BTC,SELL,4.21561816743997,0.004215618167439971,0.15,S3_TREND
2026-07-19 17:00:00+00:00,ETH,BUY,16.036742126188983,0.016036742126188983,0.15,S3_TREND
2026-07-19 17:00:00+00:00,SOL,BUY,39.91464533426188,0.03991464533426188,0.15,S3_TREND
2026-07-19 18:00:00+00:00,ETH,SELL,1.3190510320837348,0.0013190510320837349,0.15,S3_TREND
2026-07-19 18:00:00+00:00,SOL,SELL,5.3860319314626395,0.00538603193146264,0.15,S3_TREND
2026-07-19 19:00:00+00:00,BTC,BUY,10.842475732053572,0.010842475732053571,0.15,S3_TREND
2026-07-19 19:00:00+00:00,ETH,BUY,28.658363937953254,0.028658363937953256,0.15,S3_TREND
2026-07-19 19:00:00+00:00,SOL,BUY,19.889544530873536,0.019889544530873538,0.15,S3_TREND
2026-07-19 20:00:00+00:00,BTC,SELL,2.7996533890400315,0.0027996533890400316,0.15,S3_TREND
2026-07-19 20:00:00+00:00,ETH,SELL,2.9457557722271304,0.0029457557722271303,0.15,S3_TREND
2026-07-19 20:00:00+00:00,SOL,SELL,17.25366299923553,0.01725366299923553,0.15,S3_TREND
2026-07-19 21:00:00+00:00,BTC,SELL,1.2231438823073404,0.0012231438823073404,0.15,S3_TREND
2026-07-19 21:00:00+00:00,ETH,SELL,20.792351753014373,0.020792351753014374,0.15,S3_TREND
2026-07-19 21:00:00+00:00,SOL,SELL,30.76592470257492,0.030765924702574922,0.15,S3_TREND
2026-07-19 22:00:00+00:00,BTC,BUY,6.447976897767148,0.006447976897767148,0.15,S3_TREND
2026-07-19 22:00:00+00:00,ETH,BUY,17.84567352884187,0.017845673528841872,0.15,S3_TREND
2026-07-19 22:00:00+00:00,SOL,BUY,45.75780090004446,0.04575780090004446,0.15,S3_TREND
2026-07-19 23:00:00+00:00,BTC,SELL,28.961455250755535,0.028961455250755535,0.15,S3_TREND
2026-07-19 23:00:00+00:00,ETH,SELL,35.10926876104713,0.035109268761047134,0.15,S3_TREND
2026-07-19 23:00:00+00:00,SOL,SELL,31.74840522158047,0.03174840522158047,0.15,S3_TREND
2026-07-20 00:00:00+00:00,ETH,SELL,2.142465225626438,0.002142465225626438,0.15,S3_TREND
2026-07-20 00:00:00+00:00,SOL,SELL,39.44321886324724,0.03944321886324724,0.15,S3_TREND
2026-07-20 01:00:00+00:00,BTC,BUY,36.352298507659725,0.036352298507659725,0.15,S3_TREND
2026-07-20 01:00:00+00:00,SOL,SELL,34.53916171304991,0.03453916171304991,0.15,S3_TREND
2026-07-20 02:00:00+00:00,BTC,SELL,21.100524622885132,0.02110052462288513,0.15,S3_TREND
2026-07-20 02:00:00+00:00,ETH,BUY,13.916094386044279,0.013916094386044279,0.15,S3_TREND
2026-07-20 02:00:00+00:00,SOL,BUY,26.981216005860915,0.026981216005860915,0.15,S3_TREND
2026-07-20 03:00:00+00:00,BTC,SELL,9.61918371273714,0.00961918371273714,0.15,S3_TREND
2026-07-20 03:00:00+00:00,ETH,SELL,37.00578958290316,0.03700578958290316,0.15,S3_TREND
2026-07-20 03:00:00+00:00,SOL,SELL,73.3661584269903,0.07336615842699029,0.15,S3_TREND
2026-07-20 04:00:00+00:00,BTC,SELL,12.641933930148298,0.012641933930148298,0.15,S3_TREND
2026-07-20 04:00:00+00:00,ETH,SELL,10.042627571579942,0.010042627571579942,0.15,S3_TREND
2026-07-20 04:00:00+00:00,SOL,BUY,35.74792368911221,0.03574792368911221,0.15,S3_TREND
2026-07-20 05:00:00+00:00,BTC,BUY,39.32816022682891,0.03932816022682892,0.15,S3_TREND
2026-07-20 05:00:00+00:00,ETH,BUY,49.81632925923441,0.04981632925923441,0.15,S3_TREND
2026-07-20 05:00:00+00:00,SOL,BUY,23.148488100017858,0.023148488100017857,0.15,S3_TREND
2026-07-20 06:00:00+00:00,BTC,BUY,45.34815034932399,0.04534815034932399,0.15,S3_TREND
2026-07-20 06:00:00+00:00,ETH,BUY,56.80744986514219,0.05680744986514219,0.15,S3_TREND
2026-07-20 06:00:00+00:00,SOL,BUY,52.876866337366664,0.052876866337366664,0.15,S3_TREND
2026-07-20 07:00:00+00:00,BTC,BUY,23.90199315587961,0.023901993155879608,0.15,S3_TREND
2026-07-20 07:00:00+00:00,ETH,BUY,21.344293459645996,0.021344293459645995,0.15,S3_TREND
2026-07-20 07:00:00+00:00,SOL,BUY,31.353427635080152,0.03135342763508015,0.15,S3_TREND
2026-07-20 08:00:00+00:00,BTC,SELL,34.33358126211351,0.03433358126211351,0.15,S3_TREND
2026-07-20 08:00:00+00:00,ETH,SELL,61.996997710250064,0.061996997710250065,0.15,S3_TREND
2026-07-20 08:00:00+00:00,SOL,SELL,61.72760822330929,0.06172760822330929,0.15,S3_TREND
2026-07-20 09:00:00+00:00,BTC,BUY,36.80776974665059,0.03680776974665059,0.15,S3_TREND
2026-07-20 09:00:00+00:00,ETH,BUY,9.443812737688859,0.009443812737688859,0.15,S3_TREND
2026-07-20 09:00:00+00:00,SOL,SELL,1.4637786206039891,0.0014637786206039892,0.15,S3_TREND
2026-07-20 10:00:00+00:00,BTC,SELL,15.34668159361172,0.01534668159361172,0.15,S3_TREND
2026-07-20 10:00:00+00:00,ETH,SELL,6.556356678944212,0.006556356678944212,0.15,S3_TREND
2026-07-20 10:00:00+00:00,SOL,SELL,39.13128109474201,0.03913128109474201,0.15,S3_TREND
2026-07-20 11:00:00+00:00,BTC,SELL,16.5033736792102,0.0165033736792102,0.15,S3_TREND
2026-07-20 11:00:00+00:00,ETH,SELL,29.437617425930508,0.02943761742593051,0.15,S3_TREND
2026-07-20 11:00:00+00:00,SOL,BUY,26.7436479705284,0.0267436479705284,0.15,S3_TREND
2026-07-20 12:00:00+00:00,BTC,SELL,79.01702470111559,0.07901702470111559,0.15,S3_TREND
2026-07-20 12:00:00+00:00,ETH,SELL,108.24873731973639,0.10824873731973639,0.15,S3_TREND
2026-07-20 12:00:00+00:00,SOL,SELL,71.44345830744896,0.07144345830744897,0.15,S3_TREND
2026-07-20 13:00:00+00:00,BTC,BUY,33.07700472095712,0.03307700472095712,0.15,S3_TREND
2026-07-20 13:00:00+00:00,ETH,BUY,101.02280835668171,0.1010228083566817,0.15,S3_TREND
2026-07-20 13:00:00+00:00,SOL,BUY,25.997166294650015,0.025997166294650015,0.15,S3_TREND
2026-07-20 14:00:00+00:00,BTC,BUY,29.39273968157795,0.02939273968157795,0.15,S3_TREND
2026-07-20 14:00:00+00:00,ETH,BUY,44.67181625767262,0.044671816257672615,0.15,S3_TREND
2026-07-20 14:00:00+00:00,SOL,BUY,48.83921397227823,0.04883921397227823,0.15,S3_TREND
2026-07-20 15:00:00+00:00,BTC,SELL,10.682169808766048,0.010682169808766049,0.15,S3_TREND
2026-07-20 15:00:00+00:00,ETH,SELL,34.580406556417074,0.03458040655641707,0.15,S3_TREND
2026-07-20 15:00:00+00:00,SOL,BUY,28.035534415197617,0.028035534415197617,0.15,S3_TREND
2026-07-20 16:00:00+00:00,BTC,SELL,132.8066299404909,0.1328066299404909,0.15,S3_TREND
2026-07-20 16:00:00+00:00,ETH,SELL,133.03825397296168,0.13303825397296168,0.15,S3_TREND
2026-07-20 16:00:00+00:00,SOL,SELL,170.93017397880791,0.17093017397880791,0.15,S3_TREND
2026-07-20 17:00:00+00:00,BTC,BUY,9.984572058048798,0.009984572058048797,0.15,S3_TREND
2026-07-20 17:00:00+00:00,ETH,BUY,12.259948937195077,0.012259948937195076,0.15,S3_TREND
2026-07-20 17:00:00+00:00,SOL,BUY,10.519286382706923,0.010519286382706923,0.15,S3_TREND
2026-07-20 18:00:00+00:00,BTC,SELL,2.7236563319056586,0.002723656331905659,0.15,S3_TREND
2026-07-20 18:00:00+00:00,ETH,SELL,46.884852254293946,0.046884852254293945,0.15,S3_TREND
2026-07-20 18:00:00+00:00,SOL,SELL,1.9694843118377323,0.0019694843118377324,0.15,S3_TREND
2026-07-20 19:00:00+00:00,BTC,BUY,51.029332722364416,0.051029332722364415,0.15,S3_TREND
2026-07-20 19:00:00+00:00,ETH,BUY,37.51908742570413,0.03751908742570413,0.15,S3_TREND
2026-07-20 19:00:00+00:00,SOL,SELL,6.394646957054648,0.006394646957054648,0.15,S3_TREND
2026-07-20 20:00:00+00:00,BTC,BUY,15.944201496939058,0.015944201496939057,0.15,S3_TREND
2026-07-20 20:00:00+00:00,ETH,BUY,2.8931661534861632,0.0028931661534861634,0.15,S3_TREND
2026-07-20 20:00:00+00:00,SOL,SELL,1.2602027908687887,0.0012602027908687888,0.15,S3_TREND
2026-07-20 21:00:00+00:00,BTC,SELL,27.309407133740024,0.027309407133740023,0.15,S3_TREND
2026-07-20 21:00:00+00:00,ETH,SELL,25.825620924859322,0.02582562092485932,0.15,S3_TREND
2026-07-20 21:00:00+00:00,SOL,SELL,22.17581962213808,0.02217581962213808,0.15,S3_TREND
2026-07-20 22:00:00+00:00,BTC,BUY,8.348392938205507,0.008348392938205508,0.15,S3_TREND
2026-07-20 22:00:00+00:00,ETH,BUY,8.30196935222557,0.00830196935222557,0.15,S3_TREND
2026-07-20 22:00:00+00:00,SOL,BUY,15.959866496164977,0.015959866496164977,0.15,S3_TREND
2026-07-20 23:00:00+00:00,BTC,BUY,10.571156552920002,0.010571156552920001,0.15,S3_TREND
2026-07-20 23:00:00+00:00,ETH,BUY,29.056634222724824,0.029056634222724826,0.15,S3_TREND
2026-07-20 23:00:00+00:00,SOL,BUY,33.42960426641548,0.03342960426641548,0.15,S3_TREND
2026-07-21 00:00:00+00:00,ETH,SELL,41.46731635897595,0.04146731635897595,0.15,S3_TREND
2026-07-21 00:00:00+00:00,SOL,SELL,48.654650624439455,0.04865465062443946,0.15,S3_TREND
2026-07-21 01:00:00+00:00,BTC,SELL,38.069929008896,0.038069929008896,0.15,S3_TREND
2026-07-21 01:00:00+00:00,ETH,SELL,45.06138462775925,0.04506138462775926,0.15,S3_TREND
2026-07-21 01:00:00+00:00,SOL,SELL,18.41997063382405,0.01841997063382405,0.15,S3_TREND
2026-07-21 02:00:00+00:00,BTC,BUY,44.59459922179667,0.04459459922179667,0.15,S3_TREND
2026-07-21 02:00:00+00:00,ETH,BUY,27.23398626996277,0.02723398626996277,0.15,S3_TREND
2026-07-21 02:00:00+00:00,SOL,BUY,22.230800741375788,0.02223080074137579,0.15,S3_TREND
2026-07-21 03:00:00+00:00,BTC,SELL,16.44408546513114,0.01644408546513114,0.15,S3_TREND
2026-07-21 03:00:00+00:00,ETH,SELL,49.75018686902513,0.04975018686902513,0.15,S3_TREND
2026-07-21 03:00:00+00:00,SOL,SELL,12.368808816963792,0.012368808816963792,0.15,S3_TREND
2026-07-21 04:00:00+00:00,BTC,SELL,12.754672484630646,0.012754672484630646,0.15,S3_TREND
2026-07-21 04:00:00+00:00,ETH,SELL,48.61885608921148,0.04861885608921148,0.15,S3_TREND
2026-07-21 04:00:00+00:00,SOL,SELL,10.584369702459298,0.010584369702459299,0.15,S3_TREND
2026-07-21 05:00:00+00:00,BTC,BUY,3.5908021568138793,0.0035908021568138793,0.15,S3_TREND
2026-07-21 05:00:00+00:00,ETH,BUY,9.599849934598751,0.009599849934598751,0.15,S3_TREND
2026-07-21 05:00:00+00:00,SOL,BUY,8.31138921463753,0.008311389214637529,0.15,S3_TREND
2026-07-21 06:00:00+00:00,BTC,SELL,25.79972948458999,0.02579972948458999,0.15,S3_TREND
2026-07-21 06:00:00+00:00,ETH,SELL,20.229611174703678,0.020229611174703677,0.15,S3_TREND
2026-07-21 06:00:00+00:00,SOL,SELL,37.571452005428,0.037571452005428004,0.15,S3_TREND
2026-07-21 07:00:00+00:00,BTC,SELL,18.604070309880626,0.018604070309880625,0.15,S3_TREND
2026-07-21 07:00:00+00:00,ETH,SELL,16.660302837693962,0.01666030283769396,0.15,S3_TREND
2026-07-21 07:00:00+00:00,SOL,SELL,21.677420549209273,0.021677420549209275,0.15,S3_TREND
2026-07-21 08:00:00+00:00,BTC,SELL,52.81430985880252,0.05281430985880252,0.15,S3_TREND
2026-07-21 08:00:00+00:00,ETH,BUY,11.872700049114428,0.011872700049114428,0.15,S3_TREND
2026-07-21 08:00:00+00:00,SOL,BUY,22.65180597383005,0.022651805973830052,0.15,S3_TREND
2026-07-21 09:00:00+00:00,BTC,SELL,6.223620782006037,0.006223620782006037,0.15,S3_TREND
2026-07-21 09:00:00+00:00,ETH,SELL,39.05378924514298,0.03905378924514298,0.15,S3_TREND
2026-07-21 09:00:00+00:00,SOL,BUY,37.510502493165404,0.037510502493165405,0.15,S3_TREND
2026-07-21 10:00:00+00:00,BTC,SELL,7.510372240023571,0.007510372240023571,0.15,S3_TREND
2026-07-21 10:00:00+00:00,ETH,SELL,11.164875316722828,0.011164875316722828,0.15,S3_TREND
2026-07-21 10:00:00+00:00,SOL,SELL,4.386540394087206,0.004386540394087206,0.15,S3_TREND
2026-07-21 11:00:00+00:00,BTC,BUY,5.76385692004078,0.00576385692004078,0.15,S3_TREND
2026-07-21 11:00:00+00:00,ETH,BUY,39.8013784493578,0.0398013784493578,0.15,S3_TREND
2026-07-21 11:00:00+00:00,SOL,BUY,19.51908694719168,0.01951908694719168,0.15,S3_TREND
2026-07-21 12:00:00+00:00,BTC,SELL,24.230155174216634,0.024230155174216634,0.15,S3_TREND
2026-07-21 12:00:00+00:00,SOL,SELL,14.326584517339143,0.014326584517339144,0.15,S3_TREND
2026-07-21 13:00:00+00:00,BTC,SELL,25.82132041228033,0.02582132041228033,0.15,S3_TREND
2026-07-21 13:00:00+00:00,ETH,SELL,32.43731923878477,0.03243731923878477,0.15,S3_TREND
2026-07-21 13:00:00+00:00,SOL,SELL,11.290492212005121,0.011290492212005121,0.15,S3_TREND
2026-07-21 14:00:00+00:00,BTC,SELL,41.78389161023915,0.041783891610239154,0.15,S3_TREND
2026-07-21 14:00:00+00:00,ETH,BUY,23.633172838181054,0.023633172838181053,0.15,S3_TREND
2026-07-21 14:00:00+00:00,SOL,SELL,3.095771378135396,0.003095771378135396,0.15,S3_TREND
2026-07-21 15:00:00+00:00,BTC,SELL,34.2470446131083,0.034247044613108305,0.15,S3_TREND
2026-07-21 15:00:00+00:00,ETH,BUY,38.06183783889901,0.03806183783889901,0.15,S3_TREND
2026-07-21 15:00:00+00:00,SOL,BUY,78.61172713219639,0.0786117271321964,0.15,S3_TREND
2026-07-21 16:00:00+00:00,BTC,BUY,32.98250364491287,0.03298250364491287,0.15,S3_TREND
2026-07-21 16:00:00+00:00,ETH,SELL,1.0244176135784073,0.0010244176135784074,0.15,S3_TREND
2026-07-21 16:00:00+00:00,SOL,SELL,26.503877939530867,0.02650387793953087,0.15,S3_TREND
2026-07-21 17:00:00+00:00,BTC,BUY,19.311136926156905,0.019311136926156904,0.15,S3_TREND
2026-07-21 17:00:00+00:00,ETH,BUY,30.422419877295397,0.0304224198772954,0.15,S3_TREND
2026-07-21 17:00:00+00:00,SOL,SELL,17.665182698465287,0.017665182698465287,0.15,S3_TREND
2026-07-21 18:00:00+00:00,BTC,BUY,38.22043969964761,0.03822043969964761,0.15,S3_TREND
2026-07-21 18:00:00+00:00,ETH,BUY,23.778033962087648,0.02377803396208765,0.15,S3_TREND
2026-07-21 18:00:00+00:00,SOL,BUY,53.76721798821927,0.053767217988219276,0.15,S3_TREND
2026-07-21 19:00:00+00:00,BTC,SELL,14.88453456899515,0.014884534568995151,0.15,S3_TREND
2026-07-21 19:00:00+00:00,SOL,SELL,16.406565920866342,0.016406565920866343,0.15,S3_TREND
2026-07-21 20:00:00+00:00,BTC,SELL,18.469014127362243,0.018469014127362245,0.15,S3_TREND
2026-07-21 20:00:00+00:00,ETH,SELL,17.599719355352136,0.017599719355352136,0.15,S3_TREND
2026-07-21 20:00:00+00:00,SOL,BUY,7.656290180344513,0.007656290180344513,0.15,S3_TREND
2026-07-21 21:00:00+00:00,BTC,BUY,7.7076671385129885,0.007707667138512989,0.15,S3_TREND
2026-07-21 21:00:00+00:00,SOL,SELL,7.410569895748267,0.007410569895748268,0.15,S3_TREND
2026-07-21 22:00:00+00:00,BTC,BUY,8.727542282331342,0.008727542282331342,0.15,S3_TREND
2026-07-21 22:00:00+00:00,ETH,SELL,2.7772678464461933,0.0027772678464461934,0.15,S3_TREND
2026-07-21 22:00:00+00:00,SOL,SELL,20.75036666422784,0.020750366664227842,0.15,S3_TREND
2026-07-21 23:00:00+00:00,BTC,BUY,9.330323361446062,0.009330323361446062,0.15,S3_TREND
2026-07-21 23:00:00+00:00,ETH,BUY,17.292019712245747,0.017292019712245747,0.15,S3_TREND
2026-07-21 23:00:00+00:00,SOL,BUY,1.2830311361012718,0.0012830311361012718,0.15,S3_TREND
2026-07-22 00:00:00+00:00,BTC,SELL,31.14216784675409,0.031142167846754092,0.15,S3_TREND
2026-07-22 00:00:00+00:00,ETH,SELL,45.06416635097594,0.04506416635097594,0.15,S3_TREND
2026-07-22 00:00:00+00:00,SOL,SELL,3.2631067326510674,0.0032631067326510674,0.15,S3_TREND
2026-07-22 01:00:00+00:00,BTC,BUY,7.13669978019243,0.0071366997801924304,0.15,S3_TREND
2026-07-22 01:00:00+00:00,ETH,SELL,46.768592079786686,0.04676859207978669,0.15,S3_TREND
2026-07-22 01:00:00+00:00,SOL,SELL,36.28439305830216,0.03628439305830216,0.15,S3_TREND
2026-07-22 02:00:00+00:00,BTC,BUY,24.397428440428484,0.024397428440428484,0.15,S3_TREND
2026-07-22 02:00:00+00:00,ETH,BUY,27.028388109107254,0.027028388109107255,0.15,S3_TREND
2026-07-22 02:00:00+00:00,SOL,BUY,2.911987826888435,0.002911987826888435,0.15,S3_TREND
2026-07-22 03:00:00+00:00,BTC,BUY,11.627124840426404,0.011627124840426405,0.15,S3_TREND
2026-07-22 03:00:00+00:00,ETH,BUY,9.69433387177196,0.00969433387177196,0.15,S3_TREND
2026-07-22 03:00:00+00:00,SOL,BUY,27.513792321306028,0.02751379232130603,0.15,S3_TREND
2026-07-22 04:00:00+00:00,BTC,BUY,10.080881997459073,0.010080881997459074,0.15,S3_TREND
2026-07-22 04:00:00+00:00,SOL,BUY,32.73947244663577,0.032739472446635776,0.15,S3_TREND
2026-07-22 05:00:00+00:00,BTC,SELL,16.708274061888005,0.016708274061888007,0.15,S3_TREND
2026-07-22 05:00:00+00:00,ETH,SELL,38.73071535973395,0.03873071535973395,0.15,S3_TREND
2026-07-22 05:00:00+00:00,SOL,SELL,14.713248792735612,0.014713248792735613,0.15,S3_TREND
2026-07-22 06:00:00+00:00,BTC,BUY,36.66846643518875,0.03666846643518875,0.15,S3_TREND
2026-07-22 06:00:00+00:00,ETH,BUY,77.02394645222739,0.07702394645222739,0.15,S3_TREND
2026-07-22 06:00:00+00:00,SOL,BUY,63.82199093462259,0.0638219909346226,0.15,S3_TREND
2026-07-22 07:00:00+00:00,BTC,BUY,1.6134374982630106,0.0016134374982630106,0.15,S3_TREND
2026-07-22 07:00:00+00:00,ETH,BUY,7.174009974962246,0.007174009974962246,0.15,S3_TREND
2026-07-22 07:00:00+00:00,SOL,BUY,16.363063086642796,0.016363063086642798,0.15,S3_TREND
2026-07-22 08:00:00+00:00,BTC,BUY,7.885946473665172,0.007885946473665173,0.15,S3_TREND
2026-07-22 08:00:00+00:00,ETH,BUY,10.326130168814416,0.010326130168814417,0.15,S3_TREND
2026-07-22 08:00:00+00:00,SOL,BUY,22.846577827736837,0.022846577827736837,0.15,S3_TREND
2026-07-22 09:00:00+00:00,BTC,SELL,9.725671658685314,0.009725671658685315,0.15,S3_TREND
2026-07-22 09:00:00+00:00,ETH,SELL,29.239953170217632,0.02923995317021763,0.15,S3_TREND
2026-07-22 09:00:00+00:00,SOL,SELL,36.79381946747708,0.036793819467477076,0.15,S3_TREND
2026-07-22 10:00:00+00:00,BTC,BUY,17.606995959969936,0.017606995959969937,0.15,S3_TREND
2026-07-22 10:00:00+00:00,ETH,SELL,17.789837220016125,0.017789837220016126,0.15,S3_TREND
2026-07-22 10:00:00+00:00,SOL,SELL,18.264528480420267,0.018264528480420268,0.15,S3_TREND
2026-07-22 11:00:00+00:00,BTC,SELL,11.045549590677183,0.011045549590677183,0.15,S3_TREND
2026-07-22 11:00:00+00:00,ETH,SELL,31.838472713609008,0.03183847271360901,0.15,S3_TREND
2026-07-22 11:00:00+00:00,SOL,SELL,7.680608031390875,0.007680608031390875,0.15,S3_TREND
2026-07-22 12:00:00+00:00,BTC,SELL,1.2303807537791727,0.0012303807537791726,0.15,S3_TREND
2026-07-22 12:00:00+00:00,ETH,BUY,17.501936825554367,0.017501936825554367,0.15,S3_TREND
2026-07-22 12:00:00+00:00,SOL,BUY,13.351622728170696,0.013351622728170696,0.15,S3_TREND
2026-07-22 13:00:00+00:00,BTC,BUY,47.923551294046774,0.047923551294046775,0.15,S3_TREND
2026-07-22 13:00:00+00:00,ETH,BUY,41.25234795865072,0.041252347958650716,0.15,S3_TREND
2026-07-22 13:00:00+00:00,SOL,BUY,25.858539346796533,0.025858539346796532,0.15,S3_TREND
2026-07-22 14:00:00+00:00,BTC,SELL,14.976294239721028,0.014976294239721029,0.15,S3_TREND
2026-07-22 14:00:00+00:00,ETH,SELL,112.72489405480519,0.1127248940548052,0.15,S3_TREND
2026-07-22 14:00:00+00:00,SOL,SELL,61.36944408343879,0.06136944408343879,0.15,S3_TREND
2026-07-22 15:00:00+00:00,BTC,BUY,21.74033722420245,0.02174033722420245,0.15,S3_TREND
2026-07-22 15:00:00+00:00,ETH,BUY,36.71023586612864,0.03671023586612864,0.15,S3_TREND
2026-07-22 15:00:00+00:00,SOL,SELL,16.771315277645044,0.016771315277645044,0.15,S3_TREND
2026-07-22 16:00:00+00:00,BTC,SELL,19.88939019702775,0.01988939019702775,0.15,S3_TREND
2026-07-22 16:00:00+00:00,ETH,SELL,37.083936543987875,0.037083936543987873,0.15,S3_TREND
2026-07-22 16:00:00+00:00,SOL,SELL,66.2187970518462,0.06621879705184619,0.15,S3_TREND
2026-07-22 17:00:00+00:00,BTC,SELL,22.31524489478943,0.02231524489478943,0.15,S3_TREND
2026-07-22 17:00:00+00:00,ETH,SELL,32.747672707289894,0.03274767270728989,0.15,S3_TREND
2026-07-22 17:00:00+00:00,SOL,SELL,3.556467005017111,0.003556467005017111,0.15,S3_TREND
2026-07-22 18:00:00+00:00,BTC,BUY,15.213583613794981,0.015213583613794981,0.15,S3_TREND
2026-07-22 18:00:00+00:00,ETH,BUY,52.90360669707479,0.05290360669707479,0.15,S3_TREND
2026-07-22 18:00:00+00:00,SOL,BUY,34.153385176357915,0.034153385176357916,0.15,S3_TREND
2026-07-22 19:00:00+00:00,BTC,BUY,2.0305652498391282,0.0020305652498391284,0.15,S3_TREND
2026-07-22 19:00:00+00:00,ETH,BUY,31.18903500520355,0.03118903500520355,0.15,S3_TREND
2026-07-22 19:00:00+00:00,SOL,BUY,58.5018955224823,0.0585018955224823,0.15,S3_TREND
2026-07-22 20:00:00+00:00,BTC,SELL,13.372535667234843,0.013372535667234843,0.15,S3_TREND
2026-07-22 20:00:00+00:00,ETH,BUY,32.36463472567448,0.032364634725674475,0.15,S3_TREND
2026-07-22 20:00:00+00:00,SOL,BUY,8.533619293484662,0.008533619293484663,0.15,S3_TREND
2026-07-22 21:00:00+00:00,BTC,BUY,6.123299970669905,0.006123299970669905,0.15,S3_TREND
2026-07-22 21:00:00+00:00,ETH,SELL,6.29011759617606,0.00629011759617606,0.15,S3_TREND
2026-07-22 21:00:00+00:00,SOL,SELL,19.623762519393495,0.019623762519393496,0.15,S3_TREND
2026-07-22 22:00:00+00:00,BTC,SELL,8.497821312397718,0.008497821312397718,0.15,S3_TREND
2026-07-22 22:00:00+00:00,ETH,SELL,62.75532524129994,0.06275532524129994,0.15,S3_TREND
2026-07-22 22:00:00+00:00,SOL,SELL,15.569972878125554,0.015569972878125555,0.15,S3_TREND
2026-07-22 23:00:00+00:00,BTC,BUY,4.42735078685655,0.0044273507868565504,0.15,S3_TREND
2026-07-23 00:00:00+00:00,BTC,SELL,18.135089171692016,0.018135089171692015,0.15,S3_TREND
2026-07-23 00:00:00+00:00,ETH,BUY,27.401173125170317,0.027401173125170316,0.15,S3_TREND
2026-07-23 00:00:00+00:00,SOL,BUY,4.045489595422623,0.004045489595422623,0.15,S3_TREND
2026-07-23 01:00:00+00:00,BTC,BUY,16.02282373718117,0.01602282373718117,0.15,S3_TREND
2026-07-23 01:00:00+00:00,ETH,BUY,17.839461509134708,0.017839461509134708,0.15,S3_TREND
2026-07-23 01:00:00+00:00,SOL,SELL,49.27516299880153,0.049275162998801525,0.15,S3_TREND
2026-07-23 02:00:00+00:00,BTC,BUY,26.651726529005828,0.02665172652900583,0.15,S3_TREND
2026-07-23 02:00:00+00:00,ETH,BUY,7.263309935471625,0.007263309935471625,0.15,S3_TREND
2026-07-23 02:00:00+00:00,SOL,BUY,44.34193582290027,0.04434193582290027,0.15,S3_TREND
2026-07-23 03:00:00+00:00,SOL,BUY,19.567369666800005,0.019567369666800005,0.15,S3_TREND
2026-07-23 04:00:00+00:00,BTC,BUY,13.530647388894067,0.013530647388894068,0.15,S3_TREND
2026-07-23 04:00:00+00:00,ETH,BUY,34.50427325095552,0.03450427325095552,0.15,S3_TREND
2026-07-23 04:00:00+00:00,SOL,BUY,12.144217126055082,0.012144217126055082,0.15,S3_TREND
2026-07-23 05:00:00+00:00,BTC,BUY,5.486984089424368,0.005486984089424368,0.15,S3_TREND
2026-07-23 05:00:00+00:00,ETH,BUY,1.687463517406286,0.001687463517406286,0.15,S3_TREND
2026-07-23 05:00:00+00:00,SOL,BUY,8.27079641985074,0.00827079641985074,0.15,S3_TREND
2026-07-23 06:00:00+00:00,BTC,SELL,10.084164704687282,0.010084164704687282,0.15,S3_TREND
2026-07-23 06:00:00+00:00,ETH,SELL,16.288073849713328,0.016288073849713328,0.15,S3_TREND
2026-07-23 06:00:00+00:00,SOL,BUY,5.647884280793733,0.005647884280793733,0.15,S3_TREND
2026-07-23 07:00:00+00:00,BTC,SELL,13.592903899267185,0.013592903899267185,0.15,S3_TREND
2026-07-23 07:00:00+00:00,ETH,SELL,11.521210792330749,0.011521210792330748,0.15,S3_TREND
2026-07-23 07:00:00+00:00,SOL,SELL,1.6473708285757311,0.0016473708285757312,0.15,S3_TREND
2026-07-23 08:00:00+00:00,BTC,BUY,40.53413146265484,0.04053413146265484,0.15,S3_TREND
2026-07-23 08:00:00+00:00,ETH,BUY,37.358712060786274,0.037358712060786274,0.15,S3_TREND
2026-07-23 08:00:00+00:00,SOL,BUY,42.28161958974124,0.04228161958974124,0.15,S3_TREND
2026-07-23 09:00:00+00:00,BTC,SELL,14.179431319218565,0.014179431319218566,0.15,S3_TREND
2026-07-23 09:00:00+00:00,ETH,SELL,52.4697995131628,0.0524697995131628,0.15,S3_TREND
2026-07-23 09:00:00+00:00,SOL,SELL,29.40912551163092,0.02940912551163092,0.15,S3_TREND
2026-07-23 10:00:00+00:00,BTC,SELL,2.8943637210632005,0.0028943637210632005,0.15,S3_TREND
2026-07-23 10:00:00+00:00,ETH,BUY,14.039805850254197,0.014039805850254198,0.15,S3_TREND
2026-07-23 10:00:00+00:00,SOL,SELL,5.220046987222304,0.005220046987222304,0.15,S3_TREND
2026-07-23 11:00:00+00:00,BTC,SELL,7.073701501554751,0.007073701501554752,0.15,S3_TREND
2026-07-23 11:00:00+00:00,ETH,SELL,13.025958866261135,0.013025958866261135,0.15,S3_TREND
2026-07-23 11:00:00+00:00,SOL,SELL,32.22891806092957,0.032228918060929576,0.15,S3_TREND
2026-07-23 12:00:00+00:00,BTC,BUY,28.706106219589856,0.028706106219589855,0.15,S3_TREND
2026-07-23 12:00:00+00:00,ETH,BUY,4.96635668025192,0.00496635668025192,0.15,S3_TREND
2026-07-23 12:00:00+00:00,SOL,BUY,3.9875852227014548,0.003987585222701455,0.15,S3_TREND
2026-07-23 13:00:00+00:00,BTC,BUY,27.156678214963904,0.027156678214963904,0.15,S3_TREND
2026-07-23 13:00:00+00:00,ETH,BUY,98.80530638206801,0.09880530638206801,0.15,S3_TREND
2026-07-23 13:00:00+00:00,SOL,SELL,6827.717466614448,6.827717466614448,0.075,S6_REVERSAL
2026-07-23 14:00:00+00:00,BTC,BUY,40.960274994171414,0.04096027499417142,0.15,S3_TREND
2026-07-23 14:00:00+00:00,ETH,BUY,23.20303327853253,0.023203033278532532,0.15,S3_TREND
2026-07-23 14:00:00+00:00,SOL,BUY,11.606095285659649,0.011606095285659649,0.075,S6_REVERSAL
2026-07-23 15:00:00+00:00,BTC,SELL,11.428918401343253,0.011428918401343253,0.15,S3_TREND
2026-07-23 15:00:00+00:00,ETH,BUY,11.572994551086595,0.011572994551086594,0.15,S3_TREND
2026-07-23 15:00:00+00:00,SOL,BUY,20.839492779938155,0.020839492779938157,0.075,S6_REVERSAL
2026-07-23 16:00:00+00:00,BTC,SELL,10.730750618460661,0.010730750618460662,0.15,S3_TREND
2026-07-23 16:00:00+00:00,ETH,BUY,8.331791244167107,0.008331791244167107,0.15,S3_TREND
2026-07-23 16:00:00+00:00,SOL,SELL,6886.116615707414,6.886116615707414,0.0,CASH
2026-07-23 17:00:00+00:00,BTC,BUY,27.35410999270607,0.02735410999270607,0.15,S3_TREND
2026-07-23 17:00:00+00:00,ETH,BUY,37.60770837567907,0.03760770837567907,0.15,S3_TREND
2026-07-23 17:00:00+00:00,SOL,BUY,13765.386419314766,13.765386419314765,0.15,S6_S8_REVERSAL
2026-07-23 18:00:00+00:00,BTC,SELL,6878.889947162973,6.878889947162973,0.075,S6_REVERSAL
2026-07-23 18:00:00+00:00,ETH,BUY,45.68883688715687,0.045688836887156865,0.15,S3_TREND
2026-07-23 18:00:00+00:00,SOL,BUY,38.86761250195923,0.03886761250195923,0.15,S6_S8_REVERSAL
2026-07-23 19:00:00+00:00,BTC,SELL,15.221303393527705,0.015221303393527705,0.075,S6_REVERSAL
2026-07-23 19:00:00+00:00,ETH,SELL,6886.764961092933,6.886764961092933,0.075,S6_REVERSAL
2026-07-23 19:00:00+00:00,SOL,SELL,19.593545718935275,0.019593545718935276,0.15,S6_S8_REVERSAL
2026-07-23 20:00:00+00:00,ETH,SELL,6854.881088011736,6.854881088011736,0.0,CASH
2026-07-23 20:00:00+00:00,SOL,BUY,6.358344266645872,0.006358344266645872,0.15,S6_S8_REVERSAL
2026-07-23 21:00:00+00:00,BTC,SELL,25.625880679632246,0.025625880679632247,0.075,S6_REVERSAL
2026-07-23 21:00:00+00:00,ETH,BUY,6879.041818712275,6.879041818712275,0.075,S6_REVERSAL
2026-07-23 21:00:00+00:00,SOL,SELL,54.86327067879756,0.054863270678797565,0.15,S6_S8_REVERSAL
2026-07-23 22:00:00+00:00,BTC,SELL,4.537246964272526,0.004537246964272526,0.075,S6_REVERSAL
2026-07-23 22:00:00+00:00,ETH,BUY,9.637404029816935,0.009637404029816936,0.075,S6_REVERSAL
2026-07-23 22:00:00+00:00,SOL,BUY,8.291066431380386,0.008291066431380386,0.15,S6_S8_REVERSAL
2026-07-23 23:00:00+00:00,SOL,SELL,20.746716702145932,0.020746716702145934,0.15,S6_S8_REVERSAL
2026-07-24 00:00:00+00:00,BTC,BUY,3.420129874751183,0.003420129874751183,0.075,S6_REVERSAL
2026-07-24 00:00:00+00:00,ETH,BUY,11.833752866727991,0.011833752866727991,0.075,S6_REVERSAL
2026-07-24 00:00:00+00:00,SOL,BUY,43.2968598807056,0.0432968598807056,0.15,S6_S8_REVERSAL
2026-07-24 01:00:00+00:00,BTC,BUY,9.625196624118871,0.009625196624118872,0.075,S6_REVERSAL
2026-07-24 01:00:00+00:00,ETH,BUY,21.71347402145875,0.02171347402145875,0.075,S6_REVERSAL
2026-07-24 01:00:00+00:00,SOL,BUY,1.9184047338403616,0.0019184047338403616,0.15,S6_S8_REVERSAL
2026-07-24 02:00:00+00:00,BTC,SELL,12.3667136976228,0.0123667136976228,0.075,S6_REVERSAL
2026-07-24 02:00:00+00:00,ETH,SELL,5.260703166294661,0.0052607031662946615,0.075,S6_REVERSAL
2026-07-24 02:00:00+00:00,SOL,BUY,22.501196421577333,0.022501196421577333,0.15,S6_S8_REVERSAL
2026-07-24 03:00:00+00:00,BTC,SELL,6.083346445126153,0.006083346445126154,0.075,S6_REVERSAL
2026-07-24 03:00:00+00:00,ETH,BUY,8.887061130171787,0.008887061130171788,0.075,S6_REVERSAL
2026-07-24 03:00:00+00:00,SOL,BUY,23.409735504003038,0.023409735504003038,0.15,S6_S8_REVERSAL
2026-07-24 04:00:00+00:00,BTC,SELL,25.987891357963235,0.025987891357963235,0.075,S6_REVERSAL
2026-07-24 04:00:00+00:00,ETH,SELL,30.93323350681294,0.03093323350681294,0.075,S6_REVERSAL
2026-07-24 04:00:00+00:00,SOL,SELL,34.87266337850815,0.034872663378508154,0.15,S6_S8_REVERSAL
2026-07-24 05:00:00+00:00,BTC,BUY,9.776107063923519,0.009776107063923518,0.075,S6_REVERSAL
2026-07-24 05:00:00+00:00,ETH,BUY,11.80601509041935,0.01180601509041935,0.075,S6_REVERSAL
2026-07-24 05:00:00+00:00,SOL,BUY,23.053506798263697,0.0230535067982637,0.15,S6_S8_REVERSAL
2026-07-24 06:00:00+00:00,BTC,BUY,2.552025858378329,0.002552025858378329,0.075,S6_REVERSAL
2026-07-24 06:00:00+00:00,ETH,SELL,14.437125423395628,0.014437125423395628,0.075,S6_REVERSAL
2026-07-24 06:00:00+00:00,SOL,SELL,18.850992832143675,0.018850992832143674,0.15,S6_S8_REVERSAL
2026-07-24 07:00:00+00:00,BTC,SELL,6889.693159009118,6.889693159009118,0.0,CASH
2026-07-24 07:00:00+00:00,ETH,SELL,22.400760857442947,0.02240076085744295,0.075,S6_REVERSAL
2026-07-24 07:00:00+00:00,SOL,SELL,1.4632104086776963,0.0014632104086776962,0.15,S6_S8_REVERSAL
2026-07-24 08:00:00+00:00,ETH,SELL,23.807325893600137,0.023807325893600136,0.075,S6_REVERSAL
2026-07-24 08:00:00+00:00,SOL,SELL,32.208778431080646,0.032208778431080644,0.15,S6_S8_REVERSAL
2026-07-24 09:00:00+00:00,ETH,BUY,22.48599403038861,0.02248599403038861,0.075,S6_REVERSAL
2026-07-24 09:00:00+00:00,SOL,BUY,41.82287849532986,0.04182287849532986,0.15,S6_S8_REVERSAL
2026-07-24 10:00:00+00:00,ETH,SELL,2.2163593845734795,0.0022163593845734796,0.075,S6_REVERSAL
2026-07-24 10:00:00+00:00,SOL,BUY,24.678079865847394,0.024678079865847396,0.15,S6_S8_REVERSAL
2026-07-24 11:00:00+00:00,ETH,BUY,12.606072281279921,0.012606072281279922,0.075,S6_REVERSAL
2026-07-24 11:00:00+00:00,SOL,BUY,17.754348455982836,0.017754348455982834,0.15,S6_S8_REVERSAL
2026-07-24 12:00:00+00:00,ETH,SELL,4.3667238087300575,0.004366723808730057,0.075,S6_REVERSAL
2026-07-24 12:00:00+00:00,SOL,BUY,44.93612240804032,0.04493612240804032,0.15,S6_S8_REVERSAL
2026-07-24 13:00:00+00:00,ETH,BUY,33.37394456829679,0.033373944568296794,0.075,S6_REVERSAL
2026-07-24 13:00:00+00:00,SOL,SELL,13672.903097139142,13.672903097139143,0.0,CASH
2026-07-24 14:00:00+00:00,ETH,SELL,6804.662871942099,6.8046628719420985,0.0,CASH
2026-07-24 14:00:00+00:00,SOL,BUY,6854.596335412526,6.854596335412526,0.075,S6_REVERSAL
2026-07-24 15:00:00+00:00,SOL,BUY,14.354753643886397,0.014354753643886397,0.075,S6_REVERSAL
2026-07-24 16:00:00+00:00,BTC,BUY,6852.393273454062,6.852393273454062,0.075,S6_REVERSAL
2026-07-24 17:00:00+00:00,BTC,BUY,11.948852128309227,0.011948852128309227,0.075,S6_REVERSAL
2026-07-24 17:00:00+00:00,SOL,BUY,9.526211404421701,0.009526211404421702,0.075,S6_REVERSAL
2026-07-24 18:00:00+00:00,BTC,SELL,21.020084097204744,0.021020084097204746,0.075,S6_REVERSAL
2026-07-24 18:00:00+00:00,SOL,SELL,10.221900586462652,0.010221900586462652,0.075,S6_REVERSAL
2026-07-24 19:00:00+00:00,BTC,SELL,9.50604168956761,0.00950604168956761,0.075,S6_REVERSAL
2026-07-24 19:00:00+00:00,SOL,BUY,5.871111024421225,0.0058711110244212255,0.075,S6_REVERSAL
2026-07-24 20:00:00+00:00,BTC,BUY,4.534244729189595,0.004534244729189595,0.075,S6_REVERSAL
2026-07-24 21:00:00+00:00,BTC,BUY,4.046130035015267,0.004046130035015267,0.075,S6_REVERSAL
2026-07-24 21:00:00+00:00,SOL,BUY,17.17808806204539,0.01717808806204539,0.075,S6_REVERSAL
2026-07-24 22:00:00+00:00,ETH,BUY,6849.58726731903,6.84958726731903,0.075,S6_REVERSAL
2026-07-24 22:00:00+00:00,SOL,BUY,11.043344663355128,0.011043344663355128,0.075,S6_REVERSAL
2026-07-24 23:00:00+00:00,BTC,BUY,1.3403157731208921,0.001340315773120892,0.075,S6_REVERSAL
2026-07-24 23:00:00+00:00,ETH,SELL,5.063221507320122,0.005063221507320122,0.075,S6_REVERSAL
2026-07-24 23:00:00+00:00,SOL,SELL,25.666299014099422,0.025666299014099423,0.075,S6_REVERSAL
2026-07-25 00:00:00+00:00,BTC,BUY,3.6102985133611583,0.0036102985133611583,0.075,S6_REVERSAL
2026-07-25 00:00:00+00:00,ETH,SELL,6.6726607073997,0.0066726607073997,0.075,S6_REVERSAL
2026-07-25 00:00:00+00:00,SOL,SELL,2.267346375154375,0.002267346375154375,0.075,S6_REVERSAL
2026-07-25 01:00:00+00:00,BTC,BUY,7.367761186123062,0.007367761186123062,0.075,S6_REVERSAL
2026-07-25 01:00:00+00:00,ETH,BUY,4.324369503584421,0.004324369503584421,0.075,S6_REVERSAL
2026-07-25 01:00:00+00:00,SOL,SELL,14.54682828280693,0.01454682828280693,0.075,S6_REVERSAL
2026-07-25 02:00:00+00:00,ETH,BUY,1.0762448330933694,0.0010762448330933693,0.075,S6_REVERSAL
2026-07-25 03:00:00+00:00,BTC,BUY,1.8195645503365085,0.0018195645503365086,0.075,S6_REVERSAL
2026-07-25 03:00:00+00:00,ETH,BUY,1.7118714829302917,0.0017118714829302917,0.075,S6_REVERSAL
2026-07-25 04:00:00+00:00,BTC,SELL,3.3579532729590937,0.003357953272959094,0.075,S6_REVERSAL
2026-07-25 04:00:00+00:00,ETH,BUY,2.826114430378766,0.002826114430378766,0.075,S6_REVERSAL
2026-07-25 04:00:00+00:00,SOL,SELL,1.205194584043966,0.001205194584043966,0.075,S6_REVERSAL
2026-07-25 05:00:00+00:00,BTC,SELL,7.55438854962631,0.00755438854962631,0.075,S6_REVERSAL
2026-07-25 05:00:00+00:00,ETH,SELL,6.643786819930938,0.006643786819930938,0.075,S6_REVERSAL
2026-07-25 05:00:00+00:00,SOL,SELL,13.91631860873531,0.013916318608735309,0.075,S6_REVERSAL
2026-07-25 06:00:00+00:00,BTC,BUY,12.41140959193217,0.01241140959193217,0.075,S6_REVERSAL
2026-07-25 06:00:00+00:00,ETH,BUY,6.1279037134791,0.0061279037134791,0.075,S6_REVERSAL
2026-07-25 06:00:00+00:00,SOL,BUY,26.95516108218726,0.026955161082187262,0.075,S6_REVERSAL
2026-07-25 07:00:00+00:00,BTC,BUY,1.7654500606768124,0.0017654500606768125,0.075,S6_REVERSAL
2026-07-25 07:00:00+00:00,SOL,SELL,4.362634015170443,0.004362634015170443,0.075,S6_REVERSAL
2026-07-25 08:00:00+00:00,BTC,SELL,1.6897176239381224,0.0016897176239381224,0.075,S6_REVERSAL
2026-07-25 08:00:00+00:00,ETH,BUY,6.6601161160260745,0.006660116116026075,0.075,S6_REVERSAL
2026-07-25 08:00:00+00:00,SOL,BUY,19.792663872062803,0.019792663872062802,0.075,S6_REVERSAL
2026-07-25 09:00:00+00:00,BTC,BUY,12.033343098726618,0.012033343098726619,0.075,S6_REVERSAL
2026-07-25 09:00:00+00:00,ETH,BUY,6.658521356774145,0.006658521356774145,0.075,S6_REVERSAL
2026-07-25 09:00:00+00:00,SOL,SELL,2.497979937676064,0.002497979937676064,0.075,S6_REVERSAL
2026-07-25 10:00:00+00:00,BTC,SELL,9.706972428140944,0.009706972428140944,0.075,S6_REVERSAL
2026-07-25 10:00:00+00:00,ETH,SELL,13.228037177678743,0.013228037177678743,0.075,S6_REVERSAL
2026-07-25 10:00:00+00:00,SOL,SELL,14.050406458956786,0.014050406458956787,0.075,S6_REVERSAL
2026-07-25 11:00:00+00:00,BTC,SELL,6.8551541723099945,0.006855154172309995,0.075,S6_REVERSAL
2026-07-25 12:00:00+00:00,ETH,BUY,2.070463809333887,0.002070463809333887,0.075,S6_REVERSAL
2026-07-25 12:00:00+00:00,SOL,BUY,6.3397441020188126,0.006339744102018812,0.075,S6_REVERSAL
2026-07-25 13:00:00+00:00,BTC,SELL,4.994712269895899,0.004994712269895899,0.075,S6_REVERSAL
2026-07-25 13:00:00+00:00,ETH,SELL,7.939591642902996,0.007939591642902996,0.075,S6_REVERSAL
2026-07-25 13:00:00+00:00,SOL,SELL,3.096474466324253,0.003096474466324253,0.075,S6_REVERSAL
2026-07-25 14:00:00+00:00,BTC,SELL,2.7130061924053734,0.0027130061924053733,0.075,S6_REVERSAL
2026-07-25 14:00:00+00:00,ETH,SELL,23.086024922021352,0.023086024922021352,0.075,S6_REVERSAL
2026-07-25 15:00:00+00:00,BTC,SELL,3.278277747028369,0.0032782777470283693,0.075,S6_REVERSAL
2026-07-25 15:00:00+00:00,ETH,SELL,4.000467004713755,0.004000467004713755,0.075,S6_REVERSAL
2026-07-25 15:00:00+00:00,SOL,SELL,4.686237666849593,0.004686237666849593,0.075,S6_REVERSAL
2026-07-25 16:00:00+00:00,BTC,BUY,3.7789141766552348,0.0037789141766552347,0.075,S6_REVERSAL
2026-07-25 16:00:00+00:00,ETH,BUY,3.256551037506142,0.003256551037506142,0.075,S6_REVERSAL
2026-07-25 16:00:00+00:00,SOL,SELL,10.74980769022659,0.01074980769022659,0.075,S6_REVERSAL
2026-07-25 17:00:00+00:00,BTC,SELL,1.4312998643345054,0.0014312998643345055,0.075,S6_REVERSAL
2026-07-25 17:00:00+00:00,SOL,SELL,11.74269760174502,0.01174269760174502,0.075,S6_REVERSAL
2026-07-25 18:00:00+00:00,BTC,SELL,3.570871526386327,0.003570871526386327,0.075,S6_REVERSAL
2026-07-25 18:00:00+00:00,ETH,SELL,6874.9582483861295,6.87495824838613,0.0,CASH
2026-07-25 18:00:00+00:00,SOL,SELL,10.91727402815377,0.01091727402815377,0.075,S6_REVERSAL
2026-07-25 19:00:00+00:00,BTC,SELL,13.805176260670123,0.013805176260670123,0.075,S6_REVERSAL
2026-07-25 19:00:00+00:00,SOL,SELL,16.36906018202626,0.01636906018202626,0.075,S6_REVERSAL
2026-07-25 20:00:00+00:00,BTC,SELL,6859.142016848273,6.859142016848273,0.0,CASH
2026-07-25 20:00:00+00:00,SOL,SELL,6852.892300821793,6.852892300821793,0.0,CASH
2026-07-26 21:00:00+00:00,ETH,BUY,13720.283520994157,13.720283520994156,0.15,S3_TREND
2026-07-26 22:00:00+00:00,ETH,SELL,75.91481930787813,0.07591481930787813,0.15,S3_TREND
2026-07-26 23:00:00+00:00,ETH,SELL,144.85228172979987,0.1448522817297999,0.15,S3_TREND
2026-07-27 00:00:00+00:00,ETH,SELL,29.46769301051063,0.02946769301051063,0.15,S3_TREND
2026-07-27 01:00:00+00:00,ETH,BUY,72.88469131065358,0.07288469131065359,0.15,S3_TREND
2026-07-27 02:00:00+00:00,ETH,SELL,34.06273770471489,0.03406273770471489,0.15,S3_TREND
2026-07-27 02:00:00+00:00,SOL,BUY,13755.11342171814,13.755113421718141,0.15,S3_TREND
2026-07-27 03:00:00+00:00,ETH,BUY,26.172143511825197,0.0261721435118252,0.15,S3_TREND
2026-07-27 03:00:00+00:00,SOL,BUY,6.269531769961759,0.006269531769961759,0.15,S3_TREND
2026-07-27 04:00:00+00:00,ETH,SELL,40.25805854176906,0.04025805854176906,0.15,S3_TREND
2026-07-27 04:00:00+00:00,SOL,BUY,11.541174408468578,0.011541174408468578,0.15,S3_TREND
2026-07-27 05:00:00+00:00,BTC,BUY,13752.37542362961,13.75237542362961,0.15,S3_TREND
2026-07-27 05:00:00+00:00,ETH,SELL,25.639308476736915,0.025639308476736917,0.15,S3_TREND
2026-07-27 05:00:00+00:00,SOL,BUY,20.818424673730988,0.02081842467373099,0.15,S3_TREND
2026-07-27 06:00:00+00:00,BTC,SELL,15.364003338569091,0.015364003338569092,0.15,S3_TREND
2026-07-27 06:00:00+00:00,ETH,SELL,62.30234286760242,0.062302342867602424,0.15,S3_TREND
2026-07-27 06:00:00+00:00,SOL,SELL,23.134731299922354,0.023134731299922353,0.15,S3_TREND
2026-07-27 07:00:00+00:00,BTC,BUY,16.74782757939829,0.01674782757939829,0.15,S3_TREND
2026-07-27 07:00:00+00:00,ETH,SELL,13.735722780726064,0.013735722780726064,0.15,S3_TREND
2026-07-27 07:00:00+00:00,SOL,SELL,24.70171425627632,0.02470171425627632,0.15,S3_TREND
2026-07-27 08:00:00+00:00,BTC,BUY,23.851989325621616,0.023851989325621617,0.15,S3_TREND
2026-07-27 08:00:00+00:00,ETH,BUY,11.381669301463262,0.011381669301463263,0.15,S3_TREND
2026-07-27 08:00:00+00:00,SOL,BUY,27.71996120822405,0.02771996120822405,0.15,S3_TREND
2026-07-27 09:00:00+00:00,BTC,BUY,5.3207456224590715,0.005320745622459071,0.15,S3_TREND
2026-07-27 09:00:00+00:00,ETH,SELL,6.292180350726994,0.006292180350726994,0.15,S3_TREND
2026-07-27 09:00:00+00:00,SOL,BUY,27.062993520299642,0.027062993520299644,0.15,S3_TREND
2026-07-27 10:00:00+00:00,BTC,SELL,11.68095701439961,0.01168095701439961,0.15,S3_TREND
2026-07-27 10:00:00+00:00,ETH,BUY,2.679063709818365,0.0026790637098183653,0.15,S3_TREND
2026-07-27 10:00:00+00:00,SOL,SELL,25.00058693475512,0.02500058693475512,0.15,S3_TREND
2026-07-27 11:00:00+00:00,BTC,SELL,6.643654738121768,0.006643654738121768,0.15,S3_TREND
2026-07-27 11:00:00+00:00,ETH,SELL,7.252510246178645,0.0072525102461786445,0.15,S3_TREND
2026-07-27 11:00:00+00:00,SOL,SELL,16.83145677938046,0.01683145677938046,0.15,S3_TREND
2026-07-27 12:00:00+00:00,BTC,BUY,30.568697611834068,0.03056869761183407,0.15,S3_TREND
2026-07-27 12:00:00+00:00,ETH,BUY,35.79750268323369,0.03579750268323369,0.15,S3_TREND
2026-07-27 12:00:00+00:00,SOL,BUY,1.3108501564838662,0.0013108501564838661,0.15,S3_TREND
2026-07-27 13:00:00+00:00,BTC,BUY,9.906439745513126,0.009906439745513126,0.15,S3_TREND
2026-07-27 13:00:00+00:00,ETH,BUY,21.31243036203159,0.021312430362031592,0.15,S3_TREND
2026-07-27 13:00:00+00:00,SOL,SELL,56.15049122794335,0.05615049122794335,0.15,S3_TREND
2026-07-27 14:00:00+00:00,BTC,SELL,18.50976871257808,0.01850976871257808,0.15,S3_TREND
2026-07-27 14:00:00+00:00,ETH,SELL,15.89756908907475,0.01589756908907475,0.15,S3_TREND
2026-07-27 15:00:00+00:00,BTC,BUY,26.286906142062435,0.026286906142062437,0.15,S3_TREND
2026-07-27 15:00:00+00:00,ETH,BUY,117.1912271599358,0.11719122715993581,0.15,S3_TREND
2026-07-27 15:00:00+00:00,SOL,BUY,170.76888641225196,0.17076888641225196,0.15,S3_TREND
2026-07-27 16:00:00+00:00,BTC,BUY,13.940997869538478,0.013940997869538478,0.15,S3_TREND
2026-07-27 16:00:00+00:00,ETH,BUY,18.004545885114567,0.01800454588511457,0.15,S3_TREND
2026-07-27 16:00:00+00:00,SOL,BUY,20.15811575634143,0.02015811575634143,0.15,S3_TREND
2026-07-27 17:00:00+00:00,BTC,SELL,30.134322792748208,0.03013432279274821,0.15,S3_TREND
2026-07-27 17:00:00+00:00,ETH,SELL,48.16049245669274,0.04816049245669274,0.15,S3_TREND
2026-07-27 17:00:00+00:00,SOL,SELL,78.83529151513176,0.07883529151513176,0.15,S3_TREND
2026-07-27 18:00:00+00:00,BTC,SELL,19.82508663090084,0.01982508663090084,0.15,S3_TREND
2026-07-27 18:00:00+00:00,ETH,SELL,16.45745662567242,0.016457456625672422,0.15,S3_TREND
2026-07-27 18:00:00+00:00,SOL,BUY,14.834833956099828,0.014834833956099828,0.15,S3_TREND
2026-07-27 19:00:00+00:00,BTC,BUY,12.79161775767534,0.01279161775767534,0.15,S3_TREND
2026-07-27 19:00:00+00:00,ETH,BUY,14.70256513710774,0.01470256513710774,0.15,S3_TREND
2026-07-27 19:00:00+00:00,SOL,BUY,35.285274178424515,0.03528527417842452,0.15,S3_TREND
2026-07-27 20:00:00+00:00,ETH,SELL,41.58843280847941,0.04158843280847941,0.15,S3_TREND
2026-07-27 20:00:00+00:00,SOL,SELL,42.44984215059776,0.04244984215059776,0.15,S3_TREND
2026-07-27 21:00:00+00:00,BTC,BUY,3.061581729196405,0.003061581729196405,0.15,S3_TREND
2026-07-27 21:00:00+00:00,ETH,BUY,7.871479837112929,0.00787147983711293,0.15,S3_TREND
2026-07-27 21:00:00+00:00,SOL,SELL,2.2743260649258445,0.0022743260649258448,0.15,S3_TREND
2026-07-27 22:00:00+00:00,BTC,BUY,9.456015757574278,0.009456015757574278,0.15,S3_TREND
2026-07-27 22:00:00+00:00,ETH,BUY,15.185769160685595,0.015185769160685595,0.15,S3_TREND
2026-07-27 22:00:00+00:00,SOL,BUY,48.650627497878304,0.0486506274978783,0.15,S3_TREND
2026-07-27 23:00:00+00:00,BTC,BUY,91.97187731831582,0.09197187731831583,0.15,S3_TREND
2026-07-27 23:00:00+00:00,ETH,BUY,215.09901971877116,0.21509901971877116,0.15,S3_TREND
2026-07-27 23:00:00+00:00,SOL,BUY,153.5360391302238,0.1535360391302238,0.15,S3_TREND
2026-07-28 00:00:00+00:00,BTC,BUY,9.435644379147561,0.009435644379147562,0.15,S3_TREND
2026-07-28 00:00:00+00:00,ETH,BUY,9.485260736037162,0.009485260736037162,0.15,S3_TREND
2026-07-28 00:00:00+00:00,SOL,SELL,25.763032351942456,0.025763032351942456,0.15,S3_TREND
2026-07-28 01:00:00+00:00,BTC,BUY,20.62365834735101,0.020623658347351012,0.15,S3_TREND
2026-07-28 01:00:00+00:00,ETH,BUY,61.637435275972166,0.061637435275972166,0.15,S3_TREND
2026-07-28 01:00:00+00:00,SOL,BUY,51.383641117656225,0.051383641117656226,0.15,S3_TREND
2026-07-28 02:00:00+00:00,BTC,BUY,28.790036308677372,0.028790036308677373,0.15,S3_TREND
2026-07-28 02:00:00+00:00,ETH,SELL,4.713171055249404,0.004713171055249404,0.15,S3_TREND
2026-07-28 02:00:00+00:00,SOL,BUY,71.31248804965071,0.07131248804965071,0.15,S3_TREND
2026-07-28 03:00:00+00:00,BTC,BUY,13.309106759006681,0.013309106759006682,0.15,S3_TREND
2026-07-28 03:00:00+00:00,ETH,BUY,2.84633158277029,0.00284633158277029,0.15,S3_TREND
2026-07-28 03:00:00+00:00,SOL,SELL,29.603408315737397,0.0296034083157374,0.15,S3_TREND
2026-07-28 04:00:00+00:00,BTC,SELL,25.758946042384196,0.025758946042384195,0.15,S3_TREND
2026-07-28 04:00:00+00:00,ETH,SELL,30.531178397766777,0.030531178397766777,0.15,S3_TREND
2026-07-28 04:00:00+00:00,SOL,BUY,26.53125971452573,0.02653125971452573,0.15,S3_TREND
2026-07-28 05:00:00+00:00,BTC,SELL,5.331194906530072,0.005331194906530072,0.15,S3_TREND
2026-07-28 05:00:00+00:00,ETH,BUY,11.941712577478029,0.011941712577478029,0.15,S3_TREND
2026-07-28 05:00:00+00:00,SOL,BUY,7.270118677952269,0.007270118677952269,0.15,S3_TREND
2026-07-28 06:00:00+00:00,BTC,SELL,12.591455758511074,0.012591455758511075,0.15,S3_TREND
2026-07-28 06:00:00+00:00,ETH,SELL,19.745107189859482,0.019745107189859484,0.15,S3_TREND
2026-07-28 07:00:00+00:00,BTC,SELL,23.401765963477374,0.023401765963477376,0.15,S3_TREND
2026-07-28 07:00:00+00:00,ETH,SELL,22.326740303133192,0.022326740303133193,0.15,S3_TREND
2026-07-28 07:00:00+00:00,SOL,SELL,16.668790949777758,0.01666879094977776,0.15,S3_TREND
2026-07-28 08:00:00+00:00,BTC,BUY,14.786507558441372,0.014786507558441372,0.15,S3_TREND
2026-07-28 08:00:00+00:00,ETH,BUY,20.417185390515442,0.020417185390515444,0.15,S3_TREND
2026-07-28 08:00:00+00:00,SOL,BUY,15.638681646521945,0.015638681646521945,0.15,S3_TREND
2026-07-28 09:00:00+00:00,BTC,BUY,17.041966743314333,0.017041966743314332,0.15,S3_TREND
2026-07-28 09:00:00+00:00,ETH,SELL,4.314647828510715,0.004314647828510715,0.15,S3_TREND
2026-07-28 09:00:00+00:00,SOL,SELL,14.349440421492545,0.014349440421492545,0.15,S3_TREND
2026-07-28 10:00:00+00:00,BTC,SELL,5.563434640482228,0.005563434640482228,0.15,S3_TREND
2026-07-28 10:00:00+00:00,ETH,BUY,45.1397554200048,0.045139755420004805,0.15,S3_TREND
2026-07-28 10:00:00+00:00,SOL,BUY,7.460291774870711,0.007460291774870712,0.15,S3_TREND
2026-07-28 11:00:00+00:00,BTC,SELL,14.90887487123291,0.014908874871232911,0.15,S3_TREND
2026-07-28 11:00:00+00:00,ETH,SELL,15.03239986688459,0.01503239986688459,0.15,S3_TREND
2026-07-28 11:00:00+00:00,SOL,BUY,22.360908368067612,0.022360908368067613,0.15,S3_TREND
2026-07-28 12:00:00+00:00,BTC,BUY,3.3557152307839715,0.0033557152307839714,0.15,S3_TREND
2026-07-28 12:00:00+00:00,ETH,BUY,13.542131836966291,0.013542131836966292,0.15,S3_TREND
2026-07-28 12:00:00+00:00,SOL,SELL,10.89754052360695,0.01089754052360695,0.15,S3_TREND
2026-07-28 13:00:00+00:00,BTC,BUY,4.8181882719181885,0.004818188271918189,0.15,S3_TREND
2026-07-28 13:00:00+00:00,ETH,SELL,88.38379239394271,0.08838379239394271,0.15,S3_TREND
2026-07-28 13:00:00+00:00,SOL,SELL,9.6852058977438,0.0096852058977438,0.15,S3_TREND
2026-07-28 14:00:00+00:00,BTC,BUY,41.62473211759243,0.04162473211759243,0.15,S3_TREND
2026-07-28 14:00:00+00:00,ETH,BUY,78.98650744420956,0.07898650744420957,0.15,S3_TREND
2026-07-28 14:00:00+00:00,SOL,BUY,72.79161028431736,0.07279161028431735,0.15,S3_TREND
2026-07-28 15:00:00+00:00,BTC,SELL,19.986515967699233,0.019986515967699233,0.15,S3_TREND
2026-07-28 15:00:00+00:00,ETH,SELL,61.18489788232,0.061184897882320004,0.15,S3_TREND
2026-07-28 15:00:00+00:00,SOL,SELL,87.67630754647143,0.08767630754647143,0.15,S3_TREND
2026-07-28 16:00:00+00:00,BTC,SELL,6845.088968100421,6.845088968100421,0.075,S6_REVERSAL
2026-07-28 16:00:00+00:00,ETH,SELL,147.34907347842636,0.14734907347842638,0.15,S3_TREND
2026-07-28 16:00:00+00:00,SOL,SELL,94.3339140162534,0.0943339140162534,0.15,S3_TREND
2026-07-28 17:00:00+00:00,BTC,SELL,7.743984431090212,0.007743984431090212,0.075,S6_REVERSAL
2026-07-28 17:00:00+00:00,ETH,SELL,32.88092423120179,0.03288092423120179,0.15,S3_TREND
2026-07-28 17:00:00+00:00,SOL,SELL,3.8503483034110104,0.0038503483034110107,0.15,S3_TREND
2026-07-28 18:00:00+00:00,BTC,BUY,14.320685205895643,0.014320685205895644,0.075,S6_REVERSAL
2026-07-28 18:00:00+00:00,ETH,BUY,122.56895250927846,0.12256895250927846,0.15,S3_TREND
2026-07-28 18:00:00+00:00,SOL,BUY,60.63692506438929,0.06063692506438929,0.15,S3_TREND
2026-07-28 19:00:00+00:00,BTC,BUY,1.0101156687360344,0.0010101156687360344,0.075,S6_REVERSAL
2026-07-28 19:00:00+00:00,ETH,SELL,54.16980613711894,0.05416980613711894,0.15,S3_TREND
2026-07-28 19:00:00+00:00,SOL,BUY,1.3492752481015486,0.0013492752481015487,0.15,S3_TREND
2026-07-28 20:00:00+00:00,BTC,SELL,4.914161741494354,0.004914161741494354,0.075,S6_REVERSAL
2026-07-28 20:00:00+00:00,ETH,SELL,52.056990867247805,0.052056990867247806,0.15,S3_TREND
2026-07-28 20:00:00+00:00,SOL,SELL,52.78443950202745,0.05278443950202746,0.15,S3_TREND
2026-07-28 21:00:00+00:00,BTC,SELL,7.005615974364446,0.007005615974364446,0.075,S6_REVERSAL
2026-07-28 21:00:00+00:00,ETH,BUY,14.882025012268059,0.01488202501226806,0.15,S3_TREND
2026-07-28 21:00:00+00:00,SOL,SELL,13571.266605053039,13.571266605053038,0.0,CASH
2026-07-28 22:00:00+00:00,BTC,SELL,3.5573265793582323,0.0035573265793582324,0.075,S6_REVERSAL
2026-07-28 22:00:00+00:00,ETH,SELL,33.66188377424987,0.033661883774249876,0.15,S3_TREND
2026-07-28 23:00:00+00:00,BTC,BUY,12.171846703098709,0.01217184670309871,0.075,S6_REVERSAL
2026-07-28 23:00:00+00:00,ETH,BUY,69.51970876601081,0.06951970876601081,0.15,S3_TREND
2026-07-29 00:00:00+00:00,BTC,SELL,7.445626187501148,0.007445626187501148,0.075,S6_REVERSAL
2026-07-29 00:00:00+00:00,ETH,SELL,60.303949133800415,0.06030394913380042,0.15,S3_TREND
2026-07-29 01:00:00+00:00,BTC,SELL,6.475253934636385,0.006475253934636385,0.075,S6_REVERSAL
2026-07-29 01:00:00+00:00,ETH,BUY,30.406581121735144,0.030406581121735145,0.15,S3_TREND
2026-07-29 02:00:00+00:00,BTC,BUY,18.328553481207564,0.018328553481207564,0.075,S6_REVERSAL
2026-07-29 02:00:00+00:00,ETH,BUY,65.87790409013542,0.06587790409013541,0.15,S3_TREND
2026-07-29 03:00:00+00:00,BTC,SELL,24.23004510059036,0.02423004510059036,0.075,S6_REVERSAL
2026-07-29 03:00:00+00:00,ETH,SELL,28.469416057643684,0.028469416057643686,0.15,S3_TREND
2026-07-29 04:00:00+00:00,BTC,BUY,12.47985940770468,0.01247985940770468,0.075,S6_REVERSAL
2026-07-29 04:00:00+00:00,ETH,BUY,107.73921995737874,0.10773921995737874,0.15,S3_TREND
2026-07-29 05:00:00+00:00,BTC,SELL,14.31829326202569,0.01431829326202569,0.075,S6_REVERSAL
2026-07-29 05:00:00+00:00,ETH,SELL,74.74960449313403,0.07474960449313403,0.15,S3_TREND
2026-07-29 06:00:00+00:00,BTC,SELL,5.984658244205093,0.005984658244205093,0.075,S6_REVERSAL
2026-07-29 06:00:00+00:00,ETH,SELL,13644.660669925972,13.644660669925972,0.0,CASH
2026-07-29 07:00:00+00:00,BTC,SELL,37.193607188346505,0.03719360718834651,0.075,S6_REVERSAL
2026-07-29 08:00:00+00:00,BTC,SELL,12.248762883895324,0.012248762883895325,0.075,S6_REVERSAL
2026-07-29 09:00:00+00:00,BTC,BUY,14.009166430750156,0.014009166430750156,0.075,S6_REVERSAL
2026-07-29 10:00:00+00:00,BTC,SELL,27.424468753059955,0.027424468753059955,0.075,S6_REVERSAL
2026-07-29 11:00:00+00:00,BTC,BUY,22.19989826915571,0.02219989826915571,0.075,S6_REVERSAL
2026-07-29 12:00:00+00:00,BTC,SELL,3.68107450872958,0.00368107450872958,0.075,S6_REVERSAL
2026-07-29 13:00:00+00:00,BTC,BUY,22.510140065021005,0.022510140065021007,0.075,S6_REVERSAL
2026-07-29 14:00:00+00:00,BTC,SELL,37.97188072726021,0.03797188072726022,0.075,S6_REVERSAL
2026-07-29 15:00:00+00:00,BTC,BUY,54.19047855660028,0.05419047855660029,0.075,S6_REVERSAL
2026-07-29 16:00:00+00:00,BTC,BUY,14.127066324738735,0.014127066324738735,0.075,S6_REVERSAL
2026-07-29 17:00:00+00:00,BTC,BUY,15.30806745307109,0.01530806745307109,0.075,S6_REVERSAL
2026-07-29 18:00:00+00:00,BTC,SELL,45.48615457771848,0.04548615457771848,0.075,S6_REVERSAL
2026-07-29 19:00:00+00:00,BTC,SELL,22.686882738584245,0.022686882738584244,0.075,S6_REVERSAL
2026-07-29 20:00:00+00:00,BTC,BUY,88.99625300783009,0.0889962530078301,0.075,S6_REVERSAL
2026-07-29 21:00:00+00:00,BTC,BUY,6.66235196591515,0.00666235196591515,0.075,S6_REVERSAL
2026-07-29 22:00:00+00:00,BTC,SELL,33.45159015764875,0.03345159015764875,0.075,S6_REVERSAL
2026-07-29 23:00:00+00:00,BTC,SELL,8.127613067846141,0.00812761306784614,0.075,S6_REVERSAL
2026-07-30 00:00:00+00:00,BTC,SELL,4.111430709497654,0.004111430709497654,0.075,S6_REVERSAL
2026-07-30 01:00:00+00:00,BTC,BUY,28.2694561064136,0.0282694561064136,0.075,S6_REVERSAL
2026-07-30 02:00:00+00:00,BTC,SELL,56.20122898352656,0.056201228983526565,0.075,S6_REVERSAL
2026-07-30 03:00:00+00:00,BTC,BUY,7.437977592350762,0.007437977592350762,0.075,S6_REVERSAL
2026-07-30 04:00:00+00:00,BTC,BUY,2.7459033954273764,0.0027459033954273762,0.075,S6_REVERSAL
2026-07-30 05:00:00+00:00,BTC,BUY,13.529764523739686,0.013529764523739687,0.075,S6_REVERSAL
2026-07-30 07:00:00+00:00,BTC,BUY,2.1615326873306913,0.0021615326873306914,0.075,S6_REVERSAL
2026-07-30 08:00:00+00:00,BTC,SELL,2.359965504466345,0.002359965504466345,0.075,S6_REVERSAL
2026-07-30 09:00:00+00:00,BTC,SELL,27.707686135741824,0.027707686135741823,0.075,S6_REVERSAL
2026-07-30 10:00:00+00:00,BTC,SELL,6830.307933551357,6.830307933551357,0.0,CASH
2026-07-30 12:00:00+00:00,ETH,BUY,13608.794382255439,13.60879438225544,0.15,S3_TREND
2026-07-30 13:00:00+00:00,BTC,BUY,13608.865230067086,13.608865230067085,0.15,S3_TREND
2026-07-30 13:00:00+00:00,ETH,SELL,14.010265314929711,0.014010265314929712,0.15,S3_TREND
2026-07-30 14:00:00+00:00,BTC,SELL,14.427113772997473,0.014427113772997473,0.15,S3_TREND
2026-07-30 14:00:00+00:00,ETH,SELL,26.752244425322715,0.026752244425322716,0.15,S3_TREND
2026-07-30 15:00:00+00:00,BTC,BUY,46.981252845009294,0.04698125284500929,0.15,S3_TREND
2026-07-30 15:00:00+00:00,ETH,BUY,64.0343405341373,0.0640343405341373,0.15,S3_TREND
2026-07-30 16:00:00+00:00,BTC,SELL,6.705028067504827,0.006705028067504827,0.15,S3_TREND
2026-07-30 16:00:00+00:00,ETH,SELL,7.53398061259395,0.00753398061259395,0.15,S3_TREND
2026-07-30 17:00:00+00:00,BTC,SELL,15.161450904690355,0.015161450904690356,0.15,S3_TREND
2026-07-30 18:00:00+00:00,BTC,SELL,8.022838195796794,0.008022838195796795,0.15,S3_TREND
2026-07-30 18:00:00+00:00,ETH,SELL,7.465365429778103,0.007465365429778104,0.15,S3_TREND
2026-07-30 19:00:00+00:00,BTC,BUY,25.283865608224005,0.025283865608224005,0.15,S3_TREND
2026-07-30 19:00:00+00:00,ETH,BUY,22.240937279741047,0.02224093727974105,0.15,S3_TREND
2026-07-30 19:00:00+00:00,SOL,BUY,13590.374015645246,13.590374015645246,0.15,S3_TREND
2026-07-30 20:00:00+00:00,BTC,SELL,4.699936411358067,0.004699936411358067,0.15,S3_TREND
2026-07-30 20:00:00+00:00,ETH,SELL,36.69353244669219,0.03669353244669219,0.15,S3_TREND
2026-07-30 20:00:00+00:00,SOL,SELL,29.870675890717393,0.029870675890717395,0.15,S3_TREND
2026-07-30 21:00:00+00:00,BTC,SELL,6.283131220883661,0.006283131220883661,0.15,S3_TREND
2026-07-30 21:00:00+00:00,ETH,BUY,3.1131596046216146,0.003113159604621615,0.15,S3_TREND
2026-07-30 21:00:00+00:00,SOL,BUY,43.55181093792271,0.04355181093792271,0.15,S3_TREND
2026-07-30 22:00:00+00:00,BTC,BUY,4.516208691509746,0.004516208691509746,0.15,S3_TREND
2026-07-30 22:00:00+00:00,ETH,BUY,17.168833611622176,0.017168833611622178,0.15,S3_TREND
2026-07-30 22:00:00+00:00,SOL,SELL,6.092328632870704,0.006092328632870704,0.15,S3_TREND
2026-07-30 23:00:00+00:00,BTC,SELL,6.127797759159876,0.0061277977591598755,0.15,S3_TREND
2026-07-30 23:00:00+00:00,ETH,SELL,31.15307826292701,0.03115307826292701,0.15,S3_TREND
2026-07-30 23:00:00+00:00,SOL,SELL,29.289368816633214,0.029289368816633216,0.15,S3_TREND
2026-07-31 00:00:00+00:00,BTC,SELL,1.3421662691634992,0.0013421662691634993,0.15,S3_TREND
2026-07-31 00:00:00+00:00,ETH,BUY,35.32259448236255,0.035322594482362545,0.15,S3_TREND
2026-07-31 00:00:00+00:00,SOL,BUY,25.604945169228813,0.025604945169228812,0.15,S3_TREND
2026-07-31 01:00:00+00:00,BTC,BUY,7.755385110898715,0.007755385110898715,0.15,S3_TREND
2026-07-31 01:00:00+00:00,ETH,BUY,4.4820463636006025,0.004482046363600603,0.15,S3_TREND
2026-07-31 01:00:00+00:00,SOL,BUY,1.6638484871564287,0.0016638484871564288,0.15,S3_TREND
2026-07-31 02:00:00+00:00,BTC,BUY,18.7488154760631,0.0187488154760631,0.15,S3_TREND
2026-07-31 02:00:00+00:00,ETH,BUY,33.162761194764244,0.033162761194764245,0.15,S3_TREND
2026-07-31 02:00:00+00:00,SOL,BUY,3.2065293481391564,0.0032065293481391565,0.15,S3_TREND
2026-07-31 03:00:00+00:00,BTC,BUY,34.66094498325947,0.03466094498325947,0.15,S3_TREND
2026-07-31 03:00:00+00:00,ETH,BUY,22.74696734777899,0.022746967347778993,0.15,S3_TREND
2026-07-31 03:00:00+00:00,SOL,BUY,20.661143246758,0.020661143246758003,0.15,S3_TREND
2026-07-31 04:00:00+00:00,BTC,SELL,8.426031917533692,0.008426031917533692,0.15,S3_TREND
2026-07-31 04:00:00+00:00,ETH,SELL,27.013253012186397,0.0270132530121864,0.15,S3_TREND
2026-07-31 04:00:00+00:00,SOL,BUY,10.449142286513961,0.010449142286513962,0.15,S3_TREND
2026-07-31 05:00:00+00:00,ETH,BUY,6.967261605645035,0.006967261605645036,0.15,S3_TREND
2026-07-31 05:00:00+00:00,SOL,BUY,42.85012996959085,0.04285012996959085,0.15,S3_TREND
2026-07-31 06:00:00+00:00,BTC,BUY,1.3418286909618473,0.0013418286909618474,0.15,S3_TREND
2026-07-31 06:00:00+00:00,ETH,BUY,12.516912442335524,0.012516912442335524,0.15,S3_TREND
2026-07-31 06:00:00+00:00,SOL,SELL,63.331626582936224,0.06333162658293623,0.15,S3_TREND
2026-07-31 07:00:00+00:00,BTC,BUY,15.57626555798197,0.01557626555798197,0.15,S3_TREND
2026-07-31 07:00:00+00:00,ETH,BUY,13.141428626267952,0.013141428626267953,0.15,S3_TREND
2026-07-31 07:00:00+00:00,SOL,BUY,15.352196395238934,0.015352196395238934,0.15,S3_TREND
2026-07-31 08:00:00+00:00,BTC,BUY,25.779652596522283,0.025779652596522283,0.15,S3_TREND
2026-07-31 08:00:00+00:00,ETH,BUY,54.60369847969923,0.05460369847969923,0.15,S3_TREND
2026-07-31 08:00:00+00:00,SOL,BUY,43.09700339322262,0.04309700339322262,0.15,S3_TREND
2026-07-31 09:00:00+00:00,BTC,BUY,20.534807143936632,0.020534807143936632,0.15,S3_TREND
2026-07-31 09:00:00+00:00,ETH,SELL,5.764799938146098,0.005764799938146097,0.15,S3_TREND
2026-07-31 10:00:00+00:00,BTC,BUY,9.085650179749791,0.009085650179749792,0.15,S3_TREND
2026-07-31 10:00:00+00:00,ETH,BUY,32.113898312127276,0.03211389831212728,0.15,S3_TREND
2026-07-31 10:00:00+00:00,SOL,BUY,16.795606540285007,0.01679560654028501,0.15,S3_TREND
2026-07-31 11:00:00+00:00,BTC,SELL,30.93877930904091,0.03093877930904091,0.15,S3_TREND
2026-07-31 11:00:00+00:00,ETH,SELL,6765.071011577543,6.765071011577543,0.075,S6_REVERSAL
2026-07-31 12:00:00+00:00,BTC,BUY,18.328797681951983,0.018328797681951982,0.15,S3_TREND
2026-07-31 12:00:00+00:00,ETH,BUY,7.4056374238871285,0.007405637423887129,0.075,S6_REVERSAL
2026-07-31 12:00:00+00:00,SOL,SELL,10.109323650307488,0.010109323650307488,0.15,S3_TREND
2026-07-31 13:00:00+00:00,BTC,BUY,10.18620734427168,0.01018620734427168,0.15,S3_TREND
2026-07-31 13:00:00+00:00,ETH,BUY,4.446231176742003,0.004446231176742003,0.075,S6_REVERSAL
2026-07-31 13:00:00+00:00,SOL,SELL,11.717989904322167,0.011717989904322167,0.15,S3_TREND
2026-07-31 14:00:00+00:00,BTC,BUY,68.85724726109038,0.06885724726109038,0.15,S3_TREND
2026-07-31 14:00:00+00:00,ETH,BUY,39.900120170304945,0.03990012017030495,0.075,S6_REVERSAL
2026-07-31 14:00:00+00:00,SOL,BUY,30.694143600137977,0.030694143600137978,0.15,S3_TREND
2026-07-31 15:00:00+00:00,BTC,BUY,96.3838623128031,0.0963838623128031,0.15,S3_TREND
2026-07-31 15:00:00+00:00,ETH,SELL,6707.917197817615,6.707917197817615,0.0,CASH
2026-07-31 15:00:00+00:00,SOL,BUY,13.36252283954309,0.01336252283954309,0.15,S3_TREND
2026-07-31 16:00:00+00:00,BTC,SELL,5.657110440262841,0.005657110440262841,0.15,S3_TREND
2026-07-31 16:00:00+00:00,ETH,BUY,6719.32736518711,6.719327365187111,0.075,S6_REVERSAL
2026-07-31 16:00:00+00:00,SOL,SELL,9.293667700701917,0.009293667700701917,0.15,S3_TREND
2026-07-31 17:00:00+00:00,BTC,SELL,23.263237975177617,0.02326323797517762,0.15,S3_TREND
2026-07-31 17:00:00+00:00,ETH,SELL,1.0154769513810606,0.0010154769513810607,0.075,S6_REVERSAL
2026-07-31 17:00:00+00:00,SOL,SELL,23.287006167180152,0.023287006167180154,0.15,S3_TREND
2026-07-31 18:00:00+00:00,BTC,SELL,60.8125217852521,0.0608125217852521,0.15,S3_TREND
2026-07-31 18:00:00+00:00,ETH,SELL,27.994812485036164,0.027994812485036165,0.075,S6_REVERSAL
2026-07-31 18:00:00+00:00,SOL,BUY,8.3004499169474,0.0083004499169474,0.15,S3_TREND
2026-07-31 19:00:00+00:00,BTC,SELL,6708.927264701358,6.708927264701358,0.075,S6_REVERSAL
2026-07-31 19:00:00+00:00,ETH,BUY,4.923415455798931,0.004923415455798931,0.075,S6_REVERSAL
2026-07-31 19:00:00+00:00,SOL,BUY,31.000101578247268,0.031000101578247268,0.15,S3_TREND
2026-07-31 20:00:00+00:00,BTC,BUY,10.485533436274636,0.010485533436274636,0.075,S6_REVERSAL
2026-07-31 20:00:00+00:00,ETH,BUY,10.143760871561426,0.010143760871561425,0.075,S6_REVERSAL
2026-07-31 21:00:00+00:00,BTC,SELL,1.4538042983149353,0.0014538042983149354,0.075,S6_REVERSAL
2026-07-31 21:00:00+00:00,ETH,BUY,17.97273721048532,0.01797273721048532,0.075,S6_REVERSAL
2026-07-31 21:00:00+00:00,SOL,BUY,14.98408765910608,0.01498408765910608,0.15,S3_TREND
2026-07-31 22:00:00+00:00,BTC,SELL,2.852368789461252,0.002852368789461252,0.075,S6_REVERSAL
2026-07-31 22:00:00+00:00,ETH,SELL,1.8974630084130695,0.0018974630084130696,0.075,S6_REVERSAL
2026-07-31 22:00:00+00:00,SOL,BUY,37.24642938371653,0.037246429383716535,0.15,S3_TREND
2026-07-31 23:00:00+00:00,BTC,BUY,1.4904643507497894,0.0014904643507497894,0.075,S6_REVERSAL
2026-07-31 23:00:00+00:00,ETH,BUY,2.8840933985493393,0.0028840933985493393,0.075,S6_REVERSAL
2026-07-31 23:00:00+00:00,SOL,SELL,20.55863676398985,0.02055863676398985,0.15,S3_TREND
2026-08-01 00:00:00+00:00,BTC,BUY,6.709708106116523,0.006709708106116523,0.075,S6_REVERSAL
2026-08-01 00:00:00+00:00,ETH,SELL,3.9287316350519177,0.003928731635051918,0.075,S6_REVERSAL
2026-08-01 00:00:00+00:00,SOL,SELL,3.5334731970397115,0.0035334731970397115,0.15,S3_TREND
2026-08-01 01:00:00+00:00,BTC,SELL,2.453676347658984,0.002453676347658984,0.075,S6_REVERSAL
2026-08-01 01:00:00+00:00,ETH,SELL,4.637162670623184,0.004637162670623184,0.075,S6_REVERSAL
2026-08-01 01:00:00+00:00,SOL,SELL,20.013774445209492,0.020013774445209492,0.15,S3_TREND
2026-08-01 02:00:00+00:00,BTC,SELL,2.609525853940795,0.002609525853940795,0.075,S6_REVERSAL
2026-08-01 02:00:00+00:00,ETH,SELL,7.094479529113414,0.007094479529113414,0.075,S6_REVERSAL
2026-08-01 02:00:00+00:00,SOL,SELL,2.84181017111041,0.00284181017111041,0.15,S3_TREND
2026-08-01 03:00:00+00:00,BTC,SELL,9.140965305085956,0.009140965305085956,0.075,S6_REVERSAL
2026-08-01 03:00:00+00:00,ETH,SELL,2.849299778045861,0.002849299778045861,0.075,S6_REVERSAL
2026-08-01 03:00:00+00:00,SOL,SELL,2.4348221310774534,0.0024348221310774533,0.15,S3_TREND
2026-08-01 04:00:00+00:00,BTC,BUY,6.850651612495312,0.006850651612495312,0.075,S6_REVERSAL
2026-08-01 04:00:00+00:00,ETH,SELL,6.545399282633298,0.006545399282633298,0.075,S6_REVERSAL
2026-08-01 04:00:00+00:00,SOL,BUY,6.007205074271042,0.006007205074271041,0.15,S3_TREND
2026-08-01 05:00:00+00:00,BTC,SELL,9.01228688338415,0.00901228688338415,0.075,S6_REVERSAL
2026-08-01 05:00:00+00:00,ETH,BUY,3.2161311310228484,0.0032161311310228485,0.075,S6_REVERSAL
2026-08-01 05:00:00+00:00,SOL,SELL,20.212722376165402,0.020212722376165403,0.15,S3_TREND
2026-08-01 06:00:00+00:00,BTC,BUY,5.603729774145904,0.0056037297741459045,0.075,S6_REVERSAL
2026-08-01 06:00:00+00:00,ETH,BUY,3.321414848946006,0.003321414848946006,0.075,S6_REVERSAL
2026-08-01 06:00:00+00:00,SOL,BUY,33.24831395475121,0.03324831395475121,0.15,S3_TREND
2026-08-01 07:00:00+00:00,BTC,SELL,4.369983601631247,0.0043699836016312475,0.075,S6_REVERSAL
2026-08-01 07:00:00+00:00,ETH,SELL,8.411205614553182,0.008411205614553182,0.075,S6_REVERSAL
2026-08-01 07:00:00+00:00,SOL,SELL,6.860304693062062,0.006860304693062062,0.15,S3_TREND
2026-08-01 08:00:00+00:00,BTC,BUY,2.514176031570969,0.002514176031570969,0.075,S6_REVERSAL
2026-08-01 08:00:00+00:00,ETH,BUY,1.7753396084117412,0.0017753396084117413,0.075,S6_REVERSAL
2026-08-01 08:00:00+00:00,SOL,BUY,2.274134752107784,0.002274134752107784,0.15,S3_TREND
2026-08-01 09:00:00+00:00,BTC,SELL,6.732413128293047,0.006732413128293047,0.075,S6_REVERSAL
2026-08-01 09:00:00+00:00,ETH,BUY,2.466221625751132,0.0024662216257511317,0.075,S6_REVERSAL
2026-08-01 09:00:00+00:00,SOL,SELL,8.353563429609494,0.008353563429609493,0.15,S3_TREND
2026-08-01 10:00:00+00:00,BTC,BUY,4.017403778138942,0.004017403778138941,0.075,S6_REVERSAL
2026-08-01 10:00:00+00:00,ETH,BUY,1.8435114010226243,0.0018435114010226243,0.075,S6_REVERSAL
2026-08-01 10:00:00+00:00,SOL,BUY,29.29466091489121,0.02929466091489121,0.15,S3_TREND
2026-08-01 11:00:00+00:00,ETH,BUY,2.088905552916003,0.002088905552916003,0.075,S6_REVERSAL
2026-08-01 11:00:00+00:00,SOL,SELL,1.8420143943003495,0.0018420143943003496,0.15,S3_TREND
2026-08-01 12:00:00+00:00,BTC,SELL,1.842855786598193,0.001842855786598193,0.075,S6_REVERSAL
2026-08-01 12:00:00+00:00,ETH,BUY,2.2449194805158186,0.0022449194805158187,0.075,S6_REVERSAL
2026-08-01 12:00:00+00:00,SOL,SELL,6.203202769309429,0.006203202769309429,0.15,S3_TREND
2026-08-01 13:00:00+00:00,BTC,SELL,1.5901295969451894,0.0015901295969451895,0.075,S6_REVERSAL
2026-08-01 13:00:00+00:00,ETH,SELL,6.453842708741831,0.006453842708741831,0.075,S6_REVERSAL
2026-08-01 13:00:00+00:00,SOL,SELL,4.6583109240873455,0.004658310924087345,0.15,S3_TREND
2026-08-01 14:00:00+00:00,BTC,BUY,4.137299786366384,0.004137299786366384,0.075,S6_REVERSAL
2026-08-01 14:00:00+00:00,SOL,SELL,6732.405702919051,6.732405702919051,0.075,S6_REVERSAL
2026-08-01 15:00:00+00:00,BTC,SELL,4.282684021231944,0.004282684021231944,0.075,S6_REVERSAL
2026-08-01 15:00:00+00:00,ETH,SELL,6745.641249046472,6.745641249046472,0.0,CASH
2026-08-01 15:00:00+00:00,SOL,SELL,1.8676398743182292,0.0018676398743182293,0.075,S6_REVERSAL
2026-08-01 16:00:00+00:00,BTC,BUY,9.679202350956984,0.009679202350956985,0.075,S6_REVERSAL
2026-08-01 16:00:00+00:00,SOL,BUY,18.13556868528849,0.01813556868528849,0.075,S6_REVERSAL
2026-08-01 17:00:00+00:00,BTC,BUY,6.751189451670143,0.0067511894516701434,0.075,S6_REVERSAL
2026-08-01 17:00:00+00:00,SOL,BUY,7.088795576903976,0.007088795576903976,0.075,S6_REVERSAL
2026-08-01 18:00:00+00:00,BTC,BUY,16.746505399141824,0.016746505399141826,0.075,S6_REVERSAL
2026-08-01 18:00:00+00:00,SOL,SELL,6649.56389431651,6.64956389431651,0.0,CASH
2026-08-01 19:00:00+00:00,BTC,BUY,12.129192214554678,0.012129192214554678,0.075,S6_REVERSAL
2026-08-01 19:00:00+00:00,ETH,BUY,6712.950729806818,6.712950729806819,0.075,S6_REVERSAL
2026-08-01 19:00:00+00:00,SOL,BUY,6712.950729806818,6.712950729806819,0.075,S6_REVERSAL
2026-08-01 20:00:00+00:00,BTC,BUY,5.365041561954968,0.005365041561954968,0.075,S6_REVERSAL
2026-08-01 20:00:00+00:00,ETH,SELL,1.8685880478860781,0.0018685880478860782,0.075,S6_REVERSAL
2026-08-01 20:00:00+00:00,SOL,SELL,16.130699189984625,0.016130699189984627,0.075,S6_REVERSAL
2026-08-01 21:00:00+00:00,BTC,SELL,10.716072550926583,0.010716072550926584,0.075,S6_REVERSAL
2026-08-01 21:00:00+00:00,SOL,SELL,24.770578502727403,0.024770578502727403,0.075,S6_REVERSAL
2026-08-01 22:00:00+00:00,BTC,SELL,10.801795065894112,0.010801795065894113,0.075,S6_REVERSAL
2026-08-01 22:00:00+00:00,ETH,SELL,22.223890313265656,0.022223890313265656,0.075,S6_REVERSAL
2026-08-01 22:00:00+00:00,SOL,SELL,22.814695099882556,0.022814695099882557,0.075,S6_REVERSAL
2026-08-01 23:00:00+00:00,BTC,SELL,1.0806724110925643,0.0010806724110925643,0.075,S6_REVERSAL
2026-08-01 23:00:00+00:00,ETH,SELL,4.523789841558937,0.004523789841558937,0.075,S6_REVERSAL
2026-08-01 23:00:00+00:00,SOL,SELL,3.774689096172551,0.003774689096172551,0.075,S6_REVERSAL
2026-08-02 00:00:00+00:00,ETH,BUY,8.061817625171898,0.008061817625171898,0.075,S6_REVERSAL
2026-08-02 00:00:00+00:00,SOL,SELL,4.156957327790224,0.004156957327790224,0.075,S6_REVERSAL
2026-08-02 01:00:00+00:00,ETH,SELL,4.661031655439729,0.004661031655439729,0.075,S6_REVERSAL
2026-08-02 01:00:00+00:00,SOL,SELL,13.269814595440039,0.013269814595440039,0.075,S6_REVERSAL
2026-08-02 02:00:00+00:00,BTC,SELL,7.048310166034753,0.007048310166034753,0.075,S6_REVERSAL
2026-08-02 02:00:00+00:00,ETH,SELL,30.06512909718458,0.030065129097184583,0.075,S6_REVERSAL
2026-08-02 02:00:00+00:00,SOL,SELL,42.55042133362895,0.04255042133362895,0.075,S6_REVERSAL
2026-08-02 03:00:00+00:00,BTC,SELL,37.584216395030126,0.03758421639503012,0.075,S6_REVERSAL
2026-08-02 03:00:00+00:00,ETH,SELL,59.188612226375874,0.05918861222637588,0.075,S6_REVERSAL
2026-08-02 03:00:00+00:00,SOL,SELL,33.70981664259398,0.03370981664259398,0.075,S6_REVERSAL
2026-08-02 04:00:00+00:00,ETH,SELL,1.376236164974216,0.001376236164974216,0.075,S6_REVERSAL
2026-08-02 04:00:00+00:00,SOL,SELL,4.045751284338621,0.004045751284338621,0.075,S6_REVERSAL
2026-08-02 05:00:00+00:00,BTC,SELL,9.762732842830701,0.0097627328428307,0.075,S6_REVERSAL
2026-08-02 05:00:00+00:00,ETH,SELL,9.15820524233277,0.00915820524233277,0.075,S6_REVERSAL
2026-08-02 05:00:00+00:00,SOL,SELL,26.942735142094534,0.026942735142094536,0.075,S6_REVERSAL
2026-08-02 06:00:00+00:00,BTC,BUY,12.448608841622445,0.012448608841622445,0.075,S6_REVERSAL
2026-08-02 06:00:00+00:00,ETH,BUY,15.480434821260133,0.015480434821260132,0.075,S6_REVERSAL
2026-08-02 06:00:00+00:00,SOL,SELL,6.652300589498736,0.006652300589498736,0.075,S6_REVERSAL
2026-08-02 07:00:00+00:00,BTC,SELL,3.4415235806109195,0.0034415235806109197,0.075,S6_REVERSAL
2026-08-02 07:00:00+00:00,ETH,SELL,4.721547724271659,0.004721547724271659,0.075,S6_REVERSAL
2026-08-02 07:00:00+00:00,SOL,BUY,11.584713695990104,0.011584713695990104,0.075,S6_REVERSAL
2026-08-02 08:00:00+00:00,BTC,SELL,6749.365265496753,6.749365265496753,0.0,CASH
2026-08-02 08:00:00+00:00,ETH,BUY,4.974220930214869,0.004974220930214869,0.075,S6_REVERSAL
2026-08-02 08:00:00+00:00,SOL,SELL,6746.8422070282695,6.74684220702827,0.0,CASH
2026-08-02 09:00:00+00:00,ETH,SELL,6718.1967176336175,6.718196717633617,0.0,CASH
2026-08-03 08:00:00+00:00,BTC,BUY,6742.9920236743355,6.7429920236743355,0.075,S6_REVERSAL
2026-08-03 09:00:00+00:00,BTC,BUY,7.422697531136691,0.007422697531136692,0.075,S6_REVERSAL
2026-08-03 09:00:00+00:00,ETH,BUY,6741.843454250972,6.741843454250972,0.075,S6_REVERSAL
2026-08-03 09:00:00+00:00,SOL,BUY,6741.843454250972,6.741843454250972,0.075,S6_REVERSAL
2026-08-03 10:00:00+00:00,BTC,SELL,24.482435004789295,0.024482435004789294,0.075,S6_REVERSAL
2026-08-03 10:00:00+00:00,ETH,SELL,37.644952596550866,0.03764495259655087,0.075,S6_REVERSAL
2026-08-03 10:00:00+00:00,SOL,SELL,27.985065950108037,0.027985065950108037,0.075,S6_REVERSAL
2026-08-03 11:00:00+00:00,BTC,BUY,6752.519057234437,6.752519057234437,0.15,S3_TREND
2026-08-03 11:00:00+00:00,ETH,BUY,19.750382115735192,0.019750382115735193,0.075,S6_REVERSAL
2026-08-03 11:00:00+00:00,SOL,BUY,9.49574178524017,0.00949574178524017,0.075,S6_REVERSAL
2026-08-03 12:00:00+00:00,BTC,BUY,26.532755672325948,0.026532755672325947,0.15,S3_TREND
2026-08-03 12:00:00+00:00,ETH,BUY,16.936556658482004,0.016936556658482003,0.075,S6_REVERSAL
2026-08-03 12:00:00+00:00,SOL,BUY,8.56313181016958,0.00856313181016958,0.075,S6_REVERSAL
2026-08-03 13:00:00+00:00,BTC,SELL,23.832734763444023,0.023832734763444025,0.15,S3_TREND
2026-08-03 13:00:00+00:00,ETH,SELL,10.790444969384225,0.010790444969384225,0.075,S6_REVERSAL
2026-08-03 13:00:00+00:00,SOL,BUY,5.025997424382695,0.005025997424382695,0.075,S6_REVERSAL
2026-08-03 14:00:00+00:00,BTC,SELL,98.9455360345637,0.0989455360345637,0.15,S3_TREND
2026-08-03 14:00:00+00:00,ETH,SELL,36.10604332492858,0.03610604332492858,0.075,S6_REVERSAL
2026-08-03 14:00:00+00:00,SOL,SELL,56.72305508584395,0.05672305508584395,0.075,S6_REVERSAL
2026-08-03 15:00:00+00:00,BTC,SELL,96.53156297813075,0.09653156297813076,0.15,S3_TREND
2026-08-03 15:00:00+00:00,ETH,SELL,35.63985070106992,0.03563985070106992,0.075,S6_REVERSAL
2026-08-03 15:00:00+00:00,SOL,SELL,31.42101121335145,0.031421011213351446,0.075,S6_REVERSAL
2026-08-03 16:00:00+00:00,BTC,BUY,41.027718141282094,0.041027718141282095,0.15,S3_TREND
2026-08-03 16:00:00+00:00,ETH,BUY,29.46584074030943,0.029465840740309432,0.075,S6_REVERSAL
2026-08-03 16:00:00+00:00,SOL,BUY,7.272016078175511,0.007272016078175511,0.075,S6_REVERSAL
2026-08-03 17:00:00+00:00,BTC,SELL,15.943376231856746,0.015943376231856748,0.15,S3_TREND
2026-08-03 17:00:00+00:00,ETH,SELL,9.767252108495995,0.009767252108495996,0.075,S6_REVERSAL
2026-08-03 17:00:00+00:00,SOL,BUY,19.09821382782866,0.01909821382782866,0.075,S6_REVERSAL
2026-08-03 18:00:00+00:00,BTC,SELL,18.085695864980153,0.018085695864980152,0.15,S3_TREND
2026-08-03 18:00:00+00:00,ETH,SELL,4.831821956955537,0.0048318219569555365,0.075,S6_REVERSAL
2026-08-03 18:00:00+00:00,SOL,BUY,6756.626985264781,6.756626985264782,0.15,S3_TREND
2026-08-03 19:00:00+00:00,BTC,BUY,13.099970617815416,0.013099970617815416,0.15,S3_TREND
2026-08-03 19:00:00+00:00,ETH,BUY,2.4262908441360196,0.0024262908441360195,0.075,S6_REVERSAL
2026-08-03 19:00:00+00:00,SOL,SELL,45.849364293244435,0.04584936429324443,0.15,S3_TREND
2026-08-03 20:00:00+00:00,BTC,BUY,2.3093159324616863,0.0023093159324616866,0.15,S3_TREND
2026-08-03 20:00:00+00:00,ETH,SELL,3.5022295611524896,0.00350222956115249,0.075,S6_REVERSAL
2026-08-03 20:00:00+00:00,SOL,SELL,7.172451070666284,0.007172451070666284,0.15,S3_TREND
2026-08-03 21:00:00+00:00,BTC,BUY,11.34065485100109,0.011340654851001091,0.15,S3_TREND
2026-08-03 21:00:00+00:00,SOL,BUY,24.367714249443452,0.024367714249443454,0.15,S3_TREND
2026-08-03 22:00:00+00:00,BTC,BUY,26.6911763306598,0.026691176330659802,0.15,S3_TREND
2026-08-03 22:00:00+00:00,ETH,BUY,6784.200372580072,6.784200372580073,0.15,S3_TREND
2026-08-03 22:00:00+00:00,SOL,BUY,13.008436949412499,0.013008436949412498,0.15,S3_TREND
2026-08-03 23:00:00+00:00,BTC,SELL,14.25018755189194,0.014250187551891941,0.15,S3_TREND
2026-08-03 23:00:00+00:00,ETH,BUY,15.008173650501703,0.015008173650501704,0.15,S3_TREND
2026-08-03 23:00:00+00:00,SOL,BUY,22.914749349038175,0.022914749349038175,0.15,S3_TREND
2026-08-04 00:00:00+00:00,BTC,BUY,18.38658421425498,0.018386584214254983,0.15,S3_TREND
2026-08-04 00:00:00+00:00,ETH,SELL,3.2633725364157726,0.0032633725364157725,0.15,S3_TREND
2026-08-04 00:00:00+00:00,SOL,SELL,6.143757523046588,0.006143757523046588,0.15,S3_TREND
2026-08-04 01:00:00+00:00,BTC,BUY,5.323896875910577,0.005323896875910577,0.15,S3_TREND
2026-08-04 01:00:00+00:00,ETH,BUY,38.57648369812887,0.03857648369812887,0.15,S3_TREND
2026-08-04 01:00:00+00:00,SOL,BUY,59.960665187574705,0.05996066518757471,0.15,S3_TREND
2026-08-04 02:00:00+00:00,BTC,SELL,51.03448116830805,0.05103448116830805,0.15,S3_TREND
2026-08-04 02:00:00+00:00,ETH,SELL,66.66091387504821,0.06666091387504822,0.15,S3_TREND
2026-08-04 02:00:00+00:00,SOL,SELL,74.97153416808942,0.07497153416808942,0.15,S3_TREND
2026-08-04 03:00:00+00:00,BTC,BUY,5.998895570926834,0.005998895570926834,0.15,S3_TREND
2026-08-04 03:00:00+00:00,ETH,BUY,11.260671441408704,0.011260671441408705,0.15,S3_TREND
2026-08-04 03:00:00+00:00,SOL,SELL,19.621013934103757,0.01962101393410376,0.15,S3_TREND
2026-08-04 04:00:00+00:00,BTC,SELL,3.0548187647127634,0.0030548187647127635,0.15,S3_TREND
2026-08-04 04:00:00+00:00,ETH,BUY,6.488994271003321,0.006488994271003321,0.15,S3_TREND
2026-08-04 04:00:00+00:00,SOL,BUY,25.206140948192115,0.025206140948192114,0.15,S3_TREND
2026-08-04 05:00:00+00:00,BTC,SELL,33.612299911465016,0.03361229991146502,0.15,S3_TREND
2026-08-04 05:00:00+00:00,ETH,SELL,12.600244792998637,0.012600244792998637,0.15,S3_TREND
2026-08-04 05:00:00+00:00,SOL,SELL,8.881314532642136,0.008881314532642137,0.15,S3_TREND
2026-08-04 06:00:00+00:00,BTC,BUY,31.52090674707324,0.03152090674707324,0.15,S3_TREND
2026-08-04 06:00:00+00:00,ETH,BUY,12.916387874238353,0.012916387874238353,0.15,S3_TREND
2026-08-04 06:00:00+00:00,SOL,BUY,3.4565645789589325,0.0034565645789589325,0.15,S3_TREND
2026-08-04 07:00:00+00:00,BTC,BUY,9.834870347072865,0.009834870347072866,0.15,S3_TREND
2026-08-04 07:00:00+00:00,ETH,BUY,32.52834632518898,0.03252834632518898,0.15,S3_TREND
2026-08-04 07:00:00+00:00,SOL,BUY,37.11266065118798,0.037112660651187984,0.15,S3_TREND
2026-08-04 08:00:00+00:00,BTC,BUY,11.895268328269594,0.011895268328269594,0.15,S3_TREND
2026-08-04 08:00:00+00:00,ETH,SELL,35.17584173979594,0.035175841739795946,0.15,S3_TREND
2026-08-04 08:00:00+00:00,SOL,SELL,32.66971353239023,0.03266971353239023,0.15,S3_TREND
2026-08-04 09:00:00+00:00,BTC,BUY,1.8274246514938568,0.001827424651493857,0.15,S3_TREND
2026-08-04 09:00:00+00:00,ETH,BUY,24.862945314584067,0.024862945314584068,0.15,S3_TREND
2026-08-04 09:00:00+00:00,SOL,BUY,41.924174649158886,0.04192417464915889,0.15,S3_TREND
2026-08-04 10:00:00+00:00,BTC,SELL,3.4192079105032462,0.003419207910503246,0.15,S3_TREND
2026-08-04 10:00:00+00:00,ETH,SELL,6.336919492410743,0.006336919492410743,0.15,S3_TREND
2026-08-04 10:00:00+00:00,SOL,BUY,10.76840928213278,0.01076840928213278,0.15,S3_TREND
2026-08-04 11:00:00+00:00,BTC,SELL,11.394342665320437,0.011394342665320438,0.15,S3_TREND
2026-08-04 11:00:00+00:00,ETH,SELL,6810.848167197799,6.810848167197799,0.075,S6_REVERSAL
2026-08-04 11:00:00+00:00,SOL,SELL,34.52264857784394,0.03452264857784394,0.15,S3_TREND
2026-08-04 12:00:00+00:00,BTC,SELL,17.39511549821873,0.01739511549821873,0.15,S3_TREND
2026-08-04 12:00:00+00:00,ETH,BUY,6769.084729966141,6.769084729966141,0.15,S3_TREND
2026-08-04 12:00:00+00:00,SOL,SELL,47.39743132400872,0.04739743132400872,0.15,S3_TREND
2026-08-04 13:00:00+00:00,BTC,BUY,1.0788187855559954,0.0010788187855559955,0.15,S3_TREND
2026-08-04 13:00:00+00:00,ETH,SELL,19.228481755424582,0.019228481755424583,0.15,S3_TREND
2026-08-04 13:00:00+00:00,SOL,BUY,22.60140565178881,0.02260140565178881,0.15,S3_TREND
2026-08-04 14:00:00+00:00,BTC,BUY,21.2770719066757,0.0212770719066757,0.15,S3_TREND
2026-08-04 14:00:00+00:00,ETH,BUY,68.45020972478233,0.06845020972478233,0.15,S3_TREND
2026-08-04 14:00:00+00:00,SOL,BUY,5.304582013030085,0.005304582013030085,0.15,S3_TREND
2026-08-04 15:00:00+00:00,BTC,SELL,63.178001006492195,0.0631780010064922,0.15,S3_TREND
2026-08-04 15:00:00+00:00,ETH,SELL,48.31336863638535,0.04831336863638535,0.15,S3_TREND
2026-08-04 15:00:00+00:00,SOL,SELL,3.568343719112818,0.0035683437191128178,0.15,S3_TREND
2026-08-04 16:00:00+00:00,BTC,BUY,5.103562154530664,0.005103562154530664,0.15,S3_TREND
2026-08-04 16:00:00+00:00,ETH,BUY,3.9095051407293795,0.003909505140729379,0.15,S3_TREND
2026-08-04 16:00:00+00:00,SOL,SELL,25.056467020476703,0.025056467020476703,0.15,S3_TREND
2026-08-04 17:00:00+00:00,BTC,BUY,20.493715301676275,0.020493715301676277,0.15,S3_TREND
2026-08-04 17:00:00+00:00,ETH,BUY,8.188876673659252,0.008188876673659251,0.15,S3_TREND
2026-08-04 17:00:00+00:00,SOL,BUY,31.315463681945403,0.031315463681945405,0.15,S3_TREND
2026-08-04 18:00:00+00:00,BTC,SELL,2.8794346984504955,0.0028794346984504955,0.15,S3_TREND
2026-08-04 18:00:00+00:00,ETH,BUY,2.690776841396655,0.0026907768413966552,0.15,S3_TREND
2026-08-04 18:00:00+00:00,SOL,SELL,5.75024552125069,0.00575024552125069,0.15,S3_TREND
2026-08-04 19:00:00+00:00,BTC,SELL,43.139843911067146,0.04313984391106715,0.15,S3_TREND
2026-08-04 19:00:00+00:00,ETH,SELL,14.077732665189615,0.014077732665189614,0.15,S3_TREND
2026-08-04 19:00:00+00:00,SOL,SELL,44.051331879329155,0.04405133187932916,0.15,S3_TREND
2026-08-04 20:00:00+00:00,BTC,BUY,13.818996285370304,0.013818996285370304,0.15,S3_TREND
2026-08-04 20:00:00+00:00,ETH,SELL,1.3078487018738087,0.0013078487018738088,0.15,S3_TREND
2026-08-04 20:00:00+00:00,SOL,SELL,7.020183411923426,0.007020183411923426,0.15,S3_TREND
2026-08-04 21:00:00+00:00,BTC,SELL,15.64458329304398,0.015644583293043978,0.15,S3_TREND
2026-08-04 21:00:00+00:00,ETH,SELL,6797.601676661954,6.797601676661954,0.075,S6_REVERSAL
2026-08-04 21:00:00+00:00,SOL,SELL,7.527756730269175,0.007527756730269175,0.15,S3_TREND
2026-08-04 22:00:00+00:00,BTC,BUY,19.449516226935884,0.019449516226935883,0.15,S3_TREND
2026-08-04 22:00:00+00:00,ETH,BUY,9.877268579340125,0.009877268579340126,0.075,S6_REVERSAL
2026-08-04 22:00:00+00:00,SOL,BUY,12.186210003550514,0.012186210003550513,0.15,S3_TREND
2026-08-04 23:00:00+00:00,BTC,SELL,13.076186595406398,0.013076186595406398,0.15,S3_TREND
2026-08-04 23:00:00+00:00,ETH,SELL,10.472068205511277,0.010472068205511277,0.075,S6_REVERSAL
2026-08-04 23:00:00+00:00,SOL,BUY,10.45730543719219,0.01045730543719219,0.15,S3_TREND
2026-08-05 00:00:00+00:00,BTC,BUY,16.91255914143585,0.01691255914143585,0.15,S3_TREND
2026-08-05 00:00:00+00:00,ETH,BUY,12.48159578808827,0.012481595788088272,0.075,S6_REVERSAL
2026-08-05 00:00:00+00:00,SOL,BUY,44.55763689050036,0.044557636890500366,0.15,S3_TREND
2026-08-05 01:00:00+00:00,BTC,BUY,10.981521867573974,0.010981521867573974,0.15,S3_TREND
2026-08-05 01:00:00+00:00,ETH,BUY,13.986474393610479,0.01398647439361048,0.075,S6_REVERSAL
2026-08-05 01:00:00+00:00,SOL,BUY,33.708913408883745,0.033708913408883746,0.15,S3_TREND
2026-08-05 02:00:00+00:00,BTC,SELL,39.9706684379762,0.039970668437976205,0.15,S3_TREND
2026-08-05 02:00:00+00:00,ETH,SELL,17.643095401639584,0.017643095401639584,0.075,S6_REVERSAL
2026-08-05 02:00:00+00:00,SOL,SELL,81.03023378340731,0.08103023378340732,0.15,S3_TREND
2026-08-05 03:00:00+00:00,BTC,SELL,3.11472644704736,0.00311472644704736,0.15,S3_TREND
2026-08-05 03:00:00+00:00,ETH,SELL,1.9840591845704694,0.0019840591845704694,0.075,S6_REVERSAL
2026-08-05 03:00:00+00:00,SOL,SELL,12.340130904087346,0.012340130904087346,0.15,S3_TREND
2026-08-05 04:00:00+00:00,BTC,BUY,17.99063515049056,0.017990635150490562,0.15,S3_TREND
2026-08-05 04:00:00+00:00,ETH,BUY,13.89700116732638,0.01389700116732638,0.075,S6_REVERSAL
2026-08-05 04:00:00+00:00,SOL,BUY,55.83590673686376,0.05583590673686376,0.15,S3_TREND
2026-08-05 05:00:00+00:00,BTC,BUY,1.0327595442686288,0.001032759544268629,0.15,S3_TREND
2026-08-05 06:00:00+00:00,BTC,SELL,14.800954434118466,0.014800954434118467,0.15,S3_TREND
2026-08-05 06:00:00+00:00,ETH,SELL,12.021713726485359,0.01202171372648536,0.075,S6_REVERSAL
2026-08-05 06:00:00+00:00,SOL,SELL,46.91506648518953,0.046915066485189526,0.15,S3_TREND
2026-08-05 07:00:00+00:00,BTC,BUY,8.612125430898232,0.008612125430898232,0.15,S3_TREND
2026-08-05 07:00:00+00:00,ETH,BUY,9.126371437080707,0.009126371437080706,0.075,S6_REVERSAL
2026-08-05 07:00:00+00:00,SOL,BUY,14.281912866388666,0.014281912866388666,0.15,S3_TREND
2026-08-05 08:00:00+00:00,BTC,BUY,16.246797324400177,0.016246797324400177,0.15,S3_TREND
2026-08-05 08:00:00+00:00,ETH,SELL,9.762015724779303,0.009762015724779303,0.075,S6_REVERSAL
2026-08-05 08:00:00+00:00,SOL,BUY,4.654721616447205,0.004654721616447205,0.15,S3_TREND
2026-08-05 09:00:00+00:00,BTC,BUY,9.311159843020505,0.009311159843020505,0.15,S3_TREND
2026-08-05 09:00:00+00:00,ETH,BUY,6794.375082324093,6.794375082324093,0.15,S3_TREND
2026-08-05 09:00:00+00:00,SOL,SELL,18.170674329421672,0.018170674329421672,0.15,S3_TREND
2026-08-05 10:00:00+00:00,BTC,SELL,6.986332184556886,0.006986332184556887,0.15,S3_TREND
2026-08-05 10:00:00+00:00,ETH,SELL,13.889853623630188,0.013889853623630188,0.15,S3_TREND
2026-08-05 10:00:00+00:00,SOL,BUY,13.088456803725421,0.013088456803725421,0.15,S3_TREND
2026-08-05 11:00:00+00:00,BTC,BUY,8.349851970020609,0.008349851970020609,0.15,S3_TREND
2026-08-05 11:00:00+00:00,ETH,BUY,14.957908712271092,0.014957908712271092,0.15,S3_TREND
2026-08-05 11:00:00+00:00,SOL,BUY,18.05315369561322,0.01805315369561322,0.15,S3_TREND
2026-08-05 12:00:00+00:00,BTC,SELL,3.9047617640517274,0.0039047617640517274,0.15,S3_TREND
2026-08-05 12:00:00+00:00,ETH,SELL,5.497372681911656,0.005497372681911657,0.15,S3_TREND
2026-08-05 12:00:00+00:00,SOL,BUY,13.548721904433478,0.013548721904433477,0.15,S3_TREND
2026-08-05 13:00:00+00:00,BTC,SELL,29.725273086667585,0.029725273086667586,0.15,S3_TREND
2026-08-05 13:00:00+00:00,ETH,SELL,28.561164926686615,0.028561164926686616,0.15,S3_TREND
2026-08-05 13:00:00+00:00,SOL,SELL,32.288213989846554,0.032288213989846555,0.15,S3_TREND
2026-08-05 14:00:00+00:00,BTC,SELL,14.422570050703143,0.014422570050703144,0.15,S3_TREND
2026-08-05 14:00:00+00:00,ETH,SELL,14.830117451345359,0.014830117451345359,0.15,S3_TREND
2026-08-05 14:00:00+00:00,SOL,BUY,23.539508651258075,0.023539508651258076,0.15,S3_TREND
2026-08-05 15:00:00+00:00,BTC,SELL,15.127385674544712,0.015127385674544712,0.15,S3_TREND
2026-08-05 15:00:00+00:00,ETH,BUY,18.32521875448947,0.01832521875448947,0.15,S3_TREND
2026-08-05 16:00:00+00:00,BTC,BUY,13.675063773667716,0.013675063773667716,0.15,S3_TREND
2026-08-05 16:00:00+00:00,ETH,BUY,9.390198287452222,0.009390198287452222,0.15,S3_TREND
2026-08-05 16:00:00+00:00,SOL,SELL,5.646287130351993,0.005646287130351994,0.15,S3_TREND
2026-08-05 17:00:00+00:00,BTC,SELL,16.510362570808866,0.016510362570808866,0.15,S3_TREND
2026-08-05 17:00:00+00:00,ETH,SELL,115.5550959762968,0.1155550959762968,0.15,S3_TREND
2026-08-05 17:00:00+00:00,SOL,SELL,19.317972916463987,0.019317972916463987,0.15,S3_TREND
2026-08-05 18:00:00+00:00,BTC,BUY,10.915309202800927,0.010915309202800927,0.15,S3_TREND
2026-08-05 18:00:00+00:00,ETH,SELL,118.68280499635148,0.11868280499635148,0.15,S3_TREND
2026-08-05 18:00:00+00:00,SOL,SELL,15.839154006464014,0.015839154006464014,0.15,S3_TREND
2026-08-05 19:00:00+00:00,BTC,SELL,4.671779916905507,0.004671779916905507,0.15,S3_TREND
2026-08-05 19:00:00+00:00,ETH,SELL,7.798292543648131,0.007798292543648131,0.15,S3_TREND
2026-08-05 19:00:00+00:00,SOL,BUY,6.958180249239376,0.006958180249239376,0.15,S3_TREND
2026-08-05 20:00:00+00:00,BTC,SELL,10.127859212172552,0.010127859212172553,0.15,S3_TREND
2026-08-05 20:00:00+00:00,ETH,BUY,5.883398526897508,0.005883398526897509,0.15,S3_TREND
2026-08-05 20:00:00+00:00,SOL,BUY,9.5441393749079,0.0095441393749079,0.15,S3_TREND
2026-08-05 21:00:00+00:00,ETH,SELL,3.7882292555132158,0.0037882292555132158,0.15,S3_TREND
2026-08-05 21:00:00+00:00,SOL,BUY,15.119143237636308,0.015119143237636308,0.15,S3_TREND
2026-08-05 22:00:00+00:00,ETH,BUY,41.09818330110102,0.041098183301101016,0.15,S3_TREND
2026-08-05 22:00:00+00:00,SOL,BUY,25.69206396094887,0.025692063960948874,0.15,S3_TREND
2026-08-05 23:00:00+00:00,BTC,BUY,13.011094785701061,0.013011094785701062,0.15,S3_TREND
2026-08-05 23:00:00+00:00,ETH,BUY,5.146936985125649,0.005146936985125649,0.15,S3_TREND
2026-08-05 23:00:00+00:00,SOL,BUY,13.646068858935905,0.013646068858935906,0.15,S3_TREND
2026-08-06 00:00:00+00:00,BTC,SELL,2.2077085525961593,0.0022077085525961594,0.15,S3_TREND
2026-08-06 00:00:00+00:00,ETH,SELL,10.7639170272505,0.0107639170272505,0.15,S3_TREND
2026-08-06 00:00:00+00:00,SOL,SELL,1.5668972180301353,0.0015668972180301352,0.15,S3_TREND
2026-08-06 01:00:00+00:00,BTC,BUY,6.06255732579848,0.00606255732579848,0.15,S3_TREND
2026-08-06 01:00:00+00:00,ETH,SELL,8.859211295213754,0.008859211295213755,0.15,S3_TREND
2026-08-06 01:00:00+00:00,SOL,SELL,3.7430496721863165,0.0037430496721863166,0.15,S3_TREND
2026-08-06 02:00:00+00:00,BTC,SELL,1.408169821192132,0.001408169821192132,0.15,S3_TREND
2026-08-06 02:00:00+00:00,ETH,BUY,11.034961130255397,0.011034961130255396,0.15,S3_TREND
2026-08-06 02:00:00+00:00,SOL,BUY,45.65140375960618,0.045651403759606184,0.15,S3_TREND
2026-08-06 03:00:00+00:00,BTC,SELL,13.485453854007574,0.013485453854007574,0.15,S3_TREND
2026-08-06 03:00:00+00:00,ETH,BUY,40.13661478719041,0.04013661478719041,0.15,S3_TREND
2026-08-06 03:00:00+00:00,SOL,BUY,23.29404713137228,0.023294047131372283,0.15,S3_TREND
2026-08-06 04:00:00+00:00,BTC,BUY,7.0716799905058,0.0070716799905058,0.15,S3_TREND
2026-08-06 04:00:00+00:00,ETH,SELL,1.8908957860039666,0.0018908957860039666,0.15,S3_TREND
2026-08-06 04:00:00+00:00,SOL,BUY,6.140158570400672,0.006140158570400672,0.15,S3_TREND
2026-08-06 05:00:00+00:00,BTC,SELL,16.627083410214254,0.016627083410214256,0.15,S3_TREND
2026-08-06 05:00:00+00:00,ETH,SELL,35.73236249451111,0.03573236249451111,0.15,S3_TREND
2026-08-06 05:00:00+00:00,SOL,SELL,44.03604661501413,0.04403604661501413,0.15,S3_TREND
2026-08-06 06:00:00+00:00,BTC,SELL,13.4086971981651,0.013408697198165101,0.15,S3_TREND
2026-08-06 06:00:00+00:00,ETH,SELL,24.397795521952503,0.024397795521952502,0.15,S3_TREND
2026-08-06 06:00:00+00:00,SOL,SELL,46.99396938332574,0.04699396938332574,0.15,S3_TREND
2026-08-06 07:00:00+00:00,BTC,BUY,2.6184445380513353,0.0026184445380513354,0.15,S3_TREND
2026-08-06 07:00:00+00:00,ETH,SELL,2.6479110881609813,0.0026479110881609813,0.15,S3_TREND
2026-08-06 07:00:00+00:00,SOL,BUY,27.431009755457126,0.027431009755457127,0.15,S3_TREND
2026-08-06 08:00:00+00:00,ETH,BUY,19.455812552692805,0.019455812552692804,0.15,S3_TREND
2026-08-06 08:00:00+00:00,SOL,BUY,23.51550379029686,0.023515503790296863,0.15,S3_TREND
2026-08-06 09:00:00+00:00,BTC,SELL,13.542582229261825,0.013542582229261826,0.15,S3_TREND
2026-08-06 09:00:00+00:00,ETH,SELL,34.28529127949878,0.03428529127949878,0.15,S3_TREND
2026-08-06 09:00:00+00:00,SOL,SELL,8.80087721176642,0.008800877211766419,0.15,S3_TREND
2026-08-06 10:00:00+00:00,BTC,BUY,17.324472182905083,0.017324472182905084,0.15,S3_TREND
2026-08-06 10:00:00+00:00,ETH,BUY,24.202627331291296,0.024202627331291297,0.15,S3_TREND
2026-08-06 10:00:00+00:00,SOL,BUY,93.95672602399645,0.09395672602399645,0.15,S3_TREND
2026-08-06 11:00:00+00:00,BTC,BUY,7.480706111964537,0.007480706111964537,0.15,S3_TREND
2026-08-06 11:00:00+00:00,ETH,BUY,29.48238878837401,0.02948238878837401,0.15,S3_TREND
2026-08-06 11:00:00+00:00,SOL,SELL,12.326428811928054,0.012326428811928055,0.15,S3_TREND
2026-08-06 12:00:00+00:00,BTC,BUY,8.346341844498966,0.008346341844498966,0.15,S3_TREND
2026-08-06 12:00:00+00:00,ETH,SELL,27.395342435196653,0.027395342435196653,0.15,S3_TREND
2026-08-06 12:00:00+00:00,SOL,SELL,16.33489606700641,0.016334896067006412,0.15,S3_TREND
2026-08-06 13:00:00+00:00,BTC,BUY,17.559121134267116,0.017559121134267115,0.15,S3_TREND
2026-08-06 13:00:00+00:00,ETH,BUY,37.69738935458736,0.03769738935458736,0.15,S3_TREND
2026-08-06 13:00:00+00:00,SOL,BUY,33.27929430734912,0.03327929430734912,0.15,S3_TREND
2026-08-06 14:00:00+00:00,BTC,BUY,10.209149965143297,0.010209149965143298,0.15,S3_TREND
2026-08-06 14:00:00+00:00,ETH,SELL,47.35065072073303,0.04735065072073303,0.15,S3_TREND
2026-08-06 14:00:00+00:00,SOL,SELL,8.113672759867768,0.008113672759867768,0.15,S3_TREND
2026-08-06 15:00:00+00:00,BTC,SELL,47.780804139321845,0.04778080413932185,0.15,S3_TREND
2026-08-06 15:00:00+00:00,ETH,SELL,29.147788820466303,0.029147788820466303,0.15,S3_TREND
2026-08-06 15:00:00+00:00,SOL,SELL,14.158870379482323,0.014158870379482323,0.15,S3_TREND
2026-08-06 16:00:00+00:00,BTC,BUY,17.060598232792472,0.017060598232792473,0.15,S3_TREND
2026-08-06 16:00:00+00:00,ETH,BUY,16.989518336033143,0.016989518336033144,0.15,S3_TREND
2026-08-06 16:00:00+00:00,SOL,BUY,15.99655935357805,0.01599655935357805,0.15,S3_TREND
2026-08-06 17:00:00+00:00,BTC,SELL,13.53451183568177,0.01353451183568177,0.15,S3_TREND
2026-08-06 17:00:00+00:00,ETH,SELL,23.162036300971522,0.023162036300971522,0.15,S3_TREND
2026-08-06 17:00:00+00:00,SOL,SELL,11.11089823454131,0.01111089823454131,0.15,S3_TREND
2026-08-06 18:00:00+00:00,BTC,BUY,15.599860181879194,0.015599860181879194,0.15,S3_TREND
2026-08-06 18:00:00+00:00,SOL,BUY,33.29798083626156,0.03329798083626156,0.15,S3_TREND
2026-08-06 19:00:00+00:00,BTC,BUY,17.656688872702944,0.017656688872702945,0.15,S3_TREND
2026-08-06 19:00:00+00:00,ETH,BUY,31.683892423156067,0.03168389242315607,0.15,S3_TREND
2026-08-06 19:00:00+00:00,SOL,BUY,41.805271241497394,0.041805271241497396,0.15,S3_TREND
2026-08-06 20:00:00+00:00,BTC,SELL,1.103247171437033,0.001103247171437033,0.15,S3_TREND
2026-08-06 20:00:00+00:00,ETH,SELL,24.664356777237117,0.024664356777237117,0.15,S3_TREND
2026-08-06 20:00:00+00:00,SOL,BUY,8.433385534563058,0.008433385534563059,0.15,S3_TREND
2026-08-06 21:00:00+00:00,ETH,BUY,18.57494260868407,0.01857494260868407,0.15,S3_TREND
2026-08-06 21:00:00+00:00,SOL,SELL,9.666957881197959,0.009666957881197959,0.15,S3_TREND
2026-08-06 22:00:00+00:00,BTC,SELL,1.7112018528550834,0.0017112018528550835,0.15,S3_TREND
2026-08-06 22:00:00+00:00,ETH,BUY,5.576870690892974,0.005576870690892974,0.15,S3_TREND
2026-08-06 22:00:00+00:00,SOL,SELL,2.4868513595538393,0.0024868513595538394,0.15,S3_TREND
2026-08-06 23:00:00+00:00,BTC,BUY,9.848911608958588,0.009848911608958589,0.15,S3_TREND
2026-08-06 23:00:00+00:00,ETH,SELL,1.558786140234588,0.001558786140234588,0.15,S3_TREND
2026-08-06 23:00:00+00:00,SOL,SELL,6764.58398488406,6.76458398488406,0.075,S6_REVERSAL
2026-08-07 00:00:00+00:00,BTC,BUY,3.0437028696796915,0.0030437028696796917,0.15,S3_TREND
2026-08-07 00:00:00+00:00,ETH,BUY,5.287656358734239,0.005287656358734239,0.15,S3_TREND
2026-08-07 00:00:00+00:00,SOL,SELL,3.2867150997972203,0.0032867150997972203,0.075,S6_REVERSAL
2026-08-07 01:00:00+00:00,SOL,BUY,4.116248871691823,0.004116248871691823,0.075,S6_REVERSAL
2026-08-07 02:00:00+00:00,BTC,SELL,17.980115873773684,0.017980115873773683,0.15,S3_TREND
2026-08-07 02:00:00+00:00,ETH,BUY,8.175022665715005,0.008175022665715004,0.15,S3_TREND
2026-08-07 02:00:00+00:00,SOL,SELL,6.406468017427869,0.006406468017427869,0.075,S6_REVERSAL
2026-08-07 03:00:00+00:00,BTC,BUY,2.9499161133135203,0.0029499161133135204,0.15,S3_TREND
2026-08-07 03:00:00+00:00,ETH,BUY,2.739548791332709,0.0027395487913327086,0.15,S3_TREND
2026-08-07 03:00:00+00:00,SOL,BUY,1.8869788363599582,0.0018869788363599582,0.075,S6_REVERSAL
2026-08-07 04:00:00+00:00,BTC,BUY,12.908305686398307,0.012908305686398308,0.15,S3_TREND
2026-08-07 04:00:00+00:00,ETH,BUY,27.487679062604002,0.027487679062604003,0.15,S3_TREND
2026-08-07 04:00:00+00:00,SOL,BUY,2.3397090192238466,0.0023397090192238466,0.075,S6_REVERSAL
2026-08-07 05:00:00+00:00,BTC,BUY,6.815552379581277,0.006815552379581277,0.15,S3_TREND
2026-08-07 05:00:00+00:00,SOL,SELL,4.004949606479386,0.004004949606479386,0.075,S6_REVERSAL
2026-08-07 06:00:00+00:00,BTC,SELL,7.336822481267518,0.007336822481267518,0.15,S3_TREND
2026-08-07 06:00:00+00:00,ETH,SELL,20.45845882827416,0.02045845882827416,0.15,S3_TREND
2026-08-07 06:00:00+00:00,SOL,SELL,13.756008156811731,0.013756008156811732,0.075,S6_REVERSAL
2026-08-07 07:00:00+00:00,BTC,BUY,8.52691849412804,0.00852691849412804,0.15,S3_TREND
2026-08-07 07:00:00+00:00,ETH,SELL,19.34901702580646,0.01934901702580646,0.15,S3_TREND
2026-08-07 07:00:00+00:00,SOL,BUY,3.650137098567029,0.0036501370985670295,0.075,S6_REVERSAL
2026-08-07 08:00:00+00:00,BTC,SELL,4.049472354501631,0.004049472354501631,0.15,S3_TREND
2026-08-07 08:00:00+00:00,ETH,BUY,14.882045879614452,0.014882045879614452,0.15,S3_TREND
2026-08-07 08:00:00+00:00,SOL,SELL,7.821132653776658,0.007821132653776658,0.075,S6_REVERSAL
2026-08-07 09:00:00+00:00,BTC,SELL,37.560625367936154,0.037560625367936154,0.15,S3_TREND
2026-08-07 09:00:00+00:00,ETH,SELL,38.016469769354444,0.038016469769354445,0.15,S3_TREND
2026-08-07 09:00:00+00:00,SOL,SELL,14.34725069889373,0.01434725069889373,0.075,S6_REVERSAL
2026-08-07 10:00:00+00:00,BTC,SELL,34.34360104232837,0.03434360104232837,0.15,S3_TREND
2026-08-07 10:00:00+00:00,SOL,SELL,6839.034730408934,6.839034730408934,0.0,CASH
2026-08-07 11:00:00+00:00,BTC,SELL,10.990965934619453,0.010990965934619453,0.15,S3_TREND
2026-08-07 11:00:00+00:00,ETH,BUY,1.2195756580240413,0.0012195756580240414,0.15,S3_TREND
2026-08-07 12:00:00+00:00,BTC,SELL,20.537489727483262,0.020537489727483264,0.15,S3_TREND
2026-08-07 12:00:00+00:00,ETH,SELL,16.775793793021876,0.016775793793021878,0.15,S3_TREND
2026-08-07 13:00:00+00:00,BTC,SELL,29.857902051147903,0.029857902051147904,0.15,S3_TREND
2026-08-07 13:00:00+00:00,ETH,SELL,87.2933428311735,0.0872933428311735,0.15,S3_TREND
2026-08-07 14:00:00+00:00,BTC,BUY,41.123462876377744,0.04112346287637775,0.15,S3_TREND
2026-08-07 14:00:00+00:00,ETH,BUY,42.98155688111001,0.04298155688111001,0.15,S3_TREND
2026-08-07 15:00:00+00:00,BTC,SELL,1.433822680173762,0.001433822680173762,0.15,S3_TREND
2026-08-07 15:00:00+00:00,ETH,BUY,58.18422589044894,0.05818422589044894,0.15,S3_TREND
2026-08-07 16:00:00+00:00,BTC,BUY,12.647785450095398,0.012647785450095398,0.15,S3_TREND
2026-08-07 16:00:00+00:00,ETH,SELL,27.442600875170683,0.027442600875170683,0.15,S3_TREND
2026-08-07 17:00:00+00:00,BTC,BUY,8.68121938072727,0.008681219380727271,0.15,S3_TREND
2026-08-07 17:00:00+00:00,ETH,BUY,47.41463748853312,0.04741463748853312,0.15,S3_TREND
2026-08-07 18:00:00+00:00,BTC,BUY,12.0116227083181,0.0120116227083181,0.15,S3_TREND
2026-08-07 18:00:00+00:00,ETH,SELL,19.443612700450103,0.019443612700450103,0.15,S3_TREND
2026-08-07 19:00:00+00:00,BTC,BUY,2.3874073762654007,0.0023874073762654006,0.15,S3_TREND
2026-08-07 19:00:00+00:00,ETH,BUY,14.693967249479101,0.014693967249479101,0.15,S3_TREND
2026-08-07 20:00:00+00:00,BTC,SELL,30.604393678950146,0.030604393678950147,0.15,S3_TREND
2026-08-07 20:00:00+00:00,ETH,SELL,47.23031447089488,0.04723031447089488,0.15,S3_TREND
2026-08-07 21:00:00+00:00,BTC,SELL,6.349931736589497,0.0063499317365894965,0.15,S3_TREND
2026-08-07 21:00:00+00:00,ETH,BUY,24.611180319107007,0.024611180319107008,0.15,S3_TREND
2026-08-07 22:00:00+00:00,BTC,BUY,9.677253183666835,0.009677253183666835,0.15,S3_TREND
2026-08-07 22:00:00+00:00,ETH,SELL,11.846577679089023,0.011846577679089023,0.15,S3_TREND
2026-08-07 23:00:00+00:00,BTC,BUY,5.309645926527082,0.0053096459265270825,0.15,S3_TREND
2026-08-07 23:00:00+00:00,ETH,BUY,9.066715435676088,0.009066715435676088,0.15,S3_TREND
2026-08-08 00:00:00+00:00,BTC,SELL,6.974194598595204,0.006974194598595204,0.15,S3_TREND
2026-08-08 00:00:00+00:00,ETH,BUY,5.034762127994327,0.005034762127994327,0.15,S3_TREND
2026-08-08 02:00:00+00:00,BTC,BUY,2.5321223411719984,0.0025321223411719986,0.15,S3_TREND
2026-08-08 02:00:00+00:00,ETH,SELL,3.202417304763003,0.003202417304763003,0.15,S3_TREND
2026-08-08 03:00:00+00:00,BTC,SELL,3.7516137992461154,0.0037516137992461155,0.15,S3_TREND
2026-08-08 03:00:00+00:00,ETH,BUY,9.329446552208537,0.009329446552208537,0.15,S3_TREND
2026-08-08 04:00:00+00:00,BTC,SELL,14.194740761480716,0.014194740761480716,0.15,S3_TREND
2026-08-08 04:00:00+00:00,ETH,SELL,26.275104749791353,0.026275104749791355,0.15,S3_TREND
2026-08-08 05:00:00+00:00,BTC,BUY,2.2908432329222705,0.0022908432329222708,0.15,S3_TREND
2026-08-08 05:00:00+00:00,ETH,BUY,5.96483872942008,0.00596483872942008,0.15,S3_TREND
2026-08-08 06:00:00+00:00,BTC,BUY,3.824848446087344,0.003824848446087344,0.15,S3_TREND
2026-08-08 06:00:00+00:00,ETH,SELL,3.8952117876906414,0.0038952117876906414,0.15,S3_TREND
2026-08-08 07:00:00+00:00,BTC,SELL,3.1723269240228547,0.003172326924022855,0.15,S3_TREND
2026-08-08 07:00:00+00:00,ETH,BUY,6.994183167171286,0.0069941831671712865,0.15,S3_TREND
2026-08-08 08:00:00+00:00,BTC,BUY,6.873618289220758,0.006873618289220758,0.15,S3_TREND
2026-08-08 08:00:00+00:00,ETH,BUY,6.62912274143855,0.006629122741438551,0.15,S3_TREND
2026-08-08 09:00:00+00:00,BTC,SELL,4.185391685743525,0.0041853916857435254,0.15,S3_TREND
2026-08-08 09:00:00+00:00,ETH,SELL,9.454117863640931,0.009454117863640931,0.15,S3_TREND
2026-08-08 10:00:00+00:00,BTC,BUY,2.1492512425083987,0.002149251242508399,0.15,S3_TREND
2026-08-08 10:00:00+00:00,ETH,SELL,12.61331086789869,0.01261331086789869,0.15,S3_TREND
2026-08-08 11:00:00+00:00,ETH,SELL,13.15676378930948,0.01315676378930948,0.15,S3_TREND
2026-08-08 12:00:00+00:00,BTC,BUY,6.981232634321714,0.006981232634321714,0.15,S3_TREND
2026-08-08 13:00:00+00:00,BTC,SELL,9.209377071545532,0.009209377071545533,0.15,S3_TREND
2026-08-08 13:00:00+00:00,ETH,BUY,12.012410054636348,0.012012410054636349,0.15,S3_TREND
2026-08-08 14:00:00+00:00,ETH,SELL,4.6125820552715595,0.0046125820552715595,0.15,S3_TREND
2026-08-08 15:00:00+00:00,BTC,SELL,16.627355126700422,0.01662735512670042,0.15,S3_TREND
2026-08-08 15:00:00+00:00,ETH,SELL,19.227474204335522,0.019227474204335522,0.15,S3_TREND
2026-08-08 16:00:00+00:00,BTC,BUY,7.345029368900214,0.007345029368900214,0.15,S3_TREND
2026-08-08 16:00:00+00:00,ETH,BUY,5.409286805192096,0.005409286805192096,0.15,S3_TREND
2026-08-08 17:00:00+00:00,BTC,SELL,1.1956525443620194,0.0011956525443620194,0.15,S3_TREND
2026-08-08 17:00:00+00:00,ETH,BUY,1.2597057520142698,0.00125970575201427,0.15,S3_TREND
2026-08-08 17:00:00+00:00,SOL,BUY,13631.051131942995,13.631051131942996,0.15,S3_TREND
2026-08-08 18:00:00+00:00,BTC,SELL,6.492798769968431,0.006492798769968431,0.15,S3_TREND
2026-08-08 18:00:00+00:00,ETH,SELL,9.376613962211195,0.009376613962211195,0.15,S3_TREND
2026-08-08 19:00:00+00:00,BTC,BUY,4.12476801287994,0.00412476801287994,0.15,S3_TREND
2026-08-08 19:00:00+00:00,ETH,BUY,7.699252454631278,0.007699252454631278,0.15,S3_TREND
2026-08-08 19:00:00+00:00,SOL,BUY,31.595142873460645,0.031595142873460644,0.15,S3_TREND
2026-08-08 20:00:00+00:00,BTC,SELL,6.046444570583844,0.006046444570583845,0.15,S3_TREND
2026-08-08 20:00:00+00:00,ETH,BUY,5.403581846099769,0.005403581846099769,0.15,S3_TREND
2026-08-08 20:00:00+00:00,SOL,SELL,1.2770223577645083,0.0012770223577645084,0.15,S3_TREND
2026-08-08 21:00:00+00:00,BTC,BUY,1.4108435869147797,0.0014108435869147797,0.15,S3_TREND
2026-08-08 21:00:00+00:00,ETH,BUY,3.0219826139800716,0.0030219826139800715,0.15,S3_TREND
2026-08-08 21:00:00+00:00,SOL,SELL,15.006046418580809,0.01500604641858081,0.15,S3_TREND
2026-08-08 22:00:00+00:00,BTC,BUY,11.743037527598062,0.011743037527598062,0.15,S3_TREND
2026-08-08 22:00:00+00:00,ETH,SELL,5.848999153278783,0.005848999153278783,0.15,S3_TREND
2026-08-08 22:00:00+00:00,SOL,BUY,4.3480122882720025,0.004348012288272003,0.15,S3_TREND
2026-08-08 23:00:00+00:00,BTC,SELL,1.285861641052179,0.0012858616410521791,0.15,S3_TREND
2026-08-08 23:00:00+00:00,ETH,BUY,14.58682784625853,0.01458682784625853,0.15,S3_TREND
2026-08-08 23:00:00+00:00,SOL,BUY,39.27243461418402,0.039272434614184025,0.15,S3_TREND
2026-08-09 00:00:00+00:00,ETH,BUY,3.265282303094864,0.003265282303094864,0.15,S3_TREND
2026-08-09 00:00:00+00:00,SOL,SELL,16.38006810488514,0.01638006810488514,0.15,S3_TREND
2026-08-09 01:00:00+00:00,ETH,SELL,7.682558779319151,0.007682558779319151,0.15,S3_TREND
2026-08-09 01:00:00+00:00,SOL,BUY,1.7607710927968583,0.0017607710927968583,0.15,S3_TREND
2026-08-09 02:00:00+00:00,BTC,BUY,14.433505350325504,0.014433505350325504,0.15,S3_TREND
2026-08-09 02:00:00+00:00,ETH,BUY,4.354692215027171,0.004354692215027172,0.15,S3_TREND
2026-08-09 02:00:00+00:00,SOL,BUY,15.725538989905544,0.015725538989905544,0.15,S3_TREND
2026-08-09 03:00:00+00:00,BTC,BUY,5.397420057959607,0.005397420057959608,0.15,S3_TREND
2026-08-09 03:00:00+00:00,ETH,BUY,6.359098184042523,0.006359098184042523,0.15,S3_TREND
2026-08-09 04:00:00+00:00,BTC,BUY,7.99124579105046,0.00799124579105046,0.15,S3_TREND
2026-08-09 04:00:00+00:00,ETH,BUY,6.7701082921903435,0.0067701082921903435,0.15,S3_TREND
2026-08-09 04:00:00+00:00,SOL,SELL,19.77658666282332,0.01977658666282332,0.15,S3_TREND
2026-08-09 05:00:00+00:00,ETH,BUY,5.12990779341817,0.00512990779341817,0.15,S3_TREND
2026-08-09 05:00:00+00:00,SOL,SELL,1.0517670923345577,0.0010517670923345576,0.15,S3_TREND
2026-08-09 06:00:00+00:00,BTC,SELL,1.310165544069605,0.001310165544069605,0.15,S3_TREND
2026-08-09 06:00:00+00:00,ETH,SELL,6.676127941502273,0.006676127941502273,0.15,S3_TREND
2026-08-09 06:00:00+00:00,SOL,SELL,1.1574222222843673,0.0011574222222843673,0.15,S3_TREND
2026-08-09 07:00:00+00:00,BTC,BUY,7.84430887229064,0.00784430887229064,0.15,S3_TREND
2026-08-09 07:00:00+00:00,ETH,SELL,16.731950806077293,0.016731950806077294,0.15,S3_TREND
2026-08-09 07:00:00+00:00,SOL,SELL,57.15591196980313,0.05715591196980313,0.15,S3_TREND
2026-08-09 08:00:00+00:00,BTC,BUY,2.2474571648035635,0.0022474571648035636,0.15,S3_TREND
2026-08-09 08:00:00+00:00,SOL,BUY,7.931669428660825,0.007931669428660826,0.15,S3_TREND
2026-08-09 09:00:00+00:00,BTC,SELL,3.9430059983387764,0.0039430059983387765,0.15,S3_TREND
2026-08-09 09:00:00+00:00,ETH,BUY,17.005634499275402,0.0170056344992754,0.15,S3_TREND
2026-08-09 09:00:00+00:00,SOL,BUY,2.7739372678242944,0.0027739372678242946,0.15,S3_TREND
2026-08-09 10:00:00+00:00,ETH,SELL,28.376981058423553,0.028376981058423553,0.15,S3_TREND
2026-08-09 10:00:00+00:00,SOL,SELL,10.632816456783983,0.010632816456783984,0.15,S3_TREND
2026-08-09 11:00:00+00:00,BTC,SELL,18.198180234949177,0.018198180234949176,0.15,S3_TREND
2026-08-09 11:00:00+00:00,ETH,BUY,9.169329742957416,0.009169329742957416,0.15,S3_TREND
2026-08-09 11:00:00+00:00,SOL,BUY,10.220079231843556,0.010220079231843556,0.15,S3_TREND
2026-08-09 12:00:00+00:00,BTC,BUY,4.047029851508341,0.004047029851508342,0.15,S3_TREND
2026-08-09 12:00:00+00:00,ETH,BUY,8.080791173279067,0.008080791173279067,0.15,S3_TREND
2026-08-09 12:00:00+00:00,SOL,SELL,19.422918734477207,0.01942291873447721,0.15,S3_TREND
2026-08-09 13:00:00+00:00,BTC,SELL,7.3896192744086875,0.007389619274408688,0.15,S3_TREND
2026-08-09 13:00:00+00:00,ETH,BUY,7.012318126611717,0.007012318126611718,0.15,S3_TREND
2026-08-09 13:00:00+00:00,SOL,BUY,19.664880696658656,0.019664880696658657,0.15,S3_TREND
2026-08-09 14:00:00+00:00,BTC,SELL,34.14942821026489,0.034149428210264884,0.15,S3_TREND
2026-08-09 14:00:00+00:00,ETH,SELL,21.33156031391445,0.021331560313914453,0.15,S3_TREND
2026-08-09 14:00:00+00:00,SOL,SELL,18.94856165068086,0.01894856165068086,0.15,S3_TREND
2026-08-09 15:00:00+00:00,BTC,BUY,6.155059481427088,0.006155059481427088,0.15,S3_TREND
2026-08-09 15:00:00+00:00,ETH,BUY,2.371032822104098,0.0023710328221040983,0.15,S3_TREND
2026-08-09 15:00:00+00:00,SOL,SELL,62.01809540426075,0.06201809540426075,0.15,S3_TREND
2026-08-09 16:00:00+00:00,BTC,BUY,18.050566939899,0.018050566939899,0.15,S3_TREND
2026-08-09 16:00:00+00:00,SOL,SELL,61.19866249288679,0.06119866249288679,0.15,S3_TREND
2026-08-09 17:00:00+00:00,BTC,SELL,5.905362351324584,0.005905362351324584,0.15,S3_TREND
2026-08-09 17:00:00+00:00,ETH,BUY,13.26801339883059,0.01326801339883059,0.15,S3_TREND
2026-08-09 17:00:00+00:00,SOL,BUY,12.472851815007743,0.012472851815007744,0.15,S3_TREND
2026-08-09 18:00:00+00:00,ETH,BUY,1.003431713050304,0.001003431713050304,0.15,S3_TREND
2026-08-09 18:00:00+00:00,SOL,BUY,20.404851362663976,0.020404851362663977,0.15,S3_TREND
2026-08-09 19:00:00+00:00,ETH,BUY,10.686007839114609,0.010686007839114608,0.15,S3_TREND
2026-08-09 19:00:00+00:00,SOL,SELL,7.680769343560314,0.007680769343560314,0.15,S3_TREND
2026-08-09 20:00:00+00:00,BTC,BUY,4.312827624567944,0.004312827624567944,0.15,S3_TREND
2026-08-09 20:00:00+00:00,ETH,SELL,3.536391119700056,0.003536391119700056,0.15,S3_TREND
2026-08-09 20:00:00+00:00,SOL,SELL,1.538746036885641,0.001538746036885641,0.15,S3_TREND
2026-08-09 21:00:00+00:00,BTC,BUY,7.255955011925835,0.007255955011925835,0.15,S3_TREND
2026-08-09 21:00:00+00:00,ETH,BUY,7.688348178022352,0.007688348178022352,0.15,S3_TREND
2026-08-09 21:00:00+00:00,SOL,SELL,8.76152211585213,0.00876152211585213,0.15,S3_TREND
2026-08-09 22:00:00+00:00,BTC,SELL,2.8812527975987905,0.0028812527975987903,0.15,S3_TREND
2026-08-09 22:00:00+00:00,ETH,SELL,19.8501356142624,0.0198501356142624,0.15,S3_TREND
2026-08-09 22:00:00+00:00,SOL,SELL,9.018057088887872,0.009018057088887872,0.15,S3_TREND
2026-08-09 23:00:00+00:00,ETH,BUY,13.095901379407223,0.013095901379407224,0.15,S3_TREND
2026-08-09 23:00:00+00:00,SOL,BUY,73.38332369366071,0.07338332369366071,0.15,S3_TREND
2026-08-10 00:00:00+00:00,BTC,BUY,7.669492191682366,0.007669492191682366,0.15,S3_TREND
2026-08-10 00:00:00+00:00,ETH,BUY,33.506430092278606,0.033506430092278605,0.15,S3_TREND
2026-08-10 00:00:00+00:00,SOL,BUY,67.99765677880896,0.06799765677880897,0.15,S3_TREND
2026-08-10 01:00:00+00:00,BTC,SELL,1.8409114171372494,0.0018409114171372494,0.15,S3_TREND
2026-08-10 01:00:00+00:00,ETH,SELL,3.114037415924031,0.003114037415924031,0.15,S3_TREND
2026-08-10 01:00:00+00:00,SOL,SELL,39.619487989431946,0.03961948798943195,0.15,S3_TREND
2026-08-10 02:00:00+00:00,BTC,SELL,16.63341056016361,0.01663341056016361,0.15,S3_TREND
2026-08-10 02:00:00+00:00,ETH,SELL,58.71490456595893,0.05871490456595893,0.15,S3_TREND
2026-08-10 02:00:00+00:00,SOL,SELL,34.188924233247235,0.034188924233247237,0.15,S3_TREND
2026-08-10 03:00:00+00:00,BTC,BUY,11.777877859118234,0.011777877859118234,0.15,S3_TREND
2026-08-10 03:00:00+00:00,ETH,BUY,5.126018598313749,0.005126018598313749,0.15,S3_TREND
2026-08-10 03:00:00+00:00,SOL,BUY,8.904189498101914,0.008904189498101914,0.15,S3_TREND
2026-08-10 04:00:00+00:00,BTC,BUY,9.760726242395322,0.009760726242395322,0.15,S3_TREND
2026-08-10 04:00:00+00:00,ETH,BUY,28.085879033751553,0.028085879033751555,0.15,S3_TREND
2026-08-10 04:00:00+00:00,SOL,BUY,17.00072638648271,0.01700072638648271,0.15,S3_TREND
2026-08-10 05:00:00+00:00,BTC,SELL,8.310996854837867,0.008310996854837868,0.15,S3_TREND
2026-08-10 05:00:00+00:00,ETH,BUY,8.604004498360155,0.008604004498360155,0.15,S3_TREND
2026-08-10 05:00:00+00:00,SOL,BUY,11.102177886446952,0.011102177886446954,0.15,S3_TREND
2026-08-10 06:00:00+00:00,BTC,SELL,5.983007740429457,0.005983007740429458,0.15,S3_TREND
2026-08-10 06:00:00+00:00,ETH,SELL,31.866175422655942,0.03186617542265594,0.15,S3_TREND
2026-08-10 06:00:00+00:00,SOL,SELL,38.03702690527825,0.03803702690527826,0.15,S3_TREND
2026-08-10 07:00:00+00:00,BTC,SELL,21.640257908160493,0.021640257908160494,0.15,S3_TREND
2026-08-10 07:00:00+00:00,ETH,SELL,21.401257963430908,0.021401257963430908,0.15,S3_TREND
2026-08-10 07:00:00+00:00,SOL,SELL,4.736502197160007,0.004736502197160007,0.15,S3_TREND
2026-08-10 08:00:00+00:00,BTC,BUY,14.237834033028776,0.014237834033028775,0.15,S3_TREND
2026-08-10 08:00:00+00:00,ETH,BUY,13.63872028811602,0.013638720288116019,0.15,S3_TREND
2026-08-10 08:00:00+00:00,SOL,SELL,5.983785501259263,0.0059837855012592625,0.15,S3_TREND
2026-08-10 09:00:00+00:00,BTC,SELL,6.7946588425729715,0.006794658842572972,0.15,S3_TREND
2026-08-10 09:00:00+00:00,ETH,SELL,8.738767459786686,0.008738767459786686,0.15,S3_TREND
2026-08-10 09:00:00+00:00,SOL,BUY,7.501080268097212,0.007501080268097212,0.15,S3_TREND
2026-08-10 10:00:00+00:00,BTC,BUY,28.053353563545897,0.028053353563545897,0.15,S3_TREND
2026-08-10 10:00:00+00:00,ETH,BUY,43.64506016272571,0.043645060162725714,0.15,S3_TREND
2026-08-10 10:00:00+00:00,SOL,BUY,38.997666149885845,0.03899766614988585,0.15,S3_TREND
2026-08-10 11:00:00+00:00,SOL,SELL,34.92431105230389,0.03492431105230389,0.15,S3_TREND
2026-08-10 12:00:00+00:00,BTC,SELL,11.213875641567938,0.011213875641567938,0.15,S3_TREND
2026-08-10 12:00:00+00:00,ETH,SELL,6.646502583402253,0.006646502583402253,0.15,S3_TREND
2026-08-10 12:00:00+00:00,SOL,SELL,28.302268132587415,0.028302268132587415,0.15,S3_TREND
2026-08-10 13:00:00+00:00,BTC,BUY,19.18152704946442,0.019181527049464422,0.15,S3_TREND
2026-08-10 13:00:00+00:00,ETH,BUY,68.23462071456379,0.06823462071456379,0.15,S3_TREND
2026-08-10 13:00:00+00:00,SOL,BUY,38.31193720319607,0.03831193720319607,0.15,S3_TREND
2026-08-10 14:00:00+00:00,BTC,BUY,37.28159705896542,0.037281597058965416,0.15,S3_TREND
2026-08-10 14:00:00+00:00,ETH,BUY,32.34113821182655,0.03234113821182655,0.15,S3_TREND
2026-08-10 14:00:00+00:00,SOL,BUY,31.104916495314683,0.031104916495314685,0.15,S3_TREND
2026-08-10 15:00:00+00:00,BTC,SELL,17.086219600676486,0.017086219600676487,0.15,S3_TREND
2026-08-10 15:00:00+00:00,ETH,BUY,25.184992728278303,0.025184992728278302,0.15,S3_TREND
2026-08-10 15:00:00+00:00,SOL,BUY,5.236404104547546,0.005236404104547546,0.15,S3_TREND
2026-08-10 16:00:00+00:00,BTC,BUY,32.3230416620645,0.0323230416620645,0.15,S3_TREND
2026-08-10 16:00:00+00:00,ETH,BUY,82.84521640273488,0.08284521640273487,0.15,S3_TREND
2026-08-10 16:00:00+00:00,SOL,BUY,17.287732625120043,0.017287732625120043,0.15,S3_TREND
2026-08-10 17:00:00+00:00,BTC,BUY,59.088685613138296,0.0590886856131383,0.15,S3_TREND
2026-08-10 17:00:00+00:00,ETH,SELL,6751.083084515433,6.751083084515433,0.075,S6_REVERSAL
2026-08-10 17:00:00+00:00,SOL,BUY,20.38982377043976,0.020389823770439762,0.15,S3_TREND
2026-08-10 18:00:00+00:00,BTC,SELL,6766.3038466196185,6.766303846619619,0.075,S6_REVERSAL
2026-08-10 18:00:00+00:00,SOL,SELL,38.240299368093474,0.03824029936809348,0.15,S3_TREND
2026-08-10 19:00:00+00:00,BTC,BUY,3.644050565362704,0.0036440505653627044,0.075,S6_REVERSAL
2026-08-10 19:00:00+00:00,ETH,SELL,1.0508153339123965,0.0010508153339123965,0.075,S6_REVERSAL
2026-08-10 19:00:00+00:00,SOL,BUY,18.75447889251336,0.018754478892513363,0.15,S3_TREND
2026-08-10 20:00:00+00:00,BTC,SELL,8.980023301916845,0.008980023301916844,0.075,S6_REVERSAL
2026-08-10 20:00:00+00:00,ETH,SELL,12.54549866285106,0.01254549866285106,0.075,S6_REVERSAL
2026-08-10 20:00:00+00:00,SOL,SELL,49.07344689073943,0.04907344689073943,0.15,S3_TREND
2026-08-10 21:00:00+00:00,BTC,SELL,7.509053228096491,0.007509053228096491,0.075,S6_REVERSAL
2026-08-10 21:00:00+00:00,SOL,SELL,33.8207378733714,0.0338207378733714,0.15,S3_TREND
2026-08-10 22:00:00+00:00,BTC,BUY,13.590867543072818,0.013590867543072819,0.075,S6_REVERSAL
2026-08-10 22:00:00+00:00,ETH,BUY,14.563246037797398,0.014563246037797399,0.075,S6_REVERSAL
2026-08-10 22:00:00+00:00,SOL,BUY,14.01462305442692,0.01401462305442692,0.15,S3_TREND
2026-08-10 23:00:00+00:00,BTC,SELL,3.5769606134836067,0.003576960613483607,0.075,S6_REVERSAL
2026-08-10 23:00:00+00:00,ETH,SELL,6.649050905081822,0.006649050905081822,0.075,S6_REVERSAL
2026-08-10 23:00:00+00:00,SOL,BUY,14.947208906329251,0.014947208906329251,0.15,S3_TREND
2026-08-11 00:00:00+00:00,ETH,BUY,6.8133466147937725,0.006813346614793773,0.075,S6_REVERSAL
2026-08-11 00:00:00+00:00,SOL,BUY,29.353832105658512,0.029353832105658513,0.15,S3_TREND
2026-08-11 01:00:00+00:00,BTC,SELL,6.71284922522409,0.00671284922522409,0.075,S6_REVERSAL
2026-08-11 01:00:00+00:00,ETH,SELL,7.964233177394818,0.007964233177394819,0.075,S6_REVERSAL
2026-08-11 01:00:00+00:00,SOL,BUY,17.39959179737525,0.01739959179737525,0.15,S3_TREND
2026-08-11 02:00:00+00:00,BTC,BUY,1.269098705354736,0.001269098705354736,0.075,S6_REVERSAL
2026-08-11 02:00:00+00:00,ETH,SELL,6.706339839338398,0.006706339839338398,0.075,S6_REVERSAL
2026-08-11 02:00:00+00:00,SOL,SELL,26.93437871991773,0.02693437871991773,0.15,S3_TREND
2026-08-11 03:00:00+00:00,BTC,BUY,1.0430745575968103,0.0010430745575968103,0.075,S6_REVERSAL
2026-08-11 03:00:00+00:00,ETH,SELL,2.3978697516959073,0.0023978697516959073,0.075,S6_REVERSAL
2026-08-11 03:00:00+00:00,SOL,BUY,7.557353509246241,0.007557353509246241,0.15,S3_TREND
2026-08-11 04:00:00+00:00,BTC,SELL,9.605491467146749,0.009605491467146749,0.075,S6_REVERSAL
2026-08-11 04:00:00+00:00,ETH,SELL,6.621796191341673,0.0066217961913416735,0.075,S6_REVERSAL
2026-08-11 04:00:00+00:00,SOL,SELL,3.0011218358322367,0.0030011218358322366,0.15,S3_TREND
2026-08-11 05:00:00+00:00,BTC,BUY,11.543833154963977,0.011543833154963977,0.075,S6_REVERSAL
2026-08-11 05:00:00+00:00,ETH,BUY,14.835438072583202,0.014835438072583203,0.075,S6_REVERSAL
2026-08-11 05:00:00+00:00,SOL,SELL,4.658558759478183,0.004658558759478183,0.15,S3_TREND
2026-08-11 06:00:00+00:00,BTC,SELL,1.9064603184542648,0.001906460318454265,0.075,S6_REVERSAL
2026-08-11 06:00:00+00:00,ETH,BUY,3.614995725985864,0.003614995725985864,0.075,S6_REVERSAL
2026-08-11 06:00:00+00:00,SOL,BUY,39.244664869187545,0.03924466486918755,0.15,S3_TREND
2026-08-11 07:00:00+00:00,BTC,BUY,3.191362300233777,0.003191362300233777,0.075,S6_REVERSAL
2026-08-11 07:00:00+00:00,SOL,SELL,1.8907133359934962,0.0018907133359934963,0.15,S3_TREND
2026-08-11 08:00:00+00:00,BTC,SELL,10.060649095171357,0.010060649095171357,0.075,S6_REVERSAL
2026-08-11 08:00:00+00:00,ETH,SELL,14.035639452416035,0.014035639452416036,0.075,S6_REVERSAL
2026-08-11 08:00:00+00:00,SOL,BUY,21.729086337722038,0.02172908633772204,0.15,S3_TREND
2026-08-11 09:00:00+00:00,BTC,SELL,3.190444403705442,0.0031904444037054417,0.075,S6_REVERSAL
2026-08-11 09:00:00+00:00,SOL,SELL,36.181678739665585,0.03618167873966559,0.15,S3_TREND
2026-08-11 10:00:00+00:00,BTC,SELL,15.092109710511068,0.015092109710511068,0.075,S6_REVERSAL
2026-08-11 10:00:00+00:00,ETH,SELL,20.454141545243147,0.020454141545243148,0.075,S6_REVERSAL
2026-08-11 10:00:00+00:00,SOL,BUY,15.024338625444216,0.015024338625444215,0.15,S3_TREND
2026-08-11 11:00:00+00:00,BTC,BUY,7.505000842487789,0.007505000842487789,0.075,S6_REVERSAL
2026-08-11 11:00:00+00:00,ETH,SELL,2.2519925146852984,0.0022519925146852983,0.075,S6_REVERSAL
2026-08-11 11:00:00+00:00,SOL,SELL,9.749954149843688,0.009749954149843688,0.15,S3_TREND
2026-08-11 12:00:00+00:00,BTC,SELL,9.537761619449157,0.009537761619449157,0.075,S6_REVERSAL
2026-08-11 12:00:00+00:00,ETH,SELL,6793.4410469547665,6.793441046954767,0.0,CASH
2026-08-11 12:00:00+00:00,SOL,SELL,37.81506799136696,0.03781506799136696,0.15,S3_TREND
2026-08-11 13:00:00+00:00,SOL,BUY,53.937275582349685,0.05393727558234969,0.15,S3_TREND
2026-08-11 14:00:00+00:00,BTC,BUY,14.849958826809598,0.014849958826809598,0.075,S6_REVERSAL
2026-08-11 14:00:00+00:00,SOL,SELL,23.29300486536704,0.023293004865367038,0.15,S3_TREND
2026-08-11 15:00:00+00:00,BTC,BUY,31.14839586065591,0.03114839586065591,0.075,S6_REVERSAL
2026-08-11 15:00:00+00:00,SOL,BUY,115.85025370906988,0.11585025370906987,0.15,S3_TREND
2026-08-11 16:00:00+00:00,BTC,BUY,12.047960610298105,0.012047960610298105,0.075,S6_REVERSAL
2026-08-11 16:00:00+00:00,SOL,BUY,38.67344921100994,0.03867344921100994,0.15,S3_TREND
2026-08-11 17:00:00+00:00,BTC,BUY,9.681616459154611,0.00968161645915461,0.075,S6_REVERSAL
2026-08-11 17:00:00+00:00,SOL,SELL,6754.235103837361,6.754235103837361,0.075,S6_REVERSAL
2026-08-11 18:00:00+00:00,BTC,SELL,8.321596036826122,0.008321596036826123,0.075,S6_REVERSAL
2026-08-11 18:00:00+00:00,SOL,SELL,18.91378754836569,0.01891378754836569,0.075,S6_REVERSAL
2026-08-11 19:00:00+00:00,BTC,BUY,23.797159746486614,0.023797159746486614,0.075,S6_REVERSAL
2026-08-11 19:00:00+00:00,SOL,SELL,11.012402373058649,0.01101240237305865,0.075,S6_REVERSAL
2026-08-11 20:00:00+00:00,BTC,SELL,13.435996951617199,0.013435996951617199,0.075,S6_REVERSAL
2026-08-11 20:00:00+00:00,SOL,SELL,31.05618169342506,0.03105618169342506,0.075,S6_REVERSAL
2026-08-11 21:00:00+00:00,BTC,SELL,17.52324408917775,0.017523244089177752,0.075,S6_REVERSAL
2026-08-11 21:00:00+00:00,SOL,SELL,29.758082062332505,0.029758082062332505,0.075,S6_REVERSAL
2026-08-11 22:00:00+00:00,BTC,BUY,9.262300831241191,0.009262300831241192,0.075,S6_REVERSAL
2026-08-11 22:00:00+00:00,SOL,SELL,33.42708544108973,0.03342708544108973,0.075,S6_REVERSAL
2026-08-11 23:00:00+00:00,SOL,BUY,2.4176080092474876,0.0024176080092474877,0.075,S6_REVERSAL
2026-08-12 00:00:00+00:00,BTC,BUY,6.144910638093279,0.006144910638093279,0.075,S6_REVERSAL
2026-08-12 00:00:00+00:00,SOL,BUY,9.275814204562266,0.009275814204562267,0.075,S6_REVERSAL
2026-08-12 01:00:00+00:00,BTC,SELL,13.503942255177208,0.013503942255177207,0.075,S6_REVERSAL
2026-08-12 01:00:00+00:00,SOL,SELL,4.605710259957959,0.0046057102599579595,0.075,S6_REVERSAL
2026-08-12 02:00:00+00:00,BTC,SELL,6.575253478538798,0.006575253478538798,0.075,S6_REVERSAL
2026-08-12 02:00:00+00:00,SOL,SELL,5.163834596108245,0.005163834596108245,0.075,S6_REVERSAL
2026-08-12 03:00:00+00:00,BTC,BUY,6.209819642959701,0.006209819642959701,0.075,S6_REVERSAL
2026-08-12 04:00:00+00:00,BTC,SELL,8.486771473479166,0.008486771473479166,0.075,S6_REVERSAL
2026-08-12 04:00:00+00:00,SOL,BUY,1.8092051234771134,0.0018092051234771134,0.075,S6_REVERSAL
2026-08-12 05:00:00+00:00,BTC,BUY,5.670744542660032,0.005670744542660032,0.075,S6_REVERSAL
2026-08-12 05:00:00+00:00,SOL,SELL,6752.514033399694,6.752514033399694,0.0,CASH
2026-08-12 06:00:00+00:00,BTC,SELL,8.388769178557595,0.008388769178557595,0.075,S6_REVERSAL
2026-08-12 07:00:00+00:00,BTC,BUY,13.51503850852987,0.01351503850852987,0.075,S6_REVERSAL
2026-08-12 08:00:00+00:00,BTC,SELL,12.371757255310513,0.012371757255310513,0.075,S6_REVERSAL
2026-08-12 09:00:00+00:00,BTC,BUY,4.217019418108066,0.004217019418108066,0.075,S6_REVERSAL
2026-08-12 10:00:00+00:00,BTC,SELL,30.77182189193809,0.03077182189193809,0.075,S6_REVERSAL
2026-08-12 11:00:00+00:00,BTC,SELL,3.3732399074388013,0.0033732399074388013,0.075,S6_REVERSAL
2026-08-12 12:00:00+00:00,BTC,SELL,6774.468210257347,6.774468210257347,0.0,CASH
2026-08-13 01:00:00+00:00,ETH,BUY,6764.529088519324,6.764529088519325,0.075,S6_REVERSAL
2026-08-13 01:00:00+00:00,SOL,BUY,6764.529088519324,6.764529088519325,0.075,S6_REVERSAL
2026-08-13 02:00:00+00:00,BTC,BUY,6763.057681756213,6.763057681756213,0.075,S6_REVERSAL
2026-08-13 02:00:00+00:00,ETH,BUY,6.407376558445321,0.0064073765584453215,0.075,S6_REVERSAL
2026-08-13 02:00:00+00:00,SOL,SELL,3.260491420217477,0.003260491420217477,0.075,S6_REVERSAL
2026-08-13 03:00:00+00:00,BTC,SELL,6.379245303376592,0.0063792453033765925,0.075,S6_REVERSAL
2026-08-13 03:00:00+00:00,ETH,SELL,10.23441977181119,0.01023441977181119,0.075,S6_REVERSAL
2026-08-13 03:00:00+00:00,SOL,SELL,27.664350425366138,0.02766435042536614,0.075,S6_REVERSAL
2026-08-13 04:00:00+00:00,BTC,SELL,6.248129297069681,0.006248129297069681,0.075,S6_REVERSAL
2026-08-13 04:00:00+00:00,ETH,SELL,15.984213796436961,0.015984213796436962,0.075,S6_REVERSAL
2026-08-13 04:00:00+00:00,SOL,SELL,19.96352418094102,0.019963524180941022,0.075,S6_REVERSAL
2026-08-13 05:00:00+00:00,BTC,SELL,4.095717442247405,0.004095717442247406,0.075,S6_REVERSAL
2026-08-13 05:00:00+00:00,ETH,SELL,16.522127673470095,0.016522127673470097,0.075,S6_REVERSAL
2026-08-13 05:00:00+00:00,SOL,BUY,11.5296540039908,0.0115296540039908,0.075,S6_REVERSAL
2026-08-13 06:00:00+00:00,BTC,SELL,14.66963665428284,0.01466963665428284,0.075,S6_REVERSAL
2026-08-13 06:00:00+00:00,ETH,SELL,7.3516691134300345,0.007351669113430034,0.075,S6_REVERSAL
2026-08-13 06:00:00+00:00,SOL,SELL,28.873737710815476,0.028873737710815476,0.075,S6_REVERSAL
2026-08-13 07:00:00+00:00,BTC,SELL,5.49602575373865,0.0054960257537386495,0.075,S6_REVERSAL
2026-08-13 07:00:00+00:00,ETH,SELL,8.749520248128647,0.008749520248128646,0.075,S6_REVERSAL
2026-08-13 08:00:00+00:00,BTC,BUY,6.087330756344272,0.006087330756344272,0.075,S6_REVERSAL
2026-08-13 08:00:00+00:00,ETH,BUY,6784.735280083696,6.784735280083696,0.15,S3_TREND
2026-08-13 08:00:00+00:00,SOL,BUY,6.391565912542319,0.006391565912542319,0.075,S6_REVERSAL
2026-08-13 09:00:00+00:00,BTC,BUY,4.654491233523004,0.004654491233523004,0.075,S6_REVERSAL
2026-08-13 09:00:00+00:00,ETH,BUY,27.75699663202613,0.027756996632026132,0.15,S3_TREND
2026-08-13 09:00:00+00:00,SOL,BUY,15.421124153572237,0.015421124153572236,0.075,S6_REVERSAL
2026-08-13 10:00:00+00:00,BTC,SELL,1.971752661987921,0.0019717526619879213,0.075,S6_REVERSAL
2026-08-13 10:00:00+00:00,ETH,BUY,1.35627182017015,0.0013562718201701502,0.15,S3_TREND
2026-08-13 10:00:00+00:00,SOL,BUY,3.264831162248811,0.003264831162248811,0.075,S6_REVERSAL
2026-08-13 11:00:00+00:00,BTC,BUY,6.691783886410121,0.006691783886410121,0.075,S6_REVERSAL
2026-08-13 11:00:00+00:00,ETH,BUY,32.76617760827139,0.03276617760827139,0.15,S3_TREND
2026-08-13 11:00:00+00:00,SOL,BUY,28.29531201874306,0.028295312018743062,0.075,S6_REVERSAL
2026-08-13 12:00:00+00:00,BTC,BUY,14.229030081121891,0.014229030081121892,0.075,S6_REVERSAL
2026-08-13 12:00:00+00:00,ETH,BUY,12.962276034910246,0.012962276034910247,0.15,S3_TREND
2026-08-13 12:00:00+00:00,SOL,BUY,5.424376355072127,0.005424376355072127,0.075,S6_REVERSAL
2026-08-13 13:00:00+00:00,BTC,SELL,13.215985459061812,0.013215985459061812,0.075,S6_REVERSAL
2026-08-13 13:00:00+00:00,ETH,SELL,43.09308091717321,0.04309308091717321,0.15,S3_TREND
2026-08-13 13:00:00+00:00,SOL,SELL,32.47737144295388,0.03247737144295388,0.075,S6_REVERSAL
2026-08-13 14:00:00+00:00,BTC,SELL,1.3924773841690694,0.0013924773841690694,0.075,S6_REVERSAL
2026-08-13 14:00:00+00:00,ETH,SELL,6.884760116055986,0.006884760116055986,0.15,S3_TREND
2026-08-13 14:00:00+00:00,SOL,BUY,6765.042166100096,6.765042166100097,0.15,S3_TREND
2026-08-13 15:00:00+00:00,BTC,SELL,8.717285749428811,0.00871728574942881,0.075,S6_REVERSAL
2026-08-13 15:00:00+00:00,ETH,SELL,10.495950900696698,0.010495950900696698,0.15,S3_TREND
2026-08-13 15:00:00+00:00,SOL,SELL,34.849205005893964,0.03484920500589397,0.15,S3_TREND
2026-08-13 16:00:00+00:00,BTC,BUY,25.016565001166782,0.025016565001166783,0.075,S6_REVERSAL
2026-08-13 16:00:00+00:00,ETH,BUY,52.89773077058453,0.05289773077058453,0.15,S3_TREND
2026-08-13 16:00:00+00:00,SOL,BUY,102.11057311819968,0.10211057311819968,0.15,S3_TREND
2026-08-13 17:00:00+00:00,BTC,BUY,22.40979507123393,0.02240979507123393,0.075,S6_REVERSAL
2026-08-13 17:00:00+00:00,ETH,BUY,26.470318319965372,0.026470318319965373,0.15,S3_TREND
2026-08-13 17:00:00+00:00,SOL,SELL,5.175000811328573,0.005175000811328573,0.15,S3_TREND
2026-08-13 18:00:00+00:00,BTC,BUY,4.840418929090447,0.004840418929090447,0.075,S6_REVERSAL
2026-08-13 18:00:00+00:00,ETH,SELL,8.949211040353475,0.008949211040353476,0.15,S3_TREND
2026-08-13 18:00:00+00:00,SOL,SELL,22.24909983379257,0.02224909983379257,0.15,S3_TREND
2026-08-13 19:00:00+00:00,BTC,SELL,8.56879615917751,0.00856879615917751,0.075,S6_REVERSAL
2026-08-13 19:00:00+00:00,ETH,SELL,43.15677235273324,0.04315677235273324,0.15,S3_TREND
2026-08-13 19:00:00+00:00,SOL,SELL,24.489572799580852,0.024489572799580854,0.15,S3_TREND
2026-08-13 20:00:00+00:00,BTC,SELL,6.134778594584532,0.006134778594584531,0.075,S6_REVERSAL
2026-08-13 20:00:00+00:00,ETH,SELL,4.892493224248028,0.0048924932242480285,0.15,S3_TREND
2026-08-13 20:00:00+00:00,SOL,SELL,25.138821352400555,0.025138821352400555,0.15,S3_TREND
2026-08-13 21:00:00+00:00,ETH,BUY,6.886286828066659,0.006886286828066659,0.15,S3_TREND
2026-08-13 21:00:00+00:00,SOL,SELL,5.466212841203742,0.005466212841203742,0.15,S3_TREND
2026-08-13 22:00:00+00:00,BTC,SELL,5.652203288201235,0.005652203288201235,0.075,S6_REVERSAL
2026-08-13 22:00:00+00:00,ETH,SELL,13.865196148950417,0.013865196148950418,0.15,S3_TREND
2026-08-13 22:00:00+00:00,SOL,BUY,6.468405970817912,0.006468405970817912,0.15,S3_TREND
2026-08-13 23:00:00+00:00,BTC,SELL,4.64843995069441,0.00464843995069441,0.075,S6_REVERSAL
2026-08-13 23:00:00+00:00,ETH,SELL,1.9406277621947083,0.0019406277621947083,0.15,S3_TREND
2026-08-13 23:00:00+00:00,SOL,SELL,4.458115239200197,0.004458115239200197,0.15,S3_TREND
2026-08-14 00:00:00+00:00,BTC,BUY,2.510274204552843,0.0025102742045528433,0.075,S6_REVERSAL
2026-08-14 00:00:00+00:00,ETH,BUY,19.96254982926075,0.019962549829260753,0.15,S3_TREND
2026-08-14 00:00:00+00:00,SOL,SELL,8.646594351026579,0.00864659435102658,0.15,S3_TREND
2026-08-14 01:00:00+00:00,BTC,SELL,6.040171335936066,0.006040171335936066,0.075,S6_REVERSAL
2026-08-14 01:00:00+00:00,ETH,SELL,24.54352970761647,0.024543529707616474,0.15,S3_TREND
2026-08-14 01:00:00+00:00,SOL,BUY,35.95834734439268,0.035958347344392676,0.15,S3_TREND
2026-08-14 02:00:00+00:00,BTC,SELL,3.121880348879131,0.003121880348879131,0.075,S6_REVERSAL
2026-08-14 02:00:00+00:00,ETH,BUY,1.012367615066978,0.001012367615066978,0.15,S3_TREND
2026-08-14 02:00:00+00:00,SOL,SELL,2.47363380574825,0.00247363380574825,0.15,S3_TREND
2026-08-14 03:00:00+00:00,BTC,BUY,8.44777014695137,0.00844777014695137,0.075,S6_REVERSAL
2026-08-14 03:00:00+00:00,ETH,BUY,13.292509728134974,0.013292509728134973,0.15,S3_TREND
2026-08-14 03:00:00+00:00,SOL,BUY,5.8307559507793485,0.0058307559507793484,0.15,S3_TREND
2026-08-14 04:00:00+00:00,BTC,BUY,9.893165470576605,0.009893165470576604,0.075,S6_REVERSAL
2026-08-14 04:00:00+00:00,ETH,BUY,12.6939680954074,0.012693968095407399,0.15,S3_TREND
2026-08-14 04:00:00+00:00,SOL,BUY,32.929843577243446,0.03292984357724345,0.15,S3_TREND
2026-08-14 05:00:00+00:00,BTC,SELL,4.017743705026987,0.004017743705026987,0.075,S6_REVERSAL
2026-08-14 05:00:00+00:00,ETH,SELL,7.456428168201455,0.0074564281682014556,0.15,S3_TREND
2026-08-14 05:00:00+00:00,SOL,SELL,10.73540676710036,0.01073540676710036,0.15,S3_TREND
2026-08-14 06:00:00+00:00,ETH,BUY,6.312636491162266,0.006312636491162266,0.15,S3_TREND
2026-08-14 06:00:00+00:00,SOL,SELL,11.25484194164892,0.01125484194164892,0.15,S3_TREND
2026-08-14 07:00:00+00:00,BTC,BUY,28.882583763254843,0.028882583763254845,0.075,S6_REVERSAL
2026-08-14 07:00:00+00:00,ETH,BUY,51.99562284401327,0.05199562284401327,0.15,S3_TREND
2026-08-14 07:00:00+00:00,SOL,BUY,37.44458247423972,0.03744458247423972,0.15,S3_TREND
2026-08-14 08:00:00+00:00,BTC,BUY,6.2393359989946475,0.006239335998994648,0.075,S6_REVERSAL
2026-08-14 08:00:00+00:00,ETH,SELL,2.842115313427712,0.002842115313427712,0.15,S3_TREND
2026-08-14 08:00:00+00:00,SOL,SELL,7.88065522553552,0.00788065522553552,0.15,S3_TREND
2026-08-14 09:00:00+00:00,BTC,BUY,4.578999005630067,0.004578999005630067,0.075,S6_REVERSAL
2026-08-14 09:00:00+00:00,ETH,SELL,25.031734100162794,0.025031734100162795,0.15,S3_TREND
2026-08-14 09:00:00+00:00,SOL,SELL,34.90321962315102,0.034903219623151016,0.15,S3_TREND
2026-08-14 10:00:00+00:00,BTC,BUY,6.565321482213221,0.0065653214822132214,0.075,S6_REVERSAL
2026-08-14 10:00:00+00:00,ETH,BUY,21.1412425326871,0.0211412425326871,0.15,S3_TREND
2026-08-14 10:00:00+00:00,SOL,SELL,6694.074441549345,6.694074441549344,0.075,S6_REVERSAL
2026-08-14 11:00:00+00:00,BTC,SELL,1.5611361814289921,0.0015611361814289921,0.075,S6_REVERSAL
2026-08-14 11:00:00+00:00,ETH,SELL,19.91119655095281,0.01991119655095281,0.15,S3_TREND
2026-08-14 11:00:00+00:00,SOL,BUY,7.882023858323009,0.00788202385832301,0.075,S6_REVERSAL
2026-08-14 12:00:00+00:00,BTC,SELL,3.472470247485944,0.003472470247485944,0.075,S6_REVERSAL
2026-08-14 12:00:00+00:00,ETH,SELL,9.723353011624567,0.009723353011624568,0.15,S3_TREND
2026-08-14 12:00:00+00:00,SOL,SELL,9.226744081446668,0.009226744081446669,0.075,S6_REVERSAL
2026-08-14 13:00:00+00:00,BTC,BUY,9.62351605438107,0.009623516054381071,0.075,S6_REVERSAL
2026-08-14 13:00:00+00:00,ETH,SELL,6716.711786240208,6.716711786240208,0.075,S6_REVERSAL
2026-08-14 13:00:00+00:00,SOL,BUY,2.2308055491466803,0.00223080554914668,0.075,S6_REVERSAL
2026-08-14 14:00:00+00:00,BTC,BUY,5.196524150668665,0.005196524150668665,0.075,S6_REVERSAL
2026-08-14 14:00:00+00:00,ETH,BUY,9.982421510814675,0.009982421510814675,0.075,S6_REVERSAL
2026-08-14 14:00:00+00:00,SOL,BUY,6.21253643811815,0.00621253643811815,0.075,S6_REVERSAL
2026-08-14 15:00:00+00:00,BTC,BUY,3.3470763390669163,0.0033470763390669165,0.075,S6_REVERSAL
2026-08-14 15:00:00+00:00,ETH,BUY,9.142522568906315,0.009142522568906316,0.075,S6_REVERSAL
2026-08-14 15:00:00+00:00,SOL,BUY,6.233849924739843,0.006233849924739843,0.075,S6_REVERSAL
2026-08-14 16:00:00+00:00,BTC,SELL,30.478580994944423,0.030478580994944424,0.075,S6_REVERSAL
2026-08-14 16:00:00+00:00,ETH,SELL,43.33092084139662,0.04333092084139662,0.075,S6_REVERSAL
2026-08-14 16:00:00+00:00,SOL,SELL,23.683334899763395,0.023683334899763396,0.075,S6_REVERSAL
2026-08-14 17:00:00+00:00,BTC,SELL,14.233055375743788,0.014233055375743788,0.075,S6_REVERSAL
2026-08-14 17:00:00+00:00,ETH,SELL,12.769915999056138,0.012769915999056138,0.075,S6_REVERSAL
2026-08-14 17:00:00+00:00,SOL,BUY,16.198538097445635,0.016198538097445637,0.075,S6_REVERSAL
2026-08-14 18:00:00+00:00,BTC,BUY,8.797603782303668,0.008797603782303667,0.075,S6_REVERSAL
2026-08-14 18:00:00+00:00,ETH,BUY,20.475192998977946,0.020475192998977945,0.075,S6_REVERSAL
2026-08-14 18:00:00+00:00,SOL,BUY,12.086247723104862,0.012086247723104862,0.075,S6_REVERSAL
2026-08-14 19:00:00+00:00,BTC,BUY,5.306297652478861,0.0053062976524788615,0.075,S6_REVERSAL
2026-08-14 19:00:00+00:00,ETH,BUY,6.473180780521034,0.0064731807805210335,0.075,S6_REVERSAL
2026-08-14 19:00:00+00:00,SOL,BUY,25.90569360132031,0.02590569360132031,0.075,S6_REVERSAL
2026-08-14 20:00:00+00:00,BTC,SELL,2.050323597331044,0.0020503235973310437,0.075,S6_REVERSAL
2026-08-14 20:00:00+00:00,ETH,SELL,16.445613286174193,0.016445613286174193,0.075,S6_REVERSAL
2026-08-14 20:00:00+00:00,SOL,SELL,2.4702213082791786,0.0024702213082791785,0.075,S6_REVERSAL
2026-08-14 21:00:00+00:00,BTC,BUY,6.805316059533652,0.006805316059533652,0.075,S6_REVERSAL
2026-08-14 21:00:00+00:00,ETH,BUY,2.015014371758298,0.0020150143717582976,0.075,S6_REVERSAL
2026-08-14 21:00:00+00:00,SOL,SELL,12.252804921411553,0.012252804921411552,0.075,S6_REVERSAL
2026-08-14 22:00:00+00:00,BTC,SELL,2.0709168826433597,0.0020709168826433598,0.075,S6_REVERSAL
2026-08-14 22:00:00+00:00,ETH,BUY,3.7193697455786605,0.0037193697455786606,0.075,S6_REVERSAL
2026-08-14 22:00:00+00:00,SOL,SELL,3.4192771507450743,0.0034192771507450745,0.075,S6_REVERSAL
2026-08-14 23:00:00+00:00,BTC,BUY,4.148892083450846,0.0041488920834508464,0.075,S6_REVERSAL
2026-08-14 23:00:00+00:00,ETH,SELL,1.5308176870012176,0.0015308176870012175,0.075,S6_REVERSAL
2026-08-15 00:00:00+00:00,BTC,SELL,13.474946972005455,0.013474946972005455,0.075,S6_REVERSAL
2026-08-15 00:00:00+00:00,ETH,SELL,5.390902178234683,0.005390902178234683,0.075,S6_REVERSAL
2026-08-15 00:00:00+00:00,SOL,SELL,14.91922531538421,0.014919225315384211,0.075,S6_REVERSAL
2026-08-15 01:00:00+00:00,BTC,BUY,2.1284195992884634,0.0021284195992884634,0.075,S6_REVERSAL
2026-08-15 01:00:00+00:00,ETH,SELL,1.1571463299287643,0.0011571463299287644,0.075,S6_REVERSAL
2026-08-15 01:00:00+00:00,SOL,BUY,3.1744097776827402,0.0031744097776827403,0.075,S6_REVERSAL
2026-08-15 02:00:00+00:00,BTC,SELL,1.6704284700990684,0.0016704284700990685,0.075,S6_REVERSAL
2026-08-15 02:00:00+00:00,ETH,SELL,4.665516586033846,0.004665516586033845,0.075,S6_REVERSAL
2026-08-15 02:00:00+00:00,SOL,SELL,4.338457507461499,0.004338457507461499,0.075,S6_REVERSAL
2026-08-15 03:00:00+00:00,BTC,SELL,6.974893139408778,0.006974893139408778,0.075,S6_REVERSAL
2026-08-15 03:00:00+00:00,SOL,SELL,18.891171245699297,0.018891171245699296,0.075,S6_REVERSAL
2026-08-15 04:00:00+00:00,BTC,BUY,5.944575077715854,0.005944575077715853,0.075,S6_REVERSAL
2026-08-15 04:00:00+00:00,ETH,BUY,4.3239844225900015,0.0043239844225900015,0.075,S6_REVERSAL
2026-08-15 04:00:00+00:00,SOL,BUY,19.35604839260759,0.01935604839260759,0.075,S6_REVERSAL
2026-08-15 05:00:00+00:00,BTC,SELL,5.679181223998057,0.005679181223998057,0.075,S6_REVERSAL
2026-08-15 05:00:00+00:00,ETH,SELL,4.16386432483705,0.00416386432483705,0.075,S6_REVERSAL
2026-08-15 05:00:00+00:00,SOL,SELL,9.738160327072364,0.009738160327072365,0.075,S6_REVERSAL
2026-08-15 06:00:00+00:00,ETH,BUY,10.7505972716026,0.0107505972716026,0.075,S6_REVERSAL
2026-08-15 06:00:00+00:00,SOL,BUY,14.437928496474342,0.014437928496474342,0.075,S6_REVERSAL
2026-08-15 07:00:00+00:00,ETH,SELL,4.168518925845092,0.004168518925845092,0.075,S6_REVERSAL
2026-08-15 07:00:00+00:00,SOL,SELL,6.845506335711434,0.006845506335711434,0.075,S6_REVERSAL
2026-08-15 08:00:00+00:00,BTC,BUY,1.4560329297173666,0.0014560329297173666,0.075,S6_REVERSAL
2026-08-15 08:00:00+00:00,ETH,BUY,4.14489546823097,0.0041448954682309705,0.075,S6_REVERSAL
2026-08-15 08:00:00+00:00,SOL,BUY,16.581419465212093,0.016581419465212095,0.075,S6_REVERSAL
2026-08-15 09:00:00+00:00,BTC,BUY,11.972112820925759,0.011972112820925758,0.075,S6_REVERSAL
2026-08-15 09:00:00+00:00,ETH,BUY,9.084571786458582,0.009084571786458582,0.075,S6_REVERSAL
2026-08-15 09:00:00+00:00,SOL,BUY,9.584401545671426,0.009584401545671426,0.075,S6_REVERSAL
2026-08-15 10:00:00+00:00,BTC,SELL,7.454348560843755,0.0074543485608437555,0.075,S6_REVERSAL
2026-08-15 10:00:00+00:00,ETH,SELL,9.560882933262292,0.009560882933262292,0.075,S6_REVERSAL
2026-08-15 10:00:00+00:00,SOL,SELL,10.78056784356977,0.010780567843569771,0.075,S6_REVERSAL
2026-08-15 11:00:00+00:00,BTC,SELL,1.072945142583194,0.001072945142583194,0.075,S6_REVERSAL
2026-08-15 11:00:00+00:00,ETH,SELL,1.3645672430820923,0.0013645672430820923,0.075,S6_REVERSAL
2026-08-15 11:00:00+00:00,SOL,SELL,3.873915347689035,0.003873915347689035,0.075,S6_REVERSAL
2026-08-15 12:00:00+00:00,BTC,BUY,1.7086796358889842,0.0017086796358889843,0.075,S6_REVERSAL
2026-08-15 12:00:00+00:00,ETH,BUY,4.546109224015709,0.004546109224015708,0.075,S6_REVERSAL
2026-08-15 12:00:00+00:00,SOL,BUY,2.714903363790654,0.002714903363790654,0.075,S6_REVERSAL
2026-08-15 13:00:00+00:00,ETH,SELL,13.137347399530881,0.013137347399530881,0.075,S6_REVERSAL
2026-08-15 13:00:00+00:00,SOL,SELL,12.692477946651708,0.012692477946651709,0.075,S6_REVERSAL
2026-08-15 14:00:00+00:00,ETH,BUY,1.1866951855890875,0.0011866951855890875,0.075,S6_REVERSAL
2026-08-15 14:00:00+00:00,SOL,SELL,13.162160136858803,0.013162160136858803,0.075,S6_REVERSAL
2026-08-15 15:00:00+00:00,SOL,BUY,9.66550050002752,0.00966550050002752,0.075,S6_REVERSAL
2026-08-15 16:00:00+00:00,BTC,SELL,4.503106486172328,0.004503106486172328,0.075,S6_REVERSAL
2026-08-15 16:00:00+00:00,ETH,SELL,3.6255562885016843,0.0036255562885016846,0.075,S6_REVERSAL
2026-08-15 16:00:00+00:00,SOL,SELL,4.109054622458643,0.004109054622458644,0.075,S6_REVERSAL
2026-08-15 17:00:00+00:00,SOL,BUY,2.4633011359392185,0.0024633011359392184,0.075,S6_REVERSAL
2026-08-15 18:00:00+00:00,BTC,BUY,3.9297834302369665,0.003929783430236967,0.075,S6_REVERSAL
2026-08-15 18:00:00+00:00,ETH,BUY,2.2545092612563167,0.0022545092612563165,0.075,S6_REVERSAL
2026-08-15 18:00:00+00:00,SOL,SELL,16.051393150027252,0.01605139315002725,0.075,S6_REVERSAL
2026-08-15 19:00:00+00:00,ETH,BUY,4.6243148078619924,0.004624314807861993,0.075,S6_REVERSAL
2026-08-15 19:00:00+00:00,SOL,BUY,9.344768943038616,0.009344768943038616,0.075,S6_REVERSAL
2026-08-15 20:00:00+00:00,BTC,SELL,6.223203117972844,0.006223203117972844,0.075,S6_REVERSAL
2026-08-15 20:00:00+00:00,ETH,SELL,5.119283379867738,0.0051192833798677385,0.075,S6_REVERSAL
2026-08-15 21:00:00+00:00,BTC,BUY,1.7447337406265433,0.0017447337406265434,0.075,S6_REVERSAL
2026-08-15 21:00:00+00:00,ETH,BUY,3.3917568270835545,0.0033917568270835545,0.075,S6_REVERSAL
2026-08-15 21:00:00+00:00,SOL,BUY,2.175978408723495,0.002175978408723495,0.075,S6_REVERSAL
2026-08-15 22:00:00+00:00,BTC,SELL,4.374812359156749,0.004374812359156749,0.075,S6_REVERSAL
2026-08-15 22:00:00+00:00,ETH,SELL,4.683148654472461,0.004683148654472461,0.075,S6_REVERSAL
2026-08-15 22:00:00+00:00,SOL,SELL,7.3461211419516985,0.007346121141951698,0.075,S6_REVERSAL
2026-08-15 23:00:00+00:00,BTC,SELL,6746.989982183576,6.746989982183576,0.0,CASH
2026-08-15 23:00:00+00:00,ETH,SELL,6748.357744640258,6.748357744640258,0.0,CASH
2026-08-15 23:00:00+00:00,SOL,BUY,3.851308377359601,0.003851308377359601,0.075,S6_REVERSAL
2026-08-16 00:00:00+00:00,SOL,BUY,18.808360208267914,0.018808360208267913,0.075,S6_REVERSAL
2026-08-16 01:00:00+00:00,SOL,SELL,9.939517768401856,0.009939517768401856,0.075,S6_REVERSAL
2026-08-16 02:00:00+00:00,SOL,BUY,3.3070839584024725,0.0033070839584024726,0.075,S6_REVERSAL
2026-08-16 03:00:00+00:00,SOL,SELL,11.583328688720938,0.011583328688720938,0.075,S6_REVERSAL
2026-08-16 04:00:00+00:00,SOL,SELL,1.652758887870732,0.001652758887870732,0.075,S6_REVERSAL
2026-08-16 05:00:00+00:00,SOL,BUY,11.560275521317635,0.011560275521317635,0.075,S6_REVERSAL
2026-08-16 06:00:00+00:00,SOL,BUY,7.443573731788092,0.007443573731788092,0.075,S6_REVERSAL
2026-08-16 07:00:00+00:00,SOL,SELL,1.6567057456704786,0.0016567057456704786,0.075,S6_REVERSAL
2026-08-16 08:00:00+00:00,SOL,SELL,7.450958229286698,0.007450958229286698,0.075,S6_REVERSAL
2026-08-16 10:00:00+00:00,SOL,BUY,12.40379937615944,0.01240379937615944,0.075,S6_REVERSAL
2026-08-16 11:00:00+00:00,SOL,BUY,4.141472293548759,0.004141472293548759,0.075,S6_REVERSAL
2026-08-16 12:00:00+00:00,BTC,BUY,6745.867853681912,6.745867853681911,0.075,S6_REVERSAL
2026-08-16 12:00:00+00:00,SOL,SELL,1.658289540554506,0.001658289540554506,0.075,S6_REVERSAL
2026-08-16 13:00:00+00:00,BTC,SELL,1.7341357797977253,0.0017341357797977252,0.075,S6_REVERSAL
2026-08-16 13:00:00+00:00,SOL,BUY,4.533531943197886,0.0045335319431978865,0.075,S6_REVERSAL
2026-08-16 14:00:00+00:00,BTC,SELL,3.2264805983240876,0.0032264805983240876,0.075,S6_REVERSAL
2026-08-16 14:00:00+00:00,SOL,SELL,6.3300291518098675,0.006330029151809868,0.075,S6_REVERSAL
2026-08-16 15:00:00+00:00,BTC,SELL,3.636190401173735,0.0036361904011737354,0.075,S6_REVERSAL
2026-08-16 15:00:00+00:00,ETH,BUY,13493.631701945746,13.493631701945747,0.15,S3_TREND
2026-08-16 15:00:00+00:00,SOL,SELL,7.114015630355425,0.007114015630355425,0.075,S6_REVERSAL
2026-08-16 16:00:00+00:00,BTC,SELL,3.8815059325697807,0.003881505932569781,0.075,S6_REVERSAL
2026-08-16 16:00:00+00:00,ETH,SELL,2.395000984704893,0.002395000984704893,0.15,S3_TREND
2026-08-16 16:00:00+00:00,SOL,SELL,14.4390300220457,0.014439030022045699,0.075,S6_REVERSAL
2026-08-16 17:00:00+00:00,BTC,SELL,8.32718882349127,0.00832718882349127,0.075,S6_REVERSAL
2026-08-16 17:00:00+00:00,ETH,SELL,31.984871057980858,0.03198487105798086,0.15,S3_TREND
2026-08-16 17:00:00+00:00,SOL,BUY,4.7056458866454705,0.00470564588664547,0.075,S6_REVERSAL
2026-08-16 18:00:00+00:00,BTC,BUY,5.6298717962927185,0.005629871796292718,0.075,S6_REVERSAL
2026-08-16 18:00:00+00:00,ETH,BUY,21.280909291655917,0.021280909291655915,0.15,S3_TREND
2026-08-16 18:00:00+00:00,SOL,BUY,20.795709242764133,0.020795709242764134,0.075,S6_REVERSAL
2026-08-16 19:00:00+00:00,BTC,BUY,1.5280005739750777,0.0015280005739750778,0.075,S6_REVERSAL
2026-08-16 19:00:00+00:00,ETH,SELL,3.277191244329515,0.003277191244329515,0.15,S3_TREND
2026-08-16 19:00:00+00:00,SOL,BUY,6.640991583751202,0.006640991583751202,0.075,S6_REVERSAL
2026-08-16 20:00:00+00:00,BTC,BUY,3.4717520857439013,0.0034717520857439014,0.075,S6_REVERSAL
2026-08-16 20:00:00+00:00,ETH,SELL,2.1667197108163236,0.002166719710816324,0.15,S3_TREND
2026-08-16 20:00:00+00:00,SOL,SELL,2.5584188480133894,0.0025584188480133893,0.075,S6_REVERSAL
2026-08-16 21:00:00+00:00,ETH,BUY,20.13688551535779,0.02013688551535779,0.15,S3_TREND
2026-08-16 21:00:00+00:00,SOL,BUY,13.371805156451046,0.013371805156451047,0.075,S6_REVERSAL
2026-08-16 22:00:00+00:00,BTC,BUY,6.265097301131391,0.006265097301131391,0.075,S6_REVERSAL
2026-08-16 22:00:00+00:00,ETH,BUY,27.70002034434583,0.027700020344345832,0.15,S3_TREND
2026-08-16 22:00:00+00:00,SOL,SELL,6680.217398159155,6.680217398159155,0.0,CASH
2026-08-16 23:00:00+00:00,BTC,BUY,6733.9780366959085,6.733978036695909,0.15,S3_TREND
2026-08-16 23:00:00+00:00,ETH,SELL,4.313863261699225,0.004313863261699226,0.15,S3_TREND
2026-08-16 23:00:00+00:00,SOL,BUY,6732.637776685288,6.732637776685289,0.075,S6_REVERSAL
2026-08-17 00:00:00+00:00,BTC,BUY,1.7838493834369729,0.0017838493834369728,0.15,S3_TREND
2026-08-17 00:00:00+00:00,SOL,SELL,9.608837438390765,0.009608837438390765,0.075,S6_REVERSAL
2026-08-17 01:00:00+00:00,ETH,SELL,18.053208840725347,0.018053208840725348,0.15,S3_TREND
2026-08-17 01:00:00+00:00,SOL,BUY,1.8472171624971452,0.0018472171624971453,0.075,S6_REVERSAL
2026-08-17 02:00:00+00:00,BTC,SELL,15.999020369688878,0.01599902036968888,0.15,S3_TREND
2026-08-17 02:00:00+00:00,ETH,SELL,64.7500978672415,0.0647500978672415,0.15,S3_TREND
2026-08-17 02:00:00+00:00,SOL,SELL,30.032327269567755,0.030032327269567755,0.075,S6_REVERSAL
2026-08-17 03:00:00+00:00,BTC,SELL,35.517353649986035,0.03551735364998604,0.15,S3_TREND
2026-08-17 03:00:00+00:00,ETH,SELL,50.369545360104894,0.05036954536010489,0.15,S3_TREND
2026-08-17 03:00:00+00:00,SOL,SELL,22.094251461026943,0.022094251461026945,0.075,S6_REVERSAL
2026-08-17 04:00:00+00:00,BTC,SELL,5.817950178787214,0.005817950178787214,0.15,S3_TREND
2026-08-17 04:00:00+00:00,ETH,BUY,9.79291048586856,0.00979291048586856,0.15,S3_TREND
2026-08-17 04:00:00+00:00,SOL,SELL,2.836122256420822,0.002836122256420822,0.075,S6_REVERSAL
2026-08-17 05:00:00+00:00,BTC,SELL,15.472197404007602,0.015472197404007602,0.15,S3_TREND
2026-08-17 05:00:00+00:00,ETH,SELL,10.540297504941918,0.010540297504941919,0.15,S3_TREND
2026-08-17 05:00:00+00:00,SOL,SELL,1.2110206310408103,0.0012110206310408103,0.075,S6_REVERSAL
2026-08-17 06:00:00+00:00,BTC,SELL,3.9816210552344273,0.003981621055234428,0.15,S3_TREND
2026-08-17 06:00:00+00:00,ETH,BUY,19.49207427100373,0.01949207427100373,0.15,S3_TREND
2026-08-17 06:00:00+00:00,SOL,BUY,11.919546994166012,0.011919546994166013,0.075,S6_REVERSAL
2026-08-17 07:00:00+00:00,BTC,SELL,12.796997604920762,0.012796997604920762,0.15,S3_TREND
2026-08-17 07:00:00+00:00,ETH,SELL,34.00027943678651,0.03400027943678651,0.15,S3_TREND
2026-08-17 07:00:00+00:00,SOL,SELL,31.01175020290702,0.031011750202907022,0.075,S6_REVERSAL
2026-08-17 08:00:00+00:00,BTC,BUY,20.41110455666967,0.02041110455666967,0.15,S3_TREND
2026-08-17 08:00:00+00:00,ETH,BUY,31.277744906325097,0.031277744906325095,0.15,S3_TREND
2026-08-17 09:00:00+00:00,BTC,BUY,9.890295998935471,0.009890295998935471,0.15,S3_TREND
2026-08-17 09:00:00+00:00,ETH,BUY,27.614475471971673,0.027614475471971673,0.15,S3_TREND
2026-08-17 09:00:00+00:00,SOL,BUY,6792.925963461818,6.792925963461818,0.15,S3_TREND
2026-08-17 10:00:00+00:00,BTC,BUY,11.519515053747455,0.011519515053747455,0.15,S3_TREND
2026-08-17 10:00:00+00:00,ETH,BUY,2.3961550477579294,0.0023961550477579296,0.15,S3_TREND
2026-08-17 10:00:00+00:00,SOL,SELL,18.551460248318108,0.018551460248318108,0.15,S3_TREND
2026-08-17 11:00:00+00:00,BTC,SELL,40.620619698052906,0.040620619698052904,0.15,S3_TREND
2026-08-17 11:00:00+00:00,ETH,SELL,55.71256136396187,0.05571256136396187,0.15,S3_TREND
2026-08-17 11:00:00+00:00,SOL,SELL,42.75347298059569,0.04275347298059569,0.15,S3_TREND
2026-08-17 12:00:00+00:00,BTC,BUY,5.743614985241948,0.005743614985241948,0.15,S3_TREND
2026-08-17 12:00:00+00:00,ETH,BUY,11.857027918911626,0.011857027918911626,0.15,S3_TREND
2026-08-17 12:00:00+00:00,SOL,BUY,8.836607190534778,0.008836607190534779,0.15,S3_TREND
2026-08-17 13:00:00+00:00,ETH,BUY,21.70770710036777,0.02170770710036777,0.15,S3_TREND
2026-08-17 13:00:00+00:00,SOL,BUY,34.53313304248877,0.03453313304248877,0.15,S3_TREND
2026-08-17 14:00:00+00:00,BTC,SELL,8.837034435731766,0.008837034435731767,0.15,S3_TREND
2026-08-17 14:00:00+00:00,ETH,SELL,25.101518293155095,0.025101518293155097,0.15,S3_TREND
2026-08-17 14:00:00+00:00,SOL,SELL,22.16954554502263,0.02216954554502263,0.15,S3_TREND
2026-08-17 15:00:00+00:00,BTC,SELL,26.956311333557096,0.026956311333557095,0.15,S3_TREND
2026-08-17 15:00:00+00:00,ETH,SELL,11.329908374484148,0.011329908374484148,0.15,S3_TREND
2026-08-17 15:00:00+00:00,SOL,SELL,42.4393625172852,0.042439362517285195,0.15,S3_TREND
2026-08-17 16:00:00+00:00,BTC,SELL,46.59034141679513,0.04659034141679513,0.15,S3_TREND
2026-08-17 16:00:00+00:00,ETH,SELL,9.123973159430534,0.009123973159430534,0.15,S3_TREND
2026-08-17 16:00:00+00:00,SOL,SELL,4.90303580887121,0.0049030358088712105,0.15,S3_TREND
2026-08-17 17:00:00+00:00,BTC,BUY,6.59531147636153,0.0065953114763615305,0.15,S3_TREND
2026-08-17 17:00:00+00:00,ETH,BUY,31.428435312944202,0.0314284353129442,0.15,S3_TREND
2026-08-17 17:00:00+00:00,SOL,BUY,3.051361655428991,0.0030513616554289913,0.15,S3_TREND
2026-08-17 18:00:00+00:00,BTC,SELL,38.95395940218441,0.03895395940218441,0.15,S3_TREND
2026-08-17 18:00:00+00:00,ETH,SELL,6.495389157962563,0.006495389157962564,0.15,S3_TREND
2026-08-17 18:00:00+00:00,SOL,BUY,25.150721144198542,0.025150721144198543,0.15,S3_TREND
2026-08-17 19:00:00+00:00,BTC,SELL,17.82420140902468,0.01782420140902468,0.15,S3_TREND
2026-08-17 19:00:00+00:00,ETH,SELL,3.9379230857975926,0.003937923085797592,0.15,S3_TREND
2026-08-17 19:00:00+00:00,SOL,BUY,7.457094501020038,0.007457094501020038,0.15,S3_TREND
2026-08-17 20:00:00+00:00,BTC,BUY,15.937574117722761,0.01593757411772276,0.15,S3_TREND
2026-08-17 20:00:00+00:00,ETH,BUY,10.495760233692636,0.010495760233692636,0.15,S3_TREND
2026-08-17 20:00:00+00:00,SOL,BUY,6.976498540268949,0.006976498540268949,0.15,S3_TREND
2026-08-17 21:00:00+00:00,BTC,SELL,10.289755478030202,0.010289755478030202,0.15,S3_TREND
2026-08-17 21:00:00+00:00,ETH,BUY,10.796946331707659,0.01079694633170766,0.15,S3_TREND
2026-08-17 21:00:00+00:00,SOL,SELL,26.828899957767135,0.026828899957767136,0.15,S3_TREND
2026-08-17 22:00:00+00:00,SOL,BUY,5.320703624109228,0.005320703624109228,0.15,S3_TREND
2026-08-17 23:00:00+00:00,BTC,BUY,8.885534222072238,0.008885534222072238,0.15,S3_TREND
2026-08-17 23:00:00+00:00,ETH,BUY,2.946597232881686,0.002946597232881686,0.15,S3_TREND
2026-08-17 23:00:00+00:00,SOL,BUY,28.627134067894076,0.028627134067894078,0.15,S3_TREND
2026-08-18 00:00:00+00:00,BTC,SELL,26.022114529092505,0.026022114529092505,0.15,S3_TREND
2026-08-18 00:00:00+00:00,ETH,SELL,39.51463369226076,0.03951463369226076,0.15,S3_TREND
2026-08-18 00:00:00+00:00,SOL,SELL,25.35259121627496,0.02535259121627496,0.15,S3_TREND
2026-08-18 01:00:00+00:00,BTC,BUY,23.64769332724609,0.02364769332724609,0.15,S3_TREND
2026-08-18 01:00:00+00:00,ETH,BUY,17.043706095048037,0.017043706095048038,0.15,S3_TREND
2026-08-18 01:00:00+00:00,SOL,SELL,12.951291217472317,0.012951291217472316,0.15,S3_TREND
2026-08-18 02:00:00+00:00,BTC,BUY,11.435306900351861,0.011435306900351862,0.15,S3_TREND
2026-08-18 02:00:00+00:00,ETH,BUY,33.76327155983381,0.03376327155983381,0.15,S3_TREND
2026-08-18 02:00:00+00:00,SOL,BUY,54.8290608409643,0.054829060840964304,0.15,S3_TREND
2026-08-18 03:00:00+00:00,ETH,BUY,38.829745899898626,0.03882974589989863,0.15,S3_TREND
2026-08-18 03:00:00+00:00,SOL,BUY,36.76232836102281,0.03676232836102281,0.15,S3_TREND
2026-08-18 04:00:00+00:00,BTC,SELL,7.044874562056066,0.007044874562056066,0.15,S3_TREND
2026-08-18 04:00:00+00:00,SOL,SELL,30.965058238127316,0.030965058238127317,0.15,S3_TREND
2026-08-18 05:00:00+00:00,BTC,BUY,6.989966390749032,0.006989966390749032,0.15,S3_TREND
2026-08-18 05:00:00+00:00,ETH,SELL,2.0883547063640435,0.0020883547063640434,0.15,S3_TREND
2026-08-18 05:00:00+00:00,SOL,SELL,50.433600200583896,0.0504336002005839,0.15,S3_TREND
2026-08-18 06:00:00+00:00,BTC,SELL,10.15751851071218,0.01015751851071218,0.15,S3_TREND
2026-08-18 06:00:00+00:00,ETH,BUY,4.118089531903024,0.004118089531903024,0.15,S3_TREND
2026-08-18 06:00:00+00:00,SOL,BUY,18.127349573196625,0.018127349573196627,0.15,S3_TREND
2026-08-18 07:00:00+00:00,BTC,BUY,2.0250653270904877,0.002025065327090488,0.15,S3_TREND
2026-08-18 07:00:00+00:00,ETH,SELL,33.704717961825736,0.03370471796182574,0.15,S3_TREND
2026-08-18 07:00:00+00:00,SOL,SELL,33.98400694586053,0.033984006945860526,0.15,S3_TREND
2026-08-18 08:00:00+00:00,BTC,BUY,19.18895577571675,0.01918895577571675,0.15,S3_TREND
2026-08-18 08:00:00+00:00,ETH,BUY,22.66557434610513,0.02266557434610513,0.15,S3_TREND
2026-08-18 08:00:00+00:00,SOL,SELL,20.201338721575667,0.020201338721575667,0.15,S3_TREND
2026-08-18 09:00:00+00:00,BTC,SELL,13.975858202407835,0.013975858202407836,0.15,S3_TREND
2026-08-18 09:00:00+00:00,ETH,SELL,4.04774559566431,0.00404774559566431,0.15,S3_TREND
2026-08-18 09:00:00+00:00,SOL,SELL,5.951872341071066,0.005951872341071067,0.15,S3_TREND
2026-08-18 10:00:00+00:00,BTC,BUY,12.483051273382443,0.012483051273382444,0.15,S3_TREND
2026-08-18 10:00:00+00:00,ETH,BUY,10.436352593129413,0.010436352593129413,0.15,S3_TREND
2026-08-18 10:00:00+00:00,SOL,BUY,27.271988646030877,0.02727198864603088,0.15,S3_TREND
2026-08-18 11:00:00+00:00,BTC,SELL,6.799638341884929,0.006799638341884929,0.15,S3_TREND
2026-08-18 11:00:00+00:00,ETH,SELL,7.998387869720318,0.007998387869720317,0.15,S3_TREND
2026-08-18 11:00:00+00:00,SOL,BUY,15.78111708464894,0.01578111708464894,0.15,S3_TREND
2026-08-18 12:00:00+00:00,BTC,SELL,8.556748010609226,0.008556748010609226,0.15,S3_TREND
2026-08-18 12:00:00+00:00,ETH,SELL,13.725084553285342,0.013725084553285341,0.15,S3_TREND
2026-08-18 12:00:00+00:00,SOL,SELL,61.21767760441435,0.06121767760441435,0.15,S3_TREND
2026-08-18 13:00:00+00:00,BTC,BUY,15.951498583784996,0.015951498583784997,0.15,S3_TREND
2026-08-18 13:00:00+00:00,ETH,BUY,16.356809877584965,0.016356809877584966,0.15,S3_TREND
2026-08-18 13:00:00+00:00,SOL,BUY,2.8424546163496416,0.002842454616349642,0.15,S3_TREND
2026-08-18 14:00:00+00:00,BTC,SELL,1.0290449933327181,0.0010290449933327182,0.15,S3_TREND
2026-08-18 14:00:00+00:00,ETH,BUY,8.565617219122942,0.008565617219122941,0.15,S3_TREND
2026-08-18 14:00:00+00:00,SOL,BUY,3.9692631421930855,0.003969263142193085,0.15,S3_TREND
2026-08-18 15:00:00+00:00,BTC,SELL,58.825178201044764,0.05882517820104476,0.15,S3_TREND
2026-08-18 15:00:00+00:00,ETH,SELL,48.721230270874,0.048721230270874,0.15,S3_TREND
2026-08-18 15:00:00+00:00,SOL,SELL,59.46007626139908,0.059460076261399084,0.15,S3_TREND
2026-08-18 16:00:00+00:00,BTC,SELL,7.443242039209508,0.007443242039209508,0.15,S3_TREND
2026-08-18 16:00:00+00:00,ETH,SELL,25.38278093740155,0.02538278093740155,0.15,S3_TREND
2026-08-18 16:00:00+00:00,SOL,SELL,48.692434246529956,0.048692434246529956,0.15,S3_TREND
2026-08-18 17:00:00+00:00,ETH,SELL,8.256963846231884,0.008256963846231884,0.15,S3_TREND
2026-08-18 17:00:00+00:00,SOL,BUY,18.33315052456055,0.01833315052456055,0.15,S3_TREND
2026-08-18 18:00:00+00:00,BTC,BUY,18.079561967566406,0.018079561967566406,0.15,S3_TREND
2026-08-18 18:00:00+00:00,ETH,BUY,32.408342005464874,0.03240834200546487,0.15,S3_TREND
2026-08-18 18:00:00+00:00,SOL,BUY,15.636441167413068,0.015636441167413067,0.15,S3_TREND
2026-08-18 19:00:00+00:00,BTC,SELL,2.851666843000203,0.0028516668430002027,0.15,S3_TREND
2026-08-18 19:00:00+00:00,ETH,SELL,18.56104339400372,0.018561043394003718,0.15,S3_TREND
2026-08-18 19:00:00+00:00,SOL,SELL,46.88461954070226,0.04688461954070226,0.15,S3_TREND
2026-08-18 20:00:00+00:00,BTC,BUY,17.353270347201033,0.017353270347201032,0.15,S3_TREND
2026-08-18 20:00:00+00:00,ETH,BUY,13.877321370091522,0.013877321370091523,0.15,S3_TREND
2026-08-18 20:00:00+00:00,SOL,BUY,4.381196886926773,0.004381196886926773,0.15,S3_TREND
2026-08-18 21:00:00+00:00,BTC,BUY,2.9345031062421185,0.0029345031062421186,0.15,S3_TREND
2026-08-18 21:00:00+00:00,ETH,SELL,7.971908499328493,0.007971908499328493,0.15,S3_TREND
2026-08-18 21:00:00+00:00,SOL,BUY,41.279116044868715,0.04127911604486872,0.15,S3_TREND
2026-08-18 22:00:00+00:00,BTC,SELL,1.9174800983309979,0.001917480098330998,0.15,S3_TREND
2026-08-18 22:00:00+00:00,ETH,BUY,8.451834050258185,0.008451834050258185,0.15,S3_TREND
2026-08-18 22:00:00+00:00,SOL,SELL,16.708847319116103,0.016708847319116104,0.15,S3_TREND
2026-08-18 23:00:00+00:00,BTC,SELL,5.306778496385959,0.00530677849638596,0.15,S3_TREND
2026-08-18 23:00:00+00:00,ETH,SELL,7.721398093823154,0.007721398093823154,0.15,S3_TREND
2026-08-18 23:00:00+00:00,SOL,BUY,9.730809287595548,0.009730809287595548,0.15,S3_TREND
2026-08-19 00:00:00+00:00,BTC,SELL,8.988502809916099,0.0089885028099161,0.15,S3_TREND
2026-08-19 00:00:00+00:00,ETH,SELL,21.250932171849854,0.021250932171849854,0.15,S3_TREND
2026-08-19 00:00:00+00:00,SOL,SELL,7.424653098547424,0.0074246530985474235,0.15,S3_TREND
2026-08-19 01:00:00+00:00,BTC,BUY,34.514865445346004,0.034514865445346,0.15,S3_TREND
2026-08-19 01:00:00+00:00,ETH,BUY,14.590891851676133,0.014590891851676134,0.15,S3_TREND
2026-08-19 01:00:00+00:00,SOL,BUY,7.528975834715311,0.007528975834715311,0.15,S3_TREND
2026-08-19 02:00:00+00:00,BTC,BUY,12.570456417355672,0.012570456417355672,0.15,S3_TREND
2026-08-19 02:00:00+00:00,ETH,SELL,6.325923397283987,0.006325923397283987,0.15,S3_TREND
2026-08-19 02:00:00+00:00,SOL,BUY,15.329479114483547,0.015329479114483548,0.15,S3_TREND
2026-08-19 03:00:00+00:00,BTC,BUY,2.622333641491423,0.002622333641491423,0.15,S3_TREND
2026-08-19 03:00:00+00:00,ETH,BUY,34.788183325494174,0.034788183325494174,0.15,S3_TREND
2026-08-19 03:00:00+00:00,SOL,SELL,9.415419214390568,0.009415419214390567,0.15,S3_TREND
2026-08-19 04:00:00+00:00,BTC,BUY,13.316822666887674,0.013316822666887674,0.15,S3_TREND
2026-08-19 04:00:00+00:00,ETH,SELL,22.79198401402755,0.022791984014027548,0.15,S3_TREND
2026-08-19 04:00:00+00:00,SOL,SELL,23.010129537162356,0.023010129537162357,0.15,S3_TREND
2026-08-19 05:00:00+00:00,BTC,SELL,2.2495377627674316,0.0022495377627674315,0.15,S3_TREND
2026-08-19 05:00:00+00:00,ETH,BUY,4.007888291924246,0.004007888291924246,0.15,S3_TREND
2026-08-19 05:00:00+00:00,SOL,BUY,17.65758868645935,0.01765758868645935,0.15,S3_TREND
2026-08-19 06:00:00+00:00,BTC,BUY,12.4859839171786,0.012485983917178601,0.15,S3_TREND
2026-08-19 06:00:00+00:00,SOL,BUY,4.373836909926467,0.004373836909926467,0.15,S3_TREND
2026-08-19 07:00:00+00:00,BTC,SELL,3.6478680323489243,0.003647868032348924,0.15,S3_TREND
2026-08-19 07:00:00+00:00,ETH,SELL,34.54555682931277,0.034545556829312776,0.15,S3_TREND
2026-08-19 07:00:00+00:00,SOL,SELL,29.46678438783601,0.029466784387836013,0.15,S3_TREND
2026-08-19 08:00:00+00:00,BTC,BUY,2.9502119777353073,0.0029502119777353075,0.15,S3_TREND
2026-08-19 08:00:00+00:00,ETH,BUY,5.255965940781607,0.005255965940781608,0.15,S3_TREND
2026-08-19 08:00:00+00:00,SOL,BUY,14.876832334530263,0.014876832334530264,0.15,S3_TREND
2026-08-19 09:00:00+00:00,BTC,SELL,3.945095378816404,0.003945095378816404,0.15,S3_TREND
2026-08-19 09:00:00+00:00,ETH,SELL,18.114032950734327,0.018114032950734327,0.15,S3_TREND
2026-08-19 09:00:00+00:00,SOL,SELL,55.00507501685206,0.05500507501685206,0.15,S3_TREND
2026-08-19 10:00:00+00:00,BTC,SELL,6.316718688749461,0.006316718688749461,0.15,S3_TREND
2026-08-19 10:00:00+00:00,ETH,BUY,12.201476268417537,0.012201476268417537,0.15,S3_TREND
2026-08-19 10:00:00+00:00,SOL,BUY,7.022971716876782,0.007022971716876782,0.15,S3_TREND
2026-08-19 11:00:00+00:00,BTC,SELL,3.0195670848061127,0.0030195670848061126,0.15,S3_TREND
2026-08-19 11:00:00+00:00,ETH,SELL,3.3532748057350545,0.0033532748057350545,0.15,S3_TREND
2026-08-19 11:00:00+00:00,SOL,SELL,5.5605194520230725,0.0055605194520230725,0.15,S3_TREND
2026-08-19 12:00:00+00:00,BTC,SELL,3.3487085980250413,0.0033487085980250415,0.15,S3_TREND
2026-08-19 12:00:00+00:00,ETH,SELL,10.976945651762435,0.010976945651762436,0.15,S3_TREND
2026-08-19 12:00:00+00:00,SOL,SELL,19.06983730725733,0.01906983730725733,0.15,S3_TREND
2026-08-19 13:00:00+00:00,BTC,SELL,27.852510790457018,0.02785251079045702,0.15,S3_TREND
2026-08-19 13:00:00+00:00,ETH,SELL,50.71569586596161,0.050715695865961606,0.15,S3_TREND
2026-08-19 13:00:00+00:00,SOL,SELL,103.37327863902647,0.10337327863902647,0.15,S3_TREND
2026-08-19 14:00:00+00:00,BTC,SELL,27.88428025907342,0.02788428025907342,0.15,S3_TREND
2026-08-19 14:00:00+00:00,ETH,BUY,29.903756218653143,0.029903756218653144,0.15,S3_TREND
2026-08-19 15:00:00+00:00,BTC,SELL,57.79399303642094,0.057793993036420944,0.15,S3_TREND
2026-08-19 15:00:00+00:00,ETH,SELL,132.92132390647203,0.13292132390647202,0.15,S3_TREND
2026-08-19 15:00:00+00:00,SOL,SELL,301.0641446602749,0.3010641446602749,0.15,S3_TREND
2026-08-19 16:00:00+00:00,BTC,SELL,323.7779433402193,0.3237779433402193,0.15,S3_TREND
2026-08-19 16:00:00+00:00,ETH,SELL,580.273686324108,0.580273686324108,0.15,S3_TREND
2026-08-19 16:00:00+00:00,SOL,BUY,68.81065348889024,0.06881065348889025,0.15,S3_TREND
2026-08-19 17:00:00+00:00,BTC,BUY,12.629212630819893,0.012629212630819894,0.15,S3_TREND
2026-08-19 17:00:00+00:00,ETH,SELL,30.602423074731632,0.030602423074731634,0.15,S3_TREND
2026-08-19 17:00:00+00:00,SOL,BUY,37.35899904081816,0.037358999040818165,0.15,S3_TREND
2026-08-19 18:00:00+00:00,BTC,BUY,49.99471751231249,0.04999471751231249,0.15,S3_TREND
2026-08-19 18:00:00+00:00,ETH,SELL,14.90040722946469,0.014900407229464691,0.15,S3_TREND
2026-08-19 18:00:00+00:00,SOL,SELL,17.00316448097874,0.01700316448097874,0.15,S3_TREND
2026-08-19 19:00:00+00:00,BTC,SELL,17.889138392189125,0.017889138392189124,0.15,S3_TREND
2026-08-19 19:00:00+00:00,ETH,BUY,17.0302171178173,0.0170302171178173,0.15,S3_TREND
2026-08-19 19:00:00+00:00,SOL,SELL,83.57098084774043,0.08357098084774044,0.15,S3_TREND
2026-08-19 20:00:00+00:00,BTC,BUY,6.8842846500447195,0.0068842846500447195,0.15,S3_TREND
2026-08-19 20:00:00+00:00,ETH,SELL,54.11699831922488,0.054116998319224875,0.15,S3_TREND
2026-08-19 20:00:00+00:00,SOL,SELL,3.3303271706827218,0.003330327170682722,0.15,S3_TREND
2026-08-19 21:00:00+00:00,BTC,BUY,43.0478379987635,0.0430478379987635,0.15,S3_TREND
2026-08-19 21:00:00+00:00,ETH,SELL,607.0374615117562,0.6070374615117562,0.15,S3_TREND
2026-08-19 21:00:00+00:00,SOL,SELL,60.370114253264546,0.06037011425326455,0.15,S3_TREND
2026-08-19 22:00:00+00:00,BTC,BUY,23.810013003007043,0.023810013003007044,0.15,S3_TREND
2026-08-19 22:00:00+00:00,ETH,SELL,275.5461696237162,0.2755461696237162,0.15,S3_TREND
2026-08-19 22:00:00+00:00,SOL,SELL,336.50759763517453,0.3365075976351745,0.15,S3_TREND
2026-08-19 23:00:00+00:00,BTC,BUY,16.335100668316954,0.016335100668316956,0.15,S3_TREND
2026-08-19 23:00:00+00:00,ETH,BUY,150.05495894029082,0.15005495894029083,0.15,S3_TREND
2026-08-19 23:00:00+00:00,SOL,BUY,114.41285792817689,0.11441285792817689,0.15,S3_TREND
2026-08-20 00:00:00+00:00,BTC,SELL,13.212994908382825,0.013212994908382826,0.15,S3_TREND
2026-08-20 00:00:00+00:00,ETH,SELL,15.408982474527875,0.015408982474527875,0.15,S3_TREND
2026-08-20 00:00:00+00:00,SOL,BUY,19.239490873458635,0.019239490873458637,0.15,S3_TREND
2026-08-20 01:00:00+00:00,BTC,SELL,15.544498909443064,0.015544498909443065,0.15,S3_TREND
2026-08-20 01:00:00+00:00,ETH,SELL,57.90982574617192,0.05790982574617192,0.15,S3_TREND
2026-08-20 01:00:00+00:00,SOL,BUY,65.82948029575527,0.06582948029575528,0.15,S3_TREND
2026-08-20 02:00:00+00:00,BTC,SELL,39.694450133403734,0.03969445013340373,0.15,S3_TREND
2026-08-20 02:00:00+00:00,ETH,SELL,5.368199104595988,0.005368199104595988,0.15,S3_TREND
2026-08-20 02:00:00+00:00,SOL,SELL,38.05530844055647,0.038055308440556476,0.15,S3_TREND
2026-08-20 03:00:00+00:00,BTC,BUY,44.42330970689545,0.04442330970689545,0.15,S3_TREND
2026-08-20 03:00:00+00:00,ETH,BUY,51.418265664440696,0.051418265664440695,0.15,S3_TREND
2026-08-20 03:00:00+00:00,SOL,BUY,58.704133431114315,0.058704133431114316,0.15,S3_TREND
2026-08-20 04:00:00+00:00,BTC,BUY,10.535284966887048,0.010535284966887049,0.15,S3_TREND
2026-08-20 04:00:00+00:00,ETH,SELL,7.019501452597979,0.007019501452597979,0.15,S3_TREND
2026-08-20 04:00:00+00:00,SOL,BUY,37.680016409076416,0.037680016409076415,0.15,S3_TREND
2026-08-20 05:00:00+00:00,BTC,SELL,43.82069460026105,0.04382069460026105,0.15,S3_TREND
2026-08-20 05:00:00+00:00,ETH,BUY,23.393717861619734,0.023393717861619735,0.15,S3_TREND
2026-08-20 05:00:00+00:00,SOL,SELL,43.512324015169725,0.043512324015169725,0.15,S3_TREND
2026-08-20 06:00:00+00:00,BTC,BUY,16.165532842414905,0.016165532842414905,0.15,S3_TREND
2026-08-20 06:00:00+00:00,ETH,BUY,10.708809846555596,0.010708809846555596,0.15,S3_TREND
2026-08-20 06:00:00+00:00,SOL,SELL,21.69339051018505,0.02169339051018505,0.15,S3_TREND
2026-08-20 07:00:00+00:00,BTC,SELL,40.07804231073533,0.04007804231073533,0.15,S3_TREND
2026-08-20 07:00:00+00:00,ETH,SELL,39.9490298154833,0.0399490298154833,0.15,S3_TREND
2026-08-20 07:00:00+00:00,SOL,SELL,109.95615743777309,0.1099561574377731,0.15,S3_TREND
2026-08-20 08:00:00+00:00,BTC,BUY,2.017125646219938,0.002017125646219938,0.15,S3_TREND
2026-08-20 08:00:00+00:00,ETH,BUY,64.29673348590222,0.06429673348590223,0.15,S3_TREND
2026-08-20 08:00:00+00:00,SOL,SELL,47.09694599540853,0.047096945995408535,0.15,S3_TREND
2026-08-20 09:00:00+00:00,BTC,SELL,247.61572709635948,0.24761572709635948,0.15,S3_TREND
2026-08-20 09:00:00+00:00,ETH,SELL,76.55321569716581,0.07655321569716582,0.15,S3_TREND
2026-08-20 09:00:00+00:00,SOL,SELL,107.34884866390894,0.10734884866390894,0.15,S3_TREND
2026-08-20 10:00:00+00:00,BTC,SELL,41.57139281136915,0.04157139281136915,0.15,S3_TREND
2026-08-20 10:00:00+00:00,ETH,BUY,21.920452036343704,0.021920452036343706,0.15,S3_TREND
2026-08-20 10:00:00+00:00,SOL,BUY,24.91705948500021,0.02491705948500021,0.15,S3_TREND
2026-08-20 11:00:00+00:00,BTC,SELL,24.808926841707944,0.024808926841707945,0.15,S3_TREND
2026-08-20 11:00:00+00:00,ETH,SELL,36.82491946709524,0.03682491946709524,0.15,S3_TREND
2026-08-20 12:00:00+00:00,BTC,BUY,14.945342374994652,0.014945342374994652,0.15,S3_TREND
2026-08-20 12:00:00+00:00,ETH,SELL,59.77438181283832,0.05977438181283832,0.15,S3_TREND
2026-08-20 12:00:00+00:00,SOL,BUY,41.011483241658425,0.041011483241658424,0.15,S3_TREND
2026-08-20 13:00:00+00:00,BTC,SELL,14.055892427104482,0.014055892427104482,0.15,S3_TREND
2026-08-20 13:00:00+00:00,ETH,BUY,31.12020518306599,0.03112020518306599,0.15,S3_TREND
2026-08-20 13:00:00+00:00,SOL,BUY,15.906293310034016,0.015906293310034018,0.15,S3_TREND
2026-08-20 14:00:00+00:00,BTC,BUY,19.63598834509503,0.01963598834509503,0.15,S3_TREND
2026-08-20 14:00:00+00:00,ETH,BUY,51.47183972306084,0.05147183972306084,0.15,S3_TREND
2026-08-20 14:00:00+00:00,SOL,BUY,48.80644143646168,0.048806441436461685,0.15,S3_TREND
2026-08-20 15:00:00+00:00,BTC,SELL,18.262687356535025,0.018262687356535027,0.15,S3_TREND
2026-08-20 15:00:00+00:00,ETH,SELL,18.49882229787727,0.01849882229787727,0.15,S3_TREND
2026-08-20 15:00:00+00:00,SOL,BUY,3.916630490055468,0.0039166304900554675,0.15,S3_TREND
2026-08-20 16:00:00+00:00,BTC,SELL,48.24477939864119,0.04824477939864119,0.15,S3_TREND
2026-08-20 16:00:00+00:00,ETH,SELL,204.8851829696141,0.2048851829696141,0.15,S3_TREND
2026-08-20 16:00:00+00:00,SOL,SELL,45.483797677563416,0.045483797677563415,0.15,S3_TREND
2026-08-20 17:00:00+00:00,BTC,SELL,35.83993938117965,0.035839939381179645,0.15,S3_TREND
2026-08-20 17:00:00+00:00,ETH,SELL,75.35845231125677,0.07535845231125678,0.15,S3_TREND
2026-08-20 17:00:00+00:00,SOL,SELL,27.246915241103128,0.027246915241103127,0.15,S3_TREND
2026-08-20 18:00:00+00:00,BTC,BUY,10.240354965362712,0.010240354965362712,0.15,S3_TREND
2026-08-20 18:00:00+00:00,ETH,SELL,8.277241419929851,0.00827724141992985,0.15,S3_TREND
2026-08-20 18:00:00+00:00,SOL,BUY,33.4936767957588,0.0334936767957588,0.15,S3_TREND
2026-08-20 19:00:00+00:00,BTC,BUY,10.144227839369705,0.010144227839369706,0.15,S3_TREND
2026-08-20 19:00:00+00:00,ETH,BUY,122.11633477431315,0.12211633477431315,0.15,S3_TREND
2026-08-20 19:00:00+00:00,SOL,BUY,55.39427991616685,0.055394279916166855,0.15,S3_TREND
2026-08-20 20:00:00+00:00,BTC,SELL,25.730973041514517,0.025730973041514518,0.15,S3_TREND
2026-08-20 20:00:00+00:00,ETH,SELL,20.176745822027442,0.020176745822027442,0.15,S3_TREND
2026-08-20 20:00:00+00:00,SOL,SELL,50.62647943768752,0.05062647943768752,0.15,S3_TREND
2026-08-20 21:00:00+00:00,BTC,BUY,5.081888837123188,0.005081888837123188,0.15,S3_TREND
2026-08-20 21:00:00+00:00,ETH,BUY,33.83293638779833,0.03383293638779833,0.15,S3_TREND
2026-08-20 21:00:00+00:00,SOL,SELL,43.70262784067563,0.043702627840675634,0.15,S3_TREND
2026-08-20 22:00:00+00:00,BTC,SELL,13.958624584989593,0.013958624584989593,0.15,S3_TREND
2026-08-20 22:00:00+00:00,ETH,SELL,1.377908419653977,0.001377908419653977,0.15,S3_TREND
2026-08-20 22:00:00+00:00,SOL,BUY,15.014430562316193,0.015014430562316192,0.15,S3_TREND
2026-08-20 23:00:00+00:00,ETH,BUY,14.706424764528492,0.014706424764528492,0.15,S3_TREND
2026-08-20 23:00:00+00:00,SOL,BUY,32.05598784945141,0.03205598784945141,0.15,S3_TREND
2026-08-21 00:00:00+00:00,BTC,SELL,37.17489907142226,0.03717489907142226,0.15,S3_TREND
2026-08-21 00:00:00+00:00,ETH,SELL,45.23593395063472,0.045235933950634716,0.15,S3_TREND
2026-08-21 00:00:00+00:00,SOL,SELL,37.282143210150025,0.037282143210150026,0.15,S3_TREND
2026-08-21 01:00:00+00:00,BTC,SELL,87.86364111691364,0.08786364111691364,0.15,S3_TREND
2026-08-21 01:00:00+00:00,ETH,SELL,39.63956151256025,0.03963956151256025,0.15,S3_TREND
2026-08-21 01:00:00+00:00,SOL,SELL,48.45009426413162,0.048450094264131625,0.15,S3_TREND
2026-08-21 02:00:00+00:00,BTC,SELL,202.86180185535886,0.20286180185535888,0.15,S3_TREND
2026-08-21 02:00:00+00:00,ETH,SELL,36.8188239072897,0.036818823907289695,0.15,S3_TREND
2026-08-21 02:00:00+00:00,SOL,SELL,50.207093761509896,0.0502070937615099,0.15,S3_TREND
2026-08-21 03:00:00+00:00,BTC,BUY,108.05903128087994,0.10805903128087994,0.15,S3_TREND
2026-08-21 03:00:00+00:00,ETH,BUY,58.02708919548422,0.05802708919548422,0.15,S3_TREND
2026-08-21 03:00:00+00:00,SOL,SELL,68.08271797307316,0.06808271797307316,0.15,S3_TREND
2026-08-21 04:00:00+00:00,BTC,SELL,20.03716606923081,0.02003716606923081,0.15,S3_TREND
2026-08-21 04:00:00+00:00,ETH,BUY,23.348819983233625,0.023348819983233626,0.15,S3_TREND
2026-08-21 04:00:00+00:00,SOL,BUY,18.608715491342082,0.018608715491342083,0.15,S3_TREND
2026-08-21 05:00:00+00:00,BTC,SELL,64.98259630476605,0.06498259630476605,0.15,S3_TREND
2026-08-21 05:00:00+00:00,ETH,SELL,47.39514793059425,0.047395147930594246,0.15,S3_TREND
2026-08-21 05:00:00+00:00,SOL,SELL,21.183014770043883,0.021183014770043883,0.15,S3_TREND
2026-08-21 06:00:00+00:00,BTC,SELL,36.91413888592797,0.03691413888592797,0.15,S3_TREND
2026-08-21 06:00:00+00:00,ETH,SELL,36.73266717963088,0.03673266717963088,0.15,S3_TREND
2026-08-21 06:00:00+00:00,SOL,SELL,112.0577423441282,0.1120577423441282,0.15,S3_TREND
2026-08-21 07:00:00+00:00,BTC,SELL,29.943873988662745,0.029943873988662745,0.15,S3_TREND
2026-08-21 07:00:00+00:00,ETH,SELL,21.32665156841358,0.021326651568413582,0.15,S3_TREND
2026-08-21 07:00:00+00:00,SOL,BUY,36.572383716282275,0.036572383716282277,0.15,S3_TREND
2026-08-21 08:00:00+00:00,BTC,SELL,106.42390588364651,0.10642390588364652,0.15,S3_TREND
2026-08-21 08:00:00+00:00,ETH,BUY,27.817778340719087,0.027817778340719086,0.15,S3_TREND
2026-08-21 08:00:00+00:00,SOL,SELL,5.0105719032872,0.0050105719032872,0.15,S3_TREND
2026-08-21 09:00:00+00:00,BTC,SELL,347.5823709294218,0.34758237092942185,0.15,S3_TREND
2026-08-21 09:00:00+00:00,ETH,SELL,228.35615353590038,0.22835615353590039,0.15,S3_TREND
2026-08-21 09:00:00+00:00,SOL,SELL,243.84713652679417,0.24384713652679418,0.15,S3_TREND
2026-08-21 10:00:00+00:00,BTC,BUY,140.77560671467108,0.1407756067146711,0.15,S3_TREND
2026-08-21 10:00:00+00:00,ETH,BUY,132.49645399596557,0.13249645399596557,0.15,S3_TREND
2026-08-21 10:00:00+00:00,SOL,BUY,144.68803834425853,0.14468803834425853,0.15,S3_TREND
2026-08-21 11:00:00+00:00,BTC,BUY,3.6012489519307564,0.0036012489519307565,0.15,S3_TREND
2026-08-21 11:00:00+00:00,ETH,BUY,38.10901792264485,0.03810901792264485,0.15,S3_TREND
2026-08-21 11:00:00+00:00,SOL,BUY,15.21447264989547,0.01521447264989547,0.15,S3_TREND
2026-08-21 12:00:00+00:00,BTC,BUY,124.77865213589757,0.12477865213589757,0.15,S3_TREND
2026-08-21 12:00:00+00:00,ETH,BUY,71.11617438221947,0.07111617438221947,0.15,S3_TREND
2026-08-21 12:00:00+00:00,SOL,BUY,108.71980408427589,0.1087198040842759,0.15,S3_TREND
2026-08-21 13:00:00+00:00,BTC,SELL,50.959420594084804,0.05095942059408481,0.15,S3_TREND
2026-08-21 13:00:00+00:00,ETH,SELL,67.48936318536471,0.0674893631853647,0.15,S3_TREND
2026-08-21 13:00:00+00:00,SOL,SELL,49.30959895804336,0.04930959895804336,0.15,S3_TREND
2026-08-21 14:00:00+00:00,BTC,SELL,3.3334250318057457,0.0033334250318057456,0.15,S3_TREND
2026-08-21 14:00:00+00:00,ETH,BUY,10.991661980855497,0.010991661980855497,0.15,S3_TREND
2026-08-21 14:00:00+00:00,SOL,SELL,26.042515640081547,0.02604251564008155,0.15,S3_TREND
2026-08-21 15:00:00+00:00,BTC,BUY,6.17133928545627,0.00617133928545627,0.15,S3_TREND
2026-08-21 15:00:00+00:00,ETH,SELL,8.615951345767826,0.008615951345767826,0.15,S3_TREND
2026-08-21 15:00:00+00:00,SOL,SELL,103.17685530223753,0.10317685530223752,0.15,S3_TREND
2026-08-21 16:00:00+00:00,BTC,BUY,14.146249634859487,0.014146249634859488,0.15,S3_TREND
2026-08-21 16:00:00+00:00,ETH,SELL,16.92622703725101,0.01692622703725101,0.15,S3_TREND
2026-08-21 16:00:00+00:00,SOL,BUY,65.4080357711573,0.06540803577115731,0.15,S3_TREND
2026-08-21 17:00:00+00:00,BTC,SELL,25.35862466161234,0.02535862466161234,0.15,S3_TREND
2026-08-21 17:00:00+00:00,ETH,SELL,51.07871127071303,0.05107871127071303,0.15,S3_TREND
2026-08-21 17:00:00+00:00,SOL,SELL,16.841949999305143,0.016841949999305144,0.15,S3_TREND
2026-08-21 18:00:00+00:00,BTC,BUY,35.71195073918534,0.035711950739185344,0.15,S3_TREND
2026-08-21 18:00:00+00:00,ETH,SELL,91.26224819064919,0.0912622481906492,0.15,S3_TREND
2026-08-21 18:00:00+00:00,SOL,SELL,9.799955396812948,0.009799955396812948,0.15,S3_TREND
2026-08-21 19:00:00+00:00,BTC,BUY,31.82719969201571,0.03182719969201571,0.15,S3_TREND
2026-08-21 19:00:00+00:00,ETH,BUY,2.1131362090363837,0.0021131362090363835,0.15,S3_TREND
2026-08-21 19:00:00+00:00,SOL,BUY,23.289775710580216,0.023289775710580215,0.15,S3_TREND
2026-08-21 20:00:00+00:00,BTC,SELL,2.064685340563301,0.002064685340563301,0.15,S3_TREND
2026-08-21 20:00:00+00:00,ETH,BUY,19.48935787362825,0.019489357873628252,0.15,S3_TREND
2026-08-21 20:00:00+00:00,SOL,BUY,72.85382748112534,0.07285382748112534,0.15,S3_TREND
2026-08-21 21:00:00+00:00,BTC,SELL,33.08992059002412,0.03308992059002412,0.15,S3_TREND
2026-08-21 21:00:00+00:00,ETH,SELL,107.66002270199533,0.10766002270199533,0.15,S3_TREND
2026-08-21 21:00:00+00:00,SOL,SELL,85.32583386587612,0.08532583386587612,0.15,S3_TREND
2026-08-21 22:00:00+00:00,BTC,SELL,49.14223086052152,0.049142230860521524,0.15,S3_TREND
2026-08-21 22:00:00+00:00,ETH,SELL,300.82970603311514,0.30082970603311515,0.15,S3_TREND
2026-08-21 22:00:00+00:00,SOL,SELL,164.87867039427692,0.16487867039427692,0.15,S3_TREND
2026-08-21 23:00:00+00:00,BTC,BUY,28.503662208069727,0.028503662208069727,0.15,S3_TREND
2026-08-21 23:00:00+00:00,ETH,SELL,31.821404787699066,0.03182140478769907,0.15,S3_TREND
2026-08-21 23:00:00+00:00,SOL,SELL,70.06246651883885,0.07006246651883885,0.15,S3_TREND
2026-08-22 00:00:00+00:00,BTC,BUY,1.009902295862048,0.001009902295862048,0.15,S3_TREND
2026-08-22 00:00:00+00:00,ETH,BUY,10.905016259066542,0.010905016259066543,0.15,S3_TREND
2026-08-22 00:00:00+00:00,SOL,BUY,70.26704690497536,0.07026704690497536,0.15,S3_TREND
2026-08-22 01:00:00+00:00,BTC,BUY,72.41702290838293,0.07241702290838294,0.15,S3_TREND
2026-08-22 01:00:00+00:00,ETH,SELL,38.17298833566929,0.03817298833566929,0.15,S3_TREND
2026-08-22 01:00:00+00:00,SOL,SELL,28.80781759660931,0.028807817596609313,0.15,S3_TREND
2026-08-22 02:00:00+00:00,BTC,BUY,1.575537651333434,0.0015755376513334341,0.15,S3_TREND
2026-08-22 02:00:00+00:00,ETH,BUY,69.95588846720784,0.06995588846720785,0.15,S3_TREND
2026-08-22 02:00:00+00:00,SOL,BUY,9.831632987967168,0.009831632987967168,0.15,S3_TREND
2026-08-22 03:00:00+00:00,BTC,SELL,50.01375886299866,0.05001375886299866,0.15,S3_TREND
2026-08-22 03:00:00+00:00,ETH,BUY,19.431150775166316,0.019431150775166318,0.15,S3_TREND
2026-08-22 03:00:00+00:00,SOL,SELL,239.22404903195454,0.23922404903195454,0.15,S3_TREND
2026-08-22 04:00:00+00:00,BTC,BUY,36.21897961907598,0.03621897961907598,0.15,S3_TREND
2026-08-22 04:00:00+00:00,ETH,BUY,30.62259750184967,0.030622597501849667,0.15,S3_TREND
2026-08-22 04:00:00+00:00,SOL,SELL,158.30529507554456,0.15830529507554456,0.15,S3_TREND
2026-08-22 05:00:00+00:00,BTC,BUY,44.56937325741637,0.044569373257416375,0.15,S3_TREND
2026-08-22 05:00:00+00:00,ETH,BUY,59.744215252363574,0.05974421525236358,0.15,S3_TREND
2026-08-22 05:00:00+00:00,SOL,SELL,309.7076077887832,0.3097076077887832,0.15,S3_TREND
2026-08-22 06:00:00+00:00,BTC,SELL,1.1720462243320071,0.0011720462243320071,0.15,S3_TREND
2026-08-22 06:00:00+00:00,ETH,BUY,237.7996530224209,0.2377996530224209,0.15,S3_TREND
2026-08-22 06:00:00+00:00,SOL,BUY,540.0060668500191,0.5400060668500192,0.15,S3_TREND
2026-08-22 07:00:00+00:00,BTC,SELL,17.521121903646417,0.01752112190364642,0.15,S3_TREND
2026-08-22 07:00:00+00:00,ETH,BUY,16.111584875448898,0.0161115848754489,0.15,S3_TREND
2026-08-22 07:00:00+00:00,SOL,SELL,9.85117773300044,0.00985117773300044,0.15,S3_TREND
2026-08-22 08:00:00+00:00,BTC,BUY,31.79075100967384,0.031790751009673844,0.15,S3_TREND
2026-08-22 08:00:00+00:00,ETH,BUY,21.19550079120745,0.021195500791207453,0.15,S3_TREND
2026-08-22 08:00:00+00:00,SOL,SELL,30.075511941420704,0.030075511941420704,0.15,S3_TREND
2026-08-22 09:00:00+00:00,BTC,SELL,2.61955727996974,0.0026195572799697403,0.15,S3_TREND
2026-08-22 09:00:00+00:00,ETH,BUY,28.77768485656634,0.02877768485656634,0.15,S3_TREND
2026-08-22 09:00:00+00:00,SOL,BUY,39.19562110140578,0.03919562110140578,0.15,S3_TREND
2026-08-22 10:00:00+00:00,BTC,BUY,16.625625570242846,0.016625625570242848,0.15,S3_TREND
2026-08-22 10:00:00+00:00,ETH,BUY,11.343944397998712,0.011343944397998712,0.15,S3_TREND
2026-08-22 10:00:00+00:00,SOL,BUY,16.45966969586516,0.01645966969586516,0.15,S3_TREND
2026-08-22 11:00:00+00:00,BTC,SELL,19.160724705874596,0.019160724705874595,0.15,S3_TREND
2026-08-22 11:00:00+00:00,ETH,BUY,20.912355445976573,0.020912355445976572,0.15,S3_TREND
2026-08-22 11:00:00+00:00,SOL,BUY,129.57504181590957,0.12957504181590956,0.15,S3_TREND
2026-08-22 12:00:00+00:00,BTC,SELL,5.132152952694014,0.005132152952694014,0.15,S3_TREND
2026-08-22 12:00:00+00:00,ETH,SELL,44.431217662997376,0.044431217662997374,0.15,S3_TREND
2026-08-22 12:00:00+00:00,SOL,SELL,41.09924199358102,0.04109924199358102,0.15,S3_TREND
2026-08-22 13:00:00+00:00,BTC,SELL,11.189853111694902,0.011189853111694901,0.15,S3_TREND
2026-08-22 13:00:00+00:00,ETH,SELL,4.042705499432486,0.004042705499432486,0.15,S3_TREND
2026-08-22 13:00:00+00:00,SOL,SELL,64.63948496221565,0.06463948496221565,0.15,S3_TREND
2026-08-22 14:00:00+00:00,BTC,BUY,10.661153016213575,0.010661153016213575,0.15,S3_TREND
2026-08-22 14:00:00+00:00,ETH,SELL,3.7808338754039137,0.003780833875403914,0.15,S3_TREND
2026-08-22 14:00:00+00:00,SOL,SELL,37.79081601606413,0.03779081601606413,0.15,S3_TREND
2026-08-22 15:00:00+00:00,BTC,BUY,11.214326123415958,0.011214326123415958,0.15,S3_TREND
2026-08-22 15:00:00+00:00,ETH,BUY,55.521893644616284,0.05552189364461629,0.15,S3_TREND
2026-08-22 15:00:00+00:00,SOL,BUY,94.3117623538783,0.0943117623538783,0.15,S3_TREND
2026-08-22 16:00:00+00:00,BTC,SELL,2.838390684019032,0.002838390684019032,0.15,S3_TREND
2026-08-22 16:00:00+00:00,ETH,BUY,11.140753615412905,0.011140753615412904,0.15,S3_TREND
2026-08-22 16:00:00+00:00,SOL,BUY,19.546800240072116,0.019546800240072118,0.15,S3_TREND
2026-08-22 17:00:00+00:00,BTC,SELL,11.169901959407072,0.011169901959407072,0.15,S3_TREND
2026-08-22 17:00:00+00:00,ETH,SELL,23.947510738404162,0.023947510738404162,0.15,S3_TREND
2026-08-22 17:00:00+00:00,SOL,SELL,143.4592357493384,0.14345923574933842,0.15,S3_TREND
2026-08-22 18:00:00+00:00,BTC,BUY,4.796235540410635,0.004796235540410635,0.15,S3_TREND
2026-08-22 18:00:00+00:00,ETH,SELL,19.914438851330488,0.01991443885133049,0.15,S3_TREND
2026-08-22 18:00:00+00:00,SOL,BUY,4.447536338653663,0.004447536338653663,0.15,S3_TREND
2026-08-22 19:00:00+00:00,BTC,BUY,8.570101010453072,0.008570101010453073,0.15,S3_TREND
2026-08-22 19:00:00+00:00,SOL,SELL,25.47179826644606,0.025471798266446063,0.15,S3_TREND
2026-08-22 20:00:00+00:00,BTC,SELL,14.338466284882086,0.014338466284882086,0.15,S3_TREND
2026-08-22 20:00:00+00:00,ETH,SELL,59.23370346952106,0.05923370346952106,0.15,S3_TREND
2026-08-22 20:00:00+00:00,SOL,BUY,11.969340242339968,0.011969340242339968,0.15,S3_TREND
2026-08-22 21:00:00+00:00,BTC,BUY,8.391067505344836,0.008391067505344836,0.15,S3_TREND
2026-08-22 21:00:00+00:00,ETH,BUY,34.313702535639095,0.0343137025356391,0.15,S3_TREND
2026-08-22 21:00:00+00:00,SOL,BUY,2.0395626425361115,0.0020395626425361115,0.15,S3_TREND
2026-08-22 22:00:00+00:00,BTC,BUY,14.976864176791423,0.014976864176791423,0.15,S3_TREND
2026-08-22 22:00:00+00:00,ETH,BUY,76.24765347925495,0.07624765347925495,0.15,S3_TREND
2026-08-22 22:00:00+00:00,SOL,BUY,177.24785479976526,0.17724785479976526,0.15,S3_TREND
2026-08-22 23:00:00+00:00,BTC,BUY,2.014492556845653,0.002014492556845653,0.15,S3_TREND
2026-08-22 23:00:00+00:00,ETH,SELL,11.525888109261361,0.011525888109261362,0.15,S3_TREND
2026-08-22 23:00:00+00:00,SOL,SELL,98.8680670310332,0.09886806703103321,0.15,S3_TREND
2026-08-23 00:00:00+00:00,ETH,SELL,37.04187817724596,0.03704187817724596,0.15,S3_TREND
2026-08-23 00:00:00+00:00,SOL,SELL,18.408153606131236,0.018408153606131235,0.15,S3_TREND
2026-08-23 01:00:00+00:00,BTC,BUY,30.733859411322555,0.030733859411322555,0.15,S3_TREND
2026-08-23 01:00:00+00:00,ETH,BUY,23.21066083086407,0.023210660830864073,0.15,S3_TREND
2026-08-23 01:00:00+00:00,SOL,SELL,327.99305549013843,0.32799305549013846,0.15,S3_TREND
2026-08-23 02:00:00+00:00,BTC,BUY,2.9444300126633607,0.002944430012663361,0.15,S3_TREND
2026-08-23 02:00:00+00:00,ETH,BUY,28.67352507099895,0.028673525070998948,0.15,S3_TREND
2026-08-23 02:00:00+00:00,SOL,BUY,37.20778859416532,0.03720778859416532,0.15,S3_TREND
2026-08-23 03:00:00+00:00,BTC,SELL,13.328052495218799,0.0133280524952188,0.15,S3_TREND
2026-08-23 03:00:00+00:00,ETH,BUY,4.123318002815722,0.004123318002815722,0.15,S3_TREND
2026-08-23 03:00:00+00:00,SOL,BUY,136.93545138533955,0.13693545138533955,0.15,S3_TREND
2026-08-23 04:00:00+00:00,BTC,SELL,5.9194798109383555,0.005919479810938356,0.15,S3_TREND
2026-08-23 04:00:00+00:00,ETH,SELL,16.894225487514632,0.01689422548751463,0.15,S3_TREND
2026-08-23 04:00:00+00:00,SOL,BUY,152.2261128218961,0.1522261128218961,0.15,S3_TREND
2026-08-23 05:00:00+00:00,BTC,SELL,6.7450199989052635,0.006745019998905264,0.15,S3_TREND
2026-08-23 05:00:00+00:00,ETH,BUY,148.3171587208435,0.1483171587208435,0.15,S3_TREND
2026-08-23 05:00:00+00:00,SOL,BUY,114.76148483911129,0.11476148483911129,0.15,S3_TREND
2026-08-23 06:00:00+00:00,BTC,BUY,78.79743051812693,0.07879743051812693,0.15,S3_TREND
2026-08-23 06:00:00+00:00,ETH,BUY,7.8909985591180885,0.007890998559118088,0.15,S3_TREND
2026-08-23 06:00:00+00:00,SOL,BUY,14.149857762986358,0.014149857762986358,0.15,S3_TREND
2026-08-23 07:00:00+00:00,BTC,BUY,7.731085638442892,0.007731085638442892,0.15,S3_TREND
2026-08-23 07:00:00+00:00,ETH,SELL,89.97858499799622,0.08997858499799623,0.15,S3_TREND
2026-08-23 07:00:00+00:00,SOL,BUY,22.651331336553994,0.022651331336553993,0.15,S3_TREND
2026-08-23 08:00:00+00:00,BTC,BUY,19.51259758129163,0.01951259758129163,0.15,S3_TREND
2026-08-23 08:00:00+00:00,ETH,BUY,8.0767262355821,0.0080767262355821,0.15,S3_TREND
2026-08-23 08:00:00+00:00,SOL,SELL,35.01089621780193,0.03501089621780193,0.15,S3_TREND
2026-08-23 09:00:00+00:00,BTC,SELL,40.40202177081119,0.04040202177081119,0.15,S3_TREND
2026-08-23 09:00:00+00:00,ETH,SELL,92.42231144158724,0.09242231144158725,0.15,S3_TREND
2026-08-23 09:00:00+00:00,SOL,SELL,62.3483543982984,0.062348354398298396,0.15,S3_TREND
2026-08-23 10:00:00+00:00,BTC,SELL,8.822085735131623,0.008822085735131623,0.15,S3_TREND
2026-08-23 10:00:00+00:00,ETH,BUY,11.263420128796497,0.011263420128796497,0.15,S3_TREND
2026-08-23 10:00:00+00:00,SOL,SELL,15.634773998097446,0.015634773998097446,0.15,S3_TREND
2026-08-23 11:00:00+00:00,BTC,SELL,28.446662244314208,0.02844666224431421,0.15,S3_TREND
2026-08-23 11:00:00+00:00,ETH,SELL,6.071293831564617,0.006071293831564617,0.15,S3_TREND
2026-08-23 11:00:00+00:00,SOL,SELL,32.754980474419426,0.03275498047441942,0.15,S3_TREND
2026-08-23 12:00:00+00:00,BTC,SELL,45.410030463495794,0.045410030463495794,0.15,S3_TREND
2026-08-23 12:00:00+00:00,ETH,SELL,58.65514093033926,0.05865514093033926,0.15,S3_TREND
2026-08-23 12:00:00+00:00,SOL,SELL,100.38648738612939,0.10038648738612939,0.15,S3_TREND
2026-08-23 13:00:00+00:00,BTC,BUY,10.435392096329451,0.010435392096329451,0.15,S3_TREND
2026-08-23 13:00:00+00:00,ETH,BUY,30.828223901740785,0.030828223901740785,0.15,S3_TREND
2026-08-23 13:00:00+00:00,SOL,SELL,5.155764761044338,0.005155764761044338,0.15,S3_TREND
2026-08-23 14:00:00+00:00,BTC,BUY,2.587198998682652,0.002587198998682652,0.15,S3_TREND
2026-08-23 14:00:00+00:00,ETH,SELL,144.44353850049265,0.14444353850049266,0.15,S3_TREND
2026-08-23 14:00:00+00:00,SOL,SELL,67.8082367811785,0.06780823678117849,0.15,S3_TREND
2026-08-23 15:00:00+00:00,BTC,BUY,23.290742950697677,0.023290742950697677,0.15,S3_TREND
2026-08-23 15:00:00+00:00,ETH,BUY,91.84210407717728,0.09184210407717729,0.15,S3_TREND
2026-08-23 15:00:00+00:00,SOL,BUY,13.642114893413236,0.013642114893413236,0.15,S3_TREND
2026-08-23 16:00:00+00:00,BTC,BUY,11.688543864687745,0.011688543864687744,0.15,S3_TREND
2026-08-23 16:00:00+00:00,ETH,BUY,7.980209435754659,0.00798020943575466,0.15,S3_TREND
2026-08-23 16:00:00+00:00,SOL,SELL,41.398225140583236,0.041398225140583236,0.15,S3_TREND
2026-08-23 17:00:00+00:00,BTC,SELL,33.01960926373795,0.033019609263737947,0.15,S3_TREND
2026-08-23 17:00:00+00:00,ETH,SELL,53.29749721578264,0.05329749721578264,0.15,S3_TREND
2026-08-23 17:00:00+00:00,SOL,BUY,12.307840575907903,0.012307840575907903,0.15,S3_TREND
2026-08-23 18:00:00+00:00,BTC,BUY,24.836638166118064,0.024836638166118065,0.15,S3_TREND
2026-08-23 18:00:00+00:00,ETH,BUY,39.71233965923784,0.039712339659237844,0.15,S3_TREND
2026-08-23 18:00:00+00:00,SOL,BUY,24.467057610538177,0.024467057610538176,0.15,S3_TREND
2026-08-23 19:00:00+00:00,BTC,SELL,14.95882208274088,0.01495882208274088,0.15,S3_TREND
2026-08-23 19:00:00+00:00,ETH,SELL,35.442006606812356,0.035442006606812355,0.15,S3_TREND
2026-08-23 19:00:00+00:00,SOL,SELL,12.74382336401868,0.012743823364018681,0.15,S3_TREND
2026-08-23 20:00:00+00:00,BTC,SELL,9.295065978274579,0.00929506597827458,0.15,S3_TREND
2026-08-23 20:00:00+00:00,ETH,BUY,14.339472842353644,0.014339472842353644,0.15,S3_TREND
2026-08-23 20:00:00+00:00,SOL,BUY,26.12179774802098,0.02612179774802098,0.15,S3_TREND
2026-08-23 21:00:00+00:00,BTC,SELL,4.317677342201932,0.004317677342201932,0.15,S3_TREND
2026-08-23 21:00:00+00:00,ETH,SELL,27.458452379160004,0.027458452379160003,0.15,S3_TREND
2026-08-23 21:00:00+00:00,SOL,BUY,8.037770535596792,0.008037770535596792,0.15,S3_TREND
2026-08-23 22:00:00+00:00,BTC,SELL,46.367250424356826,0.046367250424356826,0.15,S3_TREND
2026-08-23 22:00:00+00:00,ETH,SELL,81.96658915208354,0.08196658915208355,0.15,S3_TREND
2026-08-23 22:00:00+00:00,SOL,SELL,8.46628407802018,0.00846628407802018,0.15,S3_TREND
2026-08-23 23:00:00+00:00,BTC,BUY,30.286866572330837,0.030286866572330838,0.15,S3_TREND
2026-08-23 23:00:00+00:00,ETH,BUY,75.85155023914558,0.07585155023914558,0.15,S3_TREND
2026-08-23 23:00:00+00:00,SOL,SELL,51.27552009297324,0.05127552009297324,0.15,S3_TREND
2026-08-24 00:00:00+00:00,BTC,SELL,18.10724245829806,0.018107242458298062,0.15,S3_TREND
2026-08-24 00:00:00+00:00,ETH,SELL,43.229269054989345,0.04322926905498935,0.15,S3_TREND
2026-08-24 00:00:00+00:00,SOL,BUY,31.635016756830737,0.03163501675683074,0.15,S3_TREND
2026-08-24 01:00:00+00:00,BTC,BUY,13.08936162122518,0.01308936162122518,0.15,S3_TREND
2026-08-24 01:00:00+00:00,ETH,SELL,7.7620156037737615,0.007762015603773762,0.15,S3_TREND
2026-08-24 01:00:00+00:00,SOL,SELL,14.775298758562712,0.014775298758562714,0.15,S3_TREND
2026-08-24 02:00:00+00:00,BTC,BUY,52.281359698106826,0.05228135969810683,0.15,S3_TREND
2026-08-24 02:00:00+00:00,ETH,BUY,123.48860234963468,0.12348860234963467,0.15,S3_TREND
2026-08-24 02:00:00+00:00,SOL,BUY,170.04314394169523,0.17004314394169523,0.15,S3_TREND
2026-08-24 03:00:00+00:00,BTC,SELL,15049.579768275897,15.049579768275898,0.0,CASH
2026-08-24 03:00:00+00:00,ETH,SELL,41.81912861384989,0.04181912861384989,0.15,S3_TREND
2026-08-24 03:00:00+00:00,SOL,SELL,67.98201325700757,0.06798201325700756,0.15,S3_TREND
2026-08-24 04:00:00+00:00,ETH,SELL,14907.560281791275,14.907560281791275,0.0,CASH
2026-08-24 04:00:00+00:00,SOL,BUY,110.90409677418211,0.11090409677418211,0.15,S3_TREND
2026-08-24 05:00:00+00:00,SOL,SELL,76.8832161092505,0.0768832161092505,0.15,S3_TREND
2026-08-24 06:00:00+00:00,SOL,SELL,8.111415478919298,0.008111415478919299,0.15,S3_TREND
2026-08-24 07:00:00+00:00,SOL,SELL,39.12944122496083,0.03912944122496083,0.15,S3_TREND
2026-08-24 08:00:00+00:00,SOL,BUY,60.55206045843806,0.06055206045843806,0.15,S3_TREND
2026-08-24 09:00:00+00:00,SOL,BUY,24.312532082552934,0.024312532082552935,0.15,S3_TREND
2026-08-24 10:00:00+00:00,SOL,SELL,98.80191545158232,0.09880191545158232,0.15,S3_TREND
2026-08-24 11:00:00+00:00,SOL,SELL,6.737465366366449,0.00673746536636645,0.15,S3_TREND
2026-08-24 12:00:00+00:00,SOL,SELL,151.86446150547818,0.15186446150547817,0.15,S3_TREND
2026-08-24 13:00:00+00:00,SOL,SELL,59.8932800323255,0.059893280032325504,0.15,S3_TREND
2026-08-24 14:00:00+00:00,SOL,BUY,168.28741349809752,0.16828741349809753,0.15,S3_TREND
2026-08-24 15:00:00+00:00,SOL,SELL,146.10950757765022,0.14610950757765023,0.15,S3_TREND
2026-08-24 16:00:00+00:00,SOL,SELL,46.47743871717648,0.04647743871717648,0.15,S3_TREND
2026-08-24 17:00:00+00:00,SOL,BUY,51.598026175975974,0.051598026175975975,0.15,S3_TREND
2026-08-24 18:00:00+00:00,SOL,BUY,88.95287160160478,0.08895287160160478,0.15,S3_TREND
2026-08-24 19:00:00+00:00,SOL,SELL,70.80522501137966,0.07080522501137966,0.15,S3_TREND
2026-08-24 20:00:00+00:00,SOL,SELL,81.1053689475666,0.0811053689475666,0.15,S3_TREND
2026-08-24 21:00:00+00:00,SOL,SELL,1.3344468701743608,0.001334446870174361,0.15,S3_TREND
2026-08-24 22:00:00+00:00,BTC,BUY,15039.921662318273,15.039921662318273,0.15,S3_TREND
2026-08-24 22:00:00+00:00,SOL,SELL,122.96141345590331,0.12296141345590332,0.15,S3_TREND
2026-08-24 23:00:00+00:00,BTC,BUY,36.329507806472975,0.036329507806472976,0.15,S3_TREND
2026-08-24 23:00:00+00:00,ETH,BUY,15029.745683300504,15.029745683300504,0.15,S3_TREND
2026-08-24 23:00:00+00:00,SOL,SELL,4.004488799335377,0.004004488799335377,0.15,S3_TREND
2026-08-25 00:00:00+00:00,SOL,SELL,189.6060332690613,0.1896060332690613,0.15,S3_TREND
2026-08-25 01:00:00+00:00,BTC,SELL,47.75917251127067,0.047759172511270674,0.15,S3_TREND
2026-08-25 01:00:00+00:00,ETH,BUY,25.637862020290413,0.025637862020290413,0.15,S3_TREND
2026-08-25 01:00:00+00:00,SOL,SELL,328.2949343050532,0.3282949343050532,0.15,S3_TREND
2026-08-25 02:00:00+00:00,BTC,SELL,40.750562392862776,0.040750562392862774,0.15,S3_TREND
2026-08-25 02:00:00+00:00,ETH,SELL,38.485668883517064,0.038485668883517066,0.15,S3_TREND
2026-08-25 02:00:00+00:00,SOL,BUY,166.84953092381875,0.16684953092381874,0.15,S3_TREND
2026-08-25 03:00:00+00:00,BTC,SELL,111.72971386685458,0.11172971386685458,0.15,S3_TREND
2026-08-25 03:00:00+00:00,ETH,SELL,26.88317719011684,0.02688317719011684,0.15,S3_TREND
2026-08-25 03:00:00+00:00,SOL,SELL,23.65613669051345,0.02365613669051345,0.15,S3_TREND
2026-08-25 04:00:00+00:00,BTC,BUY,33.5739307238764,0.033573930723876405,0.15,S3_TREND
2026-08-25 04:00:00+00:00,ETH,BUY,54.02118525527476,0.05402118525527476,0.15,S3_TREND
2026-08-25 04:00:00+00:00,SOL,SELL,99.23146751247441,0.09923146751247441,0.15,S3_TREND
2026-08-25 05:00:00+00:00,BTC,BUY,9.702780460642316,0.009702780460642317,0.15,S3_TREND
2026-08-25 05:00:00+00:00,ETH,BUY,12.4460881300638,0.0124460881300638,0.15,S3_TREND
2026-08-25 05:00:00+00:00,SOL,BUY,28.11564682174685,0.028115646821746852,0.15,S3_TREND
2026-08-25 06:00:00+00:00,BTC,SELL,34.00043788834773,0.03400043788834774,0.15,S3_TREND
2026-08-25 06:00:00+00:00,ETH,SELL,48.05731417609968,0.04805731417609968,0.15,S3_TREND
2026-08-25 06:00:00+00:00,SOL,SELL,48.35278650021064,0.04835278650021064,0.15,S3_TREND
2026-08-25 07:00:00+00:00,BTC,SELL,6.9600168578163,0.0069600168578163,0.15,S3_TREND
2026-08-25 07:00:00+00:00,ETH,BUY,10.850267216163047,0.010850267216163048,0.15,S3_TREND
2026-08-25 07:00:00+00:00,SOL,BUY,130.57245723985216,0.13057245723985217,0.15,S3_TREND
2026-08-25 08:00:00+00:00,BTC,BUY,107.07392513573905,0.10707392513573905,0.15,S3_TREND
2026-08-25 08:00:00+00:00,ETH,BUY,76.71835910944537,0.07671835910944537,0.15,S3_TREND
2026-08-25 08:00:00+00:00,SOL,BUY,23.320188403009524,0.023320188403009524,0.15,S3_TREND
2026-08-25 09:00:00+00:00,BTC,SELL,27.088352980616037,0.027088352980616036,0.15,S3_TREND
2026-08-25 09:00:00+00:00,ETH,SELL,20.274303121175762,0.020274303121175764,0.15,S3_TREND
2026-08-25 09:00:00+00:00,SOL,SELL,10.049197736381757,0.010049197736381757,0.15,S3_TREND
2026-08-25 10:00:00+00:00,BTC,BUY,97.08731153840745,0.09708731153840745,0.15,S3_TREND
2026-08-25 10:00:00+00:00,ETH,BUY,18.088837825616793,0.018088837825616794,0.15,S3_TREND
2026-08-25 10:00:00+00:00,SOL,BUY,45.20678539020082,0.04520678539020082,0.15,S3_TREND
2026-08-25 11:00:00+00:00,BTC,SELL,17.404245501444166,0.017404245501444166,0.15,S3_TREND
2026-08-25 11:00:00+00:00,ETH,SELL,37.6818364462797,0.037681836446279704,0.15,S3_TREND
2026-08-25 11:00:00+00:00,SOL,BUY,33.15917281660768,0.03315917281660768,0.15,S3_TREND
2026-08-25 12:00:00+00:00,BTC,BUY,4.008370462750463,0.004008370462750463,0.15,S3_TREND
2026-08-25 12:00:00+00:00,ETH,SELL,8.628511702516334,0.008628511702516335,0.15,S3_TREND
2026-08-25 12:00:00+00:00,SOL,BUY,123.6352291099247,0.1236352291099247,0.15,S3_TREND
2026-08-25 13:00:00+00:00,BTC,BUY,17.85738394163127,0.01785738394163127,0.15,S3_TREND
2026-08-25 13:00:00+00:00,ETH,BUY,18.27268010240732,0.01827268010240732,0.15,S3_TREND
2026-08-25 13:00:00+00:00,SOL,SELL,5.369828142760525,0.005369828142760526,0.15,S3_TREND
2026-08-25 14:00:00+00:00,BTC,BUY,9.369243286930214,0.009369243286930213,0.15,S3_TREND
2026-08-25 14:00:00+00:00,ETH,BUY,23.873947703219528,0.023873947703219527,0.15,S3_TREND
2026-08-25 14:00:00+00:00,SOL,BUY,164.5157362545906,0.1645157362545906,0.15,S3_TREND
2026-08-25 15:00:00+00:00,BTC,SELL,56.03105248468092,0.05603105248468092,0.15,S3_TREND
2026-08-25 15:00:00+00:00,ETH,SELL,42.56915000550361,0.04256915000550361,0.15,S3_TREND
2026-08-25 15:00:00+00:00,SOL,SELL,107.55970017747859,0.1075597001774786,0.15,S3_TREND
2026-08-25 16:00:00+00:00,BTC,SELL,33.890222256108245,0.03389022225610824,0.15,S3_TREND
2026-08-25 16:00:00+00:00,ETH,SELL,19.62575484720401,0.01962575484720401,0.15,S3_TREND
2026-08-25 16:00:00+00:00,SOL,SELL,7.857054141390108,0.007857054141390108,0.15,S3_TREND
2026-08-25 17:00:00+00:00,BTC,BUY,40.513289705904754,0.04051328970590475,0.15,S3_TREND
2026-08-25 17:00:00+00:00,ETH,BUY,49.04420209917589,0.04904420209917589,0.15,S3_TREND
2026-08-25 17:00:00+00:00,SOL,BUY,2.475322133530426,0.002475322133530426,0.15,S3_TREND
2026-08-25 18:00:00+00:00,BTC,SELL,13.264961277540351,0.013264961277540352,0.15,S3_TREND
2026-08-25 18:00:00+00:00,SOL,BUY,2.711758907636977,0.0027117589076369767,0.15,S3_TREND
2026-08-25 19:00:00+00:00,BTC,BUY,21.47001831581656,0.02147001831581656,0.15,S3_TREND
2026-08-25 19:00:00+00:00,ETH,BUY,22.639680500789837,0.022639680500789836,0.15,S3_TREND
2026-08-25 19:00:00+00:00,SOL,SELL,44.2843913884044,0.044284391388404405,0.15,S3_TREND
2026-08-25 20:00:00+00:00,BTC,BUY,16.605639660518136,0.016605639660518135,0.15,S3_TREND
2026-08-25 20:00:00+00:00,ETH,BUY,2.68818386485691,0.0026881838648569103,0.15,S3_TREND
2026-08-25 20:00:00+00:00,SOL,BUY,60.71639988023526,0.06071639988023526,0.15,S3_TREND
2026-08-25 21:00:00+00:00,BTC,BUY,62.60664240344704,0.06260664240344704,0.15,S3_TREND
2026-08-25 21:00:00+00:00,ETH,BUY,90.15432618827981,0.09015432618827982,0.15,S3_TREND
2026-08-25 21:00:00+00:00,SOL,BUY,120.43090461426436,0.12043090461426437,0.15,S3_TREND
2026-08-25 22:00:00+00:00,BTC,SELL,42.432907240037814,0.042432907240037815,0.15,S3_TREND
2026-08-25 22:00:00+00:00,ETH,SELL,5.738538952622548,0.005738538952622548,0.15,S3_TREND
2026-08-25 22:00:00+00:00,SOL,SELL,51.74949369607748,0.05174949369607748,0.15,S3_TREND
2026-08-25 23:00:00+00:00,BTC,SELL,40.26954388774902,0.040269543887749025,0.15,S3_TREND
2026-08-25 23:00:00+00:00,ETH,SELL,53.28295168052318,0.05328295168052318,0.15,S3_TREND
2026-08-25 23:00:00+00:00,SOL,BUY,17.60202063869656,0.01760202063869656,0.15,S3_TREND
2026-08-26 00:00:00+00:00,BTC,BUY,32.24373563986592,0.03224373563986592,0.15,S3_TREND
2026-08-26 00:00:00+00:00,ETH,BUY,34.08775559642163,0.03408775559642163,0.15,S3_TREND
2026-08-26 00:00:00+00:00,SOL,BUY,59.766773030796685,0.05976677303079669,0.15,S3_TREND
2026-08-26 01:00:00+00:00,BTC,SELL,10.557885844280461,0.010557885844280461,0.15,S3_TREND
2026-08-26 01:00:00+00:00,ETH,SELL,14.916722166657564,0.014916722166657565,0.15,S3_TREND
2026-08-26 02:00:00+00:00,BTC,SELL,11.694806198322114,0.011694806198322114,0.15,S3_TREND
2026-08-26 02:00:00+00:00,ETH,SELL,36.39858022828594,0.03639858022828594,0.15,S3_TREND
2026-08-26 02:00:00+00:00,SOL,SELL,37.86208705718127,0.03786208705718127,0.15,S3_TREND
2026-08-26 03:00:00+00:00,BTC,SELL,33.38447428657673,0.03338447428657673,0.15,S3_TREND
2026-08-26 03:00:00+00:00,ETH,SELL,34.01675736339712,0.03401675736339712,0.15,S3_TREND
2026-08-26 03:00:00+00:00,SOL,SELL,14.73491073551668,0.01473491073551668,0.15,S3_TREND
2026-08-26 04:00:00+00:00,BTC,SELL,1.657617308494082,0.001657617308494082,0.15,S3_TREND
2026-08-26 04:00:00+00:00,ETH,SELL,7.476645338992967,0.007476645338992967,0.15,S3_TREND
2026-08-26 04:00:00+00:00,SOL,BUY,28.643203926207207,0.028643203926207207,0.15,S3_TREND
2026-08-26 05:00:00+00:00,BTC,BUY,24.254971091329935,0.024254971091329937,0.15,S3_TREND
2026-08-26 05:00:00+00:00,ETH,BUY,27.19927443856068,0.02719927443856068,0.15,S3_TREND
2026-08-26 05:00:00+00:00,SOL,BUY,42.47494326450578,0.042474943264505786,0.15,S3_TREND
2026-08-26 06:00:00+00:00,BTC,SELL,23.771354695491027,0.023771354695491027,0.15,S3_TREND
2026-08-26 06:00:00+00:00,ETH,SELL,23.26353795194518,0.023263537951945183,0.15,S3_TREND
2026-08-26 06:00:00+00:00,SOL,SELL,47.26084870932209,0.04726084870932209,0.15,S3_TREND
2026-08-26 07:00:00+00:00,BTC,BUY,11.185790873842052,0.011185790873842052,0.15,S3_TREND
2026-08-26 07:00:00+00:00,ETH,BUY,14.032116923448484,0.014032116923448485,0.15,S3_TREND
2026-08-26 07:00:00+00:00,SOL,BUY,29.83247071772894,0.02983247071772894,0.15,S3_TREND
2026-08-26 08:00:00+00:00,BTC,BUY,8.592181180238185,0.008592181180238186,0.15,S3_TREND
2026-08-26 08:00:00+00:00,ETH,SELL,5.661101689287534,0.005661101689287534,0.15,S3_TREND
2026-08-26 08:00:00+00:00,SOL,SELL,18.912335077067837,0.018912335077067837,0.15,S3_TREND
2026-08-26 09:00:00+00:00,BTC,BUY,26.963475327296692,0.026963475327296694,0.15,S3_TREND
2026-08-26 09:00:00+00:00,ETH,BUY,18.98079908757245,0.01898079908757245,0.15,S3_TREND
2026-08-26 09:00:00+00:00,SOL,BUY,7.1805201474762725,0.007180520147476273,0.15,S3_TREND
2026-08-26 10:00:00+00:00,BTC,BUY,19.77844246861605,0.01977844246861605,0.15,S3_TREND
2026-08-26 10:00:00+00:00,ETH,BUY,21.1189242659093,0.0211189242659093,0.15,S3_TREND
2026-08-26 10:00:00+00:00,SOL,BUY,70.34376551015885,0.07034376551015885,0.15,S3_TREND
2026-08-26 11:00:00+00:00,BTC,BUY,4.2726519191764964,0.004272651919176497,0.15,S3_TREND
2026-08-26 11:00:00+00:00,ETH,SELL,70.81397123406532,0.07081397123406533,0.15,S3_TREND
2026-08-26 11:00:00+00:00,SOL,SELL,147.19585111347624,0.14719585111347624,0.15,S3_TREND
2026-08-26 12:00:00+00:00,BTC,BUY,23.39267489938902,0.02339267489938902,0.15,S3_TREND
2026-08-26 12:00:00+00:00,ETH,BUY,13.333504145131883,0.013333504145131883,0.15,S3_TREND
2026-08-26 12:00:00+00:00,SOL,BUY,45.37072952143353,0.045370729521433534,0.15,S3_TREND
2026-08-26 13:00:00+00:00,BTC,BUY,19.154123558275387,0.019154123558275386,0.15,S3_TREND
2026-08-26 13:00:00+00:00,ETH,BUY,36.31816219402572,0.03631816219402572,0.15,S3_TREND
2026-08-26 13:00:00+00:00,SOL,SELL,8.26019957778226,0.008260199577782259,0.15,S3_TREND
2026-08-26 14:00:00+00:00,BTC,SELL,29.573940950363976,0.02957394095036398,0.15,S3_TREND
2026-08-26 14:00:00+00:00,ETH,SELL,18.850976154510136,0.018850976154510136,0.15,S3_TREND
2026-08-26 14:00:00+00:00,SOL,BUY,66.21177131611876,0.06621177131611876,0.15,S3_TREND
2026-08-26 15:00:00+00:00,BTC,BUY,65.31400679507169,0.0653140067950717,0.15,S3_TREND
2026-08-26 15:00:00+00:00,ETH,BUY,48.869295179514666,0.04886929517951467,0.15,S3_TREND
2026-08-26 15:00:00+00:00,SOL,BUY,107.21245699351675,0.10721245699351675,0.15,S3_TREND
2026-08-26 16:00:00+00:00,BTC,SELL,15.70460452664702,0.015704604526647018,0.15,S3_TREND
2026-08-26 16:00:00+00:00,ETH,SELL,37.33156915628024,0.03733156915628024,0.15,S3_TREND
2026-08-26 16:00:00+00:00,SOL,SELL,45.18495027203426,0.04518495027203426,0.15,S3_TREND
2026-08-26 17:00:00+00:00,ETH,BUY,26.843410345420125,0.026843410345420125,0.15,S3_TREND
2026-08-26 17:00:00+00:00,SOL,SELL,8.009788040439162,0.008009788040439161,0.15,S3_TREND
2026-08-26 18:00:00+00:00,BTC,SELL,35.64417841510294,0.035644178415102944,0.15,S3_TREND
2026-08-26 18:00:00+00:00,ETH,SELL,47.09487018881555,0.04709487018881555,0.15,S3_TREND
2026-08-26 18:00:00+00:00,SOL,SELL,108.55781711765847,0.10855781711765848,0.15,S3_TREND
2026-08-26 19:00:00+00:00,BTC,BUY,2.5194172606679786,0.0025194172606679784,0.15,S3_TREND
2026-08-26 19:00:00+00:00,ETH,SELL,64.05147211020994,0.06405147211020995,0.15,S3_TREND
2026-08-26 19:00:00+00:00,SOL,BUY,31.371865676510424,0.03137186567651042,0.15,S3_TREND
2026-08-26 20:00:00+00:00,BTC,SELL,3.1749038237903733,0.0031749038237903733,0.15,S3_TREND
2026-08-26 20:00:00+00:00,ETH,BUY,8.945236854624454,0.008945236854624455,0.15,S3_TREND
2026-08-26 20:00:00+00:00,SOL,BUY,3.6133395230972383,0.0036133395230972384,0.15,S3_TREND
2026-08-26 21:00:00+00:00,BTC,BUY,8.644692058054716,0.008644692058054716,0.15,S3_TREND
2026-08-26 21:00:00+00:00,ETH,SELL,4.826360640741768,0.004826360640741769,0.15,S3_TREND
2026-08-26 21:00:00+00:00,SOL,SELL,19.09158711602322,0.01909158711602322,0.15,S3_TREND
2026-08-26 22:00:00+00:00,BTC,BUY,8.781500799401329,0.00878150079940133,0.15,S3_TREND
2026-08-26 22:00:00+00:00,ETH,SELL,88.2261446492812,0.08822614464928119,0.15,S3_TREND
2026-08-26 22:00:00+00:00,SOL,SELL,143.55488382074145,0.14355488382074144,0.15,S3_TREND
2026-08-26 23:00:00+00:00,BTC,BUY,33.958184027103925,0.033958184027103926,0.15,S3_TREND
2026-08-26 23:00:00+00:00,ETH,BUY,48.07373855087644,0.04807373855087644,0.15,S3_TREND
2026-08-26 23:00:00+00:00,SOL,SELL,189.9410526413394,0.18994105264133943,0.15,S3_TREND
2026-08-27 00:00:00+00:00,BTC,BUY,13.322275702115803,0.013322275702115803,0.15,S3_TREND
2026-08-27 00:00:00+00:00,ETH,SELL,3.639924866842193,0.0036399248668421928,0.15,S3_TREND
2026-08-27 00:00:00+00:00,SOL,SELL,286.54386268450435,0.2865438626845044,0.15,S3_TREND
2026-08-27 01:00:00+00:00,BTC,BUY,7.781605509231667,0.007781605509231668,0.15,S3_TREND
2026-08-27 01:00:00+00:00,ETH,SELL,15084.513327005223,15.084513327005224,0.0,CASH
2026-08-27 01:00:00+00:00,SOL,BUY,165.18484651714243,0.16518484651714244,0.15,S3_TREND
2026-08-27 02:00:00+00:00,BTC,SELL,17.200673823741454,0.017200673823741453,0.15,S3_TREND
2026-08-27 02:00:00+00:00,SOL,SELL,104.8601363789985,0.1048601363789985,0.15,S3_TREND
2026-08-27 03:00:00+00:00,BTC,BUY,23.67128020160635,0.023671280201606353,0.15,S3_TREND
2026-08-27 03:00:00+00:00,SOL,BUY,27.75959568948747,0.02775959568948747,0.15,S3_TREND
2026-08-27 04:00:00+00:00,BTC,SELL,20.474076578173477,0.02047407657817348,0.15,S3_TREND
2026-08-27 04:00:00+00:00,SOL,BUY,14.686861307487561,0.014686861307487562,0.15,S3_TREND
2026-08-27 05:00:00+00:00,BTC,BUY,7.387631847739613,0.007387631847739612,0.15,S3_TREND
2026-08-27 06:00:00+00:00,BTC,SELL,15153.85905967892,15.15385905967892,0.0,CASH
2026-08-27 06:00:00+00:00,SOL,SELL,118.5111177105191,0.1185111177105191,0.15,S3_TREND
2026-08-27 07:00:00+00:00,SOL,BUY,93.64956645520033,0.09364956645520033,0.15,S3_TREND
2026-08-27 08:00:00+00:00,SOL,SELL,67.33642736490947,0.06733642736490947,0.15,S3_TREND
2026-08-27 09:00:00+00:00,SOL,SELL,361.6890588419574,0.3616890588419574,0.15,S3_TREND
2026-08-27 10:00:00+00:00,SOL,BUY,33.297222332234014,0.03329722233223401,0.15,S3_TREND
2026-08-27 11:00:00+00:00,SOL,BUY,37.13353005130739,0.03713353005130739,0.15,S3_TREND
2026-08-27 12:00:00+00:00,SOL,BUY,18.60917283614981,0.01860917283614981,0.15,S3_TREND
2026-08-27 13:00:00+00:00,SOL,SELL,58.40050434680051,0.05840050434680051,0.15,S3_TREND
2026-08-27 14:00:00+00:00,SOL,SELL,202.9998603900258,0.2029998603900258,0.15,S3_TREND
2026-08-27 15:00:00+00:00,SOL,SELL,90.42008319133129,0.09042008319133128,0.15,S3_TREND
2026-08-27 16:00:00+00:00,SOL,SELL,48.5849700108738,0.04858497001087381,0.15,S3_TREND
2026-08-27 17:00:00+00:00,SOL,SELL,210.62259876086137,0.21062259876086137,0.15,S3_TREND
2026-08-27 18:00:00+00:00,SOL,BUY,89.51833744227042,0.08951833744227042,0.15,S3_TREND
2026-08-27 19:00:00+00:00,SOL,SELL,24.034070340736434,0.024034070340736433,0.15,S3_TREND
2026-08-27 20:00:00+00:00,SOL,SELL,119.91834163535712,0.11991834163535713,0.15,S3_TREND
2026-08-27 21:00:00+00:00,SOL,BUY,42.81586614491425,0.042815866144914255,0.15,S3_TREND
2026-08-27 22:00:00+00:00,ETH,BUY,15298.502775207588,15.298502775207588,0.15,S3_TREND
2026-08-27 22:00:00+00:00,SOL,BUY,35.7885938643758,0.0357885938643758,0.15,S3_TREND
2026-08-27 23:00:00+00:00,ETH,SELL,49.92170221455308,0.04992170221455308,0.15,S3_TREND
2026-08-27 23:00:00+00:00,SOL,SELL,47.197478010100895,0.04719747801010089,0.15,S3_TREND
2026-08-28 00:00:00+00:00,ETH,BUY,20.98679633741631,0.02098679633741631,0.15,S3_TREND
2026-08-28 01:00:00+00:00,ETH,SELL,25.05015190082122,0.02505015190082122,0.15,S3_TREND
2026-08-28 01:00:00+00:00,SOL,BUY,9.937506068064977,0.009937506068064978,0.15,S3_TREND
2026-08-28 02:00:00+00:00,ETH,SELL,10.340134903388389,0.01034013490338839,0.15,S3_TREND
2026-08-28 02:00:00+00:00,SOL,BUY,148.619220279792,0.148619220279792,0.15,S3_TREND
2026-08-28 03:00:00+00:00,ETH,BUY,76.05417289350044,0.07605417289350044,0.15,S3_TREND
2026-08-28 03:00:00+00:00,SOL,BUY,141.7962278435607,0.1417962278435607,0.15,S3_TREND
2026-08-28 04:00:00+00:00,ETH,BUY,19.262574156109622,0.019262574156109623,0.15,S3_TREND
2026-08-28 04:00:00+00:00,SOL,SELL,42.31910695342776,0.04231910695342776,0.15,S3_TREND
2026-08-28 05:00:00+00:00,BTC,BUY,15238.56446177026,15.23856446177026,0.15,S3_TREND
2026-08-28 05:00:00+00:00,ETH,BUY,18.116567128110546,0.018116567128110547,0.15,S3_TREND
2026-08-28 05:00:00+00:00,SOL,BUY,3.8418622093176964,0.0038418622093176966,0.15,S3_TREND
2026-08-28 06:00:00+00:00,BTC,BUY,6.617050925315198,0.006617050925315198,0.15,S3_TREND
2026-08-28 06:00:00+00:00,ETH,SELL,29.071918952109627,0.029071918952109626,0.15,S3_TREND
2026-08-28 06:00:00+00:00,SOL,SELL,46.67391792430681,0.04667391792430681,0.15,S3_TREND
2026-08-28 07:00:00+00:00,BTC,SELL,19.581501018370545,0.019581501018370546,0.15,S3_TREND
2026-08-28 07:00:00+00:00,ETH,SELL,37.09241111731717,0.03709241111731717,0.15,S3_TREND
2026-08-28 07:00:00+00:00,SOL,SELL,24.763000914133954,0.024763000914133956,0.15,S3_TREND
2026-08-28 08:00:00+00:00,BTC,BUY,8.329188162100763,0.008329188162100763,0.15,S3_TREND
2026-08-28 08:00:00+00:00,ETH,BUY,1.555592256017917,0.0015555922560179169,0.15,S3_TREND
2026-08-28 08:00:00+00:00,SOL,BUY,130.67579718669003,0.13067579718669003,0.15,S3_TREND
2026-08-28 09:00:00+00:00,BTC,BUY,8.895113303658945,0.008895113303658945,0.15,S3_TREND
2026-08-28 09:00:00+00:00,ETH,BUY,32.889650813165645,0.032889650813165645,0.15,S3_TREND
2026-08-28 09:00:00+00:00,SOL,BUY,25.913217888157305,0.025913217888157307,0.15,S3_TREND
2026-08-28 10:00:00+00:00,BTC,BUY,36.905146569664794,0.036905146569664794,0.15,S3_TREND
2026-08-28 10:00:00+00:00,ETH,SELL,16.713913402258186,0.016713913402258185,0.15,S3_TREND
2026-08-28 10:00:00+00:00,SOL,BUY,6.935167596819156,0.006935167596819156,0.15,S3_TREND
2026-08-28 11:00:00+00:00,BTC,SELL,24.821331256551275,0.024821331256551275,0.15,S3_TREND
2026-08-28 11:00:00+00:00,ETH,SELL,74.83532710137297,0.07483532710137297,0.15,S3_TREND
2026-08-28 11:00:00+00:00,SOL,SELL,6.861754344228758,0.006861754344228758,0.15,S3_TREND
2026-08-28 12:00:00+00:00,BTC,SELL,15.113969452546371,0.015113969452546372,0.15,S3_TREND
2026-08-28 12:00:00+00:00,ETH,BUY,1.1445120327498444,0.0011445120327498444,0.15,S3_TREND
2026-08-28 12:00:00+00:00,SOL,BUY,42.43814723874311,0.04243814723874311,0.15,S3_TREND
2026-08-28 13:00:00+00:00,BTC,BUY,3.572144570609453,0.0035721445706094527,0.15,S3_TREND
2026-08-28 13:00:00+00:00,ETH,BUY,5.022772698663175,0.005022772698663175,0.15,S3_TREND
2026-08-28 13:00:00+00:00,SOL,BUY,106.7018585717924,0.1067018585717924,0.15,S3_TREND
2026-08-28 14:00:00+00:00,BTC,BUY,30.230919089855888,0.03023091908985589,0.15,S3_TREND
2026-08-28 14:00:00+00:00,ETH,SELL,48.380260308385914,0.048380260308385915,0.15,S3_TREND
2026-08-28 14:00:00+00:00,SOL,SELL,29.160397209860093,0.029160397209860096,0.15,S3_TREND
2026-08-28 15:00:00+00:00,BTC,SELL,6.37077468485586,0.0063707746848558604,0.15,S3_TREND
2026-08-28 15:00:00+00:00,ETH,BUY,11.082962635127842,0.011082962635127843,0.15,S3_TREND
2026-08-28 15:00:00+00:00,SOL,SELL,130.60626089567813,0.13060626089567814,0.15,S3_TREND
2026-08-28 16:00:00+00:00,BTC,BUY,137.1306683595958,0.1371306683595958,0.15,S3_TREND
2026-08-28 16:00:00+00:00,ETH,BUY,154.3680531136215,0.1543680531136215,0.15,S3_TREND
2026-08-28 16:00:00+00:00,SOL,BUY,56.96160281799712,0.05696160281799712,0.15,S3_TREND
2026-08-28 17:00:00+00:00,BTC,BUY,60.0290493979428,0.0600290493979428,0.15,S3_TREND
2026-08-28 17:00:00+00:00,ETH,BUY,136.4394072583109,0.13643940725831089,0.15,S3_TREND
2026-08-28 17:00:00+00:00,SOL,SELL,31.994178379443838,0.031994178379443836,0.15,S3_TREND
2026-08-28 18:00:00+00:00,BTC,SELL,28.287109176946615,0.028287109176946615,0.15,S3_TREND
2026-08-28 18:00:00+00:00,ETH,SELL,15.062108634298056,0.015062108634298056,0.15,S3_TREND
2026-08-28 18:00:00+00:00,SOL,BUY,64.5522380700113,0.0645522380700113,0.15,S3_TREND
2026-08-28 19:00:00+00:00,BTC,BUY,9.877880821990402,0.009877880821990403,0.15,S3_TREND
2026-08-28 19:00:00+00:00,ETH,BUY,35.46716994325652,0.03546716994325652,0.15,S3_TREND
2026-08-28 19:00:00+00:00,SOL,BUY,167.11159568697803,0.16711159568697803,0.15,S3_TREND
2026-08-28 20:00:00+00:00,BTC,BUY,8.536466941628532,0.008536466941628533,0.15,S3_TREND
2026-08-28 20:00:00+00:00,ETH,SELL,29.83722743016915,0.02983722743016915,0.15,S3_TREND
2026-08-28 20:00:00+00:00,SOL,SELL,28.726611503572716,0.028726611503572717,0.15,S3_TREND
2026-08-28 21:00:00+00:00,BTC,BUY,31.04513697821494,0.03104513697821494,0.15,S3_TREND
2026-08-28 21:00:00+00:00,ETH,BUY,47.417310389071645,0.04741731038907165,0.15,S3_TREND
2026-08-28 21:00:00+00:00,SOL,SELL,69.46164297024552,0.06946164297024553,0.15,S3_TREND
2026-08-28 22:00:00+00:00,BTC,SELL,4.283814888154666,0.004283814888154666,0.15,S3_TREND
2026-08-28 22:00:00+00:00,ETH,BUY,4.031426662033482,0.004031426662033482,0.15,S3_TREND
2026-08-28 22:00:00+00:00,SOL,BUY,46.71974433868127,0.046719744338681264,0.15,S3_TREND
2026-08-28 23:00:00+00:00,BTC,SELL,34.4968067891823,0.0344968067891823,0.15,S3_TREND
2026-08-28 23:00:00+00:00,ETH,SELL,63.83125631713301,0.06383125631713302,0.15,S3_TREND
2026-08-28 23:00:00+00:00,SOL,SELL,56.63206492639438,0.05663206492639438,0.15,S3_TREND
2026-08-29 00:00:00+00:00,BTC,SELL,13.460590374483218,0.013460590374483218,0.15,S3_TREND
2026-08-29 00:00:00+00:00,ETH,SELL,1.3642815723651438,0.0013642815723651437,0.15,S3_TREND
2026-08-29 00:00:00+00:00,SOL,BUY,2.0053173161613813,0.0020053173161613813,0.15,S3_TREND
2026-08-29 01:00:00+00:00,BTC,BUY,13.195652481599609,0.01319565248159961,0.15,S3_TREND
2026-08-29 01:00:00+00:00,ETH,SELL,6.584521429065717,0.006584521429065717,0.15,S3_TREND
2026-08-29 01:00:00+00:00,SOL,BUY,24.762612399114005,0.024762612399114006,0.15,S3_TREND
2026-08-29 02:00:00+00:00,BTC,SELL,3.1157388704796176,0.0031157388704796175,0.15,S3_TREND
2026-08-29 02:00:00+00:00,SOL,SELL,29.11521535689644,0.02911521535689644,0.15,S3_TREND
2026-08-29 03:00:00+00:00,BTC,BUY,10.587521563304108,0.010587521563304109,0.15,S3_TREND
2026-08-29 03:00:00+00:00,ETH,BUY,18.514327504935864,0.018514327504935865,0.15,S3_TREND
2026-08-29 03:00:00+00:00,SOL,BUY,20.05902572623745,0.02005902572623745,0.15,S3_TREND
2026-08-29 04:00:00+00:00,BTC,BUY,22.51826210030049,0.02251826210030049,0.15,S3_TREND
2026-08-29 04:00:00+00:00,ETH,BUY,12.197551763418232,0.012197551763418232,0.15,S3_TREND
2026-08-29 05:00:00+00:00,BTC,SELL,18.589121546337992,0.018589121546337992,0.15,S3_TREND
2026-08-29 05:00:00+00:00,ETH,SELL,23.26986810434755,0.02326986810434755,0.15,S3_TREND
2026-08-29 05:00:00+00:00,SOL,BUY,8.350182208840124,0.008350182208840123,0.15,S3_TREND
2026-08-29 06:00:00+00:00,BTC,BUY,4.049009552722055,0.004049009552722055,0.15,S3_TREND
2026-08-29 06:00:00+00:00,ETH,BUY,12.171078063796813,0.012171078063796813,0.15,S3_TREND
2026-08-29 06:00:00+00:00,SOL,SELL,19.449443233022976,0.019449443233022976,0.15,S3_TREND
2026-08-29 07:00:00+00:00,BTC,BUY,14.796871653830749,0.01479687165383075,0.15,S3_TREND
2026-08-29 07:00:00+00:00,ETH,BUY,3.9491319277640287,0.003949131927764029,0.15,S3_TREND
2026-08-29 07:00:00+00:00,SOL,BUY,44.94124791834474,0.044941247918344744,0.15,S3_TREND
2026-08-29 08:00:00+00:00,BTC,SELL,22.11675644294155,0.022116756442941553,0.15,S3_TREND
2026-08-29 08:00:00+00:00,ETH,BUY,1.219371899132966,0.0012193718991329661,0.15,S3_TREND
2026-08-29 08:00:00+00:00,SOL,SELL,11.52574193500368,0.01152574193500368,0.15,S3_TREND
2026-08-29 09:00:00+00:00,BTC,SELL,9.084777737089098,0.009084777737089099,0.15,S3_TREND
2026-08-29 09:00:00+00:00,ETH,BUY,6.44232857283896,0.00644232857283896,0.15,S3_TREND
2026-08-29 09:00:00+00:00,SOL,BUY,30.231980401311375,0.030231980401311375,0.15,S3_TREND
2026-08-29 10:00:00+00:00,BTC,SELL,4.50762614274754,0.00450762614274754,0.15,S3_TREND
2026-08-29 10:00:00+00:00,ETH,SELL,9.381042632834578,0.009381042632834579,0.15,S6_S8_REVERSAL
2026-08-29 10:00:00+00:00,SOL,BUY,18.976360934211698,0.0189763609342117,0.15,S3_TREND
2026-08-29 11:00:00+00:00,BTC,BUY,4.179649195251841,0.004179649195251841,0.15,S3_TREND
2026-08-29 11:00:00+00:00,ETH,BUY,5.751620475732125,0.0057516204757321245,0.15,S6_S8_REVERSAL
2026-08-29 11:00:00+00:00,SOL,SELL,14.730348065470025,0.014730348065470026,0.15,S3_TREND
2026-08-29 12:00:00+00:00,BTC,BUY,10.938642092654845,0.010938642092654846,0.15,S3_TREND
2026-08-29 12:00:00+00:00,ETH,SELL,6.096031407138071,0.006096031407138071,0.15,S6_S8_REVERSAL
2026-08-29 12:00:00+00:00,SOL,SELL,9.050266879330593,0.009050266879330594,0.15,S3_TREND
2026-08-29 13:00:00+00:00,ETH,BUY,10.297679590412372,0.010297679590412372,0.15,S6_S8_REVERSAL
2026-08-29 13:00:00+00:00,SOL,SELL,13.835666247921836,0.013835666247921836,0.15,S3_TREND
2026-08-29 14:00:00+00:00,BTC,SELL,7548.768027752464,7.548768027752464,0.075,S6_REVERSAL
2026-08-29 14:00:00+00:00,SOL,SELL,18.76271189297222,0.018762711892972222,0.15,S3_TREND
2026-08-29 15:00:00+00:00,BTC,SELL,5.051488239339051,0.005051488239339051,0.075,S6_REVERSAL
2026-08-29 15:00:00+00:00,ETH,SELL,29.34166954225475,0.02934166954225475,0.15,S6_S8_REVERSAL
2026-08-29 15:00:00+00:00,SOL,SELL,180.81533495065923,0.18081533495065924,0.15,S3_TREND
2026-08-29 16:00:00+00:00,BTC,BUY,7.688838832619695,0.0076888388326196945,0.075,S6_REVERSAL
2026-08-29 16:00:00+00:00,ETH,BUY,10.209829258938043,0.010209829258938043,0.15,S6_S8_REVERSAL
2026-08-29 16:00:00+00:00,SOL,BUY,38.14652445679167,0.03814652445679167,0.15,S3_TREND
2026-08-29 17:00:00+00:00,BTC,SELL,13.357538575285616,0.013357538575285616,0.075,S6_REVERSAL
2026-08-29 17:00:00+00:00,ETH,SELL,33.88072099767669,0.03388072099767669,0.15,S6_S8_REVERSAL
2026-08-29 17:00:00+00:00,SOL,BUY,27.691099354333346,0.027691099354333348,0.15,S3_TREND
2026-08-29 18:00:00+00:00,BTC,SELL,7562.7645715969875,7.562764571596988,0.0,CASH
2026-08-29 18:00:00+00:00,ETH,BUY,2.3566381077835103,0.0023566381077835103,0.15,S6_S8_REVERSAL
2026-08-29 19:00:00+00:00,ETH,SELL,4.477856334588068,0.004477856334588069,0.15,S6_S8_REVERSAL
2026-08-29 19:00:00+00:00,SOL,SELL,30.58318985005826,0.03058318985005826,0.15,S3_TREND
2026-08-29 20:00:00+00:00,SOL,SELL,27.13913405081257,0.027139134050812568,0.15,S3_TREND
2026-08-29 21:00:00+00:00,ETH,SELL,15120.589040581031,15.120589040581033,0.0,CASH
2026-08-29 21:00:00+00:00,SOL,BUY,15.219978177168741,0.015219978177168742,0.15,S3_TREND
2026-08-29 22:00:00+00:00,SOL,BUY,20.936030762855808,0.020936030762855808,0.15,S3_TREND
2026-08-29 23:00:00+00:00,SOL,SELL,58.71116094090394,0.058711160940903936,0.15,S3_TREND
2026-08-30 00:00:00+00:00,SOL,SELL,15137.694765254402,15.137694765254402,0.0,CASH
2026-08-31 03:00:00+00:00,BTC,BUY,7562.225057496901,7.562225057496901,0.075,S6_REVERSAL
2026-08-31 03:00:00+00:00,SOL,BUY,15124.450114993802,15.124450114993802,0.15,S6_S8_REVERSAL
2026-08-31 04:00:00+00:00,BTC,SELL,21.747977906378768,0.02174797790637877,0.075,S6_REVERSAL
2026-08-31 04:00:00+00:00,SOL,SELL,61.350722317534746,0.061350722317534745,0.15,S6_S8_REVERSAL
2026-08-31 05:00:00+00:00,BTC,BUY,6.415915041411608,0.006415915041411609,0.075,S6_REVERSAL
2026-08-31 05:00:00+00:00,SOL,BUY,62.385369195009844,0.062385369195009845,0.15,S6_S8_REVERSAL
2026-08-31 06:00:00+00:00,BTC,SELL,22.17651880901667,0.022176518809016672,0.075,S6_REVERSAL
2026-08-31 06:00:00+00:00,SOL,SELL,145.05308181444707,0.14505308181444707,0.15,S6_S8_REVERSAL
2026-08-31 07:00:00+00:00,BTC,SELL,5.901177671024925,0.005901177671024925,0.075,S6_REVERSAL
2026-08-31 07:00:00+00:00,ETH,BUY,7579.244226036758,7.579244226036758,0.075,S6_REVERSAL
2026-08-31 07:00:00+00:00,SOL,SELL,11.442352054104049,0.011442352054104049,0.15,S6_S8_REVERSAL
2026-08-31 08:00:00+00:00,BTC,SELL,6.4600842894979,0.0064600842894979,0.075,S6_REVERSAL
2026-08-31 08:00:00+00:00,ETH,SELL,1.893744523665191,0.0018937445236651912,0.075,S6_REVERSAL
2026-08-31 08:00:00+00:00,SOL,SELL,31.460839003479126,0.031460839003479124,0.15,S3_TREND
2026-08-31 09:00:00+00:00,BTC,BUY,7567.207554968319,7.567207554968319,0.15,S3_TREND
2026-08-31 09:00:00+00:00,ETH,SELL,11.865112565506934,0.011865112565506934,0.075,S6_REVERSAL
2026-08-31 09:00:00+00:00,SOL,SELL,23.213653318427532,0.02321365331842753,0.15,S3_TREND
2026-08-31 10:00:00+00:00,BTC,SELL,8.938234002151148,0.008938234002151149,0.15,S3_TREND
2026-08-31 10:00:00+00:00,ETH,BUY,7583.93209211258,7.583932092112581,0.15,S3_TREND
2026-08-31 10:00:00+00:00,SOL,BUY,17.493599287652614,0.017493599287652616,0.15,S3_TREND
2026-08-31 11:00:00+00:00,BTC,SELL,12.49844668476544,0.01249844668476544,0.15,S3_TREND
2026-08-31 11:00:00+00:00,ETH,SELL,29.421740429886995,0.029421740429886996,0.15,S3_TREND
2026-08-31 11:00:00+00:00,SOL,SELL,60.883724570121565,0.06088372457012157,0.15,S3_TREND
2026-08-31 12:00:00+00:00,BTC,BUY,49.98290687155895,0.04998290687155895,0.15,S3_TREND
2026-08-31 12:00:00+00:00,ETH,BUY,31.22325001597892,0.03122325001597892,0.15,S3_TREND
2026-08-31 12:00:00+00:00,SOL,BUY,14.830566799375447,0.014830566799375448,0.15,S3_TREND
2026-08-31 13:00:00+00:00,BTC,BUY,54.358315035347914,0.054358315035347916,0.15,S3_TREND
2026-08-31 13:00:00+00:00,ETH,SELL,52.43627914893477,0.05243627914893478,0.15,S3_TREND
2026-08-31 13:00:00+00:00,SOL,BUY,72.2098632331672,0.07220986323316719,0.15,S3_TREND
2026-08-31 14:00:00+00:00,BTC,SELL,9.120947506093216,0.009120947506093217,0.15,S3_TREND
2026-08-31 14:00:00+00:00,ETH,BUY,48.228643322958305,0.04822864332295831,0.15,S3_TREND
2026-08-31 14:00:00+00:00,SOL,BUY,39.08292282915863,0.03908292282915864,0.15,S3_TREND
2026-08-31 15:00:00+00:00,BTC,SELL,69.80873088761291,0.06980873088761291,0.15,S3_TREND
2026-08-31 15:00:00+00:00,ETH,SELL,96.22687092988416,0.09622687092988416,0.15,S3_TREND
2026-08-31 15:00:00+00:00,SOL,SELL,101.50724504863683,0.10150724504863684,0.15,S3_TREND
2026-08-31 16:00:00+00:00,BTC,SELL,10.941935168684722,0.010941935168684722,0.15,S3_TREND
2026-08-31 16:00:00+00:00,ETH,SELL,15.77893104724717,0.01577893104724717,0.15,S3_TREND
2026-08-31 16:00:00+00:00,SOL,BUY,81.82401043503887,0.08182401043503887,0.15,S3_TREND
2026-08-31 17:00:00+00:00,BTC,SELL,9.225422676065136,0.009225422676065137,0.15,S3_TREND
2026-08-31 17:00:00+00:00,ETH,SELL,7.088227074815221,0.007088227074815222,0.15,S3_TREND
2026-08-31 17:00:00+00:00,SOL,BUY,8.112999980608947,0.008112999980608947,0.15,S3_TREND
2026-08-31 18:00:00+00:00,BTC,SELL,18.866440068701195,0.018866440068701196,0.15,S3_TREND
2026-08-31 18:00:00+00:00,ETH,SELL,7.336035162870758,0.007336035162870758,0.15,S3_TREND
2026-08-31 18:00:00+00:00,SOL,SELL,87.24955602122463,0.08724955602122464,0.15,S3_TREND
2026-08-31 19:00:00+00:00,BTC,BUY,1.0230766584536468,0.0010230766584536468,0.15,S3_TREND
2026-08-31 19:00:00+00:00,ETH,BUY,9.15919051705896,0.00915919051705896,0.15,S3_TREND
2026-08-31 19:00:00+00:00,SOL,SELL,97.99857321292438,0.09799857321292439,0.15,S3_TREND
2026-08-31 20:00:00+00:00,BTC,BUY,4.003430501663388,0.0040034305016633884,0.15,S3_TREND
2026-08-31 20:00:00+00:00,ETH,SELL,43.55599316526241,0.04355599316526241,0.15,S3_TREND
2026-08-31 20:00:00+00:00,SOL,BUY,108.21998650211026,0.10821998650211026,0.15,S3_TREND
2026-08-31 21:00:00+00:00,ETH,BUY,50.13461296510832,0.05013461296510832,0.15,S3_TREND
2026-08-31 21:00:00+00:00,SOL,SELL,26.95773216910311,0.02695773216910311,0.15,S3_TREND
2026-08-31 22:00:00+00:00,BTC,SELL,12.630026953693234,0.012630026953693235,0.15,S3_TREND
2026-08-31 22:00:00+00:00,ETH,SELL,28.182033808707274,0.028182033808707273,0.15,S3_TREND
2026-08-31 22:00:00+00:00,SOL,SELL,15212.046023581688,15.212046023581689,0.0,CASH
2026-08-31 23:00:00+00:00,BTC,BUY,50.429391401927205,0.050429391401927204,0.15,S3_TREND
2026-08-31 23:00:00+00:00,ETH,BUY,33.04307474404777,0.03304307474404777,0.15,S3_TREND
