timestamp,symbol,side,notional,fee,target_weight,reason
2026-03-01 17:00:00+00:00,SOL,BUY,7500.0,7.5,0.075,S6_REVERSAL
2026-03-01 18:00:00+00:00,SOL,BUY,7.697411894272591,0.007697411894272591,0.075,S6_REVERSAL
2026-03-01 19:00:00+00:00,SOL,SELL,3.3079370360655957,0.0033079370360655958,0.075,S6_REVERSAL
2026-03-01 20:00:00+00:00,SOL,BUY,57.853027234829824,0.057853027234829824,0.075,S6_REVERSAL
2026-03-01 21:00:00+00:00,SOL,SELL,7381.789577685971,7.381789577685971,0.0,CASH
2026-03-03 06:00:00+00:00,SOL,BUY,7485.344732072932,7.4853447320729325,0.075,S6_REVERSAL
2026-03-03 07:00:00+00:00,SOL,SELL,5.403884042105346,0.0054038840421053455,0.075,S6_REVERSAL
2026-03-03 08:00:00+00:00,SOL,BUY,21.775048375047845,0.021775048375047845,0.075,S6_REVERSAL
2026-03-03 09:00:00+00:00,SOL,SELL,7367.98463560252,7.36798463560252,0.0,CASH
2026-03-03 10:00:00+00:00,BTC,BUY,7474.198849390173,7.474198849390173,0.075,S6_REVERSAL
2026-03-03 10:00:00+00:00,ETH,BUY,7474.198849390173,7.474198849390173,0.075,S6_REVERSAL
2026-03-03 10:00:00+00:00,SOL,BUY,14948.397698780345,14.948397698780346,0.15,S6_S8_REVERSAL
2026-03-03 11:00:00+00:00,BTC,SELL,27.459401558060563,0.027459401558060564,0.075,S6_REVERSAL
2026-03-03 11:00:00+00:00,ETH,SELL,28.46625553980084,0.028466255539800842,0.075,S6_REVERSAL
2026-03-03 11:00:00+00:00,SOL,BUY,60.08525216768976,0.060085252167689764,0.15,S6_S8_REVERSAL
2026-03-03 12:00:00+00:00,BTC,SELL,12.266267311940283,0.012266267311940283,0.075,S6_REVERSAL
2026-03-03 12:00:00+00:00,ETH,SELL,6.008371842285669,0.006008371842285669,0.075,S6_REVERSAL
2026-03-03 12:00:00+00:00,SOL,SELL,40.781839382399994,0.040781839382399994,0.15,S6_S8_REVERSAL
2026-03-03 13:00:00+00:00,BTC,SELL,33.92022760355758,0.033920227603557576,0.075,S6_REVERSAL
2026-03-03 13:00:00+00:00,ETH,SELL,16.30101980947893,0.01630101980947893,0.075,S6_REVERSAL
2026-03-03 13:00:00+00:00,SOL,SELL,21.854517609008326,0.021854517609008327,0.15,S6_S8_REVERSAL
2026-03-03 14:00:00+00:00,BTC,BUY,33.075840539708224,0.033075840539708225,0.075,S6_REVERSAL
2026-03-03 14:00:00+00:00,ETH,BUY,39.81784937200973,0.03981784937200973,0.075,S6_REVERSAL
2026-03-03 14:00:00+00:00,SOL,BUY,103.93093988321198,0.10393093988321198,0.15,S6_S8_REVERSAL
2026-03-03 15:00:00+00:00,BTC,BUY,29.470520014701833,0.029470520014701834,0.075,S6_REVERSAL
2026-03-03 15:00:00+00:00,ETH,BUY,24.80885326373027,0.024808853263730272,0.075,S6_REVERSAL
2026-03-03 15:00:00+00:00,SOL,BUY,47.73275894233848,0.04773275894233848,0.15,S6_S8_REVERSAL
2026-03-03 16:00:00+00:00,BTC,SELL,88.19057334255376,0.08819057334255376,0.075,S6_REVERSAL
2026-03-03 16:00:00+00:00,ETH,SELL,60.054334020457645,0.06005433402045764,0.075,S6_REVERSAL
2026-03-03 16:00:00+00:00,SOL,SELL,237.89062791254946,0.23789062791254947,0.15,S6_S8_REVERSAL
2026-03-03 17:00:00+00:00,BTC,SELL,36.998041641068085,0.03699804164106808,0.075,S6_REVERSAL
2026-03-03 17:00:00+00:00,ETH,SELL,43.40714312592536,0.04340714312592536,0.075,S6_REVERSAL
2026-03-03 17:00:00+00:00,SOL,SELL,39.603263075805444,0.039603263075805445,0.15,S6_S8_REVERSAL
2026-03-03 18:00:00+00:00,BTC,SELL,18.418086887912068,0.018418086887912067,0.075,S6_REVERSAL
2026-03-03 18:00:00+00:00,ETH,BUY,10.136807618306193,0.010136807618306194,0.075,S6_REVERSAL
2026-03-03 18:00:00+00:00,SOL,BUY,33.30036735744943,0.033300367357449435,0.15,S6_S8_REVERSAL
2026-03-03 19:00:00+00:00,BTC,SELL,26.684024603716352,0.026684024603716352,0.075,S6_REVERSAL
2026-03-03 19:00:00+00:00,ETH,SELL,21.520690182860562,0.021520690182860562,0.075,S6_REVERSAL
2026-03-03 19:00:00+00:00,SOL,SELL,20.53235801759547,0.02053235801759547,0.15,S6_S8_REVERSAL
2026-03-03 20:00:00+00:00,BTC,BUY,15.012670818885454,0.015012670818885455,0.075,S6_REVERSAL
2026-03-03 20:00:00+00:00,ETH,BUY,2.0663881222535565,0.0020663881222535564,0.075,S6_REVERSAL
2026-03-03 20:00:00+00:00,SOL,BUY,40.45674027230416,0.04045674027230416,0.15,S6_S8_REVERSAL
2026-03-03 21:00:00+00:00,BTC,BUY,11.921224123479078,0.011921224123479079,0.075,S6_REVERSAL
2026-03-03 21:00:00+00:00,ETH,BUY,22.449556930373546,0.022449556930373548,0.075,S6_REVERSAL
2026-03-03 21:00:00+00:00,SOL,BUY,27.35131277931214,0.02735131277931214,0.15,S6_S8_REVERSAL
2026-03-03 22:00:00+00:00,BTC,BUY,25.42920567080364,0.02542920567080364,0.075,S6_REVERSAL
2026-03-03 22:00:00+00:00,ETH,BUY,36.369050428502305,0.0363690504285023,0.075,S6_REVERSAL
2026-03-03 22:00:00+00:00,SOL,SELL,51.684411713336885,0.05168441171333689,0.15,S6_S8_REVERSAL
2026-03-03 23:00:00+00:00,BTC,SELL,11.427630135698564,0.011427630135698565,0.075,S6_REVERSAL
2026-03-03 23:00:00+00:00,ETH,SELL,34.608570153608525,0.03460857015360853,0.075,S6_REVERSAL
2026-03-03 23:00:00+00:00,SOL,SELL,158.76078346983195,0.15876078346983194,0.15,S6_S8_REVERSAL
2026-03-04 00:00:00+00:00,BTC,BUY,7.898043907228384,0.007898043907228385,0.075,S6_REVERSAL
2026-03-04 00:00:00+00:00,ETH,BUY,10.946327870830828,0.010946327870830828,0.075,S6_REVERSAL
2026-03-04 00:00:00+00:00,SOL,SELL,103.87074850151657,0.10387074850151658,0.15,S6_S8_REVERSAL
2026-03-04 01:00:00+00:00,BTC,BUY,18.5263261823402,0.018526326182340198,0.075,S6_REVERSAL
2026-03-04 01:00:00+00:00,ETH,BUY,14.792539477445644,0.014792539477445644,0.075,S6_REVERSAL
2026-03-04 01:00:00+00:00,SOL,BUY,45.43491197133699,0.04543491197133699,0.15,S6_S8_REVERSAL
2026-03-04 02:00:00+00:00,BTC,SELL,22.094516650107835,0.022094516650107834,0.075,S6_REVERSAL
2026-03-04 02:00:00+00:00,ETH,SELL,6.79163829076515,0.00679163829076515,0.075,S6_REVERSAL
2026-03-04 02:00:00+00:00,SOL,SELL,86.45745304767297,0.08645745304767297,0.15,S6_S8_REVERSAL
2026-03-04 03:00:00+00:00,BTC,BUY,5.141431493703749,0.005141431493703749,0.075,S6_REVERSAL
2026-03-04 03:00:00+00:00,ETH,BUY,5.612836260709628,0.005612836260709628,0.075,S6_REVERSAL
2026-03-04 03:00:00+00:00,SOL,BUY,25.103069438462626,0.025103069438462626,0.15,S6_S8_REVERSAL
2026-03-04 04:00:00+00:00,BTC,BUY,38.16776169346667,0.038167761693466674,0.075,S6_REVERSAL
2026-03-04 04:00:00+00:00,ETH,BUY,42.79262178011231,0.04279262178011231,0.075,S6_REVERSAL
2026-03-04 04:00:00+00:00,SOL,BUY,170.89734809727088,0.1708973480972709,0.15,S6_S8_REVERSAL
2026-03-04 05:00:00+00:00,BTC,SELL,10.569441774068764,0.010569441774068765,0.075,S6_REVERSAL
2026-03-04 05:00:00+00:00,ETH,SELL,2.1972849386975213,0.0021972849386975215,0.075,S6_REVERSAL
2026-03-04 05:00:00+00:00,SOL,BUY,55.523786415351424,0.055523786415351425,0.15,S6_S8_REVERSAL
2026-03-04 06:00:00+00:00,BTC,SELL,36.36585926290354,0.03636585926290354,0.075,S6_REVERSAL
2026-03-04 06:00:00+00:00,ETH,SELL,31.459630267248944,0.03145963026724895,0.075,S6_REVERSAL
2026-03-04 06:00:00+00:00,SOL,SELL,27.09315749500456,0.02709315749500456,0.15,S6_S8_REVERSAL
2026-03-04 07:00:00+00:00,BTC,SELL,28.86564568249196,0.02886564568249196,0.075,S6_REVERSAL
2026-03-04 07:00:00+00:00,ETH,SELL,30.72670453288083,0.03072670453288083,0.075,S6_REVERSAL
2026-03-04 07:00:00+00:00,SOL,BUY,19.16176699028256,0.019161766990282558,0.15,S6_S8_REVERSAL
2026-03-04 08:00:00+00:00,BTC,SELL,68.52718572986487,0.06852718572986487,0.075,S6_REVERSAL
2026-03-04 08:00:00+00:00,ETH,SELL,59.927662063498246,0.05992766206349825,0.075,S6_REVERSAL
2026-03-04 08:00:00+00:00,SOL,SELL,240.43488534934477,0.24043488534934476,0.15,S6_S8_REVERSAL
2026-03-04 09:00:00+00:00,BTC,SELL,106.98605058071189,0.1069860505807119,0.075,S6_REVERSAL
2026-03-04 09:00:00+00:00,ETH,SELL,157.13173728372112,0.15713173728372112,0.075,S6_REVERSAL
2026-03-04 09:00:00+00:00,SOL,SELL,277.87713212997005,0.27787713212997006,0.15,S6_S8_REVERSAL
2026-03-04 10:00:00+00:00,BTC,SELL,7665.731090811941,7.665731090811941,0.0,CASH
2026-03-04 10:00:00+00:00,ETH,SELL,24.844917428175904,0.024844917428175906,0.075,S6_REVERSAL
2026-03-04 10:00:00+00:00,SOL,SELL,15361.414003209602,15.361414003209603,0.0,CASH
2026-03-04 11:00:00+00:00,ETH,SELL,7618.118127106621,7.618118127106621,0.0,CASH
2026-03-06 01:00:00+00:00,BTC,BUY,7625.713044701179,7.625713044701179,0.075,S6_REVERSAL
2026-03-06 01:00:00+00:00,ETH,BUY,7625.713044701179,7.625713044701179,0.075,S6_REVERSAL
2026-03-06 01:00:00+00:00,SOL,BUY,7625.713044701179,7.625713044701179,0.075,S6_REVERSAL
2026-03-06 02:00:00+00:00,BTC,SELL,23.227196137113424,0.023227196137113423,0.075,S6_REVERSAL
2026-03-06 02:00:00+00:00,ETH,SELL,40.744644113415234,0.04074464411341523,0.075,S6_REVERSAL
2026-03-06 02:00:00+00:00,SOL,SELL,17.500163098770827,0.017500163098770827,0.075,S6_REVERSAL
2026-03-06 03:00:00+00:00,BTC,SELL,5.3833305244725125,0.005383330524472513,0.075,S6_REVERSAL
2026-03-06 03:00:00+00:00,ETH,BUY,7.886951011189012,0.007886951011189013,0.075,S6_REVERSAL
2026-03-06 03:00:00+00:00,SOL,BUY,58.32143361410908,0.05832143361410908,0.075,S6_REVERSAL
2026-03-06 04:00:00+00:00,BTC,BUY,17.135038994228125,0.017135038994228125,0.075,S6_REVERSAL
2026-03-06 04:00:00+00:00,SOL,SELL,3.0045675153369302,0.0030045675153369303,0.075,S6_REVERSAL
2026-03-06 05:00:00+00:00,BTC,BUY,41.20535524736988,0.04120535524736988,0.075,S6_REVERSAL
2026-03-06 05:00:00+00:00,ETH,BUY,37.504399192665915,0.03750439919266592,0.075,S6_REVERSAL
2026-03-06 05:00:00+00:00,SOL,BUY,11.839038372922914,0.011839038372922914,0.075,S6_REVERSAL
2026-03-06 06:00:00+00:00,BTC,BUY,15.408813414822362,0.015408813414822363,0.075,S6_REVERSAL
2026-03-06 06:00:00+00:00,ETH,BUY,3.407904262277043,0.003407904262277043,0.075,S6_REVERSAL
2026-03-06 06:00:00+00:00,SOL,BUY,19.596684969707894,0.019596684969707893,0.075,S6_REVERSAL
2026-03-06 07:00:00+00:00,BTC,SELL,13.392286340675128,0.013392286340675129,0.075,S6_REVERSAL
2026-03-06 07:00:00+00:00,ETH,SELL,14.788324783969983,0.014788324783969983,0.075,S6_REVERSAL
2026-03-06 07:00:00+00:00,SOL,SELL,13.309355825268538,0.013309355825268538,0.075,S6_REVERSAL
2026-03-06 08:00:00+00:00,BTC,SELL,39.448939729642916,0.03944893972964292,0.075,S6_REVERSAL
2026-03-06 08:00:00+00:00,ETH,SELL,22.187791205264148,0.022187791205264148,0.075,S6_REVERSAL
2026-03-06 08:00:00+00:00,SOL,SELL,42.648191419647446,0.042648191419647444,0.075,S6_REVERSAL
2026-03-06 09:00:00+00:00,BTC,BUY,22.413648026304145,0.022413648026304144,0.075,S6_REVERSAL
2026-03-06 09:00:00+00:00,ETH,BUY,18.91743822983244,0.018917438229832443,0.075,S6_REVERSAL
2026-03-06 09:00:00+00:00,SOL,BUY,22.99528276579622,0.02299528276579622,0.075,S6_REVERSAL
2026-03-06 10:00:00+00:00,BTC,BUY,12.334970915564554,0.012334970915564554,0.075,S6_REVERSAL
2026-03-06 10:00:00+00:00,ETH,BUY,46.810768415232815,0.046810768415232816,0.075,S6_REVERSAL
2026-03-06 10:00:00+00:00,SOL,SELL,7545.328508028801,7.545328508028801,0.0,CASH
2026-03-06 11:00:00+00:00,BTC,BUY,4.1268134959091185,0.0041268134959091185,0.075,S6_REVERSAL
2026-03-06 11:00:00+00:00,ETH,SELL,12.523464431652428,0.012523464431652429,0.075,S6_REVERSAL
2026-03-06 12:00:00+00:00,BTC,BUY,28.004758580571433,0.028004758580571432,0.075,S6_REVERSAL
2026-03-06 12:00:00+00:00,ETH,BUY,39.67208987119466,0.03967208987119466,0.075,S6_REVERSAL
2026-03-06 13:00:00+00:00,BTC,SELL,7568.693797222202,7.568693797222203,0.0,CASH
2026-03-06 13:00:00+00:00,ETH,BUY,6.115858003404355,0.006115858003404355,0.075,S6_REVERSAL
2026-03-06 14:00:00+00:00,ETH,SELL,7492.432234195731,7.492432234195731,0.0,CASH
2026-03-06 14:00:00+00:00,SOL,BUY,7590.0972994119375,7.590097299411938,0.075,S6_REVERSAL
2026-03-06 15:00:00+00:00,BTC,BUY,7580.652385876145,7.580652385876145,0.075,S6_REVERSAL
2026-03-06 15:00:00+00:00,ETH,BUY,7580.652385876145,7.580652385876145,0.075,S6_REVERSAL
2026-03-06 15:00:00+00:00,SOL,BUY,101.40473740783273,0.10140473740783273,0.075,S6_REVERSAL
2026-03-06 16:00:00+00:00,BTC,SELL,9.792690507860243,0.009792690507860243,0.075,S6_REVERSAL
2026-03-06 16:00:00+00:00,ETH,BUY,14.295467207641195,0.014295467207641195,0.075,S6_REVERSAL
2026-03-06 16:00:00+00:00,SOL,SELL,27.148911530660374,0.027148911530660375,0.075,S6_REVERSAL
2026-03-06 17:00:00+00:00,BTC,BUY,2.073301436753354,0.0020733014367533545,0.075,S6_REVERSAL
2026-03-06 17:00:00+00:00,ETH,BUY,21.390172756128777,0.021390172756128777,0.075,S6_REVERSAL
2026-03-06 17:00:00+00:00,SOL,BUY,21.606242869962443,0.021606242869962444,0.075,S6_REVERSAL
2026-03-06 18:00:00+00:00,BTC,BUY,48.0031448142181,0.04800314481421811,0.075,S6_REVERSAL
2026-03-06 18:00:00+00:00,ETH,BUY,10.976666225619738,0.010976666225619738,0.075,S6_REVERSAL
2026-03-06 18:00:00+00:00,SOL,SELL,7563.527748952326,7.5635277489523265,0.0,CASH
2026-03-06 19:00:00+00:00,BTC,SELL,21.602261574311342,0.021602261574311343,0.075,S6_REVERSAL
2026-03-06 19:00:00+00:00,ETH,SELL,26.66868797288771,0.02666868797288771,0.075,S6_REVERSAL
2026-03-06 20:00:00+00:00,BTC,BUY,7.700169226190155,0.007700169226190156,0.075,S6_REVERSAL
2026-03-06 20:00:00+00:00,ETH,SELL,32.809334003445656,0.032809334003445656,0.075,S6_REVERSAL
2026-03-06 21:00:00+00:00,ETH,BUY,17.876374735003992,0.017876374735003992,0.075,S6_REVERSAL
2026-03-06 22:00:00+00:00,BTC,SELL,16.18029301459228,0.01618029301459228,0.075,S6_REVERSAL
2026-03-06 22:00:00+00:00,ETH,SELL,16.646795658161864,0.016646795658161864,0.075,S6_REVERSAL
2026-03-06 22:00:00+00:00,SOL,BUY,7577.715440351168,7.5777154403511675,0.075,S6_REVERSAL
2026-03-06 23:00:00+00:00,BTC,SELL,1.1272344180961227,0.0011272344180961228,0.075,S6_REVERSAL
2026-03-06 23:00:00+00:00,ETH,SELL,10.965582216316761,0.010965582216316761,0.075,S6_REVERSAL
2026-03-06 23:00:00+00:00,SOL,SELL,19.17469804477878,0.01917469804477878,0.075,S6_REVERSAL
2026-03-07 00:00:00+00:00,BTC,BUY,16.80729172401516,0.01680729172401516,0.075,S6_REVERSAL
2026-03-07 00:00:00+00:00,ETH,BUY,26.577924205305862,0.026577924205305862,0.075,S6_REVERSAL
2026-03-07 00:00:00+00:00,SOL,BUY,18.943414659896916,0.018943414659896917,0.075,S6_REVERSAL
2026-03-07 01:00:00+00:00,BTC,SELL,16.954886762830938,0.01695488676283094,0.075,S6_REVERSAL
2026-03-07 01:00:00+00:00,ETH,SELL,7.938535427910209,0.007938535427910209,0.075,S6_REVERSAL
2026-03-07 01:00:00+00:00,SOL,SELL,2.701460777907414,0.002701460777907414,0.075,S6_REVERSAL
2026-03-07 02:00:00+00:00,BTC,BUY,2.425753550832269,0.002425753550832269,0.075,S6_REVERSAL
2026-03-07 02:00:00+00:00,ETH,BUY,2.2518566673716123,0.0022518566673716124,0.075,S6_REVERSAL
2026-03-07 02:00:00+00:00,SOL,BUY,2.8452987348500756,0.0028452987348500758,0.075,S6_REVERSAL
2026-03-07 03:00:00+00:00,BTC,SELL,8.553594214663462,0.008553594214663464,0.075,S6_REVERSAL
2026-03-07 03:00:00+00:00,ETH,SELL,9.721945688100277,0.009721945688100277,0.075,S6_REVERSAL
2026-03-07 03:00:00+00:00,SOL,BUY,5.688994965476013,0.0056889949654760135,0.075,S6_REVERSAL
2026-03-07 04:00:00+00:00,BTC,BUY,24.27963919357535,0.02427963919357535,0.075,S6_REVERSAL
2026-03-07 04:00:00+00:00,ETH,BUY,8.705103314210646,0.008705103314210646,0.075,S6_REVERSAL
2026-03-07 04:00:00+00:00,SOL,BUY,7.695920876269156,0.007695920876269156,0.075,S6_REVERSAL
2026-03-07 05:00:00+00:00,ETH,BUY,15.21036146446022,0.01521036146446022,0.075,S6_REVERSAL
2026-03-07 05:00:00+00:00,SOL,BUY,19.879291456852116,0.019879291456852115,0.075,S6_REVERSAL
2026-03-07 06:00:00+00:00,BTC,BUY,6.318810140198366,0.006318810140198366,0.075,S6_REVERSAL
2026-03-07 06:00:00+00:00,ETH,SELL,12.881259588903959,0.01288125958890396,0.075,S6_REVERSAL
2026-03-07 06:00:00+00:00,SOL,SELL,5.143648806666533,0.005143648806666534,0.075,S6_REVERSAL
2026-03-07 07:00:00+00:00,BTC,BUY,29.610930046814246,0.029610930046814248,0.075,S6_REVERSAL
2026-03-07 07:00:00+00:00,ETH,BUY,20.865279424742766,0.020865279424742766,0.075,S6_REVERSAL
2026-03-07 07:00:00+00:00,SOL,BUY,20.09786313151926,0.02009786313151926,0.075,S6_REVERSAL
2026-03-07 08:00:00+00:00,BTC,SELL,10.525536774733155,0.010525536774733155,0.075,S6_REVERSAL
2026-03-07 08:00:00+00:00,ETH,SELL,36.411823231365815,0.03641182323136582,0.075,S6_REVERSAL
2026-03-07 08:00:00+00:00,SOL,SELL,19.663262964942078,0.01966326296494208,0.075,S6_REVERSAL
2026-03-07 09:00:00+00:00,BTC,BUY,3.667431186921931,0.003667431186921931,0.075,S6_REVERSAL
2026-03-07 09:00:00+00:00,ETH,BUY,17.176302747835507,0.017176302747835506,0.075,S6_REVERSAL
2026-03-07 09:00:00+00:00,SOL,SELL,4.300572409390043,0.004300572409390043,0.075,S6_REVERSAL
2026-03-07 10:00:00+00:00,BTC,SELL,17.327236138554326,0.017327236138554327,0.075,S6_REVERSAL
2026-03-07 10:00:00+00:00,ETH,SELL,26.35980836923227,0.026359808369232268,0.075,S6_REVERSAL
2026-03-07 10:00:00+00:00,SOL,SELL,13.326518678382854,0.013326518678382854,0.075,S6_REVERSAL
2026-03-07 11:00:00+00:00,BTC,BUY,11.288582454834795,0.011288582454834795,0.075,S6_REVERSAL
2026-03-07 11:00:00+00:00,ETH,BUY,5.544823468662798,0.005544823468662799,0.075,S6_REVERSAL
2026-03-07 11:00:00+00:00,SOL,BUY,4.225958001731669,0.00422595800173167,0.075,S6_REVERSAL
2026-03-07 12:00:00+00:00,BTC,SELL,11.003618349840508,0.011003618349840509,0.075,S6_REVERSAL
2026-03-07 12:00:00+00:00,ETH,SELL,13.937169462648853,0.013937169462648854,0.075,S6_REVERSAL
2026-03-07 12:00:00+00:00,SOL,SELL,10.874299934933333,0.010874299934933333,0.075,S6_REVERSAL
2026-03-07 13:00:00+00:00,BTC,SELL,2.4509299653800554,0.0024509299653800555,0.075,S6_REVERSAL
2026-03-07 13:00:00+00:00,ETH,BUY,20.019996332507617,0.020019996332507617,0.075,S6_REVERSAL
2026-03-07 13:00:00+00:00,SOL,BUY,27.818941241434914,0.027818941241434914,0.075,S6_REVERSAL
2026-03-07 14:00:00+00:00,BTC,BUY,6.134218252309438,0.006134218252309438,0.075,S6_REVERSAL
2026-03-07 14:00:00+00:00,ETH,BUY,1.8849893548185719,0.001884989354818572,0.075,S6_REVERSAL
2026-03-07 15:00:00+00:00,BTC,SELL,7.816560569142894,0.007816560569142894,0.075,S6_REVERSAL
2026-03-07 15:00:00+00:00,ETH,SELL,18.060193177997462,0.018060193177997463,0.075,S6_REVERSAL
2026-03-07 15:00:00+00:00,SOL,BUY,7.302865747197757,0.007302865747197757,0.075,S6_REVERSAL
2026-03-07 16:00:00+00:00,BTC,BUY,9.392119356427429,0.009392119356427428,0.075,S6_REVERSAL
2026-03-07 16:00:00+00:00,ETH,BUY,16.67876768035785,0.01667876768035785,0.075,S6_REVERSAL
2026-03-07 16:00:00+00:00,SOL,BUY,37.0421520528007,0.0370421520528007,0.075,S6_REVERSAL
2026-03-07 17:00:00+00:00,BTC,BUY,7.505023299909226,0.007505023299909226,0.075,S6_REVERSAL
2026-03-07 17:00:00+00:00,ETH,BUY,11.445986128343975,0.011445986128343976,0.075,S6_REVERSAL
2026-03-07 17:00:00+00:00,SOL,BUY,11.501956936554961,0.011501956936554961,0.075,S6_REVERSAL
2026-03-07 18:00:00+00:00,SOL,SELL,2.3785714325113076,0.0023785714325113075,0.075,S6_REVERSAL
2026-03-07 19:00:00+00:00,BTC,BUY,19.150368839748808,0.01915036883974881,0.075,S6_REVERSAL
2026-03-07 19:00:00+00:00,ETH,BUY,18.20871486444139,0.01820871486444139,0.075,S6_REVERSAL
2026-03-07 19:00:00+00:00,SOL,SELL,7542.933343725383,7.542933343725383,0.0,CASH
2026-03-07 20:00:00+00:00,BTC,SELL,7503.9386183292245,7.503938618329225,0.0,CASH
2026-03-07 20:00:00+00:00,ETH,BUY,52.15940870078157,0.05215940870078157,0.075,S6_REVERSAL
2026-03-07 20:00:00+00:00,SOL,BUY,7549.238177172944,7.549238177172945,0.075,S6_REVERSAL
2026-03-07 21:00:00+00:00,ETH,SELL,37.706155581426174,0.037706155581426176,0.075,S6_REVERSAL
2026-03-07 21:00:00+00:00,SOL,SELL,41.04123198541856,0.041041231985418564,0.075,S6_REVERSAL
2026-03-07 22:00:00+00:00,ETH,SELL,13.225763188297606,0.013225763188297606,0.075,S6_REVERSAL
2026-03-07 22:00:00+00:00,SOL,SELL,19.837006447909516,0.019837006447909516,0.075,S6_REVERSAL
2026-03-07 23:00:00+00:00,ETH,BUY,12.746136801501052,0.012746136801501053,0.075,S6_REVERSAL
2026-03-07 23:00:00+00:00,SOL,BUY,23.147830143219835,0.023147830143219836,0.075,S6_REVERSAL
2026-03-08 00:00:00+00:00,ETH,SELL,9.555112598553023,0.009555112598553024,0.075,S6_REVERSAL
2026-03-08 00:00:00+00:00,SOL,SELL,18.46752133049904,0.01846752133049904,0.075,S6_REVERSAL
2026-03-08 01:00:00+00:00,ETH,BUY,1.389685188308249,0.001389685188308249,0.075,S6_REVERSAL
2026-03-08 01:00:00+00:00,SOL,BUY,12.401864927031056,0.012401864927031056,0.075,S6_REVERSAL
2026-03-08 02:00:00+00:00,SOL,BUY,8.418295724744894,0.008418295724744894,0.075,S6_REVERSAL
2026-03-08 03:00:00+00:00,ETH,SELL,7453.84173684295,7.45384173684295,0.0,CASH
2026-03-08 03:00:00+00:00,SOL,BUY,40.35430730433018,0.04035430730433018,0.075,S6_REVERSAL
2026-03-08 04:00:00+00:00,SOL,BUY,4.51889107513216,0.00451889107513216,0.075,S6_REVERSAL
2026-03-08 05:00:00+00:00,BTC,BUY,7540.100853972849,7.54010085397285,0.075,S6_REVERSAL
2026-03-08 05:00:00+00:00,ETH,BUY,7540.100853972849,7.54010085397285,0.075,S6_REVERSAL
2026-03-08 05:00:00+00:00,SOL,BUY,31.351004695650772,0.031351004695650775,0.075,S6_REVERSAL
2026-03-08 06:00:00+00:00,BTC,SELL,48.03362935066161,0.04803362935066161,0.075,S6_REVERSAL
2026-03-08 06:00:00+00:00,ETH,SELL,31.267046203817703,0.031267046203817705,0.075,S6_REVERSAL
2026-03-08 06:00:00+00:00,SOL,SELL,38.78718535215285,0.03878718535215285,0.075,S6_REVERSAL
2026-03-08 07:00:00+00:00,BTC,SELL,1.764811537528658,0.001764811537528658,0.075,S6_REVERSAL
2026-03-08 07:00:00+00:00,ETH,BUY,3.2184458187757627,0.003218445818775763,0.075,S6_REVERSAL
2026-03-08 07:00:00+00:00,SOL,BUY,3.1989593532016443,0.0031989593532016445,0.075,S6_REVERSAL
2026-03-08 08:00:00+00:00,BTC,SELL,11.020129915389589,0.011020129915389589,0.075,S6_REVERSAL
2026-03-08 08:00:00+00:00,ETH,SELL,21.003788183087636,0.021003788183087638,0.075,S6_REVERSAL
2026-03-08 08:00:00+00:00,SOL,SELL,38.078512755086194,0.0380785127550862,0.075,S6_REVERSAL
2026-03-08 09:00:00+00:00,BTC,SELL,20.45710069922643,0.02045710069922643,0.075,S6_REVERSAL
2026-03-08 09:00:00+00:00,ETH,SELL,13.255754031370088,0.013255754031370089,0.075,S6_REVERSAL
2026-03-08 09:00:00+00:00,SOL,SELL,9.490197853094287,0.009490197853094287,0.075,S6_REVERSAL
2026-03-08 10:00:00+00:00,BTC,SELL,13.159929273209855,0.013159929273209855,0.075,S6_REVERSAL
2026-03-08 10:00:00+00:00,ETH,SELL,12.000903586040295,0.012000903586040295,0.075,S6_REVERSAL
2026-03-08 10:00:00+00:00,SOL,SELL,2.7609614164985032,0.0027609614164985034,0.075,S6_REVERSAL
2026-03-08 11:00:00+00:00,BTC,SELL,16.587103178388134,0.016587103178388133,0.075,S6_REVERSAL
2026-03-08 11:00:00+00:00,ETH,SELL,32.595550349501536,0.03259555034950154,0.075,S6_REVERSAL
2026-03-08 11:00:00+00:00,SOL,SELL,37.12453947342692,0.03712453947342692,0.075,S6_REVERSAL
2026-03-08 12:00:00+00:00,BTC,BUY,27.80871938533255,0.027808719385332553,0.075,S6_REVERSAL
2026-03-08 12:00:00+00:00,ETH,BUY,71.78579723927396,0.07178579723927396,0.075,S6_REVERSAL
2026-03-08 12:00:00+00:00,SOL,BUY,61.34564996787867,0.061345649967878675,0.075,S6_REVERSAL
2026-03-08 13:00:00+00:00,BTC,BUY,14.849975903344784,0.014849975903344784,0.075,S6_REVERSAL
2026-03-08 13:00:00+00:00,ETH,BUY,13.339990271931129,0.013339990271931128,0.075,S6_REVERSAL
2026-03-08 13:00:00+00:00,SOL,BUY,38.26364594504594,0.038263645945045936,0.075,S6_REVERSAL
2026-03-08 14:00:00+00:00,BTC,BUY,7.153910639980495,0.007153910639980495,0.075,S6_REVERSAL
2026-03-08 14:00:00+00:00,ETH,BUY,4.797584901850314,0.004797584901850314,0.075,S6_REVERSAL
2026-03-08 14:00:00+00:00,SOL,BUY,18.171751426441915,0.018171751426441916,0.075,S6_REVERSAL
2026-03-08 15:00:00+00:00,BTC,SELL,9.017529297871079,0.009017529297871078,0.075,S6_REVERSAL
2026-03-08 15:00:00+00:00,ETH,SELL,2.018515865196605,0.0020185158651966047,0.075,S6_REVERSAL
2026-03-08 15:00:00+00:00,SOL,SELL,17.469270101054462,0.017469270101054462,0.075,S6_REVERSAL
2026-03-08 16:00:00+00:00,BTC,BUY,10.23961887617952,0.01023961887617952,0.075,S6_REVERSAL
2026-03-08 16:00:00+00:00,ETH,BUY,5.1529941710041385,0.005152994171004139,0.075,S6_REVERSAL
2026-03-08 16:00:00+00:00,SOL,BUY,19.54591366427121,0.019545913664271213,0.075,S6_REVERSAL
2026-03-08 17:00:00+00:00,BTC,BUY,30.4012908028526,0.0304012908028526,0.075,S6_REVERSAL
2026-03-08 17:00:00+00:00,ETH,BUY,16.59551899289363,0.016595518992893632,0.075,S6_REVERSAL
2026-03-08 17:00:00+00:00,SOL,BUY,40.28723514413832,0.040287235144138324,0.075,S6_REVERSAL
2026-03-08 18:00:00+00:00,BTC,SELL,19.322301683549085,0.019322301683549085,0.075,S6_REVERSAL
2026-03-08 18:00:00+00:00,ETH,BUY,6.656908195235701,0.006656908195235701,0.075,S6_REVERSAL
2026-03-08 18:00:00+00:00,SOL,SELL,12.377225284481938,0.012377225284481938,0.075,S6_REVERSAL
2026-03-08 19:00:00+00:00,BTC,BUY,24.911391561882738,0.02491139156188274,0.075,S6_REVERSAL
2026-03-08 19:00:00+00:00,ETH,BUY,16.98939070214783,0.01698939070214783,0.075,S6_REVERSAL
2026-03-08 19:00:00+00:00,SOL,BUY,3.873525044159578,0.0038735250441595784,0.075,S6_REVERSAL
2026-03-08 20:00:00+00:00,BTC,SELL,39.42673777681284,0.03942673777681285,0.075,S6_REVERSAL
2026-03-08 20:00:00+00:00,ETH,SELL,114.44739579327506,0.11444739579327506,0.075,S6_REVERSAL
2026-03-08 20:00:00+00:00,SOL,SELL,60.52225033305057,0.06052225033305057,0.075,S6_REVERSAL
2026-03-08 21:00:00+00:00,BTC,BUY,7.516603731059149,0.007516603731059149,0.075,S6_REVERSAL
2026-03-08 21:00:00+00:00,ETH,BUY,19.677474184386483,0.019677474184386482,0.075,S6_REVERSAL
2026-03-08 21:00:00+00:00,SOL,BUY,9.275835368763182,0.009275835368763183,0.075,S6_REVERSAL
2026-03-08 22:00:00+00:00,BTC,BUY,20.753126026579594,0.020753126026579593,0.075,S6_REVERSAL
2026-03-08 22:00:00+00:00,ETH,BUY,15.186598658100593,0.015186598658100592,0.075,S6_REVERSAL
2026-03-08 22:00:00+00:00,SOL,BUY,3.516264153777229,0.0035162641537772286,0.075,S6_REVERSAL
2026-03-08 23:00:00+00:00,BTC,BUY,76.62875716292274,0.07662875716292274,0.075,S6_REVERSAL
2026-03-08 23:00:00+00:00,ETH,BUY,29.90369309163634,0.029903693091636343,0.075,S6_REVERSAL
2026-03-08 23:00:00+00:00,SOL,BUY,13.188010147692694,0.013188010147692695,0.075,S6_REVERSAL
2026-03-09 00:00:00+00:00,BTC,BUY,23.487295389244537,0.023487295389244538,0.075,S6_REVERSAL
2026-03-09 00:00:00+00:00,ETH,BUY,16.885714842494053,0.016885714842494053,0.075,S6_REVERSAL
2026-03-09 00:00:00+00:00,SOL,BUY,29.116349936667575,0.029116349936667577,0.075,S6_REVERSAL
2026-03-09 01:00:00+00:00,BTC,SELL,32.87695815277857,0.03287695815277857,0.075,S6_REVERSAL
2026-03-09 01:00:00+00:00,ETH,SELL,41.311988073182874,0.04131198807318288,0.075,S6_REVERSAL
2026-03-09 01:00:00+00:00,SOL,SELL,56.56796759054941,0.05656796759054941,0.075,S6_REVERSAL
2026-03-09 02:00:00+00:00,BTC,BUY,15.187105700581014,0.015187105700581014,0.075,S6_REVERSAL
2026-03-09 02:00:00+00:00,ETH,BUY,14.704411555486331,0.014704411555486331,0.075,S6_REVERSAL
2026-03-09 02:00:00+00:00,SOL,BUY,17.395195562558,0.017395195562558002,0.075,S6_REVERSAL
2026-03-09 03:00:00+00:00,BTC,SELL,28.133123658926706,0.028133123658926708,0.075,S6_REVERSAL
2026-03-09 03:00:00+00:00,ETH,SELL,42.18124781678853,0.04218124781678853,0.075,S6_REVERSAL
2026-03-09 03:00:00+00:00,SOL,SELL,40.6779785138242,0.0406779785138242,0.075,S6_REVERSAL
2026-03-09 04:00:00+00:00,BTC,SELL,61.58395421718251,0.06158395421718251,0.075,S6_REVERSAL
2026-03-09 04:00:00+00:00,ETH,SELL,54.47123341603219,0.054471233416032196,0.075,S6_REVERSAL
2026-03-09 04:00:00+00:00,SOL,SELL,30.5680616255695,0.0305680616255695,0.075,S6_REVERSAL
2026-03-09 05:00:00+00:00,BTC,BUY,7.912620721446729,0.00791262072144673,0.075,S6_REVERSAL
2026-03-09 05:00:00+00:00,SOL,SELL,4.049279195655799,0.004049279195655799,0.075,S6_REVERSAL
2026-03-09 06:00:00+00:00,BTC,SELL,64.3793323647651,0.0643793323647651,0.075,S6_REVERSAL
2026-03-09 06:00:00+00:00,ETH,SELL,103.58730844389174,0.10358730844389175,0.075,S6_REVERSAL
2026-03-09 06:00:00+00:00,SOL,SELL,74.67256821737192,0.07467256821737192,0.075,S6_REVERSAL
2026-03-09 07:00:00+00:00,BTC,BUY,51.52115334969494,0.05152115334969494,0.075,S6_REVERSAL
2026-03-09 07:00:00+00:00,ETH,BUY,76.13995829015948,0.07613995829015949,0.075,S6_REVERSAL
2026-03-09 07:00:00+00:00,SOL,BUY,83.10034243511018,0.08310034243511018,0.075,S6_REVERSAL
2026-03-09 08:00:00+00:00,BTC,SELL,29.948587643178143,0.029948587643178145,0.075,S6_REVERSAL
2026-03-09 08:00:00+00:00,ETH,BUY,6.633065988899034,0.006633065988899034,0.075,S6_REVERSAL
2026-03-09 08:00:00+00:00,SOL,SELL,2.1106543772202713,0.0021106543772202715,0.075,S6_REVERSAL
2026-03-09 09:00:00+00:00,BTC,SELL,19.45780958249179,0.01945780958249179,0.075,S6_REVERSAL
2026-03-09 09:00:00+00:00,ETH,SELL,39.59140978733467,0.03959140978733467,0.075,S6_REVERSAL
2026-03-09 09:00:00+00:00,SOL,SELL,40.42287078135996,0.04042287078135996,0.075,S6_REVERSAL
2026-03-09 10:00:00+00:00,BTC,SELL,12.843615976489673,0.012843615976489673,0.075,S6_REVERSAL
2026-03-09 10:00:00+00:00,ETH,SELL,23.402283878587696,0.023402283878587695,0.075,S6_REVERSAL
2026-03-09 10:00:00+00:00,SOL,SELL,23.21793080464795,0.02321793080464795,0.075,S6_REVERSAL
2026-03-09 11:00:00+00:00,BTC,BUY,33.869876838803066,0.03386987683880307,0.075,S6_REVERSAL
2026-03-09 11:00:00+00:00,ETH,BUY,26.62313063498823,0.02662313063498823,0.075,S6_REVERSAL
2026-03-09 11:00:00+00:00,SOL,BUY,19.33843915093803,0.01933843915093803,0.075,S6_REVERSAL
2026-03-09 12:00:00+00:00,BTC,SELL,18.333246835515638,0.018333246835515637,0.075,S6_REVERSAL
2026-03-09 12:00:00+00:00,ETH,BUY,11.432840683753057,0.011432840683753057,0.075,S6_REVERSAL
2026-03-09 12:00:00+00:00,SOL,BUY,14.623678376678981,0.01462367837667898,0.075,S6_REVERSAL
2026-03-09 13:00:00+00:00,BTC,SELL,34.2436088841705,0.0342436088841705,0.075,S6_REVERSAL
2026-03-09 13:00:00+00:00,ETH,SELL,28.97501401588852,0.02897501401588852,0.075,S6_REVERSAL
2026-03-09 13:00:00+00:00,SOL,SELL,29.961465155104634,0.029961465155104634,0.075,S6_REVERSAL
2026-03-09 14:00:00+00:00,BTC,SELL,7676.275169111296,7.676275169111296,0.0,CASH
2026-03-09 14:00:00+00:00,ETH,SELL,41.33567458621201,0.041335674586212005,0.075,S6_REVERSAL
2026-03-09 14:00:00+00:00,SOL,SELL,83.7983018508803,0.0837983018508803,0.075,S6_REVERSAL
2026-03-09 15:00:00+00:00,ETH,SELL,13.939071083157614,0.013939071083157615,0.075,S6_REVERSAL
2026-03-09 15:00:00+00:00,SOL,SELL,11.810971671897278,0.011810971671897277,0.075,S6_REVERSAL
2026-03-09 16:00:00+00:00,ETH,SELL,2.9607931975733663,0.0029607931975733663,0.075,S6_REVERSAL
2026-03-09 16:00:00+00:00,SOL,BUY,20.72053375683663,0.02072053375683663,0.075,S6_REVERSAL
2026-03-09 17:00:00+00:00,ETH,SELL,16.437364833830543,0.016437364833830542,0.075,S6_REVERSAL
2026-03-09 17:00:00+00:00,SOL,SELL,6.063030086450453,0.006063030086450453,0.075,S6_REVERSAL
2026-03-09 18:00:00+00:00,ETH,BUY,36.44383374997324,0.03644383374997324,0.075,S6_REVERSAL
2026-03-09 18:00:00+00:00,SOL,BUY,1.1477034409108455,0.0011477034409108455,0.075,S6_REVERSAL
2026-03-09 19:00:00+00:00,ETH,BUY,17.4404119742494,0.0174404119742494,0.075,S6_REVERSAL
2026-03-09 19:00:00+00:00,SOL,SELL,8.80623074875075,0.00880623074875075,0.075,S6_REVERSAL
2026-03-09 20:00:00+00:00,ETH,SELL,70.89647708370921,0.07089647708370922,0.075,S6_REVERSAL
2026-03-09 20:00:00+00:00,SOL,SELL,59.03855083620874,0.05903855083620874,0.075,S6_REVERSAL
2026-03-09 21:00:00+00:00,ETH,BUY,26.62921052524871,0.02662921052524871,0.075,S6_REVERSAL
2026-03-09 21:00:00+00:00,SOL,SELL,7598.032058488457,7.598032058488457,0.0,CASH
2026-03-09 22:00:00+00:00,ETH,SELL,9.049646616698737,0.009049646616698737,0.075,S6_REVERSAL
2026-03-09 23:00:00+00:00,ETH,BUY,89.56982839164266,0.08956982839164267,0.075,S6_REVERSAL
2026-03-10 00:00:00+00:00,ETH,BUY,33.53053189292859,0.033530531892928594,0.075,S6_REVERSAL
2026-03-10 01:00:00+00:00,ETH,SELL,79.01440352548252,0.07901440352548253,0.075,S6_REVERSAL
2026-03-10 02:00:00+00:00,ETH,BUY,7593.927971667997,7.593927971667997,0.15,S3_TREND
2026-03-10 03:00:00+00:00,BTC,BUY,15239.691848806224,15.239691848806224,0.15,S3_TREND
2026-03-10 03:00:00+00:00,ETH,SELL,149.72867632638918,0.14972867632638917,0.15,S3_TREND
2026-03-10 04:00:00+00:00,BTC,BUY,135.47081073237314,0.13547081073237313,0.15,S3_TREND
2026-03-10 04:00:00+00:00,ETH,BUY,69.23797524303518,0.06923797524303518,0.15,S3_TREND
2026-03-10 05:00:00+00:00,BTC,SELL,98.40509063130774,0.09840509063130774,0.15,S3_TREND
2026-03-10 05:00:00+00:00,ETH,SELL,99.2790239961123,0.0992790239961123,0.15,S3_TREND
2026-03-10 05:00:00+00:00,SOL,BUY,15234.844962950709,15.234844962950708,0.15,S3_TREND
2026-03-10 06:00:00+00:00,BTC,BUY,11.142102209503719,0.01114210220950372,0.15,S3_TREND
2026-03-10 06:00:00+00:00,ETH,BUY,1.6365776637503586,0.0016365776637503587,0.15,S3_TREND
2026-03-10 06:00:00+00:00,SOL,BUY,11.936374780620099,0.0119363747806201,0.15,S3_TREND
2026-03-10 07:00:00+00:00,BTC,BUY,9.593729402524332,0.009593729402524332,0.15,S3_TREND
2026-03-10 07:00:00+00:00,ETH,SELL,1.8411646900385676,0.0018411646900385677,0.15,S3_TREND
2026-03-10 07:00:00+00:00,SOL,BUY,5.254879856851403,0.005254879856851403,0.15,S3_TREND
2026-03-10 08:00:00+00:00,BTC,SELL,74.29348367422426,0.07429348367422427,0.15,S3_TREND
2026-03-10 08:00:00+00:00,ETH,SELL,20.348175603579875,0.020348175603579877,0.15,S3_TREND
2026-03-10 08:00:00+00:00,SOL,SELL,28.19003281758887,0.028190032817588872,0.15,S3_TREND
2026-03-10 09:00:00+00:00,BTC,SELL,48.88954767825999,0.04888954767825999,0.15,S3_TREND
2026-03-10 09:00:00+00:00,ETH,SELL,29.796660323070682,0.029796660323070684,0.15,S3_TREND
2026-03-10 09:00:00+00:00,SOL,BUY,16.83500920912229,0.01683500920912229,0.15,S3_TREND
2026-03-10 10:00:00+00:00,BTC,SELL,41.979380773191224,0.04197938077319122,0.15,S3_TREND
2026-03-10 10:00:00+00:00,ETH,SELL,43.078269636129335,0.04307826963612933,0.15,S3_TREND
2026-03-10 10:00:00+00:00,SOL,SELL,53.748160352242856,0.053748160352242856,0.15,S3_TREND
2026-03-10 11:00:00+00:00,BTC,BUY,46.4749128247513,0.0464749128247513,0.15,S3_TREND
2026-03-10 11:00:00+00:00,ETH,BUY,20.116283041341376,0.020116283041341377,0.15,S3_TREND
2026-03-10 11:00:00+00:00,SOL,BUY,3.626359693829727,0.003626359693829727,0.15,S3_TREND
2026-03-10 12:00:00+00:00,BTC,BUY,26.25688642826026,0.02625688642826026,0.15,S3_TREND
2026-03-10 12:00:00+00:00,ETH,SELL,6.858759690725492,0.006858759690725492,0.15,S3_TREND
2026-03-10 12:00:00+00:00,SOL,BUY,37.2049006173238,0.0372049006173238,0.15,S3_TREND
2026-03-10 13:00:00+00:00,BTC,SELL,4.614775462081525,0.004614775462081525,0.15,S3_TREND
2026-03-10 13:00:00+00:00,ETH,BUY,70.1767822321981,0.0701767822321981,0.15,S3_TREND
2026-03-10 14:00:00+00:00,BTC,BUY,75.91342887232167,0.07591342887232168,0.15,S3_TREND
2026-03-10 14:00:00+00:00,ETH,BUY,66.8800372331043,0.0668800372331043,0.15,S3_TREND
2026-03-10 14:00:00+00:00,SOL,BUY,53.485246223446666,0.053485246223446664,0.15,S3_TREND
2026-03-10 15:00:00+00:00,BTC,SELL,186.02814818846676,0.18602814818846677,0.15,S3_TREND
2026-03-10 15:00:00+00:00,ETH,SELL,160.4252358456979,0.1604252358456979,0.15,S3_TREND
2026-03-10 15:00:00+00:00,SOL,SELL,204.68395380454785,0.20468395380454785,0.15,S3_TREND
2026-03-10 16:00:00+00:00,BTC,BUY,33.00723645305152,0.03300723645305152,0.15,S3_TREND
2026-03-10 16:00:00+00:00,ETH,SELL,23.82589469074992,0.02382589469074992,0.15,S3_TREND
2026-03-10 16:00:00+00:00,SOL,SELL,34.94675255000948,0.03494675255000948,0.15,S3_TREND
2026-03-10 17:00:00+00:00,BTC,BUY,17.006385886701537,0.017006385886701537,0.15,S3_TREND
2026-03-10 17:00:00+00:00,ETH,SELL,9.817168348688938,0.009817168348688938,0.15,S3_TREND
2026-03-10 17:00:00+00:00,SOL,SELL,8.390760323689392,0.008390760323689392,0.15,S3_TREND
2026-03-10 18:00:00+00:00,BTC,BUY,51.52463911684026,0.051524639116840264,0.15,S3_TREND
2026-03-10 18:00:00+00:00,ETH,BUY,32.058505483699264,0.03205850548369926,0.15,S3_TREND
2026-03-10 18:00:00+00:00,SOL,BUY,43.523135420500694,0.043523135420500694,0.15,S3_TREND
2026-03-10 19:00:00+00:00,BTC,BUY,77.41897908378814,0.07741897908378814,0.15,S3_TREND
2026-03-10 19:00:00+00:00,ETH,BUY,129.22721056868977,0.12922721056868977,0.15,S3_TREND
2026-03-10 19:00:00+00:00,SOL,BUY,187.09504050670876,0.18709504050670875,0.15,S3_TREND
2026-03-10 20:00:00+00:00,BTC,SELL,14.885866913469727,0.014885866913469726,0.15,S3_TREND
2026-03-10 20:00:00+00:00,ETH,BUY,11.428432425420397,0.011428432425420397,0.15,S3_TREND
2026-03-10 20:00:00+00:00,SOL,BUY,33.92760846998135,0.03392760846998135,0.15,S3_TREND
2026-03-10 21:00:00+00:00,BTC,SELL,23.272124803397674,0.023272124803397673,0.15,S3_TREND
2026-03-10 21:00:00+00:00,ETH,SELL,22.7911136803923,0.0227911136803923,0.15,S3_TREND
2026-03-10 21:00:00+00:00,SOL,SELL,22.09830661785418,0.022098306617854183,0.15,S3_TREND
2026-03-10 22:00:00+00:00,BTC,BUY,57.97392484826014,0.05797392484826014,0.15,S3_TREND
2026-03-10 22:00:00+00:00,ETH,BUY,54.9565141488838,0.0549565141488838,0.15,S3_TREND
2026-03-10 22:00:00+00:00,SOL,BUY,50.704639858495284,0.050704639858495285,0.15,S3_TREND
2026-03-10 23:00:00+00:00,BTC,BUY,1.0959979669842141,0.001095997966984214,0.15,S3_TREND
2026-03-10 23:00:00+00:00,ETH,BUY,3.824322254951767,0.003824322254951767,0.15,S3_TREND
2026-03-10 23:00:00+00:00,SOL,BUY,23.96713283849931,0.02396713283849931,0.15,S3_TREND
2026-03-11 00:00:00+00:00,BTC,SELL,22.472194771116847,0.02247219477111685,0.15,S3_TREND
2026-03-11 00:00:00+00:00,ETH,SELL,39.43667037608793,0.03943667037608793,0.15,S3_TREND
2026-03-11 00:00:00+00:00,SOL,SELL,36.932379662677704,0.036932379662677706,0.15,S3_TREND
2026-03-11 01:00:00+00:00,BTC,SELL,12.753185459319866,0.012753185459319865,0.15,S3_TREND
2026-03-11 01:00:00+00:00,SOL,SELL,16.62152781650002,0.01662152781650002,0.15,S3_TREND
2026-03-11 02:00:00+00:00,BTC,SELL,4.787996519706211,0.004787996519706211,0.15,S3_TREND
2026-03-11 02:00:00+00:00,ETH,BUY,12.089587042650237,0.012089587042650236,0.15,S3_TREND
2026-03-11 02:00:00+00:00,SOL,SELL,11.435048243658457,0.011435048243658458,0.15,S3_TREND
2026-03-11 03:00:00+00:00,BTC,BUY,33.02970421268037,0.03302970421268037,0.15,S3_TREND
2026-03-11 03:00:00+00:00,ETH,BUY,46.698610989033114,0.046698610989033114,0.15,S3_TREND
2026-03-11 03:00:00+00:00,SOL,BUY,6.510255263296131,0.006510255263296131,0.15,S3_TREND
2026-03-11 04:00:00+00:00,BTC,BUY,33.943536586542905,0.03394353658654291,0.15,S3_TREND
2026-03-11 04:00:00+00:00,ETH,BUY,19.076452405868622,0.019076452405868624,0.15,S3_TREND
2026-03-11 04:00:00+00:00,SOL,BUY,28.897822356901088,0.02889782235690109,0.15,S3_TREND
2026-03-11 05:00:00+00:00,BTC,SELL,58.48962771730112,0.05848962771730112,0.15,S3_TREND
2026-03-11 05:00:00+00:00,ETH,SELL,66.60827044102552,0.06660827044102553,0.15,S3_TREND
2026-03-11 05:00:00+00:00,SOL,SELL,123.49704699376525,0.12349704699376525,0.15,S3_TREND
2026-03-11 06:00:00+00:00,BTC,BUY,61.060524719834575,0.06106052471983458,0.15,S3_TREND
2026-03-11 06:00:00+00:00,ETH,BUY,108.91221479697197,0.10891221479697197,0.15,S3_TREND
2026-03-11 06:00:00+00:00,SOL,BUY,100.17847060287022,0.10017847060287022,0.15,S3_TREND
2026-03-11 07:00:00+00:00,BTC,SELL,62.390111170328964,0.062390111170328964,0.15,S3_TREND
2026-03-11 07:00:00+00:00,ETH,SELL,39.348250146786086,0.039348250146786085,0.15,S3_TREND
2026-03-11 07:00:00+00:00,SOL,SELL,21.332260864441196,0.021332260864441198,0.15,S3_TREND
2026-03-11 08:00:00+00:00,BTC,BUY,26.80667614808044,0.026806676148080442,0.15,S3_TREND
2026-03-11 08:00:00+00:00,ETH,BUY,49.60862730032932,0.04960862730032932,0.15,S3_TREND
2026-03-11 08:00:00+00:00,SOL,BUY,65.46627693349546,0.06546627693349547,0.15,S3_TREND
2026-03-11 09:00:00+00:00,BTC,BUY,11.388713933303734,0.011388713933303735,0.15,S3_TREND
2026-03-11 09:00:00+00:00,ETH,SELL,69.98436037507781,0.06998436037507781,0.15,S3_TREND
2026-03-11 09:00:00+00:00,SOL,BUY,5.557793435715212,0.005557793435715211,0.15,S3_TREND
2026-03-11 10:00:00+00:00,BTC,BUY,13.323164587183783,0.013323164587183783,0.15,S3_TREND
2026-03-11 10:00:00+00:00,ETH,BUY,14.828543566081862,0.014828543566081862,0.15,S3_TREND
2026-03-11 10:00:00+00:00,SOL,BUY,78.98978443519809,0.0789897844351981,0.15,S3_TREND
2026-03-11 11:00:00+00:00,BTC,SELL,3.543244834207144,0.003543244834207144,0.15,S3_TREND
2026-03-11 11:00:00+00:00,ETH,SELL,54.53923186661268,0.054539231866612685,0.15,S3_TREND
2026-03-11 11:00:00+00:00,SOL,SELL,39.42945236851483,0.039429452368514833,0.15,S3_TREND
2026-03-11 12:00:00+00:00,BTC,BUY,48.830029337404994,0.048830029337405,0.15,S3_TREND
2026-03-11 12:00:00+00:00,ETH,BUY,36.059114845234944,0.03605911484523495,0.15,S3_TREND
2026-03-11 12:00:00+00:00,SOL,BUY,81.03175695155551,0.08103175695155551,0.15,S3_TREND
2026-03-11 13:00:00+00:00,BTC,SELL,11.32882214269921,0.011328822142699209,0.15,S3_TREND
2026-03-11 13:00:00+00:00,ETH,SELL,9.844257499835294,0.009844257499835293,0.15,S3_TREND
2026-03-11 13:00:00+00:00,SOL,SELL,88.24974441587436,0.08824974441587437,0.15,S3_TREND
2026-03-11 14:00:00+00:00,BTC,SELL,101.60518885782403,0.10160518885782403,0.15,S3_TREND
2026-03-11 14:00:00+00:00,ETH,SELL,128.3273921097025,0.12832739210970248,0.15,S3_TREND
2026-03-11 14:00:00+00:00,SOL,SELL,58.33534918606892,0.05833534918606892,0.15,S3_TREND
2026-03-11 15:00:00+00:00,BTC,SELL,43.98756031765515,0.043987560317655154,0.15,S3_TREND
2026-03-11 15:00:00+00:00,ETH,SELL,47.61379109648442,0.04761379109648442,0.15,S3_TREND
2026-03-11 15:00:00+00:00,SOL,SELL,59.76850368781925,0.05976850368781925,0.15,S3_TREND
2026-03-11 16:00:00+00:00,BTC,BUY,20.220173054134648,0.02022017305413465,0.15,S3_TREND
2026-03-11 16:00:00+00:00,ETH,BUY,40.0485540840109,0.0400485540840109,0.15,S3_TREND
2026-03-11 16:00:00+00:00,SOL,BUY,143.7189748888759,0.1437189748888759,0.15,S3_TREND
2026-03-11 17:00:00+00:00,BTC,SELL,16.137526909875305,0.016137526909875306,0.15,S3_TREND
2026-03-11 17:00:00+00:00,ETH,SELL,70.06305682118546,0.07006305682118545,0.15,S3_TREND
2026-03-11 17:00:00+00:00,SOL,SELL,127.13546463341298,0.127135464633413,0.15,S3_TREND
2026-03-11 18:00:00+00:00,BTC,SELL,16.91661604613182,0.016916616046131823,0.15,S3_TREND
2026-03-11 18:00:00+00:00,ETH,BUY,21.32459304778058,0.02132459304778058,0.15,S3_TREND
2026-03-11 18:00:00+00:00,SOL,SELL,113.42575560782278,0.11342575560782278,0.15,S3_TREND
2026-03-11 19:00:00+00:00,BTC,BUY,54.91199144883831,0.05491199144883831,0.15,S3_TREND
2026-03-11 19:00:00+00:00,ETH,SELL,43.2665666352259,0.0432665666352259,0.15,S3_TREND
2026-03-11 19:00:00+00:00,SOL,SELL,79.68917735513787,0.07968917735513788,0.15,S3_TREND
2026-03-11 20:00:00+00:00,BTC,SELL,19.115011684298224,0.019115011684298223,0.15,S3_TREND
2026-03-11 20:00:00+00:00,ETH,SELL,10.548766573567264,0.010548766573567264,0.15,S3_TREND
2026-03-11 20:00:00+00:00,SOL,BUY,80.33887714879529,0.0803388771487953,0.15,S3_TREND
2026-03-11 21:00:00+00:00,BTC,SELL,7.204525243381795,0.0072045252433817954,0.15,S3_TREND
2026-03-11 21:00:00+00:00,ETH,BUY,47.642383305666954,0.047642383305666954,0.15,S3_TREND
2026-03-11 21:00:00+00:00,SOL,SELL,8.688827296648014,0.008688827296648015,0.15,S3_TREND
2026-03-11 22:00:00+00:00,BTC,SELL,7.82680226364937,0.00782680226364937,0.15,S3_TREND
2026-03-11 22:00:00+00:00,ETH,SELL,19.342097848853882,0.019342097848853882,0.15,S3_TREND
2026-03-11 22:00:00+00:00,SOL,SELL,28.621695189049206,0.028621695189049206,0.15,S3_TREND
2026-03-11 23:00:00+00:00,BTC,BUY,42.35048040524816,0.042350480405248164,0.15,S3_TREND
2026-03-11 23:00:00+00:00,ETH,BUY,46.25152969464034,0.04625152969464034,0.15,S3_TREND
2026-03-11 23:00:00+00:00,SOL,BUY,48.35878316400522,0.04835878316400522,0.15,S3_TREND
2026-03-12 00:00:00+00:00,BTC,BUY,10.413521182001205,0.010413521182001204,0.15,S3_TREND
2026-03-12 00:00:00+00:00,ETH,BUY,43.62763109041771,0.04362763109041771,0.15,S3_TREND
2026-03-12 00:00:00+00:00,SOL,BUY,51.82420389422259,0.05182420389422259,0.15,S3_TREND
2026-03-12 01:00:00+00:00,ETH,SELL,20.34734893514178,0.02034734893514178,0.15,S3_TREND
2026-03-12 01:00:00+00:00,SOL,SELL,9.647501441073473,0.009647501441073474,0.15,S3_TREND
2026-03-12 02:00:00+00:00,BTC,BUY,44.333586457911224,0.044333586457911224,0.15,S3_TREND
2026-03-12 02:00:00+00:00,ETH,BUY,31.087986195349004,0.031087986195349006,0.15,S3_TREND
2026-03-12 02:00:00+00:00,SOL,BUY,71.09770633391054,0.07109770633391053,0.15,S3_TREND
2026-03-12 03:00:00+00:00,BTC,BUY,56.368189764203635,0.05636818976420364,0.15,S3_TREND
2026-03-12 03:00:00+00:00,ETH,BUY,95.90316131119653,0.09590316131119653,0.15,S3_TREND
2026-03-12 03:00:00+00:00,SOL,BUY,84.04157642846621,0.08404157642846621,0.15,S3_TREND
2026-03-12 04:00:00+00:00,BTC,SELL,36.27912696273779,0.036279126962737794,0.15,S3_TREND
2026-03-12 04:00:00+00:00,ETH,BUY,8.225292619135871,0.008225292619135871,0.15,S3_TREND
2026-03-12 04:00:00+00:00,SOL,BUY,32.505141163906956,0.03250514116390696,0.15,S3_TREND
2026-03-12 05:00:00+00:00,BTC,BUY,15.880599995103694,0.015880599995103693,0.15,S3_TREND
2026-03-12 05:00:00+00:00,ETH,BUY,1.92550700582251,0.0019255070058225101,0.15,S3_TREND
2026-03-12 05:00:00+00:00,SOL,SELL,16.432721266344743,0.016432721266344742,0.15,S3_TREND
2026-03-12 06:00:00+00:00,BTC,SELL,15.372702117632798,0.015372702117632798,0.15,S3_TREND
2026-03-12 06:00:00+00:00,ETH,SELL,19.975536744937926,0.019975536744937926,0.15,S3_TREND
2026-03-12 06:00:00+00:00,SOL,BUY,4.770180919458653,0.004770180919458653,0.15,S3_TREND
2026-03-12 07:00:00+00:00,BTC,BUY,7.009254105563741,0.007009254105563741,0.15,S3_TREND
2026-03-12 07:00:00+00:00,ETH,SELL,14.753099024195762,0.014753099024195762,0.15,S3_TREND
2026-03-12 07:00:00+00:00,SOL,SELL,34.723010854186214,0.03472301085418621,0.15,S3_TREND
2026-03-12 08:00:00+00:00,BTC,SELL,37.24175515942079,0.03724175515942079,0.15,S3_TREND
2026-03-12 08:00:00+00:00,ETH,SELL,43.39208753618004,0.04339208753618004,0.15,S3_TREND
2026-03-12 08:00:00+00:00,SOL,SELL,42.75272187607334,0.04275272187607334,0.15,S3_TREND
2026-03-12 09:00:00+00:00,BTC,SELL,5.502469936827765,0.005502469936827765,0.15,S3_TREND
2026-03-12 09:00:00+00:00,ETH,SELL,38.5466770249659,0.038546677024965906,0.15,S3_TREND
2026-03-12 09:00:00+00:00,SOL,SELL,8.681822119369826,0.008681822119369827,0.15,S3_TREND
2026-03-12 10:00:00+00:00,BTC,BUY,8.635452956235895,0.008635452956235894,0.15,S3_TREND
2026-03-12 10:00:00+00:00,ETH,SELL,42.196749350645405,0.04219674935064541,0.15,S3_TREND
2026-03-12 10:00:00+00:00,SOL,SELL,26.20574868615404,0.026205748686154037,0.15,S3_TREND
2026-03-12 11:00:00+00:00,BTC,SELL,54.17650300692184,0.05417650300692184,0.15,S3_TREND
2026-03-12 11:00:00+00:00,ETH,SELL,59.39540863665752,0.05939540863665752,0.15,S3_TREND
2026-03-12 11:00:00+00:00,SOL,SELL,54.8356200878843,0.054835620087884306,0.15,S3_TREND
2026-03-12 12:00:00+00:00,BTC,SELL,9.67813036474763,0.009678130364747631,0.15,S3_TREND
2026-03-12 12:00:00+00:00,ETH,BUY,45.7186387531201,0.04571863875312011,0.15,S3_TREND
2026-03-12 12:00:00+00:00,SOL,SELL,13.293992879202051,0.01329399287920205,0.15,S3_TREND
2026-03-12 13:00:00+00:00,BTC,BUY,23.18559931911659,0.023185599319116592,0.15,S3_TREND
2026-03-12 13:00:00+00:00,ETH,SELL,5.617954137251218,0.005617954137251218,0.15,S3_TREND
2026-03-12 13:00:00+00:00,SOL,SELL,65.99313205945691,0.06599313205945691,0.15,S3_TREND
2026-03-12 14:00:00+00:00,BTC,BUY,62.4411119078959,0.062441111907895905,0.15,S3_TREND
2026-03-12 14:00:00+00:00,ETH,SELL,26.372861432455466,0.026372861432455465,0.15,S3_TREND
2026-03-12 14:00:00+00:00,SOL,BUY,61.08020561120975,0.06108020561120975,0.15,S3_TREND
2026-03-12 15:00:00+00:00,BTC,BUY,16.706407261901404,0.016706407261901403,0.15,S3_TREND
2026-03-12 15:00:00+00:00,ETH,BUY,81.21823159982159,0.0812182315998216,0.15,S3_TREND
2026-03-12 15:00:00+00:00,SOL,BUY,146.22064202545153,0.14622064202545154,0.15,S3_TREND
2026-03-12 16:00:00+00:00,BTC,SELL,80.73891335385815,0.08073891335385815,0.15,S3_TREND
2026-03-12 16:00:00+00:00,ETH,SELL,118.6183556873948,0.1186183556873948,0.15,S3_TREND
2026-03-12 16:00:00+00:00,SOL,SELL,15376.187970770783,15.376187970770783,0.0,CASH
2026-03-12 17:00:00+00:00,BTC,SELL,13.87224998633792,0.01387224998633792,0.15,S3_TREND
2026-03-12 17:00:00+00:00,ETH,BUY,16.149722552680032,0.016149722552680032,0.15,S3_TREND
2026-03-12 18:00:00+00:00,BTC,BUY,18.77565541853437,0.01877565541853437,0.15,S3_TREND
2026-03-12 18:00:00+00:00,ETH,BUY,64.80058738564912,0.06480058738564913,0.15,S3_TREND
2026-03-12 19:00:00+00:00,BTC,SELL,15168.12199724972,15.16812199724972,0.0,CASH
2026-03-12 19:00:00+00:00,ETH,BUY,47.91971174225546,0.04791971174225546,0.15,S3_TREND
2026-03-12 20:00:00+00:00,ETH,SELL,133.89904827757346,0.13389904827757346,0.15,S3_TREND
2026-03-12 21:00:00+00:00,ETH,BUY,43.950502740201046,0.04395050274020105,0.15,S3_TREND
2026-03-12 23:00:00+00:00,ETH,SELL,17.092894636145502,0.0170928946361455,0.15,S3_TREND
2026-03-13 00:00:00+00:00,ETH,SELL,51.51780089104432,0.05151780089104432,0.15,S3_TREND
2026-03-13 01:00:00+00:00,ETH,SELL,285.6710365151248,0.2856710365151248,0.15,S3_TREND
2026-03-13 02:00:00+00:00,ETH,SELL,34.17565378067957,0.03417565378067957,0.15,S3_TREND
2026-03-13 03:00:00+00:00,ETH,BUY,116.0084628216755,0.1160084628216755,0.15,S3_TREND
2026-03-13 04:00:00+00:00,ETH,SELL,80.56392942805542,0.08056392942805542,0.15,S3_TREND
2026-03-13 05:00:00+00:00,ETH,BUY,44.13328446159721,0.044133284461597214,0.15,S3_TREND
2026-03-13 06:00:00+00:00,ETH,BUY,7.382492265058318,0.007382492265058317,0.15,S3_TREND
2026-03-13 06:00:00+00:00,SOL,BUY,15296.107733989787,15.296107733989787,0.15,S3_TREND
2026-03-13 07:00:00+00:00,ETH,BUY,69.6432462706598,0.0696432462706598,0.15,S3_TREND
2026-03-13 07:00:00+00:00,SOL,BUY,81.15734344255361,0.08115734344255361,0.15,S3_TREND
2026-03-13 08:00:00+00:00,BTC,BUY,15271.228167215559,15.27122816721556,0.15,S3_TREND
2026-03-13 08:00:00+00:00,ETH,SELL,14.2595050687014,0.014259505068701401,0.15,S3_TREND
2026-03-13 08:00:00+00:00,SOL,SELL,35.89073051409832,0.03589073051409832,0.15,S3_TREND
2026-03-13 09:00:00+00:00,BTC,SELL,27.270417306181116,0.027270417306181117,0.15,S3_TREND
2026-03-13 09:00:00+00:00,ETH,BUY,12.37799692392582,0.012377996923925822,0.15,S3_TREND
2026-03-13 09:00:00+00:00,SOL,SELL,63.68513565330068,0.06368513565330068,0.15,S3_TREND
2026-03-13 10:00:00+00:00,BTC,SELL,9.843272792370044,0.009843272792370045,0.15,S3_TREND
2026-03-13 10:00:00+00:00,ETH,SELL,68.62614029333236,0.06862614029333236,0.15,S3_TREND
2026-03-13 10:00:00+00:00,SOL,SELL,30.367470121336737,0.030367470121336736,0.15,S3_TREND
2026-03-13 11:00:00+00:00,BTC,SELL,49.204233099970224,0.04920423309997023,0.15,S3_TREND
2026-03-13 11:00:00+00:00,ETH,SELL,49.75519491733212,0.04975519491733212,0.15,S3_TREND
2026-03-13 11:00:00+00:00,SOL,SELL,72.95151763396825,0.07295151763396825,0.15,S3_TREND
2026-03-13 12:00:00+00:00,BTC,BUY,38.020603323935575,0.03802060332393557,0.15,S3_TREND
2026-03-13 12:00:00+00:00,ETH,BUY,31.730520943159718,0.031730520943159715,0.15,S3_TREND
2026-03-13 12:00:00+00:00,SOL,SELL,31.044472260276965,0.031044472260276967,0.15,S3_TREND
2026-03-13 13:00:00+00:00,BTC,SELL,55.305833686818005,0.055305833686818004,0.15,S3_TREND
2026-03-13 13:00:00+00:00,ETH,SELL,122.59554473127355,0.12259554473127356,0.15,S3_TREND
2026-03-13 13:00:00+00:00,SOL,SELL,52.72836568911952,0.052728365689119525,0.15,S3_TREND
2026-03-13 14:00:00+00:00,BTC,SELL,42.80357348544385,0.04280357348544385,0.15,S3_TREND
2026-03-13 14:00:00+00:00,ETH,SELL,196.1968035936934,0.1961968035936934,0.15,S3_TREND
2026-03-13 14:00:00+00:00,SOL,SELL,65.97717040914358,0.06597717040914358,0.15,S3_TREND
2026-03-13 15:00:00+00:00,BTC,BUY,112.43462325819928,0.11243462325819928,0.15,S3_TREND
2026-03-13 15:00:00+00:00,ETH,BUY,145.77804243199353,0.14577804243199352,0.15,S3_TREND
2026-03-13 15:00:00+00:00,SOL,BUY,101.01452825250271,0.10101452825250272,0.15,S3_TREND
2026-03-13 16:00:00+00:00,BTC,BUY,43.979214978689924,0.04397921497868992,0.15,S3_TREND
2026-03-13 16:00:00+00:00,ETH,BUY,92.35990577253142,0.09235990577253142,0.15,S3_TREND
2026-03-13 16:00:00+00:00,SOL,BUY,132.1540488448045,0.1321540488448045,0.15,S3_TREND
2026-03-13 17:00:00+00:00,ETH,SELL,31.607436927946765,0.031607436927946764,0.15,S3_TREND
2026-03-13 17:00:00+00:00,SOL,SELL,7.9493474636383334,0.007949347463638333,0.15,S3_TREND
2026-03-13 18:00:00+00:00,BTC,BUY,101.00538281137233,0.10100538281137234,0.15,S3_TREND
2026-03-13 18:00:00+00:00,ETH,BUY,144.76911717192888,0.1447691171719289,0.15,S3_TREND
2026-03-13 18:00:00+00:00,SOL,BUY,44.03839830632751,0.04403839830632751,0.15,S3_TREND
2026-03-13 19:00:00+00:00,BTC,SELL,6.78010522320983,0.00678010522320983,0.15,S3_TREND
2026-03-13 19:00:00+00:00,ETH,BUY,10.264793341111726,0.010264793341111727,0.15,S3_TREND
2026-03-13 19:00:00+00:00,SOL,BUY,7.285586434927609,0.007285586434927609,0.15,S3_TREND
2026-03-13 20:00:00+00:00,BTC,SELL,20.535883752445443,0.020535883752445444,0.15,S3_TREND
2026-03-13 20:00:00+00:00,ETH,SELL,2.9820170794355363,0.0029820170794355363,0.15,S3_TREND
2026-03-13 20:00:00+00:00,SOL,SELL,7.113076058525621,0.007113076058525621,0.15,S3_TREND
2026-03-13 21:00:00+00:00,BTC,SELL,18.917296537068978,0.01891729653706898,0.15,S3_TREND
2026-03-13 21:00:00+00:00,ETH,SELL,49.82570688613487,0.04982570688613487,0.15,S3_TREND
2026-03-13 21:00:00+00:00,SOL,BUY,14.72407980992648,0.01472407980992648,0.15,S3_TREND
2026-03-13 22:00:00+00:00,BTC,BUY,26.05520919009541,0.02605520919009541,0.15,S3_TREND
2026-03-13 22:00:00+00:00,ETH,BUY,34.18174316391742,0.034181743163917415,0.15,S3_TREND
2026-03-13 22:00:00+00:00,SOL,BUY,34.33767452563916,0.03433767452563916,0.15,S3_TREND
2026-03-13 23:00:00+00:00,BTC,BUY,23.41466975817093,0.02341466975817093,0.15,S3_TREND
2026-03-13 23:00:00+00:00,ETH,BUY,63.47899116670487,0.06347899116670487,0.15,S3_TREND
2026-03-13 23:00:00+00:00,SOL,BUY,55.79840085194883,0.05579840085194883,0.15,S3_TREND
2026-03-14 00:00:00+00:00,BTC,SELL,13.509344456277177,0.013509344456277177,0.15,S3_TREND
2026-03-14 00:00:00+00:00,ETH,SELL,12.2549825905553,0.0122549825905553,0.15,S3_TREND
2026-03-14 00:00:00+00:00,SOL,SELL,16.244257911324894,0.016244257911324896,0.15,S3_TREND
2026-03-14 01:00:00+00:00,BTC,BUY,40.90143105737661,0.04090143105737661,0.15,S3_TREND
2026-03-14 01:00:00+00:00,ETH,BUY,27.06186424639054,0.02706186424639054,0.15,S3_TREND
2026-03-14 01:00:00+00:00,SOL,BUY,16.637639837150346,0.016637639837150345,0.15,S3_TREND
2026-03-14 02:00:00+00:00,BTC,SELL,20.872015104463575,0.020872015104463574,0.15,S3_TREND
2026-03-14 02:00:00+00:00,ETH,SELL,30.590527309148456,0.030590527309148456,0.15,S3_TREND
2026-03-14 02:00:00+00:00,SOL,SELL,29.743999610789615,0.029743999610789617,0.15,S3_TREND
2026-03-14 03:00:00+00:00,BTC,BUY,8.403533996750411,0.00840353399675041,0.15,S3_TREND
2026-03-14 04:00:00+00:00,BTC,SELL,40.52804981965892,0.04052804981965892,0.15,S3_TREND
2026-03-14 04:00:00+00:00,ETH,SELL,41.00923664508082,0.04100923664508082,0.15,S3_TREND
2026-03-14 04:00:00+00:00,SOL,SELL,6.040539115141655,0.006040539115141655,0.15,S3_TREND
2026-03-14 05:00:00+00:00,BTC,SELL,7.693836564107187,0.007693836564107187,0.15,S3_TREND
2026-03-14 05:00:00+00:00,ETH,BUY,61.14703304453542,0.06114703304453542,0.15,S3_TREND
2026-03-14 05:00:00+00:00,SOL,BUY,7.500708850715455,0.007500708850715455,0.15,S3_TREND
2026-03-14 06:00:00+00:00,BTC,BUY,2.2532951387765934,0.0022532951387765933,0.15,S3_TREND
2026-03-14 06:00:00+00:00,ETH,SELL,18.073703172487512,0.018073703172487514,0.15,S3_TREND
2026-03-14 06:00:00+00:00,SOL,BUY,27.780545903600796,0.027780545903600795,0.15,S3_TREND
2026-03-14 07:00:00+00:00,BTC,BUY,34.352998385546016,0.034352998385546014,0.15,S3_TREND
2026-03-14 07:00:00+00:00,ETH,BUY,55.454482295679554,0.05545448229567956,0.15,S3_TREND
2026-03-14 07:00:00+00:00,SOL,BUY,92.13505213938879,0.09213505213938879,0.15,S3_TREND
2026-03-14 08:00:00+00:00,BTC,BUY,5.566699189323117,0.0055666991893231176,0.15,S3_TREND
2026-03-14 08:00:00+00:00,ETH,BUY,4.195858425593542,0.004195858425593542,0.15,S3_TREND
2026-03-14 08:00:00+00:00,SOL,SELL,10.331215667903962,0.010331215667903963,0.15,S3_TREND
2026-03-14 09:00:00+00:00,BTC,SELL,5.565640172901112,0.005565640172901112,0.15,S3_TREND
2026-03-14 09:00:00+00:00,ETH,BUY,14.783280328869296,0.014783280328869296,0.15,S3_TREND
2026-03-14 09:00:00+00:00,SOL,BUY,19.87294870781261,0.019872948707812612,0.15,S3_TREND
2026-03-14 10:00:00+00:00,ETH,BUY,32.5549804052971,0.0325549804052971,0.15,S3_TREND
2026-03-14 10:00:00+00:00,SOL,BUY,36.912218570085315,0.036912218570085316,0.15,S3_TREND
2026-03-14 11:00:00+00:00,BTC,SELL,19.46625033876262,0.01946625033876262,0.15,S3_TREND
2026-03-14 11:00:00+00:00,ETH,BUY,4.040879339903768,0.004040879339903768,0.15,S3_TREND
2026-03-14 11:00:00+00:00,SOL,BUY,29.20319265314538,0.02920319265314538,0.15,S3_TREND
2026-03-14 12:00:00+00:00,BTC,SELL,16.990678802134425,0.016990678802134427,0.15,S3_TREND
2026-03-14 12:00:00+00:00,ETH,SELL,32.61377454885951,0.03261377454885951,0.15,S3_TREND
2026-03-14 12:00:00+00:00,SOL,SELL,30.588516107414762,0.03058851610741476,0.15,S3_TREND
2026-03-14 13:00:00+00:00,ETH,SELL,6.154433959283779,0.006154433959283779,0.15,S3_TREND
2026-03-14 13:00:00+00:00,SOL,SELL,19.375898440855963,0.019375898440855962,0.15,S3_TREND
2026-03-14 14:00:00+00:00,BTC,SELL,8.011554067044926,0.008011554067044926,0.15,S3_TREND
2026-03-14 14:00:00+00:00,ETH,SELL,16.61531936294523,0.01661531936294523,0.15,S3_TREND
2026-03-14 14:00:00+00:00,SOL,BUY,4.018279723217347,0.004018279723217347,0.15,S3_TREND
2026-03-14 15:00:00+00:00,BTC,BUY,27.027862560651556,0.027027862560651556,0.15,S3_TREND
2026-03-14 15:00:00+00:00,ETH,BUY,26.96224153852927,0.02696224153852927,0.15,S3_TREND
2026-03-14 15:00:00+00:00,SOL,BUY,41.83149305936422,0.04183149305936422,0.15,S3_TREND
2026-03-14 16:00:00+00:00,BTC,BUY,7.308911895172059,0.007308911895172059,0.15,S3_TREND
2026-03-14 16:00:00+00:00,ETH,SELL,22.337926869557123,0.022337926869557122,0.15,S3_TREND
2026-03-14 16:00:00+00:00,SOL,BUY,3.1999700094092987,0.0031999700094092988,0.15,S3_TREND
2026-03-14 17:00:00+00:00,BTC,SELL,4.611239211662905,0.004611239211662906,0.15,S3_TREND
2026-03-14 17:00:00+00:00,ETH,SELL,5.363800041841387,0.005363800041841386,0.15,S3_TREND
2026-03-14 17:00:00+00:00,SOL,SELL,45.94163513439162,0.04594163513439162,0.15,S3_TREND
2026-03-14 18:00:00+00:00,BTC,BUY,2.7766989163192193,0.0027766989163192195,0.15,S3_TREND
2026-03-14 18:00:00+00:00,ETH,BUY,8.46066437997797,0.00846066437997797,0.15,S3_TREND
2026-03-14 18:00:00+00:00,SOL,BUY,22.22818485872267,0.02222818485872267,0.15,S3_TREND
2026-03-14 19:00:00+00:00,BTC,SELL,3.7383109435031656,0.0037383109435031657,0.15,S3_TREND
2026-03-14 19:00:00+00:00,ETH,SELL,5.747070569675998,0.005747070569675998,0.15,S3_TREND
2026-03-14 19:00:00+00:00,SOL,SELL,17.173531169049966,0.017173531169049967,0.15,S3_TREND
2026-03-14 20:00:00+00:00,BTC,SELL,5.676607372186481,0.0056766073721864815,0.15,S3_TREND
2026-03-14 20:00:00+00:00,ETH,SELL,3.1678326797245973,0.003167832679724597,0.15,S3_TREND
2026-03-14 20:00:00+00:00,SOL,BUY,4.629129609515076,0.004629129609515076,0.15,S3_TREND
2026-03-14 21:00:00+00:00,BTC,SELL,7.872335205491255,0.007872335205491255,0.15,S3_TREND
2026-03-14 21:00:00+00:00,ETH,SELL,47.33849074705904,0.047338490747059044,0.15,S3_TREND
2026-03-14 22:00:00+00:00,BTC,BUY,6.998184406174914,0.006998184406174914,0.15,S3_TREND
2026-03-14 22:00:00+00:00,SOL,SELL,28.240923300092618,0.02824092330009262,0.15,S3_TREND
2026-03-14 23:00:00+00:00,BTC,BUY,14.594153380947319,0.01459415338094732,0.15,S3_TREND
2026-03-14 23:00:00+00:00,ETH,BUY,12.604355171051793,0.012604355171051794,0.15,S3_TREND
2026-03-14 23:00:00+00:00,SOL,SELL,9.747528750023776,0.009747528750023776,0.15,S3_TREND
2026-03-15 00:00:00+00:00,BTC,SELL,59.90704183787784,0.059907041837877845,0.15,S3_TREND
2026-03-15 00:00:00+00:00,ETH,SELL,37.606680154563946,0.03760668015456395,0.15,S3_TREND
2026-03-15 00:00:00+00:00,SOL,SELL,77.52182344884386,0.07752182344884387,0.15,S3_TREND
2026-03-15 01:00:00+00:00,BTC,BUY,24.772050432404285,0.024772050432404286,0.15,S3_TREND
2026-03-15 01:00:00+00:00,ETH,BUY,35.58983883846304,0.03558983883846304,0.15,S3_TREND
2026-03-15 01:00:00+00:00,SOL,BUY,26.464408765961707,0.02646440876596171,0.15,S3_TREND
2026-03-15 02:00:00+00:00,BTC,SELL,1.32387461387043,0.00132387461387043,0.15,S3_TREND
2026-03-15 02:00:00+00:00,ETH,SELL,3.5376260350749362,0.0035376260350749363,0.15,S3_TREND
2026-03-15 02:00:00+00:00,SOL,BUY,9.19666024471735,0.00919666024471735,0.15,S3_TREND
2026-03-15 03:00:00+00:00,BTC,SELL,53.84101716943769,0.05384101716943769,0.15,S3_TREND
2026-03-15 03:00:00+00:00,ETH,SELL,53.8342573903592,0.0538342573903592,0.15,S3_TREND
2026-03-15 03:00:00+00:00,SOL,SELL,60.07741540272763,0.06007741540272763,0.15,S3_TREND
2026-03-15 04:00:00+00:00,BTC,SELL,1.9224051386045176,0.0019224051386045177,0.15,S3_TREND
2026-03-15 04:00:00+00:00,ETH,BUY,21.803773455007104,0.021803773455007103,0.15,S3_TREND
2026-03-15 04:00:00+00:00,SOL,BUY,55.443916136753614,0.05544391613675362,0.15,S3_TREND
2026-03-15 05:00:00+00:00,BTC,SELL,23.25080990738752,0.02325080990738752,0.15,S3_TREND
2026-03-15 05:00:00+00:00,ETH,SELL,30.86243123343775,0.03086243123343775,0.15,S3_TREND
2026-03-15 05:00:00+00:00,SOL,SELL,51.104967431891055,0.05110496743189106,0.15,S3_TREND
2026-03-15 06:00:00+00:00,BTC,BUY,25.006713060276525,0.025006713060276527,0.15,S3_TREND
2026-03-15 06:00:00+00:00,ETH,SELL,25.760552896967056,0.025760552896967055,0.15,S3_TREND
2026-03-15 07:00:00+00:00,BTC,BUY,6.281521418921329,0.006281521418921329,0.15,S3_TREND
2026-03-15 07:00:00+00:00,SOL,SELL,5.440710423390556,0.005440710423390556,0.15,S3_TREND
2026-03-15 08:00:00+00:00,BTC,SELL,4.799076241995863,0.004799076241995863,0.15,S3_TREND
2026-03-15 08:00:00+00:00,ETH,BUY,10.217717354678825,0.010217717354678826,0.15,S3_TREND
2026-03-15 08:00:00+00:00,SOL,BUY,16.634268915704524,0.016634268915704523,0.15,S3_TREND
2026-03-15 09:00:00+00:00,BTC,SELL,32.982992890672904,0.032982992890672906,0.15,S3_TREND
2026-03-15 09:00:00+00:00,ETH,SELL,29.453011059882556,0.029453011059882555,0.15,S3_TREND
2026-03-15 09:00:00+00:00,SOL,SELL,23.32442672283105,0.02332442672283105,0.15,S3_TREND
2026-03-15 10:00:00+00:00,BTC,SELL,7.159420535348545,0.007159420535348545,0.15,S3_TREND
2026-03-15 10:00:00+00:00,ETH,SELL,22.359200494582183,0.022359200494582183,0.15,S3_TREND
2026-03-15 10:00:00+00:00,SOL,SELL,1.8353741950722906,0.0018353741950722906,0.15,S3_TREND
2026-03-15 11:00:00+00:00,BTC,BUY,1.7341311151794798,0.0017341311151794798,0.15,S3_TREND
2026-03-15 11:00:00+00:00,ETH,SELL,13.984528082744873,0.013984528082744873,0.15,S3_TREND
2026-03-15 11:00:00+00:00,SOL,BUY,12.116711411306824,0.012116711411306824,0.15,S3_TREND
2026-03-15 12:00:00+00:00,BTC,SELL,7.596401837525264,0.0075964018375252644,0.15,S3_TREND
2026-03-15 12:00:00+00:00,SOL,SELL,9.427091247465796,0.009427091247465796,0.15,S3_TREND
2026-03-15 13:00:00+00:00,BTC,BUY,23.088156627516582,0.023088156627516582,0.15,S3_TREND
2026-03-15 13:00:00+00:00,ETH,BUY,47.55336160189472,0.047553361601894724,0.15,S3_TREND
2026-03-15 13:00:00+00:00,SOL,SELL,7611.135440633825,7.611135440633825,0.075,S6_REVERSAL
2026-03-15 14:00:00+00:00,BTC,SELL,15270.47828016727,15.27047828016727,0.0,CASH
2026-03-15 14:00:00+00:00,ETH,SELL,15182.68692304124,15.18268692304124,0.0,CASH
2026-03-15 14:00:00+00:00,SOL,BUY,27.1564622459191,0.0271564622459191,0.075,S6_REVERSAL
2026-03-15 15:00:00+00:00,SOL,SELL,13.528076583902475,0.013528076583902475,0.075,S6_REVERSAL
2026-03-15 16:00:00+00:00,SOL,BUY,6.411636902225837,0.006411636902225837,0.075,S6_REVERSAL
2026-03-15 17:00:00+00:00,SOL,BUY,28.0784845763892,0.0280784845763892,0.075,S6_REVERSAL
2026-03-15 18:00:00+00:00,SOL,SELL,71.66693129762007,0.07166693129762007,0.075,S6_REVERSAL
2026-03-15 19:00:00+00:00,SOL,BUY,41.476432315474085,0.041476432315474085,0.075,S6_REVERSAL
2026-03-15 20:00:00+00:00,SOL,SELL,21.659561516212307,0.021659561516212306,0.075,S6_REVERSAL
2026-03-15 21:00:00+00:00,SOL,SELL,45.591305160995034,0.045591305160995035,0.075,S6_REVERSAL
2026-03-15 22:00:00+00:00,SOL,SELL,98.59181725513645,0.09859181725513645,0.075,S6_REVERSAL
2026-03-15 23:00:00+00:00,SOL,SELL,7862.075442179762,7.862075442179762,0.0,CASH
2026-03-16 06:00:00+00:00,ETH,BUY,15306.941405368436,15.306941405368436,0.15,S3_TREND
2026-03-16 07:00:00+00:00,BTC,BUY,15285.757186722067,15.285757186722067,0.15,S3_TREND
2026-03-16 07:00:00+00:00,ETH,BUY,104.73696425739399,0.104736964257394,0.15,S3_TREND
2026-03-16 08:00:00+00:00,BTC,BUY,30.182661805603857,0.030182661805603857,0.15,S3_TREND
2026-03-16 08:00:00+00:00,ETH,BUY,62.922196404808346,0.06292219640480835,0.15,S3_TREND
2026-03-16 09:00:00+00:00,BTC,BUY,51.29222040046079,0.051292220400460796,0.15,S3_TREND
2026-03-16 09:00:00+00:00,ETH,BUY,21.167872798989265,0.021167872798989264,0.15,S3_TREND
2026-03-16 09:00:00+00:00,SOL,BUY,15246.961068775123,15.246961068775123,0.15,S3_TREND
2026-03-16 10:00:00+00:00,BTC,BUY,3.524183066037949,0.003524183066037949,0.15,S3_TREND
2026-03-16 10:00:00+00:00,ETH,SELL,85.5514860134099,0.08555148601340991,0.15,S3_TREND
2026-03-16 10:00:00+00:00,SOL,SELL,42.469316224956856,0.04246931622495686,0.15,S3_TREND
2026-03-16 11:00:00+00:00,BTC,SELL,59.86054459418847,0.05986054459418847,0.15,S3_TREND
2026-03-16 11:00:00+00:00,ETH,SELL,71.1326817530171,0.0711326817530171,0.15,S3_TREND
2026-03-16 11:00:00+00:00,SOL,SELL,49.14888791696285,0.04914888791696285,0.15,S3_TREND
2026-03-16 12:00:00+00:00,BTC,BUY,28.586192065198702,0.028586192065198704,0.15,S3_TREND
2026-03-16 12:00:00+00:00,ETH,BUY,36.91573651966792,0.03691573651966792,0.15,S3_TREND
2026-03-16 12:00:00+00:00,SOL,BUY,5.161251287701816,0.005161251287701816,0.15,S3_TREND
2026-03-16 13:00:00+00:00,BTC,SELL,45.02281762927487,0.04502281762927487,0.15,S3_TREND
2026-03-16 13:00:00+00:00,ETH,SELL,43.06949924265791,0.04306949924265791,0.15,S3_TREND
2026-03-16 13:00:00+00:00,SOL,BUY,15.013289103329953,0.015013289103329953,0.15,S3_TREND
2026-03-16 14:00:00+00:00,BTC,SELL,36.03099358230065,0.036030993582300656,0.15,S3_TREND
2026-03-16 14:00:00+00:00,ETH,SELL,49.26185994606385,0.04926185994606385,0.15,S3_TREND
2026-03-16 14:00:00+00:00,SOL,BUY,31.09583729328915,0.03109583729328915,0.15,S3_TREND
2026-03-16 15:00:00+00:00,BTC,BUY,93.17207342233269,0.09317207342233269,0.15,S3_TREND
2026-03-16 15:00:00+00:00,ETH,SELL,14.014500398021482,0.014014500398021483,0.15,S3_TREND
2026-03-16 15:00:00+00:00,SOL,SELL,7.98039707069256,0.00798039707069256,0.15,S3_TREND
2026-03-16 16:00:00+00:00,BTC,BUY,27.222504220771953,0.027222504220771954,0.15,S3_TREND
2026-03-16 16:00:00+00:00,ETH,BUY,61.147621337288,0.061147621337288,0.15,S3_TREND
2026-03-16 16:00:00+00:00,SOL,BUY,33.7659881430518,0.0337659881430518,0.15,S3_TREND
2026-03-16 17:00:00+00:00,BTC,SELL,47.585298995520134,0.04758529899552014,0.15,S3_TREND
2026-03-16 17:00:00+00:00,ETH,SELL,101.85759193186277,0.10185759193186278,0.15,S3_TREND
2026-03-16 17:00:00+00:00,SOL,SELL,47.9128823812207,0.0479128823812207,0.15,S3_TREND
2026-03-16 18:00:00+00:00,BTC,SELL,8.171876652384526,0.008171876652384526,0.15,S3_TREND
2026-03-16 18:00:00+00:00,ETH,SELL,88.5579552380259,0.0885579552380259,0.15,S3_TREND
2026-03-16 18:00:00+00:00,SOL,SELL,12.72086642236718,0.01272086642236718,0.15,S3_TREND
2026-03-16 19:00:00+00:00,BTC,BUY,19.49057149479995,0.019490571494799953,0.15,S3_TREND
2026-03-16 19:00:00+00:00,ETH,SELL,31.21701062282409,0.03121701062282409,0.15,S3_TREND
2026-03-16 19:00:00+00:00,SOL,SELL,37.30841537992819,0.03730841537992819,0.15,S3_TREND
2026-03-16 20:00:00+00:00,BTC,BUY,20.699463725599344,0.020699463725599346,0.15,S3_TREND
2026-03-16 20:00:00+00:00,ETH,SELL,31.713301816656895,0.031713301816656894,0.15,S3_TREND
2026-03-16 20:00:00+00:00,SOL,SELL,102.67561399863733,0.10267561399863734,0.15,S3_TREND
2026-03-16 21:00:00+00:00,BTC,SELL,20.672367060531542,0.020672367060531542,0.15,S3_TREND
2026-03-16 21:00:00+00:00,ETH,SELL,58.75564407204547,0.05875564407204547,0.15,S3_TREND
2026-03-16 21:00:00+00:00,SOL,SELL,54.257276115229615,0.05425727611522962,0.15,S3_TREND
2026-03-16 22:00:00+00:00,BTC,SELL,3.889003124051669,0.0038890031240516694,0.15,S3_TREND
2026-03-16 22:00:00+00:00,ETH,SELL,73.29947767794874,0.07329947767794874,0.15,S3_TREND
2026-03-16 22:00:00+00:00,SOL,SELL,34.19901137823945,0.03419901137823945,0.15,S3_TREND
2026-03-16 23:00:00+00:00,BTC,SELL,64.42480771387454,0.06442480771387454,0.15,S3_TREND
2026-03-16 23:00:00+00:00,ETH,BUY,34.083104711293345,0.03408310471129335,0.15,S3_TREND
2026-03-16 23:00:00+00:00,SOL,SELL,17.556595563790324,0.017556595563790325,0.15,S3_TREND
2026-03-17 00:00:00+00:00,BTC,SELL,28.48180191794017,0.028481801917940173,0.15,S3_TREND
2026-03-17 00:00:00+00:00,ETH,BUY,26.48548266706166,0.02648548266706166,0.15,S3_TREND
2026-03-17 00:00:00+00:00,SOL,BUY,21.883146097699864,0.021883146097699865,0.15,S3_TREND
2026-03-17 01:00:00+00:00,BTC,SELL,88.60622142130343,0.08860622142130344,0.15,S3_TREND
2026-03-17 01:00:00+00:00,ETH,SELL,29.481309469596454,0.029481309469596453,0.15,S3_TREND
2026-03-17 01:00:00+00:00,SOL,BUY,113.86115136905028,0.11386115136905028,0.15,S3_TREND
2026-03-17 02:00:00+00:00,BTC,SELL,44.3077402954641,0.0443077402954641,0.15,S3_TREND
2026-03-17 02:00:00+00:00,ETH,SELL,5.009773468547792,0.005009773468547792,0.15,S3_TREND
2026-03-17 02:00:00+00:00,SOL,SELL,18.799752118489778,0.018799752118489776,0.15,S3_TREND
2026-03-17 03:00:00+00:00,BTC,BUY,50.394307371079776,0.05039430737107978,0.15,S3_TREND
2026-03-17 03:00:00+00:00,ETH,BUY,28.01085335361313,0.02801085335361313,0.15,S3_TREND
2026-03-17 03:00:00+00:00,SOL,BUY,57.0273621104061,0.057027362110406106,0.15,S3_TREND
2026-03-17 04:00:00+00:00,BTC,BUY,71.36536966232597,0.07136536966232597,0.15,S3_TREND
2026-03-17 04:00:00+00:00,ETH,BUY,126.3003491530435,0.1263003491530435,0.15,S3_TREND
2026-03-17 04:00:00+00:00,SOL,BUY,94.3456895917534,0.0943456895917534,0.15,S3_TREND
2026-03-17 05:00:00+00:00,BTC,BUY,22.097559665218796,0.022097559665218796,0.15,S3_TREND
2026-03-17 05:00:00+00:00,ETH,BUY,34.807367337962205,0.034807367337962206,0.15,S3_TREND
2026-03-17 05:00:00+00:00,SOL,BUY,22.458656900220376,0.022458656900220378,0.15,S3_TREND
2026-03-17 06:00:00+00:00,BTC,BUY,33.75760244171033,0.03375760244171033,0.15,S3_TREND
2026-03-17 06:00:00+00:00,ETH,BUY,16.59259344234124,0.01659259344234124,0.15,S3_TREND
2026-03-17 06:00:00+00:00,SOL,SELL,10.806334171707931,0.010806334171707932,0.15,S3_TREND
2026-03-17 07:00:00+00:00,BTC,BUY,1.8240728522778227,0.0018240728522778227,0.15,S3_TREND
2026-03-17 07:00:00+00:00,ETH,SELL,41.19369674554582,0.04119369674554582,0.15,S3_TREND
2026-03-17 07:00:00+00:00,SOL,SELL,4.443978174791482,0.004443978174791482,0.15,S3_TREND
2026-03-17 08:00:00+00:00,BTC,SELL,3.583142283232519,0.0035831422832325187,0.15,S3_TREND
2026-03-17 08:00:00+00:00,ETH,SELL,51.64724126475812,0.05164724126475812,0.15,S3_TREND
2026-03-17 08:00:00+00:00,SOL,SELL,56.35165225129459,0.05635165225129459,0.15,S3_TREND
2026-03-17 09:00:00+00:00,BTC,BUY,3.2519058762572968,0.003251905876257297,0.15,S3_TREND
2026-03-17 09:00:00+00:00,ETH,BUY,37.1962861894408,0.0371962861894408,0.15,S3_TREND
2026-03-17 09:00:00+00:00,SOL,SELL,6.128057225316296,0.006128057225316296,0.15,S3_TREND
2026-03-17 10:00:00+00:00,BTC,BUY,26.96252146713232,0.02696252146713232,0.15,S3_TREND
2026-03-17 10:00:00+00:00,ETH,BUY,7.27203449010085,0.007272034490100851,0.15,S3_TREND
2026-03-17 10:00:00+00:00,SOL,BUY,57.99276809322146,0.05799276809322146,0.15,S3_TREND
2026-03-17 11:00:00+00:00,BTC,BUY,26.001877499569673,0.026001877499569673,0.15,S3_TREND
2026-03-17 11:00:00+00:00,ETH,BUY,1.674281988192888,0.001674281988192888,0.15,S3_TREND
2026-03-17 11:00:00+00:00,SOL,BUY,35.201761081618315,0.035201761081618314,0.15,S3_TREND
2026-03-17 12:00:00+00:00,BTC,SELL,37.72719616332142,0.03772719616332142,0.15,S3_TREND
2026-03-17 12:00:00+00:00,ETH,SELL,66.56177993054735,0.06656177993054735,0.15,S3_TREND
2026-03-17 12:00:00+00:00,SOL,BUY,10.73352699968018,0.01073352699968018,0.15,S3_TREND
2026-03-17 13:00:00+00:00,BTC,BUY,34.08249888208775,0.034082498882087746,0.15,S3_TREND
2026-03-17 13:00:00+00:00,ETH,BUY,48.422730664840856,0.04842273066484086,0.15,S3_TREND
2026-03-17 13:00:00+00:00,SOL,BUY,15.832020145835486,0.015832020145835485,0.15,S3_TREND
2026-03-17 14:00:00+00:00,BTC,BUY,44.750554231142814,0.04475055423114282,0.15,S3_TREND
2026-03-17 14:00:00+00:00,ETH,SELL,68.89092790811446,0.06889092790811446,0.15,S3_TREND
2026-03-17 14:00:00+00:00,SOL,SELL,45.20461130243348,0.04520461130243348,0.15,S3_TREND
2026-03-17 15:00:00+00:00,BTC,SELL,104.14788555732048,0.10414788555732048,0.15,S3_TREND
2026-03-17 15:00:00+00:00,ETH,SELL,41.79713684694252,0.04179713684694252,0.15,S3_TREND
2026-03-17 15:00:00+00:00,SOL,SELL,58.878464967046966,0.05887846496704697,0.15,S3_TREND
2026-03-17 16:00:00+00:00,BTC,BUY,38.567592806231914,0.03856759280623191,0.15,S3_TREND
2026-03-17 16:00:00+00:00,ETH,BUY,122.4756029481814,0.12247560294818141,0.15,S3_TREND
2026-03-17 16:00:00+00:00,SOL,BUY,52.65751455679856,0.05265751455679856,0.15,S3_TREND
2026-03-17 17:00:00+00:00,BTC,SELL,17.847164617278395,0.017847164617278394,0.15,S3_TREND
2026-03-17 17:00:00+00:00,ETH,SELL,39.80873250108016,0.039808732501080156,0.15,S3_TREND
2026-03-17 17:00:00+00:00,SOL,SELL,61.045377220212686,0.061045377220212686,0.15,S3_TREND
2026-03-17 18:00:00+00:00,BTC,SELL,47.48900732837683,0.04748900732837683,0.15,S3_TREND
2026-03-17 18:00:00+00:00,ETH,SELL,58.34529225514416,0.05834529225514416,0.15,S3_TREND
2026-03-17 19:00:00+00:00,BTC,SELL,16.427837115008515,0.016427837115008514,0.15,S3_TREND
2026-03-17 19:00:00+00:00,ETH,BUY,63.093522905925056,0.06309352290592506,0.15,S3_TREND
2026-03-17 19:00:00+00:00,SOL,SELL,107.86191150496961,0.10786191150496961,0.15,S3_TREND
2026-03-17 20:00:00+00:00,BTC,BUY,1.2233497916386114,0.0012233497916386113,0.15,S3_TREND
2026-03-17 20:00:00+00:00,ETH,BUY,50.161141799475445,0.050161141799475444,0.15,S3_TREND
2026-03-17 20:00:00+00:00,SOL,BUY,74.23640758443617,0.07423640758443617,0.15,S3_TREND
2026-03-17 21:00:00+00:00,BTC,BUY,14.01299604445012,0.01401299604445012,0.15,S3_TREND
2026-03-17 21:00:00+00:00,ETH,SELL,37.784989702853636,0.037784989702853634,0.15,S3_TREND
2026-03-17 21:00:00+00:00,SOL,SELL,24.352450588194184,0.024352450588194186,0.15,S3_TREND
2026-03-17 22:00:00+00:00,BTC,SELL,11.679871669059139,0.01167987166905914,0.15,S3_TREND
2026-03-17 22:00:00+00:00,ETH,SELL,44.72552991940756,0.044725529919407564,0.15,S3_TREND
2026-03-17 22:00:00+00:00,SOL,SELL,36.4590019532734,0.0364590019532734,0.15,S3_TREND
2026-03-17 23:00:00+00:00,BTC,BUY,58.89339462204043,0.058893394622040435,0.15,S3_TREND
2026-03-17 23:00:00+00:00,ETH,BUY,39.49661061075494,0.03949661061075494,0.15,S3_TREND
2026-03-17 23:00:00+00:00,SOL,SELL,27.47390562779947,0.027473905627799472,0.15,S3_TREND
2026-03-18 00:00:00+00:00,BTC,BUY,40.85537934758395,0.04085537934758395,0.15,S3_TREND
2026-03-18 00:00:00+00:00,ETH,BUY,38.81355429627001,0.038813554296270016,0.15,S3_TREND
2026-03-18 00:00:00+00:00,SOL,BUY,73.2004812797204,0.07320048127972041,0.15,S3_TREND
2026-03-18 01:00:00+00:00,BTC,BUY,12.444263932622562,0.012444263932622561,0.15,S3_TREND
2026-03-18 01:00:00+00:00,ETH,SELL,41.744598798008155,0.04174459879800815,0.15,S3_TREND
2026-03-18 01:00:00+00:00,SOL,BUY,15.191193815426232,0.015191193815426232,0.15,S3_TREND
2026-03-18 02:00:00+00:00,BTC,SELL,38.116531600400776,0.03811653160040078,0.15,S3_TREND
2026-03-18 02:00:00+00:00,SOL,BUY,22.38540793116954,0.02238540793116954,0.15,S3_TREND
2026-03-18 03:00:00+00:00,BTC,SELL,28.23557119529869,0.02823557119529869,0.15,S3_TREND
2026-03-18 03:00:00+00:00,ETH,SELL,16.283770011388697,0.0162837700113887,0.15,S3_TREND
2026-03-18 03:00:00+00:00,SOL,SELL,55.967094267800356,0.05596709426780035,0.15,S3_TREND
2026-03-18 04:00:00+00:00,BTC,SELL,6.937898900356232,0.006937898900356232,0.15,S3_TREND
2026-03-18 04:00:00+00:00,ETH,SELL,45.09120634593455,0.045091206345934554,0.15,S3_TREND
2026-03-18 04:00:00+00:00,SOL,SELL,4.189173305243457,0.004189173305243457,0.15,S3_TREND
2026-03-18 05:00:00+00:00,BTC,BUY,12.07424273304423,0.01207424273304423,0.15,S3_TREND
2026-03-18 05:00:00+00:00,ETH,BUY,42.41758897993168,0.042417588979931684,0.15,S3_TREND
2026-03-18 05:00:00+00:00,SOL,BUY,106.98362270757934,0.10698362270757934,0.15,S3_TREND
2026-03-18 06:00:00+00:00,BTC,BUY,25.59047093619847,0.025590470936198473,0.15,S3_TREND
2026-03-18 06:00:00+00:00,ETH,BUY,38.85260406896123,0.03885260406896123,0.15,S3_TREND
2026-03-18 06:00:00+00:00,SOL,BUY,13.140712806844022,0.013140712806844021,0.15,S3_TREND
2026-03-18 07:00:00+00:00,BTC,BUY,10.930575851993126,0.010930575851993127,0.15,S3_TREND
2026-03-18 07:00:00+00:00,ETH,SELL,16.81264602267038,0.01681264602267038,0.15,S3_TREND
2026-03-18 07:00:00+00:00,SOL,SELL,37.338511261508756,0.03733851126150876,0.15,S3_TREND
2026-03-18 08:00:00+00:00,ETH,BUY,19.33592896166374,0.01933592896166374,0.15,S3_TREND
2026-03-18 08:00:00+00:00,SOL,BUY,30.305229702982615,0.030305229702982616,0.15,S3_TREND
2026-03-18 09:00:00+00:00,BTC,SELL,20.62291972404455,0.02062291972404455,0.15,S3_TREND
2026-03-18 09:00:00+00:00,ETH,SELL,20.168182051924305,0.020168182051924305,0.15,S3_TREND
2026-03-18 09:00:00+00:00,SOL,SELL,2.6617352549201314,0.0026617352549201316,0.15,S3_TREND
2026-03-18 10:00:00+00:00,BTC,SELL,11.529249402339701,0.011529249402339702,0.15,S3_TREND
2026-03-18 10:00:00+00:00,ETH,SELL,27.480699505680604,0.027480699505680606,0.15,S3_TREND
2026-03-18 10:00:00+00:00,SOL,SELL,22.496660927963603,0.022496660927963603,0.15,S3_TREND
2026-03-18 11:00:00+00:00,BTC,BUY,14.571507125097924,0.014571507125097924,0.15,S3_TREND
2026-03-18 11:00:00+00:00,ETH,BUY,74.5343518407517,0.0745343518407517,0.15,S3_TREND
2026-03-18 11:00:00+00:00,SOL,BUY,36.07895812175593,0.03607895812175593,0.15,S3_TREND
2026-03-18 12:00:00+00:00,BTC,BUY,86.67522654337154,0.08667522654337154,0.15,S3_TREND
2026-03-18 12:00:00+00:00,ETH,BUY,169.23080599426794,0.16923080599426793,0.15,S3_TREND
2026-03-18 12:00:00+00:00,SOL,BUY,183.12418563425126,0.18312418563425126,0.15,S3_TREND
2026-03-18 13:00:00+00:00,BTC,BUY,33.942314806889044,0.03394231480688904,0.15,S3_TREND
2026-03-18 13:00:00+00:00,ETH,BUY,124.1247809738179,0.1241247809738179,0.15,S3_TREND
2026-03-18 13:00:00+00:00,SOL,BUY,170.45801097876574,0.17045801097876576,0.15,S3_TREND
2026-03-18 14:00:00+00:00,BTC,BUY,35.87584625420823,0.03587584625420823,0.15,S3_TREND
2026-03-18 14:00:00+00:00,SOL,BUY,6.630138214028193,0.0066301382140281934,0.15,S3_TREND
2026-03-18 15:00:00+00:00,BTC,BUY,87.17145409571276,0.08717145409571277,0.15,S3_TREND
2026-03-18 15:00:00+00:00,ETH,BUY,197.95114613843361,0.19795114613843362,0.15,S3_TREND
2026-03-18 15:00:00+00:00,SOL,BUY,119.48100295343829,0.11948100295343829,0.15,S3_TREND
2026-03-18 16:00:00+00:00,BTC,SELL,41.62120851692089,0.04162120851692089,0.15,S3_TREND
2026-03-18 16:00:00+00:00,ETH,BUY,34.143256347362694,0.0341432563473627,0.15,S3_TREND
2026-03-18 16:00:00+00:00,SOL,SELL,52.932384223775436,0.052932384223775435,0.15,S3_TREND
2026-03-18 17:00:00+00:00,BTC,BUY,10.766363585627914,0.010766363585627915,0.15,S3_TREND
2026-03-18 17:00:00+00:00,ETH,BUY,24.275566447709934,0.024275566447709934,0.15,S3_TREND
2026-03-18 17:00:00+00:00,SOL,BUY,44.07402098185776,0.04407402098185776,0.15,S3_TREND
2026-03-18 18:00:00+00:00,BTC,SELL,2.000741309595469,0.002000741309595469,0.15,S3_TREND
2026-03-18 18:00:00+00:00,ETH,SELL,101.37984033820612,0.10137984033820613,0.15,S3_TREND
2026-03-18 18:00:00+00:00,SOL,SELL,106.60630806006883,0.10660630806006884,0.15,S3_TREND
2026-03-18 19:00:00+00:00,BTC,BUY,56.758925222640755,0.056758925222640755,0.15,S3_TREND
2026-03-18 19:00:00+00:00,ETH,BUY,107.92542484578189,0.1079254248457819,0.15,S3_TREND
2026-03-18 19:00:00+00:00,SOL,BUY,12.110888252629593,0.012110888252629593,0.15,S3_TREND
2026-03-18 20:00:00+00:00,BTC,BUY,12.185360619831044,0.012185360619831045,0.15,S3_TREND
2026-03-18 20:00:00+00:00,ETH,SELL,25.02787732978686,0.02502787732978686,0.15,S3_TREND
2026-03-18 20:00:00+00:00,SOL,SELL,13.113793587574037,0.013113793587574037,0.15,S3_TREND
2026-03-18 21:00:00+00:00,BTC,SELL,16.755081287356006,0.016755081287356005,0.15,S3_TREND
2026-03-18 21:00:00+00:00,ETH,BUY,2.9724137688954215,0.0029724137688954214,0.15,S3_TREND
2026-03-18 21:00:00+00:00,SOL,SELL,35.274745945778704,0.03527474594577871,0.15,S3_TREND
2026-03-18 22:00:00+00:00,BTC,BUY,18.615980692420635,0.018615980692420635,0.15,S3_TREND
2026-03-18 22:00:00+00:00,ETH,SELL,75.25042745749306,0.07525042745749307,0.15,S3_TREND
2026-03-18 22:00:00+00:00,SOL,SELL,7593.317198017561,7.593317198017561,0.075,S6_REVERSAL
2026-03-18 23:00:00+00:00,BTC,SELL,7529.590768551922,7.529590768551922,0.075,S6_REVERSAL
2026-03-18 23:00:00+00:00,ETH,BUY,36.95437175333063,0.036954371753330634,0.15,S3_TREND
2026-03-18 23:00:00+00:00,SOL,BUY,27.46113869425062,0.027461138694250622,0.075,S6_REVERSAL
2026-03-19 00:00:00+00:00,BTC,SELL,4.728195309601688,0.004728195309601688,0.075,S6_REVERSAL
2026-03-19 00:00:00+00:00,ETH,SELL,51.45130318939664,0.05145130318939664,0.15,S3_TREND
2026-03-19 01:00:00+00:00,BTC,BUY,19.003873997985465,0.019003873997985466,0.075,S6_REVERSAL
2026-03-19 01:00:00+00:00,ETH,BUY,55.13409859012427,0.05513409859012427,0.15,S3_TREND
2026-03-19 01:00:00+00:00,SOL,SELL,9.282024618662035,0.009282024618662035,0.075,S6_REVERSAL
2026-03-19 02:00:00+00:00,BTC,SELL,8.807849819372677,0.008807849819372677,0.075,S6_REVERSAL
2026-03-19 02:00:00+00:00,ETH,SELL,7554.20750604764,7.55420750604764,0.075,S6_REVERSAL
2026-03-19 02:00:00+00:00,SOL,SELL,2.664830725337197,0.002664830725337197,0.075,S6_REVERSAL
2026-03-19 03:00:00+00:00,BTC,BUY,4.0415885761758545,0.004041588576175855,0.075,S6_REVERSAL
2026-03-19 03:00:00+00:00,ETH,SELL,1.4719835279947802,0.0014719835279947801,0.075,S6_REVERSAL
2026-03-19 03:00:00+00:00,SOL,BUY,13.582044460984434,0.013582044460984434,0.075,S6_REVERSAL
2026-03-19 04:00:00+00:00,BTC,SELL,6.966513968895924,0.006966513968895924,0.075,S6_REVERSAL
2026-03-19 04:00:00+00:00,ETH,SELL,43.508299872937634,0.04350829987293763,0.075,S6_REVERSAL
2026-03-19 04:00:00+00:00,SOL,SELL,52.79465824167437,0.05279465824167437,0.075,S6_REVERSAL
2026-03-19 05:00:00+00:00,BTC,BUY,28.581584422927335,0.028581584422927336,0.075,S6_REVERSAL
2026-03-19 05:00:00+00:00,ETH,BUY,50.57944624768243,0.05057944624768243,0.075,S6_REVERSAL
2026-03-19 05:00:00+00:00,SOL,BUY,55.9187286649485,0.05591872866494851,0.075,S6_REVERSAL
2026-03-19 06:00:00+00:00,BTC,SELL,2.4846305679402576,0.0024846305679402576,0.075,S6_REVERSAL
2026-03-19 06:00:00+00:00,ETH,BUY,13.372160305442776,0.013372160305442776,0.075,S6_REVERSAL
2026-03-19 06:00:00+00:00,SOL,BUY,9.718575948380021,0.009718575948380022,0.075,S6_REVERSAL
2026-03-19 07:00:00+00:00,BTC,BUY,22.362030633639733,0.022362030633639732,0.075,S6_REVERSAL
2026-03-19 07:00:00+00:00,ETH,BUY,25.69457332829461,0.02569457332829461,0.075,S6_REVERSAL
2026-03-19 07:00:00+00:00,SOL,SELL,11.888958318872026,0.011888958318872026,0.075,S6_REVERSAL
2026-03-19 08:00:00+00:00,BTC,SELL,7483.160457503889,7.48316045750389,0.0,CASH
2026-03-19 08:00:00+00:00,ETH,BUY,38.56384728552621,0.03856384728552621,0.075,S6_REVERSAL
2026-03-19 08:00:00+00:00,SOL,BUY,28.872888083481485,0.028872888083481485,0.075,S6_REVERSAL
2026-03-19 09:00:00+00:00,ETH,BUY,18.402362505107703,0.018402362505107704,0.075,S6_REVERSAL
2026-03-19 09:00:00+00:00,SOL,BUY,2.530063380118918,0.002530063380118918,0.075,S6_REVERSAL
2026-03-19 10:00:00+00:00,ETH,SELL,87.2700360317931,0.0872700360317931,0.075,S6_REVERSAL
2026-03-19 10:00:00+00:00,SOL,SELL,57.828609231317394,0.05782860923131739,0.075,S6_REVERSAL
2026-03-19 11:00:00+00:00,ETH,BUY,50.61245550625881,0.05061245550625881,0.075,S6_REVERSAL
2026-03-19 11:00:00+00:00,SOL,BUY,25.021445261867484,0.025021445261867486,0.075,S6_REVERSAL
2026-03-19 12:00:00+00:00,ETH,BUY,17.495134172289,0.017495134172288998,0.075,S6_REVERSAL
2026-03-19 12:00:00+00:00,SOL,BUY,13.192447233319399,0.0131924472333194,0.075,S6_REVERSAL
2026-03-19 13:00:00+00:00,BTC,BUY,7497.734246420563,7.497734246420563,0.075,S6_REVERSAL
2026-03-19 13:00:00+00:00,ETH,SELL,7396.638754795137,7.396638754795138,0.0,CASH
2026-03-19 13:00:00+00:00,SOL,BUY,108.17234750800708,0.10817234750800708,0.075,S6_REVERSAL
2026-03-19 14:00:00+00:00,BTC,SELL,60.10214195075059,0.060102141950750594,0.075,S6_REVERSAL
2026-03-19 14:00:00+00:00,SOL,SELL,28.403451160646,0.028403451160646,0.075,S6_REVERSAL
2026-03-19 15:00:00+00:00,BTC,BUY,40.19275507702969,0.04019275507702969,0.075,S6_REVERSAL
2026-03-19 15:00:00+00:00,SOL,BUY,19.325153496444727,0.019325153496444727,0.075,S6_REVERSAL
2026-03-19 16:00:00+00:00,BTC,BUY,3.1311112624080124,0.0031311112624080126,0.075,S6_REVERSAL
2026-03-19 16:00:00+00:00,SOL,SELL,7447.964429357904,7.447964429357905,0.0,CASH
2026-03-19 17:00:00+00:00,BTC,SELL,4.887351576004221,0.004887351576004221,0.075,S6_REVERSAL
2026-03-19 18:00:00+00:00,BTC,SELL,39.75307628770133,0.03975307628770133,0.075,S6_REVERSAL
2026-03-19 19:00:00+00:00,BTC,BUY,3.26736925210389,0.0032673692521038903,0.075,S6_REVERSAL
2026-03-19 20:00:00+00:00,BTC,SELL,44.77511357812091,0.04477511357812091,0.075,S6_REVERSAL
2026-03-19 21:00:00+00:00,BTC,SELL,20.839606867005386,0.020839606867005388,0.075,S6_REVERSAL
2026-03-19 22:00:00+00:00,BTC,BUY,6.8484705394639604,0.00684847053946396,0.075,S6_REVERSAL
2026-03-19 23:00:00+00:00,BTC,BUY,22.613326646408495,0.022613326646408496,0.075,S6_REVERSAL
2026-03-20 00:00:00+00:00,BTC,BUY,25.105333407108446,0.025105333407108448,0.075,S6_REVERSAL
2026-03-20 01:00:00+00:00,BTC,SELL,24.895709944789814,0.024895709944789814,0.075,S6_REVERSAL
2026-03-20 02:00:00+00:00,BTC,SELL,22.026630779508196,0.022026630779508196,0.075,S6_REVERSAL
2026-03-20 03:00:00+00:00,BTC,SELL,1.1528914068576341,0.0011528914068576342,0.075,S6_REVERSAL
2026-03-20 04:00:00+00:00,BTC,SELL,30.98909409305088,0.03098909409305088,0.075,S6_REVERSAL
2026-03-20 05:00:00+00:00,BTC,SELL,5.279559348902694,0.005279559348902695,0.075,S6_REVERSAL
2026-03-20 06:00:00+00:00,BTC,BUY,17.40508205779497,0.017405082057794972,0.075,S6_REVERSAL
2026-03-20 07:00:00+00:00,BTC,BUY,10.155425489861955,0.010155425489861956,0.075,S6_REVERSAL
2026-03-20 08:00:00+00:00,BTC,SELL,34.62592986929394,0.03462592986929394,0.075,S6_REVERSAL
2026-03-20 09:00:00+00:00,BTC,SELL,18.38161148716881,0.01838161148716881,0.075,S6_REVERSAL
2026-03-20 10:00:00+00:00,BTC,BUY,44.80711051086564,0.04480711051086564,0.075,S6_REVERSAL
2026-03-20 11:00:00+00:00,BTC,SELL,2.743892608033093,0.002743892608033093,0.075,S6_REVERSAL
2026-03-20 12:00:00+00:00,BTC,BUY,13.070312480033863,0.013070312480033864,0.075,S6_REVERSAL
2026-03-20 13:00:00+00:00,BTC,BUY,13.398584274663335,0.013398584274663335,0.075,S6_REVERSAL
2026-03-20 14:00:00+00:00,BTC,BUY,47.22799814417158,0.04722799814417158,0.075,S6_REVERSAL
2026-03-20 15:00:00+00:00,BTC,BUY,13.16459397579547,0.01316459397579547,0.075,S6_REVERSAL
2026-03-20 16:00:00+00:00,BTC,SELL,12.818377281246285,0.012818377281246286,0.075,S6_REVERSAL
2026-03-20 17:00:00+00:00,BTC,BUY,3.0586843992077775,0.0030586843992077774,0.075,S6_REVERSAL
2026-03-20 18:00:00+00:00,BTC,SELL,16.955320633902375,0.016955320633902374,0.075,S6_REVERSAL
2026-03-20 19:00:00+00:00,BTC,BUY,22.787710845598667,0.022787710845598667,0.075,S6_REVERSAL
2026-03-20 20:00:00+00:00,BTC,SELL,40.53825833810515,0.040538258338105156,0.075,S6_REVERSAL
2026-03-20 21:00:00+00:00,BTC,BUY,11.878815460426267,0.011878815460426267,0.075,S6_REVERSAL
2026-03-20 22:00:00+00:00,BTC,SELL,47.831453339495056,0.04783145333949506,0.075,S6_REVERSAL
2026-03-20 23:00:00+00:00,BTC,SELL,22.35058233871314,0.022350582338713138,0.075,S6_REVERSAL
2026-03-21 00:00:00+00:00,BTC,BUY,25.220876127585143,0.025220876127585144,0.075,S6_REVERSAL
2026-03-21 01:00:00+00:00,BTC,SELL,16.87921819159419,0.01687921819159419,0.075,S6_REVERSAL
2026-03-21 02:00:00+00:00,BTC,BUY,21.368444816123883,0.021368444816123884,0.075,S6_REVERSAL
2026-03-21 03:00:00+00:00,BTC,SELL,26.888525874446714,0.026888525874446713,0.075,S6_REVERSAL
2026-03-21 04:00:00+00:00,BTC,BUY,7.8733404309250545,0.007873340430925056,0.075,S6_REVERSAL
2026-03-21 05:00:00+00:00,BTC,BUY,1.4936150043595262,0.0014936150043595262,0.075,S6_REVERSAL
2026-03-21 06:00:00+00:00,BTC,SELL,5.482904006533317,0.0054829040065333175,0.075,S6_REVERSAL
2026-03-21 07:00:00+00:00,BTC,SELL,7.42426855134363,0.00742426855134363,0.075,S6_REVERSAL
2026-03-21 08:00:00+00:00,BTC,BUY,4.533123664135928,0.0045331236641359286,0.075,S6_REVERSAL
2026-03-21 09:00:00+00:00,BTC,BUY,13.044568559828804,0.013044568559828804,0.075,S6_REVERSAL
2026-03-21 10:00:00+00:00,BTC,SELL,6.605089658985889,0.00660508965898589,0.075,S6_REVERSAL
2026-03-21 11:00:00+00:00,BTC,BUY,5.4956350512884455,0.005495635051288445,0.075,S6_REVERSAL
2026-03-21 12:00:00+00:00,BTC,SELL,4.629589546818352,0.004629589546818352,0.075,S6_REVERSAL
2026-03-21 13:00:00+00:00,BTC,SELL,6.86565755290394,0.00686565755290394,0.075,S6_REVERSAL
2026-03-21 14:00:00+00:00,BTC,SELL,1.725089188844322,0.001725089188844322,0.075,S6_REVERSAL
2026-03-21 15:00:00+00:00,BTC,BUY,10.901346233004006,0.010901346233004006,0.075,S6_REVERSAL
2026-03-21 17:00:00+00:00,BTC,BUY,32.1772661181958,0.0321772661181958,0.075,S6_REVERSAL
2026-03-21 18:00:00+00:00,SOL,BUY,15002.48487689875,15.00248487689875,0.15,S3_TREND
2026-03-21 19:00:00+00:00,BTC,BUY,7496.56620942536,7.49656620942536,0.15,S3_TREND
2026-03-21 19:00:00+00:00,SOL,SELL,32.206728190820286,0.03220672819082029,0.15,S3_TREND
2026-03-21 20:00:00+00:00,BTC,SELL,1.6147826516826171,0.001614782651682617,0.15,S3_TREND
2026-03-21 20:00:00+00:00,SOL,SELL,5.173805933633048,0.005173805933633048,0.15,S3_TREND
2026-03-21 21:00:00+00:00,BTC,SELL,2.9832533826920553,0.0029832533826920555,0.15,S3_TREND
2026-03-21 21:00:00+00:00,SOL,SELL,49.01958749219921,0.04901958749219921,0.15,S3_TREND
2026-03-21 22:00:00+00:00,BTC,BUY,17.136602175745793,0.017136602175745794,0.15,S3_TREND
2026-03-21 22:00:00+00:00,SOL,BUY,18.915008431367824,0.018915008431367824,0.15,S3_TREND
2026-03-21 23:00:00+00:00,BTC,BUY,9.891556832171773,0.009891556832171773,0.15,S3_TREND
2026-03-21 23:00:00+00:00,SOL,BUY,11.983059242676973,0.011983059242676973,0.15,S3_TREND
2026-03-22 00:00:00+00:00,BTC,BUY,187.82462761319948,0.18782462761319949,0.15,S3_TREND
2026-03-22 00:00:00+00:00,ETH,BUY,7451.658398470425,7.451658398470425,0.075,S6_REVERSAL
2026-03-22 00:00:00+00:00,SOL,BUY,289.88084720383995,0.28988084720383994,0.15,S3_TREND
2026-03-22 01:00:00+00:00,BTC,SELL,12.274095774273519,0.012274095774273519,0.15,S3_TREND
2026-03-22 01:00:00+00:00,ETH,SELL,12.261074323953835,0.012261074323953835,0.075,S6_REVERSAL
2026-03-22 01:00:00+00:00,SOL,BUY,34.78826904160633,0.034788269041606326,0.15,S3_TREND
2026-03-22 02:00:00+00:00,BTC,BUY,4.135107654625244,0.0041351076546252445,0.15,S3_TREND
2026-03-22 02:00:00+00:00,ETH,SELL,10.267622710694923,0.010267622710694924,0.075,S6_REVERSAL
2026-03-22 02:00:00+00:00,SOL,SELL,18.08862802321164,0.01808862802321164,0.15,S3_TREND
2026-03-22 03:00:00+00:00,BTC,SELL,34.53050080617504,0.03453050080617504,0.15,S3_TREND
2026-03-22 03:00:00+00:00,ETH,SELL,22.05944411409746,0.02205944411409746,0.075,S6_REVERSAL
2026-03-22 03:00:00+00:00,SOL,SELL,83.88272609537307,0.08388272609537308,0.15,S3_TREND
2026-03-22 04:00:00+00:00,BTC,BUY,8.005656076153173,0.008005656076153172,0.15,S3_TREND
2026-03-22 04:00:00+00:00,ETH,SELL,30.326052688486016,0.030326052688486017,0.075,S6_REVERSAL
2026-03-22 04:00:00+00:00,SOL,SELL,66.77363933964807,0.06677363933964807,0.15,S3_TREND
2026-03-22 05:00:00+00:00,BTC,BUY,8.491926835895356,0.008491926835895357,0.15,S3_TREND
2026-03-22 05:00:00+00:00,ETH,SELL,13.486689712515727,0.013486689712515727,0.075,S6_REVERSAL
2026-03-22 05:00:00+00:00,SOL,SELL,46.674297916668365,0.04667429791666837,0.15,S3_TREND
2026-03-22 06:00:00+00:00,BTC,BUY,20.525880266488457,0.020525880266488456,0.15,S3_TREND
2026-03-22 06:00:00+00:00,ETH,BUY,10.716090149251613,0.010716090149251614,0.075,S6_REVERSAL
2026-03-22 06:00:00+00:00,SOL,BUY,67.18346101435782,0.06718346101435782,0.15,S3_TREND
2026-03-22 07:00:00+00:00,BTC,SELL,11.322429410860423,0.011322429410860422,0.15,S3_TREND
2026-03-22 07:00:00+00:00,ETH,BUY,10.523230300428622,0.010523230300428623,0.075,S6_REVERSAL
2026-03-22 07:00:00+00:00,SOL,BUY,38.28524343038407,0.03828524343038407,0.15,S3_TREND
2026-03-22 08:00:00+00:00,BTC,BUY,24.051295835259225,0.024051295835259227,0.15,S3_TREND
2026-03-22 08:00:00+00:00,ETH,BUY,40.007981959823155,0.040007981959823156,0.075,S6_REVERSAL
2026-03-22 08:00:00+00:00,SOL,BUY,55.88912456367689,0.05588912456367689,0.15,S3_TREND
2026-03-22 09:00:00+00:00,BTC,SELL,7438.486177526945,7.438486177526944,0.075,S6_REVERSAL
2026-03-22 09:00:00+00:00,ETH,BUY,16.653896880210596,0.016653896880210597,0.075,S6_REVERSAL
2026-03-22 09:00:00+00:00,SOL,BUY,40.26743902153794,0.04026743902153794,0.15,S3_TREND
2026-03-22 10:00:00+00:00,BTC,SELL,3.722858114772862,0.003722858114772862,0.075,S6_REVERSAL
2026-03-22 10:00:00+00:00,ETH,BUY,3.594896103015344,0.0035948961030153443,0.075,S6_REVERSAL
2026-03-22 10:00:00+00:00,SOL,BUY,5.719648073310964,0.005719648073310964,0.15,S3_TREND
2026-03-22 11:00:00+00:00,BTC,BUY,17.092426064824394,0.017092426064824393,0.075,S6_REVERSAL
2026-03-22 11:00:00+00:00,ETH,BUY,10.900009689415128,0.010900009689415128,0.075,S6_REVERSAL
2026-03-22 11:00:00+00:00,SOL,SELL,7.75113538665937,0.0077511353866593705,0.15,S3_TREND
2026-03-22 12:00:00+00:00,BTC,SELL,7397.217641157213,7.397217641157213,0.0,CASH
2026-03-22 12:00:00+00:00,ETH,BUY,28.050075406834367,0.02805007540683437,0.075,S6_REVERSAL
2026-03-22 12:00:00+00:00,SOL,BUY,59.288297123677694,0.0592882971236777,0.15,S3_TREND
2026-03-22 13:00:00+00:00,ETH,SELL,36.45019182916985,0.03645019182916985,0.075,S6_REVERSAL
2026-03-22 13:00:00+00:00,SOL,SELL,56.959520716929546,0.05695952071692955,0.15,S3_TREND
2026-03-22 14:00:00+00:00,ETH,BUY,12.957837541600384,0.012957837541600384,0.075,S6_REVERSAL
2026-03-22 14:00:00+00:00,SOL,SELL,9.258454413542495,0.009258454413542495,0.15,S3_TREND
2026-03-22 15:00:00+00:00,SOL,BUY,17.06958889221096,0.017069588892210958,0.15,S3_TREND
2026-03-22 16:00:00+00:00,ETH,SELL,11.206683844342479,0.011206683844342478,0.075,S6_REVERSAL
2026-03-22 16:00:00+00:00,SOL,SELL,52.43647250399953,0.052436472503999534,0.15,S3_TREND
2026-03-22 17:00:00+00:00,ETH,BUY,2.0256070627283407,0.0020256070627283408,0.075,S6_REVERSAL
2026-03-22 17:00:00+00:00,SOL,SELL,7427.899795115071,7.427899795115072,0.075,S6_REVERSAL
2026-03-22 18:00:00+00:00,ETH,BUY,6.304417194402959,0.006304417194402959,0.075,S6_REVERSAL
2026-03-22 18:00:00+00:00,SOL,BUY,16.084059756115494,0.016084059756115494,0.075,S6_REVERSAL
2026-03-22 19:00:00+00:00,ETH,BUY,22.687313432656993,0.022687313432656994,0.075,S6_REVERSAL
2026-03-22 19:00:00+00:00,SOL,BUY,17.743807271059268,0.01774380727105927,0.075,S6_REVERSAL
2026-03-22 20:00:00+00:00,ETH,BUY,29.103870616585482,0.02910387061658548,0.075,S6_REVERSAL
2026-03-22 20:00:00+00:00,SOL,BUY,8.630858910342795,0.008630858910342796,0.075,S6_REVERSAL
2026-03-22 21:00:00+00:00,ETH,BUY,13.597251107526972,0.013597251107526973,0.075,S6_REVERSAL
2026-03-22 21:00:00+00:00,SOL,BUY,21.694037154999023,0.021694037154999023,0.075,S6_REVERSAL
2026-03-22 22:00:00+00:00,ETH,SELL,7383.607627660844,7.383607627660844,0.0,CASH
2026-03-22 22:00:00+00:00,SOL,SELL,7379.383655222896,7.379383655222896,0.0,CASH
2026-03-24 12:00:00+00:00,SOL,BUY,14841.786655600812,14.841786655600812,0.15,S3_TREND
2026-03-24 13:00:00+00:00,BTC,BUY,14834.709073594322,14.834709073594322,0.15,S3_TREND
2026-03-24 13:00:00+00:00,SOL,BUY,25.264511381177726,0.025264511381177728,0.15,S3_TREND
2026-03-24 14:00:00+00:00,BTC,BUY,108.09975100764677,0.10809975100764678,0.15,S3_TREND
2026-03-24 14:00:00+00:00,SOL,BUY,207.7501122500271,0.2077501122500271,0.15,S3_TREND
2026-03-24 15:00:00+00:00,BTC,BUY,34.074740023819686,0.03407474002381969,0.15,S3_TREND
2026-03-24 15:00:00+00:00,ETH,BUY,14749.365546697227,14.749365546697227,0.15,S3_TREND
2026-03-24 15:00:00+00:00,SOL,BUY,33.169365456709784,0.03316936545670979,0.15,S3_TREND
2026-03-24 16:00:00+00:00,BTC,BUY,2.6315194996896025,0.0026315194996896028,0.15,S3_TREND
2026-03-24 16:00:00+00:00,ETH,SELL,4.798621264450048,0.004798621264450048,0.15,S3_TREND
2026-03-24 16:00:00+00:00,SOL,SELL,24.705627551273214,0.024705627551273215,0.15,S3_TREND
2026-03-24 17:00:00+00:00,BTC,BUY,51.755946433828285,0.05175594643382828,0.15,S3_TREND
2026-03-24 17:00:00+00:00,ETH,BUY,23.042561578256937,0.02304256157825694,0.15,S3_TREND
2026-03-24 17:00:00+00:00,SOL,BUY,42.089631394776006,0.042089631394776006,0.15,S3_TREND
2026-03-24 18:00:00+00:00,BTC,BUY,21.499332152805437,0.021499332152805438,0.15,S3_TREND
2026-03-24 18:00:00+00:00,ETH,BUY,95.68164151420933,0.09568164151420934,0.15,S3_TREND
2026-03-24 18:00:00+00:00,SOL,SELL,10.886238342081924,0.010886238342081925,0.15,S3_TREND
2026-03-24 19:00:00+00:00,BTC,SELL,31.10974972539225,0.03110974972539225,0.15,S3_TREND
2026-03-24 19:00:00+00:00,ETH,SELL,58.2546060120294,0.0582546060120294,0.15,S3_TREND
2026-03-24 19:00:00+00:00,SOL,BUY,54.07102723609387,0.05407102723609387,0.15,S3_TREND
2026-03-24 20:00:00+00:00,BTC,SELL,2.0657877623616514,0.0020657877623616516,0.15,S3_TREND
2026-03-24 20:00:00+00:00,ETH,BUY,1.0213395889441017,0.0010213395889441018,0.15,S3_TREND
2026-03-24 20:00:00+00:00,SOL,BUY,49.562084561135634,0.04956208456113564,0.15,S3_TREND
2026-03-24 21:00:00+00:00,BTC,SELL,58.34250233057901,0.05834250233057901,0.15,S3_TREND
2026-03-24 21:00:00+00:00,ETH,SELL,126.18464655313983,0.12618464655313982,0.15,S3_TREND
2026-03-24 21:00:00+00:00,SOL,SELL,157.31080994542936,0.15731080994542937,0.15,S3_TREND
2026-03-24 22:00:00+00:00,BTC,SELL,33.98257382592419,0.03398257382592419,0.15,S3_TREND
2026-03-24 22:00:00+00:00,ETH,BUY,13.753138300995488,0.013753138300995489,0.15,S3_TREND
2026-03-24 22:00:00+00:00,SOL,SELL,40.88332479723249,0.040883324797232494,0.15,S3_TREND
2026-03-24 23:00:00+00:00,BTC,SELL,2.274600974385976,0.002274600974385976,0.15,S3_TREND
2026-03-24 23:00:00+00:00,ETH,BUY,17.021207648733252,0.01702120764873325,0.15,S3_TREND
2026-03-24 23:00:00+00:00,SOL,BUY,5.8251371752267005,0.0058251371752267005,0.15,S3_TREND
2026-03-25 00:00:00+00:00,BTC,SELL,20.10453732618589,0.020104537326185893,0.15,S3_TREND
2026-03-25 00:00:00+00:00,ETH,SELL,42.8797639942768,0.0428797639942768,0.15,S3_TREND
2026-03-25 00:00:00+00:00,SOL,SELL,48.27556745454058,0.04827556745454058,0.15,S3_TREND
2026-03-25 01:00:00+00:00,BTC,SELL,32.2861732820038,0.032286173282003804,0.15,S3_TREND
2026-03-25 01:00:00+00:00,ETH,SELL,10.705128506488109,0.010705128506488108,0.15,S3_TREND
2026-03-25 01:00:00+00:00,SOL,SELL,57.508250150271124,0.057508250150271126,0.15,S3_TREND
2026-03-25 02:00:00+00:00,BTC,BUY,15.146791717552333,0.015146791717552333,0.15,S3_TREND
2026-03-25 02:00:00+00:00,ETH,BUY,13.902341396642441,0.013902341396642441,0.15,S3_TREND
2026-03-25 02:00:00+00:00,SOL,BUY,41.02793468379059,0.04102793468379059,0.15,S3_TREND
2026-03-25 03:00:00+00:00,BTC,BUY,28.964083627488435,0.028964083627488434,0.15,S3_TREND
2026-03-25 03:00:00+00:00,ETH,BUY,8.209957635772298,0.008209957635772298,0.15,S3_TREND
2026-03-25 03:00:00+00:00,SOL,SELL,31.042982121472964,0.031042982121472964,0.15,S3_TREND
2026-03-25 04:00:00+00:00,BTC,SELL,16.393789541261867,0.016393789541261868,0.15,S3_TREND
2026-03-25 04:00:00+00:00,ETH,BUY,1.8519788195280853,0.0018519788195280854,0.15,S3_TREND
2026-03-25 04:00:00+00:00,SOL,SELL,68.4973861997023,0.0684973861997023,0.15,S3_TREND
2026-03-25 05:00:00+00:00,BTC,SELL,27.968723368168867,0.027968723368168868,0.15,S3_TREND
2026-03-25 05:00:00+00:00,ETH,SELL,28.587127716920804,0.028587127716920804,0.15,S3_TREND
2026-03-25 05:00:00+00:00,SOL,SELL,34.98869420877236,0.03498869420877236,0.15,S3_TREND
2026-03-25 06:00:00+00:00,BTC,SELL,15.03616956882797,0.015036169568827971,0.15,S3_TREND
2026-03-25 06:00:00+00:00,ETH,SELL,2.47923789453489,0.00247923789453489,0.15,S3_TREND
2026-03-25 06:00:00+00:00,SOL,SELL,41.97534705166072,0.04197534705166072,0.15,S3_TREND
2026-03-25 07:00:00+00:00,BTC,BUY,16.539495817816714,0.016539495817816715,0.15,S3_TREND
2026-03-25 07:00:00+00:00,ETH,BUY,25.961825059710463,0.025961825059710463,0.15,S3_TREND
2026-03-25 07:00:00+00:00,SOL,SELL,6.5879203761942335,0.0065879203761942335,0.15,S3_TREND
2026-03-25 08:00:00+00:00,BTC,SELL,1.6746648581174668,0.0016746648581174668,0.15,S3_TREND
2026-03-25 08:00:00+00:00,ETH,SELL,20.447602532509336,0.020447602532509337,0.15,S3_TREND
2026-03-25 08:00:00+00:00,SOL,BUY,78.13282810609962,0.07813282810609963,0.15,S3_TREND
2026-03-25 09:00:00+00:00,BTC,SELL,31.75127950875867,0.031751279508758674,0.15,S3_TREND
2026-03-25 09:00:00+00:00,ETH,SELL,47.25905259234787,0.047259052592347875,0.15,S3_TREND
2026-03-25 09:00:00+00:00,SOL,SELL,51.792332298900874,0.05179233229890087,0.15,S3_TREND
2026-03-25 10:00:00+00:00,BTC,SELL,2.729560295549163,0.002729560295549163,0.15,S3_TREND
2026-03-25 10:00:00+00:00,ETH,SELL,50.802700430018376,0.050802700430018374,0.15,S3_TREND
2026-03-25 10:00:00+00:00,SOL,SELL,11.378066942985242,0.011378066942985243,0.15,S3_TREND
2026-03-25 11:00:00+00:00,BTC,SELL,26.644601072361183,0.026644601072361183,0.15,S3_TREND
2026-03-25 11:00:00+00:00,ETH,BUY,15.290925990047981,0.015290925990047981,0.15,S3_TREND
2026-03-25 11:00:00+00:00,SOL,SELL,10.249783128918352,0.010249783128918352,0.15,S3_TREND
2026-03-25 12:00:00+00:00,BTC,SELL,21.880048615625128,0.02188004861562513,0.15,S3_TREND
2026-03-25 12:00:00+00:00,ETH,BUY,7.334921105231842,0.007334921105231843,0.15,S3_TREND
2026-03-25 12:00:00+00:00,SOL,SELL,41.204757768100535,0.041204757768100536,0.15,S3_TREND
2026-03-25 13:00:00+00:00,BTC,SELL,8.409976725199158,0.008409976725199159,0.15,S3_TREND
2026-03-25 13:00:00+00:00,ETH,BUY,20.336563932445642,0.020336563932445643,0.15,S3_TREND
2026-03-25 13:00:00+00:00,SOL,SELL,8.883434787616352,0.008883434787616351,0.15,S3_TREND
2026-03-25 14:00:00+00:00,BTC,BUY,17.564456645664904,0.017564456645664906,0.15,S3_TREND
2026-03-25 14:00:00+00:00,ETH,SELL,17.638337870466785,0.017638337870466786,0.15,S3_TREND
2026-03-25 14:00:00+00:00,SOL,BUY,37.86114771060602,0.03786114771060602,0.15,S3_TREND
2026-03-25 15:00:00+00:00,BTC,BUY,31.95934279472567,0.03195934279472567,0.15,S3_TREND
2026-03-25 15:00:00+00:00,ETH,BUY,29.544204432058905,0.029544204432058907,0.15,S3_TREND
2026-03-25 15:00:00+00:00,SOL,BUY,86.73898502782504,0.08673898502782504,0.15,S3_TREND
2026-03-25 16:00:00+00:00,BTC,BUY,55.010229549805445,0.055010229549805445,0.15,S3_TREND
2026-03-25 16:00:00+00:00,ETH,BUY,50.436760285661876,0.05043676028566188,0.15,S3_TREND
2026-03-25 17:00:00+00:00,BTC,SELL,65.27902976768382,0.06527902976768382,0.15,S3_TREND
2026-03-25 17:00:00+00:00,ETH,SELL,39.70709295020424,0.03970709295020424,0.15,S3_TREND
2026-03-25 17:00:00+00:00,SOL,SELL,33.235489704205975,0.03323548970420598,0.15,S3_TREND
2026-03-25 18:00:00+00:00,BTC,BUY,74.63258778945419,0.0746325877894542,0.15,S3_TREND
2026-03-25 18:00:00+00:00,ETH,BUY,27.468591102595383,0.027468591102595384,0.15,S3_TREND
2026-03-25 18:00:00+00:00,SOL,BUY,41.569901638395095,0.04156990163839509,0.15,S3_TREND
2026-03-25 19:00:00+00:00,BTC,SELL,7.884252100839149,0.007884252100839149,0.15,S3_TREND
2026-03-25 19:00:00+00:00,ETH,BUY,10.577099923753849,0.010577099923753849,0.15,S3_TREND
2026-03-25 19:00:00+00:00,SOL,BUY,1.9384312064976257,0.0019384312064976256,0.15,S3_TREND
2026-03-25 20:00:00+00:00,ETH,SELL,56.22338036745896,0.05622338036745896,0.15,S3_TREND
2026-03-25 20:00:00+00:00,SOL,BUY,3.278640898881349,0.0032786408988813493,0.15,S3_TREND
2026-03-25 21:00:00+00:00,BTC,SELL,36.370653311623755,0.03637065331162376,0.15,S3_TREND
2026-03-25 21:00:00+00:00,ETH,BUY,33.17351622118986,0.03317351622118986,0.15,S3_TREND
2026-03-25 21:00:00+00:00,SOL,BUY,36.1842495362871,0.0361842495362871,0.15,S3_TREND
2026-03-25 22:00:00+00:00,BTC,SELL,12.22700155466373,0.01222700155466373,0.15,S3_TREND
2026-03-25 22:00:00+00:00,ETH,BUY,9.904063166886772,0.009904063166886771,0.15,S3_TREND
2026-03-25 22:00:00+00:00,SOL,BUY,27.285460013497868,0.02728546001349787,0.15,S3_TREND
2026-03-25 23:00:00+00:00,BTC,SELL,37.07547379170683,0.03707547379170683,0.15,S3_TREND
2026-03-25 23:00:00+00:00,ETH,SELL,39.27490809082701,0.03927490809082701,0.15,S3_TREND
2026-03-25 23:00:00+00:00,SOL,SELL,43.76429461360203,0.04376429461360203,0.15,S3_TREND
2026-03-26 00:00:00+00:00,ETH,BUY,30.118351685030575,0.030118351685030575,0.15,S3_TREND
2026-03-26 00:00:00+00:00,SOL,SELL,1.1876219098430738,0.0011876219098430737,0.15,S3_TREND
2026-03-26 01:00:00+00:00,BTC,BUY,3.31404242507233,0.00331404242507233,0.15,S3_TREND
2026-03-26 01:00:00+00:00,ETH,BUY,12.418253123476461,0.01241825312347646,0.15,S3_TREND
2026-03-26 01:00:00+00:00,SOL,SELL,3.5688291867209045,0.0035688291867209047,0.15,S3_TREND
2026-03-26 02:00:00+00:00,BTC,BUY,9.610460642497856,0.009610460642497856,0.15,S3_TREND
2026-03-26 02:00:00+00:00,ETH,BUY,12.541838920018563,0.012541838920018563,0.15,S3_TREND
2026-03-26 02:00:00+00:00,SOL,SELL,21.324447526343647,0.02132444752634365,0.15,S3_TREND
2026-03-26 03:00:00+00:00,BTC,BUY,27.01473700321185,0.027014737003211848,0.15,S3_TREND
2026-03-26 03:00:00+00:00,ETH,BUY,54.22866678478931,0.05422866678478931,0.15,S3_TREND
2026-03-26 03:00:00+00:00,SOL,BUY,94.6099247094553,0.0946099247094553,0.15,S3_TREND
2026-03-26 04:00:00+00:00,BTC,BUY,1.2212526292569237,0.0012212526292569236,0.15,S3_TREND
2026-03-26 04:00:00+00:00,ETH,SELL,15.31292901294546,0.01531292901294546,0.15,S3_TREND
2026-03-26 04:00:00+00:00,SOL,SELL,12.392737147562002,0.012392737147562002,0.15,S3_TREND
2026-03-26 05:00:00+00:00,BTC,BUY,16.836754750265754,0.016836754750265755,0.15,S3_TREND
2026-03-26 05:00:00+00:00,ETH,BUY,9.75483678735327,0.00975483678735327,0.15,S3_TREND
2026-03-26 05:00:00+00:00,SOL,BUY,26.29949673309784,0.02629949673309784,0.15,S3_TREND
2026-03-26 06:00:00+00:00,BTC,BUY,64.77258399702987,0.06477258399702987,0.15,S3_TREND
2026-03-26 06:00:00+00:00,ETH,BUY,114.66592666466204,0.11466592666466204,0.15,S3_TREND
2026-03-26 06:00:00+00:00,SOL,BUY,162.8792236880745,0.1628792236880745,0.15,S3_TREND
2026-03-26 07:00:00+00:00,BTC,SELL,16.681738581157333,0.016681738581157332,0.15,S3_TREND
2026-03-26 07:00:00+00:00,ETH,SELL,15.928364353854704,0.015928364353854703,0.15,S3_TREND
2026-03-26 07:00:00+00:00,SOL,BUY,31.553157429707426,0.03155315742970743,0.15,S3_TREND
2026-03-26 08:00:00+00:00,BTC,BUY,4.577870096789411,0.004577870096789411,0.15,S3_TREND
2026-03-26 08:00:00+00:00,ETH,SELL,9.828081266823574,0.009828081266823574,0.15,S3_TREND
2026-03-26 08:00:00+00:00,SOL,SELL,4.0869193069738685,0.004086919306973869,0.15,S3_TREND
2026-03-26 09:00:00+00:00,BTC,BUY,1.5843135471859568,0.0015843135471859569,0.15,S3_TREND
2026-03-26 09:00:00+00:00,ETH,BUY,16.09357281179109,0.016093572811791093,0.15,S3_TREND
2026-03-26 09:00:00+00:00,SOL,BUY,24.79017405079503,0.024790174050795033,0.15,S3_TREND
2026-03-26 10:00:00+00:00,BTC,BUY,25.168550038330068,0.02516855003833007,0.15,S3_TREND
2026-03-26 10:00:00+00:00,ETH,BUY,185.0738768926367,0.18507387689263669,0.15,S3_TREND
2026-03-26 10:00:00+00:00,SOL,BUY,53.84420475308434,0.053844204753084345,0.15,S3_TREND
2026-03-26 11:00:00+00:00,BTC,SELL,7320.1412624573295,7.320141262457329,0.075,S6_REVERSAL
2026-03-26 11:00:00+00:00,ETH,BUY,18.10429922358344,0.01810429922358344,0.15,S3_TREND
2026-03-26 11:00:00+00:00,SOL,BUY,18.37007000734775,0.01837007000734775,0.15,S3_TREND
2026-03-26 12:00:00+00:00,BTC,BUY,12.979089637103243,0.012979089637103243,0.075,S6_REVERSAL
2026-03-26 12:00:00+00:00,ETH,SELL,7260.301146849517,7.260301146849517,0.075,S6_REVERSAL
2026-03-26 12:00:00+00:00,SOL,SELL,14577.75316479099,14.57775316479099,0.0,CASH
2026-03-26 13:00:00+00:00,BTC,SELL,15.925302112549616,0.015925302112549618,0.075,S6_REVERSAL
2026-03-26 13:00:00+00:00,ETH,SELL,17.198705349266675,0.017198705349266676,0.075,S6_REVERSAL
2026-03-26 13:00:00+00:00,SOL,BUY,7308.197759824586,7.308197759824586,0.075,S6_REVERSAL
2026-03-26 14:00:00+00:00,BTC,SELL,16.68165331846103,0.01668165331846103,0.075,S6_REVERSAL
2026-03-26 14:00:00+00:00,ETH,SELL,21.417151818861385,0.021417151818861384,0.075,S6_REVERSAL
2026-03-26 14:00:00+00:00,SOL,SELL,25.443276735800282,0.025443276735800283,0.075,S6_REVERSAL
2026-03-26 15:00:00+00:00,BTC,BUY,12.450811517857801,0.012450811517857801,0.075,S6_REVERSAL
2026-03-26 15:00:00+00:00,ETH,BUY,12.307334194012583,0.012307334194012583,0.075,S6_REVERSAL
2026-03-26 15:00:00+00:00,SOL,BUY,27.386140306291054,0.027386140306291055,0.075,S6_REVERSAL
2026-03-26 16:00:00+00:00,BTC,BUY,37.03576507379785,0.03703576507379785,0.075,S6_REVERSAL
2026-03-26 16:00:00+00:00,ETH,BUY,15.944799518499167,0.015944799518499166,0.075,S6_REVERSAL
2026-03-26 16:00:00+00:00,SOL,SELL,3.9181378973353276,0.003918137897335328,0.075,S6_REVERSAL
2026-03-26 17:00:00+00:00,BTC,BUY,10.097225743173112,0.010097225743173113,0.075,S6_REVERSAL
2026-03-26 17:00:00+00:00,ETH,BUY,27.740217972059327,0.027740217972059326,0.075,S6_REVERSAL
2026-03-26 17:00:00+00:00,SOL,BUY,21.763132399966707,0.021763132399966707,0.075,S6_REVERSAL
2026-03-26 18:00:00+00:00,BTC,SELL,7250.873657801169,7.250873657801169,0.0,CASH
2026-03-26 18:00:00+00:00,ETH,SELL,7257.369464468711,7.257369464468711,0.0,CASH
2026-03-26 18:00:00+00:00,SOL,BUY,38.306555570666205,0.03830655557066621,0.075,S6_REVERSAL
2026-03-26 19:00:00+00:00,BTC,BUY,7283.197588507332,7.283197588507332,0.075,S6_REVERSAL
2026-03-26 19:00:00+00:00,ETH,BUY,7283.197588507332,7.283197588507332,0.075,S6_REVERSAL
2026-03-26 19:00:00+00:00,SOL,SELL,7240.70635925797,7.24070635925797,0.0,CASH
2026-03-26 20:00:00+00:00,BTC,BUY,7277.601598506375,7.277601598506375,0.15,S3_TREND
2026-03-26 20:00:00+00:00,ETH,SELL,7.690850795311235,0.007690850795311235,0.075,S6_REVERSAL
2026-03-26 20:00:00+00:00,SOL,BUY,14564.746094290793,14.564746094290793,0.15,S6_S8_REVERSAL
2026-03-26 21:00:00+00:00,BTC,SELL,57.68221241165884,0.05768221241165884,0.15,S3_TREND
2026-03-26 21:00:00+00:00,ETH,SELL,34.891117873387884,0.03489111787338788,0.075,S6_REVERSAL
2026-03-26 21:00:00+00:00,SOL,SELL,105.85787495376282,0.10585787495376282,0.15,S6_S8_REVERSAL
2026-03-26 22:00:00+00:00,BTC,BUY,29.135370259804404,0.029135370259804404,0.15,S3_TREND
2026-03-26 22:00:00+00:00,ETH,SELL,6.6787890695832175,0.006678789069583218,0.075,S6_REVERSAL
2026-03-26 22:00:00+00:00,SOL,SELL,69.86684678396523,0.06986684678396524,0.15,S6_S8_REVERSAL
2026-03-26 23:00:00+00:00,BTC,BUY,3.539147595049144,0.003539147595049144,0.15,S3_TREND
2026-03-26 23:00:00+00:00,ETH,BUY,7.552598041855163,0.007552598041855162,0.075,S6_REVERSAL
2026-03-27 00:00:00+00:00,BTC,SELL,7299.020865631881,7.299020865631881,0.075,S6_REVERSAL
2026-03-27 00:00:00+00:00,ETH,BUY,12.92581059904569,0.01292581059904569,0.075,S6_REVERSAL
2026-03-27 00:00:00+00:00,SOL,BUY,36.920310177707506,0.036920310177707506,0.15,S6_S8_REVERSAL
2026-03-27 01:00:00+00:00,BTC,BUY,4.389892153732944,0.004389892153732944,0.075,S6_REVERSAL
2026-03-27 01:00:00+00:00,ETH,SELL,15.657500120527402,0.015657500120527402,0.075,S6_REVERSAL
2026-03-27 01:00:00+00:00,SOL,SELL,2.088428155580914,0.002088428155580914,0.15,S6_S8_REVERSAL
2026-03-27 02:00:00+00:00,BTC,SELL,19.286991355984355,0.019286991355984356,0.075,S6_REVERSAL
2026-03-27 02:00:00+00:00,ETH,SELL,23.44609696257521,0.023446096962575214,0.075,S6_REVERSAL
2026-03-27 02:00:00+00:00,SOL,SELL,41.1053041718078,0.041105304171807806,0.15,S6_S8_REVERSAL
2026-03-27 03:00:00+00:00,BTC,BUY,10.369129919449733,0.010369129919449733,0.075,S6_REVERSAL
2026-03-27 03:00:00+00:00,ETH,BUY,15.598601401683482,0.015598601401683482,0.075,S6_REVERSAL
2026-03-27 03:00:00+00:00,SOL,BUY,23.120478326549346,0.023120478326549346,0.15,S6_S8_REVERSAL
2026-03-27 04:00:00+00:00,BTC,BUY,8.13085386358216,0.008130853863582161,0.075,S6_REVERSAL
2026-03-27 04:00:00+00:00,ETH,BUY,17.686942492682647,0.01768694249268265,0.075,S6_REVERSAL
2026-03-27 04:00:00+00:00,SOL,BUY,32.913606962931226,0.032913606962931226,0.15,S6_S8_REVERSAL
2026-03-27 05:00:00+00:00,BTC,BUY,13.083584308606987,0.013083584308606988,0.075,S6_REVERSAL
2026-03-27 05:00:00+00:00,ETH,BUY,22.64038408401848,0.02264038408401848,0.075,S6_REVERSAL
2026-03-27 05:00:00+00:00,SOL,BUY,29.85721819983337,0.02985721819983337,0.15,S6_S8_REVERSAL
2026-03-27 06:00:00+00:00,BTC,SELL,3.8022339128756357,0.0038022339128756357,0.075,S6_REVERSAL
2026-03-27 06:00:00+00:00,ETH,SELL,26.92621154565404,0.02692621154565404,0.075,S6_REVERSAL
2026-03-27 06:00:00+00:00,SOL,BUY,13.775557760507581,0.013775557760507581,0.15,S6_S8_REVERSAL
2026-03-27 07:00:00+00:00,BTC,SELL,2.4809650516617694,0.0024809650516617694,0.075,S6_REVERSAL
2026-03-27 07:00:00+00:00,ETH,SELL,5.12509654986934,0.00512509654986934,0.075,S6_REVERSAL
2026-03-27 07:00:00+00:00,SOL,BUY,5.52057736435745,0.00552057736435745,0.15,S6_S8_REVERSAL
2026-03-27 08:00:00+00:00,BTC,BUY,10.396437862601488,0.010396437862601488,0.075,S6_REVERSAL
2026-03-27 08:00:00+00:00,ETH,SELL,14.377005339318202,0.014377005339318202,0.075,S6_REVERSAL
2026-03-27 08:00:00+00:00,SOL,BUY,21.638984098199217,0.021638984098199216,0.15,S6_S8_REVERSAL
2026-03-27 09:00:00+00:00,BTC,BUY,45.97776020752917,0.045977760207529174,0.075,S6_REVERSAL
2026-03-27 09:00:00+00:00,ETH,BUY,44.70685306967607,0.044706853069676075,0.075,S6_REVERSAL
2026-03-27 09:00:00+00:00,SOL,BUY,95.82842070022889,0.09582842070022889,0.15,S6_S8_REVERSAL
2026-03-27 10:00:00+00:00,BTC,BUY,19.91001241396316,0.01991001241396316,0.075,S6_REVERSAL
2026-03-27 10:00:00+00:00,ETH,BUY,20.10512942688456,0.02010512942688456,0.075,S6_REVERSAL
2026-03-27 10:00:00+00:00,SOL,SELL,1.4653354727906844,0.0014653354727906845,0.15,S6_S8_REVERSAL
2026-03-27 11:00:00+00:00,BTC,SELL,7140.476185216029,7.14047618521603,0.0,CASH
2026-03-27 11:00:00+00:00,ETH,SELL,7092.656618260808,7.092656618260808,0.0,CASH
2026-03-27 11:00:00+00:00,SOL,SELL,14185.244424251605,14.185244424251605,0.0,CASH
2026-03-27 12:00:00+00:00,BTC,BUY,7217.273295227837,7.2172732952278364,0.075,S6_REVERSAL
2026-03-27 12:00:00+00:00,ETH,BUY,7217.273295227837,7.2172732952278364,0.075,S6_REVERSAL
2026-03-27 12:00:00+00:00,SOL,BUY,14434.546590455673,14.434546590455673,0.15,S6_S8_REVERSAL
2026-03-27 13:00:00+00:00,BTC,BUY,1.871238428133438,0.001871238428133438,0.075,S6_REVERSAL
2026-03-27 13:00:00+00:00,ETH,BUY,1.4025604505313822,0.0014025604505313823,0.075,S6_REVERSAL
2026-03-27 13:00:00+00:00,SOL,BUY,34.2418228508468,0.0342418228508468,0.15,S6_S8_REVERSAL
2026-03-27 14:00:00+00:00,BTC,BUY,38.19635887661025,0.03819635887661025,0.075,S6_REVERSAL
2026-03-27 14:00:00+00:00,ETH,BUY,28.577767444943674,0.028577767444943676,0.075,S6_REVERSAL
2026-03-27 14:00:00+00:00,SOL,BUY,12.500950543901126,0.012500950543901126,0.15,S6_S8_REVERSAL
2026-03-27 15:00:00+00:00,BTC,BUY,4.078238260274702,0.0040782382602747025,0.075,S6_REVERSAL
2026-03-27 15:00:00+00:00,ETH,SELL,31.103115835218883,0.031103115835218884,0.075,S6_REVERSAL
2026-03-27 15:00:00+00:00,SOL,SELL,28.138061579305944,0.028138061579305946,0.15,S6_S8_REVERSAL
2026-03-27 16:00:00+00:00,BTC,BUY,12.279288160910255,0.012279288160910255,0.075,S6_REVERSAL
2026-03-27 16:00:00+00:00,ETH,SELL,4.7561113231568015,0.004756111323156802,0.075,S6_REVERSAL
2026-03-27 16:00:00+00:00,SOL,SELL,28.45847331412915,0.02845847331412915,0.15,S6_S8_REVERSAL
2026-03-27 17:00:00+00:00,BTC,BUY,7.746457173652743,0.007746457173652743,0.075,S6_REVERSAL
2026-03-27 17:00:00+00:00,ETH,BUY,10.635970108582114,0.010635970108582115,0.075,S6_REVERSAL
2026-03-27 17:00:00+00:00,SOL,BUY,45.1823774617078,0.0451823774617078,0.15,S6_S8_REVERSAL
2026-03-27 18:00:00+00:00,BTC,SELL,7165.173324417063,7.165173324417063,0.0,CASH
2026-03-27 18:00:00+00:00,ETH,BUY,17.932221738629778,0.017932221738629777,0.075,S6_REVERSAL
2026-03-27 18:00:00+00:00,SOL,BUY,104.35039377959947,0.10435039377959947,0.15,S6_S8_REVERSAL
2026-03-27 19:00:00+00:00,BTC,BUY,7190.8555310485235,7.190855531048523,0.075,S6_REVERSAL
2026-03-27 19:00:00+00:00,ETH,SELL,22.6213658006036,0.022621365800603598,0.075,S6_REVERSAL
2026-03-27 19:00:00+00:00,SOL,SELL,19.4806429631044,0.0194806429631044,0.15,S6_S8_REVERSAL
2026-03-27 20:00:00+00:00,BTC,SELL,13.674419631212913,0.013674419631212914,0.075,S6_REVERSAL
2026-03-27 20:00:00+00:00,ETH,SELL,17.741221510382275,0.017741221510382276,0.075,S6_REVERSAL
2026-03-27 20:00:00+00:00,SOL,SELL,56.10848485273164,0.05610848485273164,0.15,S6_S8_REVERSAL
2026-03-27 21:00:00+00:00,ETH,BUY,18.200740382376352,0.018200740382376353,0.075,S6_REVERSAL
2026-03-27 21:00:00+00:00,SOL,BUY,2.510187632506131,0.0025101876325061313,0.15,S6_S8_REVERSAL
2026-03-27 22:00:00+00:00,BTC,SELL,8.189754851660837,0.008189754851660836,0.075,S6_REVERSAL
2026-03-27 22:00:00+00:00,ETH,BUY,1.4081798561810501,0.0014081798561810502,0.075,S6_REVERSAL
2026-03-27 22:00:00+00:00,SOL,BUY,4.047730779699123,0.004047730779699122,0.15,S6_S8_REVERSAL
2026-03-27 23:00:00+00:00,BTC,BUY,7.582943662771868,0.007582943662771868,0.075,S6_REVERSAL
2026-03-28 00:00:00+00:00,BTC,SELL,32.172531858213006,0.032172531858213005,0.075,S6_REVERSAL
2026-03-28 00:00:00+00:00,ETH,SELL,16.311904473926006,0.016311904473926008,0.075,S6_REVERSAL
2026-03-28 00:00:00+00:00,SOL,SELL,44.35932505249003,0.04435932505249003,0.15,S6_S8_REVERSAL
2026-03-28 01:00:00+00:00,BTC,SELL,5.867425942576119,0.0058674259425761195,0.075,S6_REVERSAL
2026-03-28 01:00:00+00:00,ETH,SELL,2.656054449919793,0.002656054449919793,0.075,S6_REVERSAL
2026-03-28 01:00:00+00:00,SOL,BUY,38.62099580249196,0.03862099580249196,0.15,S6_S8_REVERSAL
2026-03-28 02:00:00+00:00,BTC,BUY,22.274271273172417,0.022274271273172417,0.075,S6_REVERSAL
2026-03-28 02:00:00+00:00,ETH,BUY,2.7199752201340743,0.0027199752201340745,0.075,S6_REVERSAL
2026-03-28 02:00:00+00:00,SOL,BUY,22.78969725233401,0.02278969725233401,0.15,S6_S8_REVERSAL
2026-03-28 03:00:00+00:00,BTC,BUY,10.620225314278287,0.010620225314278286,0.075,S6_REVERSAL
2026-03-28 03:00:00+00:00,ETH,BUY,8.199315197623037,0.008199315197623036,0.075,S6_REVERSAL
2026-03-28 03:00:00+00:00,SOL,BUY,9.579269649872003,0.009579269649872003,0.15,S6_S8_REVERSAL
2026-03-28 04:00:00+00:00,BTC,SELL,17.924408827117077,0.017924408827117076,0.075,S6_REVERSAL
2026-03-28 04:00:00+00:00,ETH,SELL,4.346564167928591,0.004346564167928591,0.075,S6_REVERSAL
2026-03-28 05:00:00+00:00,BTC,SELL,4.35017033315944,0.00435017033315944,0.075,S6_REVERSAL
2026-03-28 05:00:00+00:00,ETH,SELL,5.284974027366843,0.005284974027366844,0.075,S6_REVERSAL
2026-03-28 05:00:00+00:00,SOL,BUY,4.186283330041988,0.004186283330041988,0.15,S6_S8_REVERSAL
2026-03-28 06:00:00+00:00,BTC,SELL,2.565467638512928,0.002565467638512928,0.075,S6_REVERSAL
2026-03-28 06:00:00+00:00,ETH,SELL,8.753329565886816,0.008753329565886816,0.075,S6_REVERSAL
2026-03-28 06:00:00+00:00,SOL,SELL,22.411627495059292,0.022411627495059292,0.15,S6_S8_REVERSAL
2026-03-28 07:00:00+00:00,BTC,BUY,3.4071838441623186,0.0034071838441623184,0.075,S6_REVERSAL
2026-03-28 07:00:00+00:00,ETH,SELL,16.544087553592362,0.016544087553592362,0.075,S6_REVERSAL
2026-03-28 07:00:00+00:00,SOL,SELL,59.32616762636826,0.05932616762636826,0.15,S6_S8_REVERSAL
2026-03-28 08:00:00+00:00,BTC,SELL,10.663530028515197,0.010663530028515198,0.075,S6_REVERSAL
2026-03-28 08:00:00+00:00,ETH,SELL,7231.634150252414,7.231634150252414,0.0,CASH
2026-03-28 08:00:00+00:00,SOL,SELL,14495.440141981906,14.495440141981906,0.0,CASH
2026-03-28 09:00:00+00:00,BTC,BUY,13.632406801334582,0.013632406801334582,0.075,S6_REVERSAL
2026-03-28 10:00:00+00:00,BTC,BUY,9.850343682849598,0.009850343682849597,0.075,S6_REVERSAL
2026-03-28 11:00:00+00:00,BTC,BUY,9.05192268119572,0.00905192268119572,0.075,S6_REVERSAL
2026-03-28 12:00:00+00:00,BTC,SELL,9.884960905849766,0.009884960905849767,0.075,S6_REVERSAL
2026-03-28 13:00:00+00:00,BTC,SELL,13.650141276611977,0.013650141276611977,0.075,S6_REVERSAL
2026-03-28 14:00:00+00:00,BTC,SELL,38.16807495661669,0.03816807495661669,0.075,S6_REVERSAL
2026-03-28 15:00:00+00:00,BTC,BUY,9.289893079842841,0.009289893079842841,0.075,S6_REVERSAL
2026-03-28 16:00:00+00:00,BTC,SELL,27.294640660191362,0.027294640660191362,0.075,S6_REVERSAL
2026-03-28 17:00:00+00:00,BTC,BUY,8.76633597397722,0.00876633597397722,0.075,S6_REVERSAL
2026-03-28 18:00:00+00:00,BTC,BUY,8.05594526580262,0.00805594526580262,0.075,S6_REVERSAL
2026-03-28 19:00:00+00:00,BTC,SELL,6.177174087340973,0.006177174087340973,0.075,S6_REVERSAL
2026-03-28 22:00:00+00:00,BTC,BUY,22.207396171485016,0.022207396171485014,0.075,S6_REVERSAL
2026-03-28 23:00:00+00:00,BTC,SELL,7.045012214590315,0.007045012214590315,0.075,S6_REVERSAL
2026-03-29 00:00:00+00:00,BTC,BUY,37.89143706222421,0.03789143706222421,0.075,S6_REVERSAL
2026-03-29 01:00:00+00:00,BTC,SELL,11.15272751591965,0.01115272751591965,0.075,S6_REVERSAL
2026-03-29 02:00:00+00:00,BTC,SELL,8.161856867925053,0.008161856867925053,0.075,S6_REVERSAL
2026-03-29 03:00:00+00:00,BTC,SELL,24.94939572797648,0.02494939572797648,0.075,S6_REVERSAL
2026-03-29 04:00:00+00:00,BTC,SELL,9.394771550166297,0.009394771550166298,0.075,S6_REVERSAL
2026-03-29 05:00:00+00:00,BTC,BUY,17.650848128944745,0.017650848128944744,0.075,S6_REVERSAL
2026-03-29 06:00:00+00:00,BTC,SELL,3.68315950325632,0.00368315950325632,0.075,S6_REVERSAL
2026-03-29 07:00:00+00:00,BTC,BUY,3.343685628179628,0.003343685628179628,0.075,S6_REVERSAL
2026-03-29 08:00:00+00:00,BTC,BUY,6.752800446754009,0.0067528004467540086,0.075,S6_REVERSAL
2026-03-29 09:00:00+00:00,BTC,SELL,5.307867753137543,0.005307867753137544,0.075,S6_REVERSAL
2026-03-29 10:00:00+00:00,BTC,BUY,9.004479061371057,0.009004479061371057,0.075,S6_REVERSAL
2026-03-29 11:00:00+00:00,BTC,BUY,13.145294887105592,0.013145294887105592,0.075,S6_REVERSAL
2026-03-29 12:00:00+00:00,BTC,SELL,31.46696397116193,0.03146696397116193,0.075,S6_REVERSAL
2026-03-29 13:00:00+00:00,BTC,SELL,3.359261362028519,0.0033592613620285192,0.075,S6_REVERSAL
2026-03-29 14:00:00+00:00,BTC,BUY,26.92238095905668,0.02692238095905668,0.075,S6_REVERSAL
2026-03-29 16:00:00+00:00,BTC,BUY,5.74818267347473,0.00574818267347473,0.075,S6_REVERSAL
2026-03-29 17:00:00+00:00,BTC,BUY,2.3727281314404536,0.0023727281314404537,0.075,S6_REVERSAL
2026-03-29 18:00:00+00:00,BTC,BUY,11.394733085045118,0.01139473308504512,0.075,S6_REVERSAL
2026-03-29 18:00:00+00:00,SOL,BUY,7215.371087700435,7.215371087700436,0.075,S6_REVERSAL
2026-03-29 19:00:00+00:00,BTC,SELL,3.0484891825544764,0.0030484891825544765,0.075,S6_REVERSAL
2026-03-29 19:00:00+00:00,SOL,SELL,20.662286419315024,0.020662286419315026,0.075,S6_REVERSAL
2026-03-29 20:00:00+00:00,BTC,BUY,6.646049117814982,0.006646049117814983,0.075,S6_REVERSAL
2026-03-29 20:00:00+00:00,SOL,BUY,14.860977790159268,0.014860977790159269,0.075,S6_REVERSAL
2026-03-29 21:00:00+00:00,BTC,SELL,24.64519570623179,0.02464519570623179,0.075,S6_REVERSAL
2026-03-29 21:00:00+00:00,SOL,SELL,23.1845537982199,0.0231845537982199,0.075,S6_REVERSAL
2026-03-29 22:00:00+00:00,BTC,SELL,8.181229846135466,0.008181229846135465,0.075,S6_REVERSAL
2026-03-29 22:00:00+00:00,SOL,SELL,17.15376340576404,0.01715376340576404,0.075,S6_REVERSAL
2026-03-29 23:00:00+00:00,BTC,BUY,77.1133388416265,0.07711333884162651,0.075,S6_REVERSAL
2026-03-29 23:00:00+00:00,SOL,BUY,91.4860940214221,0.0914860940214221,0.075,S6_REVERSAL
2026-03-30 00:00:00+00:00,BTC,SELL,11.851962094119699,0.011851962094119699,0.075,S6_REVERSAL
2026-03-30 00:00:00+00:00,SOL,SELL,40.778854914870855,0.040778854914870856,0.075,S6_REVERSAL
2026-03-30 01:00:00+00:00,BTC,SELL,24.295626397146407,0.024295626397146407,0.075,S6_REVERSAL
2026-03-30 01:00:00+00:00,SOL,SELL,33.830957540087184,0.033830957540087185,0.075,S6_REVERSAL
2026-03-30 02:00:00+00:00,BTC,SELL,32.1337042282903,0.0321337042282903,0.075,S6_REVERSAL
2026-03-30 02:00:00+00:00,SOL,SELL,64.60960006881487,0.06460960006881487,0.075,S6_REVERSAL
2026-03-30 03:00:00+00:00,BTC,SELL,42.79595806694397,0.042795958066943966,0.075,S6_REVERSAL
2026-03-30 03:00:00+00:00,SOL,SELL,46.29820742533684,0.04629820742533684,0.075,S6_REVERSAL
2026-03-30 04:00:00+00:00,BTC,SELL,5.724065726270055,0.005724065726270055,0.075,S6_REVERSAL
2026-03-30 04:00:00+00:00,ETH,BUY,14465.196010357951,14.465196010357952,0.15,S3_TREND
2026-03-30 04:00:00+00:00,SOL,BUY,6.03925428927505,0.00603925428927505,0.075,S6_REVERSAL
2026-03-30 05:00:00+00:00,BTC,BUY,7209.647724508228,7.209647724508228,0.15,S3_TREND
2026-03-30 05:00:00+00:00,ETH,SELL,64.19369282207481,0.06419369282207481,0.15,S3_TREND
2026-03-30 05:00:00+00:00,SOL,SELL,30.21426802463793,0.030214268024637933,0.075,S6_REVERSAL
2026-03-30 06:00:00+00:00,BTC,BUY,19.1881169338576,0.0191881169338576,0.15,S3_TREND
2026-03-30 06:00:00+00:00,ETH,SELL,3.4554076397380413,0.0034554076397380414,0.15,S3_TREND
2026-03-30 06:00:00+00:00,SOL,BUY,7.571543232726071,0.007571543232726072,0.075,S6_REVERSAL
2026-03-30 07:00:00+00:00,BTC,BUY,26.37606929302092,0.02637606929302092,0.15,S3_TREND
2026-03-30 07:00:00+00:00,ETH,BUY,24.228847654252604,0.024228847654252605,0.15,S3_TREND
2026-03-30 07:00:00+00:00,SOL,BUY,6.944378630772917,0.006944378630772917,0.075,S6_REVERSAL
2026-03-30 08:00:00+00:00,BTC,SELL,33.13206222559893,0.03313206222559893,0.15,S3_TREND
2026-03-30 08:00:00+00:00,ETH,SELL,85.77978416767291,0.08577978416767292,0.15,S3_TREND
2026-03-30 08:00:00+00:00,SOL,SELL,29.05302672657308,0.029053026726573082,0.075,S6_REVERSAL
2026-03-30 09:00:00+00:00,BTC,BUY,1.8098867035514559,0.001809886703551456,0.15,S3_TREND
2026-03-30 09:00:00+00:00,ETH,SELL,8.46709676883438,0.00846709676883438,0.15,S3_TREND
2026-03-30 09:00:00+00:00,SOL,SELL,38.6109981399286,0.0386109981399286,0.075,S6_REVERSAL
2026-03-30 10:00:00+00:00,BTC,BUY,18.714387566335063,0.018714387566335065,0.15,S3_TREND
2026-03-30 10:00:00+00:00,ETH,BUY,32.431278067057065,0.03243127806705706,0.15,S3_TREND
2026-03-30 10:00:00+00:00,SOL,BUY,23.648499091226768,0.02364849909122677,0.075,S6_REVERSAL
2026-03-30 11:00:00+00:00,BTC,BUY,1.1193954005811975,0.0011193954005811976,0.15,S3_TREND
2026-03-30 11:00:00+00:00,ETH,SELL,18.775361957867062,0.018775361957867064,0.15,S3_TREND
2026-03-30 11:00:00+00:00,SOL,BUY,18.805743840685864,0.018805743840685864,0.075,S6_REVERSAL
2026-03-30 12:00:00+00:00,BTC,SELL,16.429389932041886,0.016429389932041887,0.15,S3_TREND
2026-03-30 12:00:00+00:00,ETH,SELL,70.45798230738365,0.07045798230738365,0.15,S3_TREND
2026-03-30 12:00:00+00:00,SOL,SELL,16.143882276564,0.016143882276564,0.075,S6_REVERSAL
2026-03-30 13:00:00+00:00,BTC,SELL,33.333562181642264,0.03333356218164227,0.15,S3_TREND
2026-03-30 13:00:00+00:00,ETH,SELL,9.098026007372027,0.009098026007372027,0.15,S3_TREND
2026-03-30 13:00:00+00:00,SOL,SELL,7282.3007890270665,7.282300789027067,0.0,CASH
2026-03-30 14:00:00+00:00,BTC,BUY,51.9350276007317,0.0519350276007317,0.15,S3_TREND
2026-03-30 14:00:00+00:00,ETH,BUY,68.0725381112079,0.0680725381112079,0.15,S3_TREND
2026-03-30 15:00:00+00:00,BTC,SELL,38.00748109495726,0.03800748109495726,0.15,S3_TREND
2026-03-30 15:00:00+00:00,ETH,SELL,55.460320742418844,0.05546032074241884,0.15,S3_TREND
2026-03-30 16:00:00+00:00,BTC,BUY,34.004075588853084,0.034004075588853086,0.15,S3_TREND
2026-03-30 16:00:00+00:00,ETH,SELL,22.649751936929533,0.022649751936929533,0.15,S3_TREND
2026-03-30 17:00:00+00:00,BTC,BUY,38.925514624283096,0.0389255146242831,0.15,S3_TREND
2026-03-30 17:00:00+00:00,ETH,BUY,41.26852736459841,0.04126852736459841,0.15,S3_TREND
2026-03-30 18:00:00+00:00,BTC,BUY,73.1627938648453,0.0731627938648453,0.15,S3_TREND
2026-03-30 18:00:00+00:00,ETH,BUY,128.11346067743034,0.12811346067743035,0.15,S3_TREND
2026-03-30 19:00:00+00:00,BTC,BUY,22.322041351808366,0.022322041351808368,0.15,S3_TREND
2026-03-30 19:00:00+00:00,ETH,BUY,49.64267168590595,0.049642671685905956,0.15,S3_TREND
2026-03-30 20:00:00+00:00,BTC,BUY,9.55039176302671,0.00955039176302671,0.15,S3_TREND
2026-03-30 20:00:00+00:00,ETH,BUY,50.4063678672228,0.0504063678672228,0.15,S3_TREND
2026-03-30 21:00:00+00:00,BTC,SELL,19.24282283554203,0.019242822835542028,0.15,S3_TREND
2026-03-30 21:00:00+00:00,ETH,BUY,6.381432546777432,0.006381432546777433,0.15,S3_TREND
2026-03-30 22:00:00+00:00,BTC,SELL,15.364916241940591,0.015364916241940592,0.15,S3_TREND
2026-03-30 22:00:00+00:00,ETH,SELL,72.58435921653108,0.07258435921653109,0.15,S3_TREND
2026-03-30 23:00:00+00:00,BTC,BUY,1.3412795627809828,0.0013412795627809827,0.15,S3_TREND
2026-03-30 23:00:00+00:00,ETH,BUY,16.88295415939683,0.01688295415939683,0.15,S3_TREND
2026-03-31 00:00:00+00:00,BTC,SELL,9.313679814376883,0.009313679814376884,0.15,S3_TREND
2026-03-31 00:00:00+00:00,ETH,BUY,40.2249560472701,0.0402249560472701,0.15,S3_TREND
2026-03-31 01:00:00+00:00,BTC,SELL,64.75958934653681,0.06475958934653682,0.15,S3_TREND
2026-03-31 01:00:00+00:00,ETH,SELL,48.29237908546747,0.04829237908546748,0.15,S3_TREND
2026-03-31 02:00:00+00:00,BTC,SELL,94.76900327704243,0.09476900327704244,0.15,S3_TREND
2026-03-31 02:00:00+00:00,ETH,SELL,195.95185547805886,0.19595185547805885,0.15,S3_TREND
2026-03-31 04:00:00+00:00,BTC,BUY,35.77791997266468,0.035777919972664676,0.15,S3_TREND
2026-03-31 04:00:00+00:00,ETH,BUY,29.895630466178773,0.029895630466178772,0.15,S3_TREND
2026-03-31 05:00:00+00:00,BTC,BUY,23.13566793721475,0.02313566793721475,0.15,S3_TREND
2026-03-31 05:00:00+00:00,ETH,BUY,29.69534252253652,0.02969534252253652,0.15,S3_TREND
2026-03-31 06:00:00+00:00,BTC,SELL,21.50293105423225,0.02150293105423225,0.15,S3_TREND
2026-03-31 06:00:00+00:00,ETH,SELL,16.217006270424463,0.016217006270424463,0.15,S3_TREND
2026-03-31 07:00:00+00:00,BTC,BUY,32.32170970495463,0.032321709704954626,0.15,S3_TREND
2026-03-31 07:00:00+00:00,ETH,BUY,5.81420700801209,0.00581420700801209,0.15,S3_TREND
2026-03-31 08:00:00+00:00,BTC,BUY,16.162801759968715,0.016162801759968717,0.15,S3_TREND
2026-03-31 08:00:00+00:00,ETH,BUY,33.93053320016952,0.03393053320016952,0.15,S3_TREND
2026-03-31 08:00:00+00:00,SOL,BUY,14497.989830890308,14.497989830890308,0.15,S3_TREND
2026-03-31 09:00:00+00:00,BTC,BUY,66.59635543289914,0.06659635543289914,0.15,S3_TREND
2026-03-31 09:00:00+00:00,ETH,BUY,51.671262753096016,0.05167126275309602,0.15,S3_TREND
2026-03-31 09:00:00+00:00,SOL,BUY,88.05677374231345,0.08805677374231345,0.15,S3_TREND
2026-03-31 10:00:00+00:00,BTC,BUY,52.19628237462348,0.05219628237462348,0.15,S3_TREND
2026-03-31 10:00:00+00:00,ETH,BUY,64.7943302336862,0.06479433023368619,0.15,S3_TREND
2026-03-31 10:00:00+00:00,SOL,BUY,209.35094746839786,0.20935094746839786,0.15,S3_TREND
2026-03-31 11:00:00+00:00,BTC,SELL,37.48494101557117,0.03748494101557117,0.15,S3_TREND
2026-03-31 11:00:00+00:00,ETH,SELL,43.55461402669971,0.04355461402669971,0.15,S3_TREND
2026-03-31 11:00:00+00:00,SOL,BUY,28.492682630894706,0.028492682630894706,0.15,S3_TREND
2026-03-31 12:00:00+00:00,BTC,SELL,33.49745854863977,0.03349745854863977,0.15,S3_TREND
2026-03-31 12:00:00+00:00,ETH,SELL,67.99831846740562,0.06799831846740563,0.15,S3_TREND
2026-03-31 12:00:00+00:00,SOL,SELL,31.56581542051208,0.03156581542051208,0.15,S3_TREND
2026-03-31 13:00:00+00:00,BTC,BUY,11.012254998140634,0.011012254998140633,0.15,S3_TREND
2026-03-31 13:00:00+00:00,ETH,SELL,42.33446417529376,0.04233446417529376,0.15,S3_TREND
2026-03-31 13:00:00+00:00,SOL,SELL,14386.728149447534,14.386728149447533,0.0,CASH
2026-03-31 14:00:00+00:00,BTC,SELL,92.26630362764627,0.09226630362764626,0.15,S3_TREND
2026-03-31 14:00:00+00:00,ETH,SELL,146.07697737716626,0.14607697737716627,0.15,S3_TREND
2026-03-31 14:00:00+00:00,SOL,BUY,14451.18616741149,14.45118616741149,0.15,S3_TREND
2026-03-31 15:00:00+00:00,BTC,BUY,65.21126145560811,0.06521126145560811,0.15,S3_TREND
2026-03-31 15:00:00+00:00,ETH,BUY,116.651227290311,0.11665122729031101,0.15,S3_TREND
2026-03-31 15:00:00+00:00,SOL,BUY,127.12415594645609,0.1271241559464561,0.15,S3_TREND
2026-03-31 16:00:00+00:00,BTC,SELL,11.629940519937009,0.011629940519937008,0.15,S3_TREND
2026-03-31 16:00:00+00:00,ETH,SELL,41.96946355836735,0.04196946355836735,0.15,S3_TREND
2026-03-31 16:00:00+00:00,SOL,SELL,22.17152917522253,0.022171529175222533,0.15,S3_TREND
2026-03-31 17:00:00+00:00,BTC,SELL,90.9653245139998,0.0909653245139998,0.15,S3_TREND
2026-03-31 17:00:00+00:00,ETH,SELL,148.67513151108687,0.14867513151108688,0.15,S3_TREND
2026-03-31 17:00:00+00:00,SOL,SELL,161.07967601568635,0.16107967601568635,0.15,S3_TREND
2026-03-31 18:00:00+00:00,BTC,BUY,26.70915718618926,0.02670915718618926,0.15,S3_TREND
2026-03-31 18:00:00+00:00,ETH,SELL,14.509393549526067,0.014509393549526068,0.15,S3_TREND
2026-03-31 18:00:00+00:00,SOL,SELL,1.3179981886514724,0.0013179981886514724,0.15,S3_TREND
2026-03-31 19:00:00+00:00,BTC,SELL,39.46376316331589,0.03946376316331589,0.15,S3_TREND
2026-03-31 19:00:00+00:00,ETH,SELL,14.436182891638962,0.014436182891638963,0.15,S3_TREND
2026-03-31 19:00:00+00:00,SOL,SELL,58.940094783147295,0.058940094783147295,0.15,S3_TREND
2026-03-31 20:00:00+00:00,BTC,SELL,5.699925477256329,0.005699925477256329,0.15,S3_TREND
2026-03-31 20:00:00+00:00,ETH,BUY,14.13238669428938,0.01413238669428938,0.15,S3_TREND
2026-03-31 20:00:00+00:00,SOL,BUY,24.320327941417418,0.02432032794141742,0.15,S3_TREND
2026-03-31 21:00:00+00:00,BTC,SELL,53.682423777281656,0.053682423777281656,0.15,S3_TREND
2026-03-31 21:00:00+00:00,ETH,SELL,39.366495262553144,0.03936649526255315,0.15,S3_TREND
2026-03-31 21:00:00+00:00,SOL,SELL,44.86946974373495,0.04486946974373495,0.15,S3_TREND
2026-03-31 22:00:00+00:00,BTC,SELL,15.61196159085739,0.015611961590857391,0.15,S3_TREND
2026-03-31 22:00:00+00:00,ETH,BUY,21.698540937746657,0.021698540937746657,0.15,S3_TREND
2026-03-31 22:00:00+00:00,SOL,BUY,41.27458166313954,0.04127458166313954,0.15,S3_TREND
2026-03-31 23:00:00+00:00,BTC,BUY,10.167741604878756,0.010167741604878756,0.15,S3_TREND
2026-03-31 23:00:00+00:00,ETH,BUY,30.248489339797743,0.030248489339797742,0.15,S3_TREND
2026-03-31 23:00:00+00:00,SOL,BUY,3.727945330192597,0.003727945330192597,0.15,S3_TREND
2026-04-01 00:00:00+00:00,ETH,SELL,37.874643123495844,0.037874643123495845,0.15,S3_TREND
2026-04-01 00:00:00+00:00,SOL,SELL,49.84832002832809,0.04984832002832809,0.15,S3_TREND
2026-04-01 01:00:00+00:00,BTC,BUY,7.242284318937891,0.007242284318937891,0.15,S3_TREND
2026-04-01 01:00:00+00:00,ETH,SELL,47.384903099313306,0.04738490309931331,0.15,S3_TREND
2026-04-01 01:00:00+00:00,SOL,SELL,21.597243090767734,0.021597243090767736,0.15,S3_TREND
2026-04-01 02:00:00+00:00,BTC,BUY,59.21793313539274,0.05921793313539274,0.15,S3_TREND
2026-04-01 02:00:00+00:00,ETH,BUY,92.48114072672797,0.09248114072672797,0.15,S3_TREND
2026-04-01 02:00:00+00:00,SOL,BUY,59.40003814507145,0.05940003814507145,0.15,S3_TREND
2026-04-01 03:00:00+00:00,BTC,BUY,13.65326659532002,0.01365326659532002,0.15,S3_TREND
2026-04-01 03:00:00+00:00,ETH,BUY,20.341753460576,0.020341753460576,0.15,S3_TREND
2026-04-01 03:00:00+00:00,SOL,BUY,5.068792121326624,0.005068792121326624,0.15,S3_TREND
2026-04-01 04:00:00+00:00,BTC,SELL,55.544973938031035,0.05554497393803104,0.15,S3_TREND
2026-04-01 04:00:00+00:00,ETH,SELL,48.35324117855271,0.048353241178552706,0.15,S3_TREND
2026-04-01 04:00:00+00:00,SOL,SELL,86.61534712533467,0.08661534712533467,0.15,S3_TREND
2026-04-01 05:00:00+00:00,BTC,SELL,7.411078202130739,0.007411078202130739,0.15,S3_TREND
2026-04-01 05:00:00+00:00,ETH,SELL,36.76044830668252,0.03676044830668252,0.15,S3_TREND
2026-04-01 05:00:00+00:00,SOL,SELL,33.04414095521861,0.03304414095521861,0.15,S3_TREND
2026-04-01 06:00:00+00:00,BTC,SELL,5.6153922128578415,0.005615392212857842,0.15,S3_TREND
2026-04-01 06:00:00+00:00,ETH,SELL,51.893327864279854,0.05189332786427985,0.15,S3_TREND
2026-04-01 06:00:00+00:00,SOL,SELL,41.00063926992698,0.04100063926992698,0.15,S3_TREND
2026-04-01 07:00:00+00:00,BTC,SELL,79.44225615929281,0.07944225615929282,0.15,S3_TREND
2026-04-01 07:00:00+00:00,ETH,SELL,137.99098526814487,0.13799098526814488,0.15,S3_TREND
2026-04-01 07:00:00+00:00,SOL,BUY,2.9548500048258575,0.0029548500048258573,0.15,S3_TREND
2026-04-01 08:00:00+00:00,BTC,BUY,37.199685985066026,0.037199685985066025,0.15,S3_TREND
2026-04-01 08:00:00+00:00,ETH,BUY,87.96025724527317,0.08796025724527318,0.15,S3_TREND
2026-04-01 08:00:00+00:00,SOL,BUY,57.65753063318516,0.05765753063318516,0.15,S3_TREND
2026-04-01 09:00:00+00:00,BTC,BUY,4.550833909197536,0.004550833909197536,0.15,S3_TREND
2026-04-01 09:00:00+00:00,ETH,SELL,40.87317265563797,0.040873172655637974,0.15,S3_TREND
2026-04-01 09:00:00+00:00,SOL,BUY,36.487004070158946,0.036487004070158945,0.15,S3_TREND
2026-04-01 10:00:00+00:00,BTC,SELL,2.3994150013477338,0.002399415001347734,0.15,S3_TREND
2026-04-01 10:00:00+00:00,ETH,SELL,4.199948008816136,0.004199948008816136,0.15,S3_TREND
2026-04-01 10:00:00+00:00,SOL,BUY,35.69994082267476,0.03569994082267476,0.15,S3_TREND
2026-04-01 11:00:00+00:00,BTC,BUY,6.444101516770388,0.0064441015167703885,0.15,S3_TREND
2026-04-01 11:00:00+00:00,ETH,BUY,19.702795141110983,0.019702795141110983,0.15,S3_TREND
2026-04-01 11:00:00+00:00,SOL,SELL,4.236472694077747,0.004236472694077747,0.15,S3_TREND
2026-04-01 12:00:00+00:00,BTC,SELL,20.213921270902574,0.020213921270902574,0.15,S3_TREND
2026-04-01 12:00:00+00:00,ETH,SELL,11.538143710651639,0.011538143710651639,0.15,S3_TREND
2026-04-01 12:00:00+00:00,SOL,BUY,6.797503202615189,0.006797503202615189,0.15,S3_TREND
2026-04-01 13:00:00+00:00,BTC,BUY,44.30245516467221,0.04430245516467221,0.15,S3_TREND
2026-04-01 13:00:00+00:00,ETH,BUY,7.312821146126225,0.0073128211461262254,0.15,S3_TREND
2026-04-01 13:00:00+00:00,SOL,BUY,34.330717666593046,0.03433071766659305,0.15,S3_TREND
2026-04-01 14:00:00+00:00,BTC,BUY,28.403791568674933,0.028403791568674935,0.15,S3_TREND
2026-04-01 14:00:00+00:00,ETH,BUY,48.2605728065555,0.048260572806555505,0.15,S3_TREND
2026-04-01 14:00:00+00:00,SOL,BUY,35.955032272906465,0.035955032272906466,0.15,S3_TREND
2026-04-01 15:00:00+00:00,BTC,SELL,59.63750254804654,0.05963750254804654,0.15,S3_TREND
2026-04-01 15:00:00+00:00,ETH,SELL,9.498431560848985,0.009498431560848985,0.15,S3_TREND
2026-04-01 15:00:00+00:00,SOL,SELL,14671.843645923262,14.671843645923262,0.0,CASH
2026-04-01 16:00:00+00:00,BTC,SELL,52.489746870423915,0.05248974687042392,0.15,S3_TREND
2026-04-01 16:00:00+00:00,ETH,SELL,39.7630380202736,0.039763038020273596,0.15,S3_TREND
2026-04-01 17:00:00+00:00,BTC,BUY,29.73312876070304,0.02973312876070304,0.15,S3_TREND
2026-04-01 17:00:00+00:00,ETH,SELL,67.55789351963722,0.06755789351963722,0.15,S3_TREND
2026-04-01 18:00:00+00:00,BTC,BUY,90.11338403794798,0.09011338403794798,0.15,S3_TREND
2026-04-01 18:00:00+00:00,ETH,BUY,33.92223747688149,0.033922237476881494,0.15,S3_TREND
2026-04-01 19:00:00+00:00,BTC,BUY,24.836525957873164,0.024836525957873164,0.15,S3_TREND
2026-04-01 19:00:00+00:00,ETH,BUY,40.43935849103764,0.040439358491037636,0.15,S3_TREND
2026-04-01 20:00:00+00:00,BTC,SELL,4.236511724444426,0.004236511724444426,0.15,S3_TREND
2026-04-01 20:00:00+00:00,ETH,SELL,68.0134642885896,0.0680134642885896,0.15,S3_TREND
2026-04-01 21:00:00+00:00,ETH,SELL,13.969025822778349,0.013969025822778348,0.15,S3_TREND
2026-04-01 22:00:00+00:00,BTC,SELL,17.99733032968834,0.017997330329688338,0.15,S3_TREND
2026-04-01 22:00:00+00:00,ETH,SELL,69.51657446885656,0.06951657446885656,0.15,S3_TREND
2026-04-01 23:00:00+00:00,BTC,BUY,26.29380466602015,0.026293804666020153,0.15,S3_TREND
2026-04-01 23:00:00+00:00,ETH,BUY,89.76555687935434,0.08976555687935434,0.15,S3_TREND
2026-04-02 00:00:00+00:00,BTC,BUY,2.031483186307014,0.002031483186307014,0.15,S3_TREND
2026-04-02 00:00:00+00:00,ETH,SELL,2.567537568269472,0.0025675375682694722,0.15,S3_TREND
2026-04-02 01:00:00+00:00,BTC,SELL,72.3701245635275,0.0723701245635275,0.15,S3_TREND
2026-04-02 01:00:00+00:00,ETH,SELL,75.8226144098935,0.0758226144098935,0.15,S3_TREND
2026-04-02 02:00:00+00:00,BTC,BUY,167.6408020883464,0.1676408020883464,0.15,S3_TREND
2026-04-02 02:00:00+00:00,ETH,BUY,283.637588929294,0.283637588929294,0.15,S3_TREND
2026-04-02 03:00:00+00:00,BTC,BUY,65.59369747680284,0.06559369747680284,0.15,S3_TREND
2026-04-02 03:00:00+00:00,ETH,BUY,137.04543989005288,0.13704543989005288,0.15,S3_TREND
2026-04-02 04:00:00+00:00,BTC,BUY,32.503682473407025,0.03250368247340703,0.15,S3_TREND
2026-04-02 04:00:00+00:00,ETH,BUY,95.20997250473374,0.09520997250473374,0.15,S3_TREND
2026-04-02 05:00:00+00:00,BTC,BUY,32.956882840469916,0.032956882840469916,0.15,S3_TREND
2026-04-02 05:00:00+00:00,ETH,BUY,62.199281764409534,0.06219928176440954,0.15,S3_TREND
2026-04-02 06:00:00+00:00,BTC,SELL,42.34421559538532,0.04234421559538532,0.15,S3_TREND
2026-04-02 06:00:00+00:00,ETH,SELL,25.315928127591178,0.02531592812759118,0.15,S3_TREND
2026-04-02 07:00:00+00:00,BTC,SELL,16.71486320423537,0.01671486320423537,0.15,S3_TREND
2026-04-02 07:00:00+00:00,ETH,BUY,3.6337904786141735,0.0036337904786141735,0.15,S3_TREND
2026-04-02 07:00:00+00:00,SOL,BUY,14443.13635730502,14.44313635730502,0.15,S6_S8_REVERSAL
2026-04-02 08:00:00+00:00,BTC,SELL,27.766048771543865,0.027766048771543865,0.15,S3_TREND
2026-04-02 08:00:00+00:00,ETH,SELL,16.036511182264803,0.016036511182264804,0.15,S3_TREND
2026-04-02 08:00:00+00:00,SOL,SELL,66.85309162481644,0.06685309162481644,0.15,S6_S8_REVERSAL
2026-04-02 09:00:00+00:00,BTC,BUY,65.8252227650919,0.0658252227650919,0.15,S3_TREND
2026-04-02 09:00:00+00:00,ETH,BUY,28.42939869808106,0.02842939869808106,0.15,S3_TREND
2026-04-02 09:00:00+00:00,SOL,BUY,54.010052141218694,0.05401005214121869,0.15,S6_S8_REVERSAL
2026-04-02 10:00:00+00:00,BTC,SELL,3.9782095977043355,0.003978209597704336,0.15,S3_TREND
2026-04-02 10:00:00+00:00,ETH,BUY,18.859077462248024,0.018859077462248023,0.15,S3_TREND
2026-04-02 10:00:00+00:00,SOL,SELL,24.71382300447658,0.02471382300447658,0.15,S6_S8_REVERSAL
2026-04-02 11:00:00+00:00,BTC,SELL,13.344734996579064,0.013344734996579065,0.15,S3_TREND
2026-04-02 11:00:00+00:00,ETH,BUY,20.69471300024452,0.02069471300024452,0.15,S3_TREND
2026-04-02 11:00:00+00:00,SOL,BUY,51.34097323030073,0.051340973230300735,0.15,S6_S8_REVERSAL
2026-04-02 12:00:00+00:00,BTC,BUY,21.658902234823472,0.021658902234823474,0.15,S3_TREND
2026-04-02 12:00:00+00:00,ETH,BUY,11.118273139187295,0.011118273139187295,0.15,S3_TREND
2026-04-02 12:00:00+00:00,SOL,BUY,76.21989015673898,0.07621989015673898,0.15,S6_S8_REVERSAL
2026-04-02 13:00:00+00:00,BTC,BUY,14.59669523840057,0.014596695238400572,0.15,S3_TREND
2026-04-02 13:00:00+00:00,ETH,BUY,20.932995987246613,0.020932995987246614,0.15,S3_TREND
2026-04-02 13:00:00+00:00,SOL,BUY,44.31818984374695,0.04431818984374695,0.15,S6_S8_REVERSAL
2026-04-02 14:00:00+00:00,BTC,SELL,33.84268848940701,0.03384268848940701,0.15,S3_TREND
2026-04-02 14:00:00+00:00,ETH,SELL,70.23311637457482,0.07023311637457483,0.15,S3_TREND
2026-04-02 14:00:00+00:00,SOL,SELL,14323.435545284265,14.323435545284266,0.0,CASH
2026-04-02 15:00:00+00:00,BTC,SELL,85.85616230940832,0.08585616230940832,0.15,S3_TREND
2026-04-02 15:00:00+00:00,ETH,SELL,132.64005083122902,0.132640050831229,0.15,S3_TREND
2026-04-02 16:00:00+00:00,BTC,SELL,1.669028060769051,0.0016690280607690512,0.15,S3_TREND
2026-04-02 16:00:00+00:00,ETH,BUY,24.597738402242612,0.02459773840224261,0.15,S3_TREND
2026-04-02 17:00:00+00:00,BTC,SELL,40.61764427423623,0.040617644274236225,0.15,S3_TREND
2026-04-02 17:00:00+00:00,ETH,SELL,14.337987240654911,0.014337987240654911,0.15,S3_TREND
2026-04-02 18:00:00+00:00,BTC,BUY,59.26776546063775,0.05926776546063775,0.15,S3_TREND
2026-04-02 18:00:00+00:00,ETH,BUY,82.245814315791,0.08224581431579099,0.15,S3_TREND
2026-04-02 19:00:00+00:00,BTC,SELL,43.881568814487764,0.043881568814487765,0.15,S3_TREND
2026-04-02 19:00:00+00:00,ETH,SELL,56.627522988363125,0.05662752298836313,0.15,S3_TREND
2026-04-02 20:00:00+00:00,BTC,BUY,8.457587765828066,0.008457587765828067,0.15,S3_TREND
2026-04-02 20:00:00+00:00,ETH,SELL,42.009297873606556,0.042009297873606556,0.15,S3_TREND
2026-04-02 21:00:00+00:00,BTC,BUY,9.706985242739393,0.009706985242739392,0.15,S3_TREND
2026-04-02 21:00:00+00:00,ETH,SELL,18.116084226998282,0.018116084226998282,0.15,S3_TREND
2026-04-02 22:00:00+00:00,BTC,SELL,4.849668995486354,0.0048496689954863545,0.15,S3_TREND
2026-04-02 22:00:00+00:00,ETH,BUY,30.783044402762243,0.030783044402762243,0.15,S3_TREND
2026-04-02 23:00:00+00:00,BTC,SELL,11.622700594578419,0.01162270059457842,0.15,S3_TREND
2026-04-02 23:00:00+00:00,ETH,BUY,19.029162580622142,0.019029162580622143,0.15,S3_TREND
2026-04-03 00:00:00+00:00,BTC,BUY,11.72205568327081,0.01172205568327081,0.15,S3_TREND
2026-04-03 00:00:00+00:00,ETH,BUY,14.413967483344095,0.014413967483344095,0.15,S3_TREND
2026-04-03 01:00:00+00:00,BTC,BUY,16.880424316121207,0.016880424316121207,0.15,S3_TREND
2026-04-03 01:00:00+00:00,ETH,BUY,21.08070996974493,0.02108070996974493,0.15,S3_TREND
2026-04-03 02:00:00+00:00,BTC,BUY,26.047315365573013,0.026047315365573014,0.15,S3_TREND
2026-04-03 02:00:00+00:00,ETH,BUY,9.266921847005506,0.009266921847005507,0.15,S3_TREND
2026-04-03 03:00:00+00:00,BTC,BUY,19.62379526275072,0.01962379526275072,0.15,S3_TREND
2026-04-03 03:00:00+00:00,ETH,SELL,14.225586422930064,0.014225586422930064,0.15,S3_TREND
2026-04-03 04:00:00+00:00,BTC,SELL,6.654642453067936,0.006654642453067936,0.15,S3_TREND
2026-04-03 04:00:00+00:00,ETH,SELL,8.941840671895989,0.008941840671895988,0.15,S3_TREND
2026-04-03 05:00:00+00:00,BTC,SELL,7205.347817450826,7.205347817450827,0.075,S6_REVERSAL
2026-04-03 05:00:00+00:00,ETH,SELL,1.053906936373096,0.0010539069363730959,0.15,S3_TREND
2026-04-03 06:00:00+00:00,BTC,BUY,1.0585838164715824,0.0010585838164715825,0.075,S6_REVERSAL
2026-04-03 06:00:00+00:00,ETH,SELL,16.611541168313124,0.016611541168313124,0.15,S3_TREND
2026-04-03 07:00:00+00:00,BTC,SELL,16.217855367553966,0.016217855367553966,0.075,S6_REVERSAL
2026-04-03 07:00:00+00:00,ETH,SELL,35.74182127914719,0.03574182127914719,0.15,S3_TREND
2026-04-03 08:00:00+00:00,BTC,SELL,23.342460465511977,0.02334246046551198,0.075,S6_REVERSAL
2026-04-03 08:00:00+00:00,ETH,SELL,7219.427696185996,7.2194276961859964,0.075,S6_REVERSAL
2026-04-03 09:00:00+00:00,BTC,BUY,5.811435915811671,0.0058114359158116715,0.075,S6_REVERSAL
2026-04-03 09:00:00+00:00,ETH,BUY,14.561212914411044,0.014561212914411044,0.075,S6_REVERSAL
2026-04-03 10:00:00+00:00,BTC,BUY,10.633120376743136,0.010633120376743136,0.075,S6_REVERSAL
2026-04-03 10:00:00+00:00,ETH,SELL,2.0850464968561937,0.002085046496856194,0.075,S6_REVERSAL
2026-04-03 11:00:00+00:00,BTC,SELL,2.7227941385881422,0.0027227941385881424,0.075,S6_REVERSAL
2026-04-03 11:00:00+00:00,ETH,BUY,4.846291281365666,0.004846291281365666,0.075,S6_REVERSAL
2026-04-03 12:00:00+00:00,BTC,SELL,12.67446917558209,0.01267446917558209,0.075,S6_REVERSAL
2026-04-03 12:00:00+00:00,ETH,SELL,7.75003400282003,0.00775003400282003,0.075,S6_REVERSAL
2026-04-03 13:00:00+00:00,BTC,BUY,26.025139337323708,0.02602513933732371,0.075,S6_REVERSAL
2026-04-03 13:00:00+00:00,ETH,BUY,38.96449648571706,0.038964496485717065,0.075,S6_REVERSAL
2026-04-03 14:00:00+00:00,BTC,BUY,4.562356343132706,0.0045623563431327055,0.075,S6_REVERSAL
2026-04-03 14:00:00+00:00,ETH,BUY,5.049634198102467,0.0050496341981024675,0.075,S6_REVERSAL
2026-04-03 15:00:00+00:00,BTC,SELL,24.068859113500366,0.024068859113500367,0.075,S6_REVERSAL
2026-04-03 15:00:00+00:00,ETH,SELL,18.794373984531376,0.018794373984531376,0.075,S6_REVERSAL
2026-04-03 16:00:00+00:00,BTC,BUY,9.34385076772287,0.00934385076772287,0.075,S6_REVERSAL
2026-04-03 16:00:00+00:00,ETH,BUY,9.971244911283975,0.009971244911283976,0.075,S6_REVERSAL
2026-04-03 17:00:00+00:00,BTC,SELL,17.374043512284516,0.017374043512284516,0.075,S6_REVERSAL
2026-04-03 17:00:00+00:00,ETH,SELL,9.695077217274957,0.009695077217274957,0.075,S6_REVERSAL
2026-04-03 18:00:00+00:00,BTC,BUY,14.320538124365157,0.014320538124365158,0.075,S6_REVERSAL
2026-04-03 18:00:00+00:00,ETH,BUY,12.824729903177285,0.012824729903177286,0.075,S6_REVERSAL
2026-04-03 19:00:00+00:00,BTC,BUY,3.990277532602704,0.003990277532602704,0.075,S6_REVERSAL
2026-04-03 19:00:00+00:00,ETH,BUY,3.225943649018518,0.003225943649018518,0.075,S6_REVERSAL
2026-04-03 20:00:00+00:00,BTC,SELL,6.445626300809636,0.006445626300809636,0.075,S6_REVERSAL
2026-04-03 20:00:00+00:00,ETH,SELL,10.557714429647604,0.010557714429647603,0.075,S6_REVERSAL
2026-04-03 21:00:00+00:00,BTC,BUY,5.3714203633044235,0.005371420363304424,0.075,S6_REVERSAL
2026-04-03 22:00:00+00:00,BTC,SELL,11.697203341284876,0.011697203341284877,0.075,S6_REVERSAL
2026-04-03 22:00:00+00:00,ETH,SELL,17.938891881325617,0.01793889188132562,0.075,S6_REVERSAL
2026-04-03 23:00:00+00:00,BTC,BUY,5.773565180859805,0.005773565180859805,0.075,S6_REVERSAL
2026-04-03 23:00:00+00:00,ETH,BUY,20.797227787170414,0.020797227787170414,0.075,S6_REVERSAL
2026-04-04 00:00:00+00:00,BTC,SELL,6.992967122395385,0.006992967122395385,0.075,S6_REVERSAL
2026-04-04 00:00:00+00:00,ETH,SELL,5.985615343500285,0.005985615343500285,0.075,S6_REVERSAL
2026-04-04 01:00:00+00:00,BTC,BUY,6.642327548596768,0.006642327548596768,0.075,S6_REVERSAL
2026-04-04 01:00:00+00:00,ETH,BUY,4.522294005299955,0.0045222940052999545,0.075,S6_REVERSAL
2026-04-04 02:00:00+00:00,BTC,BUY,3.8632719249617367,0.0038632719249617367,0.075,S6_REVERSAL
2026-04-04 02:00:00+00:00,ETH,BUY,2.8797683365946796,0.0028797683365946796,0.075,S6_REVERSAL
2026-04-04 03:00:00+00:00,ETH,BUY,3.645279404739995,0.003645279404739995,0.075,S6_REVERSAL
2026-04-04 04:00:00+00:00,BTC,BUY,1.653617475266401,0.0016536174752664011,0.075,S6_REVERSAL
2026-04-04 05:00:00+00:00,BTC,SELL,2.5410941887821537,0.002541094188782154,0.075,S6_REVERSAL
2026-04-04 05:00:00+00:00,ETH,SELL,3.382415004766699,0.003382415004766699,0.075,S6_REVERSAL
2026-04-04 06:00:00+00:00,BTC,SELL,4.85967209393948,0.00485967209393948,0.075,S6_REVERSAL
2026-04-04 06:00:00+00:00,ETH,SELL,7.9336150550998354,0.007933615055099836,0.075,S6_REVERSAL
2026-04-04 07:00:00+00:00,BTC,SELL,8.955240101659001,0.008955240101659002,0.075,S6_REVERSAL
2026-04-04 07:00:00+00:00,ETH,SELL,7.883103673264486,0.007883103673264487,0.075,S6_REVERSAL
2026-04-04 08:00:00+00:00,ETH,BUY,8.570860331666154,0.008570860331666154,0.075,S6_REVERSAL
2026-04-04 09:00:00+00:00,BTC,BUY,5.736016165554247,0.005736016165554247,0.075,S6_REVERSAL
2026-04-04 09:00:00+00:00,ETH,BUY,9.943264158254351,0.00994326415825435,0.075,S6_REVERSAL
2026-04-04 10:00:00+00:00,BTC,SELL,4.823031057551816,0.004823031057551816,0.075,S6_REVERSAL
2026-04-04 11:00:00+00:00,BTC,SELL,16.778991578454225,0.016778991578454226,0.075,S6_REVERSAL
2026-04-04 11:00:00+00:00,ETH,SELL,10.35814948094685,0.01035814948094685,0.075,S6_REVERSAL
2026-04-04 12:00:00+00:00,ETH,BUY,7.965765845352507,0.007965765845352508,0.075,S6_REVERSAL
2026-04-04 13:00:00+00:00,BTC,BUY,5.761703691756338,0.005761703691756338,0.075,S6_REVERSAL
2026-04-04 13:00:00+00:00,ETH,BUY,5.0150297048421635,0.005015029704842164,0.075,S6_REVERSAL
2026-04-04 14:00:00+00:00,BTC,SELL,8.591878721417743,0.008591878721417742,0.075,S6_REVERSAL
2026-04-04 14:00:00+00:00,ETH,SELL,10.383075525376626,0.010383075525376626,0.075,S6_REVERSAL
2026-04-04 15:00:00+00:00,BTC,SELL,2.2899088765761917,0.0022899088765761916,0.075,S6_REVERSAL
2026-04-04 15:00:00+00:00,ETH,BUY,1.7322913146090286,0.0017322913146090287,0.075,S6_REVERSAL
2026-04-04 16:00:00+00:00,BTC,SELL,7226.020271064106,7.226020271064106,0.0,CASH
2026-04-04 16:00:00+00:00,ETH,SELL,9.005138768812685,0.009005138768812685,0.075,S6_REVERSAL
2026-04-04 17:00:00+00:00,ETH,BUY,1.2088146416062955,0.0012088146416062955,0.075,S6_REVERSAL
2026-04-04 18:00:00+00:00,ETH,SELL,3.9901543123351075,0.0039901543123351075,0.075,S6_REVERSAL
2026-04-04 18:00:00+00:00,SOL,BUY,14419.584849487655,14.419584849487656,0.15,S3_TREND
2026-04-04 19:00:00+00:00,ETH,BUY,3.6487130056711976,0.0036487130056711975,0.075,S6_REVERSAL
2026-04-04 19:00:00+00:00,SOL,BUY,10.504606957107171,0.010504606957107171,0.15,S3_TREND
2026-04-04 20:00:00+00:00,ETH,SELL,30.744354410835513,0.030744354410835513,0.075,S6_REVERSAL
2026-04-04 20:00:00+00:00,SOL,BUY,1.9954877027157636,0.001995487702715764,0.15,S3_TREND
2026-04-04 21:00:00+00:00,ETH,BUY,5.364422183587521,0.005364422183587522,0.075,S6_REVERSAL
2026-04-04 21:00:00+00:00,SOL,BUY,8.089389570990534,0.008089389570990533,0.15,S3_TREND
2026-04-04 22:00:00+00:00,BTC,BUY,14423.648466143757,14.423648466143758,0.15,S3_TREND
2026-04-04 22:00:00+00:00,ETH,SELL,17.78523466054321,0.01778523466054321,0.075,S6_REVERSAL
2026-04-04 22:00:00+00:00,SOL,SELL,16.552305049530332,0.01655230504953033,0.15,S3_TREND
2026-04-04 23:00:00+00:00,BTC,SELL,7.54831983058466,0.0075483198305846605,0.15,S3_TREND
2026-04-04 23:00:00+00:00,ETH,SELL,7212.870011029536,7.212870011029536,0.0,CASH
2026-04-04 23:00:00+00:00,SOL,SELL,11.308879072819764,0.011308879072819763,0.15,S3_TREND
2026-04-05 00:00:00+00:00,BTC,BUY,12.740001521720842,0.012740001521720843,0.15,S3_TREND
2026-04-05 00:00:00+00:00,SOL,BUY,19.940781465493274,0.019940781465493274,0.15,S3_TREND
2026-04-05 01:00:00+00:00,BTC,BUY,9.982358583367386,0.009982358583367386,0.15,S3_TREND
2026-04-05 01:00:00+00:00,ETH,BUY,14410.089389275972,14.410089389275972,0.15,S3_TREND
2026-04-05 01:00:00+00:00,SOL,BUY,18.793133341378052,0.01879313334137805,0.15,S3_TREND
2026-04-05 02:00:00+00:00,BTC,BUY,13.027604309783783,0.013027604309783784,0.15,S3_TREND
2026-04-05 02:00:00+00:00,ETH,BUY,16.07129784738754,0.01607129784738754,0.15,S3_TREND
2026-04-05 02:00:00+00:00,SOL,BUY,18.730486153668608,0.018730486153668607,0.15,S3_TREND
2026-04-05 03:00:00+00:00,BTC,SELL,10.512725498261716,0.010512725498261715,0.15,S3_TREND
2026-04-05 03:00:00+00:00,ETH,SELL,9.65920945003927,0.00965920945003927,0.15,S3_TREND
2026-04-05 03:00:00+00:00,SOL,SELL,8.331148690582268,0.008331148690582268,0.15,S3_TREND
2026-04-05 04:00:00+00:00,ETH,BUY,17.280519166664817,0.01728051916666482,0.15,S3_TREND
2026-04-05 04:00:00+00:00,SOL,BUY,1.9166145381313981,0.0019166145381313982,0.15,S3_TREND
2026-04-05 05:00:00+00:00,ETH,BUY,1.4793392642259278,0.001479339264225928,0.15,S3_TREND
2026-04-05 05:00:00+00:00,SOL,BUY,30.43763762719209,0.03043763762719209,0.15,S3_TREND
2026-04-05 06:00:00+00:00,BTC,BUY,23.859984696766332,0.023859984696766333,0.15,S3_TREND
2026-04-05 06:00:00+00:00,ETH,BUY,32.755967032437184,0.03275596703243718,0.15,S3_TREND
2026-04-05 06:00:00+00:00,SOL,SELL,7.7931940676626255,0.007793194067662625,0.15,S3_TREND
2026-04-05 07:00:00+00:00,BTC,SELL,6.269940907675846,0.006269940907675846,0.15,S3_TREND
2026-04-05 07:00:00+00:00,ETH,BUY,38.06678089049092,0.03806678089049092,0.15,S3_TREND
2026-04-05 07:00:00+00:00,SOL,BUY,93.02825690571262,0.09302825690571262,0.15,S3_TREND
2026-04-05 08:00:00+00:00,BTC,SELL,4.464734744246016,0.004464734744246016,0.15,S3_TREND
2026-04-05 08:00:00+00:00,ETH,BUY,6.730967335994137,0.006730967335994137,0.15,S3_TREND
2026-04-05 09:00:00+00:00,BTC,SELL,17.73355796490796,0.01773355796490796,0.15,S3_TREND
2026-04-05 09:00:00+00:00,ETH,SELL,6.815607813419774,0.006815607813419775,0.15,S3_TREND
2026-04-05 10:00:00+00:00,BTC,SELL,7.3754295218896,0.0073754295218896,0.15,S3_TREND
2026-04-05 10:00:00+00:00,ETH,SELL,14382.29402992361,14.38229402992361,0.0,CASH
2026-04-05 10:00:00+00:00,SOL,SELL,22.85963972879472,0.02285963972879472,0.15,S3_TREND
2026-04-05 11:00:00+00:00,BTC,SELL,3.8694729770431877,0.0038694729770431878,0.15,S3_TREND
2026-04-05 11:00:00+00:00,SOL,SELL,3.341913287405987,0.003341913287405987,0.15,S3_TREND
2026-04-05 12:00:00+00:00,BTC,BUY,10.446440292844272,0.010446440292844273,0.15,S3_TREND
2026-04-05 12:00:00+00:00,ETH,BUY,7179.371949836973,7.179371949836973,0.075,S6_REVERSAL
2026-04-05 12:00:00+00:00,SOL,SELL,12.21196689383578,0.012211966893835781,0.15,S3_TREND
2026-04-05 13:00:00+00:00,BTC,BUY,6.550030467979013,0.006550030467979013,0.15,S3_TREND
2026-04-05 13:00:00+00:00,ETH,BUY,29.19707458499397,0.02919707458499397,0.075,S6_REVERSAL
2026-04-05 13:00:00+00:00,SOL,BUY,122.10484588669351,0.12210484588669351,0.15,S3_TREND
2026-04-05 14:00:00+00:00,BTC,SELL,9.734126576640847,0.009734126576640847,0.15,S3_TREND
2026-04-05 14:00:00+00:00,ETH,SELL,22.539722037156935,0.022539722037156935,0.075,S6_REVERSAL
2026-04-05 14:00:00+00:00,SOL,SELL,23.014949248079574,0.023014949248079574,0.15,S3_TREND
2026-04-05 15:00:00+00:00,BTC,SELL,1.8327873190428363,0.0018327873190428364,0.15,S3_TREND
2026-04-05 15:00:00+00:00,ETH,SELL,4.5331396536339525,0.004533139653633953,0.075,S6_REVERSAL
2026-04-05 15:00:00+00:00,SOL,SELL,10.452220045286595,0.010452220045286596,0.15,S3_TREND
2026-04-05 16:00:00+00:00,BTC,SELL,54.532855480447324,0.054532855480447326,0.15,S3_TREND
2026-04-05 16:00:00+00:00,ETH,SELL,39.65009469582401,0.03965009469582401,0.075,S6_REVERSAL
2026-04-05 16:00:00+00:00,SOL,SELL,25.51853151438991,0.02551853151438991,0.15,S3_TREND
2026-04-05 17:00:00+00:00,BTC,BUY,12.901617223546054,0.012901617223546056,0.15,S3_TREND
2026-04-05 17:00:00+00:00,ETH,BUY,2.360533617787951,0.0023605336177879507,0.075,S6_REVERSAL
2026-04-05 17:00:00+00:00,SOL,BUY,14.489532876505109,0.01448953287650511,0.15,S3_TREND
2026-04-05 18:00:00+00:00,BTC,SELL,12.40943592032454,0.01240943592032454,0.15,S3_TREND
2026-04-05 18:00:00+00:00,ETH,SELL,25.352126876175134,0.025352126876175135,0.075,S6_REVERSAL
2026-04-05 18:00:00+00:00,SOL,SELL,53.89215430726472,0.05389215430726472,0.15,S3_TREND
2026-04-05 19:00:00+00:00,BTC,SELL,5.170687880337937,0.005170687880337937,0.15,S3_TREND
2026-04-05 19:00:00+00:00,SOL,SELL,9.203148384722226,0.009203148384722226,0.15,S3_TREND
2026-04-05 20:00:00+00:00,BTC,BUY,5.741292132719536,0.005741292132719536,0.15,S3_TREND
2026-04-05 20:00:00+00:00,SOL,BUY,17.86694396914936,0.01786694396914936,0.15,S3_TREND
2026-04-05 21:00:00+00:00,BTC,SELL,41.62468760991942,0.04162468760991942,0.15,S3_TREND
2026-04-05 21:00:00+00:00,ETH,SELL,12.310939045917621,0.012310939045917622,0.075,S6_REVERSAL
2026-04-05 21:00:00+00:00,SOL,SELL,37.59398490442436,0.03759398490442436,0.15,S3_TREND
2026-04-05 22:00:00+00:00,BTC,BUY,3.0072612370695424,0.0030072612370695426,0.15,S3_TREND
2026-04-05 22:00:00+00:00,ETH,BUY,21.27712030279781,0.02127712030279781,0.075,S6_REVERSAL
2026-04-05 22:00:00+00:00,SOL,BUY,56.12665321710119,0.0561266532171012,0.15,S3_TREND
2026-04-05 23:00:00+00:00,BTC,SELL,105.83518627976082,0.10583518627976082,0.15,S3_TREND
2026-04-05 23:00:00+00:00,ETH,SELL,59.31228372743499,0.05931228372743499,0.075,S6_REVERSAL
2026-04-05 23:00:00+00:00,SOL,SELL,90.21749564808306,0.09021749564808305,0.15,S3_TREND
2026-04-06 00:00:00+00:00,BTC,SELL,77.13080853655993,0.07713080853655993,0.15,S3_TREND
2026-04-06 00:00:00+00:00,ETH,SELL,7305.2350808767105,7.30523508087671,0.0,CASH
2026-04-06 00:00:00+00:00,SOL,SELL,164.8806689477951,0.1648806689477951,0.15,S3_TREND
2026-04-06 01:00:00+00:00,BTC,BUY,1.6994558921869611,0.0016994558921869611,0.15,S3_TREND
2026-04-06 01:00:00+00:00,ETH,BUY,14523.624004377925,14.523624004377925,0.15,S3_TREND
2026-04-06 01:00:00+00:00,SOL,SELL,65.84331472620579,0.06584331472620579,0.15,S3_TREND
2026-04-06 02:00:00+00:00,BTC,BUY,22.962359115434083,0.022962359115434084,0.15,S3_TREND
2026-04-06 02:00:00+00:00,ETH,BUY,12.595966645971203,0.012595966645971202,0.15,S3_TREND
2026-04-06 02:00:00+00:00,SOL,BUY,76.57535977925909,0.07657535977925908,0.15,S3_TREND
2026-04-06 03:00:00+00:00,BTC,SELL,33.34284076164113,0.03334284076164113,0.15,S3_TREND
2026-04-06 03:00:00+00:00,ETH,SELL,76.16847345358292,0.07616847345358292,0.15,S3_TREND
2026-04-06 03:00:00+00:00,SOL,SELL,75.49033081914058,0.07549033081914058,0.15,S3_TREND
2026-04-06 04:00:00+00:00,BTC,BUY,2.752460828740368,0.002752460828740368,0.15,S3_TREND
2026-04-06 04:00:00+00:00,ETH,BUY,13.936139157509388,0.013936139157509388,0.15,S3_TREND
2026-04-06 04:00:00+00:00,SOL,BUY,37.97098729026948,0.03797098729026948,0.15,S3_TREND
2026-04-06 05:00:00+00:00,BTC,SELL,4.678950544895997,0.0046789505448959975,0.15,S3_TREND
2026-04-06 05:00:00+00:00,ETH,SELL,12.535605274484624,0.012535605274484624,0.15,S3_TREND
2026-04-06 05:00:00+00:00,SOL,BUY,20.35542577889828,0.02035542577889828,0.15,S3_TREND
2026-04-06 06:00:00+00:00,BTC,SELL,12.428383014954305,0.012428383014954305,0.15,S3_TREND
2026-04-06 06:00:00+00:00,ETH,SELL,1.9176603290325147,0.0019176603290325148,0.15,S3_TREND
2026-04-06 06:00:00+00:00,SOL,BUY,15.592386339130826,0.015592386339130826,0.15,S3_TREND
2026-04-06 07:00:00+00:00,BTC,BUY,25.230307805008124,0.025230307805008123,0.15,S3_TREND
2026-04-06 07:00:00+00:00,ETH,BUY,4.125278586754575,0.004125278586754575,0.15,S3_TREND
2026-04-06 07:00:00+00:00,SOL,BUY,49.43531390522912,0.04943531390522912,0.15,S3_TREND
2026-04-06 08:00:00+00:00,BTC,SELL,8.541376053246495,0.008541376053246496,0.15,S3_TREND
2026-04-06 08:00:00+00:00,ETH,SELL,29.571289216060904,0.029571289216060906,0.15,S3_TREND
2026-04-06 08:00:00+00:00,SOL,SELL,37.98623351764945,0.03798623351764945,0.15,S3_TREND
2026-04-06 09:00:00+00:00,BTC,SELL,11.526878287308136,0.011526878287308136,0.15,S3_TREND
2026-04-06 09:00:00+00:00,ETH,SELL,12.967396914957135,0.012967396914957135,0.15,S3_TREND
2026-04-06 09:00:00+00:00,SOL,SELL,17.078315058570297,0.017078315058570298,0.15,S3_TREND
2026-04-06 10:00:00+00:00,BTC,SELL,64.3431405830379,0.06434314058303789,0.15,S3_TREND
2026-04-06 10:00:00+00:00,ETH,SELL,43.54384486105846,0.04354384486105846,0.15,S3_TREND
2026-04-06 10:00:00+00:00,SOL,SELL,43.74405497389853,0.04374405497389853,0.15,S3_TREND
2026-04-06 11:00:00+00:00,ETH,SELL,6.358768930631413,0.006358768930631413,0.15,S3_TREND
2026-04-06 11:00:00+00:00,SOL,SELL,27.887736584543745,0.027887736584543747,0.15,S3_TREND
2026-04-06 12:00:00+00:00,BTC,BUY,19.853965471040283,0.019853965471040284,0.15,S3_TREND
2026-04-06 12:00:00+00:00,ETH,SELL,1.228248743331278,0.0012282487433312782,0.15,S3_TREND
2026-04-06 12:00:00+00:00,SOL,BUY,29.321528182679685,0.029321528182679687,0.15,S3_TREND
2026-04-06 13:00:00+00:00,BTC,BUY,32.364708921953934,0.032364708921953936,0.15,S3_TREND
2026-04-06 13:00:00+00:00,ETH,BUY,34.197605565370395,0.034197605565370395,0.15,S3_TREND
2026-04-06 13:00:00+00:00,SOL,BUY,5.168541601293327,0.005168541601293327,0.15,S3_TREND
2026-04-06 14:00:00+00:00,BTC,SELL,4.274114702460793,0.0042741147024607925,0.15,S3_TREND
2026-04-06 14:00:00+00:00,ETH,SELL,7.739240341386903,0.007739240341386904,0.15,S3_TREND
2026-04-06 14:00:00+00:00,SOL,SELL,19.66919898086053,0.01966919898086053,0.15,S3_TREND
2026-04-06 15:00:00+00:00,BTC,SELL,35.76697973690352,0.03576697973690352,0.15,S3_TREND
2026-04-06 15:00:00+00:00,ETH,SELL,61.07124938533161,0.061071249385331615,0.15,S3_TREND
2026-04-06 15:00:00+00:00,SOL,BUY,54.04145767582486,0.05404145767582486,0.15,S3_TREND
2026-04-06 16:00:00+00:00,BTC,SELL,46.31300741416089,0.046313007414160896,0.15,S3_TREND
2026-04-06 16:00:00+00:00,ETH,SELL,34.10181671542705,0.03410181671542705,0.15,S3_TREND
2026-04-06 16:00:00+00:00,SOL,BUY,8.844131244522941,0.008844131244522942,0.15,S3_TREND
2026-04-06 17:00:00+00:00,BTC,SELL,12.312804801231323,0.012312804801231323,0.15,S3_TREND
2026-04-06 17:00:00+00:00,ETH,BUY,114.27384982274089,0.11427384982274089,0.15,S3_TREND
2026-04-06 17:00:00+00:00,SOL,BUY,72.88274192315839,0.0728827419231584,0.15,S3_TREND
2026-04-06 18:00:00+00:00,BTC,BUY,35.036498646777545,0.03503649864677755,0.15,S3_TREND
2026-04-06 18:00:00+00:00,ETH,BUY,26.70917764976548,0.026709177649765478,0.15,S3_TREND
2026-04-06 18:00:00+00:00,SOL,SELL,18.875599358036197,0.018875599358036198,0.15,S3_TREND
2026-04-06 19:00:00+00:00,BTC,SELL,39.59329926309874,0.03959329926309874,0.15,S3_TREND
2026-04-06 19:00:00+00:00,ETH,SELL,41.18530759198984,0.04118530759198984,0.15,S3_TREND
2026-04-06 19:00:00+00:00,SOL,SELL,14.875219929286686,0.014875219929286686,0.15,S3_TREND
2026-04-06 20:00:00+00:00,BTC,BUY,26.91336787621185,0.02691336787621185,0.15,S3_TREND
2026-04-06 20:00:00+00:00,SOL,SELL,11.330637695096812,0.011330637695096811,0.15,S3_TREND
2026-04-06 21:00:00+00:00,BTC,SELL,8.314957001406583,0.008314957001406583,0.15,S3_TREND
2026-04-06 21:00:00+00:00,ETH,SELL,21.363877591275013,0.021363877591275015,0.15,S3_TREND
2026-04-06 21:00:00+00:00,SOL,SELL,6.258826719826175,0.006258826719826175,0.15,S3_TREND
2026-04-06 22:00:00+00:00,BTC,BUY,33.637768459702784,0.03363776845970278,0.15,S3_TREND
2026-04-06 22:00:00+00:00,ETH,BUY,29.444832076200328,0.029444832076200328,0.15,S3_TREND
2026-04-06 22:00:00+00:00,SOL,BUY,59.03951189554391,0.05903951189554391,0.15,S3_TREND
2026-04-06 23:00:00+00:00,BTC,BUY,53.48958784953538,0.053489587849535385,0.15,S3_TREND
2026-04-06 23:00:00+00:00,ETH,BUY,140.19865880563339,0.1401986588056334,0.15,S3_TREND
2026-04-06 23:00:00+00:00,SOL,BUY,142.02277724076885,0.14202277724076884,0.15,S3_TREND
2026-04-07 00:00:00+00:00,BTC,SELL,9.63926590160554,0.009639265901605541,0.15,S3_TREND
2026-04-07 00:00:00+00:00,ETH,SELL,12.691321011776381,0.012691321011776382,0.15,S3_TREND
2026-04-07 00:00:00+00:00,SOL,BUY,24.524467036104397,0.0245244670361044,0.15,S3_TREND
2026-04-07 01:00:00+00:00,BTC,BUY,16.292193464527372,0.01629219346452737,0.15,S3_TREND
2026-04-07 01:00:00+00:00,ETH,SELL,37.739037768016715,0.037739037768016716,0.15,S3_TREND
2026-04-07 01:00:00+00:00,SOL,BUY,21.59570156517111,0.021595701565171113,0.15,S3_TREND
2026-04-07 02:00:00+00:00,BTC,BUY,43.249787613800436,0.04324978761380044,0.15,S3_TREND
2026-04-07 02:00:00+00:00,ETH,BUY,54.247216411618865,0.054247216411618865,0.15,S3_TREND
2026-04-07 02:00:00+00:00,SOL,BUY,33.037235112111375,0.033037235112111374,0.15,S3_TREND
2026-04-07 03:00:00+00:00,BTC,SELL,36.08420235877202,0.03608420235877202,0.15,S3_TREND
2026-04-07 03:00:00+00:00,ETH,SELL,28.673324160889024,0.028673324160889024,0.15,S3_TREND
2026-04-07 03:00:00+00:00,SOL,SELL,14.609087417722549,0.014609087417722549,0.15,S3_TREND
2026-04-07 04:00:00+00:00,BTC,SELL,15.320809990744237,0.015320809990744238,0.15,S3_TREND
2026-04-07 04:00:00+00:00,ETH,SELL,3.701888128520295,0.003701888128520295,0.15,S3_TREND
2026-04-07 04:00:00+00:00,SOL,SELL,5.8908419346353185,0.005890841934635319,0.15,S3_TREND
2026-04-07 05:00:00+00:00,BTC,SELL,3.9169431376139983,0.003916943137613998,0.15,S3_TREND
2026-04-07 05:00:00+00:00,ETH,SELL,28.195526762588997,0.028195526762588997,0.15,S3_TREND
2026-04-07 05:00:00+00:00,SOL,SELL,11.595362635744097,0.011595362635744098,0.15,S3_TREND
2026-04-07 06:00:00+00:00,BTC,BUY,15.234630217319136,0.015234630217319136,0.15,S3_TREND
2026-04-07 06:00:00+00:00,ETH,BUY,35.7247637653727,0.0357247637653727,0.15,S3_TREND
2026-04-07 06:00:00+00:00,SOL,BUY,35.92175187891189,0.03592175187891189,0.15,S3_TREND
2026-04-07 07:00:00+00:00,BTC,BUY,15.016321575718393,0.015016321575718394,0.15,S3_TREND
2026-04-07 07:00:00+00:00,ETH,BUY,2.5791252195540437,0.0025791252195540436,0.15,S3_TREND
2026-04-07 07:00:00+00:00,SOL,BUY,4.75056572615722,0.004750565726157219,0.15,S3_TREND
2026-04-07 08:00:00+00:00,BTC,SELL,1.320172557798287,0.001320172557798287,0.15,S3_TREND
2026-04-07 08:00:00+00:00,ETH,BUY,12.078826257706169,0.01207882625770617,0.15,S3_TREND
2026-04-07 08:00:00+00:00,SOL,SELL,49.293698187171685,0.049293698187171685,0.15,S3_TREND
2026-04-07 09:00:00+00:00,BTC,SELL,37.05792793836554,0.037057927938365536,0.15,S3_TREND
2026-04-07 09:00:00+00:00,ETH,SELL,45.63171627016345,0.04563171627016345,0.15,S3_TREND
2026-04-07 09:00:00+00:00,SOL,SELL,22.023220638038765,0.022023220638038767,0.15,S3_TREND
2026-04-07 10:00:00+00:00,BTC,SELL,18.067136293760996,0.018067136293760996,0.15,S3_TREND
2026-04-07 10:00:00+00:00,ETH,SELL,64.97834690960917,0.06497834690960917,0.15,S3_TREND
2026-04-07 10:00:00+00:00,SOL,SELL,14.811854404153564,0.014811854404153564,0.15,S3_TREND
2026-04-07 11:00:00+00:00,BTC,BUY,95.2837199313035,0.0952837199313035,0.15,S3_TREND
2026-04-07 11:00:00+00:00,ETH,BUY,169.28034094076247,0.16928034094076247,0.15,S3_TREND
2026-04-07 11:00:00+00:00,SOL,BUY,86.23060848934801,0.08623060848934802,0.15,S3_TREND
2026-04-07 12:00:00+00:00,BTC,SELL,23.16813376241771,0.02316813376241771,0.15,S3_TREND
2026-04-07 12:00:00+00:00,ETH,SELL,2.300935787801791,0.002300935787801791,0.15,S3_TREND
2026-04-07 12:00:00+00:00,SOL,BUY,26.739820604732813,0.026739820604732813,0.15,S3_TREND
2026-04-07 13:00:00+00:00,BTC,SELL,13.167276085545382,0.013167276085545382,0.15,S3_TREND
2026-04-07 13:00:00+00:00,ETH,BUY,14.432291934892419,0.014432291934892419,0.15,S3_TREND
2026-04-07 13:00:00+00:00,SOL,BUY,11.129531947377473,0.011129531947377473,0.15,S3_TREND
2026-04-07 14:00:00+00:00,BTC,BUY,9.125123585048641,0.00912512358504864,0.15,S3_TREND
2026-04-07 14:00:00+00:00,ETH,BUY,58.19130056940412,0.05819130056940412,0.15,S3_TREND
2026-04-07 14:00:00+00:00,SOL,BUY,22.683813536992602,0.022683813536992604,0.15,S3_TREND
2026-04-07 15:00:00+00:00,BTC,BUY,52.75386256663114,0.05275386256663114,0.15,S3_TREND
2026-04-07 15:00:00+00:00,ETH,BUY,12.923528117469687,0.012923528117469687,0.15,S3_TREND
2026-04-07 15:00:00+00:00,SOL,BUY,27.372311813229317,0.027372311813229317,0.15,S3_TREND
2026-04-07 16:00:00+00:00,BTC,SELL,36.801503702650734,0.036801503702650736,0.15,S3_TREND
2026-04-07 16:00:00+00:00,ETH,SELL,45.44959167388333,0.045449591673883336,0.15,S3_TREND
2026-04-07 16:00:00+00:00,SOL,SELL,21.074238901710487,0.021074238901710486,0.15,S3_TREND
2026-04-07 17:00:00+00:00,BTC,SELL,6.465919679500075,0.006465919679500076,0.15,S3_TREND
2026-04-07 17:00:00+00:00,ETH,SELL,18.831407370649686,0.018831407370649686,0.15,S3_TREND
2026-04-07 17:00:00+00:00,SOL,BUY,1.1072877452479588,0.0011072877452479588,0.15,S3_TREND
2026-04-07 18:00:00+00:00,BTC,SELL,36.64641439845764,0.03664641439845764,0.15,S3_TREND
2026-04-07 18:00:00+00:00,ETH,SELL,44.97636405371304,0.044976364053713046,0.15,S3_TREND
2026-04-07 18:00:00+00:00,SOL,SELL,151.3242010357044,0.1513242010357044,0.15,S3_TREND
2026-04-07 19:00:00+00:00,BTC,BUY,29.571239319056986,0.029571239319056985,0.15,S3_TREND
2026-04-07 19:00:00+00:00,ETH,BUY,64.98990113734362,0.06498990113734363,0.15,S3_TREND
2026-04-07 20:00:00+00:00,BTC,SELL,27.73482873332432,0.02773482873332432,0.15,S3_TREND
2026-04-07 20:00:00+00:00,ETH,SELL,95.12571037825728,0.09512571037825729,0.15,S3_TREND
2026-04-07 20:00:00+00:00,SOL,SELL,214.86095059448056,0.21486095059448057,0.15,S3_TREND
2026-04-07 21:00:00+00:00,BTC,SELL,44.60390315006225,0.044603903150062255,0.15,S3_TREND
2026-04-07 21:00:00+00:00,ETH,BUY,5.495120921046691,0.005495120921046691,0.15,S3_TREND
2026-04-07 21:00:00+00:00,SOL,SELL,34.938641443442975,0.034938641443442976,0.15,S3_TREND
2026-04-07 22:00:00+00:00,BTC,SELL,51.83726854622182,0.051837268546221824,0.15,S3_TREND
2026-04-07 22:00:00+00:00,ETH,SELL,127.07633985755274,0.12707633985755273,0.15,S3_TREND
2026-04-07 22:00:00+00:00,SOL,SELL,98.0667254155469,0.0980667254155469,0.15,S3_TREND
2026-04-07 23:00:00+00:00,BTC,SELL,143.91179224013285,0.14391179224013287,0.15,S3_TREND
2026-04-07 23:00:00+00:00,ETH,SELL,321.19036247630356,0.32119036247630356,0.15,S3_TREND
2026-04-07 23:00:00+00:00,SOL,SELL,221.11443580540984,0.22111443580540985,0.15,S3_TREND
2026-04-08 00:00:00+00:00,BTC,SELL,43.61100100716067,0.043611001007160664,0.15,S3_TREND
2026-04-08 00:00:00+00:00,ETH,SELL,93.53575103631556,0.09353575103631556,0.15,S3_TREND
2026-04-08 00:00:00+00:00,SOL,SELL,14.34346341600576,0.01434346341600576,0.15,S3_TREND
2026-04-08 01:00:00+00:00,BTC,BUY,13.044972595940635,0.013044972595940636,0.15,S3_TREND
2026-04-08 01:00:00+00:00,ETH,SELL,5.11792510478881,0.00511792510478881,0.15,S3_TREND
2026-04-08 01:00:00+00:00,SOL,BUY,105.76531225021245,0.10576531225021245,0.15,S3_TREND
2026-04-08 02:00:00+00:00,BTC,BUY,36.49700878888871,0.03649700878888871,0.15,S3_TREND
2026-04-08 02:00:00+00:00,ETH,BUY,1.7673998172958818,0.0017673998172958818,0.15,S3_TREND
2026-04-08 02:00:00+00:00,SOL,BUY,4.10858463650402,0.00410858463650402,0.15,S3_TREND
2026-04-08 03:00:00+00:00,BTC,BUY,20.76804492829433,0.02076804492829433,0.15,S3_TREND
2026-04-08 03:00:00+00:00,ETH,SELL,23.61836220782061,0.023618362207820612,0.15,S3_TREND
2026-04-08 03:00:00+00:00,SOL,BUY,11.568891497501681,0.011568891497501682,0.15,S3_TREND
2026-04-08 04:00:00+00:00,BTC,BUY,10.015365610885056,0.010015365610885056,0.15,S3_TREND
2026-04-08 04:00:00+00:00,ETH,BUY,11.127985276447362,0.011127985276447361,0.15,S3_TREND
2026-04-08 05:00:00+00:00,BTC,SELL,44.71882372733853,0.044718823727338534,0.15,S3_TREND
2026-04-08 05:00:00+00:00,ETH,SELL,27.046792768282103,0.027046792768282105,0.15,S3_TREND
2026-04-08 05:00:00+00:00,SOL,BUY,24.550838139150073,0.024550838139150075,0.15,S3_TREND
2026-04-08 06:00:00+00:00,BTC,SELL,36.2850817962626,0.0362850817962626,0.15,S3_TREND
2026-04-08 06:00:00+00:00,ETH,SELL,1.930219053530891,0.001930219053530891,0.15,S3_TREND
2026-04-08 06:00:00+00:00,SOL,BUY,46.64751975521722,0.04664751975521722,0.15,S3_TREND
2026-04-08 07:00:00+00:00,BTC,BUY,13.645159651745416,0.013645159651745417,0.15,S3_TREND
2026-04-08 07:00:00+00:00,ETH,SELL,21.0440980143012,0.0210440980143012,0.15,S3_TREND
2026-04-08 07:00:00+00:00,SOL,SELL,43.92675607937599,0.04392675607937599,0.15,S3_TREND
2026-04-08 08:00:00+00:00,BTC,BUY,25.016698423974958,0.02501669842397496,0.15,S3_TREND
2026-04-08 08:00:00+00:00,ETH,SELL,47.694574039969666,0.04769457403996967,0.15,S3_TREND
2026-04-08 08:00:00+00:00,SOL,BUY,10.340801487087447,0.010340801487087447,0.15,S3_TREND
2026-04-08 09:00:00+00:00,BTC,SELL,18.42074133342976,0.01842074133342976,0.15,S3_TREND
2026-04-08 09:00:00+00:00,SOL,SELL,44.083676875116005,0.044083676875116,0.15,S3_TREND
2026-04-08 10:00:00+00:00,BTC,BUY,9.217981489413432,0.009217981489413433,0.15,S3_TREND
2026-04-08 10:00:00+00:00,ETH,BUY,28.79344029690037,0.028793440296900372,0.15,S3_TREND
2026-04-08 10:00:00+00:00,SOL,BUY,19.14054208044945,0.01914054208044945,0.15,S3_TREND
2026-04-08 11:00:00+00:00,BTC,BUY,24.38469123237701,0.02438469123237701,0.15,S3_TREND
2026-04-08 11:00:00+00:00,ETH,BUY,28.288320922623825,0.028288320922623827,0.15,S3_TREND
2026-04-08 11:00:00+00:00,SOL,BUY,10.671589194242188,0.010671589194242189,0.15,S3_TREND
2026-04-08 12:00:00+00:00,BTC,SELL,31.365746870877047,0.031365746870877044,0.15,S3_TREND
2026-04-08 12:00:00+00:00,ETH,SELL,20.511400360153857,0.020511400360153857,0.15,S3_TREND
2026-04-08 12:00:00+00:00,SOL,BUY,16.599654371180804,0.016599654371180803,0.15,S3_TREND
2026-04-08 13:00:00+00:00,BTC,SELL,58.964654427301866,0.058964654427301866,0.15,S3_TREND
2026-04-08 13:00:00+00:00,ETH,SELL,34.01209455231219,0.034012094552312196,0.15,S3_TREND
2026-04-08 13:00:00+00:00,SOL,BUY,8.903168279084639,0.008903168279084639,0.15,S3_TREND
2026-04-08 14:00:00+00:00,BTC,BUY,50.01827457880245,0.05001827457880245,0.15,S3_TREND
2026-04-08 14:00:00+00:00,ETH,BUY,83.22548392490717,0.08322548392490717,0.15,S3_TREND
2026-04-08 14:00:00+00:00,SOL,BUY,38.876681686346274,0.038876681686346275,0.15,S3_TREND
2026-04-08 15:00:00+00:00,BTC,BUY,49.675839549598095,0.049675839549598096,0.15,S3_TREND
2026-04-08 15:00:00+00:00,ETH,BUY,177.51721284721498,0.17751721284721497,0.15,S3_TREND
2026-04-08 15:00:00+00:00,SOL,BUY,109.99960527401345,0.10999960527401345,0.15,S3_TREND
2026-04-08 16:00:00+00:00,BTC,SELL,38.21079040050972,0.038210790400509724,0.15,S3_TREND
2026-04-08 16:00:00+00:00,ETH,SELL,91.12586361932335,0.09112586361932336,0.15,S3_TREND
2026-04-08 16:00:00+00:00,SOL,SELL,32.15330441015976,0.03215330441015976,0.15,S3_TREND
2026-04-08 17:00:00+00:00,BTC,SELL,41.716726222035504,0.041716726222035504,0.15,S3_TREND
2026-04-08 17:00:00+00:00,ETH,SELL,16.837117871700684,0.016837117871700686,0.15,S3_TREND
2026-04-08 17:00:00+00:00,SOL,SELL,9.688536772115185,0.009688536772115185,0.15,S3_TREND
2026-04-08 18:00:00+00:00,BTC,SELL,26.031906273476125,0.026031906273476124,0.15,S3_TREND
2026-04-08 18:00:00+00:00,ETH,SELL,40.80862277943379,0.04080862277943379,0.15,S3_TREND
2026-04-08 18:00:00+00:00,SOL,SELL,53.638102074850394,0.0536381020748504,0.15,S3_TREND
2026-04-08 19:00:00+00:00,BTC,BUY,79.73516496335105,0.07973516496335105,0.15,S3_TREND
2026-04-08 19:00:00+00:00,ETH,BUY,119.35599048838776,0.11935599048838777,0.15,S3_TREND
2026-04-08 19:00:00+00:00,SOL,BUY,102.38439848959752,0.10238439848959752,0.15,S3_TREND
2026-04-08 20:00:00+00:00,BTC,SELL,21.923243127554088,0.021923243127554087,0.15,S3_TREND
2026-04-08 20:00:00+00:00,ETH,SELL,40.96348150644917,0.04096348150644917,0.15,S3_TREND
2026-04-08 20:00:00+00:00,SOL,SELL,22.76382440920133,0.02276382440920133,0.15,S3_TREND
2026-04-08 21:00:00+00:00,BTC,SELL,8.657236760729575,0.008657236760729575,0.15,S3_TREND
2026-04-08 21:00:00+00:00,ETH,BUY,10.69237582479036,0.010692375824790361,0.15,S3_TREND
2026-04-08 21:00:00+00:00,SOL,SELL,11.56800850923537,0.01156800850923537,0.15,S3_TREND
2026-04-08 22:00:00+00:00,BTC,SELL,23.102304521475162,0.023102304521475162,0.15,S3_TREND
2026-04-08 22:00:00+00:00,ETH,SELL,17.80730617228619,0.01780730617228619,0.15,S3_TREND
2026-04-08 22:00:00+00:00,SOL,SELL,9.28561478550364,0.00928561478550364,0.15,S3_TREND
2026-04-08 23:00:00+00:00,BTC,BUY,40.09623179350456,0.04009623179350456,0.15,S3_TREND
2026-04-08 23:00:00+00:00,ETH,BUY,104.06633161823629,0.1040663316182363,0.15,S3_TREND
2026-04-08 23:00:00+00:00,SOL,BUY,75.91381203708625,0.07591381203708625,0.15,S3_TREND
2026-04-09 00:00:00+00:00,BTC,SELL,2.648674413716435,0.002648674413716435,0.15,S3_TREND
2026-04-09 00:00:00+00:00,ETH,SELL,2.535848118670401,0.002535848118670401,0.15,S3_TREND
2026-04-09 00:00:00+00:00,SOL,BUY,10.824934570124242,0.010824934570124243,0.15,S3_TREND
2026-04-09 01:00:00+00:00,BTC,BUY,28.293061155900432,0.028293061155900433,0.15,S3_TREND
2026-04-09 01:00:00+00:00,ETH,BUY,22.466703003794464,0.022466703003794466,0.15,S3_TREND
2026-04-09 01:00:00+00:00,SOL,BUY,37.96115737092987,0.037961157370929866,0.15,S3_TREND
2026-04-09 02:00:00+00:00,BTC,SELL,23.780350746255863,0.023780350746255865,0.15,S3_TREND
2026-04-09 02:00:00+00:00,ETH,BUY,28.83188794421949,0.028831887944219488,0.15,S3_TREND
2026-04-09 02:00:00+00:00,SOL,SELL,3.899693245406524,0.003899693245406524,0.15,S3_TREND
2026-04-09 03:00:00+00:00,BTC,SELL,23.022894007917785,0.023022894007917787,0.15,S3_TREND
2026-04-09 03:00:00+00:00,ETH,SELL,16.058095206914004,0.016058095206914005,0.15,S3_TREND
2026-04-09 03:00:00+00:00,SOL,BUY,23.748440676603423,0.02374844067660342,0.15,S3_TREND
2026-04-09 04:00:00+00:00,BTC,BUY,10.07891644125084,0.01007891644125084,0.15,S3_TREND
2026-04-09 04:00:00+00:00,ETH,SELL,9.35816782641632,0.00935816782641632,0.15,S3_TREND
2026-04-09 04:00:00+00:00,SOL,BUY,13.842133266389283,0.013842133266389283,0.15,S3_TREND
2026-04-09 05:00:00+00:00,BTC,BUY,26.90248717212853,0.026902487172128533,0.15,S3_TREND
2026-04-09 05:00:00+00:00,ETH,BUY,16.052434427358094,0.016052434427358094,0.15,S3_TREND
2026-04-09 05:00:00+00:00,SOL,BUY,17.43251834660441,0.017432518346604413,0.15,S3_TREND
2026-04-09 06:00:00+00:00,BTC,SELL,21.79326090500581,0.021793260905005808,0.15,S3_TREND
2026-04-09 06:00:00+00:00,ETH,SELL,10.548586716624413,0.010548586716624413,0.15,S3_TREND
2026-04-09 06:00:00+00:00,SOL,SELL,40.818684718873556,0.04081868471887356,0.15,S3_TREND
2026-04-09 07:00:00+00:00,BTC,SELL,8.795950364550663,0.008795950364550663,0.15,S3_TREND
2026-04-09 07:00:00+00:00,ETH,BUY,5.500816737450805,0.005500816737450805,0.15,S3_TREND
2026-04-09 08:00:00+00:00,BTC,BUY,11.285362207314392,0.011285362207314393,0.15,S3_TREND
2026-04-09 08:00:00+00:00,ETH,BUY,3.5656154845273704,0.0035656154845273703,0.15,S3_TREND
2026-04-09 08:00:00+00:00,SOL,SELL,19.296205453360017,0.019296205453360016,0.15,S3_TREND
2026-04-09 09:00:00+00:00,BTC,SELL,36.85295516117913,0.03685295516117913,0.15,S3_TREND
2026-04-09 09:00:00+00:00,ETH,SELL,16.71234601734068,0.01671234601734068,0.15,S3_TREND
2026-04-09 09:00:00+00:00,SOL,SELL,13.697693259549851,0.01369769325954985,0.15,S3_TREND
2026-04-09 10:00:00+00:00,BTC,SELL,38.61169315938969,0.03861169315938969,0.15,S3_TREND
2026-04-09 10:00:00+00:00,ETH,SELL,32.03252311045617,0.032032523110456165,0.15,S3_TREND
2026-04-09 10:00:00+00:00,SOL,SELL,3.036763758964298,0.003036763758964298,0.15,S3_TREND
2026-04-09 11:00:00+00:00,BTC,BUY,41.056683473989324,0.041056683473989324,0.15,S3_TREND
2026-04-09 11:00:00+00:00,ETH,BUY,11.07189567525711,0.01107189567525711,0.15,S3_TREND
2026-04-09 11:00:00+00:00,SOL,SELL,8.392869160243208,0.008392869160243208,0.15,S3_TREND
2026-04-09 12:00:00+00:00,ETH,BUY,44.804022169308155,0.04480402216930816,0.15,S3_TREND
2026-04-09 12:00:00+00:00,SOL,BUY,46.01775013666884,0.04601775013666884,0.15,S3_TREND
2026-04-09 13:00:00+00:00,BTC,SELL,15.949067867046324,0.015949067867046324,0.15,S3_TREND
2026-04-09 13:00:00+00:00,ETH,SELL,10.872538388206522,0.010872538388206522,0.15,S3_TREND
2026-04-09 13:00:00+00:00,SOL,SELL,8.071567562017663,0.008071567562017663,0.15,S3_TREND
2026-04-09 14:00:00+00:00,BTC,BUY,54.29446899397408,0.05429446899397408,0.15,S3_TREND
2026-04-09 14:00:00+00:00,ETH,BUY,77.58025789103522,0.07758025789103522,0.15,S3_TREND
2026-04-09 14:00:00+00:00,SOL,BUY,29.11295215780592,0.029112952157805922,0.15,S3_TREND
2026-04-09 15:00:00+00:00,BTC,SELL,35.33411104638617,0.03533411104638617,0.15,S3_TREND
2026-04-09 15:00:00+00:00,ETH,SELL,52.682006158100194,0.052682006158100196,0.15,S3_TREND
2026-04-09 15:00:00+00:00,SOL,SELL,26.047152121493127,0.02604715212149313,0.15,S3_TREND
2026-04-09 16:00:00+00:00,BTC,SELL,95.81608001494351,0.09581608001494352,0.15,S3_TREND
2026-04-09 16:00:00+00:00,ETH,SELL,157.55919270541926,0.15755919270541927,0.15,S3_TREND
2026-04-09 16:00:00+00:00,SOL,SELL,164.09839507140714,0.16409839507140714,0.15,S3_TREND
2026-04-09 17:00:00+00:00,ETH,BUY,50.896230817381365,0.050896230817381365,0.15,S3_TREND
2026-04-09 17:00:00+00:00,SOL,SELL,1.1050792072092008,0.0011050792072092009,0.15,S3_TREND
2026-04-09 18:00:00+00:00,BTC,SELL,7.3119288334019075,0.007311928833401908,0.15,S3_TREND
2026-04-09 18:00:00+00:00,ETH,SELL,48.00569200065911,0.048005692000659114,0.15,S3_TREND
2026-04-09 18:00:00+00:00,SOL,SELL,122.63436862050732,0.12263436862050732,0.15,S3_TREND
2026-04-09 19:00:00+00:00,BTC,BUY,42.438649434694526,0.042438649434694525,0.15,S3_TREND
2026-04-09 19:00:00+00:00,ETH,BUY,54.27438519930365,0.05427438519930365,0.15,S3_TREND
2026-04-09 19:00:00+00:00,SOL,BUY,91.81686637568964,0.09181686637568964,0.15,S3_TREND
2026-04-09 20:00:00+00:00,BTC,SELL,17.93466222636926,0.01793466222636926,0.15,S3_TREND
2026-04-09 20:00:00+00:00,ETH,SELL,39.21299435107903,0.039212994351079035,0.15,S3_TREND
2026-04-09 20:00:00+00:00,SOL,SELL,33.38473362757395,0.03338473362757395,0.15,S3_TREND
2026-04-09 21:00:00+00:00,BTC,SELL,56.009317976695456,0.05600931797669546,0.15,S3_TREND
2026-04-09 21:00:00+00:00,ETH,BUY,31.286706573457195,0.031286706573457196,0.15,S3_TREND
2026-04-09 21:00:00+00:00,SOL,SELL,8.505760041982285,0.008505760041982285,0.15,S3_TREND
2026-04-09 22:00:00+00:00,BTC,BUY,23.794058201217922,0.023794058201217924,0.15,S3_TREND
2026-04-09 22:00:00+00:00,ETH,BUY,8.6828520639192,0.0086828520639192,0.15,S3_TREND
2026-04-09 22:00:00+00:00,SOL,SELL,8.35747998475017,0.008357479984750171,0.15,S3_TREND
2026-04-09 23:00:00+00:00,BTC,BUY,34.90812212146011,0.03490812212146011,0.15,S3_TREND
2026-04-09 23:00:00+00:00,ETH,BUY,57.23370492353024,0.05723370492353024,0.15,S3_TREND
2026-04-09 23:00:00+00:00,SOL,BUY,18.79792131706381,0.01879792131706381,0.15,S3_TREND
2026-04-10 00:00:00+00:00,BTC,BUY,2.5630689065183105,0.0025630689065183104,0.15,S3_TREND
2026-04-10 00:00:00+00:00,ETH,BUY,20.619394205243225,0.020619394205243224,0.15,S3_TREND
2026-04-10 00:00:00+00:00,SOL,BUY,85.99565511916444,0.08599565511916445,0.15,S3_TREND
2026-04-10 01:00:00+00:00,BTC,SELL,31.023705330597295,0.031023705330597295,0.15,S3_TREND
2026-04-10 01:00:00+00:00,ETH,SELL,28.734702645449943,0.028734702645449944,0.15,S3_TREND
2026-04-10 01:00:00+00:00,SOL,BUY,41.90269649513539,0.04190269649513539,0.15,S3_TREND
2026-04-10 02:00:00+00:00,BTC,SELL,33.30162722962632,0.03330162722962632,0.15,S3_TREND
2026-04-10 02:00:00+00:00,ETH,BUY,9.757381442766928,0.009757381442766928,0.15,S3_TREND
2026-04-10 03:00:00+00:00,BTC,BUY,30.156906571795844,0.030156906571795844,0.15,S3_TREND
2026-04-10 03:00:00+00:00,ETH,BUY,28.29903608652785,0.02829903608652785,0.15,S3_TREND
2026-04-10 03:00:00+00:00,SOL,SELL,25.590693465155713,0.025590693465155714,0.15,S3_TREND
2026-04-10 04:00:00+00:00,BTC,BUY,4.160449727414743,0.004160449727414743,0.15,S3_TREND
2026-04-10 04:00:00+00:00,ETH,BUY,4.958643236030184,0.0049586432360301845,0.15,S3_TREND
2026-04-10 04:00:00+00:00,SOL,BUY,48.00477635269817,0.048004776352698175,0.15,S3_TREND
2026-04-10 05:00:00+00:00,BTC,SELL,21.243511569888142,0.021243511569888143,0.15,S3_TREND
2026-04-10 05:00:00+00:00,ETH,SELL,35.342860648459464,0.03534286064845946,0.15,S3_TREND
2026-04-10 05:00:00+00:00,SOL,SELL,51.95525050152537,0.05195525050152537,0.15,S3_TREND
2026-04-10 06:00:00+00:00,ETH,SELL,5.472852080263692,0.005472852080263693,0.15,S3_TREND
2026-04-10 06:00:00+00:00,SOL,SELL,4.4920552853382105,0.0044920552853382105,0.15,S3_TREND
2026-04-10 07:00:00+00:00,BTC,BUY,40.58263036804965,0.04058263036804965,0.15,S3_TREND
2026-04-10 07:00:00+00:00,ETH,BUY,46.05414576738076,0.04605414576738076,0.15,S3_TREND
2026-04-10 07:00:00+00:00,SOL,BUY,7.884839614023804,0.007884839614023803,0.15,S3_TREND
2026-04-10 08:00:00+00:00,BTC,BUY,42.660403280022365,0.042660403280022366,0.15,S3_TREND
2026-04-10 08:00:00+00:00,ETH,BUY,23.089617154613734,0.023089617154613735,0.15,S3_TREND
2026-04-10 08:00:00+00:00,SOL,BUY,20.595972454479124,0.020595972454479125,0.15,S3_TREND
2026-04-10 09:00:00+00:00,BTC,SELL,15.842656012580846,0.015842656012580846,0.15,S3_TREND
2026-04-10 09:00:00+00:00,ETH,SELL,34.64954959243187,0.03464954959243187,0.15,S3_TREND
2026-04-10 09:00:00+00:00,SOL,BUY,14.971770332784217,0.014971770332784217,0.15,S3_TREND
2026-04-10 10:00:00+00:00,BTC,SELL,5.411714209327329,0.005411714209327329,0.15,S3_TREND
2026-04-10 10:00:00+00:00,ETH,SELL,36.68536605327063,0.03668536605327063,0.15,S3_TREND
2026-04-10 10:00:00+00:00,SOL,SELL,74.4886387507213,0.0744886387507213,0.15,S3_TREND
2026-04-10 11:00:00+00:00,BTC,SELL,25.732821986712224,0.025732821986712225,0.15,S3_TREND
2026-04-10 11:00:00+00:00,ETH,SELL,8.688326395860713,0.008688326395860714,0.15,S3_TREND
2026-04-10 11:00:00+00:00,SOL,BUY,36.42721462677764,0.03642721462677764,0.15,S3_TREND
2026-04-10 12:00:00+00:00,BTC,SELL,13.78447506059274,0.01378447506059274,0.15,S3_TREND
2026-04-10 12:00:00+00:00,ETH,SELL,92.58352371448927,0.09258352371448927,0.15,S3_TREND
2026-04-10 12:00:00+00:00,SOL,SELL,6.37042219642899,0.00637042219642899,0.15,S3_TREND
2026-04-10 13:00:00+00:00,BTC,SELL,3.9398278243515965,0.0039398278243515964,0.15,S3_TREND
2026-04-10 13:00:00+00:00,ETH,BUY,1.300054193030519,0.001300054193030519,0.15,S3_TREND
2026-04-10 13:00:00+00:00,SOL,SELL,81.3162099543224,0.0813162099543224,0.15,S3_TREND
2026-04-10 14:00:00+00:00,BTC,SELL,2.5187929976473242,0.0025187929976473243,0.15,S3_TREND
2026-04-10 14:00:00+00:00,ETH,SELL,17.527490440854308,0.017527490440854308,0.15,S3_TREND
2026-04-10 14:00:00+00:00,SOL,SELL,14798.97563023514,14.798975630235141,0.0,CASH
2026-04-10 15:00:00+00:00,BTC,SELL,84.67738488015311,0.08467738488015311,0.15,S3_TREND
2026-04-10 15:00:00+00:00,ETH,SELL,7503.729656032431,7.503729656032431,0.075,S6_REVERSAL
2026-04-10 16:00:00+00:00,BTC,BUY,67.17448893011351,0.06717448893011352,0.15,S3_TREND
2026-04-10 16:00:00+00:00,ETH,BUY,49.0603458188325,0.0490603458188325,0.075,S6_REVERSAL
2026-04-10 17:00:00+00:00,BTC,SELL,81.77873193310552,0.08177873193310552,0.15,S3_TREND
2026-04-10 17:00:00+00:00,ETH,SELL,56.73634684779154,0.05673634684779154,0.075,S6_REVERSAL
2026-04-10 18:00:00+00:00,BTC,SELL,20.836571703470327,0.02083657170347033,0.15,S3_TREND
2026-04-10 18:00:00+00:00,ETH,SELL,7.320508390346731,0.007320508390346731,0.075,S6_REVERSAL
2026-04-10 19:00:00+00:00,BTC,BUY,2.9600873907347705,0.0029600873907347706,0.15,S3_TREND
2026-04-10 19:00:00+00:00,ETH,SELL,2.9989918382825635,0.0029989918382825635,0.075,S6_REVERSAL
2026-04-10 20:00:00+00:00,BTC,SELL,20.33980312968197,0.020339803129681974,0.15,S3_TREND
2026-04-10 20:00:00+00:00,ETH,SELL,9.773678322635533,0.009773678322635534,0.075,S6_REVERSAL
2026-04-10 21:00:00+00:00,BTC,SELL,20.552466370374532,0.02055246637037453,0.15,S3_TREND
2026-04-10 21:00:00+00:00,ETH,SELL,7422.442868980797,7.422442868980798,0.0,CASH
2026-04-10 22:00:00+00:00,BTC,BUY,28.2769121656911,0.0282769121656911,0.15,S3_TREND
2026-04-10 23:00:00+00:00,BTC,BUY,54.015816613249626,0.054015816613249626,0.15,S3_TREND
2026-04-11 00:00:00+00:00,BTC,SELL,14.821296757256277,0.014821296757256278,0.15,S3_TREND
2026-04-11 01:00:00+00:00,BTC,BUY,23.186536817191154,0.023186536817191156,0.15,S3_TREND
2026-04-11 02:00:00+00:00,BTC,SELL,21.789657011560845,0.021789657011560847,0.15,S3_TREND
2026-04-11 03:00:00+00:00,BTC,SELL,2.108402054178441,0.0021084020541784414,0.15,S3_TREND
2026-04-11 04:00:00+00:00,BTC,BUY,17.259669562110503,0.017259669562110502,0.15,S3_TREND
2026-04-11 04:00:00+00:00,SOL,BUY,14819.378495064051,14.81937849506405,0.15,S3_TREND
2026-04-11 05:00:00+00:00,BTC,BUY,7.713314802223977,0.007713314802223977,0.15,S3_TREND
2026-04-11 05:00:00+00:00,SOL,SELL,1.087414352234191,0.0010874143522341911,0.15,S3_TREND
2026-04-11 06:00:00+00:00,BTC,BUY,6.855364993374678,0.006855364993374679,0.15,S3_TREND
2026-04-11 06:00:00+00:00,SOL,BUY,40.71944102335874,0.04071944102335874,0.15,S3_TREND
2026-04-11 07:00:00+00:00,BTC,SELL,5.825694557466704,0.005825694557466704,0.15,S3_TREND
2026-04-11 07:00:00+00:00,ETH,BUY,14806.845311755229,14.806845311755229,0.15,S3_TREND
2026-04-11 07:00:00+00:00,SOL,SELL,4.779836834552043,0.004779836834552043,0.15,S3_TREND
2026-04-11 08:00:00+00:00,BTC,BUY,1.2900915887657902,0.0012900915887657902,0.15,S3_TREND
2026-04-11 08:00:00+00:00,ETH,BUY,18.30469047686711,0.01830469047686711,0.15,S3_TREND
2026-04-11 08:00:00+00:00,SOL,SELL,26.734004554133207,0.026734004554133207,0.15,S3_TREND
2026-04-11 09:00:00+00:00,BTC,BUY,11.432789455015154,0.011432789455015155,0.15,S3_TREND
2026-04-11 09:00:00+00:00,ETH,SELL,7.019710643007784,0.007019710643007784,0.15,S3_TREND
2026-04-11 09:00:00+00:00,SOL,BUY,14.228386798264182,0.014228386798264183,0.15,S3_TREND
2026-04-11 10:00:00+00:00,BTC,SELL,22.47524963971773,0.022475249639717733,0.15,S3_TREND
2026-04-11 10:00:00+00:00,ETH,SELL,45.56799380781376,0.045567993807813754,0.15,S3_TREND
2026-04-11 10:00:00+00:00,SOL,SELL,31.022066203691793,0.031022066203691794,0.15,S3_TREND
2026-04-11 11:00:00+00:00,BTC,SELL,3.760624683094647,0.003760624683094647,0.15,S3_TREND
2026-04-11 11:00:00+00:00,ETH,BUY,5.9404457759283105,0.00594044577592831,0.15,S3_TREND
2026-04-11 11:00:00+00:00,SOL,BUY,58.80027129999871,0.058800271299998715,0.15,S3_TREND
2026-04-11 12:00:00+00:00,ETH,SELL,25.348584342998944,0.025348584342998946,0.15,S3_TREND
2026-04-11 12:00:00+00:00,SOL,SELL,19.38254833204155,0.019382548332041553,0.15,S3_TREND
2026-04-11 13:00:00+00:00,BTC,SELL,7.224220758957016,0.007224220758957016,0.15,S3_TREND
2026-04-11 13:00:00+00:00,ETH,BUY,4.283288138925855,0.004283288138925855,0.15,S3_TREND
2026-04-11 13:00:00+00:00,SOL,BUY,1.8854013673972077,0.0018854013673972076,0.15,S3_TREND
2026-04-11 14:00:00+00:00,BTC,BUY,39.931411976931486,0.03993141197693149,0.15,S3_TREND
2026-04-11 14:00:00+00:00,ETH,BUY,20.42764362975322,0.02042764362975322,0.15,S3_TREND
2026-04-11 14:00:00+00:00,SOL,BUY,3.6550734489574097,0.00365507344895741,0.15,S3_TREND
2026-04-11 15:00:00+00:00,BTC,BUY,1.3799461869348306,0.0013799461869348306,0.15,S3_TREND
2026-04-11 15:00:00+00:00,ETH,SELL,4.660517391968824,0.004660517391968824,0.15,S3_TREND
2026-04-11 15:00:00+00:00,SOL,SELL,36.65201670325587,0.036652016703255866,0.15,S3_TREND
2026-04-11 16:00:00+00:00,BTC,SELL,11.585755460180737,0.011585755460180737,0.15,S3_TREND
2026-04-11 16:00:00+00:00,ETH,SELL,29.46497498478675,0.02946497498478675,0.15,S3_TREND
2026-04-11 16:00:00+00:00,SOL,SELL,31.22088891628846,0.03122088891628846,0.15,S3_TREND
2026-04-11 17:00:00+00:00,BTC,SELL,13.311254874988663,0.013311254874988663,0.15,S3_TREND
2026-04-11 17:00:00+00:00,ETH,SELL,37.7188113152406,0.0377188113152406,0.15,S3_TREND
2026-04-11 17:00:00+00:00,SOL,SELL,31.758179497297533,0.031758179497297534,0.15,S3_TREND
2026-04-11 18:00:00+00:00,BTC,SELL,14.078136231803,0.014078136231803,0.15,S3_TREND
2026-04-11 18:00:00+00:00,ETH,SELL,10.28916250972543,0.01028916250972543,0.15,S3_TREND
2026-04-11 18:00:00+00:00,SOL,BUY,29.931573910376756,0.029931573910376756,0.15,S3_TREND
2026-04-11 19:00:00+00:00,BTC,SELL,15.427371028854395,0.015427371028854395,0.15,S3_TREND
2026-04-11 19:00:00+00:00,ETH,SELL,222.15032962959594,0.22215032962959594,0.15,S3_TREND
2026-04-11 19:00:00+00:00,SOL,SELL,42.70665856351843,0.042706658563518435,0.15,S3_TREND
2026-04-11 20:00:00+00:00,ETH,SELL,39.88773600340938,0.039887736003409384,0.15,S3_TREND
2026-04-11 20:00:00+00:00,SOL,SELL,64.27041284106417,0.06427041284106418,0.15,S3_TREND
2026-04-11 21:00:00+00:00,BTC,BUY,35.74754363122884,0.03574754363122884,0.15,S3_TREND
2026-04-11 21:00:00+00:00,ETH,BUY,69.10905109597115,0.06910905109597115,0.15,S3_TREND
2026-04-11 21:00:00+00:00,SOL,BUY,59.52214400568846,0.05952214400568846,0.15,S3_TREND
2026-04-11 22:00:00+00:00,BTC,SELL,24.750776520564614,0.024750776520564614,0.15,S3_TREND
2026-04-11 22:00:00+00:00,ETH,SELL,3.632001741543718,0.003632001741543718,0.15,S3_TREND
2026-04-11 22:00:00+00:00,SOL,BUY,17.02452902429468,0.01702452902429468,0.15,S3_TREND
2026-04-11 23:00:00+00:00,BTC,BUY,5.100969249851914,0.005100969249851915,0.15,S3_TREND
2026-04-11 23:00:00+00:00,ETH,BUY,10.694185742564514,0.010694185742564513,0.15,S3_TREND
2026-04-11 23:00:00+00:00,SOL,BUY,3.474512546670667,0.003474512546670667,0.15,S3_TREND
2026-04-12 00:00:00+00:00,BTC,BUY,37.0035304371504,0.037003530437150406,0.15,S3_TREND
2026-04-12 00:00:00+00:00,ETH,BUY,46.553752374202304,0.046553752374202305,0.15,S3_TREND
2026-04-12 00:00:00+00:00,SOL,BUY,28.810270323252553,0.028810270323252552,0.15,S3_TREND
2026-04-12 01:00:00+00:00,BTC,SELL,7.001334580330877,0.007001334580330877,0.15,S3_TREND
2026-04-12 01:00:00+00:00,ETH,SELL,4.192597774637761,0.004192597774637761,0.15,S3_TREND
2026-04-12 01:00:00+00:00,SOL,BUY,9.258465454395264,0.009258465454395263,0.15,S3_TREND
2026-04-12 02:00:00+00:00,BTC,BUY,115.40356083706502,0.11540356083706502,0.15,S3_TREND
2026-04-12 02:00:00+00:00,ETH,BUY,257.0207184744868,0.25702071847448676,0.15,S3_TREND
2026-04-12 02:00:00+00:00,SOL,BUY,276.9955016505828,0.27699550165058284,0.15,S3_TREND
2026-04-12 03:00:00+00:00,BTC,SELL,6.365405444168573,0.006365405444168573,0.15,S3_TREND
2026-04-12 03:00:00+00:00,ETH,SELL,11.17484766043708,0.011174847660437082,0.15,S3_TREND
2026-04-12 03:00:00+00:00,SOL,SELL,48.3311423946252,0.0483311423946252,0.15,S3_TREND
2026-04-12 04:00:00+00:00,BTC,BUY,10.31427374039049,0.01031427374039049,0.15,S3_TREND
2026-04-12 04:00:00+00:00,ETH,BUY,40.17881753247639,0.04017881753247639,0.15,S3_TREND
2026-04-12 04:00:00+00:00,SOL,BUY,38.14762982864704,0.03814762982864704,0.15,S3_TREND
2026-04-12 05:00:00+00:00,BTC,BUY,17.88881540105649,0.017888815401056492,0.15,S3_TREND
2026-04-12 05:00:00+00:00,ETH,BUY,2.0434456995553774,0.0020434456995553772,0.15,S3_TREND
2026-04-12 05:00:00+00:00,SOL,BUY,9.740986771814278,0.009740986771814278,0.15,S3_TREND
2026-04-12 06:00:00+00:00,BTC,SELL,32.66780312004994,0.03266780312004994,0.15,S3_TREND
2026-04-12 06:00:00+00:00,ETH,SELL,16.513730544864302,0.016513730544864304,0.15,S3_TREND
2026-04-12 06:00:00+00:00,SOL,SELL,14.740338219147816,0.014740338219147817,0.15,S3_TREND
2026-04-12 07:00:00+00:00,BTC,BUY,2.669669859611531,0.002669669859611531,0.15,S3_TREND
2026-04-12 07:00:00+00:00,ETH,BUY,1.9783443226187956,0.0019783443226187958,0.15,S3_TREND
2026-04-12 07:00:00+00:00,SOL,BUY,17.224662692102356,0.017224662692102356,0.15,S3_TREND
2026-04-12 08:00:00+00:00,BTC,BUY,2.722289705012372,0.002722289705012372,0.15,S3_TREND
2026-04-12 08:00:00+00:00,ETH,SELL,10.769416062374148,0.010769416062374148,0.15,S3_TREND
2026-04-12 09:00:00+00:00,BTC,BUY,2.5089314087199455,0.0025089314087199453,0.15,S3_TREND
2026-04-12 09:00:00+00:00,ETH,BUY,21.820289849458277,0.021820289849458278,0.15,S3_TREND
2026-04-12 09:00:00+00:00,SOL,SELL,6.305175136019898,0.006305175136019898,0.15,S3_TREND
2026-04-12 10:00:00+00:00,BTC,BUY,15.01820453090113,0.01501820453090113,0.15,S3_TREND
2026-04-12 10:00:00+00:00,ETH,SELL,6.271473206219525,0.0062714732062195255,0.15,S3_TREND
2026-04-12 10:00:00+00:00,SOL,BUY,9.348626587059698,0.009348626587059698,0.15,S3_TREND
2026-04-12 11:00:00+00:00,BTC,SELL,3.2513068960597593,0.003251306896059759,0.15,S3_TREND
2026-04-12 11:00:00+00:00,ETH,BUY,63.80356425831815,0.06380356425831815,0.15,S3_TREND
2026-04-12 11:00:00+00:00,SOL,BUY,10.89580786683291,0.010895807866832911,0.15,S3_TREND
2026-04-12 12:00:00+00:00,BTC,BUY,4.787614321179717,0.004787614321179717,0.15,S3_TREND
2026-04-12 12:00:00+00:00,ETH,SELL,11.796570050224545,0.011796570050224546,0.15,S3_TREND
2026-04-12 12:00:00+00:00,SOL,SELL,22.410381314683036,0.022410381314683037,0.15,S3_TREND
2026-04-12 13:00:00+00:00,BTC,BUY,51.942422582493236,0.051942422582493236,0.15,S3_TREND
2026-04-12 13:00:00+00:00,ETH,BUY,38.60891158679624,0.03860891158679624,0.15,S3_TREND
2026-04-12 13:00:00+00:00,SOL,BUY,8.65741636578241,0.00865741636578241,0.15,S3_TREND
2026-04-12 14:00:00+00:00,BTC,BUY,23.080340744636487,0.02308034074463649,0.15,S3_TREND
2026-04-12 14:00:00+00:00,ETH,BUY,34.91410064547563,0.03491410064547563,0.15,S3_TREND
2026-04-12 14:00:00+00:00,SOL,BUY,4.403091790567487,0.004403091790567487,0.15,S3_TREND
2026-04-12 15:00:00+00:00,BTC,BUY,10.049980101450274,0.010049980101450274,0.15,S3_TREND
2026-04-12 15:00:00+00:00,ETH,BUY,21.74920954286972,0.02174920954286972,0.15,S3_TREND
2026-04-12 15:00:00+00:00,SOL,BUY,38.12398555489017,0.03812398555489017,0.15,S3_TREND
2026-04-12 16:00:00+00:00,BTC,SELL,19.094769753051878,0.01909476975305188,0.15,S3_TREND
2026-04-12 16:00:00+00:00,ETH,SELL,26.87405768399367,0.02687405768399367,0.15,S3_TREND
2026-04-12 16:00:00+00:00,SOL,BUY,7.018668197959414,0.007018668197959414,0.15,S3_TREND
2026-04-12 17:00:00+00:00,ETH,BUY,5.635847694116819,0.005635847694116819,0.15,S3_TREND
2026-04-12 17:00:00+00:00,SOL,SELL,42.22294553560823,0.042222945535608236,0.15,S3_TREND
2026-04-12 18:00:00+00:00,BTC,SELL,10.710355394383441,0.010710355394383442,0.15,S3_TREND
2026-04-12 18:00:00+00:00,ETH,SELL,76.92893587489198,0.07692893587489198,0.15,S3_TREND
2026-04-12 18:00:00+00:00,SOL,SELL,24.645788363679458,0.02464578836367946,0.15,S3_TREND
2026-04-12 19:00:00+00:00,BTC,SELL,3.431706491350269,0.003431706491350269,0.15,S3_TREND
2026-04-12 19:00:00+00:00,ETH,BUY,13.160696282782737,0.013160696282782738,0.15,S3_TREND
2026-04-12 19:00:00+00:00,SOL,SELL,7329.451155869182,7.329451155869182,0.075,S6_REVERSAL
2026-04-12 20:00:00+00:00,BTC,BUY,3.797190705450703,0.003797190705450703,0.15,S3_TREND
2026-04-12 20:00:00+00:00,ETH,BUY,8.302843598537947,0.008302843598537947,0.15,S3_TREND
2026-04-12 20:00:00+00:00,SOL,BUY,10.672336522101432,0.010672336522101433,0.075,S6_REVERSAL
2026-04-12 21:00:00+00:00,BTC,SELL,19.385964429320666,0.019385964429320664,0.15,S3_TREND
2026-04-12 21:00:00+00:00,ETH,SELL,69.40844799806655,0.06940844799806654,0.15,S3_TREND
2026-04-12 21:00:00+00:00,SOL,SELL,46.376938006606,0.046376938006606,0.075,S6_REVERSAL
2026-04-12 22:00:00+00:00,BTC,SELL,7352.830722946895,7.352830722946895,0.075,S6_REVERSAL
2026-04-12 22:00:00+00:00,ETH,BUY,15.307264907622084,0.015307264907622084,0.15,S3_TREND
2026-04-12 22:00:00+00:00,SOL,SELL,9.754915471747154,0.009754915471747155,0.075,S6_REVERSAL
2026-04-12 23:00:00+00:00,BTC,BUY,31.111797039027806,0.031111797039027805,0.075,S6_REVERSAL
2026-04-12 23:00:00+00:00,ETH,BUY,48.244305891987096,0.048244305891987097,0.15,S3_TREND
2026-04-12 23:00:00+00:00,SOL,BUY,56.53143447189814,0.05653143447189814,0.075,S6_REVERSAL
2026-04-13 00:00:00+00:00,BTC,BUY,9.548215433200312,0.009548215433200313,0.075,S6_REVERSAL
2026-04-13 00:00:00+00:00,ETH,BUY,35.1717611042277,0.0351717611042277,0.15,S3_TREND
2026-04-13 00:00:00+00:00,SOL,BUY,31.201087498368906,0.031201087498368908,0.075,S6_REVERSAL
2026-04-13 01:00:00+00:00,BTC,SELL,30.389292404313892,0.030389292404313893,0.075,S6_REVERSAL
2026-04-13 01:00:00+00:00,ETH,SELL,62.01526901714533,0.06201526901714533,0.15,S3_TREND
2026-04-13 01:00:00+00:00,SOL,SELL,40.54990205462309,0.04054990205462309,0.075,S6_REVERSAL
2026-04-13 02:00:00+00:00,BTC,SELL,1.9379064531658514,0.0019379064531658515,0.075,S6_REVERSAL
2026-04-13 02:00:00+00:00,ETH,BUY,11.263595657030237,0.011263595657030237,0.15,S3_TREND
2026-04-13 02:00:00+00:00,SOL,SELL,15.437212509366873,0.015437212509366874,0.075,S6_REVERSAL
2026-04-13 03:00:00+00:00,BTC,BUY,4.607033360308378,0.004607033360308379,0.075,S6_REVERSAL
2026-04-13 03:00:00+00:00,ETH,BUY,46.48746354230025,0.046487463542300246,0.15,S3_TREND
2026-04-13 03:00:00+00:00,SOL,BUY,25.645503314512098,0.025645503314512097,0.075,S6_REVERSAL
2026-04-13 04:00:00+00:00,BTC,BUY,8.992066169774262,0.008992066169774262,0.075,S6_REVERSAL
2026-04-13 04:00:00+00:00,ETH,SELL,2.9235760963456414,0.0029235760963456413,0.15,S3_TREND
2026-04-13 04:00:00+00:00,SOL,BUY,3.444815172543713,0.0034448151725437128,0.075,S6_REVERSAL
2026-04-13 05:00:00+00:00,BTC,BUY,6.191732423273606,0.006191732423273606,0.075,S6_REVERSAL
2026-04-13 05:00:00+00:00,ETH,BUY,22.141050968346462,0.022141050968346464,0.15,S3_TREND
2026-04-13 05:00:00+00:00,SOL,SELL,3.5516516389352546,0.003551651638935255,0.075,S6_REVERSAL
2026-04-13 06:00:00+00:00,BTC,BUY,1.239481863113724,0.0012394818631137241,0.075,S6_REVERSAL
2026-04-13 06:00:00+00:00,ETH,SELL,7333.68736891788,7.3336873689178805,0.075,S6_REVERSAL
2026-04-13 06:00:00+00:00,SOL,BUY,5.4197403435773595,0.005419740343577359,0.075,S6_REVERSAL
2026-04-13 07:00:00+00:00,BTC,SELL,8.608885841887968,0.008608885841887967,0.075,S6_REVERSAL
2026-04-13 07:00:00+00:00,ETH,SELL,18.162698580884353,0.018162698580884352,0.075,S6_REVERSAL
2026-04-13 07:00:00+00:00,SOL,SELL,39.90824130229248,0.03990824130229248,0.075,S6_REVERSAL
2026-04-13 08:00:00+00:00,BTC,BUY,15.206152811769243,0.015206152811769244,0.075,S6_REVERSAL
2026-04-13 08:00:00+00:00,ETH,BUY,33.9215298111385,0.033921529811138496,0.075,S6_REVERSAL
2026-04-13 08:00:00+00:00,SOL,BUY,11.081897602884055,0.011081897602884055,0.075,S6_REVERSAL
2026-04-13 09:00:00+00:00,BTC,BUY,10.410577314880356,0.010410577314880357,0.075,S6_REVERSAL
2026-04-13 09:00:00+00:00,SOL,BUY,23.380249222522252,0.023380249222522253,0.075,S6_REVERSAL
2026-04-13 10:00:00+00:00,BTC,SELL,10.117919062982764,0.010117919062982764,0.075,S6_REVERSAL
2026-04-13 10:00:00+00:00,ETH,SELL,6.921912194915421,0.006921912194915421,0.075,S6_REVERSAL
2026-04-13 10:00:00+00:00,SOL,BUY,2.4002652914950886,0.002400265291495089,0.075,S6_REVERSAL
2026-04-13 11:00:00+00:00,BTC,BUY,1.4947631242994248,0.0014947631242994248,0.075,S6_REVERSAL
2026-04-13 11:00:00+00:00,ETH,BUY,13.299297169434794,0.013299297169434794,0.075,S6_REVERSAL
2026-04-13 11:00:00+00:00,SOL,BUY,9.298526077202041,0.009298526077202041,0.075,S6_REVERSAL
2026-04-13 12:00:00+00:00,BTC,SELL,14.778255490721676,0.014778255490721677,0.075,S6_REVERSAL
2026-04-13 12:00:00+00:00,ETH,SELL,9.939483545952498,0.0099394835459525,0.075,S6_REVERSAL
2026-04-13 12:00:00+00:00,SOL,SELL,8.44023372564152,0.00844023372564152,0.075,S6_REVERSAL
2026-04-13 13:00:00+00:00,BTC,SELL,8.0652781763456,0.0080652781763456,0.075,S6_REVERSAL
2026-04-13 13:00:00+00:00,ETH,SELL,9.709943132482294,0.009709943132482295,0.075,S6_REVERSAL
2026-04-13 13:00:00+00:00,SOL,SELL,53.9165807458121,0.0539165807458121,0.075,S6_REVERSAL
2026-04-13 14:00:00+00:00,BTC,SELL,43.2185181347586,0.0432185181347586,0.075,S6_REVERSAL
2026-04-13 14:00:00+00:00,ETH,SELL,60.046905528179195,0.0600469055281792,0.075,S6_REVERSAL
2026-04-13 14:00:00+00:00,SOL,SELL,76.7500909105429,0.0767500909105429,0.075,S6_REVERSAL
2026-04-13 15:00:00+00:00,BTC,SELL,64.26636378711373,0.06426636378711373,0.075,S6_REVERSAL
2026-04-13 15:00:00+00:00,ETH,SELL,50.73130693913118,0.05073130693913118,0.075,S6_REVERSAL
2026-04-13 15:00:00+00:00,SOL,SELL,2.6944098981230127,0.0026944098981230126,0.075,S6_REVERSAL
2026-04-13 16:00:00+00:00,BTC,BUY,36.76776233803321,0.03676776233803321,0.075,S6_REVERSAL
2026-04-13 16:00:00+00:00,ETH,BUY,64.55924323950603,0.06455924323950603,0.075,S6_REVERSAL
2026-04-13 16:00:00+00:00,SOL,BUY,79.19121833045938,0.07919121833045938,0.075,S6_REVERSAL
2026-04-13 17:00:00+00:00,BTC,SELL,23.02325726840354,0.02302325726840354,0.075,S6_REVERSAL
2026-04-13 17:00:00+00:00,ETH,SELL,43.7904892316792,0.043790489231679205,0.075,S6_REVERSAL
2026-04-13 17:00:00+00:00,SOL,SELL,50.01252596960784,0.05001252596960785,0.075,S6_REVERSAL
2026-04-13 18:00:00+00:00,BTC,BUY,2.865968432293812,0.002865968432293812,0.075,S6_REVERSAL
2026-04-13 18:00:00+00:00,SOL,BUY,23.888673593012754,0.023888673593012756,0.075,S6_REVERSAL
2026-04-13 19:00:00+00:00,BTC,SELL,23.19562431334907,0.02319562431334907,0.075,S6_REVERSAL
2026-04-13 19:00:00+00:00,ETH,SELL,18.70318007479091,0.018703180074790913,0.075,S6_REVERSAL
2026-04-13 19:00:00+00:00,SOL,SELL,9.235431458881976,0.009235431458881976,0.075,S6_REVERSAL
2026-04-13 20:00:00+00:00,BTC,SELL,7448.431001165732,7.448431001165732,0.0,CASH
2026-04-13 20:00:00+00:00,ETH,SELL,79.131100855554,0.079131100855554,0.075,S6_REVERSAL
2026-04-13 20:00:00+00:00,SOL,SELL,57.69811011372258,0.05769811011372258,0.075,S6_REVERSAL
2026-04-13 21:00:00+00:00,ETH,BUY,28.05972641248536,0.028059726412485362,0.075,S6_REVERSAL
2026-04-13 21:00:00+00:00,SOL,BUY,10.008877876315637,0.010008877876315637,0.075,S6_REVERSAL
2026-04-13 22:00:00+00:00,ETH,SELL,22.82275817104346,0.022822758171043463,0.075,S6_REVERSAL
2026-04-13 23:00:00+00:00,ETH,SELL,7677.7798040282405,7.677779804028241,0.0,CASH
2026-04-13 23:00:00+00:00,SOL,SELL,7574.556582091603,7.574556582091603,0.0,CASH
2026-04-14 11:00:00+00:00,ETH,BUY,14823.717176154649,14.823717176154648,0.15,S3_TREND
2026-04-14 13:00:00+00:00,ETH,BUY,3.7712637970453216,0.0037712637970453216,0.15,S3_TREND
2026-04-14 14:00:00+00:00,BTC,BUY,14836.8790563992,14.836879056399201,0.15,S3_TREND
2026-04-14 14:00:00+00:00,ETH,SELL,93.1827402894578,0.0931827402894578,0.15,S3_TREND
2026-04-14 14:00:00+00:00,SOL,BUY,14836.8790563992,14.836879056399201,0.15,S3_TREND
2026-04-14 15:00:00+00:00,BTC,BUY,12.66230226312291,0.012662302263122911,0.15,S3_TREND
2026-04-14 15:00:00+00:00,ETH,BUY,150.6214274729664,0.1506214274729664,0.15,S3_TREND
2026-04-14 15:00:00+00:00,SOL,BUY,129.55595359744257,0.12955595359744257,0.15,S3_TREND
2026-04-14 16:00:00+00:00,BTC,SELL,41.679870138092156,0.04167987013809216,0.15,S3_TREND
2026-04-14 16:00:00+00:00,ETH,SELL,54.53731808549492,0.05453731808549492,0.15,S3_TREND
2026-04-14 16:00:00+00:00,SOL,BUY,29.985457590131773,0.029985457590131773,0.15,S3_TREND
2026-04-14 17:00:00+00:00,BTC,BUY,58.64756325846247,0.05864756325846247,0.15,S3_TREND
2026-04-14 17:00:00+00:00,ETH,BUY,119.51286312431148,0.11951286312431149,0.15,S3_TREND
2026-04-14 17:00:00+00:00,SOL,BUY,84.63828567090604,0.08463828567090605,0.15,S3_TREND
2026-04-14 18:00:00+00:00,BTC,SELL,6.647296477591225,0.006647296477591225,0.15,S3_TREND
2026-04-14 18:00:00+00:00,ETH,SELL,15.12811373243676,0.01512811373243676,0.15,S3_TREND
2026-04-14 18:00:00+00:00,SOL,SELL,23.902659090445013,0.023902659090445012,0.15,S3_TREND
2026-04-14 19:00:00+00:00,BTC,BUY,56.284402350032906,0.05628440235003291,0.15,S3_TREND
2026-04-14 19:00:00+00:00,ETH,BUY,81.23813433626492,0.08123813433626492,0.15,S3_TREND
2026-04-14 19:00:00+00:00,SOL,BUY,129.11872638259229,0.12911872638259228,0.15,S3_TREND
2026-04-14 20:00:00+00:00,BTC,SELL,26.08200709031189,0.02608200709031189,0.15,S3_TREND
2026-04-14 20:00:00+00:00,ETH,BUY,3.224310019888435,0.003224310019888435,0.15,S3_TREND
2026-04-14 20:00:00+00:00,SOL,BUY,23.987357830927067,0.023987357830927068,0.15,S3_TREND
2026-04-14 21:00:00+00:00,BTC,BUY,13.333118233958885,0.013333118233958885,0.15,S3_TREND
2026-04-14 21:00:00+00:00,ETH,SELL,21.788702173389538,0.02178870217338954,0.15,S3_TREND
2026-04-14 21:00:00+00:00,SOL,BUY,47.005427086376585,0.04700542708637659,0.15,S3_TREND
2026-04-14 22:00:00+00:00,BTC,SELL,15.932911840311135,0.015932911840311134,0.15,S3_TREND
2026-04-14 22:00:00+00:00,ETH,SELL,35.87115793542034,0.035871157935420346,0.15,S3_TREND
2026-04-14 22:00:00+00:00,SOL,SELL,16.402003199651517,0.016402003199651516,0.15,S3_TREND
2026-04-14 23:00:00+00:00,BTC,BUY,26.437279386724185,0.026437279386724185,0.15,S3_TREND
2026-04-14 23:00:00+00:00,ETH,BUY,31.375936517586524,0.03137593651758652,0.15,S3_TREND
2026-04-14 23:00:00+00:00,SOL,BUY,28.778622673666177,0.02877862267366618,0.15,S3_TREND
2026-04-15 00:00:00+00:00,BTC,SELL,5.636965903049713,0.005636965903049713,0.15,S3_TREND
2026-04-15 00:00:00+00:00,ETH,SELL,31.27676674144459,0.03127676674144459,0.15,S3_TREND
2026-04-15 00:00:00+00:00,SOL,SELL,20.992580122767322,0.02099258012276732,0.15,S3_TREND
2026-04-15 01:00:00+00:00,BTC,SELL,60.99720212117063,0.06099720212117063,0.15,S3_TREND
2026-04-15 01:00:00+00:00,ETH,SELL,46.34661238818626,0.046346612388186256,0.15,S3_TREND
2026-04-15 01:00:00+00:00,SOL,BUY,14.749055482379845,0.014749055482379845,0.15,S3_TREND
2026-04-15 02:00:00+00:00,BTC,SELL,2.0959421133084106,0.0020959421133084108,0.15,S3_TREND
2026-04-15 02:00:00+00:00,ETH,SELL,4.950473041128134,0.004950473041128134,0.15,S3_TREND
2026-04-15 02:00:00+00:00,SOL,SELL,17.76407291646865,0.01776407291646865,0.15,S3_TREND
2026-04-15 03:00:00+00:00,BTC,BUY,24.782553126431594,0.024782553126431593,0.15,S3_TREND
2026-04-15 03:00:00+00:00,ETH,BUY,35.84826224998869,0.035848262249988695,0.15,S3_TREND
2026-04-15 03:00:00+00:00,SOL,BUY,58.40791758357955,0.05840791758357955,0.15,S3_TREND
2026-04-15 04:00:00+00:00,BTC,BUY,1.1010654440742655,0.0011010654440742657,0.15,S3_TREND
2026-04-15 04:00:00+00:00,ETH,SELL,19.61037304669117,0.01961037304669117,0.15,S3_TREND
2026-04-15 04:00:00+00:00,SOL,SELL,2.952659682425292,0.002952659682425292,0.15,S3_TREND
2026-04-15 05:00:00+00:00,BTC,BUY,9.228095069014671,0.009228095069014671,0.15,S3_TREND
2026-04-15 05:00:00+00:00,ETH,SELL,20.855050791087706,0.020855050791087706,0.15,S3_TREND
2026-04-15 05:00:00+00:00,SOL,SELL,18.189705049195254,0.018189705049195256,0.15,S3_TREND
2026-04-15 06:00:00+00:00,BTC,BUY,27.874178319851126,0.027874178319851128,0.15,S3_TREND
2026-04-15 06:00:00+00:00,ETH,BUY,52.86389729870825,0.05286389729870825,0.15,S3_TREND
2026-04-15 06:00:00+00:00,SOL,BUY,47.39348102571239,0.04739348102571239,0.15,S3_TREND
2026-04-15 07:00:00+00:00,BTC,BUY,16.65485330237243,0.01665485330237243,0.15,S3_TREND
2026-04-15 07:00:00+00:00,ETH,BUY,4.055883818098664,0.004055883818098664,0.15,S3_TREND
2026-04-15 07:00:00+00:00,SOL,BUY,12.108666679048838,0.012108666679048839,0.15,S3_TREND
2026-04-15 08:00:00+00:00,BTC,BUY,23.99032165355129,0.02399032165355129,0.15,S3_TREND
2026-04-15 08:00:00+00:00,ETH,SELL,3.1411657997286966,0.0031411657997286965,0.15,S3_TREND
2026-04-15 08:00:00+00:00,SOL,BUY,7.966210011183648,0.007966210011183647,0.15,S3_TREND
2026-04-15 09:00:00+00:00,BTC,SELL,47.96694257967465,0.047966942579674654,0.15,S3_TREND
2026-04-15 09:00:00+00:00,ETH,SELL,40.64254484468984,0.040642544844689835,0.15,S3_TREND
2026-04-15 09:00:00+00:00,SOL,SELL,11.447515515143095,0.011447515515143095,0.15,S3_TREND
2026-04-15 10:00:00+00:00,BTC,BUY,10.065525854030057,0.010065525854030057,0.15,S3_TREND
2026-04-15 10:00:00+00:00,ETH,BUY,37.37620249666725,0.037376202496667246,0.15,S3_TREND
2026-04-15 10:00:00+00:00,SOL,SELL,12.951520091995915,0.012951520091995915,0.15,S3_TREND
2026-04-15 11:00:00+00:00,BTC,BUY,21.534925485191707,0.021534925485191706,0.15,S3_TREND
2026-04-15 11:00:00+00:00,ETH,BUY,13.308390786276505,0.013308390786276506,0.15,S3_TREND
2026-04-15 11:00:00+00:00,SOL,SELL,7.479366325698719,0.007479366325698719,0.15,S3_TREND
2026-04-15 12:00:00+00:00,BTC,SELL,25.418710794727303,0.025418710794727305,0.15,S3_TREND
2026-04-15 12:00:00+00:00,ETH,SELL,89.72978746702029,0.08972978746702029,0.15,S3_TREND
2026-04-15 12:00:00+00:00,SOL,SELL,36.05733778915601,0.036057337789156006,0.15,S3_TREND
2026-04-15 13:00:00+00:00,BTC,SELL,13.394215120244553,0.013394215120244553,0.15,S3_TREND
2026-04-15 13:00:00+00:00,ETH,BUY,28.703733088073932,0.028703733088073932,0.15,S3_TREND
2026-04-15 13:00:00+00:00,SOL,SELL,18.456471631243403,0.018456471631243403,0.15,S3_TREND
2026-04-15 14:00:00+00:00,BTC,BUY,27.383503614133588,0.027383503614133588,0.15,S3_TREND
2026-04-15 14:00:00+00:00,ETH,BUY,23.918826023660586,0.023918826023660585,0.15,S3_TREND
2026-04-15 15:00:00+00:00,BTC,BUY,13.90838690198325,0.01390838690198325,0.15,S3_TREND
2026-04-15 15:00:00+00:00,ETH,SELL,40.92369977746057,0.04092369977746057,0.15,S3_TREND
2026-04-15 15:00:00+00:00,SOL,SELL,87.72507652376771,0.08772507652376771,0.15,S3_TREND
2026-04-15 16:00:00+00:00,BTC,BUY,37.623541269731504,0.037623541269731504,0.15,S3_TREND
2026-04-15 16:00:00+00:00,ETH,BUY,16.771721964461904,0.016771721964461903,0.15,S3_TREND
2026-04-15 16:00:00+00:00,SOL,BUY,30.683205639967127,0.03068320563996713,0.15,S3_TREND
2026-04-15 17:00:00+00:00,BTC,BUY,6.6548374666817836,0.006654837466681784,0.15,S3_TREND
2026-04-15 17:00:00+00:00,ETH,SELL,33.44293845001994,0.033442938450019936,0.15,S3_TREND
2026-04-15 17:00:00+00:00,SOL,SELL,68.23850517149185,0.06823850517149185,0.15,S3_TREND
2026-04-15 18:00:00+00:00,BTC,SELL,21.79455952691751,0.02179455952691751,0.15,S3_TREND
2026-04-15 18:00:00+00:00,ETH,SELL,28.3165055019781,0.0283165055019781,0.15,S3_TREND
2026-04-15 18:00:00+00:00,SOL,SELL,11.097902576595517,0.011097902576595518,0.15,S3_TREND
2026-04-15 19:00:00+00:00,BTC,SELL,25.040833150536855,0.025040833150536856,0.15,S3_TREND
2026-04-15 19:00:00+00:00,ETH,SELL,36.98710762506744,0.03698710762506744,0.15,S3_TREND
2026-04-15 19:00:00+00:00,SOL,SELL,31.676285800424008,0.03167628580042401,0.15,S3_TREND
2026-04-15 20:00:00+00:00,BTC,SELL,75.14652596530324,0.07514652596530325,0.15,S3_TREND
2026-04-15 20:00:00+00:00,ETH,SELL,56.28453979164078,0.05628453979164078,0.15,S3_TREND
2026-04-15 20:00:00+00:00,SOL,SELL,37.10468592378493,0.03710468592378493,0.15,S3_TREND
2026-04-15 21:00:00+00:00,BTC,SELL,3.0267192993524077,0.0030267192993524076,0.15,S3_TREND
2026-04-15 21:00:00+00:00,ETH,BUY,40.49046086780254,0.04049046086780254,0.15,S3_TREND
2026-04-15 21:00:00+00:00,SOL,BUY,89.5630739736589,0.08956307397365891,0.15,S3_TREND
2026-04-15 22:00:00+00:00,BTC,BUY,14.649415360940111,0.014649415360940112,0.15,S3_TREND
2026-04-15 22:00:00+00:00,ETH,BUY,5.602197655973214,0.005602197655973214,0.15,S3_TREND
2026-04-15 22:00:00+00:00,SOL,SELL,3.003916705636584,0.003003916705636584,0.15,S3_TREND
2026-04-15 23:00:00+00:00,BTC,SELL,28.69892529494427,0.02869892529494427,0.15,S3_TREND
2026-04-15 23:00:00+00:00,ETH,BUY,1.2743596357086062,0.0012743596357086063,0.15,S3_TREND
2026-04-15 23:00:00+00:00,SOL,SELL,26.863173700716285,0.026863173700716284,0.15,S3_TREND
2026-04-16 00:00:00+00:00,BTC,BUY,19.30941690789041,0.019309416907890408,0.15,S3_TREND
2026-04-16 00:00:00+00:00,ETH,BUY,10.982182380379527,0.010982182380379527,0.15,S3_TREND
2026-04-16 00:00:00+00:00,SOL,BUY,9.8344144790899,0.009834414479089901,0.15,S3_TREND
2026-04-16 01:00:00+00:00,ETH,SELL,2.468644301583481,0.002468644301583481,0.15,S3_TREND
2026-04-16 01:00:00+00:00,SOL,SELL,3.67818601241197,0.00367818601241197,0.15,S3_TREND
2026-04-16 02:00:00+00:00,BTC,BUY,16.538761773292208,0.016538761773292207,0.15,S3_TREND
2026-04-16 02:00:00+00:00,ETH,BUY,38.17979982068573,0.03817979982068573,0.15,S3_TREND
2026-04-16 03:00:00+00:00,BTC,SELL,27.36371607577894,0.02736371607577894,0.15,S3_TREND
2026-04-16 03:00:00+00:00,ETH,SELL,10.96681279780205,0.01096681279780205,0.15,S3_TREND
2026-04-16 03:00:00+00:00,SOL,SELL,26.56801685865139,0.02656801685865139,0.15,S3_TREND
2026-04-16 04:00:00+00:00,BTC,BUY,5.864040952759751,0.005864040952759751,0.15,S3_TREND
2026-04-16 04:00:00+00:00,ETH,SELL,1.3164446005557693,0.0013164446005557693,0.15,S3_TREND
2026-04-16 04:00:00+00:00,SOL,SELL,26.82055929796843,0.026820559297968432,0.15,S3_TREND
2026-04-16 05:00:00+00:00,BTC,SELL,14.390174110771113,0.014390174110771113,0.15,S3_TREND
2026-04-16 05:00:00+00:00,ETH,BUY,19.793794590210382,0.019793794590210384,0.15,S3_TREND
2026-04-16 05:00:00+00:00,SOL,BUY,6.977497287545702,0.0069774972875457026,0.15,S3_TREND
2026-04-16 06:00:00+00:00,BTC,SELL,9.378696622170537,0.009378696622170538,0.15,S3_TREND
2026-04-16 06:00:00+00:00,ETH,SELL,6.877219242715,0.006877219242715,0.15,S3_TREND
2026-04-16 06:00:00+00:00,SOL,SELL,20.96509375919777,0.02096509375919777,0.15,S3_TREND
2026-04-16 07:00:00+00:00,ETH,BUY,6.316594542389794,0.006316594542389794,0.15,S3_TREND
2026-04-16 07:00:00+00:00,SOL,SELL,11.015486046382648,0.01101548604638265,0.15,S3_TREND
2026-04-16 08:00:00+00:00,BTC,BUY,36.59169722596198,0.03659169722596198,0.15,S3_TREND
2026-04-16 08:00:00+00:00,ETH,BUY,60.16301037004632,0.06016301037004632,0.15,S3_TREND
2026-04-16 08:00:00+00:00,SOL,BUY,16.006381936858816,0.016006381936858816,0.15,S3_TREND
2026-04-16 09:00:00+00:00,BTC,SELL,1.8084543494423997,0.0018084543494423996,0.15,S3_TREND
2026-04-16 09:00:00+00:00,ETH,BUY,7.536397635069079,0.007536397635069079,0.15,S3_TREND
2026-04-16 09:00:00+00:00,SOL,BUY,21.805435307844164,0.021805435307844165,0.15,S3_TREND
2026-04-16 10:00:00+00:00,BTC,BUY,17.21096282837607,0.01721096282837607,0.15,S3_TREND
2026-04-16 10:00:00+00:00,ETH,BUY,7.169626578624957,0.007169626578624957,0.15,S3_TREND
2026-04-16 10:00:00+00:00,SOL,SELL,14729.016126492692,14.729016126492692,0.0,CASH
2026-04-16 11:00:00+00:00,BTC,BUY,39.51998120069038,0.039519981200690384,0.15,S3_TREND
2026-04-16 11:00:00+00:00,ETH,BUY,19.783890167884238,0.01978389016788424,0.15,S3_TREND
2026-04-16 12:00:00+00:00,BTC,SELL,40.90929079211492,0.04090929079211492,0.15,S3_TREND
2026-04-16 12:00:00+00:00,ETH,SELL,9.695544632080782,0.009695544632080782,0.15,S3_TREND
2026-04-16 13:00:00+00:00,BTC,SELL,3.758278410630737,0.003758278410630737,0.15,S3_TREND
2026-04-16 13:00:00+00:00,ETH,SELL,24.011880814621687,0.02401188081462169,0.15,S3_TREND
2026-04-16 14:00:00+00:00,BTC,BUY,109.6949500643168,0.1096949500643168,0.15,S3_TREND
2026-04-16 14:00:00+00:00,ETH,BUY,147.01759374866378,0.1470175937486638,0.15,S3_TREND
2026-04-16 15:00:00+00:00,BTC,SELL,29.70626629799699,0.02970626629799699,0.15,S3_TREND
2026-04-16 15:00:00+00:00,ETH,SELL,3.582653685416517,0.003582653685416517,0.15,S3_TREND
2026-04-16 16:00:00+00:00,BTC,SELL,94.25615764631766,0.09425615764631766,0.15,S3_TREND
2026-04-16 16:00:00+00:00,ETH,SELL,7487.2336316122355,7.487233631612236,0.075,S6_REVERSAL
2026-04-16 17:00:00+00:00,BTC,BUY,75.65581152029881,0.07565581152029881,0.15,S3_TREND
2026-04-16 17:00:00+00:00,ETH,BUY,56.39316502088059,0.05639316502088059,0.075,S6_REVERSAL
2026-04-16 18:00:00+00:00,BTC,SELL,23.929682916921593,0.02392968291692159,0.15,S3_TREND
2026-04-16 18:00:00+00:00,ETH,SELL,23.97970013318536,0.02397970013318536,0.075,S6_REVERSAL
2026-04-16 19:00:00+00:00,BTC,SELL,106.57327778165563,0.10657327778165564,0.15,S3_TREND
2026-04-16 19:00:00+00:00,ETH,SELL,40.43089094777952,0.04043089094777952,0.075,S6_REVERSAL
2026-04-16 20:00:00+00:00,BTC,SELL,44.941121901767474,0.044941121901767474,0.15,S3_TREND
2026-04-16 20:00:00+00:00,ETH,SELL,43.5154713407037,0.0435154713407037,0.075,S6_REVERSAL
2026-04-16 21:00:00+00:00,BTC,SELL,14708.554984143653,14.708554984143653,0.0,CASH
2026-04-16 21:00:00+00:00,ETH,BUY,25.556012733598436,0.02555601273359844,0.075,S6_REVERSAL
2026-04-16 22:00:00+00:00,ETH,BUY,25.117500594995363,0.025117500594995363,0.075,S6_REVERSAL
2026-04-16 23:00:00+00:00,ETH,SELL,4.101380197673279,0.00410138019767328,0.075,S6_REVERSAL
2026-04-17 00:00:00+00:00,BTC,BUY,14720.799265814374,14.720799265814374,0.15,S3_TREND
2026-04-17 00:00:00+00:00,ETH,SELL,16.185751545600397,0.016185751545600396,0.075,S6_REVERSAL
2026-04-17 01:00:00+00:00,BTC,BUY,30.8622399536398,0.030862239953639802,0.15,S3_TREND
2026-04-17 01:00:00+00:00,ETH,BUY,6.7510566067030595,0.006751056606703059,0.075,S6_REVERSAL
2026-04-17 02:00:00+00:00,BTC,BUY,28.28219870340763,0.028282198703407632,0.15,S3_TREND
2026-04-17 02:00:00+00:00,ETH,BUY,23.30369513617552,0.02330369513617552,0.075,S6_REVERSAL
2026-04-17 02:00:00+00:00,SOL,BUY,14700.67530670847,14.70067530670847,0.15,S3_TREND
2026-04-17 03:00:00+00:00,BTC,SELL,4.809864161983569,0.004809864161983569,0.15,S3_TREND
2026-04-17 03:00:00+00:00,ETH,BUY,4.072032982410747,0.004072032982410747,0.075,S6_REVERSAL
2026-04-17 03:00:00+00:00,SOL,BUY,46.99845244521566,0.046998452445215666,0.15,S3_TREND
2026-04-17 04:00:00+00:00,BTC,BUY,7.610991996660232,0.007610991996660232,0.15,S3_TREND
2026-04-17 04:00:00+00:00,ETH,BUY,15.118269689988665,0.015118269689988665,0.075,S6_REVERSAL
2026-04-17 04:00:00+00:00,SOL,BUY,14.45989866549644,0.01445989866549644,0.15,S3_TREND
2026-04-17 05:00:00+00:00,BTC,SELL,20.7102134065899,0.020710213406589902,0.15,S3_TREND
2026-04-17 05:00:00+00:00,ETH,SELL,3.9114688078607287,0.003911468807860728,0.075,S6_REVERSAL
2026-04-17 05:00:00+00:00,SOL,SELL,33.01878137180938,0.033018781371809386,0.15,S3_TREND
2026-04-17 06:00:00+00:00,BTC,BUY,6.04205280658789,0.00604205280658789,0.15,S3_TREND
2026-04-17 06:00:00+00:00,ETH,BUY,18.432446962530776,0.018432446962530775,0.075,S6_REVERSAL
2026-04-17 06:00:00+00:00,SOL,BUY,76.0211746076784,0.0760211746076784,0.15,S3_TREND
2026-04-17 07:00:00+00:00,BTC,SELL,29.54840348253856,0.029548403482538562,0.15,S3_TREND
2026-04-17 07:00:00+00:00,ETH,SELL,22.565787663706942,0.022565787663706944,0.075,S6_REVERSAL
2026-04-17 07:00:00+00:00,SOL,SELL,71.12299035858268,0.07112299035858269,0.15,S3_TREND
2026-04-17 08:00:00+00:00,BTC,SELL,18.279488202835637,0.018279488202835637,0.15,S3_TREND
2026-04-17 08:00:00+00:00,ETH,SELL,5.395890417360533,0.005395890417360534,0.075,S6_REVERSAL
2026-04-17 08:00:00+00:00,SOL,SELL,11.601346911469593,0.011601346911469593,0.15,S3_TREND
2026-04-17 09:00:00+00:00,BTC,SELL,87.42004719309261,0.08742004719309261,0.15,S3_TREND
2026-04-17 09:00:00+00:00,ETH,BUY,7337.909791905974,7.337909791905974,0.15,S3_TREND
2026-04-17 09:00:00+00:00,SOL,SELL,84.36248395266921,0.08436248395266921,0.15,S3_TREND
2026-04-17 10:00:00+00:00,BTC,SELL,2.809854841359993,0.002809854841359993,0.15,S3_TREND
2026-04-17 10:00:00+00:00,ETH,SELL,29.3908806642321,0.0293908806642321,0.15,S3_TREND
2026-04-17 10:00:00+00:00,SOL,BUY,35.27228647178163,0.03527228647178163,0.15,S3_TREND
2026-04-17 11:00:00+00:00,BTC,BUY,42.831801520775116,0.04283180152077512,0.15,S3_TREND
2026-04-17 11:00:00+00:00,ETH,BUY,39.621029549356535,0.039621029549356535,0.15,S3_TREND
2026-04-17 11:00:00+00:00,SOL,BUY,118.20982202056803,0.11820982202056803,0.15,S3_TREND
2026-04-17 12:00:00+00:00,BTC,SELL,27.46398288374257,0.02746398288374257,0.15,S3_TREND
2026-04-17 12:00:00+00:00,ETH,SELL,35.66786316961952,0.03566786316961952,0.15,S3_TREND
2026-04-17 12:00:00+00:00,SOL,SELL,58.963781297265086,0.05896378129726509,0.15,S3_TREND
2026-04-17 13:00:00+00:00,BTC,SELL,73.88694078492517,0.07388694078492518,0.15,S3_TREND
2026-04-17 13:00:00+00:00,ETH,SELL,54.6588106524232,0.0546588106524232,0.15,S3_TREND
2026-04-17 13:00:00+00:00,SOL,SELL,60.384892085136016,0.06038489208513602,0.15,S3_TREND
2026-04-17 14:00:00+00:00,BTC,SELL,90.72870606060133,0.09072870606060132,0.15,S3_TREND
2026-04-17 14:00:00+00:00,ETH,SELL,281.6497718305982,0.2816497718305982,0.15,S3_TREND
2026-04-17 14:00:00+00:00,SOL,SELL,82.27170069435124,0.08227170069435125,0.15,S3_TREND
2026-04-17 15:00:00+00:00,BTC,SELL,82.7498073504812,0.08274980735048121,0.15,S3_TREND
2026-04-17 15:00:00+00:00,ETH,SELL,39.77594773138844,0.03977594773138844,0.15,S3_TREND
2026-04-17 15:00:00+00:00,SOL,BUY,39.15303459087772,0.039153034590877725,0.15,S3_TREND
2026-04-17 16:00:00+00:00,BTC,BUY,9.721347658021841,0.009721347658021842,0.15,S3_TREND
2026-04-17 16:00:00+00:00,ETH,BUY,22.49113424843199,0.02249113424843199,0.15,S3_TREND
2026-04-17 16:00:00+00:00,SOL,BUY,3.4859682618316583,0.0034859682618316582,0.15,S3_TREND
2026-04-17 17:00:00+00:00,BTC,BUY,8.747637098456835,0.008747637098456836,0.15,S3_TREND
2026-04-17 17:00:00+00:00,ETH,SELL,34.544437988293794,0.03454443798829379,0.15,S3_TREND
2026-04-17 17:00:00+00:00,SOL,SELL,57.03411021596913,0.05703411021596913,0.15,S3_TREND
2026-04-17 18:00:00+00:00,BTC,BUY,27.828828151818016,0.027828828151818016,0.15,S3_TREND
2026-04-17 18:00:00+00:00,ETH,BUY,29.617896694173396,0.029617896694173397,0.15,S3_TREND
2026-04-17 18:00:00+00:00,SOL,BUY,77.24843313523706,0.07724843313523706,0.15,S3_TREND
2026-04-17 19:00:00+00:00,BTC,BUY,26.023159857817518,0.02602315985781752,0.15,S3_TREND
2026-04-17 19:00:00+00:00,ETH,BUY,81.38617655294001,0.08138617655294002,0.15,S3_TREND
2026-04-17 19:00:00+00:00,SOL,BUY,51.34119037270284,0.05134119037270284,0.15,S3_TREND
2026-04-17 20:00:00+00:00,BTC,SELL,29.23937313728493,0.02923937313728493,0.15,S3_TREND
2026-04-17 20:00:00+00:00,ETH,SELL,32.86495953286612,0.032864959532866125,0.15,S3_TREND
2026-04-17 20:00:00+00:00,SOL,BUY,4.1072215417189,0.0041072215417189,0.15,S3_TREND
2026-04-17 21:00:00+00:00,BTC,BUY,2.062626770202769,0.002062626770202769,0.15,S3_TREND
2026-04-17 21:00:00+00:00,ETH,SELL,1.5827652376428885,0.0015827652376428885,0.15,S3_TREND
2026-04-17 21:00:00+00:00,SOL,BUY,31.32080074735495,0.03132080074735495,0.15,S3_TREND
2026-04-17 22:00:00+00:00,BTC,SELL,12.15488620742326,0.012154886207423261,0.15,S3_TREND
2026-04-17 22:00:00+00:00,ETH,SELL,8.098465770844996,0.008098465770844996,0.15,S3_TREND
2026-04-17 22:00:00+00:00,SOL,SELL,11.419577909260624,0.011419577909260625,0.15,S3_TREND
2026-04-17 23:00:00+00:00,BTC,BUY,29.79471826649933,0.02979471826649933,0.15,S3_TREND
2026-04-17 23:00:00+00:00,ETH,SELL,22.64121301416162,0.022641213014161624,0.15,S3_TREND
2026-04-17 23:00:00+00:00,SOL,SELL,14.656354081949758,0.014656354081949758,0.15,S3_TREND
2026-04-18 00:00:00+00:00,BTC,BUY,12.922656323475167,0.012922656323475166,0.15,S3_TREND
2026-04-18 00:00:00+00:00,ETH,BUY,57.57844547109744,0.05757844547109744,0.15,S3_TREND
2026-04-18 00:00:00+00:00,SOL,BUY,43.84519090833783,0.04384519090833783,0.15,S3_TREND
2026-04-18 01:00:00+00:00,BTC,SELL,8.922023381346662,0.008922023381346662,0.15,S3_TREND
2026-04-18 01:00:00+00:00,ETH,SELL,2.6016325515520293,0.0026016325515520293,0.15,S3_TREND
2026-04-18 01:00:00+00:00,SOL,SELL,23.840295682746728,0.023840295682746728,0.15,S3_TREND
2026-04-18 02:00:00+00:00,BTC,SELL,10.908450850414738,0.010908450850414739,0.15,S3_TREND
2026-04-18 02:00:00+00:00,ETH,SELL,1.3735488706151955,0.0013735488706151954,0.15,S3_TREND
2026-04-18 02:00:00+00:00,SOL,BUY,17.05795105762627,0.01705795105762627,0.15,S3_TREND
2026-04-18 03:00:00+00:00,BTC,SELL,12.075403899199955,0.012075403899199956,0.15,S3_TREND
2026-04-18 03:00:00+00:00,ETH,BUY,13.237217488955139,0.01323721748895514,0.15,S3_TREND
2026-04-18 03:00:00+00:00,SOL,SELL,9.450869203041293,0.009450869203041293,0.15,S3_TREND
2026-04-18 04:00:00+00:00,BTC,BUY,19.05110455628892,0.01905110455628892,0.15,S3_TREND
2026-04-18 04:00:00+00:00,ETH,BUY,50.96051188873935,0.050960511888739346,0.15,S3_TREND
2026-04-18 04:00:00+00:00,SOL,BUY,62.44675324715354,0.06244675324715354,0.15,S3_TREND
2026-04-18 05:00:00+00:00,BTC,SELL,13.08939908317916,0.01308939908317916,0.15,S3_TREND
2026-04-18 05:00:00+00:00,ETH,SELL,9.852720164923085,0.009852720164923084,0.15,S3_TREND
2026-04-18 05:00:00+00:00,SOL,BUY,3.569405045340318,0.0035694050453403178,0.15,S3_TREND
2026-04-18 06:00:00+00:00,BTC,SELL,2.9430114385322663,0.002943011438532266,0.15,S3_TREND
2026-04-18 06:00:00+00:00,ETH,SELL,5.409964257054526,0.005409964257054526,0.15,S3_TREND
2026-04-18 06:00:00+00:00,SOL,SELL,4.8092419923796115,0.004809241992379611,0.15,S3_TREND
2026-04-18 07:00:00+00:00,BTC,BUY,3.524701464082682,0.003524701464082682,0.15,S3_TREND
2026-04-18 07:00:00+00:00,ETH,SELL,2.742085395977483,0.002742085395977483,0.15,S3_TREND
2026-04-18 07:00:00+00:00,SOL,SELL,14.671487420948324,0.014671487420948325,0.15,S3_TREND
2026-04-18 08:00:00+00:00,BTC,BUY,15.27651277223049,0.01527651277223049,0.15,S3_TREND
2026-04-18 08:00:00+00:00,ETH,BUY,27.412833977672562,0.027412833977672562,0.15,S3_TREND
2026-04-18 08:00:00+00:00,SOL,SELL,1.2504019149964734,0.0012504019149964733,0.15,S3_TREND
2026-04-18 09:00:00+00:00,BTC,SELL,1.6261974413519056,0.0016261974413519056,0.15,S3_TREND
2026-04-18 09:00:00+00:00,ETH,BUY,91.1858531722828,0.09118585317228281,0.15,S3_TREND
2026-04-18 09:00:00+00:00,SOL,BUY,99.31626306865655,0.09931626306865655,0.15,S3_TREND
2026-04-18 10:00:00+00:00,BTC,BUY,20.217390953854192,0.020217390953854192,0.15,S3_TREND
2026-04-18 10:00:00+00:00,ETH,BUY,21.6840409953129,0.0216840409953129,0.15,S3_TREND
2026-04-18 10:00:00+00:00,SOL,SELL,18.300431837369615,0.018300431837369617,0.15,S3_TREND
2026-04-18 11:00:00+00:00,BTC,BUY,34.9847874736497,0.034984787473649706,0.15,S3_TREND
2026-04-18 11:00:00+00:00,ETH,BUY,59.605869888499,0.059605869888499,0.15,S3_TREND
2026-04-18 11:00:00+00:00,SOL,BUY,67.1101194686853,0.0671101194686853,0.15,S3_TREND
2026-04-18 12:00:00+00:00,BTC,BUY,8.055685102695861,0.008055685102695862,0.15,S3_TREND
2026-04-18 12:00:00+00:00,ETH,BUY,18.787207934848993,0.018787207934848994,0.15,S3_TREND
2026-04-18 12:00:00+00:00,SOL,BUY,50.08134905284169,0.05008134905284169,0.15,S3_TREND
2026-04-18 13:00:00+00:00,BTC,SELL,13.784978266692633,0.013784978266692633,0.15,S3_TREND
2026-04-18 13:00:00+00:00,ETH,SELL,12.309645530160196,0.012309645530160196,0.15,S3_TREND
2026-04-18 13:00:00+00:00,SOL,SELL,42.475368275401706,0.04247536827540171,0.15,S3_TREND
2026-04-18 14:00:00+00:00,BTC,BUY,6.865445710804124,0.006865445710804124,0.15,S3_TREND
2026-04-18 14:00:00+00:00,ETH,BUY,8.03820807942975,0.00803820807942975,0.15,S3_TREND
2026-04-18 14:00:00+00:00,SOL,BUY,19.416934899818443,0.019416934899818442,0.15,S3_TREND
2026-04-18 15:00:00+00:00,BTC,SELL,8.878650289063444,0.008878650289063443,0.15,S3_TREND
2026-04-18 15:00:00+00:00,ETH,SELL,47.398876891347754,0.04739887689134775,0.15,S3_TREND
2026-04-18 15:00:00+00:00,SOL,SELL,1.2744562226689595,0.0012744562226689596,0.15,S3_TREND
2026-04-18 16:00:00+00:00,BTC,BUY,10.04233617862883,0.01004233617862883,0.15,S3_TREND
2026-04-18 16:00:00+00:00,ETH,BUY,3.9758306848616485,0.003975830684861649,0.15,S3_TREND
2026-04-18 16:00:00+00:00,SOL,BUY,7.644109477367238,0.007644109477367237,0.15,S3_TREND
2026-04-18 17:00:00+00:00,BTC,BUY,32.66773713213479,0.03266773713213479,0.15,S3_TREND
2026-04-18 17:00:00+00:00,ETH,BUY,6.692468726905645,0.006692468726905645,0.15,S3_TREND
2026-04-18 18:00:00+00:00,BTC,BUY,20.74207541982105,0.020742075419821048,0.15,S3_TREND
2026-04-18 18:00:00+00:00,ETH,SELL,5.300041084894474,0.005300041084894474,0.15,S3_TREND
2026-04-18 18:00:00+00:00,SOL,SELL,10.423179218329096,0.010423179218329097,0.15,S3_TREND
2026-04-18 19:00:00+00:00,BTC,SELL,4.05962689887383,0.004059626898873831,0.15,S3_TREND
2026-04-18 19:00:00+00:00,ETH,BUY,48.982210564754496,0.0489822105647545,0.15,S3_TREND
2026-04-18 19:00:00+00:00,SOL,BUY,95.61683223728505,0.09561683223728505,0.15,S3_TREND
2026-04-18 20:00:00+00:00,BTC,BUY,5.715028928230822,0.0057150289282308225,0.15,S3_TREND
2026-04-18 20:00:00+00:00,ETH,SELL,1.7813543514694175,0.0017813543514694176,0.15,S3_TREND
2026-04-18 20:00:00+00:00,SOL,SELL,23.672310853027735,0.023672310853027737,0.15,S3_TREND
2026-04-18 21:00:00+00:00,BTC,SELL,12.00165182897581,0.01200165182897581,0.15,S3_TREND
2026-04-18 21:00:00+00:00,ETH,SELL,16.769288365960165,0.016769288365960165,0.15,S3_TREND
2026-04-18 21:00:00+00:00,SOL,SELL,1.8747044508199904,0.0018747044508199903,0.15,S3_TREND
2026-04-18 22:00:00+00:00,BTC,SELL,7.158931793466763,0.007158931793466763,0.15,S3_TREND
2026-04-18 22:00:00+00:00,ETH,SELL,11.167832855053348,0.011167832855053348,0.15,S3_TREND
2026-04-18 22:00:00+00:00,SOL,SELL,2.772904237095645,0.002772904237095645,0.15,S3_TREND
2026-04-18 23:00:00+00:00,BTC,BUY,3.958999785294509,0.003958999785294509,0.15,S3_TREND
2026-04-18 23:00:00+00:00,ETH,SELL,5.164596743110451,0.005164596743110451,0.15,S3_TREND
2026-04-18 23:00:00+00:00,SOL,SELL,7.776864575960644,0.007776864575960644,0.15,S3_TREND
2026-04-19 00:00:00+00:00,BTC,BUY,10.672378636369103,0.010672378636369103,0.15,S3_TREND
2026-04-19 00:00:00+00:00,ETH,BUY,25.79058773790166,0.02579058773790166,0.15,S3_TREND
2026-04-19 00:00:00+00:00,SOL,BUY,10.911237944143068,0.010911237944143068,0.15,S3_TREND
2026-04-19 01:00:00+00:00,BTC,SELL,4.695633927576637,0.004695633927576637,0.15,S3_TREND
2026-04-19 01:00:00+00:00,ETH,BUY,3.2890594740438246,0.0032890594740438246,0.15,S3_TREND
2026-04-19 01:00:00+00:00,SOL,BUY,17.69480681119603,0.01769480681119603,0.15,S3_TREND
2026-04-19 02:00:00+00:00,BTC,BUY,4.065566274724915,0.004065566274724915,0.15,S3_TREND
2026-04-19 02:00:00+00:00,ETH,SELL,3.1474648240237,0.0031474648240237004,0.15,S3_TREND
2026-04-19 02:00:00+00:00,SOL,BUY,34.646883196459385,0.03464688319645939,0.15,S3_TREND
2026-04-19 03:00:00+00:00,BTC,BUY,5.674052513211791,0.005674052513211791,0.15,S3_TREND
2026-04-19 03:00:00+00:00,ETH,BUY,42.4550312126521,0.0424550312126521,0.15,S3_TREND
2026-04-19 03:00:00+00:00,SOL,BUY,20.5787326117279,0.0205787326117279,0.15,S3_TREND
2026-04-19 04:00:00+00:00,ETH,SELL,5.783395895296053,0.005783395895296053,0.15,S3_TREND
2026-04-19 04:00:00+00:00,SOL,SELL,8.18657994053865,0.00818657994053865,0.15,S3_TREND
2026-04-19 05:00:00+00:00,BTC,SELL,31.388694309898714,0.03138869430989871,0.15,S3_TREND
2026-04-19 05:00:00+00:00,ETH,BUY,37.77942362655631,0.037779423626556306,0.15,S3_TREND
2026-04-19 05:00:00+00:00,SOL,BUY,2.6548038207529316,0.0026548038207529316,0.15,S3_TREND
2026-04-19 06:00:00+00:00,BTC,BUY,16.963377551355734,0.016963377551355734,0.15,S3_TREND
2026-04-19 06:00:00+00:00,ETH,SELL,2.372711983825866,0.002372711983825866,0.15,S3_TREND
2026-04-19 06:00:00+00:00,SOL,BUY,7.6173013300231105,0.00761730133002311,0.15,S3_TREND
2026-04-19 07:00:00+00:00,BTC,BUY,17.713622748929993,0.017713622748929993,0.15,S3_TREND
2026-04-19 07:00:00+00:00,ETH,BUY,24.34662813783325,0.02434662813783325,0.15,S3_TREND
2026-04-19 07:00:00+00:00,SOL,SELL,3.636254718305281,0.0036362547183052814,0.15,S3_TREND
2026-04-19 08:00:00+00:00,ETH,BUY,40.74276342533631,0.04074276342533631,0.15,S3_TREND
2026-04-19 08:00:00+00:00,SOL,BUY,68.11355221370104,0.06811355221370104,0.15,S3_TREND
2026-04-19 09:00:00+00:00,BTC,SELL,1.24159850741853,0.0012415985074185302,0.15,S3_TREND
2026-04-19 09:00:00+00:00,ETH,SELL,16.181517791932492,0.01618151779193249,0.15,S3_TREND
2026-04-19 09:00:00+00:00,SOL,BUY,14.349488531846873,0.014349488531846874,0.15,S3_TREND
2026-04-19 10:00:00+00:00,BTC,BUY,26.59689696580608,0.026596896965806083,0.15,S3_TREND
2026-04-19 10:00:00+00:00,ETH,BUY,32.74177659286579,0.03274177659286579,0.15,S3_TREND
2026-04-19 10:00:00+00:00,SOL,SELL,7274.860894307177,7.274860894307177,0.075,S6_REVERSAL
2026-04-19 11:00:00+00:00,BTC,SELL,25.42541271447044,0.02542541271447044,0.15,S3_TREND
2026-04-19 11:00:00+00:00,ETH,SELL,34.203748843441645,0.03420374884344164,0.15,S3_TREND
2026-04-19 11:00:00+00:00,SOL,SELL,9.787485917453523,0.009787485917453523,0.075,S6_REVERSAL
2026-04-19 12:00:00+00:00,BTC,SELL,41.640296509636755,0.04164029650963676,0.15,S3_TREND
2026-04-19 12:00:00+00:00,ETH,SELL,39.11689063654739,0.03911689063654739,0.15,S3_TREND
2026-04-19 12:00:00+00:00,SOL,SELL,54.371490953571985,0.05437149095357199,0.075,S6_REVERSAL
2026-04-19 13:00:00+00:00,BTC,BUY,9.430799728819693,0.009430799728819694,0.15,S3_TREND
2026-04-19 13:00:00+00:00,ETH,SELL,8.852252018639774,0.008852252018639775,0.15,S3_TREND
2026-04-19 13:00:00+00:00,SOL,SELL,13.807308815026772,0.013807308815026773,0.075,S6_REVERSAL
2026-04-19 14:00:00+00:00,BTC,SELL,43.64443158528229,0.04364443158528229,0.15,S3_TREND
2026-04-19 14:00:00+00:00,ETH,SELL,22.171276241244414,0.022171276241244414,0.15,S3_TREND
2026-04-19 14:00:00+00:00,SOL,SELL,34.828075813292344,0.03482807581329234,0.075,S6_REVERSAL
2026-04-19 15:00:00+00:00,BTC,SELL,14.922050193617906,0.014922050193617906,0.15,S3_TREND
2026-04-19 15:00:00+00:00,ETH,BUY,8.454514210356137,0.008454514210356137,0.15,S3_TREND
2026-04-19 15:00:00+00:00,SOL,SELL,13.715767236416468,0.013715767236416468,0.075,S6_REVERSAL
2026-04-19 16:00:00+00:00,BTC,BUY,19.927404158683203,0.019927404158683205,0.15,S3_TREND
2026-04-19 16:00:00+00:00,ETH,BUY,31.429875770405488,0.031429875770405485,0.15,S3_TREND
2026-04-19 16:00:00+00:00,SOL,BUY,8.10813372915436,0.00810813372915436,0.075,S6_REVERSAL
2026-04-19 17:00:00+00:00,BTC,BUY,51.72922020982696,0.05172922020982696,0.15,S3_TREND
2026-04-19 17:00:00+00:00,ETH,BUY,82.32152394620243,0.08232152394620243,0.15,S3_TREND
2026-04-19 17:00:00+00:00,SOL,BUY,23.491505756173865,0.023491505756173866,0.075,S6_REVERSAL
2026-04-19 18:00:00+00:00,BTC,BUY,74.05085505021088,0.07405085505021089,0.15,S3_TREND
2026-04-19 18:00:00+00:00,ETH,BUY,54.82777206339779,0.05482777206339779,0.15,S3_TREND
2026-04-19 18:00:00+00:00,SOL,BUY,40.110009378372524,0.04011000937837252,0.075,S6_REVERSAL
2026-04-19 19:00:00+00:00,BTC,BUY,2.2034545674523542,0.0022034545674523543,0.15,S3_TREND
2026-04-19 19:00:00+00:00,ETH,SELL,14562.747876009174,14.562747876009174,0.0,CASH
2026-04-19 19:00:00+00:00,SOL,BUY,2.4630444267950224,0.0024630444267950227,0.075,S6_REVERSAL
2026-04-19 20:00:00+00:00,BTC,SELL,31.58014258890944,0.03158014258890944,0.15,S3_TREND
2026-04-19 20:00:00+00:00,SOL,SELL,16.445738472028097,0.0164457384720281,0.075,S6_REVERSAL
2026-04-19 21:00:00+00:00,BTC,BUY,50.55197379918536,0.050551973799185364,0.15,S3_TREND
2026-04-19 21:00:00+00:00,SOL,BUY,25.119854987276085,0.025119854987276084,0.075,S6_REVERSAL
2026-04-19 22:00:00+00:00,BTC,SELL,14517.765657370237,14.517765657370237,0.0,CASH
2026-04-19 22:00:00+00:00,SOL,BUY,17.60441087493109,0.01760441087493109,0.075,S6_REVERSAL
2026-04-19 23:00:00+00:00,SOL,BUY,72.79839414997696,0.07279839414997696,0.075,S6_REVERSAL
2026-04-20 00:00:00+00:00,SOL,SELL,7241.947113638306,7.2419471136383065,0.0,CASH
2026-04-21 21:00:00+00:00,BTC,BUY,14529.344333366667,14.529344333366668,0.15,S3_TREND
2026-04-21 22:00:00+00:00,BTC,BUY,22.051108135894538,0.02205110813589454,0.15,S3_TREND
2026-04-21 23:00:00+00:00,BTC,SELL,16.349297120008487,0.016349297120008488,0.15,S3_TREND
2026-04-22 00:00:00+00:00,BTC,SELL,111.98303965089872,0.11198303965089872,0.15,S3_TREND
2026-04-22 00:00:00+00:00,SOL,BUY,14545.529065818972,14.545529065818972,0.15,S3_TREND
2026-04-22 01:00:00+00:00,BTC,BUY,3.654013216146268,0.003654013216146268,0.15,S3_TREND
2026-04-22 01:00:00+00:00,SOL,SELL,65.88139854969995,0.06588139854969996,0.15,S3_TREND
2026-04-22 02:00:00+00:00,BTC,BUY,6.1763492370319,0.0061763492370319,0.15,S3_TREND
2026-04-22 02:00:00+00:00,SOL,BUY,29.388644691483933,0.029388644691483935,0.15,S3_TREND
2026-04-22 03:00:00+00:00,BTC,SELL,182.69882208011404,0.18269882208011404,0.15,S3_TREND
2026-04-22 03:00:00+00:00,ETH,BUY,14614.544188294347,14.614544188294348,0.15,S3_TREND
2026-04-22 03:00:00+00:00,SOL,SELL,127.47197057774792,0.12747197057774792,0.15,S3_TREND
2026-04-22 04:00:00+00:00,ETH,BUY,26.364914536801734,0.026364914536801735,0.15,S3_TREND
2026-04-22 04:00:00+00:00,SOL,BUY,13.352281226845662,0.013352281226845663,0.15,S3_TREND
2026-04-22 05:00:00+00:00,BTC,SELL,3.7370998120750296,0.00373709981207503,0.15,S3_TREND
2026-04-22 05:00:00+00:00,ETH,SELL,5.226891287855324,0.005226891287855324,0.15,S3_TREND
2026-04-22 05:00:00+00:00,SOL,BUY,24.3926566074515,0.0243926566074515,0.15,S3_TREND
2026-04-22 06:00:00+00:00,BTC,SELL,21.33791632741668,0.02133791632741668,0.15,S3_TREND
2026-04-22 06:00:00+00:00,ETH,SELL,136.1873962798436,0.1361873962798436,0.15,S3_TREND
2026-04-22 06:00:00+00:00,SOL,SELL,90.04320928585365,0.09004320928585365,0.15,S3_TREND
2026-04-22 07:00:00+00:00,BTC,SELL,7.210381167848027,0.007210381167848027,0.15,S3_TREND
2026-04-22 07:00:00+00:00,ETH,BUY,16.745541662034157,0.016745541662034156,0.15,S3_TREND
2026-04-22 07:00:00+00:00,SOL,BUY,5.757058637009322,0.005757058637009323,0.15,S3_TREND
2026-04-22 08:00:00+00:00,ETH,BUY,20.25343650477589,0.02025343650477589,0.15,S3_TREND
2026-04-22 08:00:00+00:00,SOL,SELL,17.235669585010328,0.017235669585010327,0.15,S3_TREND
2026-04-22 09:00:00+00:00,BTC,SELL,3.7814967972481104,0.0037814967972481105,0.15,S3_TREND
2026-04-22 09:00:00+00:00,ETH,BUY,7.61904980248255,0.00761904980248255,0.15,S3_TREND
2026-04-22 09:00:00+00:00,SOL,BUY,6.8120583041509235,0.006812058304150923,0.15,S3_TREND
2026-04-22 10:00:00+00:00,BTC,BUY,8.277683458456522,0.008277683458456522,0.15,S3_TREND
2026-04-22 10:00:00+00:00,ETH,BUY,10.8899223827284,0.0108899223827284,0.15,S3_TREND
2026-04-22 10:00:00+00:00,SOL,SELL,43.36557414333038,0.04336557414333038,0.15,S3_TREND
2026-04-22 11:00:00+00:00,BTC,SELL,21.37139311638566,0.02137139311638566,0.15,S3_TREND
2026-04-22 11:00:00+00:00,ETH,SELL,8.671468855745843,0.008671468855745844,0.15,S3_TREND
2026-04-22 11:00:00+00:00,SOL,BUY,1.2058809440623008,0.0012058809440623009,0.15,S3_TREND
2026-04-22 12:00:00+00:00,BTC,SELL,15.923816705173522,0.01592381670517352,0.15,S3_TREND
2026-04-22 12:00:00+00:00,ETH,SELL,39.670875374387826,0.03967087537438783,0.15,S3_TREND
2026-04-22 12:00:00+00:00,SOL,BUY,15.82063032348924,0.01582063032348924,0.15,S3_TREND
2026-04-22 13:00:00+00:00,BTC,BUY,22.85331514050995,0.02285331514050995,0.15,S3_TREND
2026-04-22 13:00:00+00:00,ETH,SELL,28.73767050862807,0.02873767050862807,0.15,S3_TREND
2026-04-22 13:00:00+00:00,SOL,SELL,34.01997874729932,0.03401997874729932,0.15,S3_TREND
2026-04-22 14:00:00+00:00,BTC,SELL,72.17946658401343,0.07217946658401343,0.15,S3_TREND
2026-04-22 14:00:00+00:00,ETH,SELL,34.892583528215255,0.034892583528215254,0.15,S3_TREND
2026-04-22 14:00:00+00:00,SOL,SELL,44.836368982860215,0.04483636898286022,0.15,S3_TREND
2026-04-22 15:00:00+00:00,BTC,SELL,54.49077866337212,0.05449077866337212,0.15,S3_TREND
2026-04-22 15:00:00+00:00,ETH,BUY,70.50345543212643,0.07050345543212642,0.15,S3_TREND
2026-04-22 15:00:00+00:00,SOL,BUY,43.306000378412136,0.04330600037841214,0.15,S3_TREND
2026-04-22 16:00:00+00:00,BTC,SELL,49.03891211276459,0.04903891211276459,0.15,S3_TREND
2026-04-22 16:00:00+00:00,ETH,SELL,10.850453403405481,0.010850453403405482,0.15,S3_TREND
2026-04-22 16:00:00+00:00,SOL,BUY,84.46218344952285,0.08446218344952286,0.15,S3_TREND
2026-04-22 17:00:00+00:00,BTC,BUY,53.714785069665595,0.053714785069665594,0.15,S3_TREND
2026-04-22 17:00:00+00:00,ETH,BUY,63.74666498738952,0.06374666498738953,0.15,S3_TREND
2026-04-22 17:00:00+00:00,SOL,BUY,45.566923564510944,0.04556692356451095,0.15,S3_TREND
2026-04-22 18:00:00+00:00,BTC,SELL,8.2272073862041,0.0082272073862041,0.15,S3_TREND
2026-04-22 18:00:00+00:00,ETH,SELL,59.363169829983235,0.059363169829983235,0.15,S3_TREND
2026-04-22 18:00:00+00:00,SOL,SELL,9.21419629745651,0.00921419629745651,0.15,S3_TREND
2026-04-22 19:00:00+00:00,BTC,SELL,21.728694998981155,0.021728694998981155,0.15,S3_TREND
2026-04-22 19:00:00+00:00,ETH,BUY,15.069623706154744,0.015069623706154743,0.15,S3_TREND
2026-04-22 19:00:00+00:00,SOL,BUY,2.724267765237528,0.0027242677652375277,0.15,S3_TREND
2026-04-22 20:00:00+00:00,BTC,BUY,17.534754913280267,0.017534754913280267,0.15,S3_TREND
2026-04-22 20:00:00+00:00,ETH,SELL,20.52760202369791,0.02052760202369791,0.15,S3_TREND
2026-04-22 20:00:00+00:00,SOL,BUY,58.449989417415054,0.058449989417415055,0.15,S3_TREND
2026-04-22 21:00:00+00:00,BTC,BUY,53.3729068382454,0.0533729068382454,0.15,S3_TREND
2026-04-22 21:00:00+00:00,ETH,BUY,13.132965331322339,0.01313296533132234,0.15,S3_TREND
2026-04-22 21:00:00+00:00,SOL,BUY,17.390817776516997,0.017390817776516996,0.15,S3_TREND
2026-04-22 22:00:00+00:00,BTC,SELL,30.640775480995217,0.030640775480995218,0.15,S3_TREND
2026-04-22 22:00:00+00:00,ETH,SELL,34.92174120384152,0.03492174120384152,0.15,S3_TREND
2026-04-22 22:00:00+00:00,SOL,SELL,45.407100529251686,0.04540710052925169,0.15,S3_TREND
2026-04-22 23:00:00+00:00,BTC,BUY,18.209289551019538,0.01820928955101954,0.15,S3_TREND
2026-04-22 23:00:00+00:00,ETH,BUY,4.463191267532238,0.004463191267532239,0.15,S3_TREND
2026-04-22 23:00:00+00:00,SOL,BUY,16.186255218301085,0.016186255218301086,0.15,S3_TREND
2026-04-23 00:00:00+00:00,BTC,BUY,29.974739903544105,0.029974739903544104,0.15,S3_TREND
2026-04-23 00:00:00+00:00,ETH,BUY,108.689475001971,0.108689475001971,0.15,S3_TREND
2026-04-23 00:00:00+00:00,SOL,BUY,45.417083861028004,0.045417083861028,0.15,S3_TREND
2026-04-23 01:00:00+00:00,BTC,SELL,39.921401163430346,0.03992140116343035,0.15,S3_TREND
2026-04-23 01:00:00+00:00,ETH,BUY,12.988830756808966,0.012988830756808966,0.15,S3_TREND
2026-04-23 01:00:00+00:00,SOL,BUY,4.409479704967453,0.0044094797049674525,0.15,S3_TREND
2026-04-23 02:00:00+00:00,BTC,SELL,6.585468099530772,0.006585468099530772,0.15,S3_TREND
2026-04-23 02:00:00+00:00,ETH,BUY,19.395297611863498,0.0193952976118635,0.15,S3_TREND
2026-04-23 02:00:00+00:00,SOL,BUY,55.44323517081466,0.05544323517081466,0.15,S3_TREND
2026-04-23 03:00:00+00:00,BTC,BUY,40.35039258891629,0.040350392588916296,0.15,S3_TREND
2026-04-23 03:00:00+00:00,ETH,BUY,53.62014037742665,0.05362014037742665,0.15,S3_TREND
2026-04-23 03:00:00+00:00,SOL,BUY,44.90715205540255,0.04490715205540255,0.15,S3_TREND
2026-04-23 04:00:00+00:00,BTC,BUY,16.293611344164674,0.016293611344164675,0.15,S3_TREND
2026-04-23 04:00:00+00:00,ETH,BUY,49.13787475620302,0.04913787475620302,0.15,S3_TREND
2026-04-23 04:00:00+00:00,SOL,BUY,7.259353400384498,0.007259353400384498,0.15,S3_TREND
2026-04-23 05:00:00+00:00,BTC,SELL,16.502298001407326,0.016502298001407324,0.15,S3_TREND
2026-04-23 05:00:00+00:00,ETH,SELL,27.643088377390086,0.027643088377390088,0.15,S3_TREND
2026-04-23 05:00:00+00:00,SOL,SELL,14.5417335580496,0.0145417335580496,0.15,S3_TREND
2026-04-23 06:00:00+00:00,BTC,SELL,19.528001905788187,0.019528001905788187,0.15,S3_TREND
2026-04-23 06:00:00+00:00,ETH,SELL,4.006045016625649,0.0040060450166256485,0.15,S3_TREND
2026-04-23 06:00:00+00:00,SOL,BUY,17.01141290718624,0.017011412907186243,0.15,S3_TREND
2026-04-23 07:00:00+00:00,BTC,SELL,14.740846841006714,0.014740846841006714,0.15,S3_TREND
2026-04-23 07:00:00+00:00,ETH,SELL,16.78409252286292,0.01678409252286292,0.15,S3_TREND
2026-04-23 07:00:00+00:00,SOL,SELL,35.90218906948394,0.03590218906948394,0.15,S3_TREND
2026-04-23 08:00:00+00:00,BTC,BUY,9.38934276391592,0.00938934276391592,0.15,S3_TREND
2026-04-23 08:00:00+00:00,ETH,BUY,41.033329720741676,0.041033329720741675,0.15,S3_TREND
2026-04-23 08:00:00+00:00,SOL,BUY,26.406791884846825,0.026406791884846827,0.15,S3_TREND
2026-04-23 09:00:00+00:00,BTC,BUY,20.105853596616726,0.020105853596616725,0.15,S3_TREND
2026-04-23 09:00:00+00:00,ETH,BUY,12.680577705794349,0.012680577705794348,0.15,S3_TREND
2026-04-23 09:00:00+00:00,SOL,BUY,23.59200145503746,0.023592001455037464,0.15,S3_TREND
2026-04-23 10:00:00+00:00,BTC,BUY,5.826814567742986,0.005826814567742986,0.15,S3_TREND
2026-04-23 10:00:00+00:00,ETH,BUY,115.0604774027579,0.1150604774027579,0.15,S3_TREND
2026-04-23 10:00:00+00:00,SOL,SELL,3.2371049756693537,0.0032371049756693537,0.15,S3_TREND
2026-04-23 11:00:00+00:00,BTC,BUY,35.66338753256787,0.03566338753256787,0.15,S3_TREND
2026-04-23 11:00:00+00:00,ETH,BUY,2.0845989168919914,0.0020845989168919916,0.15,S3_TREND
2026-04-23 11:00:00+00:00,SOL,BUY,3.8886096501955763,0.0038886096501955765,0.15,S3_TREND
2026-04-23 12:00:00+00:00,BTC,SELL,23.77723639097167,0.02377723639097167,0.15,S3_TREND
2026-04-23 12:00:00+00:00,ETH,SELL,60.58053086174732,0.06058053086174732,0.15,S3_TREND
2026-04-23 12:00:00+00:00,SOL,SELL,35.297951626746,0.035297951626745996,0.15,S3_TREND
2026-04-23 13:00:00+00:00,BTC,SELL,22.667379198732306,0.022667379198732306,0.15,S3_TREND
2026-04-23 13:00:00+00:00,ETH,BUY,8.874052099910841,0.008874052099910842,0.15,S3_TREND
2026-04-23 13:00:00+00:00,SOL,SELL,17.03358788002879,0.01703358788002879,0.15,S3_TREND
2026-04-23 14:00:00+00:00,BTC,BUY,39.879545026647975,0.03987954502664798,0.15,S3_TREND
2026-04-23 14:00:00+00:00,ETH,BUY,33.334992483640235,0.03333499248364023,0.15,S3_TREND
2026-04-23 14:00:00+00:00,SOL,BUY,12.217193921689613,0.012217193921689613,0.15,S3_TREND
2026-04-23 15:00:00+00:00,BTC,SELL,82.35095581500354,0.08235095581500354,0.15,S3_TREND
2026-04-23 15:00:00+00:00,ETH,SELL,51.207502519560876,0.051207502519560875,0.15,S3_TREND
2026-04-23 15:00:00+00:00,SOL,SELL,9.982360899462947,0.009982360899462948,0.15,S3_TREND
2026-04-23 16:00:00+00:00,BTC,SELL,24.09749379956156,0.02409749379956156,0.15,S3_TREND
2026-04-23 16:00:00+00:00,ETH,BUY,18.518808451644873,0.018518808451644872,0.15,S3_TREND
2026-04-23 16:00:00+00:00,SOL,SELL,40.05174050706955,0.040051740507069555,0.15,S3_TREND
2026-04-23 17:00:00+00:00,BTC,BUY,23.037813772540176,0.023037813772540175,0.15,S3_TREND
2026-04-23 17:00:00+00:00,ETH,BUY,15.176350376206756,0.015176350376206757,0.15,S3_TREND
2026-04-23 17:00:00+00:00,SOL,BUY,63.3930968531713,0.06339309685317131,0.15,S3_TREND
2026-04-23 18:00:00+00:00,BTC,BUY,26.012638981545024,0.026012638981545023,0.15,S3_TREND
2026-04-23 18:00:00+00:00,ETH,BUY,63.56536824498835,0.06356536824498835,0.15,S3_TREND
2026-04-23 18:00:00+00:00,SOL,BUY,43.37385824746343,0.04337385824746343,0.15,S3_TREND
2026-04-23 19:00:00+00:00,BTC,BUY,7.221923853496264,0.007221923853496264,0.15,S3_TREND
2026-04-23 19:00:00+00:00,ETH,BUY,22.481635113397715,0.022481635113397715,0.15,S3_TREND
2026-04-23 19:00:00+00:00,SOL,BUY,5.6278931571469,0.005627893157146901,0.15,S3_TREND
2026-04-23 20:00:00+00:00,ETH,SELL,38.095713489594345,0.03809571348959435,0.15,S3_TREND
2026-04-23 20:00:00+00:00,SOL,BUY,2.7152832884621603,0.00271528328846216,0.15,S3_TREND
2026-04-23 21:00:00+00:00,BTC,SELL,5.239404376345192,0.005239404376345192,0.15,S3_TREND
2026-04-23 21:00:00+00:00,ETH,SELL,54.2250555945684,0.0542250555945684,0.15,S3_TREND
2026-04-23 21:00:00+00:00,SOL,SELL,28.601764034905496,0.028601764034905497,0.15,S3_TREND
2026-04-23 22:00:00+00:00,BTC,BUY,4.866296770042027,0.004866296770042027,0.15,S3_TREND
2026-04-23 22:00:00+00:00,ETH,BUY,23.861868706277164,0.023861868706277163,0.15,S3_TREND
2026-04-23 22:00:00+00:00,SOL,SELL,31.51821456208927,0.031518214562089274,0.15,S3_TREND
2026-04-23 23:00:00+00:00,BTC,SELL,45.037837072535694,0.0450378370725357,0.15,S3_TREND
2026-04-23 23:00:00+00:00,ETH,SELL,40.43318006788468,0.040433180067884676,0.15,S3_TREND
2026-04-23 23:00:00+00:00,SOL,SELL,2.993244304007021,0.0029932443040070213,0.15,S3_TREND
2026-04-24 00:00:00+00:00,BTC,SELL,1.0503585773440136,0.0010503585773440137,0.15,S3_TREND
2026-04-24 00:00:00+00:00,ETH,BUY,13.69182264506162,0.01369182264506162,0.15,S3_TREND
2026-04-24 00:00:00+00:00,SOL,SELL,24.019016566218852,0.024019016566218854,0.15,S3_TREND
2026-04-24 01:00:00+00:00,BTC,SELL,21.432797762741757,0.02143279776274176,0.15,S3_TREND
2026-04-24 01:00:00+00:00,ETH,SELL,5.457277807401624,0.005457277807401625,0.15,S3_TREND
2026-04-24 01:00:00+00:00,SOL,SELL,3.5456962921907684,0.0035456962921907686,0.15,S3_TREND
2026-04-24 02:00:00+00:00,SOL,SELL,12.250288624860332,0.012250288624860332,0.15,S3_TREND
2026-04-24 03:00:00+00:00,BTC,BUY,26.66425741027888,0.02666425741027888,0.15,S3_TREND
2026-04-24 03:00:00+00:00,ETH,BUY,51.0094637265247,0.0510094637265247,0.15,S3_TREND
2026-04-24 03:00:00+00:00,SOL,BUY,35.398779912304235,0.03539877991230424,0.15,S3_TREND
2026-04-24 04:00:00+00:00,BTC,BUY,45.66525586466378,0.04566525586466378,0.15,S3_TREND
2026-04-24 04:00:00+00:00,ETH,BUY,44.12438507839761,0.04412438507839761,0.15,S3_TREND
2026-04-24 04:00:00+00:00,SOL,BUY,7.3412627203942975,0.0073412627203942975,0.15,S3_TREND
2026-04-24 05:00:00+00:00,BTC,SELL,1.2339931801925559,0.0012339931801925558,0.15,S3_TREND
2026-04-24 05:00:00+00:00,ETH,BUY,1.6306811725189618,0.001630681172518962,0.15,S3_TREND
2026-04-24 05:00:00+00:00,SOL,BUY,50.47140776303604,0.05047140776303604,0.15,S3_TREND
2026-04-24 06:00:00+00:00,BTC,SELL,26.948872914661475,0.026948872914661477,0.15,S3_TREND
2026-04-24 06:00:00+00:00,ETH,SELL,28.038468584831207,0.028038468584831208,0.15,S3_TREND
2026-04-24 06:00:00+00:00,SOL,SELL,40.3179235116022,0.040317923511602204,0.15,S3_TREND
2026-04-24 07:00:00+00:00,BTC,BUY,14.095396768052524,0.014095396768052524,0.15,S3_TREND
2026-04-24 07:00:00+00:00,ETH,BUY,18.351905724843164,0.018351905724843163,0.15,S3_TREND
2026-04-24 07:00:00+00:00,SOL,BUY,27.656807717025004,0.027656807717025004,0.15,S3_TREND
2026-04-24 08:00:00+00:00,BTC,BUY,26.817793033787893,0.026817793033787896,0.15,S3_TREND
2026-04-24 08:00:00+00:00,ETH,SELL,15.46868508735679,0.01546868508735679,0.15,S3_TREND
2026-04-24 08:00:00+00:00,SOL,SELL,10.451681308059051,0.010451681308059051,0.15,S3_TREND
2026-04-24 09:00:00+00:00,BTC,SELL,22.843732663015544,0.022843732663015544,0.15,S3_TREND
2026-04-24 09:00:00+00:00,ETH,SELL,19.13303713888854,0.01913303713888854,0.15,S3_TREND
2026-04-24 09:00:00+00:00,SOL,BUY,28.986439369398795,0.028986439369398796,0.15,S3_TREND
2026-04-24 10:00:00+00:00,BTC,BUY,39.22230565974496,0.03922230565974496,0.15,S3_TREND
2026-04-24 10:00:00+00:00,ETH,BUY,22.73945357795492,0.02273945357795492,0.15,S3_TREND
2026-04-24 10:00:00+00:00,SOL,SELL,29.326922054431634,0.029326922054431635,0.15,S3_TREND
2026-04-24 11:00:00+00:00,BTC,SELL,23.89874280278491,0.02389874280278491,0.15,S3_TREND
2026-04-24 11:00:00+00:00,ETH,SELL,18.40604466067998,0.018406044660679983,0.15,S3_TREND
2026-04-24 11:00:00+00:00,SOL,SELL,7286.196071028801,7.286196071028802,0.075,S6_REVERSAL
2026-04-24 12:00:00+00:00,BTC,SELL,61.09412036062167,0.06109412036062167,0.15,S3_TREND
2026-04-24 12:00:00+00:00,ETH,SELL,45.77345987179797,0.04577345987179797,0.15,S3_TREND
2026-04-24 12:00:00+00:00,SOL,SELL,25.642201393841784,0.025642201393841785,0.075,S6_REVERSAL
2026-04-24 13:00:00+00:00,BTC,SELL,6.504190858104266,0.0065041908581042664,0.15,S3_TREND
2026-04-24 13:00:00+00:00,ETH,SELL,14536.09886140091,14.536098861400909,0.0,CASH
2026-04-24 13:00:00+00:00,SOL,SELL,11.780166538460435,0.011780166538460436,0.075,S6_REVERSAL
2026-04-24 14:00:00+00:00,BTC,BUY,23.2697566076331,0.0232697566076331,0.15,S3_TREND
2026-04-24 14:00:00+00:00,SOL,BUY,16.642524237862744,0.016642524237862746,0.075,S6_REVERSAL
2026-04-24 15:00:00+00:00,BTC,BUY,8.50215096446118,0.00850215096446118,0.15,S3_TREND
2026-04-24 15:00:00+00:00,SOL,BUY,1.5569555513266096,0.0015569555513266096,0.075,S6_REVERSAL
2026-04-24 16:00:00+00:00,BTC,BUY,5.800104492520404,0.005800104492520404,0.15,S3_TREND
2026-04-24 16:00:00+00:00,SOL,SELL,36.72086502842194,0.036720865028421944,0.075,S6_REVERSAL
2026-04-24 17:00:00+00:00,BTC,BUY,39.21731950580943,0.03921731950580943,0.15,S3_TREND
2026-04-24 17:00:00+00:00,SOL,BUY,10.3332130947947,0.0103332130947947,0.075,S6_REVERSAL
2026-04-24 18:00:00+00:00,BTC,BUY,16.98675012923013,0.016986750129230132,0.15,S3_TREND
2026-04-24 18:00:00+00:00,SOL,SELL,13.017334954392936,0.013017334954392936,0.075,S6_REVERSAL
2026-04-24 19:00:00+00:00,BTC,BUY,8.578688996301935,0.008578688996301934,0.15,S3_TREND
2026-04-24 19:00:00+00:00,SOL,BUY,8.435247780958889,0.00843524778095889,0.075,S6_REVERSAL
2026-04-24 20:00:00+00:00,BTC,SELL,2.319074693692528,0.002319074693692528,0.15,S3_TREND
2026-04-24 20:00:00+00:00,SOL,BUY,4.0387579862181155,0.0040387579862181154,0.075,S6_REVERSAL
2026-04-24 21:00:00+00:00,BTC,SELL,7.546107391830446,0.007546107391830446,0.15,S3_TREND
2026-04-24 21:00:00+00:00,SOL,SELL,40.01506846231496,0.04001506846231496,0.075,S6_REVERSAL
2026-04-24 22:00:00+00:00,BTC,SELL,14508.586561454797,14.508586561454797,0.0,CASH
2026-04-24 22:00:00+00:00,SOL,BUY,28.4221254161439,0.0284221254161439,0.075,S6_REVERSAL
2026-04-24 23:00:00+00:00,SOL,BUY,19.90154382635501,0.01990154382635501,0.075,S6_REVERSAL
2026-04-25 01:00:00+00:00,SOL,SELL,3.899547103751502,0.0038995471037515024,0.075,S6_REVERSAL
2026-04-25 02:00:00+00:00,BTC,BUY,7264.0752600696505,7.26407526006965,0.075,S6_REVERSAL
2026-04-25 02:00:00+00:00,SOL,SELL,3.896255407512399,0.003896255407512399,0.075,S6_REVERSAL
2026-04-25 03:00:00+00:00,BTC,SELL,6.278973595469324,0.006278973595469324,0.075,S6_REVERSAL
2026-04-25 04:00:00+00:00,BTC,SELL,5.035222248253377,0.005035222248253377,0.075,S6_REVERSAL
2026-04-25 04:00:00+00:00,SOL,SELL,13.598228625853155,0.013598228625853154,0.075,S6_REVERSAL
2026-04-25 05:00:00+00:00,BTC,BUY,4.4360211527719,0.0044360211527719,0.075,S6_REVERSAL
2026-04-25 05:00:00+00:00,SOL,BUY,8.905329911227454,0.008905329911227455,0.075,S6_REVERSAL
2026-04-25 06:00:00+00:00,BTC,BUY,8.532830582038514,0.008532830582038515,0.075,S6_REVERSAL
2026-04-25 06:00:00+00:00,SOL,BUY,10.131274102823227,0.010131274102823227,0.075,S6_REVERSAL
2026-04-25 07:00:00+00:00,BTC,BUY,2.153899330378408,0.002153899330378408,0.075,S6_REVERSAL
2026-04-25 07:00:00+00:00,SOL,SELL,19.532095432517053,0.019532095432517053,0.075,S6_REVERSAL
2026-04-25 08:00:00+00:00,SOL,BUY,6.976663718585769,0.006976663718585769,0.075,S6_REVERSAL
2026-04-25 09:00:00+00:00,BTC,SELL,11.045428829653247,0.011045428829653247,0.075,S6_REVERSAL
2026-04-25 09:00:00+00:00,SOL,SELL,19.229459247215345,0.019229459247215346,0.075,S6_REVERSAL
2026-04-25 10:00:00+00:00,BTC,SELL,6.415825359565133,0.006415825359565133,0.075,S6_REVERSAL
2026-04-25 10:00:00+00:00,SOL,BUY,3.601202855487827,0.0036012028554878272,0.075,S6_REVERSAL
2026-04-25 11:00:00+00:00,BTC,SELL,6.017182087770379,0.00601718208777038,0.075,S6_REVERSAL
2026-04-25 11:00:00+00:00,SOL,SELL,3.3691630353623623,0.0033691630353623624,0.075,S6_REVERSAL
2026-04-25 12:00:00+00:00,BTC,BUY,7.415203412698247,0.0074152034126982475,0.075,S6_REVERSAL
2026-04-25 12:00:00+00:00,SOL,BUY,20.212001513326868,0.020212001513326867,0.075,S6_REVERSAL
2026-04-25 13:00:00+00:00,BTC,BUY,11.013697663786843,0.011013697663786843,0.075,S6_REVERSAL
2026-04-25 13:00:00+00:00,SOL,SELL,3.214360710414439,0.003214360710414439,0.075,S6_REVERSAL
2026-04-25 14:00:00+00:00,BTC,SELL,10.271825957596775,0.010271825957596774,0.075,S6_REVERSAL
2026-04-25 14:00:00+00:00,SOL,SELL,16.16764737212179,0.016167647372121792,0.075,S6_REVERSAL
2026-04-25 15:00:00+00:00,BTC,BUY,2.078770776680358,0.002078770776680358,0.075,S6_REVERSAL
2026-04-25 15:00:00+00:00,SOL,BUY,11.394038993781578,0.011394038993781578,0.075,S6_REVERSAL
2026-04-25 16:00:00+00:00,BTC,BUY,26.74147146948144,0.02674147146948144,0.075,S6_REVERSAL
2026-04-25 16:00:00+00:00,SOL,BUY,16.363314640573662,0.016363314640573664,0.075,S6_REVERSAL
2026-04-25 17:00:00+00:00,BTC,SELL,7.972385718316218,0.007972385718316218,0.075,S6_REVERSAL
2026-04-25 17:00:00+00:00,SOL,BUY,26.956775314165498,0.026956775314165498,0.075,S6_REVERSAL
2026-04-25 18:00:00+00:00,BTC,BUY,11.112764632361177,0.011112764632361178,0.075,S6_REVERSAL
2026-04-25 18:00:00+00:00,SOL,BUY,23.954419715994845,0.023954419715994844,0.075,S6_REVERSAL
2026-04-25 19:00:00+00:00,BTC,SELL,5.017060107496945,0.005017060107496946,0.075,S6_REVERSAL
2026-04-25 19:00:00+00:00,SOL,SELL,9.728178957639102,0.009728178957639102,0.075,S6_REVERSAL
2026-04-25 20:00:00+00:00,BTC,SELL,1.5409055998206895,0.0015409055998206896,0.075,S6_REVERSAL
2026-04-25 20:00:00+00:00,SOL,BUY,7259.14847068213,7.25914847068213,0.15,S3_TREND
2026-04-25 21:00:00+00:00,BTC,SELL,10.697511796703111,0.010697511796703111,0.075,S6_REVERSAL
2026-04-25 21:00:00+00:00,SOL,SELL,30.672167623199133,0.030672167623199135,0.15,S3_TREND
2026-04-25 22:00:00+00:00,BTC,SELL,3.924015913160474,0.003924015913160475,0.075,S6_REVERSAL
2026-04-25 23:00:00+00:00,SOL,SELL,29.091260378037987,0.029091260378037987,0.15,S3_TREND
2026-04-26 00:00:00+00:00,BTC,SELL,5.046780539233623,0.005046780539233623,0.075,S6_REVERSAL
2026-04-26 00:00:00+00:00,SOL,SELL,10.522822193197499,0.010522822193197499,0.15,S3_TREND
2026-04-26 01:00:00+00:00,BTC,BUY,8.59187940382526,0.00859187940382526,0.075,S6_REVERSAL
2026-04-26 01:00:00+00:00,SOL,BUY,21.20703241591218,0.02120703241591218,0.15,S3_TREND
2026-04-26 02:00:00+00:00,BTC,BUY,2.8120989686021858,0.0028120989686021857,0.075,S6_REVERSAL
2026-04-26 02:00:00+00:00,SOL,BUY,8.027606798221314,0.008027606798221313,0.15,S3_TREND
2026-04-26 03:00:00+00:00,SOL,SELL,61.02836519759694,0.06102836519759694,0.15,S3_TREND
2026-04-26 04:00:00+00:00,BTC,BUY,5.5554960467416095,0.00555549604674161,0.075,S6_REVERSAL
2026-04-26 04:00:00+00:00,SOL,BUY,57.042130259944315,0.05704213025994432,0.15,S3_TREND
2026-04-26 05:00:00+00:00,BTC,SELL,26.7701117057004,0.0267701117057004,0.075,S6_REVERSAL
2026-04-26 05:00:00+00:00,SOL,SELL,59.35146258362329,0.05935146258362329,0.15,S3_TREND
2026-04-26 06:00:00+00:00,BTC,SELL,18.080541350663225,0.018080541350663226,0.075,S6_REVERSAL
2026-04-26 06:00:00+00:00,SOL,BUY,2.918014017790483,0.002918014017790483,0.15,S3_TREND
2026-04-26 07:00:00+00:00,SOL,SELL,8.36407511847574,0.00836407511847574,0.15,S3_TREND
2026-04-26 08:00:00+00:00,BTC,SELL,7283.050376019877,7.283050376019878,0.0,CASH
2026-04-26 08:00:00+00:00,SOL,SELL,17.13506043747475,0.017135060437474748,0.15,S3_TREND
2026-04-26 09:00:00+00:00,SOL,BUY,7.470901564223823,0.007470901564223823,0.15,S3_TREND
2026-04-26 10:00:00+00:00,SOL,BUY,4.284044678261125,0.004284044678261125,0.15,S3_TREND
2026-04-26 11:00:00+00:00,SOL,BUY,10.001021924492306,0.010001021924492306,0.15,S3_TREND
2026-04-26 12:00:00+00:00,SOL,SELL,2.8610847914515034,0.0028610847914515036,0.15,S3_TREND
2026-04-26 13:00:00+00:00,SOL,BUY,57.18001641785122,0.05718001641785122,0.15,S3_TREND
2026-04-26 14:00:00+00:00,SOL,SELL,4.314047236186525,0.004314047236186525,0.15,S3_TREND
2026-04-26 15:00:00+00:00,ETH,BUY,14543.951392178327,14.543951392178327,0.15,S3_TREND
2026-04-26 15:00:00+00:00,SOL,SELL,43.042575616547765,0.043042575616547764,0.15,S3_TREND
2026-04-26 16:00:00+00:00,ETH,SELL,8.706842762954693,0.008706842762954694,0.15,S3_TREND
2026-04-26 16:00:00+00:00,SOL,SELL,19.055011459175148,0.01905501145917515,0.15,S3_TREND
2026-04-26 17:00:00+00:00,ETH,BUY,23.785364630974072,0.02378536463097407,0.15,S3_TREND
2026-04-26 17:00:00+00:00,SOL,BUY,13.791451005796262,0.013791451005796262,0.15,S3_TREND
2026-04-26 18:00:00+00:00,ETH,SELL,31.514530378675772,0.03151453037867577,0.15,S3_TREND
2026-04-26 18:00:00+00:00,SOL,SELL,9.685195663118066,0.009685195663118066,0.15,S3_TREND
2026-04-26 19:00:00+00:00,ETH,SELL,58.85100080177471,0.05885100080177471,0.15,S3_TREND
2026-04-26 19:00:00+00:00,SOL,SELL,29.773124320583523,0.029773124320583523,0.15,S3_TREND
2026-04-26 20:00:00+00:00,ETH,SELL,26.61081667657345,0.02661081667657345,0.15,S3_TREND
2026-04-26 20:00:00+00:00,SOL,SELL,4.9915432317320665,0.004991543231732067,0.15,S3_TREND
2026-04-26 21:00:00+00:00,ETH,BUY,20.550268754537683,0.020550268754537682,0.15,S3_TREND
2026-04-26 21:00:00+00:00,SOL,BUY,23.992529439250575,0.023992529439250575,0.15,S3_TREND
2026-04-26 22:00:00+00:00,ETH,SELL,6.319624114301404,0.0063196241143014045,0.15,S3_TREND
2026-04-26 22:00:00+00:00,SOL,SELL,16.878268384305557,0.016878268384305558,0.15,S3_TREND
2026-04-26 23:00:00+00:00,ETH,BUY,10.6155805930739,0.0106155805930739,0.15,S3_TREND
2026-04-26 23:00:00+00:00,SOL,BUY,10.559753568042652,0.010559753568042653,0.15,S3_TREND
2026-04-27 00:00:00+00:00,ETH,SELL,34.64269616263664,0.03464269616263664,0.15,S3_TREND
2026-04-27 00:00:00+00:00,SOL,SELL,21.54856254359038,0.021548562543590378,0.15,S3_TREND
2026-04-27 01:00:00+00:00,BTC,BUY,14605.95870569244,14.605958705692439,0.15,S3_TREND
2026-04-27 01:00:00+00:00,ETH,SELL,100.07953962897955,0.10007953962897954,0.15,S3_TREND
2026-04-27 01:00:00+00:00,SOL,SELL,38.96452106142715,0.03896452106142715,0.15,S3_TREND
2026-04-27 02:00:00+00:00,BTC,BUY,17.49975208242904,0.01749975208242904,0.15,S3_TREND
2026-04-27 02:00:00+00:00,ETH,SELL,11.852622727767084,0.011852622727767085,0.15,S3_TREND
2026-04-27 02:00:00+00:00,SOL,SELL,67.43973340999946,0.06743973340999947,0.15,S3_TREND
2026-04-27 03:00:00+00:00,BTC,BUY,21.58109037448412,0.02158109037448412,0.15,S3_TREND
2026-04-27 03:00:00+00:00,ETH,BUY,8.14798770865491,0.00814798770865491,0.15,S3_TREND
2026-04-27 03:00:00+00:00,SOL,SELL,5.08333350274188,0.00508333350274188,0.15,S3_TREND
2026-04-27 04:00:00+00:00,BTC,BUY,4.060094911214037,0.004060094911214037,0.15,S3_TREND
2026-04-27 04:00:00+00:00,ETH,SELL,16.897228279916817,0.016897228279916816,0.15,S3_TREND
2026-04-27 04:00:00+00:00,SOL,BUY,14.51058038932024,0.01451058038932024,0.15,S3_TREND
2026-04-27 05:00:00+00:00,BTC,BUY,12.469323617924601,0.012469323617924601,0.15,S3_TREND
2026-04-27 05:00:00+00:00,ETH,BUY,52.25924948530337,0.052259249485303375,0.15,S3_TREND
2026-04-27 05:00:00+00:00,SOL,BUY,12.297376558755786,0.012297376558755787,0.15,S3_TREND
2026-04-27 06:00:00+00:00,BTC,BUY,84.84895324200079,0.08484895324200079,0.15,S3_TREND
2026-04-27 06:00:00+00:00,ETH,BUY,239.7173557889637,0.2397173557889637,0.15,S3_TREND
2026-04-27 06:00:00+00:00,SOL,BUY,136.08367433598505,0.13608367433598506,0.15,S3_TREND
2026-04-27 07:00:00+00:00,BTC,BUY,5.610892267850431,0.005610892267850431,0.15,S3_TREND
2026-04-27 07:00:00+00:00,ETH,BUY,3.173383504012236,0.0031733835040122357,0.15,S3_TREND
2026-04-27 07:00:00+00:00,SOL,BUY,28.43215258076816,0.02843215258076816,0.15,S3_TREND
2026-04-27 08:00:00+00:00,BTC,SELL,1.27842954589687,0.00127842954589687,0.15,S3_TREND
2026-04-27 08:00:00+00:00,ETH,BUY,12.523034194016873,0.012523034194016873,0.15,S3_TREND
2026-04-27 08:00:00+00:00,SOL,BUY,57.20384452709732,0.05720384452709732,0.15,S3_TREND
2026-04-27 09:00:00+00:00,BTC,SELL,21.74198273746515,0.02174198273746515,0.15,S3_TREND
2026-04-27 09:00:00+00:00,ETH,SELL,7.895566793597027,0.007895566793597026,0.15,S3_TREND
2026-04-27 09:00:00+00:00,SOL,SELL,25.58888418479546,0.025588884184795463,0.15,S3_TREND
2026-04-27 10:00:00+00:00,BTC,SELL,13.527161783134943,0.013527161783134943,0.15,S3_TREND
2026-04-27 10:00:00+00:00,ETH,SELL,11.394525450137735,0.011394525450137735,0.15,S3_TREND
2026-04-27 10:00:00+00:00,SOL,BUY,9.312045088659943,0.009312045088659944,0.15,S3_TREND
2026-04-27 11:00:00+00:00,BTC,SELL,1.3890491224046857,0.0013890491224046858,0.15,S3_TREND
2026-04-27 11:00:00+00:00,ETH,BUY,2.093780290490031,0.002093780290490031,0.15,S3_TREND
2026-04-27 11:00:00+00:00,SOL,BUY,38.37381123267187,0.03837381123267187,0.15,S3_TREND
2026-04-27 12:00:00+00:00,BTC,BUY,2.9159575533067255,0.0029159575533067254,0.15,S3_TREND
2026-04-27 12:00:00+00:00,SOL,SELL,14456.439349606906,14.456439349606907,0.0,CASH
2026-04-27 13:00:00+00:00,BTC,BUY,19.86043535774479,0.01986043535774479,0.15,S3_TREND
2026-04-27 13:00:00+00:00,ETH,BUY,26.48365266926703,0.02648365266926703,0.15,S3_TREND
2026-04-27 14:00:00+00:00,BTC,SELL,14.248664593689682,0.014248664593689682,0.15,S3_TREND
2026-04-27 14:00:00+00:00,ETH,BUY,11.854719036287861,0.011854719036287861,0.15,S3_TREND
2026-04-27 15:00:00+00:00,BTC,SELL,8.503972625594542,0.008503972625594543,0.15,S3_TREND
2026-04-27 15:00:00+00:00,ETH,SELL,11.201485225548822,0.011201485225548823,0.15,S3_TREND
2026-04-27 15:00:00+00:00,SOL,BUY,7219.085321916402,7.219085321916402,0.075,S6_REVERSAL
2026-04-27 16:00:00+00:00,BTC,BUY,109.52878475630314,0.10952878475630314,0.15,S3_TREND
2026-04-27 16:00:00+00:00,ETH,BUY,167.37550507585365,0.16737550507585366,0.15,S3_TREND
2026-04-27 16:00:00+00:00,SOL,BUY,49.719756938838145,0.04971975693883814,0.075,S6_REVERSAL
2026-04-27 17:00:00+00:00,BTC,BUY,31.989074968581917,0.031989074968581915,0.15,S3_TREND
2026-04-27 17:00:00+00:00,ETH,SELL,19.950908590521067,0.019950908590521066,0.15,S3_TREND
2026-04-27 17:00:00+00:00,SOL,SELL,9.70168499510055,0.00970168499510055,0.075,S6_REVERSAL
2026-04-27 18:00:00+00:00,BTC,SELL,8.964082140355458,0.008964082140355458,0.15,S3_TREND
2026-04-27 18:00:00+00:00,ETH,SELL,42.07643620720046,0.04207643620720046,0.15,S3_TREND
2026-04-27 18:00:00+00:00,SOL,SELL,8.987616241814976,0.008987616241814976,0.075,S6_REVERSAL
2026-04-27 19:00:00+00:00,BTC,SELL,11.625036557317799,0.0116250365573178,0.15,S3_TREND
2026-04-27 19:00:00+00:00,ETH,SELL,5.048305460581105,0.005048305460581105,0.15,S3_TREND
2026-04-27 19:00:00+00:00,SOL,SELL,5.815575097923101,0.005815575097923101,0.075,S6_REVERSAL
2026-04-27 20:00:00+00:00,BTC,SELL,11.625982943418421,0.011625982943418421,0.15,S3_TREND
2026-04-27 20:00:00+00:00,ETH,SELL,5.871695256661042,0.005871695256661042,0.15,S3_TREND
2026-04-27 20:00:00+00:00,SOL,BUY,31.471131017924563,0.031471131017924564,0.075,S6_REVERSAL
2026-04-27 21:00:00+00:00,BTC,SELL,9.397873394011185,0.009397873394011186,0.15,S3_TREND
2026-04-27 21:00:00+00:00,ETH,SELL,9.977983408456566,0.009977983408456566,0.15,S3_TREND
2026-04-27 21:00:00+00:00,SOL,SELL,5.552075085756769,0.005552075085756769,0.075,S6_REVERSAL
2026-04-27 22:00:00+00:00,BTC,BUY,23.34827339261028,0.02334827339261028,0.15,S3_TREND
2026-04-27 22:00:00+00:00,ETH,BUY,18.203154829709092,0.018203154829709092,0.15,S3_TREND
2026-04-27 22:00:00+00:00,SOL,SELL,3.6929164628700164,0.0036929164628700163,0.075,S6_REVERSAL
2026-04-27 23:00:00+00:00,BTC,SELL,34.5455315465897,0.0345455315465897,0.15,S3_TREND
2026-04-27 23:00:00+00:00,ETH,SELL,26.320986809212627,0.02632098680921263,0.15,S3_TREND
2026-04-27 23:00:00+00:00,SOL,SELL,13.277283114546663,0.013277283114546663,0.075,S6_REVERSAL
2026-04-28 00:00:00+00:00,BTC,SELL,35.947229746549056,0.035947229746549056,0.15,S3_TREND
2026-04-28 00:00:00+00:00,ETH,SELL,37.3442133712324,0.0373442133712324,0.15,S3_TREND
2026-04-28 00:00:00+00:00,SOL,SELL,14.19237271757447,0.01419237271757447,0.075,S6_REVERSAL
2026-04-28 01:00:00+00:00,BTC,BUY,1.581558746229348,0.001581558746229348,0.15,S3_TREND
2026-04-28 01:00:00+00:00,ETH,SELL,16.263259211078548,0.01626325921107855,0.15,S3_TREND
2026-04-28 01:00:00+00:00,SOL,BUY,1.5636660695354294,0.0015636660695354295,0.075,S6_REVERSAL
2026-04-28 02:00:00+00:00,BTC,BUY,33.69962432729335,0.03369962432729335,0.15,S3_TREND
2026-04-28 02:00:00+00:00,ETH,BUY,29.68752478570059,0.029687524785700588,0.15,S3_TREND
2026-04-28 02:00:00+00:00,SOL,BUY,25.06638303903219,0.02506638303903219,0.075,S6_REVERSAL
2026-04-28 03:00:00+00:00,BTC,BUY,18.863772898344905,0.018863772898344906,0.15,S3_TREND
2026-04-28 03:00:00+00:00,ETH,BUY,42.228918277005505,0.042228918277005506,0.15,S3_TREND
2026-04-28 03:00:00+00:00,SOL,BUY,10.9529789329099,0.0109529789329099,0.075,S6_REVERSAL
2026-04-28 04:00:00+00:00,BTC,BUY,13.876008782071949,0.01387600878207195,0.15,S3_TREND
2026-04-28 04:00:00+00:00,ETH,SELL,11.77407693983696,0.01177407693983696,0.15,S3_TREND
2026-04-28 05:00:00+00:00,BTC,SELL,15.347443828548421,0.015347443828548421,0.15,S3_TREND
2026-04-28 05:00:00+00:00,ETH,BUY,13.038079469959484,0.013038079469959486,0.15,S3_TREND
2026-04-28 05:00:00+00:00,SOL,BUY,8.39797794750666,0.00839797794750666,0.075,S6_REVERSAL
2026-04-28 06:00:00+00:00,BTC,BUY,1.829288077844467,0.0018292880778444669,0.15,S3_TREND
2026-04-28 06:00:00+00:00,ETH,BUY,4.260838227768545,0.004260838227768545,0.15,S3_TREND
2026-04-28 06:00:00+00:00,SOL,SELL,12.10558984014915,0.01210558984014915,0.075,S6_REVERSAL
2026-04-28 07:00:00+00:00,BTC,BUY,13.146771795278255,0.013146771795278255,0.15,S3_TREND
2026-04-28 07:00:00+00:00,ETH,BUY,48.079794411665716,0.04807979441166572,0.15,S3_TREND
2026-04-28 07:00:00+00:00,SOL,SELL,7164.555051308094,7.164555051308095,0.0,CASH
2026-04-28 08:00:00+00:00,BTC,SELL,16.611541478814615,0.016611541478814617,0.15,S3_TREND
2026-04-28 08:00:00+00:00,ETH,SELL,52.17021430587374,0.05217021430587374,0.15,S3_TREND
2026-04-28 09:00:00+00:00,BTC,BUY,2.4005442083871458,0.0024005442083871458,0.15,S3_TREND
2026-04-28 09:00:00+00:00,ETH,BUY,4.374031457464298,0.004374031457464298,0.15,S3_TREND
2026-04-28 10:00:00+00:00,BTC,BUY,36.87385222456396,0.03687385222456396,0.15,S3_TREND
2026-04-28 10:00:00+00:00,ETH,BUY,18.375695765411365,0.018375695765411364,0.15,S3_TREND
2026-04-28 11:00:00+00:00,BTC,SELL,1.1287780179845868,0.001128778017984587,0.15,S3_TREND
2026-04-28 11:00:00+00:00,ETH,SELL,11.465617052692323,0.011465617052692324,0.15,S3_TREND
2026-04-28 12:00:00+00:00,BTC,SELL,7115.9298795614495,7.11592987956145,0.075,S6_REVERSAL
2026-04-28 12:00:00+00:00,ETH,BUY,38.148673239018535,0.038148673239018535,0.15,S3_TREND
2026-04-28 13:00:00+00:00,BTC,SELL,11.605915910582553,0.011605915910582553,0.075,S6_REVERSAL
2026-04-28 13:00:00+00:00,ETH,SELL,14.642505179963337,0.014642505179963336,0.15,S3_TREND
2026-04-28 14:00:00+00:00,BTC,BUY,14.943951849400946,0.014943951849400946,0.075,S6_REVERSAL
2026-04-28 14:00:00+00:00,ETH,SELL,7161.586513547536,7.161586513547536,0.075,S6_REVERSAL
2026-04-28 15:00:00+00:00,BTC,BUY,19.645402753646522,0.019645402753646523,0.075,S6_REVERSAL
2026-04-28 15:00:00+00:00,ETH,BUY,6.304523061957298,0.006304523061957298,0.075,S6_REVERSAL
2026-04-28 15:00:00+00:00,SOL,BUY,7166.0465351236935,7.1660465351236935,0.075,S6_REVERSAL
2026-04-28 16:00:00+00:00,BTC,SELL,8.879420691756422,0.008879420691756422,0.075,S6_REVERSAL
2026-04-28 16:00:00+00:00,ETH,SELL,17.820754807910816,0.017820754807910816,0.075,S6_REVERSAL
2026-04-28 16:00:00+00:00,SOL,SELL,2.195335757661269,0.002195335757661269,0.075,S6_REVERSAL
2026-04-28 17:00:00+00:00,BTC,SELL,2.829356512284903,0.002829356512284903,0.075,S6_REVERSAL
2026-04-28 17:00:00+00:00,ETH,SELL,17.486681367983692,0.017486681367983693,0.075,S6_REVERSAL
2026-04-28 17:00:00+00:00,SOL,SELL,7.6070296688913,0.0076070296688913,0.075,S6_REVERSAL
2026-04-28 18:00:00+00:00,BTC,SELL,4.163610817380686,0.0041636108173806865,0.075,S6_REVERSAL
2026-04-28 18:00:00+00:00,ETH,SELL,12.570385257500675,0.012570385257500675,0.075,S6_REVERSAL
2026-04-28 19:00:00+00:00,BTC,SELL,2.0295322706106163,0.0020295322706106165,0.075,S6_REVERSAL
2026-04-28 19:00:00+00:00,ETH,SELL,16.37074172118446,0.01637074172118446,0.075,S6_REVERSAL
2026-04-28 19:00:00+00:00,SOL,SELL,14.895825287137995,0.014895825287137995,0.075,S6_REVERSAL
2026-04-28 20:00:00+00:00,BTC,SELL,6.048059208527775,0.006048059208527775,0.075,S6_REVERSAL
2026-04-28 20:00:00+00:00,ETH,SELL,13.31042813509248,0.01331042813509248,0.075,S6_REVERSAL
2026-04-28 20:00:00+00:00,SOL,SELL,4.539947683684659,0.004539947683684659,0.075,S6_REVERSAL
2026-04-28 21:00:00+00:00,BTC,SELL,13.774032634412835,0.013774032634412835,0.075,S6_REVERSAL
2026-04-28 21:00:00+00:00,ETH,BUY,18.718829957650087,0.018718829957650087,0.075,S6_REVERSAL
2026-04-28 21:00:00+00:00,SOL,BUY,8.143186438273005,0.008143186438273005,0.075,S6_REVERSAL
2026-04-28 22:00:00+00:00,BTC,BUY,7.6747040084583205,0.007674704008458321,0.075,S6_REVERSAL
2026-04-28 22:00:00+00:00,ETH,BUY,14.626865378818366,0.014626865378818367,0.075,S6_REVERSAL
2026-04-28 22:00:00+00:00,SOL,BUY,1.9337876063191288,0.0019337876063191288,0.075,S6_REVERSAL
2026-04-28 23:00:00+00:00,BTC,BUY,8.99889924337458,0.00899889924337458,0.075,S6_REVERSAL
2026-04-28 23:00:00+00:00,ETH,BUY,10.56995869446473,0.010569958694464731,0.075,S6_REVERSAL
2026-04-29 00:00:00+00:00,BTC,SELL,5.8069016270055736,0.005806901627005574,0.075,S6_REVERSAL
2026-04-29 00:00:00+00:00,ETH,SELL,6.538365044587408,0.006538365044587408,0.075,S6_REVERSAL
2026-04-29 00:00:00+00:00,SOL,SELL,26.422237061055966,0.026422237061055967,0.075,S6_REVERSAL
2026-04-29 01:00:00+00:00,BTC,SELL,14.012816393438698,0.014012816393438697,0.075,S6_REVERSAL
2026-04-29 01:00:00+00:00,ETH,SELL,7.479269551313337,0.007479269551313337,0.075,S6_REVERSAL
2026-04-29 01:00:00+00:00,SOL,BUY,1.8929398624413807,0.0018929398624413806,0.075,S6_REVERSAL
2026-04-29 02:00:00+00:00,BTC,SELL,4.857109500785555,0.004857109500785555,0.075,S6_REVERSAL
2026-04-29 02:00:00+00:00,SOL,SELL,2.736684584552677,0.0027366845845526767,0.075,S6_REVERSAL
2026-04-29 03:00:00+00:00,BTC,BUY,2.282318028364898,0.0022823180283648983,0.075,S6_REVERSAL
2026-04-29 03:00:00+00:00,ETH,BUY,10.323039328482082,0.010323039328482083,0.075,S6_REVERSAL
2026-04-29 03:00:00+00:00,SOL,BUY,2.827380469650052,0.002827380469650052,0.075,S6_REVERSAL
2026-04-29 04:00:00+00:00,BTC,SELL,31.356123717579067,0.031356123717579065,0.075,S6_REVERSAL
2026-04-29 04:00:00+00:00,ETH,SELL,58.945871582653126,0.058945871582653124,0.075,S6_REVERSAL
2026-04-29 04:00:00+00:00,SOL,SELL,7224.326651273798,7.224326651273798,0.0,CASH
2026-04-29 05:00:00+00:00,BTC,SELL,7215.148058309162,7.215148058309162,0.0,CASH
2026-04-29 05:00:00+00:00,ETH,SELL,7238.581649722382,7.2385816497223825,0.0,CASH
2026-04-29 19:00:00+00:00,ETH,BUY,7193.447083465154,7.193447083465154,0.075,S6_REVERSAL
2026-04-29 19:00:00+00:00,SOL,BUY,7193.447083465154,7.193447083465154,0.075,S6_REVERSAL
2026-04-29 20:00:00+00:00,ETH,BUY,15.261227959830649,0.01526122795983065,0.075,S6_REVERSAL
2026-04-29 20:00:00+00:00,SOL,BUY,5.627926416432274,0.005627926416432274,0.075,S6_REVERSAL
2026-04-29 21:00:00+00:00,ETH,SELL,17.285467026932565,0.017285467026932566,0.075,S6_REVERSAL
2026-04-29 21:00:00+00:00,SOL,SELL,32.36027212051704,0.032360272120517036,0.075,S6_REVERSAL
2026-04-29 22:00:00+00:00,ETH,SELL,35.894121405958686,0.035894121405958684,0.075,S6_REVERSAL
2026-04-29 22:00:00+00:00,SOL,SELL,20.299861940846313,0.020299861940846313,0.075,S6_REVERSAL
2026-04-29 23:00:00+00:00,ETH,SELL,12.647236905858335,0.012647236905858335,0.075,S6_REVERSAL
2026-04-29 23:00:00+00:00,SOL,SELL,11.746510783323174,0.011746510783323174,0.075,S6_REVERSAL
2026-04-30 00:00:00+00:00,BTC,BUY,7200.517553228395,7.200517553228395,0.075,S6_REVERSAL
2026-04-30 00:00:00+00:00,ETH,BUY,14.237338020027892,0.014237338020027891,0.075,S6_REVERSAL
2026-04-30 01:00:00+00:00,BTC,SELL,32.178570558226056,0.03217857055822606,0.075,S6_REVERSAL
2026-04-30 01:00:00+00:00,ETH,SELL,50.1215639340835,0.0501215639340835,0.075,S6_REVERSAL
2026-04-30 01:00:00+00:00,SOL,SELL,52.222430874242484,0.052222430874242484,0.075,S6_REVERSAL
2026-04-30 02:00:00+00:00,ETH,BUY,8.626218475303176,0.008626218475303177,0.075,S6_REVERSAL
2026-04-30 02:00:00+00:00,SOL,BUY,3.122017994336602,0.003122017994336602,0.075,S6_REVERSAL
2026-04-30 03:00:00+00:00,BTC,BUY,35.783288384431216,0.03578328838443122,0.075,S6_REVERSAL
2026-04-30 03:00:00+00:00,ETH,BUY,62.53362861741425,0.06253362861741425,0.075,S6_REVERSAL
2026-04-30 03:00:00+00:00,SOL,BUY,51.80697915783185,0.05180697915783185,0.075,S6_REVERSAL
2026-04-30 04:00:00+00:00,BTC,SELL,17.179787479976767,0.01717978747997677,0.075,S6_REVERSAL
2026-04-30 04:00:00+00:00,ETH,SELL,21.97640196055181,0.02197640196055181,0.075,S6_REVERSAL
2026-04-30 04:00:00+00:00,SOL,SELL,2.884780140489056,0.002884780140489056,0.075,S6_REVERSAL
2026-04-30 05:00:00+00:00,BTC,BUY,30.105738192512035,0.030105738192512038,0.075,S6_REVERSAL
2026-04-30 05:00:00+00:00,ETH,BUY,34.795103788589586,0.03479510378858958,0.075,S6_REVERSAL
2026-04-30 05:00:00+00:00,SOL,BUY,46.44240296422595,0.04644240296422595,0.075,S6_REVERSAL
2026-04-30 06:00:00+00:00,BTC,SELL,7.066503582489531,0.0070665035824895315,0.075,S6_REVERSAL
2026-04-30 06:00:00+00:00,ETH,SELL,9.388428056103294,0.009388428056103295,0.075,S6_REVERSAL
2026-04-30 06:00:00+00:00,SOL,SELL,12.083691727068071,0.012083691727068071,0.075,S6_REVERSAL
2026-04-30 07:00:00+00:00,BTC,SELL,9.757105755163138,0.009757105755163139,0.075,S6_REVERSAL
2026-04-30 07:00:00+00:00,ETH,SELL,12.05910954018418,0.01205910954018418,0.075,S6_REVERSAL
2026-04-30 07:00:00+00:00,SOL,SELL,28.260934713616734,0.028260934713616737,0.075,S6_REVERSAL
2026-04-30 08:00:00+00:00,BTC,SELL,30.32330100031959,0.03032330100031959,0.075,S6_REVERSAL
2026-04-30 08:00:00+00:00,ETH,SELL,30.862850647877167,0.03086285064787717,0.075,S6_REVERSAL
2026-04-30 08:00:00+00:00,SOL,SELL,26.253361314596077,0.026253361314596078,0.075,S6_REVERSAL
2026-04-30 09:00:00+00:00,BTC,BUY,6.685623461695286,0.006685623461695286,0.075,S6_REVERSAL
2026-04-30 09:00:00+00:00,ETH,BUY,8.56145089122947,0.00856145089122947,0.075,S6_REVERSAL
2026-04-30 09:00:00+00:00,SOL,BUY,16.77834153457843,0.016778341534578432,0.075,S6_REVERSAL
2026-04-30 10:00:00+00:00,BTC,SELL,2.043491899144101,0.002043491899144101,0.075,S6_REVERSAL
2026-04-30 10:00:00+00:00,ETH,SELL,14.978697718119292,0.014978697718119292,0.075,S6_REVERSAL
2026-04-30 11:00:00+00:00,BTC,BUY,5.1891541700988455,0.005189154170098845,0.075,S6_REVERSAL
2026-04-30 11:00:00+00:00,ETH,SELL,1.7454016043893719,0.0017454016043893718,0.075,S6_REVERSAL
2026-04-30 11:00:00+00:00,SOL,BUY,9.885547565449997,0.009885547565449997,0.075,S6_REVERSAL
2026-04-30 12:00:00+00:00,BTC,SELL,3.60961843203404,0.00360961843203404,0.075,S6_REVERSAL
2026-04-30 12:00:00+00:00,ETH,BUY,11.470435441522568,0.011470435441522568,0.075,S6_REVERSAL
2026-04-30 13:00:00+00:00,BTC,SELL,18.710489768179286,0.018710489768179288,0.075,S6_REVERSAL
2026-04-30 13:00:00+00:00,ETH,SELL,18.345222016107982,0.018345222016107984,0.075,S6_REVERSAL
2026-04-30 13:00:00+00:00,SOL,SELL,14.042990752356674,0.014042990752356675,0.075,S6_REVERSAL
2026-04-30 14:00:00+00:00,BTC,SELL,10.15932486685415,0.01015932486685415,0.075,S6_REVERSAL
2026-04-30 14:00:00+00:00,ETH,BUY,5.380557279117966,0.005380557279117966,0.075,S6_REVERSAL
2026-04-30 15:00:00+00:00,BTC,BUY,10.01035818089349,0.01001035818089349,0.075,S6_REVERSAL
2026-04-30 15:00:00+00:00,ETH,BUY,4.8164950763348315,0.004816495076334831,0.075,S6_REVERSAL
2026-04-30 15:00:00+00:00,SOL,SELL,1.6821845448248496,0.0016821845448248497,0.075,S6_REVERSAL
2026-04-30 16:00:00+00:00,BTC,SELL,13.331376013856243,0.013331376013856243,0.075,S6_REVERSAL
2026-04-30 16:00:00+00:00,ETH,SELL,8.840687812979922,0.008840687812979923,0.075,S6_REVERSAL
2026-04-30 16:00:00+00:00,SOL,SELL,8.308917855524669,0.00830891785552467,0.075,S6_REVERSAL
2026-04-30 17:00:00+00:00,BTC,BUY,14.310520397856635,0.014310520397856635,0.075,S6_REVERSAL
2026-04-30 17:00:00+00:00,ETH,BUY,21.191999233688875,0.021191999233688877,0.075,S6_REVERSAL
2026-04-30 17:00:00+00:00,SOL,BUY,23.677672219120723,0.023677672219120722,0.075,S6_REVERSAL
2026-04-30 18:00:00+00:00,BTC,BUY,1.238413330829644,0.0012384133308296441,0.075,S6_REVERSAL
2026-04-30 18:00:00+00:00,ETH,SELL,2.645114165015911,0.002645114165015911,0.075,S6_REVERSAL
2026-04-30 19:00:00+00:00,BTC,SELL,8.135805338269165,0.008135805338269166,0.075,S6_REVERSAL
2026-04-30 19:00:00+00:00,ETH,SELL,4.142959390303986,0.004142959390303986,0.075,S6_REVERSAL
2026-04-30 19:00:00+00:00,SOL,SELL,1.9628881142934915,0.0019628881142934916,0.075,S6_REVERSAL
2026-04-30 20:00:00+00:00,BTC,SELL,5.10191691608361,0.00510191691608361,0.075,S6_REVERSAL
2026-04-30 20:00:00+00:00,ETH,SELL,5.998627998218581,0.005998627998218581,0.075,S6_REVERSAL
2026-04-30 20:00:00+00:00,SOL,BUY,2.560204663132936,0.0025602046631329357,0.075,S6_REVERSAL
2026-04-30 21:00:00+00:00,BTC,SELL,5.995162546277243,0.005995162546277243,0.075,S6_REVERSAL
2026-04-30 21:00:00+00:00,ETH,SELL,6.00214645062897,0.006002146450628971,0.075,S6_REVERSAL
2026-04-30 21:00:00+00:00,SOL,SELL,3.6903102108572057,0.003690310210857206,0.075,S6_REVERSAL
2026-04-30 22:00:00+00:00,BTC,BUY,18.3664604855594,0.0183664604855594,0.075,S6_REVERSAL
2026-04-30 22:00:00+00:00,ETH,BUY,20.369863203070054,0.020369863203070056,0.075,S6_REVERSAL
2026-04-30 22:00:00+00:00,SOL,BUY,15.561751109314173,0.015561751109314173,0.075,S6_REVERSAL
2026-04-30 23:00:00+00:00,ETH,BUY,5.921461191312119,0.005921461191312119,0.075,S6_REVERSAL
2026-05-01 00:00:00+00:00,BTC,SELL,7.371533614124928,0.007371533614124928,0.075,S6_REVERSAL
2026-05-01 00:00:00+00:00,ETH,SELL,7.294333685336824,0.007294333685336824,0.075,S6_REVERSAL
2026-05-01 00:00:00+00:00,SOL,SELL,17.46330193463109,0.017463301934631092,0.075,S6_REVERSAL
2026-05-01 01:00:00+00:00,BTC,SELL,8.423134691964151,0.008423134691964151,0.075,S6_REVERSAL
2026-05-01 01:00:00+00:00,ETH,SELL,5.84935079339357,0.00584935079339357,0.075,S6_REVERSAL
2026-05-01 01:00:00+00:00,SOL,SELL,7.440901023528568,0.007440901023528568,0.075,S6_REVERSAL
2026-05-01 02:00:00+00:00,BTC,SELL,15.305513298579172,0.015305513298579172,0.075,S6_REVERSAL
2026-05-01 02:00:00+00:00,ETH,SELL,18.522916827024346,0.018522916827024345,0.075,S6_REVERSAL
2026-05-01 02:00:00+00:00,SOL,SELL,30.191072676336262,0.030191072676336264,0.075,S6_REVERSAL
2026-05-01 03:00:00+00:00,BTC,BUY,7.944687478439846,0.007944687478439846,0.075,S6_REVERSAL
2026-05-01 03:00:00+00:00,ETH,BUY,1.7183602168170182,0.0017183602168170183,0.075,S6_REVERSAL
2026-05-01 04:00:00+00:00,BTC,SELL,41.29964635226224,0.04129964635226224,0.075,S6_REVERSAL
2026-05-01 04:00:00+00:00,ETH,SELL,41.269790113467025,0.04126979011346703,0.075,S6_REVERSAL
2026-05-01 04:00:00+00:00,SOL,SELL,15.597422765931697,0.015597422765931696,0.075,S6_REVERSAL
2026-05-01 05:00:00+00:00,BTC,BUY,6.434184176180679,0.006434184176180679,0.075,S6_REVERSAL
2026-05-01 05:00:00+00:00,ETH,BUY,6.866021458525211,0.006866021458525211,0.075,S6_REVERSAL
2026-05-01 05:00:00+00:00,SOL,BUY,5.881626315644098,0.005881626315644099,0.075,S6_REVERSAL
2026-05-01 06:00:00+00:00,BTC,SELL,8.348678132766508,0.008348678132766508,0.075,S6_REVERSAL
2026-05-01 06:00:00+00:00,ETH,SELL,6.744657525247021,0.0067446575252470215,0.075,S6_REVERSAL
2026-05-01 06:00:00+00:00,SOL,SELL,18.307689785327966,0.018307689785327968,0.075,S6_REVERSAL
2026-05-01 07:00:00+00:00,BTC,BUY,12.269262145025095,0.012269262145025096,0.075,S6_REVERSAL
2026-05-01 07:00:00+00:00,ETH,BUY,14.470948599871008,0.014470948599871008,0.075,S6_REVERSAL
2026-05-01 07:00:00+00:00,SOL,BUY,13.308117019992096,0.013308117019992096,0.075,S6_REVERSAL
2026-05-01 08:00:00+00:00,BTC,SELL,10.759835866942012,0.010759835866942012,0.075,S6_REVERSAL
2026-05-01 08:00:00+00:00,ETH,SELL,4.3754555224850264,0.004375455522485027,0.075,S6_REVERSAL
2026-05-01 08:00:00+00:00,SOL,SELL,6.517783253579182,0.006517783253579182,0.075,S6_REVERSAL
2026-05-01 09:00:00+00:00,BTC,SELL,18.20431388792349,0.01820431388792349,0.075,S6_REVERSAL
2026-05-01 09:00:00+00:00,ETH,SELL,18.622472870945785,0.018622472870945785,0.075,S6_REVERSAL
2026-05-01 09:00:00+00:00,SOL,SELL,7240.829811949269,7.240829811949269,0.0,CASH
2026-05-01 10:00:00+00:00,BTC,BUY,7.7145457881561015,0.007714545788156102,0.075,S6_REVERSAL
2026-05-01 10:00:00+00:00,ETH,BUY,12.868010425963803,0.012868010425963803,0.075,S6_REVERSAL
2026-05-01 11:00:00+00:00,BTC,SELL,2.9424176470365637,0.0029424176470365638,0.075,S6_REVERSAL
2026-05-01 11:00:00+00:00,ETH,SELL,1.0721513929802313,0.0010721513929802314,0.075,S6_REVERSAL
2026-05-01 12:00:00+00:00,BTC,SELL,7239.687900585013,7.239687900585014,0.0,CASH
2026-05-01 12:00:00+00:00,ETH,SELL,10.383913075726923,0.010383913075726923,0.075,S6_REVERSAL
2026-05-01 13:00:00+00:00,ETH,SELL,7273.898860466287,7.2738988604662875,0.0,CASH
2026-05-01 20:00:00+00:00,BTC,BUY,14458.436451872745,14.458436451872746,0.15,S3_TREND
2026-05-01 21:00:00+00:00,BTC,BUY,73.08585520284942,0.07308585520284942,0.15,S3_TREND
2026-05-01 22:00:00+00:00,BTC,SELL,50.42536628398375,0.05042536628398375,0.15,S3_TREND
2026-05-01 23:00:00+00:00,BTC,BUY,7.317336686948693,0.007317336686948693,0.15,S3_TREND
2026-05-02 00:00:00+00:00,BTC,SELL,12.222260559025017,0.012222260559025018,0.15,S3_TREND
2026-05-02 01:00:00+00:00,BTC,SELL,17.372753412653765,0.017372753412653767,0.15,S3_TREND
2026-05-02 02:00:00+00:00,BTC,SELL,2.080787205173692,0.0020807872051736924,0.15,S3_TREND
2026-05-02 04:00:00+00:00,BTC,SELL,7.055702341873257,0.007055702341873257,0.15,S3_TREND
2026-05-02 05:00:00+00:00,BTC,BUY,35.18658220355064,0.03518658220355064,0.15,S3_TREND
2026-05-02 06:00:00+00:00,ETH,BUY,14451.143540024068,14.451143540024068,0.15,S3_TREND
2026-05-02 06:00:00+00:00,SOL,BUY,14451.143540024068,14.451143540024068,0.15,S3_TREND
2026-05-02 07:00:00+00:00,BTC,SELL,19.385047568031947,0.019385047568031947,0.15,S3_TREND
2026-05-02 07:00:00+00:00,ETH,SELL,29.709130811659634,0.029709130811659636,0.15,S3_TREND
2026-05-02 07:00:00+00:00,SOL,SELL,11.900657176647657,0.011900657176647657,0.15,S3_TREND
2026-05-02 08:00:00+00:00,BTC,BUY,10.010478856742338,0.010010478856742338,0.15,S3_TREND
2026-05-02 08:00:00+00:00,ETH,BUY,18.834074707949185,0.018834074707949185,0.15,S3_TREND
2026-05-02 08:00:00+00:00,SOL,BUY,7.358854156642337,0.007358854156642338,0.15,S3_TREND
2026-05-02 09:00:00+00:00,BTC,SELL,9.678164514400123,0.009678164514400123,0.15,S3_TREND
2026-05-02 09:00:00+00:00,ETH,SELL,6.693839126213788,0.006693839126213789,0.15,S3_TREND
2026-05-02 09:00:00+00:00,SOL,SELL,12.771238243309199,0.0127712382433092,0.15,S3_TREND
2026-05-02 10:00:00+00:00,BTC,BUY,9.238548430130322,0.009238548430130323,0.15,S3_TREND
2026-05-02 10:00:00+00:00,ETH,SELL,6.019946116030042,0.0060199461160300415,0.15,S3_TREND
2026-05-02 10:00:00+00:00,SOL,SELL,22.37248701920544,0.02237248701920544,0.15,S3_TREND
2026-05-02 11:00:00+00:00,BTC,BUY,3.6399841967304383,0.0036399841967304386,0.15,S3_TREND
2026-05-02 11:00:00+00:00,ETH,BUY,5.440042667620219,0.005440042667620219,0.15,S3_TREND
2026-05-02 11:00:00+00:00,SOL,BUY,7.51505619236741,0.00751505619236741,0.15,S3_TREND
2026-05-02 12:00:00+00:00,BTC,BUY,9.11429076429522,0.00911429076429522,0.15,S3_TREND
2026-05-02 12:00:00+00:00,ETH,SELL,1.411489988091489,0.0014114899880914892,0.15,S3_TREND
2026-05-02 12:00:00+00:00,SOL,BUY,30.827320680009507,0.03082732068000951,0.15,S3_TREND
2026-05-02 13:00:00+00:00,BTC,SELL,4.95922577199235,0.0049592257719923505,0.15,S3_TREND
2026-05-02 13:00:00+00:00,ETH,SELL,1.3963132130938902,0.0013963132130938903,0.15,S3_TREND
2026-05-02 13:00:00+00:00,SOL,SELL,21.703868328833778,0.021703868328833777,0.15,S3_TREND
2026-05-02 14:00:00+00:00,BTC,SELL,18.133091532450635,0.018133091532450636,0.15,S3_TREND
2026-05-02 14:00:00+00:00,ETH,SELL,17.886367813038305,0.017886367813038307,0.15,S3_TREND
2026-05-02 14:00:00+00:00,SOL,SELL,3.1216007152179372,0.0031216007152179374,0.15,S3_TREND
2026-05-02 15:00:00+00:00,BTC,SELL,9.468516235105199,0.009468516235105199,0.15,S3_TREND
2026-05-02 15:00:00+00:00,ETH,BUY,9.751040657471094,0.009751040657471094,0.15,S3_TREND
2026-05-02 15:00:00+00:00,SOL,SELL,4.130818171228384,0.004130818171228384,0.15,S3_TREND
2026-05-02 16:00:00+00:00,BTC,SELL,6.097464621481777,0.006097464621481777,0.15,S3_TREND
2026-05-02 16:00:00+00:00,ETH,SELL,9.965281197941295,0.009965281197941295,0.15,S3_TREND
2026-05-02 16:00:00+00:00,SOL,SELL,4.6844475292054994,0.004684447529205499,0.15,S3_TREND
2026-05-02 17:00:00+00:00,BTC,BUY,9.369909069571804,0.009369909069571804,0.15,S3_TREND
2026-05-02 17:00:00+00:00,ETH,BUY,2.5344328211231186,0.002534432821123119,0.15,S3_TREND
2026-05-02 17:00:00+00:00,SOL,SELL,24.205597734562616,0.024205597734562618,0.15,S3_TREND
2026-05-02 18:00:00+00:00,BTC,BUY,1.6002122543031874,0.0016002122543031874,0.15,S3_TREND
2026-05-02 18:00:00+00:00,ETH,BUY,12.460905530251694,0.012460905530251695,0.15,S3_TREND
2026-05-02 18:00:00+00:00,SOL,BUY,18.59324697297052,0.01859324697297052,0.15,S3_TREND
2026-05-02 19:00:00+00:00,BTC,SELL,2.4834536492107873,0.002483453649210787,0.15,S3_TREND
2026-05-02 19:00:00+00:00,ETH,SELL,17.493065766309883,0.017493065766309882,0.15,S3_TREND
2026-05-02 19:00:00+00:00,SOL,SELL,17.368209500933517,0.017368209500933516,0.15,S3_TREND
2026-05-02 20:00:00+00:00,BTC,SELL,1.5819728656879306,0.0015819728656879307,0.15,S3_TREND
2026-05-02 20:00:00+00:00,ETH,SELL,2.7908806674313382,0.0027908806674313384,0.15,S3_TREND
2026-05-02 20:00:00+00:00,SOL,SELL,3.123955531325919,0.003123955531325919,0.15,S3_TREND
2026-05-02 21:00:00+00:00,BTC,BUY,4.91331198291482,0.00491331198291482,0.15,S3_TREND
2026-05-02 21:00:00+00:00,ETH,SELL,4.713310515991907,0.004713310515991907,0.15,S3_TREND
2026-05-02 21:00:00+00:00,SOL,BUY,5.358361291411711,0.0053583612914117115,0.15,S3_TREND
2026-05-02 22:00:00+00:00,BTC,SELL,19.639646099900347,0.01963964609990035,0.15,S3_TREND
2026-05-02 22:00:00+00:00,ETH,SELL,57.97905476192682,0.05797905476192682,0.15,S3_TREND
2026-05-02 22:00:00+00:00,SOL,SELL,32.014061922118344,0.03201406192211834,0.15,S3_TREND
2026-05-02 23:00:00+00:00,BTC,SELL,19.041862243517244,0.019041862243517244,0.15,S3_TREND
2026-05-02 23:00:00+00:00,ETH,SELL,6.725537429800171,0.0067255374298001705,0.15,S3_TREND
2026-05-02 23:00:00+00:00,SOL,BUY,18.98040635792495,0.01898040635792495,0.15,S3_TREND
2026-05-03 00:00:00+00:00,BTC,BUY,8.588255020495126,0.008588255020495126,0.15,S3_TREND
2026-05-03 00:00:00+00:00,ETH,BUY,44.16970468409636,0.04416970468409636,0.15,S3_TREND
2026-05-03 00:00:00+00:00,SOL,BUY,14.335082096618862,0.014335082096618863,0.15,S3_TREND
2026-05-03 01:00:00+00:00,BTC,BUY,15.163244100123848,0.015163244100123848,0.15,S3_TREND
2026-05-03 01:00:00+00:00,ETH,BUY,7.250163339280334,0.007250163339280334,0.15,S3_TREND
2026-05-03 01:00:00+00:00,SOL,BUY,19.506761748414647,0.019506761748414647,0.15,S3_TREND
2026-05-03 02:00:00+00:00,BTC,BUY,29.220003149977856,0.029220003149977858,0.15,S3_TREND
2026-05-03 02:00:00+00:00,ETH,BUY,35.21260643817004,0.03521260643817004,0.15,S3_TREND
2026-05-03 02:00:00+00:00,SOL,BUY,32.19136284114211,0.03219136284114211,0.15,S3_TREND
2026-05-03 03:00:00+00:00,BTC,BUY,8.058978733843105,0.008058978733843106,0.15,S3_TREND
2026-05-03 03:00:00+00:00,SOL,BUY,9.124247854362693,0.009124247854362694,0.15,S3_TREND
2026-05-03 04:00:00+00:00,BTC,SELL,6.326915018777073,0.006326915018777073,0.15,S3_TREND
2026-05-03 04:00:00+00:00,ETH,BUY,8.809347101874664,0.008809347101874664,0.15,S3_TREND
2026-05-03 05:00:00+00:00,BTC,BUY,6.948575234193413,0.006948575234193413,0.15,S3_TREND
2026-05-03 05:00:00+00:00,ETH,BUY,1.9028523770084576,0.0019028523770084577,0.15,S3_TREND
2026-05-03 05:00:00+00:00,SOL,SELL,7.886205284485186,0.007886205284485186,0.15,S3_TREND
2026-05-03 06:00:00+00:00,BTC,SELL,9.825291366352758,0.009825291366352759,0.15,S3_TREND
2026-05-03 06:00:00+00:00,ETH,SELL,10.084155169401129,0.01008415516940113,0.15,S3_TREND
2026-05-03 06:00:00+00:00,SOL,SELL,2.518746371175439,0.002518746371175439,0.15,S3_TREND
2026-05-03 07:00:00+00:00,BTC,SELL,5.483736677935667,0.005483736677935667,0.15,S3_TREND
2026-05-03 08:00:00+00:00,BTC,SELL,4.158379052043529,0.004158379052043529,0.15,S3_TREND
2026-05-03 08:00:00+00:00,ETH,SELL,21.053416478702275,0.021053416478702274,0.15,S3_TREND
2026-05-03 08:00:00+00:00,SOL,SELL,11.057116418685837,0.011057116418685837,0.15,S3_TREND
2026-05-03 09:00:00+00:00,BTC,SELL,4.541641274390713,0.004541641274390713,0.15,S3_TREND
2026-05-03 09:00:00+00:00,ETH,BUY,6.206542659105253,0.006206542659105253,0.15,S3_TREND
2026-05-03 09:00:00+00:00,SOL,SELL,1.7195583996399364,0.0017195583996399365,0.15,S3_TREND
2026-05-03 10:00:00+00:00,BTC,SELL,10.132859818018915,0.010132859818018914,0.15,S3_TREND
2026-05-03 10:00:00+00:00,ETH,SELL,35.309058890539745,0.03530905889053974,0.15,S3_TREND
2026-05-03 10:00:00+00:00,SOL,SELL,13.297752160346135,0.013297752160346135,0.15,S3_TREND
2026-05-03 11:00:00+00:00,BTC,BUY,8.211196092914179,0.008211196092914179,0.15,S3_TREND
2026-05-03 11:00:00+00:00,ETH,BUY,16.67713589257437,0.01667713589257437,0.15,S3_TREND
2026-05-03 11:00:00+00:00,SOL,BUY,27.141028626871048,0.02714102862687105,0.15,S3_TREND
2026-05-03 12:00:00+00:00,BTC,SELL,27.68404717187514,0.02768404717187514,0.15,S3_TREND
2026-05-03 12:00:00+00:00,ETH,SELL,32.55800303579963,0.03255800303579963,0.15,S3_TREND
2026-05-03 12:00:00+00:00,SOL,SELL,6.088407193772582,0.006088407193772582,0.15,S3_TREND
2026-05-03 13:00:00+00:00,BTC,SELL,4.690389338329624,0.0046903893383296235,0.15,S3_TREND
2026-05-03 13:00:00+00:00,ETH,SELL,25.88507453683451,0.02588507453683451,0.15,S3_TREND
2026-05-03 13:00:00+00:00,SOL,SELL,13.796212936802476,0.013796212936802476,0.15,S3_TREND
2026-05-03 14:00:00+00:00,BTC,BUY,8.533632624992606,0.008533632624992606,0.15,S3_TREND
2026-05-03 14:00:00+00:00,ETH,BUY,16.098344775429723,0.016098344775429724,0.15,S3_TREND
2026-05-03 14:00:00+00:00,SOL,SELL,3.9334855701654305,0.003933485570165431,0.15,S3_TREND
2026-05-03 15:00:00+00:00,BTC,BUY,1.5316535401198053,0.0015316535401198052,0.15,S3_TREND
2026-05-03 15:00:00+00:00,ETH,SELL,23.2090823952567,0.0232090823952567,0.15,S3_TREND
2026-05-03 15:00:00+00:00,SOL,SELL,31.917230579863823,0.03191723057986382,0.15,S3_TREND
2026-05-03 16:00:00+00:00,BTC,BUY,6.109494959546282,0.006109494959546283,0.15,S3_TREND
2026-05-03 16:00:00+00:00,ETH,SELL,8.33235750806125,0.00833235750806125,0.15,S3_TREND
2026-05-03 16:00:00+00:00,SOL,BUY,28.834423651547695,0.028834423651547696,0.15,S3_TREND
2026-05-03 17:00:00+00:00,BTC,BUY,1.9365031755023665,0.0019365031755023666,0.15,S3_TREND
2026-05-03 17:00:00+00:00,SOL,BUY,1.0144874324541888,0.001014487432454189,0.15,S3_TREND
2026-05-03 18:00:00+00:00,BTC,SELL,6.727842837815842,0.006727842837815842,0.15,S3_TREND
2026-05-03 18:00:00+00:00,ETH,SELL,15.382142547841795,0.015382142547841796,0.15,S3_TREND
2026-05-03 18:00:00+00:00,SOL,SELL,2.1166003849357367,0.0021166003849357367,0.15,S3_TREND
2026-05-03 19:00:00+00:00,BTC,SELL,1.4450073768475704,0.0014450073768475704,0.15,S3_TREND
2026-05-03 19:00:00+00:00,ETH,BUY,6.53153713451502,0.00653153713451502,0.15,S3_TREND
2026-05-03 19:00:00+00:00,SOL,SELL,9.216479154099943,0.009216479154099943,0.15,S3_TREND
2026-05-03 20:00:00+00:00,BTC,BUY,3.9186459495613235,0.003918645949561324,0.15,S3_TREND
2026-05-03 20:00:00+00:00,ETH,SELL,21.030268409618657,0.021030268409618656,0.15,S3_TREND
2026-05-03 20:00:00+00:00,SOL,SELL,11.216535611578363,0.011216535611578364,0.15,S3_TREND
2026-05-03 21:00:00+00:00,BTC,SELL,30.77494753469,0.03077494753469,0.15,S3_TREND
2026-05-03 21:00:00+00:00,ETH,BUY,35.32181915494766,0.03532181915494766,0.15,S3_TREND
2026-05-03 21:00:00+00:00,SOL,BUY,3.0728671974775352,0.003072867197477535,0.15,S3_TREND
2026-05-03 22:00:00+00:00,BTC,BUY,3.0567189458543,0.0030567189458542998,0.15,S3_TREND
2026-05-03 22:00:00+00:00,ETH,BUY,20.61636838620325,0.02061636838620325,0.15,S3_TREND
2026-05-03 22:00:00+00:00,SOL,BUY,21.951076025292423,0.021951076025292424,0.15,S3_TREND
2026-05-03 23:00:00+00:00,BTC,SELL,21.992905027991586,0.02199290502799159,0.15,S3_TREND
2026-05-03 23:00:00+00:00,ETH,SELL,80.80544716014083,0.08080544716014083,0.15,S3_TREND
2026-05-03 23:00:00+00:00,SOL,SELL,49.742760970810195,0.04974276097081019,0.15,S3_TREND
2026-05-04 00:00:00+00:00,BTC,BUY,55.65570864678921,0.05565570864678921,0.15,S3_TREND
2026-05-04 00:00:00+00:00,ETH,BUY,75.63396959566126,0.07563396959566125,0.15,S3_TREND
2026-05-04 00:00:00+00:00,SOL,BUY,74.38585149128266,0.07438585149128267,0.15,S3_TREND
2026-05-04 01:00:00+00:00,BTC,SELL,3.453229125441794,0.003453229125441794,0.15,S3_TREND
2026-05-04 01:00:00+00:00,ETH,BUY,15.358693472775485,0.015358693472775485,0.15,S3_TREND
2026-05-04 01:00:00+00:00,SOL,BUY,15.037101488243934,0.015037101488243934,0.15,S3_TREND
2026-05-04 02:00:00+00:00,BTC,SELL,135.67370004361692,0.13567370004361692,0.15,S3_TREND
2026-05-04 02:00:00+00:00,ETH,SELL,111.4746684128313,0.11147466841283131,0.15,S3_TREND
2026-05-04 02:00:00+00:00,SOL,SELL,81.46359551240857,0.08146359551240857,0.15,S3_TREND
2026-05-04 03:00:00+00:00,BTC,SELL,28.250738266046028,0.02825073826604603,0.15,S3_TREND
2026-05-04 03:00:00+00:00,ETH,SELL,100.2180267468757,0.1002180267468757,0.15,S3_TREND
2026-05-04 03:00:00+00:00,SOL,SELL,38.70089362904764,0.03870089362904764,0.15,S3_TREND
2026-05-04 04:00:00+00:00,BTC,SELL,8.999151407117097,0.008999151407117097,0.15,S3_TREND
2026-05-04 04:00:00+00:00,ETH,SELL,46.80765656118274,0.04680765656118274,0.15,S3_TREND
2026-05-04 04:00:00+00:00,SOL,SELL,6.930003254781695,0.006930003254781695,0.15,S3_TREND
2026-05-04 05:00:00+00:00,BTC,BUY,11.667596814346325,0.011667596814346325,0.15,S3_TREND
2026-05-04 05:00:00+00:00,ETH,SELL,16.191827650154664,0.016191827650154665,0.15,S3_TREND
2026-05-04 05:00:00+00:00,SOL,SELL,48.84558673600441,0.04884558673600441,0.15,S3_TREND
2026-05-04 06:00:00+00:00,BTC,BUY,24.68336211867063,0.02468336211867063,0.15,S3_TREND
2026-05-04 06:00:00+00:00,ETH,BUY,54.46836875034569,0.05446836875034569,0.15,S3_TREND
2026-05-04 06:00:00+00:00,SOL,BUY,34.000054019110394,0.034000054019110396,0.15,S3_TREND
2026-05-04 07:00:00+00:00,BTC,BUY,2.895341170593383,0.0028953411705933832,0.15,S3_TREND
2026-05-04 07:00:00+00:00,ETH,BUY,23.469610893920617,0.023469610893920616,0.15,S3_TREND
2026-05-04 07:00:00+00:00,SOL,BUY,62.90294754565366,0.06290294754565366,0.15,S3_TREND
2026-05-04 08:00:00+00:00,BTC,BUY,22.660197732942834,0.022660197732942835,0.15,S3_TREND
2026-05-04 08:00:00+00:00,ETH,BUY,24.191145906412203,0.024191145906412203,0.15,S3_TREND
2026-05-04 08:00:00+00:00,SOL,SELL,8.708236028536703,0.008708236028536704,0.15,S3_TREND
2026-05-04 09:00:00+00:00,BTC,SELL,6.9259724244620875,0.006925972424462088,0.15,S3_TREND
2026-05-04 09:00:00+00:00,ETH,BUY,12.154458336864991,0.01215445833686499,0.15,S3_TREND
2026-05-04 09:00:00+00:00,SOL,BUY,12.364307018395266,0.012364307018395266,0.15,S3_TREND
2026-05-04 10:00:00+00:00,BTC,SELL,5.234965054170971,0.005234965054170971,0.15,S3_TREND
2026-05-04 10:00:00+00:00,ETH,SELL,35.03201519323193,0.03503201519323193,0.15,S3_TREND
2026-05-04 10:00:00+00:00,SOL,SELL,27.849868775865616,0.027849868775865618,0.15,S3_TREND
2026-05-04 11:00:00+00:00,BTC,BUY,85.73158764426262,0.08573158764426261,0.15,S3_TREND
2026-05-04 11:00:00+00:00,ETH,BUY,108.6532705155314,0.1086532705155314,0.15,S3_TREND
2026-05-04 11:00:00+00:00,SOL,BUY,93.15481750573053,0.09315481750573054,0.15,S3_TREND
2026-05-04 12:00:00+00:00,BTC,BUY,20.087497604199598,0.0200874976041996,0.15,S3_TREND
2026-05-04 12:00:00+00:00,ETH,SELL,2.1489611306569714,0.0021489611306569714,0.15,S3_TREND
2026-05-04 12:00:00+00:00,SOL,BUY,6.949951734013666,0.006949951734013666,0.15,S3_TREND
2026-05-04 13:00:00+00:00,BTC,SELL,13.67535646068609,0.01367535646068609,0.15,S3_TREND
2026-05-04 13:00:00+00:00,ETH,BUY,10.801979034638862,0.010801979034638863,0.15,S3_TREND
2026-05-04 13:00:00+00:00,SOL,BUY,10.11261928017666,0.01011261928017666,0.15,S3_TREND
2026-05-04 14:00:00+00:00,BTC,BUY,14.281308656012698,0.014281308656012699,0.15,S3_TREND
2026-05-04 14:00:00+00:00,ETH,SELL,4.284541658938906,0.004284541658938906,0.15,S3_TREND
2026-05-04 14:00:00+00:00,SOL,SELL,17.09351620194684,0.01709351620194684,0.15,S3_TREND
2026-05-04 15:00:00+00:00,BTC,SELL,165.07985369191738,0.16507985369191738,0.15,S3_TREND
2026-05-04 15:00:00+00:00,ETH,SELL,118.995995824891,0.118995995824891,0.15,S3_TREND
2026-05-04 15:00:00+00:00,SOL,SELL,73.47141292968263,0.07347141292968264,0.15,S3_TREND
2026-05-04 16:00:00+00:00,BTC,SELL,4.138899021294492,0.004138899021294492,0.15,S3_TREND
2026-05-04 16:00:00+00:00,ETH,BUY,92.87659030869509,0.09287659030869509,0.15,S3_TREND
2026-05-04 16:00:00+00:00,SOL,BUY,51.115901614879476,0.05111590161487948,0.15,S3_TREND
2026-05-04 17:00:00+00:00,BTC,BUY,5.624759178721433,0.0056247591787214335,0.15,S3_TREND
2026-05-04 17:00:00+00:00,ETH,SELL,27.05267988990454,0.02705267988990454,0.15,S3_TREND
2026-05-04 17:00:00+00:00,SOL,BUY,3.2050513921240054,0.0032050513921240056,0.15,S3_TREND
2026-05-04 18:00:00+00:00,BTC,SELL,30.952294446151427,0.030952294446151427,0.15,S3_TREND
2026-05-04 18:00:00+00:00,ETH,SELL,56.09948182055268,0.05609948182055268,0.15,S3_TREND
2026-05-04 18:00:00+00:00,SOL,SELL,43.69300839717653,0.043693008397176526,0.15,S3_TREND
2026-05-04 19:00:00+00:00,BTC,BUY,29.406421654752194,0.029406421654752195,0.15,S3_TREND
2026-05-04 19:00:00+00:00,ETH,BUY,32.77229539946529,0.032772295399465294,0.15,S3_TREND
2026-05-04 19:00:00+00:00,SOL,BUY,13.671169434857802,0.013671169434857803,0.15,S3_TREND
2026-05-04 20:00:00+00:00,BTC,SELL,2.505987300262859,0.002505987300262859,0.15,S3_TREND
2026-05-04 20:00:00+00:00,ETH,BUY,16.545251447485498,0.016545251447485497,0.15,S3_TREND
2026-05-04 20:00:00+00:00,SOL,BUY,36.19572868438263,0.03619572868438263,0.15,S3_TREND
2026-05-04 21:00:00+00:00,BTC,BUY,2.79859538796336,0.00279859538796336,0.15,S3_TREND
2026-05-04 21:00:00+00:00,ETH,BUY,21.024615188694952,0.021024615188694952,0.15,S3_TREND
2026-05-04 21:00:00+00:00,SOL,BUY,43.6918098866463,0.043691809886646296,0.15,S3_TREND
2026-05-04 22:00:00+00:00,BTC,SELL,31.363294592272723,0.031363294592272724,0.15,S3_TREND
2026-05-04 22:00:00+00:00,ETH,SELL,39.222453831003804,0.039222453831003805,0.15,S3_TREND
2026-05-04 22:00:00+00:00,SOL,SELL,29.76490769966949,0.02976490769966949,0.15,S3_TREND
2026-05-04 23:00:00+00:00,BTC,BUY,18.601044706767425,0.018601044706767426,0.15,S3_TREND
2026-05-04 23:00:00+00:00,ETH,BUY,22.697933050167194,0.022697933050167193,0.15,S3_TREND
2026-05-04 23:00:00+00:00,SOL,BUY,18.270859847751126,0.018270859847751127,0.15,S3_TREND
2026-05-05 00:00:00+00:00,BTC,BUY,22.1468407159864,0.0221468407159864,0.15,S3_TREND
2026-05-05 00:00:00+00:00,ETH,BUY,30.47214102615908,0.03047214102615908,0.15,S3_TREND
2026-05-05 00:00:00+00:00,SOL,BUY,3.6586684182966565,0.0036586684182966563,0.15,S3_TREND
2026-05-05 01:00:00+00:00,BTC,SELL,31.410311230894877,0.031410311230894876,0.15,S3_TREND
2026-05-05 01:00:00+00:00,ETH,SELL,47.27409209196048,0.047274092091960485,0.15,S3_TREND
2026-05-05 01:00:00+00:00,SOL,SELL,13.052493915603918,0.01305249391560392,0.15,S3_TREND
2026-05-05 02:00:00+00:00,BTC,SELL,23.19806119835812,0.02319806119835812,0.15,S3_TREND
2026-05-05 02:00:00+00:00,ETH,SELL,8.645860426431682,0.008645860426431682,0.15,S3_TREND
2026-05-05 02:00:00+00:00,SOL,SELL,4.059459823476573,0.004059459823476573,0.15,S3_TREND
2026-05-05 03:00:00+00:00,BTC,SELL,23.212078652224594,0.023212078652224594,0.15,S3_TREND
2026-05-05 03:00:00+00:00,ETH,SELL,22.915541408608988,0.022915541408608988,0.15,S3_TREND
2026-05-05 03:00:00+00:00,SOL,SELL,3.698799158373731,0.0036987991583737312,0.15,S3_TREND
2026-05-05 04:00:00+00:00,BTC,SELL,31.790794994574753,0.03179079499457475,0.15,S3_TREND
2026-05-05 04:00:00+00:00,ETH,SELL,61.161597960166546,0.06116159796016655,0.15,S3_TREND
2026-05-05 04:00:00+00:00,SOL,SELL,15.379914610406558,0.015379914610406558,0.15,S3_TREND
2026-05-05 05:00:00+00:00,BTC,SELL,2.4209391911099374,0.0024209391911099373,0.15,S3_TREND
2026-05-05 05:00:00+00:00,ETH,BUY,7.437435290219582,0.007437435290219583,0.15,S3_TREND
2026-05-05 05:00:00+00:00,SOL,SELL,2.453967656372697,0.002453967656372697,0.15,S3_TREND
2026-05-05 06:00:00+00:00,BTC,SELL,7.33931388640849,0.00733931388640849,0.15,S3_TREND
2026-05-05 06:00:00+00:00,ETH,BUY,10.46340218963087,0.01046340218963087,0.15,S3_TREND
2026-05-05 06:00:00+00:00,SOL,SELL,21.005526572682356,0.021005526572682356,0.15,S3_TREND
2026-05-05 07:00:00+00:00,ETH,BUY,8.761571727200135,0.008761571727200134,0.15,S3_TREND
2026-05-05 07:00:00+00:00,SOL,SELL,9.873956479495973,0.009873956479495974,0.15,S3_TREND
2026-05-05 08:00:00+00:00,BTC,BUY,16.642716963995554,0.016642716963995555,0.15,S3_TREND
2026-05-05 08:00:00+00:00,ETH,SELL,15.256798155103752,0.015256798155103753,0.15,S3_TREND
2026-05-05 08:00:00+00:00,SOL,BUY,14.445240890609057,0.014445240890609057,0.15,S3_TREND
2026-05-05 09:00:00+00:00,ETH,BUY,16.261748245819035,0.016261748245819035,0.15,S3_TREND
2026-05-05 09:00:00+00:00,SOL,BUY,8.606818051513983,0.008606818051513983,0.15,S3_TREND
2026-05-05 10:00:00+00:00,BTC,BUY,22.51266425020185,0.02251266425020185,0.15,S3_TREND
2026-05-05 10:00:00+00:00,ETH,BUY,25.06072331685391,0.02506072331685391,0.15,S3_TREND
2026-05-05 10:00:00+00:00,SOL,BUY,23.75639118718209,0.02375639118718209,0.15,S3_TREND
2026-05-05 11:00:00+00:00,BTC,SELL,19.12334109436233,0.019123341094362332,0.15,S3_TREND
2026-05-05 11:00:00+00:00,ETH,SELL,30.42287918033253,0.03042287918033253,0.15,S3_TREND
2026-05-05 11:00:00+00:00,SOL,SELL,38.25201036870749,0.03825201036870749,0.15,S3_TREND
2026-05-05 12:00:00+00:00,BTC,SELL,26.14010007998695,0.02614010007998695,0.15,S3_TREND
2026-05-05 12:00:00+00:00,SOL,SELL,3.7379301677301555,0.0037379301677301557,0.15,S3_TREND
2026-05-05 13:00:00+00:00,BTC,SELL,24.001875705289418,0.02400187570528942,0.15,S3_TREND
2026-05-05 13:00:00+00:00,ETH,SELL,29.857487843479248,0.02985748784347925,0.15,S3_TREND
2026-05-05 13:00:00+00:00,SOL,SELL,34.626668193302976,0.03462666819330298,0.15,S3_TREND
2026-05-05 14:00:00+00:00,ETH,BUY,8.611516592047337,0.008611516592047338,0.15,S3_TREND
2026-05-05 14:00:00+00:00,SOL,SELL,45.2032929380639,0.0452032929380639,0.15,S3_TREND
2026-05-05 15:00:00+00:00,BTC,SELL,13.622506083333064,0.013622506083333064,0.15,S3_TREND
2026-05-05 15:00:00+00:00,ETH,BUY,47.88619275719975,0.047886192757199755,0.15,S3_TREND
2026-05-05 15:00:00+00:00,SOL,BUY,14.319302905567383,0.014319302905567384,0.15,S3_TREND
2026-05-05 16:00:00+00:00,BTC,SELL,25.793874670878722,0.025793874670878722,0.15,S3_TREND
2026-05-05 16:00:00+00:00,ETH,SELL,7.338449699578632,0.007338449699578632,0.15,S3_TREND
2026-05-05 16:00:00+00:00,SOL,BUY,3.0421058860010817,0.0030421058860010818,0.15,S3_TREND
2026-05-05 17:00:00+00:00,BTC,BUY,17.78193882836422,0.017781938828364218,0.15,S3_TREND
2026-05-05 17:00:00+00:00,ETH,BUY,69.29467007028325,0.06929467007028325,0.15,S3_TREND
2026-05-05 17:00:00+00:00,SOL,BUY,5.586581356676106,0.005586581356676106,0.15,S3_TREND
2026-05-05 18:00:00+00:00,BTC,BUY,3.0014806018862146,0.0030014806018862144,0.15,S3_TREND
2026-05-05 18:00:00+00:00,ETH,BUY,19.6392805385658,0.019639280538565798,0.15,S3_TREND
2026-05-05 18:00:00+00:00,SOL,SELL,23.742566703253033,0.023742566703253032,0.15,S3_TREND
2026-05-05 19:00:00+00:00,BTC,SELL,18.08738474610982,0.01808738474610982,0.15,S3_TREND
2026-05-05 19:00:00+00:00,ETH,SELL,32.73686992709918,0.03273686992709918,0.15,S3_TREND
2026-05-05 19:00:00+00:00,SOL,SELL,44.29494843027714,0.04429494843027714,0.15,S3_TREND
2026-05-05 20:00:00+00:00,BTC,BUY,1.5837336270233209,0.001583733627023321,0.15,S3_TREND
2026-05-05 20:00:00+00:00,ETH,BUY,20.117811431289738,0.02011781143128974,0.15,S3_TREND
2026-05-05 20:00:00+00:00,SOL,SELL,87.85618569292456,0.08785618569292455,0.15,S3_TREND
2026-05-05 21:00:00+00:00,BTC,BUY,7.655363870053407,0.007655363870053407,0.15,S3_TREND
2026-05-05 21:00:00+00:00,ETH,SELL,49.94631362779728,0.04994631362779728,0.15,S3_TREND
2026-05-05 21:00:00+00:00,SOL,SELL,12.300648787078899,0.0123006487870789,0.15,S3_TREND
2026-05-05 22:00:00+00:00,BTC,BUY,31.666875547629388,0.03166687554762939,0.15,S3_TREND
2026-05-05 22:00:00+00:00,ETH,BUY,31.653936144512045,0.03165393614451205,0.15,S3_TREND
2026-05-05 22:00:00+00:00,SOL,SELL,21.57935157346401,0.02157935157346401,0.15,S3_TREND
2026-05-05 23:00:00+00:00,BTC,BUY,34.447530661786004,0.034447530661786005,0.15,S3_TREND
2026-05-05 23:00:00+00:00,ETH,BUY,30.042862197586146,0.030042862197586145,0.15,S3_TREND
2026-05-05 23:00:00+00:00,SOL,BUY,4.791525049055053,0.004791525049055054,0.15,S3_TREND
2026-05-06 00:00:00+00:00,BTC,BUY,18.22248671975649,0.01822248671975649,0.15,S3_TREND
2026-05-06 00:00:00+00:00,ETH,BUY,22.836097158860866,0.022836097158860865,0.15,S3_TREND
2026-05-06 00:00:00+00:00,SOL,BUY,28.45723826372523,0.028457238263725232,0.15,S3_TREND
2026-05-06 01:00:00+00:00,BTC,SELL,13.270963352913896,0.013270963352913896,0.15,S3_TREND
2026-05-06 01:00:00+00:00,ETH,SELL,14.747981210521175,0.014747981210521175,0.15,S3_TREND
2026-05-06 01:00:00+00:00,SOL,SELL,6.013913399938247,0.006013913399938247,0.15,S3_TREND
2026-05-06 02:00:00+00:00,BTC,SELL,42.75406706189824,0.04275406706189824,0.15,S3_TREND
2026-05-06 02:00:00+00:00,ETH,SELL,21.832919977710844,0.021832919977710846,0.15,S3_TREND
2026-05-06 02:00:00+00:00,SOL,SELL,50.157375892003984,0.05015737589200398,0.15,S3_TREND
2026-05-06 03:00:00+00:00,BTC,BUY,9.160808868258755,0.009160808868258756,0.15,S3_TREND
2026-05-06 03:00:00+00:00,ETH,BUY,16.842042175123424,0.016842042175123424,0.15,S3_TREND
2026-05-06 03:00:00+00:00,SOL,SELL,9.582400733697796,0.009582400733697797,0.15,S3_TREND
2026-05-06 04:00:00+00:00,BTC,SELL,15.501386266574627,0.015501386266574628,0.15,S3_TREND
2026-05-06 04:00:00+00:00,ETH,SELL,19.8756987728666,0.019875698772866598,0.15,S3_TREND
2026-05-06 04:00:00+00:00,SOL,SELL,52.174426118384865,0.05217442611838487,0.15,S3_TREND
2026-05-06 05:00:00+00:00,BTC,BUY,14.788154944853886,0.014788154944853887,0.15,S3_TREND
2026-05-06 05:00:00+00:00,ETH,BUY,36.00547984572768,0.036005479845727675,0.15,S3_TREND
2026-05-06 05:00:00+00:00,SOL,BUY,60.54055803259325,0.060540558032593256,0.15,S3_TREND
2026-05-06 06:00:00+00:00,BTC,BUY,13.932410983536101,0.013932410983536102,0.15,S3_TREND
2026-05-06 06:00:00+00:00,ETH,BUY,20.788256936470134,0.020788256936470136,0.15,S3_TREND
2026-05-06 06:00:00+00:00,SOL,SELL,87.17466348845664,0.08717466348845665,0.15,S3_TREND
2026-05-06 07:00:00+00:00,BTC,SELL,14.688393328777238,0.014688393328777239,0.15,S3_TREND
2026-05-06 07:00:00+00:00,ETH,SELL,22.89488855610034,0.02289488855610034,0.15,S3_TREND
2026-05-06 07:00:00+00:00,SOL,SELL,3.8586275109519192,0.003858627510951919,0.15,S3_TREND
2026-05-06 08:00:00+00:00,BTC,BUY,24.593084040630856,0.024593084040630857,0.15,S3_TREND
2026-05-06 08:00:00+00:00,ETH,SELL,4.003383306464457,0.004003383306464457,0.15,S3_TREND
2026-05-06 08:00:00+00:00,SOL,SELL,33.46816714275337,0.03346816714275337,0.15,S3_TREND
2026-05-06 09:00:00+00:00,BTC,SELL,36.068768374914725,0.036068768374914725,0.15,S3_TREND
2026-05-06 09:00:00+00:00,ETH,SELL,70.18296555907546,0.07018296555907545,0.15,S3_TREND
2026-05-06 09:00:00+00:00,SOL,SELL,149.81523893307167,0.14981523893307166,0.15,S3_TREND
2026-05-06 10:00:00+00:00,BTC,BUY,20.623818111276705,0.020623818111276705,0.15,S3_TREND
2026-05-06 10:00:00+00:00,ETH,SELL,83.97376341759808,0.08397376341759807,0.15,S3_TREND
2026-05-06 10:00:00+00:00,SOL,SELL,46.4687791916549,0.0464687791916549,0.15,S3_TREND
2026-05-06 11:00:00+00:00,BTC,SELL,49.84245985272537,0.04984245985272537,0.15,S3_TREND
2026-05-06 11:00:00+00:00,ETH,BUY,18.83625044294058,0.018836250442940582,0.15,S3_TREND
2026-05-06 11:00:00+00:00,SOL,BUY,19.6120769738136,0.019612076973813602,0.15,S3_TREND
2026-05-06 12:00:00+00:00,BTC,SELL,23.203634068799147,0.023203634068799148,0.15,S3_TREND
2026-05-06 12:00:00+00:00,ETH,BUY,17.039257160748093,0.017039257160748094,0.15,S3_TREND
2026-05-06 12:00:00+00:00,SOL,SELL,62.4837365827716,0.0624837365827716,0.15,S3_TREND
2026-05-06 13:00:00+00:00,BTC,BUY,36.02626288233478,0.03602626288233478,0.15,S3_TREND
2026-05-06 13:00:00+00:00,ETH,BUY,14.661737629730851,0.014661737629730852,0.15,S3_TREND
2026-05-06 13:00:00+00:00,SOL,BUY,16.338305691935602,0.016338305691935603,0.15,S3_TREND
2026-05-06 14:00:00+00:00,BTC,BUY,17.381165568081997,0.017381165568082,0.15,S3_TREND
2026-05-06 14:00:00+00:00,ETH,BUY,143.68896410521847,0.14368896410521848,0.15,S3_TREND
2026-05-06 14:00:00+00:00,SOL,BUY,138.06724329598546,0.13806724329598546,0.15,S3_TREND
2026-05-06 15:00:00+00:00,BTC,BUY,15.137121578105507,0.015137121578105508,0.15,S3_TREND
2026-05-06 15:00:00+00:00,ETH,BUY,46.90548766786742,0.04690548766786742,0.15,S3_TREND
2026-05-06 15:00:00+00:00,SOL,SELL,22.5289487061782,0.0225289487061782,0.15,S3_TREND
2026-05-06 16:00:00+00:00,BTC,SELL,13.136488333611851,0.013136488333611852,0.15,S3_TREND
2026-05-06 16:00:00+00:00,ETH,BUY,19.716252635651472,0.019716252635651473,0.15,S3_TREND
2026-05-06 16:00:00+00:00,SOL,SELL,75.98395896560396,0.07598395896560396,0.15,S3_TREND
2026-05-06 17:00:00+00:00,BTC,BUY,15.492396659021324,0.015492396659021324,0.15,S3_TREND
2026-05-06 17:00:00+00:00,ETH,BUY,8.579714952749782,0.008579714952749782,0.15,S3_TREND
2026-05-06 17:00:00+00:00,SOL,SELL,32.508673510485096,0.032508673510485094,0.15,S3_TREND
2026-05-06 18:00:00+00:00,BTC,BUY,10.822521254760431,0.010822521254760431,0.15,S3_TREND
2026-05-06 18:00:00+00:00,ETH,BUY,31.00354780116868,0.03100354780116868,0.15,S3_TREND
2026-05-06 18:00:00+00:00,SOL,BUY,36.46997060666763,0.03646997060666763,0.15,S3_TREND
2026-05-06 19:00:00+00:00,BTC,BUY,14.567993405351444,0.014567993405351445,0.15,S3_TREND
2026-05-06 19:00:00+00:00,ETH,BUY,26.093240263337066,0.026093240263337068,0.15,S3_TREND
2026-05-06 19:00:00+00:00,SOL,SELL,28.254639757939,0.028254639757939,0.15,S3_TREND
2026-05-06 20:00:00+00:00,BTC,SELL,6.705466365019674,0.006705466365019674,0.15,S3_TREND
2026-05-06 20:00:00+00:00,ETH,SELL,8.399234431408331,0.008399234431408331,0.15,S3_TREND
2026-05-06 20:00:00+00:00,SOL,SELL,34.45352420906602,0.03445352420906602,0.15,S3_TREND
2026-05-06 21:00:00+00:00,BTC,BUY,6.054749416978666,0.006054749416978666,0.15,S3_TREND
2026-05-06 21:00:00+00:00,ETH,SELL,16.05762724532906,0.01605762724532906,0.15,S3_TREND
2026-05-06 21:00:00+00:00,SOL,BUY,12.501829993756473,0.012501829993756474,0.15,S3_TREND
2026-05-06 22:00:00+00:00,BTC,SELL,6.620386373890142,0.006620386373890142,0.15,S3_TREND
2026-05-06 22:00:00+00:00,ETH,SELL,8.855107136780134,0.008855107136780135,0.15,S3_TREND
2026-05-06 22:00:00+00:00,SOL,SELL,34.31071630756196,0.03431071630756196,0.15,S3_TREND
2026-05-06 23:00:00+00:00,BTC,BUY,13.29695959390483,0.01329695959390483,0.15,S3_TREND
2026-05-06 23:00:00+00:00,ETH,BUY,23.050311841463554,0.023050311841463555,0.15,S3_TREND
2026-05-06 23:00:00+00:00,SOL,BUY,45.26326217710448,0.04526326217710448,0.15,S3_TREND
2026-05-07 00:00:00+00:00,BTC,SELL,10.522584628208278,0.010522584628208279,0.15,S3_TREND
2026-05-07 00:00:00+00:00,ETH,SELL,13.914494304808613,0.013914494304808614,0.15,S3_TREND
2026-05-07 00:00:00+00:00,SOL,SELL,6.464801138034091,0.006464801138034091,0.15,S3_TREND
2026-05-07 01:00:00+00:00,BTC,BUY,25.373744357968462,0.025373744357968464,0.15,S3_TREND
2026-05-07 01:00:00+00:00,ETH,BUY,80.2898111641498,0.0802898111641498,0.15,S3_TREND
2026-05-07 01:00:00+00:00,SOL,BUY,86.35241326319556,0.08635241326319557,0.15,S3_TREND
2026-05-07 02:00:00+00:00,BTC,SELL,25.631943380492885,0.025631943380492885,0.15,S3_TREND
2026-05-07 02:00:00+00:00,ETH,BUY,15.918314943894075,0.015918314943894073,0.15,S3_TREND
2026-05-07 02:00:00+00:00,SOL,BUY,3.3456612684603897,0.00334566126846039,0.15,S3_TREND
2026-05-07 03:00:00+00:00,BTC,SELL,1.089261034534502,0.001089261034534502,0.15,S3_TREND
2026-05-07 03:00:00+00:00,ETH,BUY,23.8093398928886,0.023809339892888602,0.15,S3_TREND
2026-05-07 03:00:00+00:00,SOL,BUY,17.317219102389572,0.01731721910238957,0.15,S3_TREND
2026-05-07 04:00:00+00:00,BTC,BUY,33.518682925323446,0.033518682925323444,0.15,S3_TREND
2026-05-07 04:00:00+00:00,ETH,SELL,19.97279027460536,0.01997279027460536,0.15,S3_TREND
2026-05-07 04:00:00+00:00,SOL,BUY,48.067390740963674,0.048067390740963674,0.15,S3_TREND
2026-05-07 05:00:00+00:00,BTC,SELL,1.8682285265404062,0.001868228526540406,0.15,S3_TREND
2026-05-07 05:00:00+00:00,ETH,SELL,8.018013131719272,0.008018013131719272,0.15,S3_TREND
2026-05-07 05:00:00+00:00,SOL,SELL,79.21387006215264,0.07921387006215264,0.15,S3_TREND
2026-05-07 06:00:00+00:00,BTC,SELL,6.172271890291086,0.006172271890291086,0.15,S3_TREND
2026-05-07 06:00:00+00:00,ETH,SELL,8.961937085894533,0.008961937085894532,0.15,S3_TREND
2026-05-07 06:00:00+00:00,SOL,SELL,34.60417124541709,0.03460417124541709,0.15,S3_TREND
2026-05-07 07:00:00+00:00,BTC,SELL,32.84855025171055,0.03284855025171055,0.15,S3_TREND
2026-05-07 07:00:00+00:00,ETH,SELL,7.528287359569731,0.0075282873595697315,0.15,S3_TREND
2026-05-07 07:00:00+00:00,SOL,SELL,72.04226437498073,0.07204226437498074,0.15,S3_TREND
2026-05-07 08:00:00+00:00,BTC,BUY,16.743356712988316,0.016743356712988315,0.15,S3_TREND
2026-05-07 08:00:00+00:00,ETH,SELL,15.717197818416025,0.015717197818416025,0.15,S3_TREND
2026-05-07 08:00:00+00:00,SOL,SELL,115.49998280441103,0.11549998280441104,0.15,S3_TREND
2026-05-07 09:00:00+00:00,BTC,BUY,19.68284083559047,0.01968284083559047,0.15,S3_TREND
2026-05-07 09:00:00+00:00,ETH,BUY,36.01205403626773,0.03601205403626773,0.15,S3_TREND
2026-05-07 09:00:00+00:00,SOL,BUY,62.56059605873634,0.06256059605873635,0.15,S3_TREND
2026-05-07 10:00:00+00:00,BTC,BUY,38.88050979035506,0.03888050979035507,0.15,S3_TREND
2026-05-07 10:00:00+00:00,ETH,BUY,13.701920873138079,0.013701920873138079,0.15,S3_TREND
2026-05-07 10:00:00+00:00,SOL,BUY,5.4826322183871525,0.005482632218387152,0.15,S3_TREND
2026-05-07 11:00:00+00:00,BTC,BUY,2.7832426910736103,0.0027832426910736102,0.15,S3_TREND
2026-05-07 11:00:00+00:00,ETH,SELL,7340.5131408928255,7.340513140892826,0.075,S6_REVERSAL
2026-05-07 11:00:00+00:00,SOL,BUY,36.21999039116781,0.036219990391167814,0.15,S3_TREND
2026-05-07 12:00:00+00:00,BTC,BUY,7.5707527261020005,0.007570752726102001,0.15,S3_TREND
2026-05-07 12:00:00+00:00,ETH,SELL,4.74440151460567,0.00474440151460567,0.075,S6_REVERSAL
2026-05-07 12:00:00+00:00,SOL,SELL,53.77754338264639,0.05377754338264639,0.15,S3_TREND
2026-05-07 13:00:00+00:00,BTC,SELL,39.25642679234625,0.03925642679234625,0.15,S3_TREND
2026-05-07 13:00:00+00:00,ETH,SELL,2.5031863045232967,0.002503186304523297,0.075,S6_REVERSAL
2026-05-07 13:00:00+00:00,SOL,SELL,18.398675401727814,0.018398675401727814,0.15,S3_TREND
2026-05-07 14:00:00+00:00,BTC,BUY,65.77712450585022,0.06577712450585023,0.15,S3_TREND
2026-05-07 14:00:00+00:00,ETH,SELL,7296.829409658472,7.296829409658472,0.0,CASH
2026-05-07 14:00:00+00:00,SOL,BUY,125.10055917302816,0.12510055917302818,0.15,S3_TREND
2026-05-07 15:00:00+00:00,BTC,BUY,37.414880056485345,0.03741488005648535,0.15,S3_TREND
2026-05-07 15:00:00+00:00,SOL,BUY,62.86754389469388,0.06286754389469389,0.15,S3_TREND
2026-05-07 16:00:00+00:00,BTC,BUY,47.87698408278811,0.047876984082788114,0.15,S3_TREND
2026-05-07 16:00:00+00:00,SOL,SELL,31.709807559498586,0.031709807559498586,0.15,S3_TREND
2026-05-07 17:00:00+00:00,BTC,BUY,16.81247501544749,0.01681247501544749,0.15,S3_TREND
2026-05-07 17:00:00+00:00,SOL,SELL,19.35245783173923,0.01935245783173923,0.15,S3_TREND
2026-05-07 18:00:00+00:00,BTC,SELL,36.80467248662899,0.03680467248662899,0.15,S3_TREND
2026-05-07 18:00:00+00:00,SOL,SELL,42.56108333664815,0.04256108333664815,0.15,S3_TREND
2026-05-07 19:00:00+00:00,BTC,SELL,21.94715585803351,0.021947155858033512,0.15,S3_TREND
2026-05-07 19:00:00+00:00,SOL,BUY,33.74696757892161,0.033746967578921615,0.15,S3_TREND
2026-05-07 20:00:00+00:00,BTC,BUY,5.123362262987939,0.005123362262987939,0.15,S3_TREND
2026-05-07 20:00:00+00:00,SOL,BUY,16.787894732075074,0.016787894732075075,0.15,S3_TREND
2026-05-07 21:00:00+00:00,BTC,BUY,31.98607651895327,0.03198607651895327,0.15,S3_TREND
2026-05-07 21:00:00+00:00,ETH,BUY,7312.486542022364,7.312486542022365,0.075,S6_REVERSAL
2026-05-07 21:00:00+00:00,SOL,BUY,46.15478523060483,0.04615478523060483,0.15,S3_TREND
2026-05-07 22:00:00+00:00,BTC,BUY,18.28551702486584,0.01828551702486584,0.15,S3_TREND
2026-05-07 22:00:00+00:00,SOL,BUY,8.344010147502559,0.00834401014750256,0.15,S3_TREND
2026-05-07 23:00:00+00:00,BTC,SELL,25.995296476410658,0.02599529647641066,0.15,S3_TREND
2026-05-07 23:00:00+00:00,ETH,BUY,6.348976731446783,0.006348976731446783,0.075,S6_REVERSAL
2026-05-07 23:00:00+00:00,SOL,SELL,12.203805897128404,0.012203805897128404,0.15,S3_TREND
2026-05-08 00:00:00+00:00,BTC,SELL,3.1392419387793775,0.0031392419387793777,0.15,S3_TREND
2026-05-08 00:00:00+00:00,ETH,SELL,6.494465094784573,0.006494465094784573,0.075,S6_REVERSAL
2026-05-08 00:00:00+00:00,SOL,SELL,43.66485008269592,0.043664850082695925,0.15,S3_TREND
2026-05-08 01:00:00+00:00,BTC,SELL,7292.167684873811,7.292167684873811,0.075,S6_REVERSAL
2026-05-08 01:00:00+00:00,ETH,BUY,8.120906135642144,0.008120906135642144,0.075,S6_REVERSAL
2026-05-08 01:00:00+00:00,SOL,BUY,15.700729204176241,0.015700729204176242,0.15,S3_TREND
2026-05-08 02:00:00+00:00,BTC,BUY,5.2044540914330355,0.0052044540914330355,0.075,S6_REVERSAL
2026-05-08 02:00:00+00:00,ETH,BUY,2.4397096380262155,0.0024397096380262156,0.075,S6_REVERSAL
2026-05-08 02:00:00+00:00,SOL,BUY,15.099747214157105,0.015099747214157105,0.15,S3_TREND
2026-05-08 03:00:00+00:00,BTC,BUY,18.91503982371978,0.01891503982371978,0.075,S6_REVERSAL
2026-05-08 03:00:00+00:00,ETH,BUY,14.761962125290665,0.014761962125290665,0.075,S6_REVERSAL
2026-05-08 03:00:00+00:00,SOL,BUY,4.9810568294196855,0.004981056829419686,0.15,S3_TREND
2026-05-08 04:00:00+00:00,BTC,SELL,5.661699974134534,0.005661699974134534,0.075,S6_REVERSAL
2026-05-08 04:00:00+00:00,ETH,BUY,3.862385016931512,0.003862385016931512,0.075,S6_REVERSAL
2026-05-08 04:00:00+00:00,SOL,SELL,22.919365310723155,0.022919365310723156,0.15,S3_TREND
2026-05-08 05:00:00+00:00,BTC,SELL,6.548614303652357,0.006548614303652357,0.075,S6_REVERSAL
2026-05-08 05:00:00+00:00,ETH,SELL,8.706523490121981,0.008706523490121982,0.075,S6_REVERSAL
2026-05-08 05:00:00+00:00,SOL,BUY,10.87237025858667,0.01087237025858667,0.15,S3_TREND
2026-05-08 06:00:00+00:00,BTC,BUY,1.8344562430038422,0.0018344562430038422,0.075,S6_REVERSAL
2026-05-08 06:00:00+00:00,ETH,BUY,14.867716716277755,0.014867716716277755,0.075,S6_REVERSAL
2026-05-08 06:00:00+00:00,SOL,BUY,13.432157915265634,0.013432157915265634,0.15,S3_TREND
2026-05-08 07:00:00+00:00,BTC,BUY,6.119937955802925,0.006119937955802925,0.075,S6_REVERSAL
2026-05-08 07:00:00+00:00,ETH,BUY,1.7135943272833174,0.0017135943272833173,0.075,S6_REVERSAL
2026-05-08 07:00:00+00:00,SOL,SELL,1.3877058730486171,0.0013877058730486173,0.15,S3_TREND
2026-05-08 08:00:00+00:00,BTC,SELL,9.590698796297147,0.009590698796297148,0.075,S6_REVERSAL
2026-05-08 08:00:00+00:00,ETH,SELL,14.91664431029767,0.014916644310297671,0.075,S6_REVERSAL
2026-05-08 08:00:00+00:00,SOL,SELL,20.273395693269777,0.020273395693269778,0.15,S3_TREND
2026-05-08 09:00:00+00:00,BTC,SELL,14.889820639402387,0.014889820639402388,0.075,S6_REVERSAL
2026-05-08 09:00:00+00:00,ETH,SELL,3.2292064982311786,0.0032292064982311786,0.075,S6_REVERSAL
2026-05-08 09:00:00+00:00,SOL,SELL,17.279204040760305,0.017279204040760304,0.15,S3_TREND
2026-05-08 10:00:00+00:00,BTC,BUY,2.0540833129243765,0.0020540833129243765,0.075,S6_REVERSAL
2026-05-08 10:00:00+00:00,ETH,SELL,1.6598408401041524,0.0016598408401041526,0.075,S6_REVERSAL
2026-05-08 10:00:00+00:00,SOL,SELL,8.253669210605949,0.00825366921060595,0.15,S3_TREND
2026-05-08 11:00:00+00:00,BTC,SELL,25.43920556085322,0.02543920556085322,0.075,S6_REVERSAL
2026-05-08 11:00:00+00:00,ETH,SELL,5.877993018851157,0.005877993018851157,0.075,S6_REVERSAL
2026-05-08 11:00:00+00:00,SOL,SELL,21.71967716110703,0.02171967716110703,0.15,S3_TREND
2026-05-08 12:00:00+00:00,ETH,SELL,21.865105585251513,0.021865105585251513,0.075,S6_REVERSAL
2026-05-08 12:00:00+00:00,SOL,BUY,3.813386112371518,0.0038133861123715177,0.15,S3_TREND
2026-05-08 13:00:00+00:00,BTC,BUY,12.838421560181814,0.012838421560181815,0.075,S6_REVERSAL
2026-05-08 13:00:00+00:00,ETH,BUY,28.50046586892404,0.02850046586892404,0.075,S6_REVERSAL
2026-05-08 13:00:00+00:00,SOL,BUY,15.865401841303537,0.01586540184130354,0.15,S3_TREND
2026-05-08 14:00:00+00:00,BTC,BUY,28.409862845701355,0.028409862845701354,0.075,S6_REVERSAL
2026-05-08 14:00:00+00:00,ETH,BUY,19.696422415116103,0.019696422415116103,0.075,S6_REVERSAL
2026-05-08 14:00:00+00:00,SOL,BUY,9.206816813102705,0.009206816813102705,0.15,S3_TREND
2026-05-08 15:00:00+00:00,BTC,SELL,30.311342796520876,0.030311342796520875,0.075,S6_REVERSAL
2026-05-08 15:00:00+00:00,ETH,SELL,13.867284033422038,0.013867284033422038,0.075,S6_REVERSAL
2026-05-08 15:00:00+00:00,SOL,SELL,103.96988082075222,0.10396988082075223,0.15,S3_TREND
2026-05-08 16:00:00+00:00,BTC,BUY,7.9570060848745925,0.007957006084874593,0.075,S6_REVERSAL
2026-05-08 16:00:00+00:00,ETH,SELL,16.82412719387048,0.01682412719387048,0.075,S6_REVERSAL
2026-05-08 16:00:00+00:00,SOL,SELL,58.00544783402256,0.05800544783402256,0.15,S3_TREND
2026-05-08 17:00:00+00:00,BTC,BUY,27.966944957668602,0.0279669449576686,0.075,S6_REVERSAL
2026-05-08 17:00:00+00:00,ETH,BUY,7.334152562406416,0.007334152562406417,0.075,S6_REVERSAL
2026-05-08 17:00:00+00:00,SOL,SELL,6.244214841388384,0.006244214841388384,0.15,S3_TREND
2026-05-08 18:00:00+00:00,BTC,BUY,6.971233915466655,0.006971233915466655,0.075,S6_REVERSAL
2026-05-08 18:00:00+00:00,ETH,SELL,17.18460390560267,0.017184603905602672,0.075,S6_REVERSAL
2026-05-08 18:00:00+00:00,SOL,SELL,275.76308379315014,0.2757630837931502,0.15,S3_TREND
2026-05-08 19:00:00+00:00,BTC,BUY,8.427870951681143,0.008427870951681144,0.075,S6_REVERSAL
2026-05-08 19:00:00+00:00,ETH,SELL,17.40837799651399,0.017408377996513992,0.075,S6_REVERSAL
2026-05-08 19:00:00+00:00,SOL,SELL,85.75928500312875,0.08575928500312875,0.15,S3_TREND
2026-05-08 20:00:00+00:00,BTC,SELL,4.572242225233822,0.004572242225233822,0.075,S6_REVERSAL
2026-05-08 20:00:00+00:00,ETH,SELL,3.4076686884591254,0.0034076686884591256,0.075,S6_REVERSAL
2026-05-08 20:00:00+00:00,SOL,SELL,36.74482601481941,0.03674482601481941,0.15,S3_TREND
2026-05-08 21:00:00+00:00,BTC,SELL,4.114305278158099,0.004114305278158099,0.075,S6_REVERSAL
2026-05-08 21:00:00+00:00,ETH,BUY,21.56673340396992,0.02156673340396992,0.075,S6_REVERSAL
2026-05-08 21:00:00+00:00,SOL,BUY,61.184374852231485,0.061184374852231486,0.15,S3_TREND
2026-05-08 22:00:00+00:00,BTC,SELL,6.948990226203023,0.006948990226203023,0.075,S6_REVERSAL
2026-05-08 22:00:00+00:00,ETH,SELL,20.399248917434306,0.020399248917434307,0.075,S6_REVERSAL
2026-05-08 22:00:00+00:00,SOL,SELL,20.214931853017333,0.020214931853017332,0.15,S3_TREND
2026-05-08 23:00:00+00:00,ETH,BUY,10.586493573334337,0.010586493573334337,0.075,S6_REVERSAL
2026-05-09 00:00:00+00:00,ETH,BUY,7.7066536754082335,0.007706653675408234,0.075,S6_REVERSAL
2026-05-09 00:00:00+00:00,SOL,BUY,34.77699750788088,0.03477699750788088,0.15,S3_TREND
2026-05-09 01:00:00+00:00,BTC,BUY,2.7366876791120376,0.0027366876791120377,0.075,S6_REVERSAL
2026-05-09 01:00:00+00:00,ETH,BUY,1.4630994839071718,0.0014630994839071718,0.075,S6_REVERSAL
2026-05-09 01:00:00+00:00,SOL,SELL,61.26807914681922,0.06126807914681922,0.15,S3_TREND
2026-05-09 02:00:00+00:00,BTC,BUY,6.227499105984862,0.006227499105984862,0.075,S6_REVERSAL
2026-05-09 02:00:00+00:00,ETH,SELL,3.7341653237053833,0.0037341653237053835,0.075,S6_REVERSAL
2026-05-09 02:00:00+00:00,SOL,SELL,137.00338848213505,0.13700338848213506,0.15,S3_TREND
2026-05-09 03:00:00+00:00,BTC,SELL,7.116116294752828,0.0071161162947528285,0.075,S6_REVERSAL
2026-05-09 03:00:00+00:00,ETH,SELL,7.892915654748322,0.007892915654748322,0.075,S6_REVERSAL
2026-05-09 03:00:00+00:00,SOL,BUY,3.9236516980345186,0.003923651698034518,0.15,S3_TREND
2026-05-09 04:00:00+00:00,BTC,BUY,4.124086120978973,0.004124086120978973,0.075,S6_REVERSAL
2026-05-09 04:00:00+00:00,ETH,BUY,6.555817470565671,0.006555817470565671,0.075,S6_REVERSAL
2026-05-09 04:00:00+00:00,SOL,SELL,20.105943783273688,0.020105943783273687,0.15,S3_TREND
2026-05-09 05:00:00+00:00,BTC,SELL,5.222639713539138,0.005222639713539138,0.075,S6_REVERSAL
2026-05-09 05:00:00+00:00,ETH,BUY,3.914201720364872,0.003914201720364872,0.075,S6_REVERSAL
2026-05-09 05:00:00+00:00,SOL,BUY,53.50543976262088,0.053505439762620885,0.15,S3_TREND
2026-05-09 06:00:00+00:00,BTC,BUY,6.67850414798977,0.00667850414798977,0.075,S6_REVERSAL
2026-05-09 06:00:00+00:00,ETH,SELL,1.2448984649790873,0.0012448984649790873,0.075,S6_REVERSAL
2026-05-09 06:00:00+00:00,SOL,SELL,67.48602840042622,0.06748602840042622,0.15,S3_TREND
2026-05-09 07:00:00+00:00,BTC,BUY,7.227171779861237,0.007227171779861237,0.075,S6_REVERSAL
2026-05-09 07:00:00+00:00,ETH,SELL,1.8976530855488818,0.0018976530855488818,0.075,S6_REVERSAL
2026-05-09 07:00:00+00:00,SOL,BUY,26.310680576298182,0.026310680576298182,0.15,S3_TREND
2026-05-09 08:00:00+00:00,BTC,BUY,5.668288459105497,0.005668288459105497,0.075,S6_REVERSAL
2026-05-09 08:00:00+00:00,ETH,BUY,1.3575545832491116,0.0013575545832491117,0.075,S6_REVERSAL
2026-05-09 08:00:00+00:00,SOL,SELL,29.859869348512802,0.029859869348512803,0.15,S3_TREND
2026-05-09 09:00:00+00:00,BTC,SELL,15.186957713227457,0.015186957713227457,0.075,S6_REVERSAL
2026-05-09 09:00:00+00:00,ETH,SELL,6.656045154326421,0.006656045154326421,0.075,S6_REVERSAL
2026-05-09 09:00:00+00:00,SOL,BUY,10.338152381244072,0.010338152381244073,0.15,S3_TREND
2026-05-09 10:00:00+00:00,BTC,BUY,8.093180185086567,0.008093180185086568,0.075,S6_REVERSAL
2026-05-09 10:00:00+00:00,ETH,BUY,5.341289795897865,0.005341289795897865,0.075,S6_REVERSAL
2026-05-09 10:00:00+00:00,SOL,BUY,52.17780823602516,0.05217780823602516,0.15,S3_TREND
2026-05-09 11:00:00+00:00,ETH,BUY,3.5439527275166256,0.003543952727516626,0.075,S6_REVERSAL
2026-05-09 11:00:00+00:00,SOL,SELL,12.200477015258004,0.012200477015258004,0.15,S3_TREND
2026-05-09 12:00:00+00:00,BTC,SELL,4.663255515270976,0.004663255515270976,0.075,S6_REVERSAL
2026-05-09 12:00:00+00:00,ETH,SELL,2.8250292039156193,0.0028250292039156194,0.075,S6_REVERSAL
2026-05-09 12:00:00+00:00,SOL,SELL,28.80563078569503,0.028805630785695032,0.15,S3_TREND
2026-05-09 13:00:00+00:00,BTC,SELL,5.888316103869329,0.005888316103869329,0.075,S6_REVERSAL
2026-05-09 13:00:00+00:00,ETH,SELL,7.380878828026653,0.007380878828026653,0.075,S6_REVERSAL
2026-05-09 13:00:00+00:00,SOL,BUY,23.133734019900658,0.023133734019900657,0.15,S3_TREND
2026-05-09 14:00:00+00:00,ETH,BUY,6.5581993740806865,0.006558199374080686,0.075,S6_REVERSAL
2026-05-09 14:00:00+00:00,SOL,SELL,2.4951282236088446,0.0024951282236088447,0.15,S3_TREND
2026-05-09 15:00:00+00:00,BTC,SELL,3.152728279150324,0.003152728279150324,0.075,S6_REVERSAL
2026-05-09 15:00:00+00:00,ETH,BUY,10.637259167697266,0.010637259167697267,0.075,S6_REVERSAL
2026-05-09 15:00:00+00:00,SOL,BUY,74.20714354043594,0.07420714354043594,0.15,S3_TREND
2026-05-09 16:00:00+00:00,BTC,SELL,12.835801759491915,0.012835801759491915,0.075,S6_REVERSAL
2026-05-09 16:00:00+00:00,ETH,SELL,24.812122582160555,0.024812122582160555,0.075,S6_REVERSAL
2026-05-09 16:00:00+00:00,SOL,SELL,10.379751820322781,0.010379751820322781,0.15,S3_TREND
2026-05-09 17:00:00+00:00,BTC,SELL,10.530179672792656,0.010530179672792656,0.075,S6_REVERSAL
2026-05-09 17:00:00+00:00,ETH,SELL,9.147610837978391,0.00914761083797839,0.075,S6_REVERSAL
2026-05-09 17:00:00+00:00,SOL,BUY,34.841355843947895,0.034841355843947895,0.15,S3_TREND
2026-05-09 18:00:00+00:00,BTC,SELL,8.389806098010013,0.008389806098010013,0.075,S6_REVERSAL
2026-05-09 18:00:00+00:00,ETH,SELL,21.304360991920472,0.02130436099192047,0.075,S6_REVERSAL
2026-05-09 18:00:00+00:00,SOL,SELL,52.43057514416979,0.05243057514416979,0.15,S3_TREND
2026-05-09 19:00:00+00:00,BTC,SELL,5.95345343343979,0.00595345343343979,0.075,S6_REVERSAL
2026-05-09 19:00:00+00:00,SOL,SELL,19.908340054063956,0.019908340054063955,0.15,S3_TREND
2026-05-09 20:00:00+00:00,ETH,SELL,3.0919643354855,0.0030919643354855,0.075,S6_REVERSAL
2026-05-09 20:00:00+00:00,SOL,SELL,17.57310263942054,0.01757310263942054,0.15,S3_TREND
2026-05-09 21:00:00+00:00,BTC,BUY,6.956760815596681,0.006956760815596681,0.075,S6_REVERSAL
2026-05-09 21:00:00+00:00,ETH,BUY,4.36242642106572,0.0043624264210657205,0.075,S6_REVERSAL
2026-05-09 21:00:00+00:00,SOL,BUY,31.772787392625105,0.0317727873926251,0.15,S3_TREND
2026-05-09 22:00:00+00:00,BTC,BUY,5.4493375313868455,0.005449337531386845,0.075,S6_REVERSAL
2026-05-09 22:00:00+00:00,ETH,SELL,2.043259888616376,0.002043259888616376,0.075,S6_REVERSAL
2026-05-09 22:00:00+00:00,SOL,SELL,33.242418119372815,0.03324241811937281,0.15,S3_TREND
2026-05-09 23:00:00+00:00,BTC,SELL,2.3719620675501574,0.0023719620675501573,0.075,S6_REVERSAL
2026-05-09 23:00:00+00:00,SOL,BUY,22.42551282392924,0.02242551282392924,0.15,S3_TREND
2026-05-10 00:00:00+00:00,BTC,BUY,5.479781664525035,0.005479781664525035,0.075,S6_REVERSAL
2026-05-10 00:00:00+00:00,ETH,BUY,7.6622223230406235,0.0076622223230406235,0.075,S6_REVERSAL
2026-05-10 00:00:00+00:00,SOL,BUY,25.19590694904582,0.02519590694904582,0.15,S3_TREND
2026-05-10 01:00:00+00:00,BTC,SELL,1.813583080062017,0.001813583080062017,0.075,S6_REVERSAL
2026-05-10 01:00:00+00:00,ETH,BUY,6.3684703933786295,0.006368470393378629,0.075,S6_REVERSAL
2026-05-10 01:00:00+00:00,SOL,BUY,10.949089798361456,0.010949089798361455,0.15,S3_TREND
2026-05-10 02:00:00+00:00,BTC,SELL,1.3548829060264325,0.0013548829060264324,0.075,S6_REVERSAL
2026-05-10 02:00:00+00:00,SOL,BUY,9.415445026183079,0.00941544502618308,0.15,S3_TREND
2026-05-10 03:00:00+00:00,BTC,SELL,5.6907704058930895,0.0056907704058930895,0.075,S6_REVERSAL
2026-05-10 03:00:00+00:00,ETH,SELL,10.971503111594757,0.010971503111594757,0.075,S6_REVERSAL
2026-05-10 03:00:00+00:00,SOL,SELL,8.8639266011578,0.0088639266011578,0.15,S3_TREND
2026-05-10 04:00:00+00:00,BTC,BUY,4.445648867305863,0.004445648867305863,0.075,S6_REVERSAL
2026-05-10 04:00:00+00:00,ETH,BUY,7396.558399530848,7.396558399530848,0.15,S3_TREND
2026-05-10 04:00:00+00:00,SOL,SELL,48.71605658224326,0.04871605658224326,0.15,S3_TREND
2026-05-10 05:00:00+00:00,BTC,BUY,7391.103922151862,7.391103922151863,0.15,S3_TREND
2026-05-10 05:00:00+00:00,ETH,SELL,5.372272132910439,0.005372272132910439,0.15,S3_TREND
2026-05-10 05:00:00+00:00,SOL,BUY,5.906953283021721,0.005906953283021721,0.15,S3_TREND
2026-05-10 06:00:00+00:00,BTC,BUY,6.686789248882633,0.006686789248882633,0.15,S3_TREND
2026-05-10 06:00:00+00:00,ETH,BUY,2.0786143979858025,0.0020786143979858026,0.15,S3_TREND
2026-05-10 07:00:00+00:00,BTC,SELL,1.559233620091618,0.001559233620091618,0.15,S3_TREND
2026-05-10 07:00:00+00:00,ETH,SELL,8.280955112968513,0.008280955112968513,0.15,S3_TREND
2026-05-10 07:00:00+00:00,SOL,SELL,7.577802117079045,0.007577802117079045,0.15,S3_TREND
2026-05-10 08:00:00+00:00,BTC,SELL,1.0268035935787339,0.0010268035935787339,0.15,S3_TREND
2026-05-10 08:00:00+00:00,ETH,BUY,11.76534470731167,0.01176534470731167,0.15,S3_TREND
2026-05-10 08:00:00+00:00,SOL,SELL,8.521671307355064,0.008521671307355063,0.15,S3_TREND
2026-05-10 09:00:00+00:00,BTC,BUY,2.2218472171371104,0.0022218472171371103,0.15,S3_TREND
2026-05-10 09:00:00+00:00,ETH,BUY,1.7052137163791485,0.0017052137163791486,0.15,S3_TREND
2026-05-10 09:00:00+00:00,SOL,SELL,75.40497063876683,0.07540497063876683,0.15,S3_TREND
2026-05-10 10:00:00+00:00,BTC,BUY,7.5348350209842465,0.007534835020984247,0.15,S3_TREND
2026-05-10 10:00:00+00:00,ETH,BUY,15.693993695487734,0.015693993695487733,0.15,S3_TREND
2026-05-10 10:00:00+00:00,SOL,SELL,35.903339516575215,0.03590333951657522,0.15,S3_TREND
2026-05-10 11:00:00+00:00,BTC,SELL,23.50073215176053,0.02350073215176053,0.15,S3_TREND
2026-05-10 11:00:00+00:00,ETH,BUY,6.176180438507799,0.006176180438507799,0.15,S3_TREND
2026-05-10 11:00:00+00:00,SOL,BUY,59.20085046248278,0.05920085046248278,0.15,S3_TREND
2026-05-10 12:00:00+00:00,BTC,SELL,1.6676049573488854,0.0016676049573488853,0.15,S3_TREND
2026-05-10 12:00:00+00:00,ETH,BUY,6.969719000813711,0.006969719000813711,0.15,S3_TREND
2026-05-10 12:00:00+00:00,SOL,BUY,35.994206014380325,0.035994206014380324,0.15,S3_TREND
2026-05-10 13:00:00+00:00,BTC,SELL,21.026788592464072,0.021026788592464072,0.15,S3_TREND
2026-05-10 13:00:00+00:00,ETH,SELL,11.286208824252753,0.011286208824252754,0.15,S3_TREND
2026-05-10 13:00:00+00:00,SOL,BUY,37.948068205838354,0.037948068205838355,0.15,S3_TREND
2026-05-10 14:00:00+00:00,BTC,BUY,9.276664605327824,0.009276664605327823,0.15,S3_TREND
2026-05-10 14:00:00+00:00,ETH,SELL,18.817714965471172,0.01881771496547117,0.15,S3_TREND
2026-05-10 14:00:00+00:00,SOL,SELL,53.974491521055825,0.05397449152105582,0.15,S3_TREND
2026-05-10 15:00:00+00:00,BTC,BUY,1.2472292492202541,0.0012472292492202541,0.15,S3_TREND
2026-05-10 15:00:00+00:00,ETH,SELL,2.3675055335479556,0.0023675055335479556,0.15,S3_TREND
2026-05-10 15:00:00+00:00,SOL,SELL,15.897644601469437,0.01589764460146944,0.15,S3_TREND
2026-05-10 16:00:00+00:00,BTC,SELL,35.471877033700366,0.03547187703370037,0.15,S3_TREND
2026-05-10 16:00:00+00:00,ETH,SELL,63.063727972688866,0.06306372797268887,0.15,S3_TREND
2026-05-10 16:00:00+00:00,SOL,SELL,58.16484298019532,0.058164842980195315,0.15,S3_TREND
2026-05-10 17:00:00+00:00,BTC,BUY,15.74531294695771,0.01574531294695771,0.15,S3_TREND
2026-05-10 17:00:00+00:00,ETH,SELL,6.8696949956756725,0.006869694995675673,0.15,S3_TREND
2026-05-10 17:00:00+00:00,SOL,SELL,40.18466439239273,0.04018466439239273,0.15,S3_TREND
2026-05-10 18:00:00+00:00,BTC,BUY,36.945627047845846,0.03694562704784585,0.15,S3_TREND
2026-05-10 18:00:00+00:00,ETH,SELL,34.42510466204476,0.03442510466204476,0.15,S3_TREND
2026-05-10 18:00:00+00:00,SOL,SELL,203.58853827483654,0.20358853827483653,0.15,S3_TREND
2026-05-10 19:00:00+00:00,BTC,BUY,25.051667936439117,0.025051667936439117,0.15,S3_TREND
2026-05-10 19:00:00+00:00,ETH,BUY,22.87209920208261,0.02287209920208261,0.15,S3_TREND
2026-05-10 19:00:00+00:00,SOL,SELL,3.0446775337077265,0.0030446775337077264,0.15,S3_TREND
2026-05-10 20:00:00+00:00,BTC,SELL,18.280491068939227,0.01828049106893923,0.15,S3_TREND
2026-05-10 20:00:00+00:00,ETH,SELL,32.15214108614782,0.03215214108614782,0.15,S3_TREND
2026-05-10 20:00:00+00:00,SOL,BUY,5.941315798132564,0.005941315798132564,0.15,S3_TREND
2026-05-10 21:00:00+00:00,BTC,BUY,29.168134040444784,0.029168134040444785,0.15,S3_TREND
2026-05-10 21:00:00+00:00,ETH,BUY,132.27676593393335,0.13227676593393334,0.15,S3_TREND
2026-05-10 21:00:00+00:00,SOL,BUY,203.3704232764794,0.20337042327647942,0.15,S3_TREND
2026-05-10 22:00:00+00:00,BTC,BUY,17.28946978289241,0.017289469782892412,0.15,S3_TREND
2026-05-10 22:00:00+00:00,ETH,BUY,1.7380909022522246,0.0017380909022522246,0.15,S3_TREND
2026-05-10 22:00:00+00:00,SOL,SELL,73.0959871796058,0.0730959871796058,0.15,S3_TREND
2026-05-10 23:00:00+00:00,BTC,SELL,138.30241410390408,0.1383024141039041,0.15,S3_TREND
2026-05-10 23:00:00+00:00,ETH,SELL,168.5683786015088,0.1685683786015088,0.15,S3_TREND
2026-05-10 23:00:00+00:00,SOL,SELL,77.59126311663385,0.07759126311663385,0.15,S3_TREND
2026-05-11 00:00:00+00:00,BTC,SELL,22.9236441118519,0.0229236441118519,0.15,S3_TREND
2026-05-11 00:00:00+00:00,ETH,BUY,23.049875308264745,0.023049875308264745,0.15,S3_TREND
2026-05-11 00:00:00+00:00,SOL,SELL,26.920927650675367,0.02692092765067537,0.15,S3_TREND
2026-05-11 01:00:00+00:00,BTC,BUY,80.67751630181556,0.08067751630181556,0.15,S3_TREND
2026-05-11 01:00:00+00:00,ETH,BUY,65.47405371241075,0.06547405371241075,0.15,S3_TREND
2026-05-11 01:00:00+00:00,SOL,BUY,50.17245014017499,0.05017245014017499,0.15,S3_TREND
2026-05-11 02:00:00+00:00,BTC,BUY,7.142683785592453,0.0071426837855924534,0.15,S3_TREND
2026-05-11 02:00:00+00:00,ETH,SELL,26.36320325995439,0.02636320325995439,0.15,S3_TREND
2026-05-11 02:00:00+00:00,SOL,SELL,27.659682989347857,0.02765968298934786,0.15,S3_TREND
2026-05-11 03:00:00+00:00,BTC,BUY,21.76914960344766,0.021769149603447658,0.15,S3_TREND
2026-05-11 03:00:00+00:00,ETH,BUY,43.95900910810633,0.04395900910810633,0.15,S3_TREND
2026-05-11 03:00:00+00:00,SOL,BUY,77.2795985981029,0.07727959859810289,0.15,S3_TREND
2026-05-11 04:00:00+00:00,BTC,BUY,40.62556608600971,0.040625566086009715,0.15,S3_TREND
2026-05-11 04:00:00+00:00,ETH,BUY,55.35611697826607,0.055356116978266076,0.15,S3_TREND
2026-05-11 04:00:00+00:00,SOL,BUY,45.537572821316644,0.045537572821316645,0.15,S3_TREND
2026-05-11 05:00:00+00:00,BTC,SELL,6.734348018004312,0.006734348018004312,0.15,S3_TREND
2026-05-11 05:00:00+00:00,ETH,SELL,5.031492285350396,0.005031492285350396,0.15,S3_TREND
2026-05-11 05:00:00+00:00,SOL,SELL,23.3078129504338,0.0233078129504338,0.15,S3_TREND
2026-05-11 06:00:00+00:00,BTC,BUY,18.443789944647506,0.018443789944647505,0.15,S3_TREND
2026-05-11 06:00:00+00:00,ETH,BUY,4.354934602384674,0.004354934602384674,0.15,S3_TREND
2026-05-11 06:00:00+00:00,SOL,SELL,95.6601026701901,0.0956601026701901,0.15,S3_TREND
2026-05-11 07:00:00+00:00,BTC,SELL,5.140252652441631,0.005140252652441631,0.15,S3_TREND
2026-05-11 07:00:00+00:00,ETH,BUY,4.56143690056706,0.00456143690056706,0.15,S3_TREND
2026-05-11 07:00:00+00:00,SOL,BUY,25.691978043758354,0.025691978043758355,0.15,S3_TREND
2026-05-11 08:00:00+00:00,BTC,BUY,6.329691353617818,0.006329691353617818,0.15,S3_TREND
2026-05-11 08:00:00+00:00,ETH,BUY,9.885951080437735,0.009885951080437735,0.15,S3_TREND
2026-05-11 08:00:00+00:00,SOL,BUY,16.051135626041287,0.016051135626041286,0.15,S3_TREND
2026-05-11 09:00:00+00:00,BTC,SELL,17.442057907752314,0.017442057907752315,0.15,S3_TREND
2026-05-11 09:00:00+00:00,ETH,SELL,11.932707559490154,0.011932707559490155,0.15,S3_TREND
2026-05-11 09:00:00+00:00,SOL,BUY,74.7290070421368,0.07472900704213681,0.15,S3_TREND
2026-05-11 10:00:00+00:00,BTC,SELL,13.461279232500601,0.013461279232500602,0.15,S3_TREND
2026-05-11 10:00:00+00:00,ETH,SELL,12.566712534082399,0.012566712534082399,0.15,S3_TREND
2026-05-11 10:00:00+00:00,SOL,SELL,58.3196804751151,0.0583196804751151,0.15,S3_TREND
2026-05-11 11:00:00+00:00,BTC,SELL,7.328547347811764,0.007328547347811764,0.15,S3_TREND
2026-05-11 11:00:00+00:00,ETH,BUY,26.80573179046587,0.02680573179046587,0.15,S3_TREND
2026-05-11 11:00:00+00:00,SOL,BUY,25.17352177387147,0.02517352177387147,0.15,S3_TREND
2026-05-11 12:00:00+00:00,BTC,SELL,29.738171932698606,0.029738171932698607,0.15,S3_TREND
2026-05-11 12:00:00+00:00,ETH,SELL,20.022837739428724,0.020022837739428725,0.15,S3_TREND
2026-05-11 12:00:00+00:00,SOL,SELL,13.862314989024524,0.013862314989024524,0.15,S3_TREND
2026-05-11 13:00:00+00:00,BTC,BUY,5.355493579982067,0.005355493579982067,0.15,S3_TREND
2026-05-11 13:00:00+00:00,ETH,BUY,19.315501862778547,0.019315501862778545,0.15,S3_TREND
2026-05-11 13:00:00+00:00,SOL,BUY,51.026292415530406,0.05102629241553041,0.15,S3_TREND
2026-05-11 14:00:00+00:00,ETH,BUY,49.264859221862935,0.04926485922186294,0.15,S3_TREND
2026-05-11 14:00:00+00:00,SOL,SELL,62.23678205178294,0.062236782051782936,0.15,S3_TREND
2026-05-11 15:00:00+00:00,BTC,BUY,12.175167625038739,0.01217516762503874,0.15,S3_TREND
2026-05-11 15:00:00+00:00,ETH,BUY,27.436580214562127,0.027436580214562127,0.15,S3_TREND
2026-05-11 15:00:00+00:00,SOL,SELL,3.5602109699048015,0.0035602109699048017,0.15,S3_TREND
2026-05-11 16:00:00+00:00,BTC,SELL,22.72474883806899,0.022724748838068992,0.15,S3_TREND
2026-05-11 16:00:00+00:00,ETH,SELL,41.32183978030662,0.04132183978030662,0.15,S3_TREND
2026-05-11 16:00:00+00:00,SOL,SELL,183.23472397321348,0.18323472397321347,0.15,S3_TREND
2026-05-11 17:00:00+00:00,BTC,SELL,11.068407002747337,0.011068407002747338,0.15,S3_TREND
2026-05-11 17:00:00+00:00,ETH,BUY,36.22289651943174,0.036222896519431745,0.15,S3_TREND
2026-05-11 17:00:00+00:00,SOL,SELL,71.90610763706354,0.07190610763706354,0.15,S3_TREND
2026-05-11 18:00:00+00:00,BTC,SELL,40.2097741456746,0.0402097741456746,0.15,S3_TREND
2026-05-11 18:00:00+00:00,ETH,SELL,17.75420337313699,0.01775420337313699,0.15,S3_TREND
2026-05-11 18:00:00+00:00,SOL,SELL,39.3169922500274,0.0393169922500274,0.15,S3_TREND
2026-05-11 19:00:00+00:00,ETH,SELL,5.865873583008579,0.005865873583008579,0.15,S3_TREND
2026-05-11 19:00:00+00:00,SOL,BUY,58.72297889014408,0.05872297889014408,0.15,S3_TREND
2026-05-11 20:00:00+00:00,BTC,BUY,10.010576834023595,0.010010576834023595,0.15,S3_TREND
2026-05-11 20:00:00+00:00,ETH,SELL,4.128614760535129,0.004128614760535129,0.15,S3_TREND
2026-05-11 20:00:00+00:00,SOL,SELL,109.5649202349141,0.1095649202349141,0.15,S3_TREND
2026-05-11 21:00:00+00:00,BTC,BUY,7.085219935892383,0.007085219935892383,0.15,S3_TREND
2026-05-11 21:00:00+00:00,ETH,SELL,4.054090141959023,0.0040540901419590224,0.15,S3_TREND
2026-05-11 21:00:00+00:00,SOL,BUY,65.07245664199763,0.06507245664199764,0.15,S3_TREND
2026-05-11 22:00:00+00:00,BTC,SELL,2.8658334244155412,0.0028658334244155413,0.15,S3_TREND
2026-05-11 22:00:00+00:00,ETH,SELL,19.11083474861698,0.01911083474861698,0.15,S3_TREND
2026-05-11 22:00:00+00:00,SOL,BUY,32.30821662319977,0.03230821662319977,0.15,S3_TREND
2026-05-11 23:00:00+00:00,BTC,BUY,4.218968551525904,0.004218968551525905,0.15,S3_TREND
2026-05-11 23:00:00+00:00,ETH,BUY,1.9530660824821098,0.0019530660824821097,0.15,S3_TREND
2026-05-11 23:00:00+00:00,SOL,SELL,30.212680509755952,0.03021268050975595,0.15,S3_TREND
2026-05-12 00:00:00+00:00,BTC,BUY,5.775314941862234,0.005775314941862234,0.15,S3_TREND
2026-05-12 00:00:00+00:00,SOL,BUY,32.4726557803624,0.0324726557803624,0.15,S3_TREND
2026-05-12 01:00:00+00:00,BTC,BUY,28.92501044108394,0.02892501044108394,0.15,S3_TREND
2026-05-12 01:00:00+00:00,ETH,BUY,32.32237585943403,0.03232237585943403,0.15,S3_TREND
2026-05-12 01:00:00+00:00,SOL,SELL,33.68597740518999,0.03368597740518999,0.15,S3_TREND
2026-05-12 02:00:00+00:00,BTC,BUY,3.881503023801997,0.0038815030238019974,0.15,S3_TREND
2026-05-12 02:00:00+00:00,ETH,BUY,82.05655423011558,0.08205655423011558,0.15,S3_TREND
2026-05-12 02:00:00+00:00,SOL,BUY,131.65753390265127,0.13165753390265128,0.15,S3_TREND
2026-05-12 03:00:00+00:00,BTC,BUY,2.4193704592817085,0.0024193704592817087,0.15,S3_TREND
2026-05-12 03:00:00+00:00,ETH,SELL,17.142006280018904,0.017142006280018905,0.15,S3_TREND
2026-05-12 03:00:00+00:00,SOL,SELL,28.390477758826822,0.02839047775882682,0.15,S3_TREND
2026-05-12 04:00:00+00:00,BTC,BUY,13.955388993075758,0.013955388993075758,0.15,S3_TREND
2026-05-12 04:00:00+00:00,ETH,BUY,20.896673201566955,0.020896673201566955,0.15,S3_TREND
2026-05-12 04:00:00+00:00,SOL,BUY,42.09772759171756,0.04209772759171756,0.15,S3_TREND
2026-05-12 05:00:00+00:00,BTC,SELL,21.379670978800277,0.021379670978800277,0.15,S3_TREND
2026-05-12 05:00:00+00:00,ETH,BUY,1.7692042913149635,0.0017692042913149636,0.15,S3_TREND
2026-05-12 05:00:00+00:00,SOL,SELL,23.704473707161014,0.023704473707161014,0.15,S3_TREND
2026-05-12 06:00:00+00:00,BTC,BUY,6.5664752375760145,0.006566475237576015,0.15,S3_TREND
2026-05-12 06:00:00+00:00,ETH,BUY,8.723753130509067,0.008723753130509068,0.15,S3_TREND
2026-05-12 06:00:00+00:00,SOL,SELL,28.71092203956141,0.02871092203956141,0.15,S3_TREND
2026-05-12 07:00:00+00:00,BTC,BUY,16.554736572072215,0.016554736572072216,0.15,S3_TREND
2026-05-12 07:00:00+00:00,ETH,BUY,19.745082535906477,0.019745082535906476,0.15,S3_TREND
2026-05-12 07:00:00+00:00,SOL,BUY,38.12934571539881,0.03812934571539881,0.15,S3_TREND
2026-05-12 08:00:00+00:00,BTC,BUY,12.554762751029557,0.012554762751029557,0.15,S3_TREND
2026-05-12 08:00:00+00:00,ETH,BUY,39.81698010930086,0.039816980109300855,0.15,S3_TREND
2026-05-12 08:00:00+00:00,SOL,BUY,6.933500669267232,0.006933500669267232,0.15,S3_TREND
2026-05-12 09:00:00+00:00,BTC,SELL,12.794414109186619,0.012794414109186619,0.15,S3_TREND
2026-05-12 09:00:00+00:00,ETH,BUY,29.63551820295288,0.02963551820295288,0.15,S3_TREND
2026-05-12 09:00:00+00:00,SOL,BUY,44.85974713301766,0.044859747133017665,0.15,S3_TREND
2026-05-12 10:00:00+00:00,BTC,BUY,8.657129601604538,0.008657129601604538,0.15,S3_TREND
2026-05-12 10:00:00+00:00,ETH,SELL,23.775768505891392,0.023775768505891394,0.15,S3_TREND
2026-05-12 10:00:00+00:00,SOL,SELL,12.583312096190639,0.01258331209619064,0.15,S3_TREND
2026-05-12 11:00:00+00:00,BTC,BUY,2.0714419495325274,0.0020714419495325275,0.15,S3_TREND
2026-05-12 11:00:00+00:00,ETH,BUY,13.607624758607926,0.013607624758607927,0.15,S3_TREND
2026-05-12 11:00:00+00:00,SOL,BUY,91.37593118917903,0.09137593118917903,0.15,S3_TREND
2026-05-12 12:00:00+00:00,BTC,SELL,18.380317779305187,0.018380317779305187,0.15,S3_TREND
2026-05-12 12:00:00+00:00,ETH,SELL,1.9107034353819472,0.0019107034353819472,0.15,S3_TREND
2026-05-12 12:00:00+00:00,SOL,BUY,7.991860823289244,0.007991860823289244,0.15,S3_TREND
2026-05-12 13:00:00+00:00,BTC,SELL,7.26833220325716,0.00726833220325716,0.15,S3_TREND
2026-05-12 13:00:00+00:00,ETH,SELL,2.2348253692871367,0.0022348253692871366,0.15,S3_TREND
2026-05-12 13:00:00+00:00,SOL,SELL,28.54224283173789,0.028542242831737893,0.15,S3_TREND
2026-05-12 14:00:00+00:00,BTC,BUY,36.0604082935879,0.0360604082935879,0.15,S3_TREND
2026-05-12 14:00:00+00:00,ETH,BUY,70.01277183433012,0.07001277183433012,0.15,S3_TREND
2026-05-12 14:00:00+00:00,SOL,BUY,39.50981510552083,0.03950981510552083,0.15,S3_TREND
2026-05-12 15:00:00+00:00,BTC,SELL,17.886506679817103,0.017886506679817102,0.15,S3_TREND
2026-05-12 15:00:00+00:00,ETH,BUY,13.758359341472897,0.013758359341472896,0.15,S3_TREND
2026-05-12 15:00:00+00:00,SOL,BUY,20.434614279665766,0.020434614279665766,0.15,S3_TREND
2026-05-12 16:00:00+00:00,BTC,BUY,8.228126636931847,0.008228126636931848,0.15,S3_TREND
2026-05-12 16:00:00+00:00,ETH,SELL,7340.741693009846,7.340741693009846,0.075,S6_REVERSAL
2026-05-12 16:00:00+00:00,SOL,BUY,80.05897028995241,0.08005897028995242,0.15,S3_TREND
2026-05-12 17:00:00+00:00,BTC,BUY,51.936692157180005,0.051936692157180005,0.15,S3_TREND
2026-05-12 17:00:00+00:00,ETH,SELL,11.220572312159675,0.011220572312159675,0.075,S6_REVERSAL
2026-05-12 17:00:00+00:00,SOL,SELL,8.053667610274715,0.008053667610274715,0.15,S3_TREND
2026-05-12 18:00:00+00:00,BTC,SELL,60.50135495925497,0.06050135495925497,0.15,S3_TREND
2026-05-12 18:00:00+00:00,ETH,SELL,23.226389949993063,0.023226389949993063,0.075,S6_REVERSAL
2026-05-12 18:00:00+00:00,SOL,SELL,68.50017351441056,0.06850017351441057,0.15,S3_TREND
2026-05-12 19:00:00+00:00,BTC,SELL,21.103572707641437,0.021103572707641436,0.15,S3_TREND
2026-05-12 19:00:00+00:00,ETH,SELL,5.464847236748028,0.005464847236748028,0.075,S6_REVERSAL
2026-05-12 19:00:00+00:00,SOL,SELL,1.17824377337638,0.00117824377337638,0.15,S3_TREND
2026-05-12 20:00:00+00:00,BTC,SELL,13.044335449707432,0.013044335449707433,0.15,S3_TREND
2026-05-12 20:00:00+00:00,ETH,SELL,10.979464556559833,0.010979464556559832,0.075,S6_REVERSAL
2026-05-12 20:00:00+00:00,SOL,SELL,40.64758203848942,0.04064758203848942,0.15,S3_TREND
2026-05-12 21:00:00+00:00,BTC,BUY,17.49458644450533,0.01749458644450533,0.15,S3_TREND
2026-05-12 21:00:00+00:00,ETH,SELL,3.7357018955453896,0.0037357018955453897,0.075,S6_REVERSAL
2026-05-12 21:00:00+00:00,SOL,BUY,18.653643297078816,0.018653643297078817,0.15,S3_TREND
2026-05-12 22:00:00+00:00,BTC,BUY,15.543952536085271,0.015543952536085271,0.15,S3_TREND
2026-05-12 22:00:00+00:00,ETH,SELL,3.397250557062762,0.003397250557062762,0.075,S6_REVERSAL
2026-05-12 22:00:00+00:00,SOL,BUY,6.4350192227066145,0.006435019222706615,0.15,S3_TREND
2026-05-12 23:00:00+00:00,BTC,SELL,12.46107773966105,0.01246107773966105,0.15,S3_TREND
2026-05-12 23:00:00+00:00,ETH,BUY,9.995644426549006,0.009995644426549006,0.075,S6_REVERSAL
2026-05-12 23:00:00+00:00,SOL,BUY,1.7290619799623528,0.0017290619799623529,0.15,S3_TREND
2026-05-13 00:00:00+00:00,BTC,BUY,10.936235344941451,0.010936235344941451,0.15,S3_TREND
2026-05-13 00:00:00+00:00,ETH,BUY,15.390905325101812,0.015390905325101812,0.075,S6_REVERSAL
2026-05-13 00:00:00+00:00,SOL,BUY,43.92040937852289,0.043920409378522894,0.15,S3_TREND
2026-05-13 01:00:00+00:00,BTC,SELL,7401.447634815367,7.401447634815367,0.075,S6_REVERSAL
2026-05-13 01:00:00+00:00,ETH,SELL,14.474194045853437,0.014474194045853438,0.075,S6_REVERSAL
2026-05-13 01:00:00+00:00,SOL,SELL,17.52017752347092,0.01752017752347092,0.15,S3_TREND
2026-05-13 02:00:00+00:00,BTC,SELL,14.424963581902375,0.014424963581902376,0.075,S6_REVERSAL
2026-05-13 02:00:00+00:00,ETH,SELL,15.36163140288136,0.015361631402881359,0.075,S6_REVERSAL
2026-05-13 02:00:00+00:00,SOL,SELL,88.63774957831811,0.0886377495783181,0.15,S3_TREND
2026-05-13 03:00:00+00:00,BTC,SELL,2.288195828878088,0.002288195828878088,0.075,S6_REVERSAL
2026-05-13 03:00:00+00:00,ETH,SELL,11.179196636075176,0.011179196636075176,0.075,S6_REVERSAL
2026-05-13 03:00:00+00:00,SOL,SELL,2.757097221507138,0.0027570972215071377,0.15,S3_TREND
2026-05-13 04:00:00+00:00,BTC,SELL,11.26613420995909,0.011266134209959089,0.075,S6_REVERSAL
2026-05-13 04:00:00+00:00,ETH,SELL,18.061883937942184,0.018061883937942183,0.075,S6_REVERSAL
2026-05-13 04:00:00+00:00,SOL,SELL,35.72208145764671,0.03572208145764671,0.15,S3_TREND
2026-05-13 05:00:00+00:00,BTC,BUY,1.8864400698084864,0.0018864400698084865,0.075,S6_REVERSAL
2026-05-13 05:00:00+00:00,ETH,SELL,7412.496298418124,7.412496298418124,0.0,CASH
2026-05-13 05:00:00+00:00,SOL,BUY,11.326617659222393,0.011326617659222393,0.15,S3_TREND
2026-05-13 06:00:00+00:00,BTC,BUY,14.623975198259359,0.01462397519825936,0.075,S6_REVERSAL
2026-05-13 06:00:00+00:00,SOL,BUY,26.278990440381676,0.026278990440381678,0.15,S3_TREND
2026-05-13 07:00:00+00:00,BTC,BUY,1.9709287970908917,0.001970928797090892,0.075,S6_REVERSAL
2026-05-13 07:00:00+00:00,SOL,BUY,15.277813573340609,0.015277813573340609,0.15,S3_TREND
2026-05-13 08:00:00+00:00,BTC,SELL,3.957186265497512,0.0039571862654975126,0.075,S6_REVERSAL
2026-05-13 09:00:00+00:00,BTC,SELL,9.303950726243784,0.009303950726243784,0.075,S6_REVERSAL
2026-05-13 09:00:00+00:00,SOL,SELL,53.82537324530676,0.05382537324530676,0.15,S3_TREND
2026-05-13 10:00:00+00:00,BTC,SELL,6.135774059409415,0.006135774059409415,0.075,S6_REVERSAL
2026-05-13 10:00:00+00:00,SOL,SELL,19.766682543136994,0.019766682543136994,0.15,S3_TREND
2026-05-13 11:00:00+00:00,BTC,BUY,29.82917093475953,0.029829170934759532,0.075,S6_REVERSAL
2026-05-13 11:00:00+00:00,SOL,BUY,115.61546715630175,0.11561546715630175,0.15,S3_TREND
2026-05-13 12:00:00+00:00,BTC,BUY,20.517236042579498,0.020517236042579497,0.075,S6_REVERSAL
2026-05-13 12:00:00+00:00,SOL,BUY,58.00557544640105,0.05800557544640105,0.15,S3_TREND
2026-05-13 13:00:00+00:00,BTC,BUY,11.68539117965065,0.011685391179650652,0.075,S6_REVERSAL
2026-05-13 13:00:00+00:00,SOL,BUY,150.12249769613481,0.1501224976961348,0.15,S3_TREND
2026-05-13 14:00:00+00:00,BTC,BUY,35.983782963569865,0.03598378296356987,0.075,S6_REVERSAL
2026-05-13 14:00:00+00:00,SOL,BUY,110.65976597544068,0.11065976597544068,0.15,S3_TREND
2026-05-13 15:00:00+00:00,BTC,SELL,14.754931615010719,0.014754931615010718,0.075,S6_REVERSAL
2026-05-13 15:00:00+00:00,SOL,BUY,71.74474998915866,0.07174474998915867,0.15,S3_TREND
2026-05-13 16:00:00+00:00,BTC,SELL,7256.970141607457,7.256970141607457,0.0,CASH
2026-05-13 16:00:00+00:00,SOL,SELL,7150.55386628623,7.15055386628623,0.075,S6_REVERSAL
2026-05-13 17:00:00+00:00,BTC,BUY,7321.567170815141,7.3215671708151415,0.075,S6_REVERSAL
2026-05-13 17:00:00+00:00,SOL,SELL,34.025720090164214,0.03402572009016421,0.075,S6_REVERSAL
2026-05-13 18:00:00+00:00,BTC,SELL,35.177595611889956,0.035177595611889954,0.075,S6_REVERSAL
2026-05-13 19:00:00+00:00,BTC,SELL,6.908331646527586,0.006908331646527586,0.075,S6_REVERSAL
2026-05-13 19:00:00+00:00,SOL,SELL,1.6292209366147288,0.0016292209366147287,0.075,S6_REVERSAL
2026-05-13 20:00:00+00:00,BTC,SELL,3.6472315833525504,0.0036472315833525506,0.075,S6_REVERSAL
2026-05-13 20:00:00+00:00,SOL,SELL,1.1854220484901816,0.0011854220484901817,0.075,S6_REVERSAL
2026-05-13 21:00:00+00:00,BTC,SELL,2.9984952553604667,0.0029984952553604666,0.075,S6_REVERSAL
2026-05-13 21:00:00+00:00,SOL,SELL,21.960446917921217,0.021960446917921216,0.075,S6_REVERSAL
2026-05-13 22:00:00+00:00,BTC,BUY,23.43803984963688,0.02343803984963688,0.075,S6_REVERSAL
2026-05-13 22:00:00+00:00,SOL,BUY,23.923898155324423,0.023923898155324422,0.075,S6_REVERSAL
2026-05-13 23:00:00+00:00,SOL,SELL,19.91730404720056,0.01991730404720056,0.075,S6_REVERSAL
2026-05-14 00:00:00+00:00,BTC,BUY,8.8722641266977,0.0088722641266977,0.075,S6_REVERSAL
2026-05-14 01:00:00+00:00,BTC,SELL,22.514561932918696,0.022514561932918696,0.075,S6_REVERSAL
2026-05-14 01:00:00+00:00,SOL,SELL,1.924407419966883,0.001924407419966883,0.075,S6_REVERSAL
2026-05-14 02:00:00+00:00,BTC,SELL,2.3987838904977252,0.0023987838904977253,0.075,S6_REVERSAL
2026-05-14 02:00:00+00:00,SOL,BUY,3.8830719503175715,0.0038830719503175717,0.075,S6_REVERSAL
2026-05-14 03:00:00+00:00,BTC,BUY,16.455514695854617,0.016455514695854618,0.075,S6_REVERSAL
2026-05-14 03:00:00+00:00,SOL,BUY,41.49842934432763,0.04149842934432763,0.075,S6_REVERSAL
2026-05-14 04:00:00+00:00,BTC,BUY,23.817466345851244,0.023817466345851246,0.075,S6_REVERSAL
2026-05-14 04:00:00+00:00,SOL,BUY,46.34049168340971,0.04634049168340971,0.075,S6_REVERSAL
2026-05-14 05:00:00+00:00,BTC,SELL,31.468864298821245,0.031468864298821245,0.075,S6_REVERSAL
2026-05-14 05:00:00+00:00,SOL,SELL,38.56379976146309,0.03856379976146309,0.075,S6_REVERSAL
2026-05-14 06:00:00+00:00,BTC,SELL,25.56351595186061,0.02556351595186061,0.075,S6_REVERSAL
2026-05-14 06:00:00+00:00,SOL,SELL,58.15900892225363,0.05815900892225363,0.075,S6_REVERSAL
2026-05-14 07:00:00+00:00,BTC,BUY,1.1526928476205285,0.0011526928476205285,0.075,S6_REVERSAL
2026-05-14 07:00:00+00:00,SOL,SELL,9.690053649967012,0.009690053649967013,0.075,S6_REVERSAL
2026-05-14 08:00:00+00:00,BTC,BUY,1.7414622569767744,0.0017414622569767743,0.075,S6_REVERSAL
2026-05-14 08:00:00+00:00,SOL,BUY,39.63989427174238,0.03963989427174238,0.075,S6_REVERSAL
2026-05-14 09:00:00+00:00,BTC,SELL,5.274898613096411,0.005274898613096411,0.075,S6_REVERSAL
2026-05-14 09:00:00+00:00,SOL,SELL,13.64917604636412,0.01364917604636412,0.075,S6_REVERSAL
2026-05-14 10:00:00+00:00,BTC,BUY,14.526400669346913,0.014526400669346913,0.075,S6_REVERSAL
2026-05-14 10:00:00+00:00,SOL,BUY,14.346665338843195,0.014346665338843195,0.075,S6_REVERSAL
2026-05-14 11:00:00+00:00,BTC,BUY,6.720975118406386,0.006720975118406386,0.075,S6_REVERSAL
2026-05-14 11:00:00+00:00,SOL,SELL,14.622201031060285,0.014622201031060286,0.075,S6_REVERSAL
2026-05-14 12:00:00+00:00,BTC,BUY,24.071329412539853,0.024071329412539855,0.075,S6_REVERSAL
2026-05-14 12:00:00+00:00,SOL,BUY,28.358221951249106,0.028358221951249107,0.075,S6_REVERSAL
2026-05-14 13:00:00+00:00,BTC,SELL,39.96403429699057,0.039964034296990567,0.075,S6_REVERSAL
2026-05-14 13:00:00+00:00,SOL,SELL,39.81061357812359,0.03981061357812359,0.075,S6_REVERSAL
2026-05-14 14:00:00+00:00,BTC,BUY,2.897898459103999,0.002897898459103999,0.075,S6_REVERSAL
2026-05-14 14:00:00+00:00,SOL,BUY,32.23821951521404,0.032238219515214044,0.075,S6_REVERSAL
2026-05-14 15:00:00+00:00,BTC,SELL,98.23980702971768,0.09823980702971769,0.075,S6_REVERSAL
2026-05-14 15:00:00+00:00,SOL,SELL,103.99448050506271,0.10399448050506271,0.075,S6_REVERSAL
2026-05-14 16:00:00+00:00,BTC,SELL,23.04149702929226,0.02304149702929226,0.075,S6_REVERSAL
2026-05-14 16:00:00+00:00,SOL,SELL,61.75235751600848,0.06175235751600848,0.075,S6_REVERSAL
2026-05-14 17:00:00+00:00,BTC,SELL,7403.046919125135,7.403046919125135,0.0,CASH
2026-05-14 17:00:00+00:00,SOL,SELL,7.7017258724845306,0.00770172587248453,0.075,S6_REVERSAL
2026-05-14 18:00:00+00:00,SOL,BUY,22.043993479173878,0.02204399347917388,0.075,S6_REVERSAL
2026-05-14 19:00:00+00:00,SOL,SELL,31.444031876566445,0.03144403187656645,0.075,S6_REVERSAL
2026-05-14 20:00:00+00:00,SOL,BUY,38.58722449162815,0.03858722449162815,0.075,S6_REVERSAL
2026-05-14 21:00:00+00:00,SOL,BUY,13.172152500584161,0.013172152500584162,0.075,S6_REVERSAL
2026-05-14 22:00:00+00:00,SOL,BUY,1.4655340451035954,0.0014655340451035954,0.075,S6_REVERSAL
2026-05-14 23:00:00+00:00,SOL,BUY,4.400333283221698,0.004400333283221698,0.075,S6_REVERSAL
2026-05-15 00:00:00+00:00,SOL,BUY,35.95814948580664,0.03595814948580665,0.075,S6_REVERSAL
2026-05-15 01:00:00+00:00,SOL,SELL,19.91399809867744,0.01991399809867744,0.075,S6_REVERSAL
2026-05-15 02:00:00+00:00,SOL,BUY,50.00996960346038,0.05000996960346038,0.075,S6_REVERSAL
2026-05-15 03:00:00+00:00,SOL,SELL,45.17452954673354,0.04517452954673354,0.075,S6_REVERSAL
2026-05-15 04:00:00+00:00,SOL,BUY,22.812000278144296,0.022812000278144298,0.075,S6_REVERSAL
2026-05-15 05:00:00+00:00,SOL,BUY,56.107008367533126,0.05610700836753313,0.075,S6_REVERSAL
2026-05-15 06:00:00+00:00,SOL,BUY,51.328872557421164,0.05132887255742116,0.075,S6_REVERSAL
2026-05-15 07:00:00+00:00,ETH,BUY,7340.640311815845,7.340640311815846,0.075,S6_REVERSAL
2026-05-15 07:00:00+00:00,SOL,SELL,31.47017491367842,0.03147017491367842,0.075,S6_REVERSAL
2026-05-15 08:00:00+00:00,ETH,SELL,26.338011393204397,0.026338011393204398,0.075,S6_REVERSAL
2026-05-15 08:00:00+00:00,SOL,SELL,42.18687183497059,0.042186871834970587,0.075,S6_REVERSAL
2026-05-15 09:00:00+00:00,ETH,BUY,20.59924103855883,0.02059924103855883,0.075,S6_REVERSAL
2026-05-15 09:00:00+00:00,SOL,BUY,23.3776130082897,0.0233776130082897,0.075,S6_REVERSAL
2026-05-15 10:00:00+00:00,ETH,BUY,8.598863580235957,0.008598863580235956,0.075,S6_REVERSAL
2026-05-15 10:00:00+00:00,SOL,BUY,6.691406589597136,0.006691406589597136,0.075,S6_REVERSAL
2026-05-15 11:00:00+00:00,ETH,SELL,22.10366260479441,0.02210366260479441,0.075,S6_REVERSAL
2026-05-15 11:00:00+00:00,SOL,SELL,20.405816367815532,0.020405816367815532,0.075,S6_REVERSAL
2026-05-15 12:00:00+00:00,ETH,BUY,13.385944801874757,0.013385944801874758,0.075,S6_REVERSAL
2026-05-15 12:00:00+00:00,SOL,BUY,14.4058923789853,0.0144058923789853,0.075,S6_REVERSAL
2026-05-15 13:00:00+00:00,ETH,BUY,6.2147193440732735,0.006214719344073274,0.075,S6_REVERSAL
2026-05-15 13:00:00+00:00,SOL,BUY,43.85141562560602,0.04385141562560602,0.075,S6_REVERSAL
2026-05-15 14:00:00+00:00,ETH,SELL,7205.5180164720405,7.20551801647204,0.0,CASH
2026-05-15 14:00:00+00:00,SOL,SELL,7196.031988364428,7.196031988364428,0.0,CASH
2026-05-15 15:00:00+00:00,ETH,BUY,7316.0520738474615,7.3160520738474615,0.075,S6_REVERSAL
2026-05-15 16:00:00+00:00,ETH,SELL,29.62566013958167,0.02962566013958167,0.075,S6_REVERSAL
2026-05-15 17:00:00+00:00,ETH,SELL,5.27039311064982,0.00527039311064982,0.075,S6_REVERSAL
2026-05-15 18:00:00+00:00,ETH,SELL,14.85020692962371,0.014850206929623709,0.075,S6_REVERSAL
2026-05-15 19:00:00+00:00,ETH,BUY,3.400139067987766,0.003400139067987766,0.075,S6_REVERSAL
2026-05-15 20:00:00+00:00,ETH,BUY,15.190966504405878,0.015190966504405878,0.075,S6_REVERSAL
2026-05-15 21:00:00+00:00,ETH,BUY,9.802357837366799,0.009802357837366799,0.075,S6_REVERSAL
2026-05-15 22:00:00+00:00,ETH,BUY,9.541534352616509,0.00954153435261651,0.075,S6_REVERSAL
2026-05-15 22:00:00+00:00,SOL,BUY,7316.410214708546,7.316410214708546,0.075,S6_REVERSAL
2026-05-15 23:00:00+00:00,ETH,SELL,20.803758361093056,0.020803758361093057,0.075,S6_REVERSAL
2026-05-15 23:00:00+00:00,SOL,SELL,19.289651495321777,0.019289651495321778,0.075,S6_REVERSAL
2026-05-16 00:00:00+00:00,ETH,SELL,2.0481929480911276,0.0020481929480911276,0.075,S6_REVERSAL
2026-05-16 00:00:00+00:00,SOL,BUY,7.692030328688816,0.007692030328688816,0.075,S6_REVERSAL
2026-05-16 01:00:00+00:00,ETH,SELL,7.183161332618511,0.00718316133261851,0.075,S6_REVERSAL
2026-05-16 01:00:00+00:00,SOL,BUY,1.3353420330658992,0.0013353420330658992,0.075,S6_REVERSAL
2026-05-16 02:00:00+00:00,BTC,BUY,14640.909866974946,14.640909866974946,0.15,S3_TREND
2026-05-16 02:00:00+00:00,ETH,SELL,7.50399281013233,0.00750399281013233,0.075,S6_REVERSAL
2026-05-16 02:00:00+00:00,SOL,SELL,5.423065461201077,0.005423065461201077,0.075,S6_REVERSAL
2026-05-16 03:00:00+00:00,BTC,SELL,1.3278213749654242,0.0013278213749654242,0.15,S3_TREND
2026-05-16 03:00:00+00:00,ETH,SELL,2.767278821198488,0.002767278821198488,0.075,S6_REVERSAL
2026-05-16 03:00:00+00:00,SOL,BUY,6.382468751234228,0.006382468751234228,0.075,S6_REVERSAL
2026-05-16 04:00:00+00:00,BTC,BUY,8.585617793283745,0.008585617793283746,0.15,S3_TREND
2026-05-16 04:00:00+00:00,ETH,BUY,3.8711629737772455,0.0038711629737772455,0.075,S6_REVERSAL
2026-05-16 04:00:00+00:00,SOL,BUY,9.90960829143296,0.00990960829143296,0.075,S6_REVERSAL
2026-05-16 05:00:00+00:00,BTC,BUY,4.2047060368495295,0.004204706036849529,0.15,S3_TREND
2026-05-16 05:00:00+00:00,ETH,BUY,4.267648360516432,0.004267648360516432,0.075,S6_REVERSAL
2026-05-16 05:00:00+00:00,SOL,BUY,13.277442642572169,0.01327744264257217,0.075,S6_REVERSAL
2026-05-16 06:00:00+00:00,BTC,SELL,2.5196118282783573,0.0025196118282783575,0.15,S3_TREND
2026-05-16 06:00:00+00:00,SOL,BUY,21.056359867274296,0.021056359867274298,0.075,S6_REVERSAL
2026-05-16 07:00:00+00:00,BTC,BUY,47.71945496362605,0.04771945496362605,0.15,S3_TREND
2026-05-16 07:00:00+00:00,ETH,BUY,21.36821425259768,0.021368214252597682,0.075,S6_REVERSAL
2026-05-16 07:00:00+00:00,SOL,BUY,35.811047876987686,0.03581104787698769,0.075,S6_REVERSAL
2026-05-16 08:00:00+00:00,BTC,BUY,26.838247702598892,0.02683824770259889,0.15,S3_TREND
2026-05-16 08:00:00+00:00,ETH,BUY,55.64135554578024,0.055641355545780244,0.075,S6_REVERSAL
2026-05-16 08:00:00+00:00,SOL,SELL,7255.055404256851,7.255055404256852,0.0,CASH
2026-05-16 09:00:00+00:00,BTC,SELL,10.847881948604481,0.010847881948604482,0.15,S3_TREND
2026-05-16 09:00:00+00:00,ETH,BUY,5.00264544197853,0.005002645441978529,0.075,S6_REVERSAL
2026-05-16 09:00:00+00:00,SOL,BUY,7288.127769990567,7.288127769990567,0.075,S6_REVERSAL
2026-05-16 10:00:00+00:00,BTC,BUY,25.294385154416887,0.025294385154416888,0.15,S3_TREND
2026-05-16 10:00:00+00:00,ETH,SELL,7222.698575188712,7.222698575188712,0.0,CASH
2026-05-16 10:00:00+00:00,SOL,SELL,7168.158588591546,7.168158588591545,0.0,CASH
2026-05-16 11:00:00+00:00,BTC,BUY,17.378933374826374,0.017378933374826374,0.15,S3_TREND
2026-05-16 11:00:00+00:00,ETH,BUY,7266.087314880881,7.266087314880882,0.075,S6_REVERSAL
2026-05-16 11:00:00+00:00,SOL,BUY,7266.087314880881,7.266087314880882,0.075,S6_REVERSAL
2026-05-16 12:00:00+00:00,BTC,SELL,18.870115244961198,0.018870115244961197,0.15,S3_TREND
2026-05-16 12:00:00+00:00,ETH,SELL,5.760962900349114,0.0057609629003491135,0.075,S6_REVERSAL
2026-05-16 12:00:00+00:00,SOL,SELL,6.653893786138724,0.006653893786138724,0.075,S6_REVERSAL
2026-05-16 13:00:00+00:00,BTC,BUY,13.549211473084142,0.013549211473084143,0.15,S3_TREND
2026-05-16 13:00:00+00:00,ETH,SELL,1.3433950259077392,0.0013433950259077391,0.075,S6_REVERSAL
2026-05-16 13:00:00+00:00,SOL,SELL,11.85580086027312,0.011855800860273122,0.075,S6_REVERSAL
2026-05-16 14:00:00+00:00,ETH,SELL,1.8141976353790596,0.0018141976353790597,0.075,S6_REVERSAL
2026-05-16 15:00:00+00:00,BTC,SELL,16.179327145329808,0.016179327145329808,0.15,S3_TREND
2026-05-16 15:00:00+00:00,ETH,SELL,6.204665336998914,0.006204665336998915,0.075,S6_REVERSAL
2026-05-16 15:00:00+00:00,SOL,SELL,7.554175943834708,0.007554175943834708,0.075,S6_REVERSAL
2026-05-16 16:00:00+00:00,BTC,SELL,15.809295963672412,0.015809295963672414,0.15,S3_TREND
2026-05-16 16:00:00+00:00,ETH,BUY,1.8916523707503075,0.0018916523707503076,0.075,S6_REVERSAL
2026-05-16 16:00:00+00:00,SOL,SELL,6.258262882569397,0.0062582628825693975,0.075,S6_REVERSAL
2026-05-16 17:00:00+00:00,BTC,SELL,7268.2992971728845,7.268299297172884,0.075,S6_REVERSAL
2026-05-16 17:00:00+00:00,ETH,BUY,18.66565993970744,0.018665659939707438,0.075,S6_REVERSAL
2026-05-16 17:00:00+00:00,SOL,SELL,13.600143186290552,0.013600143186290553,0.075,S6_REVERSAL
2026-05-16 18:00:00+00:00,BTC,BUY,2.110504965007749,0.002110504965007749,0.075,S6_REVERSAL
2026-05-16 18:00:00+00:00,ETH,SELL,14.360261819910193,0.014360261819910193,0.075,S6_REVERSAL
2026-05-16 18:00:00+00:00,SOL,SELL,12.573737470288508,0.012573737470288508,0.075,S6_REVERSAL
2026-05-16 19:00:00+00:00,BTC,SELL,1.827934362259839,0.001827934362259839,0.075,S6_REVERSAL
2026-05-16 19:00:00+00:00,ETH,SELL,7.339412991415884,0.007339412991415884,0.075,S6_REVERSAL
2026-05-16 20:00:00+00:00,BTC,SELL,3.7677415268699406,0.0037677415268699407,0.075,S6_REVERSAL
2026-05-16 20:00:00+00:00,ETH,BUY,4.944523522345662,0.0049445235223456625,0.075,S6_REVERSAL
2026-05-16 20:00:00+00:00,SOL,BUY,9.869664375924913,0.009869664375924913,0.075,S6_REVERSAL
2026-05-16 21:00:00+00:00,ETH,SELL,5.921581736340158,0.0059215817363401585,0.075,S6_REVERSAL
2026-05-16 21:00:00+00:00,SOL,BUY,2.0307242863991632,0.0020307242863991633,0.075,S6_REVERSAL
2026-05-16 22:00:00+00:00,ETH,SELL,3.370647051911874,0.0033706470519118737,0.075,S6_REVERSAL
2026-05-16 22:00:00+00:00,SOL,BUY,6.4783377733629095,0.00647833777336291,0.075,S6_REVERSAL
2026-05-16 23:00:00+00:00,BTC,BUY,5.525279010634222,0.005525279010634222,0.075,S6_REVERSAL
2026-05-16 23:00:00+00:00,ETH,BUY,5.017531738229991,0.005017531738229991,0.075,S6_REVERSAL
2026-05-16 23:00:00+00:00,SOL,BUY,3.6250561353299418,0.003625056135329942,0.075,S6_REVERSAL
2026-05-17 00:00:00+00:00,BTC,BUY,3.363227675959024,0.0033632276759590243,0.075,S6_REVERSAL
2026-05-17 00:00:00+00:00,ETH,SELL,1.2239702148699507,0.0012239702148699508,0.075,S6_REVERSAL
2026-05-17 01:00:00+00:00,BTC,BUY,14.027766582595177,0.014027766582595178,0.075,S6_REVERSAL
2026-05-17 01:00:00+00:00,ETH,BUY,5.782416310322333,0.005782416310322333,0.075,S6_REVERSAL
2026-05-17 01:00:00+00:00,SOL,BUY,29.480530033228206,0.029480530033228206,0.075,S6_REVERSAL
2026-05-17 02:00:00+00:00,BTC,BUY,14.593154590399536,0.014593154590399535,0.075,S6_REVERSAL
2026-05-17 02:00:00+00:00,ETH,BUY,22.203062797389066,0.022203062797389067,0.075,S6_REVERSAL
2026-05-17 02:00:00+00:00,SOL,BUY,24.44861402114384,0.02444861402114384,0.075,S6_REVERSAL
2026-05-17 03:00:00+00:00,BTC,SELL,11.748636417835769,0.01174863641783577,0.075,S6_REVERSAL
2026-05-17 03:00:00+00:00,ETH,SELL,13.763204971298364,0.013763204971298364,0.075,S6_REVERSAL
2026-05-17 03:00:00+00:00,SOL,SELL,17.05523563379029,0.01705523563379029,0.075,S6_REVERSAL
2026-05-17 04:00:00+00:00,BTC,SELL,6.475767431285931,0.006475767431285931,0.075,S6_REVERSAL
2026-05-17 04:00:00+00:00,ETH,SELL,18.092345447832486,0.018092345447832486,0.075,S6_REVERSAL
2026-05-17 04:00:00+00:00,SOL,SELL,37.117562785333575,0.037117562785333576,0.075,S6_REVERSAL
2026-05-17 05:00:00+00:00,BTC,SELL,7.46106106003208,0.00746106106003208,0.075,S6_REVERSAL
2026-05-17 05:00:00+00:00,ETH,SELL,15.085559762366756,0.015085559762366757,0.075,S6_REVERSAL
2026-05-17 05:00:00+00:00,SOL,SELL,24.837079993426418,0.02483707999342642,0.075,S6_REVERSAL
2026-05-17 06:00:00+00:00,BTC,BUY,2.9186877209167505,0.0029186877209167504,0.075,S6_REVERSAL
2026-05-17 06:00:00+00:00,ETH,BUY,5.1592745753314375,0.005159274575331438,0.075,S6_REVERSAL
2026-05-17 06:00:00+00:00,SOL,SELL,3.008068492021266,0.003008068492021266,0.075,S6_REVERSAL
2026-05-17 07:00:00+00:00,ETH,BUY,2.309314381238437,0.002309314381238437,0.075,S6_REVERSAL
2026-05-17 07:00:00+00:00,SOL,BUY,3.533268719274929,0.003533268719274929,0.075,S6_REVERSAL
2026-05-17 08:00:00+00:00,BTC,SELL,4.36618995965091,0.00436618995965091,0.075,S6_REVERSAL
2026-05-17 08:00:00+00:00,ETH,SELL,3.6169423015562643,0.0036169423015562645,0.075,S6_REVERSAL
2026-05-17 08:00:00+00:00,SOL,SELL,9.146098477109263,0.009146098477109264,0.075,S6_REVERSAL
2026-05-17 09:00:00+00:00,BTC,BUY,6.591139650714467,0.006591139650714468,0.075,S6_REVERSAL
2026-05-17 09:00:00+00:00,SOL,BUY,11.581359530179725,0.011581359530179726,0.075,S6_REVERSAL
2026-05-17 10:00:00+00:00,BTC,SELL,12.18059054580226,0.01218059054580226,0.075,S6_REVERSAL
2026-05-17 10:00:00+00:00,ETH,SELL,11.07006687627836,0.01107006687627836,0.075,S6_REVERSAL
2026-05-17 10:00:00+00:00,SOL,SELL,4.0218044169887435,0.004021804416988743,0.075,S6_REVERSAL
2026-05-17 11:00:00+00:00,BTC,SELL,17.0622806671563,0.0170622806671563,0.075,S6_REVERSAL
2026-05-17 11:00:00+00:00,ETH,SELL,10.435216610562748,0.010435216610562749,0.075,S6_REVERSAL
2026-05-17 11:00:00+00:00,SOL,SELL,4.448552953791477,0.004448552953791477,0.075,S6_REVERSAL
2026-05-17 12:00:00+00:00,BTC,BUY,3.091557495019515,0.003091557495019515,0.075,S6_REVERSAL
2026-05-17 12:00:00+00:00,ETH,BUY,6.050521003046015,0.0060505210030460145,0.075,S6_REVERSAL
2026-05-17 12:00:00+00:00,SOL,BUY,6.821860513243337,0.006821860513243337,0.075,S6_REVERSAL
2026-05-17 13:00:00+00:00,BTC,BUY,4.147840658297355,0.004147840658297355,0.075,S6_REVERSAL
2026-05-17 13:00:00+00:00,ETH,SELL,8.239399953531574,0.008239399953531575,0.075,S6_REVERSAL
2026-05-17 13:00:00+00:00,SOL,BUY,10.289650519548559,0.01028965051954856,0.075,S6_REVERSAL
2026-05-17 14:00:00+00:00,BTC,BUY,11.165375050094553,0.011165375050094553,0.075,S6_REVERSAL
2026-05-17 14:00:00+00:00,ETH,BUY,3.3570616117822283,0.0033570616117822283,0.075,S6_REVERSAL
2026-05-17 14:00:00+00:00,SOL,BUY,25.489175493947187,0.025489175493947188,0.075,S6_REVERSAL
2026-05-17 15:00:00+00:00,BTC,BUY,11.02943323254567,0.01102943323254567,0.075,S6_REVERSAL
2026-05-17 15:00:00+00:00,ETH,BUY,15.131563504007318,0.015131563504007317,0.075,S6_REVERSAL
2026-05-17 15:00:00+00:00,SOL,BUY,5.364346613251655,0.005364346613251655,0.075,S6_REVERSAL
2026-05-17 16:00:00+00:00,ETH,BUY,1.3447513998771683,0.0013447513998771684,0.075,S6_REVERSAL
2026-05-17 16:00:00+00:00,SOL,SELL,11.72548482793354,0.01172548482793354,0.075,S6_REVERSAL
2026-05-17 17:00:00+00:00,ETH,BUY,11.209731123713027,0.011209731123713026,0.075,S6_REVERSAL
2026-05-17 17:00:00+00:00,SOL,BUY,10.55576727940479,0.01055576727940479,0.075,S6_REVERSAL
2026-05-17 18:00:00+00:00,BTC,SELL,4.499870781830396,0.004499870781830396,0.075,S6_REVERSAL
2026-05-17 18:00:00+00:00,ETH,SELL,3.629763655968418,0.003629763655968418,0.075,S6_REVERSAL
2026-05-17 18:00:00+00:00,SOL,BUY,6.131343748899781,0.006131343748899781,0.075,S6_REVERSAL
2026-05-17 19:00:00+00:00,BTC,SELL,12.930793585684114,0.012930793585684114,0.075,S6_REVERSAL
2026-05-17 19:00:00+00:00,ETH,SELL,12.401624536793861,0.012401624536793861,0.075,S6_REVERSAL
2026-05-17 19:00:00+00:00,SOL,SELL,12.37160188843609,0.01237160188843609,0.075,S6_REVERSAL
2026-05-17 20:00:00+00:00,BTC,SELL,9.319635421792555,0.009319635421792555,0.075,S6_REVERSAL
2026-05-17 20:00:00+00:00,ETH,SELL,9.062535883742385,0.009062535883742385,0.075,S6_REVERSAL
2026-05-17 20:00:00+00:00,SOL,SELL,26.7754821264989,0.0267754821264989,0.075,S6_REVERSAL
2026-05-17 21:00:00+00:00,BTC,BUY,10.340589416025068,0.01034058941602507,0.075,S6_REVERSAL
2026-05-17 21:00:00+00:00,ETH,BUY,7.463561254400702,0.0074635612544007015,0.075,S6_REVERSAL
2026-05-17 21:00:00+00:00,SOL,BUY,7.600211479670179,0.007600211479670179,0.075,S6_REVERSAL
2026-05-17 22:00:00+00:00,BTC,SELL,8.904259660705065,0.008904259660705066,0.075,S6_REVERSAL
2026-05-17 22:00:00+00:00,ETH,SELL,4.449580821151357,0.004449580821151357,0.075,S6_REVERSAL
2026-05-17 22:00:00+00:00,SOL,SELL,17.958844457680243,0.017958844457680243,0.075,S6_REVERSAL
2026-05-17 23:00:00+00:00,BTC,BUY,27.730701830470025,0.027730701830470026,0.075,S6_REVERSAL
2026-05-17 23:00:00+00:00,ETH,BUY,29.992831719843707,0.029992831719843707,0.075,S6_REVERSAL
2026-05-17 23:00:00+00:00,SOL,BUY,47.586291827627065,0.04758629182762707,0.075,S6_REVERSAL
2026-05-18 00:00:00+00:00,BTC,BUY,27.942077120496833,0.027942077120496834,0.075,S6_REVERSAL
2026-05-18 00:00:00+00:00,ETH,SELL,7106.908298344221,7.106908298344221,0.0,CASH
2026-05-18 00:00:00+00:00,SOL,BUY,62.788988001944745,0.06278898800194474,0.075,S6_REVERSAL
2026-05-18 01:00:00+00:00,BTC,BUY,21.663977809396783,0.021663977809396783,0.075,S6_REVERSAL
2026-05-18 01:00:00+00:00,ETH,BUY,7245.464791405728,7.245464791405728,0.075,S6_REVERSAL
2026-05-18 01:00:00+00:00,SOL,SELL,11.716244939088028,0.011716244939088028,0.075,S6_REVERSAL
2026-05-18 02:00:00+00:00,BTC,SELL,7236.011241402313,7.236011241402314,0.0,CASH
2026-05-18 02:00:00+00:00,ETH,SELL,10.168661394756782,0.010168661394756782,0.075,S6_REVERSAL
2026-05-18 02:00:00+00:00,SOL,BUY,28.33081685326215,0.02833081685326215,0.075,S6_REVERSAL
2026-05-18 03:00:00+00:00,BTC,BUY,7240.972790155186,7.240972790155186,0.075,S6_REVERSAL
2026-05-18 03:00:00+00:00,ETH,BUY,1.6308973985496777,0.0016308973985496777,0.075,S6_REVERSAL
2026-05-18 03:00:00+00:00,SOL,BUY,7.109388911852875,0.007109388911852875,0.075,S6_REVERSAL
2026-05-18 04:00:00+00:00,BTC,SELL,8.056513559591622,0.008056513559591623,0.075,S6_REVERSAL
2026-05-18 04:00:00+00:00,ETH,SELL,5.76910574636895,0.00576910574636895,0.075,S6_REVERSAL
2026-05-18 04:00:00+00:00,SOL,BUY,2.913661313247758,0.0029136613132477577,0.075,S6_REVERSAL
2026-05-18 05:00:00+00:00,BTC,SELL,5.645417266448931,0.00564541726644893,0.075,S6_REVERSAL
2026-05-18 05:00:00+00:00,ETH,SELL,16.840884941178956,0.016840884941178958,0.075,S6_REVERSAL
2026-05-18 05:00:00+00:00,SOL,SELL,29.92049689107353,0.02992049689107353,0.075,S6_REVERSAL
2026-05-18 06:00:00+00:00,BTC,BUY,5.075833988434169,0.00507583398843417,0.075,S6_REVERSAL
2026-05-18 06:00:00+00:00,ETH,BUY,17.51077658136728,0.017510776581367283,0.075,S6_REVERSAL
2026-05-18 06:00:00+00:00,SOL,BUY,28.999433394391417,0.028999433394391417,0.075,S6_REVERSAL
2026-05-18 07:00:00+00:00,BTC,BUY,1.0736612660120954,0.0010736612660120954,0.075,S6_REVERSAL
2026-05-18 07:00:00+00:00,ETH,SELL,3.403209902517119,0.003403209902517119,0.075,S6_REVERSAL
2026-05-18 07:00:00+00:00,SOL,BUY,9.537484397696971,0.009537484397696971,0.075,S6_REVERSAL
2026-05-18 08:00:00+00:00,BTC,SELL,13.450742937321593,0.013450742937321594,0.075,S6_REVERSAL
2026-05-18 08:00:00+00:00,ETH,SELL,4.361030087419749,0.0043610300874197495,0.075,S6_REVERSAL
2026-05-18 09:00:00+00:00,BTC,BUY,3.978892234268642,0.003978892234268642,0.075,S6_REVERSAL
2026-05-18 09:00:00+00:00,ETH,SELL,1.7076510925035109,0.0017076510925035108,0.075,S6_REVERSAL
2026-05-18 09:00:00+00:00,SOL,SELL,11.09665410519665,0.011096654105196651,0.075,S6_REVERSAL
2026-05-18 10:00:00+00:00,BTC,BUY,5.5025339619151055,0.005502533961915105,0.075,S6_REVERSAL
2026-05-18 10:00:00+00:00,ETH,BUY,11.430218149803295,0.011430218149803295,0.075,S6_REVERSAL
2026-05-18 10:00:00+00:00,SOL,SELL,7208.292827001125,7.2082928270011255,0.0,CASH
2026-05-18 11:00:00+00:00,BTC,BUY,13.521351078711632,0.013521351078711632,0.075,S6_REVERSAL
2026-05-18 11:00:00+00:00,ETH,BUY,5.6078685950933505,0.005607868595093351,0.075,S6_REVERSAL
2026-05-18 11:00:00+00:00,SOL,BUY,7236.364767947189,7.2363647679471885,0.075,S6_REVERSAL
2026-05-18 12:00:00+00:00,BTC,SELL,36.50856751151514,0.03650856751151514,0.075,S6_REVERSAL
2026-05-18 12:00:00+00:00,ETH,SELL,53.572634569372894,0.0535726345693729,0.075,S6_REVERSAL
2026-05-18 12:00:00+00:00,SOL,SELL,47.49787036116505,0.04749787036116505,0.075,S6_REVERSAL
2026-05-18 13:00:00+00:00,BTC,SELL,22.53630288101067,0.022536302881010672,0.075,S6_REVERSAL
2026-05-18 13:00:00+00:00,ETH,SELL,47.475674379800694,0.04747567437980069,0.075,S6_REVERSAL
2026-05-18 13:00:00+00:00,SOL,SELL,40.505397850742156,0.040505397850742156,0.075,S6_REVERSAL
2026-05-18 14:00:00+00:00,BTC,BUY,50.041477501174995,0.050041477501175,0.075,S6_REVERSAL
2026-05-18 14:00:00+00:00,ETH,BUY,52.27915508046772,0.05227915508046772,0.075,S6_REVERSAL
2026-05-18 14:00:00+00:00,SOL,BUY,59.032641756272824,0.059032641756272826,0.075,S6_REVERSAL
2026-05-18 15:00:00+00:00,BTC,BUY,37.568001140382876,0.037568001140382876,0.075,S6_REVERSAL
2026-05-18 15:00:00+00:00,ETH,BUY,56.30625215994769,0.05630625215994769,0.075,S6_REVERSAL
2026-05-18 15:00:00+00:00,SOL,BUY,47.07463979059048,0.04707463979059048,0.075,S6_REVERSAL
2026-05-18 16:00:00+00:00,ETH,BUY,10.555681616018774,0.010555681616018773,0.075,S6_REVERSAL
2026-05-18 16:00:00+00:00,SOL,SELL,18.942639325239725,0.018942639325239725,0.075,S6_REVERSAL
2026-05-18 17:00:00+00:00,BTC,SELL,2.429310552592142,0.002429310552592142,0.075,S6_REVERSAL
2026-05-18 17:00:00+00:00,ETH,BUY,31.814888412859545,0.031814888412859545,0.075,S6_REVERSAL
2026-05-18 17:00:00+00:00,SOL,SELL,12.046903970744095,0.012046903970744096,0.075,S6_REVERSAL
2026-05-18 18:00:00+00:00,BTC,SELL,22.713789173112676,0.02271378917311268,0.075,S6_REVERSAL
2026-05-18 18:00:00+00:00,ETH,SELL,30.858874993403333,0.030858874993403333,0.075,S6_REVERSAL
2026-05-18 18:00:00+00:00,SOL,SELL,1.5302311035347884,0.0015302311035347886,0.075,S6_REVERSAL
2026-05-18 19:00:00+00:00,BTC,BUY,27.056735124250736,0.027056735124250737,0.075,S6_REVERSAL
2026-05-18 19:00:00+00:00,ETH,SELL,7142.5088238096905,7.142508823809691,0.0,CASH
2026-05-18 19:00:00+00:00,SOL,BUY,59.62651870943773,0.059626518709437734,0.075,S6_REVERSAL
2026-05-18 20:00:00+00:00,BTC,SELL,50.21220062419525,0.05021220062419525,0.075,S6_REVERSAL
2026-05-18 20:00:00+00:00,SOL,SELL,113.25780327537268,0.11325780327537269,0.075,S6_REVERSAL
2026-05-18 21:00:00+00:00,BTC,BUY,1.1134063893778148,0.0011134063893778149,0.075,S6_REVERSAL
2026-05-18 21:00:00+00:00,SOL,BUY,5.369947163096185,0.005369947163096186,0.075,S6_REVERSAL
2026-05-18 22:00:00+00:00,BTC,SELL,12.647208639188648,0.012647208639188648,0.075,S6_REVERSAL
2026-05-18 22:00:00+00:00,SOL,SELL,49.83799209270819,0.04983799209270819,0.075,S6_REVERSAL
2026-05-18 23:00:00+00:00,BTC,BUY,1.3258656372563564,0.0013258656372563565,0.075,S6_REVERSAL
2026-05-18 23:00:00+00:00,SOL,BUY,9.990446281066397,0.009990446281066398,0.075,S6_REVERSAL
2026-05-19 00:00:00+00:00,BTC,BUY,6.184395878405667,0.006184395878405667,0.075,S6_REVERSAL
2026-05-19 00:00:00+00:00,SOL,BUY,4.9452506250054284,0.0049452506250054285,0.075,S6_REVERSAL
2026-05-19 01:00:00+00:00,BTC,SELL,10.809878925751946,0.010809878925751946,0.075,S6_REVERSAL
2026-05-19 01:00:00+00:00,SOL,SELL,14.69965820050129,0.01469965820050129,0.075,S6_REVERSAL
2026-05-19 02:00:00+00:00,BTC,BUY,36.81073746187758,0.03681073746187758,0.075,S6_REVERSAL
2026-05-19 02:00:00+00:00,SOL,BUY,49.86173767317996,0.04986173767317996,0.075,S6_REVERSAL
2026-05-19 03:00:00+00:00,BTC,BUY,3.996649123095267,0.003996649123095267,0.075,S6_REVERSAL
2026-05-19 03:00:00+00:00,SOL,BUY,3.5818201130641683,0.003581820113064168,0.075,S6_REVERSAL
2026-05-19 04:00:00+00:00,BTC,SELL,13.337565368869946,0.013337565368869946,0.075,S6_REVERSAL
2026-05-19 04:00:00+00:00,SOL,SELL,16.927453259394497,0.016927453259394497,0.075,S6_REVERSAL
2026-05-19 05:00:00+00:00,BTC,SELL,11.766264567103462,0.011766264567103463,0.075,S6_REVERSAL
2026-05-19 05:00:00+00:00,SOL,SELL,4.516410247605563,0.004516410247605563,0.075,S6_REVERSAL
2026-05-19 06:00:00+00:00,BTC,BUY,1.5816269267597818,0.0015816269267597818,0.075,S6_REVERSAL
2026-05-19 06:00:00+00:00,SOL,SELL,2.4715170845747707,0.0024715170845747707,0.075,S6_REVERSAL
2026-05-19 07:00:00+00:00,BTC,SELL,9.70703999620855,0.00970703999620855,0.075,S6_REVERSAL
2026-05-19 07:00:00+00:00,SOL,SELL,6.2367422383949815,0.006236742238394982,0.075,S6_REVERSAL
2026-05-19 08:00:00+00:00,BTC,SELL,16.22164898965184,0.01622164898965184,0.075,S6_REVERSAL
2026-05-19 08:00:00+00:00,SOL,SELL,17.399149061609933,0.01739914906160993,0.075,S6_REVERSAL
2026-05-19 09:00:00+00:00,BTC,BUY,14.317474545275218,0.014317474545275218,0.075,S6_REVERSAL
2026-05-19 09:00:00+00:00,SOL,BUY,19.838179676759864,0.019838179676759864,0.075,S6_REVERSAL
2026-05-19 10:00:00+00:00,BTC,BUY,16.912940229014566,0.016912940229014566,0.075,S6_REVERSAL
2026-05-19 10:00:00+00:00,SOL,BUY,36.065066701606156,0.036065066701606155,0.075,S6_REVERSAL
2026-05-19 11:00:00+00:00,BTC,SELL,19.745496108391308,0.019745496108391308,0.075,S6_REVERSAL
2026-05-19 11:00:00+00:00,SOL,BUY,5.516152524233803,0.005516152524233803,0.075,S6_REVERSAL
2026-05-19 12:00:00+00:00,BTC,BUY,26.36456008749701,0.026364560087497012,0.075,S6_REVERSAL
2026-05-19 12:00:00+00:00,SOL,BUY,22.963988910491025,0.022963988910491027,0.075,S6_REVERSAL
2026-05-19 13:00:00+00:00,BTC,SELL,17.15789922725253,0.01715789922725253,0.075,S6_REVERSAL
2026-05-19 13:00:00+00:00,SOL,SELL,29.305479069835197,0.0293054790698352,0.075,S6_REVERSAL
2026-05-19 14:00:00+00:00,BTC,BUY,5.989414019231845,0.005989414019231845,0.075,S6_REVERSAL
2026-05-19 14:00:00+00:00,SOL,SELL,2.0570252909446936,0.0020570252909446938,0.075,S6_REVERSAL
2026-05-19 15:00:00+00:00,BTC,BUY,37.443086570258856,0.037443086570258854,0.075,S6_REVERSAL
2026-05-19 15:00:00+00:00,SOL,BUY,50.247678160837495,0.05024767816083749,0.075,S6_REVERSAL
2026-05-19 16:00:00+00:00,BTC,SELL,9.598487194713014,0.009598487194713014,0.075,S6_REVERSAL
2026-05-19 16:00:00+00:00,SOL,SELL,19.74496076865762,0.01974496076865762,0.075,S6_REVERSAL
2026-05-19 17:00:00+00:00,BTC,SELL,29.595308186728293,0.029595308186728293,0.075,S6_REVERSAL
2026-05-19 17:00:00+00:00,SOL,SELL,34.58850447293298,0.034588504472932984,0.075,S6_REVERSAL
2026-05-19 18:00:00+00:00,BTC,BUY,2.1994667022790964,0.0021994667022790966,0.075,S6_REVERSAL
2026-05-19 18:00:00+00:00,SOL,BUY,13.130602937444564,0.013130602937444565,0.075,S6_REVERSAL
2026-05-19 19:00:00+00:00,BTC,BUY,2.667479609071961,0.002667479609071961,0.075,S6_REVERSAL
2026-05-19 19:00:00+00:00,SOL,BUY,24.105376284202976,0.024105376284202975,0.075,S6_REVERSAL
2026-05-19 20:00:00+00:00,BTC,SELL,1.4112091712104302,0.0014112091712104302,0.075,S6_REVERSAL
2026-05-19 21:00:00+00:00,BTC,SELL,16.68276399285878,0.01668276399285878,0.075,S6_REVERSAL
2026-05-19 21:00:00+00:00,SOL,SELL,10.34373381191017,0.01034373381191017,0.075,S6_REVERSAL
2026-05-19 22:00:00+00:00,BTC,BUY,2.8834830488094667,0.002883483048809467,0.075,S6_REVERSAL
2026-05-19 22:00:00+00:00,SOL,BUY,6.839007923867939,0.006839007923867939,0.075,S6_REVERSAL
2026-05-19 23:00:00+00:00,BTC,BUY,21.345027365442547,0.021345027365442547,0.075,S6_REVERSAL
2026-05-19 23:00:00+00:00,SOL,BUY,24.234746146654288,0.024234746146654287,0.075,S6_REVERSAL
2026-05-20 00:00:00+00:00,BTC,SELL,9.356288590976874,0.009356288590976874,0.075,S6_REVERSAL
2026-05-20 00:00:00+00:00,SOL,SELL,15.035136264385075,0.015035136264385076,0.075,S6_REVERSAL
2026-05-20 01:00:00+00:00,BTC,BUY,3.509781563016986,0.0035097815630169863,0.075,S6_REVERSAL
2026-05-20 01:00:00+00:00,SOL,BUY,5.228493524035002,0.005228493524035003,0.075,S6_REVERSAL
2026-05-20 02:00:00+00:00,BTC,SELL,1.9629546807555016,0.0019629546807555017,0.075,S6_REVERSAL
2026-05-20 02:00:00+00:00,SOL,SELL,10.091197516657303,0.010091197516657303,0.075,S6_REVERSAL
2026-05-20 03:00:00+00:00,BTC,BUY,8.984409007668546,0.008984409007668547,0.075,S6_REVERSAL
2026-05-20 03:00:00+00:00,SOL,BUY,28.401959663203343,0.028401959663203344,0.075,S6_REVERSAL
2026-05-20 04:00:00+00:00,BTC,SELL,2.1801226679308456,0.0021801226679308457,0.075,S6_REVERSAL
2026-05-20 04:00:00+00:00,SOL,SELL,8.521133349967386,0.008521133349967385,0.075,S6_REVERSAL
2026-05-20 05:00:00+00:00,BTC,SELL,4.112952202684028,0.004112952202684028,0.075,S6_REVERSAL
2026-05-20 05:00:00+00:00,SOL,SELL,9.931035201992927,0.009931035201992927,0.075,S6_REVERSAL
2026-05-20 06:00:00+00:00,BTC,SELL,32.79916216816855,0.03279916216816855,0.075,S6_REVERSAL
2026-05-20 06:00:00+00:00,SOL,SELL,39.916865081517244,0.03991686508151725,0.075,S6_REVERSAL
2026-05-20 07:00:00+00:00,BTC,SELL,17.414870817799965,0.017414870817799966,0.075,S6_REVERSAL
2026-05-20 07:00:00+00:00,SOL,SELL,15.844102752556864,0.015844102752556866,0.075,S6_REVERSAL
2026-05-20 08:00:00+00:00,BTC,BUY,9.894472806828162,0.009894472806828163,0.075,S6_REVERSAL
2026-05-20 08:00:00+00:00,SOL,BUY,17.189972467188454,0.017189972467188456,0.075,S6_REVERSAL
2026-05-20 09:00:00+00:00,BTC,SELL,13.716357671534753,0.013716357671534753,0.075,S6_REVERSAL
2026-05-20 09:00:00+00:00,SOL,SELL,16.92784628127538,0.016927846281275378,0.075,S6_REVERSAL
2026-05-20 10:00:00+00:00,BTC,SELL,2.981968262321061,0.002981968262321061,0.075,S6_REVERSAL
2026-05-20 10:00:00+00:00,SOL,BUY,8.063510258404676,0.008063510258404677,0.075,S6_REVERSAL
2026-05-20 11:00:00+00:00,BTC,SELL,2.217346762516172,0.002217346762516172,0.075,S6_REVERSAL
2026-05-20 11:00:00+00:00,SOL,SELL,6.870758792327251,0.006870758792327252,0.075,S6_REVERSAL
2026-05-20 12:00:00+00:00,BTC,BUY,9.865618456403354,0.009865618456403354,0.075,S6_REVERSAL
2026-05-20 12:00:00+00:00,SOL,BUY,21.110783737854035,0.021110783737854036,0.075,S6_REVERSAL
2026-05-20 13:00:00+00:00,BTC,SELL,7256.108771776614,7.256108771776614,0.0,CASH
2026-05-20 13:00:00+00:00,SOL,SELL,29.9577356941345,0.0299577356941345,0.075,S6_REVERSAL
2026-05-20 14:00:00+00:00,SOL,BUY,31.71148941170304,0.03171148941170304,0.075,S6_REVERSAL
2026-05-20 15:00:00+00:00,SOL,SELL,91.6705338598722,0.0916705338598722,0.075,S6_REVERSAL
2026-05-20 16:00:00+00:00,SOL,SELL,5.469434351234668,0.005469434351234668,0.075,S6_REVERSAL
2026-05-20 17:00:00+00:00,SOL,SELL,7291.123365204042,7.291123365204042,0.0,CASH
2026-05-20 21:00:00+00:00,BTC,BUY,14492.25769196095,14.49225769196095,0.15,S3_TREND
2026-05-20 21:00:00+00:00,ETH,BUY,14492.25769196095,14.49225769196095,0.15,S3_TREND
2026-05-20 21:00:00+00:00,SOL,BUY,14492.25769196095,14.49225769196095,0.15,S3_TREND
2026-05-20 22:00:00+00:00,BTC,BUY,18.150451215760768,0.01815045121576077,0.15,S3_TREND
2026-05-20 22:00:00+00:00,ETH,BUY,13.15604699134201,0.01315604699134201,0.15,S3_TREND
2026-05-20 22:00:00+00:00,SOL,BUY,9.082208853620614,0.009082208853620615,0.15,S3_TREND
2026-05-20 23:00:00+00:00,BTC,SELL,1.8193742818402825,0.0018193742818402826,0.15,S3_TREND
2026-05-20 23:00:00+00:00,ETH,BUY,14.606223433132982,0.014606223433132982,0.15,S3_TREND
2026-05-20 23:00:00+00:00,SOL,SELL,9.360000366978056,0.009360000366978056,0.15,S3_TREND
2026-05-21 00:00:00+00:00,BTC,SELL,2.8751033228763845,0.0028751033228763844,0.15,S3_TREND
2026-05-21 00:00:00+00:00,ETH,SELL,1.612375984852406,0.001612375984852406,0.15,S3_TREND
2026-05-21 00:00:00+00:00,SOL,SELL,17.543613170399112,0.01754361317039911,0.15,S3_TREND
2026-05-21 01:00:00+00:00,BTC,SELL,40.22058039276453,0.040220580392764535,0.15,S3_TREND
2026-05-21 01:00:00+00:00,ETH,SELL,54.4880575454863,0.0544880575454863,0.15,S3_TREND
2026-05-21 01:00:00+00:00,SOL,SELL,41.74093227886806,0.04174093227886806,0.15,S3_TREND
2026-05-21 02:00:00+00:00,BTC,BUY,11.921173690132491,0.011921173690132491,0.15,S3_TREND
2026-05-21 02:00:00+00:00,ETH,BUY,5.2335609359324735,0.005233560935932474,0.15,S3_TREND
2026-05-21 02:00:00+00:00,SOL,BUY,9.454960512606704,0.009454960512606704,0.15,S3_TREND
2026-05-21 03:00:00+00:00,BTC,SELL,12.37326728955668,0.01237326728955668,0.15,S3_TREND
2026-05-21 03:00:00+00:00,ETH,BUY,1.906093951098228,0.001906093951098228,0.15,S3_TREND
2026-05-21 03:00:00+00:00,SOL,SELL,6.980895396271079,0.006980895396271079,0.15,S3_TREND
2026-05-21 04:00:00+00:00,BTC,SELL,9.092350794016966,0.009092350794016966,0.15,S3_TREND
2026-05-21 04:00:00+00:00,ETH,SELL,15.073177533244234,0.015073177533244234,0.15,S3_TREND
2026-05-21 04:00:00+00:00,SOL,SELL,26.41614582011971,0.02641614582011971,0.15,S3_TREND
2026-05-21 05:00:00+00:00,BTC,BUY,9.26736367283047,0.00926736367283047,0.15,S3_TREND
2026-05-21 05:00:00+00:00,ETH,BUY,6.427923204842955,0.006427923204842955,0.15,S3_TREND
2026-05-21 05:00:00+00:00,SOL,SELL,20.454252434210503,0.020454252434210504,0.15,S3_TREND
2026-05-21 06:00:00+00:00,BTC,BUY,12.270774464457645,0.012270774464457646,0.15,S3_TREND
2026-05-21 06:00:00+00:00,ETH,BUY,32.43616879265937,0.03243616879265938,0.15,S3_TREND
2026-05-21 06:00:00+00:00,SOL,BUY,52.076620251136774,0.052076620251136775,0.15,S3_TREND
2026-05-21 07:00:00+00:00,BTC,BUY,19.684548561126576,0.019684548561126575,0.15,S3_TREND
2026-05-21 07:00:00+00:00,ETH,BUY,33.795597458936754,0.03379559745893675,0.15,S3_TREND
2026-05-21 07:00:00+00:00,SOL,BUY,14.854006228797516,0.014854006228797517,0.15,S3_TREND
2026-05-21 08:00:00+00:00,BTC,SELL,27.397406951220546,0.027397406951220546,0.15,S3_TREND
2026-05-21 08:00:00+00:00,ETH,SELL,21.763809935380777,0.02176380993538078,0.15,S3_TREND
2026-05-21 08:00:00+00:00,SOL,SELL,32.97710160312272,0.03297710160312272,0.15,S3_TREND
2026-05-21 09:00:00+00:00,BTC,BUY,3.1240776256945537,0.0031240776256945537,0.15,S3_TREND
2026-05-21 09:00:00+00:00,ETH,SELL,11.910763198637142,0.011910763198637141,0.15,S3_TREND
2026-05-21 09:00:00+00:00,SOL,SELL,27.066949983758605,0.027066949983758606,0.15,S3_TREND
2026-05-21 10:00:00+00:00,BTC,BUY,26.403548198861245,0.026403548198861246,0.15,S3_TREND
2026-05-21 10:00:00+00:00,ETH,BUY,41.934163161169636,0.04193416316116964,0.15,S3_TREND
2026-05-21 10:00:00+00:00,SOL,BUY,33.91530872889416,0.03391530872889416,0.15,S3_TREND
2026-05-21 11:00:00+00:00,BTC,BUY,36.31044950872274,0.03631044950872274,0.15,S3_TREND
2026-05-21 11:00:00+00:00,ETH,BUY,48.88842331367414,0.04888842331367414,0.15,S3_TREND
2026-05-21 11:00:00+00:00,SOL,BUY,79.0854344698273,0.07908543446982731,0.15,S3_TREND
2026-05-21 12:00:00+00:00,BTC,SELL,1.7827596651914064,0.0017827596651914064,0.15,S3_TREND
2026-05-21 12:00:00+00:00,ETH,SELL,10.83982782376006,0.010839827823760062,0.15,S3_TREND
2026-05-21 12:00:00+00:00,SOL,BUY,25.16028871875278,0.025160288718752782,0.15,S3_TREND
2026-05-21 13:00:00+00:00,BTC,SELL,7.932654083057059,0.00793265408305706,0.15,S3_TREND
2026-05-21 13:00:00+00:00,ETH,SELL,4.449223718995199,0.0044492237189952,0.15,S3_TREND
2026-05-21 13:00:00+00:00,SOL,SELL,19.884758763309947,0.019884758763309945,0.15,S3_TREND
2026-05-21 14:00:00+00:00,BTC,BUY,36.16605364665702,0.03616605364665702,0.15,S3_TREND
2026-05-21 14:00:00+00:00,ETH,SELL,15.135053637997771,0.015135053637997772,0.15,S3_TREND
2026-05-21 14:00:00+00:00,SOL,SELL,46.864517675116076,0.046864517675116076,0.15,S3_TREND
2026-05-21 15:00:00+00:00,BTC,BUY,21.99623914147014,0.021996239141470142,0.15,S3_TREND
2026-05-21 15:00:00+00:00,ETH,SELL,14.095201400696169,0.014095201400696169,0.15,S3_TREND
2026-05-21 15:00:00+00:00,SOL,BUY,6.201021135173505,0.006201021135173505,0.15,S3_TREND
2026-05-21 16:00:00+00:00,BTC,SELL,21.6119897849876,0.0216119897849876,0.15,S3_TREND
2026-05-21 16:00:00+00:00,ETH,SELL,42.679801719552415,0.042679801719552414,0.15,S3_TREND
2026-05-21 16:00:00+00:00,SOL,SELL,45.62126253828501,0.04562126253828501,0.15,S3_TREND
2026-05-21 17:00:00+00:00,BTC,SELL,1.5094670422677154,0.0015094670422677154,0.15,S3_TREND
2026-05-21 17:00:00+00:00,ETH,BUY,21.690085374089904,0.021690085374089903,0.15,S3_TREND
2026-05-21 17:00:00+00:00,SOL,BUY,20.648618033337698,0.020648618033337698,0.15,S3_TREND
2026-05-21 18:00:00+00:00,BTC,SELL,52.97652668782939,0.052976526687829394,0.15,S3_TREND
2026-05-21 18:00:00+00:00,ETH,SELL,56.85569285240854,0.05685569285240854,0.15,S3_TREND
2026-05-21 18:00:00+00:00,SOL,SELL,150.38267264612296,0.15038267264612296,0.15,S3_TREND
2026-05-21 19:00:00+00:00,BTC,BUY,43.40031317303692,0.04340031317303692,0.15,S3_TREND
2026-05-21 19:00:00+00:00,ETH,BUY,87.0985413505532,0.08709854135055321,0.15,S3_TREND
2026-05-21 19:00:00+00:00,SOL,BUY,39.78823436868515,0.03978823436868515,0.15,S3_TREND
2026-05-21 20:00:00+00:00,BTC,SELL,12.928749907445308,0.012928749907445308,0.15,S3_TREND
2026-05-21 20:00:00+00:00,ETH,SELL,65.03081198986183,0.06503081198986184,0.15,S3_TREND
2026-05-21 20:00:00+00:00,SOL,SELL,82.70779616311302,0.08270779616311302,0.15,S3_TREND
2026-05-21 21:00:00+00:00,BTC,SELL,13.432589922736954,0.013432589922736955,0.15,S3_TREND
2026-05-21 21:00:00+00:00,ETH,BUY,17.973180706689163,0.017973180706689164,0.15,S3_TREND
2026-05-21 21:00:00+00:00,SOL,BUY,34.09777747728367,0.034097777477283674,0.15,S3_TREND
2026-05-21 22:00:00+00:00,BTC,SELL,3.172301661159508,0.003172301661159508,0.15,S3_TREND
2026-05-21 22:00:00+00:00,ETH,BUY,12.297656274755354,0.012297656274755354,0.15,S3_TREND
2026-05-21 22:00:00+00:00,SOL,BUY,25.398821616829082,0.025398821616829083,0.15,S3_TREND
2026-05-21 23:00:00+00:00,ETH,BUY,15.504945441472955,0.015504945441472956,0.15,S3_TREND
2026-05-21 23:00:00+00:00,SOL,BUY,17.690047537338614,0.017690047537338615,0.15,S3_TREND
2026-05-22 00:00:00+00:00,BTC,BUY,7.321995801132289,0.0073219958011322885,0.15,S3_TREND
2026-05-22 00:00:00+00:00,ETH,SELL,7.524392144074227,0.007524392144074227,0.15,S3_TREND
2026-05-22 00:00:00+00:00,SOL,SELL,21.010542279813308,0.021010542279813308,0.15,S3_TREND
2026-05-22 01:00:00+00:00,BTC,BUY,21.195969599406453,0.021195969599406454,0.15,S3_TREND
2026-05-22 01:00:00+00:00,ETH,BUY,6.224125471997468,0.006224125471997468,0.15,S3_TREND
2026-05-22 01:00:00+00:00,SOL,BUY,60.683864101256404,0.0606838641012564,0.15,S3_TREND
2026-05-22 02:00:00+00:00,BTC,SELL,25.88461659688255,0.025884616596882553,0.15,S3_TREND
2026-05-22 02:00:00+00:00,ETH,SELL,25.192901127184086,0.025192901127184086,0.15,S3_TREND
2026-05-22 02:00:00+00:00,SOL,SELL,20.531250868203642,0.020531250868203642,0.15,S3_TREND
2026-05-22 03:00:00+00:00,BTC,SELL,4.756790572908359,0.004756790572908359,0.15,S3_TREND
2026-05-22 03:00:00+00:00,ETH,SELL,8.161119675320151,0.008161119675320152,0.15,S3_TREND
2026-05-22 03:00:00+00:00,SOL,SELL,9.027131161819852,0.009027131161819853,0.15,S3_TREND
2026-05-22 04:00:00+00:00,BTC,SELL,20.26188814337911,0.02026188814337911,0.15,S3_TREND
2026-05-22 04:00:00+00:00,SOL,BUY,21.299189728893907,0.021299189728893907,0.15,S3_TREND
2026-05-22 05:00:00+00:00,BTC,BUY,14.29496407251645,0.01429496407251645,0.15,S3_TREND
2026-05-22 05:00:00+00:00,ETH,BUY,17.593450065838624,0.017593450065838623,0.15,S3_TREND
2026-05-22 05:00:00+00:00,SOL,BUY,1.0605788172069879,0.0010605788172069878,0.15,S3_TREND
2026-05-22 06:00:00+00:00,BTC,BUY,17.270057376843397,0.0172700573768434,0.15,S3_TREND
2026-05-22 06:00:00+00:00,ETH,BUY,18.808825068423175,0.018808825068423175,0.15,S3_TREND
2026-05-22 06:00:00+00:00,SOL,BUY,14.533173636018546,0.014533173636018547,0.15,S3_TREND
2026-05-22 07:00:00+00:00,BTC,BUY,4.560523837872097,0.004560523837872097,0.15,S3_TREND
2026-05-22 07:00:00+00:00,ETH,BUY,16.317653670197615,0.016317653670197614,0.15,S3_TREND
2026-05-22 07:00:00+00:00,SOL,BUY,7.31785138612031,0.00731785138612031,0.15,S3_TREND
2026-05-22 08:00:00+00:00,BTC,BUY,12.033292355712547,0.012033292355712547,0.15,S3_TREND
2026-05-22 08:00:00+00:00,ETH,SELL,11.409884884289568,0.011409884884289567,0.15,S3_TREND
2026-05-22 08:00:00+00:00,SOL,SELL,34.25324484338671,0.03425324484338671,0.15,S3_TREND
2026-05-22 09:00:00+00:00,BTC,BUY,20.078979574544064,0.020078979574544065,0.15,S3_TREND
2026-05-22 09:00:00+00:00,ETH,BUY,37.3784198254034,0.0373784198254034,0.15,S3_TREND
2026-05-22 09:00:00+00:00,SOL,SELL,34.57711846480015,0.034577118464800154,0.15,S3_TREND
2026-05-22 10:00:00+00:00,BTC,SELL,1.8821553308189325,0.0018821553308189325,0.15,S3_TREND
2026-05-22 10:00:00+00:00,ETH,SELL,5.9002230026871985,0.005900223002687199,0.15,S3_TREND
2026-05-22 10:00:00+00:00,SOL,SELL,12.71642569469077,0.01271642569469077,0.15,S3_TREND
2026-05-22 11:00:00+00:00,BTC,SELL,8.247641118539832,0.008247641118539832,0.15,S3_TREND
2026-05-22 11:00:00+00:00,SOL,BUY,35.83904573799009,0.03583904573799009,0.15,S3_TREND
2026-05-22 12:00:00+00:00,BTC,SELL,2.4092681142628862,0.0024092681142628865,0.15,S3_TREND
2026-05-22 12:00:00+00:00,ETH,SELL,34.315172300648555,0.03431517230064856,0.15,S3_TREND
2026-05-22 12:00:00+00:00,SOL,SELL,35.455760798737174,0.035455760798737176,0.15,S3_TREND
2026-05-22 13:00:00+00:00,BTC,SELL,1.7205730369350931,0.0017205730369350932,0.15,S3_TREND
2026-05-22 13:00:00+00:00,ETH,SELL,10.760781877896079,0.01076078187789608,0.15,S3_TREND
2026-05-22 13:00:00+00:00,SOL,SELL,53.445239319822576,0.05344523931982258,0.15,S3_TREND
2026-05-22 14:00:00+00:00,BTC,BUY,24.7674439371458,0.0247674439371458,0.15,S3_TREND
2026-05-22 14:00:00+00:00,ETH,BUY,11.530247216322095,0.011530247216322096,0.15,S3_TREND
2026-05-22 14:00:00+00:00,SOL,BUY,40.30658767325258,0.040306587673252584,0.15,S3_TREND
2026-05-22 15:00:00+00:00,BTC,BUY,49.2498109121625,0.0492498109121625,0.15,S3_TREND
2026-05-22 15:00:00+00:00,ETH,BUY,42.951206568688576,0.042951206568688574,0.15,S3_TREND
2026-05-22 15:00:00+00:00,SOL,BUY,81.90634219200365,0.08190634219200366,0.15,S3_TREND
2026-05-22 16:00:00+00:00,BTC,BUY,3.7201690200254234,0.0037201690200254233,0.15,S3_TREND
2026-05-22 16:00:00+00:00,ETH,SELL,10.606282827178802,0.010606282827178803,0.15,S3_TREND
2026-05-22 16:00:00+00:00,SOL,SELL,18.227038304845337,0.018227038304845337,0.15,S3_TREND
2026-05-22 17:00:00+00:00,BTC,SELL,18.256489438328572,0.018256489438328572,0.15,S3_TREND
2026-05-22 17:00:00+00:00,ETH,SELL,10.561201158345284,0.010561201158345284,0.15,S3_TREND
2026-05-22 17:00:00+00:00,SOL,SELL,14.781692650412879,0.014781692650412879,0.15,S3_TREND
2026-05-22 18:00:00+00:00,BTC,BUY,21.58355508470777,0.02158355508470777,0.15,S3_TREND
2026-05-22 18:00:00+00:00,ETH,BUY,5.459130287015796,0.005459130287015796,0.15,S3_TREND
2026-05-22 18:00:00+00:00,SOL,BUY,32.12880610811408,0.032128806108114076,0.15,S3_TREND
2026-05-22 19:00:00+00:00,BTC,SELL,15.336771691656395,0.015336771691656396,0.15,S3_TREND
2026-05-22 19:00:00+00:00,ETH,BUY,78.429067192199,0.078429067192199,0.15,S3_TREND
2026-05-22 19:00:00+00:00,SOL,BUY,139.84855663084454,0.13984855663084456,0.15,S3_TREND
2026-05-22 20:00:00+00:00,BTC,BUY,49.797474278684604,0.049797474278684604,0.15,S3_TREND
2026-05-22 20:00:00+00:00,ETH,BUY,158.6386533949044,0.1586386533949044,0.15,S3_TREND
2026-05-22 20:00:00+00:00,SOL,BUY,75.751440536691,0.07575144053669101,0.15,S3_TREND
2026-05-22 21:00:00+00:00,ETH,SELL,31.673033536659204,0.031673033536659206,0.15,S3_TREND
2026-05-22 21:00:00+00:00,SOL,SELL,51.704273497449314,0.05170427349744931,0.15,S3_TREND
2026-05-22 22:00:00+00:00,BTC,BUY,9.80766701661014,0.00980766701661014,0.15,S3_TREND
2026-05-22 22:00:00+00:00,ETH,SELL,23.66470368485534,0.02366470368485534,0.15,S3_TREND
2026-05-22 22:00:00+00:00,SOL,SELL,21.044455581002694,0.021044455581002694,0.15,S3_TREND
2026-05-22 23:00:00+00:00,BTC,BUY,27.530962243175964,0.027530962243175965,0.15,S3_TREND
2026-05-22 23:00:00+00:00,ETH,SELL,7148.02009582524,7.14802009582524,0.075,S6_REVERSAL
2026-05-22 23:00:00+00:00,SOL,BUY,19.022121550120573,0.019022121550120574,0.15,S3_TREND
2026-05-23 00:00:00+00:00,BTC,SELL,14297.734230331584,14.297734230331583,0.0,CASH
2026-05-23 00:00:00+00:00,ETH,BUY,11.631532482739203,0.011631532482739203,0.075,S6_REVERSAL
2026-05-23 00:00:00+00:00,SOL,BUY,68.63023975029682,0.06863023975029682,0.15,S3_TREND
2026-05-23 01:00:00+00:00,BTC,BUY,7154.628164491111,7.154628164491111,0.075,S6_REVERSAL
2026-05-23 01:00:00+00:00,ETH,BUY,3.37115998102945,0.0033711599810294503,0.075,S6_REVERSAL
2026-05-23 01:00:00+00:00,SOL,SELL,8.560860647143272,0.008560860647143273,0.15,S3_TREND
2026-05-23 02:00:00+00:00,BTC,SELL,10.325112547764547,0.010325112547764548,0.075,S6_REVERSAL
2026-05-23 02:00:00+00:00,ETH,SELL,12.200040315903607,0.012200040315903608,0.075,S6_REVERSAL
2026-05-23 02:00:00+00:00,SOL,SELL,9.849683922588156,0.009849683922588157,0.15,S3_TREND
2026-05-23 03:00:00+00:00,BTC,SELL,7.321331397219183,0.007321331397219183,0.075,S6_REVERSAL
2026-05-23 03:00:00+00:00,ETH,BUY,1.8943620245072452,0.0018943620245072453,0.075,S6_REVERSAL
2026-05-23 04:00:00+00:00,BTC,SELL,2.914687886169304,0.002914687886169304,0.075,S6_REVERSAL
2026-05-23 04:00:00+00:00,ETH,SELL,4.753831650650682,0.004753831650650682,0.075,S6_REVERSAL
2026-05-23 04:00:00+00:00,SOL,SELL,20.009948476126738,0.02000994847612674,0.15,S3_TREND
2026-05-23 05:00:00+00:00,BTC,BUY,3.900612634962272,0.003900612634962272,0.075,S6_REVERSAL
2026-05-23 05:00:00+00:00,ETH,BUY,6.9323614083068605,0.00693236140830686,0.075,S6_REVERSAL
2026-05-23 05:00:00+00:00,SOL,BUY,37.077693324285065,0.037077693324285066,0.15,S3_TREND
2026-05-23 06:00:00+00:00,BTC,BUY,4.8740329467091215,0.004874032946709121,0.075,S6_REVERSAL
2026-05-23 06:00:00+00:00,ETH,BUY,7.911845335637736,0.007911845335637735,0.075,S6_REVERSAL
2026-05-23 06:00:00+00:00,SOL,SELL,7.849867225993876,0.007849867225993876,0.15,S3_TREND
2026-05-23 07:00:00+00:00,BTC,BUY,4.288234378141169,0.0042882343781411696,0.075,S6_REVERSAL
2026-05-23 07:00:00+00:00,ETH,BUY,7.207983315191086,0.007207983315191086,0.075,S6_REVERSAL
2026-05-23 07:00:00+00:00,SOL,BUY,23.08669944101348,0.02308669944101348,0.15,S3_TREND
2026-05-23 08:00:00+00:00,BTC,BUY,34.887282974207665,0.034887282974207665,0.075,S6_REVERSAL
2026-05-23 08:00:00+00:00,ETH,SELL,7036.6092901832,7.0366092901832,0.0,CASH
2026-05-23 08:00:00+00:00,SOL,BUY,262.96042279861103,0.26296042279861104,0.15,S3_TREND
2026-05-23 09:00:00+00:00,BTC,SELL,8.711981269807438,0.008711981269807439,0.075,S6_REVERSAL
2026-05-23 09:00:00+00:00,ETH,BUY,7109.977837654735,7.109977837654735,0.075,S6_REVERSAL
2026-05-23 09:00:00+00:00,SOL,BUY,17.609374935933374,0.017609374935933373,0.15,S3_TREND
2026-05-23 10:00:00+00:00,ETH,BUY,7.525977547446928,0.007525977547446928,0.075,S6_REVERSAL
2026-05-23 10:00:00+00:00,SOL,SELL,7092.285864971789,7.09228586497179,0.075,S6_REVERSAL
2026-05-23 11:00:00+00:00,BTC,SELL,2.4329825949935184,0.0024329825949935186,0.075,S6_REVERSAL
2026-05-23 11:00:00+00:00,ETH,SELL,12.34556667871584,0.012345566678715841,0.075,S6_REVERSAL
2026-05-23 11:00:00+00:00,SOL,SELL,19.907904968777984,0.019907904968777985,0.075,S6_REVERSAL
2026-05-23 12:00:00+00:00,BTC,SELL,7.3108549665985265,0.007310854966598526,0.075,S6_REVERSAL
2026-05-23 12:00:00+00:00,ETH,BUY,1.0574259774730308,0.0010574259774730308,0.075,S6_REVERSAL
2026-05-23 12:00:00+00:00,SOL,SELL,1.8150431718204345,0.0018150431718204345,0.075,S6_REVERSAL
2026-05-23 13:00:00+00:00,BTC,BUY,4.3603891654329345,0.004360389165432935,0.075,S6_REVERSAL
2026-05-23 13:00:00+00:00,ETH,BUY,2.3331334832892026,0.0023331334832892027,0.075,S6_REVERSAL
2026-05-23 13:00:00+00:00,SOL,SELL,16.345853514888404,0.016345853514888403,0.075,S6_REVERSAL
2026-05-23 14:00:00+00:00,BTC,SELL,32.132351207989814,0.032132351207989816,0.075,S6_REVERSAL
2026-05-23 14:00:00+00:00,ETH,SELL,36.693691874999786,0.03669369187499979,0.075,S6_REVERSAL
2026-05-23 14:00:00+00:00,SOL,SELL,51.300650368314564,0.05130065036831456,0.075,S6_REVERSAL
2026-05-23 15:00:00+00:00,BTC,SELL,18.15676545612041,0.01815676545612041,0.075,S6_REVERSAL
2026-05-23 15:00:00+00:00,ETH,SELL,45.86910920997889,0.04586910920997889,0.075,S6_REVERSAL
2026-05-23 15:00:00+00:00,SOL,SELL,65.36775176342053,0.06536775176342054,0.075,S6_REVERSAL
2026-05-23 16:00:00+00:00,ETH,BUY,3.932569594746383,0.003932569594746383,0.075,S6_REVERSAL
2026-05-23 16:00:00+00:00,SOL,BUY,3.4311547948664156,0.003431154794866416,0.075,S6_REVERSAL
2026-05-23 17:00:00+00:00,BTC,BUY,7.93213176298832,0.00793213176298832,0.075,S6_REVERSAL
2026-05-23 17:00:00+00:00,ETH,SELL,4.85906212773898,0.00485906212773898,0.075,S6_REVERSAL
2026-05-23 17:00:00+00:00,SOL,SELL,1.7424871833181896,0.0017424871833181897,0.075,S6_REVERSAL
2026-05-23 18:00:00+00:00,BTC,SELL,2.5007591085704917,0.0025007591085704915,0.075,S6_REVERSAL
2026-05-23 18:00:00+00:00,ETH,SELL,6.41942773655046,0.0064194277365504605,0.075,S6_REVERSAL
2026-05-23 18:00:00+00:00,SOL,SELL,7.721506472879811,0.007721506472879811,0.075,S6_REVERSAL
2026-05-23 19:00:00+00:00,BTC,SELL,25.42947581936278,0.02542947581936278,0.075,S6_REVERSAL
2026-05-23 19:00:00+00:00,ETH,SELL,27.196984179423453,0.027196984179423452,0.075,S6_REVERSAL
2026-05-23 19:00:00+00:00,SOL,SELL,33.985703463551545,0.03398570346355154,0.075,S6_REVERSAL
2026-05-23 20:00:00+00:00,BTC,SELL,9.624321792740375,0.009624321792740375,0.075,S6_REVERSAL
2026-05-23 20:00:00+00:00,ETH,SELL,7.234034211604921,0.007234034211604921,0.075,S6_REVERSAL
2026-05-23 20:00:00+00:00,SOL,SELL,17.742574032854463,0.017742574032854463,0.075,S6_REVERSAL
2026-05-23 21:00:00+00:00,BTC,SELL,82.24334867291053,0.08224334867291053,0.075,S6_REVERSAL
2026-05-23 21:00:00+00:00,ETH,SELL,7385.116742418184,7.385116742418184,0.0,CASH
2026-05-23 21:00:00+00:00,SOL,SELL,137.2008516099886,0.1372008516099886,0.075,S6_REVERSAL
2026-05-23 22:00:00+00:00,BTC,SELL,7143.387646264818,7.143387646264818,0.0,CASH
2026-05-23 22:00:00+00:00,SOL,SELL,7122.0943240201095,7.12209432402011,0.0,CASH
2026-05-24 21:00:00+00:00,ETH,BUY,7178.182550502368,7.178182550502368,0.075,S6_REVERSAL
2026-05-24 22:00:00+00:00,ETH,BUY,71.02569691778626,0.07102569691778626,0.075,S6_REVERSAL
2026-05-24 22:00:00+00:00,SOL,BUY,7171.841695410344,7.171841695410344,0.075,S6_REVERSAL
2026-05-24 23:00:00+00:00,ETH,SELL,63.69335360925197,0.06369335360925198,0.075,S6_REVERSAL
2026-05-24 23:00:00+00:00,SOL,SELL,77.05650498995328,0.07705650498995328,0.075,S6_REVERSAL
2026-05-25 00:00:00+00:00,ETH,SELL,22.053682165641476,0.022053682165641478,0.075,S6_REVERSAL
2026-05-25 00:00:00+00:00,SOL,SELL,19.191685115563814,0.019191685115563815,0.075,S6_REVERSAL
2026-05-25 01:00:00+00:00,ETH,SELL,14.695840266632331,0.01469584026663233,0.075,S6_REVERSAL
2026-05-25 01:00:00+00:00,SOL,SELL,16.626199178717798,0.0166261991787178,0.075,S6_REVERSAL
2026-05-25 02:00:00+00:00,ETH,BUY,30.242314359975353,0.030242314359975354,0.075,S6_REVERSAL
2026-05-25 02:00:00+00:00,SOL,BUY,46.22879659249338,0.04622879659249338,0.075,S6_REVERSAL
2026-05-25 03:00:00+00:00,ETH,SELL,12.062417741535683,0.012062417741535682,0.075,S6_REVERSAL
2026-05-25 03:00:00+00:00,SOL,SELL,15.361084365765237,0.015361084365765236,0.075,S6_REVERSAL
2026-05-25 04:00:00+00:00,ETH,BUY,7.917072071014445,0.007917072071014445,0.075,S6_REVERSAL
2026-05-25 04:00:00+00:00,SOL,BUY,9.44513738227397,0.00944513738227397,0.075,S6_REVERSAL
2026-05-25 05:00:00+00:00,ETH,SELL,26.764964734699788,0.02676496473469979,0.075,S6_REVERSAL
2026-05-25 05:00:00+00:00,SOL,SELL,67.77212900082213,0.06777212900082213,0.075,S6_REVERSAL
2026-05-25 06:00:00+00:00,ETH,SELL,6.646643260512064,0.006646643260512065,0.075,S6_REVERSAL
2026-05-25 06:00:00+00:00,SOL,SELL,10.24687802691642,0.01024687802691642,0.075,S6_REVERSAL
2026-05-25 07:00:00+00:00,BTC,BUY,14388.320411969322,14.388320411969323,0.15,S3_TREND
2026-05-25 07:00:00+00:00,ETH,SELL,2.4948448606628517,0.0024948448606628517,0.075,S6_REVERSAL
2026-05-25 08:00:00+00:00,BTC,BUY,4.033061634798287,0.004033061634798287,0.15,S3_TREND
2026-05-25 08:00:00+00:00,ETH,BUY,7169.839322428248,7.169839322428248,0.15,S3_TREND
2026-05-25 08:00:00+00:00,SOL,BUY,3.82060916561295,0.0038206091656129504,0.075,S6_REVERSAL
2026-05-25 09:00:00+00:00,BTC,SELL,8.343446265093007,0.008343446265093007,0.15,S3_TREND
2026-05-25 09:00:00+00:00,ETH,SELL,1.63616272442232,0.0016361627244223201,0.15,S3_TREND
2026-05-25 09:00:00+00:00,SOL,SELL,5.6787139230964385,0.005678713923096439,0.075,S6_REVERSAL
2026-05-25 10:00:00+00:00,BTC,SELL,24.240182825000375,0.024240182825000376,0.15,S3_TREND
2026-05-25 10:00:00+00:00,ETH,BUY,1.826809758813397,0.0018268097588133969,0.15,S3_TREND
2026-05-25 10:00:00+00:00,SOL,BUY,7206.165131644041,7.206165131644041,0.15,S3_TREND
2026-05-25 11:00:00+00:00,BTC,BUY,11.458650543405383,0.011458650543405384,0.15,S3_TREND
2026-05-25 11:00:00+00:00,SOL,SELL,21.241669731480215,0.021241669731480214,0.15,S3_TREND
2026-05-25 12:00:00+00:00,BTC,BUY,20.044977585816014,0.020044977585816016,0.15,S3_TREND
2026-05-25 12:00:00+00:00,SOL,BUY,35.29208053644834,0.03529208053644834,0.15,S3_TREND
2026-05-25 13:00:00+00:00,BTC,BUY,3.2983478054065927,0.0032983478054065926,0.15,S3_TREND
2026-05-25 13:00:00+00:00,ETH,SELL,11.278146059512437,0.011278146059512438,0.15,S3_TREND
2026-05-25 13:00:00+00:00,SOL,SELL,11.519024002576769,0.01151902400257677,0.15,S3_TREND
2026-05-25 14:00:00+00:00,BTC,BUY,6.679619574682874,0.0066796195746828746,0.15,S3_TREND
2026-05-25 14:00:00+00:00,ETH,BUY,8.941973035831325,0.008941973035831325,0.15,S3_TREND
2026-05-25 14:00:00+00:00,SOL,SELL,21.780332376358274,0.021780332376358274,0.15,S3_TREND
2026-05-25 15:00:00+00:00,BTC,SELL,38.384769731752385,0.03838476973175239,0.15,S3_TREND
2026-05-25 15:00:00+00:00,ETH,SELL,51.06495869369064,0.05106495869369064,0.15,S3_TREND
2026-05-25 15:00:00+00:00,SOL,SELL,24.21023244737626,0.02421023244737626,0.15,S3_TREND
2026-05-25 16:00:00+00:00,BTC,BUY,10.170213968998723,0.010170213968998724,0.15,S3_TREND
2026-05-25 16:00:00+00:00,ETH,BUY,2.6337108815241663,0.002633710881524166,0.15,S3_TREND
2026-05-25 16:00:00+00:00,SOL,BUY,7.728264049374047,0.007728264049374048,0.15,S3_TREND
2026-05-25 17:00:00+00:00,BTC,SELL,7.446595277393499,0.007446595277393499,0.15,S3_TREND
2026-05-25 17:00:00+00:00,ETH,SELL,50.41321513422554,0.05041321513422554,0.15,S3_TREND
2026-05-25 17:00:00+00:00,SOL,BUY,12.394131047729388,0.012394131047729389,0.15,S3_TREND
2026-05-25 18:00:00+00:00,BTC,BUY,15.597096972713189,0.015597096972713189,0.15,S3_TREND
2026-05-25 18:00:00+00:00,ETH,BUY,36.80744662767029,0.03680744662767029,0.15,S3_TREND
2026-05-25 18:00:00+00:00,SOL,BUY,7.149617286782814,0.007149617286782814,0.15,S3_TREND
2026-05-25 19:00:00+00:00,BTC,SELL,3.730573303222627,0.003730573303222627,0.15,S3_TREND
2026-05-25 19:00:00+00:00,ETH,BUY,3.812919003812567,0.003812919003812567,0.15,S3_TREND
2026-05-25 19:00:00+00:00,SOL,BUY,27.5746162021278,0.0275746162021278,0.15,S3_TREND
2026-05-25 20:00:00+00:00,BTC,BUY,3.7094162351877458,0.0037094162351877457,0.15,S3_TREND
2026-05-25 20:00:00+00:00,ETH,BUY,21.68568417870847,0.021685684178708472,0.15,S3_TREND
2026-05-25 20:00:00+00:00,SOL,BUY,30.110931992503538,0.030110931992503538,0.15,S3_TREND
2026-05-25 21:00:00+00:00,BTC,BUY,7.596263582547181,0.00759626358254718,0.15,S3_TREND
2026-05-25 21:00:00+00:00,ETH,BUY,62.90391538606855,0.06290391538606854,0.15,S3_TREND
2026-05-25 21:00:00+00:00,SOL,BUY,16.556350183675022,0.016556350183675024,0.15,S3_TREND
2026-05-25 22:00:00+00:00,BTC,SELL,13.053859164563619,0.013053859164563619,0.15,S3_TREND
2026-05-25 22:00:00+00:00,ETH,SELL,10.981521876912666,0.010981521876912667,0.15,S3_TREND
2026-05-25 22:00:00+00:00,SOL,BUY,7.774449120533973,0.007774449120533973,0.15,S3_TREND
2026-05-25 23:00:00+00:00,BTC,BUY,17.492370945699804,0.017492370945699803,0.15,S3_TREND
2026-05-25 23:00:00+00:00,ETH,BUY,20.599629816999368,0.02059962981699937,0.15,S3_TREND
2026-05-25 23:00:00+00:00,SOL,BUY,68.50940160196478,0.06850940160196478,0.15,S3_TREND
2026-05-26 00:00:00+00:00,BTC,SELL,16.3242923759517,0.0163242923759517,0.15,S3_TREND
2026-05-26 00:00:00+00:00,ETH,SELL,42.196642343978965,0.04219664234397896,0.15,S3_TREND
2026-05-26 00:00:00+00:00,SOL,SELL,22.020934544394546,0.022020934544394546,0.15,S3_TREND
2026-05-26 01:00:00+00:00,BTC,BUY,51.33370006516816,0.05133370006516816,0.15,S3_TREND
2026-05-26 01:00:00+00:00,ETH,BUY,56.72089638849866,0.05672089638849866,0.15,S3_TREND
2026-05-26 01:00:00+00:00,SOL,BUY,64.3680582487741,0.0643680582487741,0.15,S3_TREND
2026-05-26 02:00:00+00:00,BTC,SELL,5.021178560606132,0.005021178560606132,0.15,S3_TREND
2026-05-26 02:00:00+00:00,ETH,BUY,11.46752157501578,0.011467521575015781,0.15,S3_TREND
2026-05-26 02:00:00+00:00,SOL,BUY,35.8876053044969,0.0358876053044969,0.15,S3_TREND
2026-05-26 03:00:00+00:00,BTC,BUY,7.391113436184241,0.007391113436184242,0.15,S3_TREND
2026-05-26 03:00:00+00:00,ETH,BUY,27.082022291684552,0.027082022291684552,0.15,S3_TREND
2026-05-26 03:00:00+00:00,SOL,BUY,4.623030474689585,0.004623030474689586,0.15,S3_TREND
2026-05-26 04:00:00+00:00,BTC,BUY,8.853891590993953,0.008853891590993954,0.15,S3_TREND
2026-05-26 04:00:00+00:00,ETH,SELL,19.67987281837668,0.01967987281837668,0.15,S3_TREND
2026-05-26 04:00:00+00:00,SOL,SELL,24.41129113921488,0.02441129113921488,0.15,S3_TREND
2026-05-26 05:00:00+00:00,BTC,SELL,9.415593683223051,0.009415593683223051,0.15,S3_TREND
2026-05-26 05:00:00+00:00,ETH,BUY,2.639584367405405,0.002639584367405405,0.15,S3_TREND
2026-05-26 05:00:00+00:00,SOL,SELL,17.233400052595243,0.017233400052595244,0.15,S3_TREND
2026-05-26 06:00:00+00:00,BTC,SELL,13.824733459889105,0.013824733459889105,0.15,S3_TREND
2026-05-26 06:00:00+00:00,ETH,SELL,29.515260534148183,0.029515260534148182,0.15,S3_TREND
2026-05-26 06:00:00+00:00,SOL,SELL,29.35456704833814,0.02935456704833814,0.15,S3_TREND
2026-05-26 07:00:00+00:00,BTC,BUY,3.051172423216485,0.0030511724232164853,0.15,S3_TREND
2026-05-26 07:00:00+00:00,ETH,SELL,6.70516816467898,0.006705168164678981,0.15,S3_TREND
2026-05-26 07:00:00+00:00,SOL,BUY,7.415081422341245,0.007415081422341246,0.15,S3_TREND
2026-05-26 08:00:00+00:00,BTC,BUY,15.43940356353778,0.015439403563537782,0.15,S3_TREND
2026-05-26 08:00:00+00:00,ETH,BUY,24.153814748435252,0.024153814748435254,0.15,S3_TREND
2026-05-26 08:00:00+00:00,SOL,BUY,24.767572724180354,0.024767572724180356,0.15,S3_TREND
2026-05-26 09:00:00+00:00,BTC,BUY,4.423633358761435,0.004423633358761435,0.15,S3_TREND
2026-05-26 09:00:00+00:00,ETH,SELL,7.674577653160668,0.007674577653160668,0.15,S3_TREND
2026-05-26 09:00:00+00:00,SOL,SELL,9.977379427165943,0.009977379427165943,0.15,S3_TREND
2026-05-26 10:00:00+00:00,BTC,BUY,8.87647513113734,0.00887647513113734,0.15,S3_TREND
2026-05-26 10:00:00+00:00,ETH,BUY,1.9117823830183625,0.0019117823830183626,0.15,S3_TREND
2026-05-26 10:00:00+00:00,SOL,SELL,6.311296796207897,0.0063112967962078974,0.15,S3_TREND
2026-05-26 11:00:00+00:00,BTC,SELL,60.767512843251104,0.060767512843251104,0.15,S3_TREND
2026-05-26 11:00:00+00:00,ETH,SELL,129.32513384649792,0.12932513384649794,0.15,S3_TREND
2026-05-26 11:00:00+00:00,SOL,SELL,105.68083359605953,0.10568083359605954,0.15,S3_TREND
2026-05-26 12:00:00+00:00,BTC,BUY,23.391149458631844,0.023391149458631844,0.15,S3_TREND
2026-05-26 12:00:00+00:00,ETH,BUY,22.028189908131026,0.022028189908131025,0.15,S3_TREND
2026-05-26 12:00:00+00:00,SOL,SELL,7147.349351902558,7.147349351902558,0.075,S6_REVERSAL
2026-05-26 13:00:00+00:00,BTC,BUY,13.54668616964409,0.013546686169644091,0.15,S3_TREND
2026-05-26 13:00:00+00:00,ETH,SELL,31.1808538048208,0.031180853804820798,0.15,S3_TREND
2026-05-26 13:00:00+00:00,SOL,SELL,6.407805658271172,0.006407805658271173,0.075,S6_REVERSAL
2026-05-26 14:00:00+00:00,BTC,SELL,14.206937834718701,0.014206937834718701,0.15,S3_TREND
2026-05-26 14:00:00+00:00,ETH,SELL,14365.558514217615,14.365558514217616,0.0,CASH
2026-05-26 14:00:00+00:00,SOL,SELL,13.877949976280433,0.013877949976280434,0.075,S6_REVERSAL
2026-05-26 15:00:00+00:00,BTC,BUY,45.50223110714978,0.045502231107149786,0.15,S3_TREND
2026-05-26 15:00:00+00:00,SOL,BUY,16.17501752046428,0.01617501752046428,0.075,S6_REVERSAL
2026-05-26 16:00:00+00:00,BTC,BUY,52.52634441411465,0.05252634441411465,0.15,S3_TREND
2026-05-26 16:00:00+00:00,SOL,BUY,52.20350252713615,0.05220350252713615,0.075,S6_REVERSAL
2026-05-26 17:00:00+00:00,BTC,SELL,9.681824429389962,0.009681824429389963,0.15,S3_TREND
2026-05-26 17:00:00+00:00,SOL,BUY,20.963591791565705,0.020963591791565706,0.075,S6_REVERSAL
2026-05-26 18:00:00+00:00,BTC,BUY,90.99025674973564,0.09099025674973564,0.15,S3_TREND
2026-05-26 18:00:00+00:00,SOL,BUY,41.63657024722579,0.04163657024722579,0.075,S6_REVERSAL
2026-05-26 19:00:00+00:00,BTC,BUY,15.640660059894799,0.015640660059894798,0.15,S3_TREND
2026-05-26 19:00:00+00:00,SOL,SELL,4.514165923412293,0.0045141659234122925,0.075,S6_REVERSAL
2026-05-26 20:00:00+00:00,BTC,SELL,31.73607962409369,0.031736079624093694,0.15,S3_TREND
2026-05-26 20:00:00+00:00,SOL,SELL,10.463392075495904,0.010463392075495903,0.075,S6_REVERSAL
2026-05-26 21:00:00+00:00,BTC,SELL,6.991819582415701,0.006991819582415701,0.15,S3_TREND
2026-05-26 21:00:00+00:00,SOL,SELL,10.292388518632833,0.010292388518632834,0.075,S6_REVERSAL
2026-05-26 22:00:00+00:00,BTC,BUY,31.61485427644584,0.03161485427644584,0.15,S3_TREND
2026-05-26 22:00:00+00:00,SOL,BUY,15.877395332837295,0.015877395332837295,0.075,S6_REVERSAL
2026-05-26 23:00:00+00:00,BTC,BUY,22.08080278387206,0.02208080278387206,0.15,S3_TREND
2026-05-26 23:00:00+00:00,SOL,BUY,1.1658326970455164,0.0011658326970455165,0.075,S6_REVERSAL
2026-05-27 00:00:00+00:00,BTC,SELL,28.16547790326149,0.02816547790326149,0.15,S3_TREND
2026-05-27 00:00:00+00:00,SOL,SELL,2.9748276570671806,0.002974827657067181,0.075,S6_REVERSAL
2026-05-27 01:00:00+00:00,BTC,SELL,19.712275105684967,0.019712275105684966,0.15,S3_TREND
2026-05-27 01:00:00+00:00,SOL,SELL,29.43884720092683,0.02943884720092683,0.075,S6_REVERSAL
2026-05-27 02:00:00+00:00,BTC,BUY,29.631987318889514,0.029631987318889514,0.15,S3_TREND
2026-05-27 02:00:00+00:00,SOL,BUY,19.11453580977468,0.01911453580977468,0.075,S6_REVERSAL
2026-05-27 03:00:00+00:00,BTC,BUY,1.1493509530882875,0.0011493509530882875,0.15,S3_TREND
2026-05-27 03:00:00+00:00,SOL,SELL,8.666722555130946,0.008666722555130946,0.075,S6_REVERSAL
2026-05-27 04:00:00+00:00,BTC,BUY,27.08464179277871,0.027084641792778714,0.15,S3_TREND
2026-05-27 04:00:00+00:00,ETH,BUY,7153.128635174436,7.153128635174435,0.075,S6_REVERSAL
2026-05-27 04:00:00+00:00,SOL,BUY,24.038610646968664,0.024038610646968665,0.075,S6_REVERSAL
2026-05-27 05:00:00+00:00,BTC,SELL,7134.787654891711,7.134787654891711,0.075,S6_REVERSAL
2026-05-27 05:00:00+00:00,ETH,SELL,8.918433923154225,0.008918433923154225,0.075,S6_REVERSAL
2026-05-27 05:00:00+00:00,SOL,SELL,3.026977208553035,0.003026977208553035,0.075,S6_REVERSAL
2026-05-27 06:00:00+00:00,BTC,SELL,8.00881951995143,0.008008819519951431,0.075,S6_REVERSAL
2026-05-27 06:00:00+00:00,ETH,SELL,14.593309331861747,0.014593309331861747,0.075,S6_REVERSAL
2026-05-27 06:00:00+00:00,SOL,SELL,18.126873978905678,0.018126873978905677,0.075,S6_REVERSAL
2026-05-27 07:00:00+00:00,BTC,SELL,10.635153023658859,0.01063515302365886,0.075,S6_REVERSAL
2026-05-27 07:00:00+00:00,ETH,SELL,5.054975534770165,0.0050549755347701645,0.075,S6_REVERSAL
2026-05-27 07:00:00+00:00,SOL,SELL,11.839276422928378,0.011839276422928379,0.075,S6_REVERSAL
2026-05-27 08:00:00+00:00,BTC,SELL,10.128965230429458,0.010128965230429459,0.075,S6_REVERSAL
2026-05-27 08:00:00+00:00,ETH,SELL,11.339904685439251,0.011339904685439252,0.075,S6_REVERSAL
2026-05-27 08:00:00+00:00,SOL,SELL,8.977284747238627,0.008977284747238627,0.075,S6_REVERSAL
2026-05-27 09:00:00+00:00,BTC,BUY,7.666831182293208,0.007666831182293208,0.075,S6_REVERSAL
2026-05-27 09:00:00+00:00,ETH,SELL,6.5593942630421225,0.0065593942630421224,0.075,S6_REVERSAL
2026-05-27 09:00:00+00:00,SOL,BUY,20.83531790883262,0.020835317908832623,0.075,S6_REVERSAL
2026-05-27 10:00:00+00:00,BTC,SELL,4.834948322114542,0.004834948322114542,0.075,S6_REVERSAL
2026-05-27 10:00:00+00:00,ETH,BUY,4.715146420057863,0.004715146420057863,0.075,S6_REVERSAL
2026-05-27 10:00:00+00:00,SOL,BUY,11.672383630447257,0.011672383630447257,0.075,S6_REVERSAL
2026-05-27 11:00:00+00:00,ETH,BUY,13.302660485273918,0.01330266048527392,0.075,S6_REVERSAL
2026-05-27 11:00:00+00:00,SOL,SELL,14.447368625390482,0.014447368625390481,0.075,S6_REVERSAL
2026-05-27 12:00:00+00:00,BTC,BUY,12.873665851866463,0.012873665851866462,0.075,S6_REVERSAL
2026-05-27 12:00:00+00:00,ETH,SELL,4.339558078147093,0.004339558078147092,0.075,S6_REVERSAL
2026-05-27 13:00:00+00:00,BTC,BUY,6.562272952084641,0.00656227295208464,0.075,S6_REVERSAL
2026-05-27 13:00:00+00:00,ETH,BUY,5.087060948311773,0.005087060948311774,0.075,S6_REVERSAL
2026-05-27 14:00:00+00:00,BTC,BUY,48.152685461272085,0.048152685461272084,0.075,S6_REVERSAL
2026-05-27 14:00:00+00:00,ETH,BUY,39.06448394266408,0.03906448394266408,0.075,S6_REVERSAL
2026-05-27 14:00:00+00:00,SOL,BUY,14.646600161765491,0.01464660016176549,0.075,S6_REVERSAL
2026-05-27 15:00:00+00:00,BTC,BUY,4.8812569649981015,0.004881256964998102,0.075,S6_REVERSAL
2026-05-27 15:00:00+00:00,ETH,BUY,7.509341097722427,0.007509341097722427,0.075,S6_REVERSAL
2026-05-27 15:00:00+00:00,SOL,SELL,22.13414899255804,0.02213414899255804,0.075,S6_REVERSAL
2026-05-27 16:00:00+00:00,BTC,SELL,20.249587720749332,0.02024958772074933,0.075,S6_REVERSAL
2026-05-27 16:00:00+00:00,ETH,SELL,22.623765020480278,0.022623765020480278,0.075,S6_REVERSAL
2026-05-27 16:00:00+00:00,SOL,SELL,37.377421119938845,0.037377421119938845,0.075,S6_REVERSAL
2026-05-27 17:00:00+00:00,ETH,BUY,2.1785943267495895,0.0021785943267495895,0.075,S6_REVERSAL
2026-05-27 17:00:00+00:00,SOL,BUY,19.89040061938431,0.01989040061938431,0.075,S6_REVERSAL
2026-05-27 18:00:00+00:00,BTC,BUY,29.321068132731853,0.029321068132731852,0.075,S6_REVERSAL
2026-05-27 18:00:00+00:00,ETH,BUY,48.97782523702608,0.04897782523702608,0.075,S6_REVERSAL
2026-05-27 18:00:00+00:00,SOL,BUY,53.50944821900157,0.05350944821900157,0.075,S6_REVERSAL
2026-05-27 19:00:00+00:00,BTC,SELL,10.048054759704428,0.010048054759704429,0.075,S6_REVERSAL
2026-05-27 19:00:00+00:00,ETH,SELL,9.673451726276653,0.009673451726276653,0.075,S6_REVERSAL
2026-05-27 19:00:00+00:00,SOL,SELL,40.41965664059262,0.04041965664059262,0.075,S6_REVERSAL
2026-05-27 20:00:00+00:00,BTC,SELL,3.4094501332510845,0.0034094501332510847,0.075,S6_REVERSAL
2026-05-27 20:00:00+00:00,ETH,SELL,2.260806289806169,0.002260806289806169,0.075,S6_REVERSAL
2026-05-27 20:00:00+00:00,SOL,BUY,2.0472722640488428,0.002047272264048843,0.075,S6_REVERSAL
2026-05-27 21:00:00+00:00,BTC,SELL,17.478609337745183,0.017478609337745185,0.075,S6_REVERSAL
2026-05-27 21:00:00+00:00,ETH,SELL,17.87989485740127,0.01787989485740127,0.075,S6_REVERSAL
2026-05-27 21:00:00+00:00,SOL,BUY,10.88272182673154,0.01088272182673154,0.075,S6_REVERSAL
2026-05-27 22:00:00+00:00,BTC,SELL,7071.908883293901,7.071908883293902,0.0,CASH
2026-05-27 22:00:00+00:00,ETH,SELL,7001.62136387559,7.00162136387559,0.0,CASH
2026-05-27 22:00:00+00:00,SOL,SELL,7034.605339524285,7.034605339524285,0.0,CASH
2026-05-27 23:00:00+00:00,ETH,BUY,7121.243316261352,7.121243316261353,0.075,S6_REVERSAL
2026-05-28 00:00:00+00:00,ETH,BUY,1.1246141951887694,0.0011246141951887694,0.075,S6_REVERSAL
2026-05-28 01:00:00+00:00,ETH,SELL,11.059880741800953,0.011059880741800953,0.075,S6_REVERSAL
2026-05-28 02:00:00+00:00,ETH,BUY,25.689563504985927,0.025689563504985927,0.075,S6_REVERSAL
2026-05-28 03:00:00+00:00,ETH,BUY,8.375243268003942,0.008375243268003943,0.075,S6_REVERSAL
2026-05-28 04:00:00+00:00,BTC,BUY,7109.127136371712,7.109127136371712,0.075,S6_REVERSAL
2026-05-28 04:00:00+00:00,ETH,SELL,6990.99128391051,6.99099128391051,0.0,CASH
2026-05-28 05:00:00+00:00,BTC,BUY,5.76905524549602,0.00576905524549602,0.075,S6_REVERSAL
2026-05-28 05:00:00+00:00,ETH,BUY,7107.516122290704,7.107516122290704,0.075,S6_REVERSAL
2026-05-28 06:00:00+00:00,BTC,BUY,15.608033957011685,0.015608033957011685,0.075,S6_REVERSAL
2026-05-28 06:00:00+00:00,ETH,BUY,10.710630866975407,0.010710630866975407,0.075,S6_REVERSAL
2026-05-28 06:00:00+00:00,SOL,BUY,14209.13248869879,14.20913248869879,0.15,S6_S8_REVERSAL
2026-05-28 07:00:00+00:00,BTC,SELL,15.080467057933676,0.015080467057933677,0.075,S6_REVERSAL
2026-05-28 07:00:00+00:00,ETH,SELL,14.390231965521707,0.014390231965521708,0.075,S6_REVERSAL
2026-05-28 07:00:00+00:00,SOL,SELL,36.46189029664856,0.036461890296648564,0.15,S6_S8_REVERSAL
2026-05-28 08:00:00+00:00,BTC,SELL,19.627104305171997,0.019627104305171998,0.075,S6_REVERSAL
2026-05-28 08:00:00+00:00,ETH,SELL,32.121402612327984,0.03212140261232799,0.075,S6_REVERSAL
2026-05-28 08:00:00+00:00,SOL,SELL,32.8224980088944,0.0328224980088944,0.15,S6_S8_REVERSAL
2026-05-28 09:00:00+00:00,BTC,BUY,9.916423749375099,0.009916423749375099,0.075,S6_REVERSAL
2026-05-28 09:00:00+00:00,ETH,BUY,19.251617017654098,0.0192516170176541,0.075,S6_REVERSAL
2026-05-28 09:00:00+00:00,SOL,BUY,33.79829660785617,0.033798296607856174,0.15,S6_S8_REVERSAL
2026-05-28 10:00:00+00:00,BTC,SELL,14.618750498794725,0.014618750498794726,0.075,S6_REVERSAL
2026-05-28 10:00:00+00:00,ETH,SELL,14.368807756450224,0.014368807756450224,0.075,S6_REVERSAL
2026-05-28 10:00:00+00:00,SOL,SELL,29.60971652366061,0.02960971652366061,0.15,S6_S8_REVERSAL
2026-05-28 11:00:00+00:00,BTC,BUY,5.336207765711151,0.0053362077657111515,0.075,S6_REVERSAL
2026-05-28 11:00:00+00:00,ETH,BUY,4.944713194509859,0.0049447131945098595,0.075,S6_REVERSAL
2026-05-28 11:00:00+00:00,SOL,BUY,67.45940025387972,0.06745940025387973,0.15,S6_S8_REVERSAL
2026-05-28 12:00:00+00:00,BTC,SELL,7.872627143662612,0.007872627143662611,0.075,S6_REVERSAL
2026-05-28 12:00:00+00:00,ETH,BUY,3.9327186905529743,0.003932718690552974,0.075,S6_REVERSAL
2026-05-28 12:00:00+00:00,SOL,SELL,18.172301372713264,0.018172301372713265,0.15,S6_S8_REVERSAL
2026-05-28 13:00:00+00:00,BTC,BUY,2.8573291281691127,0.0028573291281691125,0.075,S6_REVERSAL
2026-05-28 13:00:00+00:00,ETH,SELL,3.095541799010789,0.0030955417990107892,0.075,S6_REVERSAL
2026-05-28 13:00:00+00:00,SOL,SELL,37.622865115175955,0.03762286511517596,0.15,S6_S8_REVERSAL
2026-05-28 14:00:00+00:00,BTC,BUY,37.037043105080556,0.037037043105080554,0.075,S6_REVERSAL
2026-05-28 14:00:00+00:00,ETH,BUY,25.93070247074229,0.02593070247074229,0.075,S6_REVERSAL
2026-05-28 14:00:00+00:00,SOL,BUY,39.4423387577699,0.0394423387577699,0.15,S6_S8_REVERSAL
2026-05-28 15:00:00+00:00,BTC,BUY,7.650348195775223,0.007650348195775223,0.075,S6_REVERSAL
2026-05-28 15:00:00+00:00,ETH,SELL,34.52116130095783,0.03452116130095783,0.075,S6_REVERSAL
2026-05-28 15:00:00+00:00,SOL,SELL,54.67075855704206,0.054670758557042065,0.15,S6_S8_REVERSAL
2026-05-28 16:00:00+00:00,BTC,BUY,7.944409771829669,0.007944409771829669,0.075,S6_REVERSAL
2026-05-28 16:00:00+00:00,ETH,BUY,8.344334612045714,0.008344334612045715,0.075,S6_REVERSAL
2026-05-28 16:00:00+00:00,SOL,BUY,4.323945594149336,0.0043239455941493365,0.15,S6_S8_REVERSAL
2026-05-28 17:00:00+00:00,BTC,SELL,27.918975328155284,0.027918975328155283,0.075,S6_REVERSAL
2026-05-28 17:00:00+00:00,ETH,SELL,58.489833678694595,0.0584898336786946,0.075,S6_REVERSAL
2026-05-28 17:00:00+00:00,SOL,SELL,119.00449956432021,0.11900449956432022,0.15,S6_S8_REVERSAL
2026-05-28 18:00:00+00:00,BTC,SELL,5.721943760681825,0.005721943760681825,0.075,S6_REVERSAL
2026-05-28 18:00:00+00:00,ETH,SELL,17.065201493476707,0.017065201493476706,0.075,S6_REVERSAL
2026-05-28 18:00:00+00:00,SOL,SELL,27.510248396569295,0.027510248396569296,0.15,S6_S8_REVERSAL
2026-05-28 19:00:00+00:00,ETH,SELL,9.56573144865888,0.00956573144865888,0.075,S6_REVERSAL
2026-05-28 19:00:00+00:00,SOL,SELL,82.68030782818641,0.08268030782818642,0.15,S6_S8_REVERSAL
2026-05-28 20:00:00+00:00,BTC,BUY,9.33278853466527,0.00933278853466527,0.075,S6_REVERSAL
2026-05-28 20:00:00+00:00,ETH,BUY,23.26733792215782,0.02326733792215782,0.075,S6_REVERSAL
2026-05-28 20:00:00+00:00,SOL,BUY,95.1532323015108,0.09515323230151079,0.15,S6_S8_REVERSAL
2026-05-28 21:00:00+00:00,BTC,SELL,13.004773241949806,0.013004773241949806,0.075,S6_REVERSAL
2026-05-28 21:00:00+00:00,ETH,BUY,4.100867603197003,0.004100867603197003,0.075,S6_REVERSAL
2026-05-28 21:00:00+00:00,SOL,SELL,15.613317032801204,0.015613317032801204,0.15,S6_S8_REVERSAL
2026-05-28 22:00:00+00:00,BTC,SELL,17.868987137420845,0.017868987137420845,0.075,S6_REVERSAL
2026-05-28 22:00:00+00:00,ETH,SELL,16.288506765367856,0.016288506765367857,0.075,S6_REVERSAL
2026-05-28 22:00:00+00:00,SOL,SELL,13.978499606650075,0.013978499606650076,0.15,S6_S8_REVERSAL
2026-05-28 23:00:00+00:00,BTC,BUY,22.358467430271958,0.022358467430271957,0.075,S6_REVERSAL
2026-05-28 23:00:00+00:00,ETH,BUY,39.76618928966127,0.03976618928966127,0.075,S6_REVERSAL
2026-05-28 23:00:00+00:00,SOL,BUY,47.54402703618689,0.04754402703618689,0.15,S6_S8_REVERSAL
2026-05-29 00:00:00+00:00,BTC,SELL,11.404260520777825,0.011404260520777825,0.075,S6_REVERSAL
2026-05-29 00:00:00+00:00,ETH,SELL,11.83354127644543,0.01183354127644543,0.075,S6_REVERSAL
2026-05-29 00:00:00+00:00,SOL,SELL,8.806431778428305,0.008806431778428304,0.15,S6_S8_REVERSAL
2026-05-29 01:00:00+00:00,BTC,SELL,5.446130114438346,0.005446130114438346,0.075,S6_REVERSAL
2026-05-29 01:00:00+00:00,ETH,SELL,4.953443441752825,0.0049534434417528245,0.075,S6_REVERSAL
2026-05-29 01:00:00+00:00,SOL,SELL,28.223579781979424,0.028223579781979424,0.15,S6_S8_REVERSAL
2026-05-29 02:00:00+00:00,BTC,BUY,8.918339084301806,0.008918339084301806,0.075,S6_REVERSAL
2026-05-29 02:00:00+00:00,ETH,BUY,11.343385269974533,0.011343385269974533,0.075,S6_REVERSAL
2026-05-29 02:00:00+00:00,SOL,BUY,13.556933018038762,0.013556933018038763,0.15,S6_S8_REVERSAL
2026-05-29 03:00:00+00:00,BTC,BUY,21.71542986518216,0.02171542986518216,0.075,S6_REVERSAL
2026-05-29 03:00:00+00:00,ETH,BUY,18.614658339647576,0.018614658339647577,0.075,S6_REVERSAL
2026-05-29 03:00:00+00:00,SOL,BUY,84.37372502566177,0.08437372502566177,0.15,S6_S8_REVERSAL
2026-05-29 04:00:00+00:00,BTC,SELL,5.282556422484049,0.005282556422484049,0.075,S6_REVERSAL
2026-05-29 04:00:00+00:00,ETH,SELL,10.528268166068301,0.010528268166068302,0.075,S6_REVERSAL
2026-05-29 04:00:00+00:00,SOL,SELL,4.422637782532547,0.0044226377825325475,0.15,S6_S8_REVERSAL
2026-05-29 05:00:00+00:00,BTC,SELL,12.950524647157183,0.012950524647157183,0.075,S6_REVERSAL
2026-05-29 05:00:00+00:00,ETH,SELL,13.261582029036617,0.013261582029036618,0.075,S6_REVERSAL
2026-05-29 05:00:00+00:00,SOL,SELL,39.94688723940999,0.03994688723940999,0.15,S6_S8_REVERSAL
2026-05-29 06:00:00+00:00,BTC,SELL,14.494210227971962,0.014494210227971963,0.075,S6_REVERSAL
2026-05-29 06:00:00+00:00,ETH,SELL,16.735216735035465,0.016735216735035464,0.075,S6_REVERSAL
2026-05-29 06:00:00+00:00,SOL,SELL,13.138619210385514,0.013138619210385514,0.15,S6_S8_REVERSAL
2026-05-29 07:00:00+00:00,BTC,SELL,2.997788382359431,0.0029977883823594314,0.075,S6_REVERSAL
2026-05-29 07:00:00+00:00,ETH,SELL,7.72571628291098,0.007725716282910981,0.075,S6_REVERSAL
2026-05-29 07:00:00+00:00,SOL,SELL,33.924827751354314,0.03392482775135432,0.15,S6_S8_REVERSAL
2026-05-29 08:00:00+00:00,BTC,BUY,19.510896378194047,0.01951089637819405,0.075,S6_REVERSAL
2026-05-29 08:00:00+00:00,ETH,BUY,31.64778111090709,0.03164778111090709,0.075,S6_REVERSAL
2026-05-29 09:00:00+00:00,BTC,SELL,11.8716014938218,0.0118716014938218,0.075,S6_REVERSAL
2026-05-29 09:00:00+00:00,ETH,BUY,5.576267171252766,0.0055762671712527665,0.075,S6_REVERSAL
2026-05-29 09:00:00+00:00,SOL,BUY,3.4978803078793135,0.0034978803078793137,0.15,S6_S8_REVERSAL
2026-05-29 10:00:00+00:00,BTC,SELL,3.1445169801927477,0.0031445169801927477,0.075,S6_REVERSAL
2026-05-29 10:00:00+00:00,ETH,SELL,25.32734628743492,0.02532734628743492,0.075,S6_REVERSAL
2026-05-29 10:00:00+00:00,SOL,SELL,24.995207343990838,0.024995207343990838,0.15,S6_S8_REVERSAL
2026-05-29 11:00:00+00:00,BTC,BUY,5.118512104030742,0.005118512104030742,0.075,S6_REVERSAL
2026-05-29 11:00:00+00:00,ETH,BUY,7.655941543629524,0.0076559415436295245,0.075,S6_REVERSAL
2026-05-29 11:00:00+00:00,SOL,BUY,39.11444769933223,0.039114447699332235,0.15,S6_S8_REVERSAL
2026-05-29 12:00:00+00:00,BTC,BUY,7.122198667710109,0.007122198667710108,0.075,S6_REVERSAL
2026-05-29 12:00:00+00:00,ETH,BUY,5.434670440915397,0.005434670440915397,0.075,S6_REVERSAL
2026-05-29 12:00:00+00:00,SOL,BUY,53.57439094465553,0.053574390944655534,0.15,S6_S8_REVERSAL
2026-05-29 13:00:00+00:00,BTC,BUY,11.506859180908577,0.011506859180908578,0.075,S6_REVERSAL
2026-05-29 13:00:00+00:00,ETH,BUY,20.555064342150217,0.02055506434215022,0.075,S6_REVERSAL
2026-05-29 13:00:00+00:00,SOL,BUY,34.54259445698153,0.03454259445698153,0.15,S6_S8_REVERSAL
2026-05-29 14:00:00+00:00,BTC,BUY,13.78717649488317,0.013787176494883169,0.075,S6_REVERSAL
2026-05-29 14:00:00+00:00,SOL,BUY,3.467686700880222,0.003467686700880222,0.15,S6_S8_REVERSAL
2026-05-29 15:00:00+00:00,BTC,BUY,2.675302307464335,0.0026753023074643353,0.075,S6_REVERSAL
2026-05-29 15:00:00+00:00,ETH,SELL,10.242351795884133,0.010242351795884133,0.075,S6_REVERSAL
2026-05-29 15:00:00+00:00,SOL,BUY,17.01834875122404,0.01701834875122404,0.15,S6_S8_REVERSAL
2026-05-29 16:00:00+00:00,BTC,SELL,39.73885265473655,0.03973885265473655,0.075,S6_REVERSAL
2026-05-29 16:00:00+00:00,ETH,SELL,76.32228466182005,0.07632228466182005,0.075,S6_REVERSAL
2026-05-29 16:00:00+00:00,SOL,SELL,159.73852949709544,0.15973852949709544,0.15,S6_S8_REVERSAL
2026-05-29 17:00:00+00:00,BTC,SELL,15.38281873230244,0.01538281873230244,0.075,S6_REVERSAL
2026-05-29 17:00:00+00:00,ETH,SELL,22.444895513640404,0.022444895513640404,0.075,S6_REVERSAL
2026-05-29 17:00:00+00:00,SOL,SELL,43.27573860708799,0.043275738607087985,0.15,S6_S8_REVERSAL
2026-05-29 18:00:00+00:00,BTC,BUY,1.8606957463734943,0.0018606957463734944,0.075,S6_REVERSAL
2026-05-29 18:00:00+00:00,ETH,BUY,37.28246762145045,0.03728246762145045,0.075,S6_REVERSAL
2026-05-29 18:00:00+00:00,SOL,BUY,11.557435334834736,0.011557435334834736,0.15,S6_S8_REVERSAL
2026-05-29 19:00:00+00:00,BTC,BUY,40.17466441308352,0.04017466441308352,0.075,S6_REVERSAL
2026-05-29 19:00:00+00:00,ETH,BUY,41.034889597935944,0.04103488959793594,0.075,S6_REVERSAL
2026-05-29 19:00:00+00:00,SOL,BUY,90.93524856914337,0.09093524856914337,0.15,S6_S8_REVERSAL
2026-05-29 20:00:00+00:00,BTC,SELL,11.646277688593727,0.011646277688593727,0.075,S6_REVERSAL
2026-05-29 20:00:00+00:00,ETH,SELL,17.156548450584523,0.017156548450584525,0.075,S6_REVERSAL
2026-05-29 20:00:00+00:00,SOL,BUY,5.052473177047432,0.005052473177047432,0.15,S6_S8_REVERSAL
2026-05-29 21:00:00+00:00,BTC,SELL,11.230065036685119,0.01123006503668512,0.075,S6_REVERSAL
2026-05-29 21:00:00+00:00,SOL,SELL,22.26186891010184,0.02226186891010184,0.15,S6_S8_REVERSAL
2026-05-29 22:00:00+00:00,BTC,BUY,14.59701412024242,0.01459701412024242,0.075,S6_REVERSAL
2026-05-29 22:00:00+00:00,ETH,BUY,19.343090786560424,0.019343090786560425,0.075,S6_REVERSAL
2026-05-29 22:00:00+00:00,SOL,BUY,68.25592010389664,0.06825592010389664,0.15,S6_S8_REVERSAL
2026-05-29 23:00:00+00:00,BTC,SELL,1.9668561485204918,0.001966856148520492,0.075,S6_REVERSAL
2026-05-29 23:00:00+00:00,ETH,SELL,10.437918477036874,0.010437918477036874,0.075,S6_REVERSAL
2026-05-29 23:00:00+00:00,SOL,SELL,36.62584866744692,0.03662584866744692,0.15,S6_S8_REVERSAL
2026-05-30 00:00:00+00:00,BTC,BUY,3.009245424446817,0.0030092454244468173,0.075,S6_REVERSAL
2026-05-30 00:00:00+00:00,ETH,SELL,1.7124704330444729,0.001712470433044473,0.075,S6_REVERSAL
2026-05-30 00:00:00+00:00,SOL,SELL,8.83695117330717,0.00883695117330717,0.15,S6_S8_REVERSAL
2026-05-30 01:00:00+00:00,ETH,BUY,2.9795931635708257,0.0029795931635708257,0.075,S6_REVERSAL
2026-05-30 01:00:00+00:00,SOL,SELL,37.77488197918865,0.03777488197918865,0.15,S6_S8_REVERSAL
2026-05-30 02:00:00+00:00,BTC,SELL,6.248387231497873,0.006248387231497872,0.075,S6_REVERSAL
2026-05-30 02:00:00+00:00,ETH,SELL,7.514861791149087,0.0075148617911490875,0.075,S6_REVERSAL
2026-05-30 02:00:00+00:00,SOL,SELL,71.85888655394592,0.07185888655394593,0.15,S6_S8_REVERSAL
2026-05-30 03:00:00+00:00,BTC,SELL,9.126461148825001,0.009126461148825002,0.075,S6_REVERSAL
2026-05-30 03:00:00+00:00,ETH,SELL,3.2821090857714807,0.0032821090857714807,0.075,S6_REVERSAL
2026-05-30 03:00:00+00:00,SOL,SELL,19.14681703707356,0.01914681703707356,0.15,S6_S8_REVERSAL
2026-05-30 04:00:00+00:00,BTC,BUY,18.471183322346405,0.018471183322346405,0.075,S6_REVERSAL
2026-05-30 04:00:00+00:00,ETH,BUY,8.968204161257745,0.008968204161257745,0.075,S6_REVERSAL
2026-05-30 04:00:00+00:00,SOL,BUY,37.73808316708528,0.03773808316708528,0.15,S6_S8_REVERSAL
2026-05-30 05:00:00+00:00,BTC,BUY,4.748508450063127,0.004748508450063128,0.075,S6_REVERSAL
2026-05-30 05:00:00+00:00,ETH,BUY,14.299722399859093,0.014299722399859093,0.075,S6_REVERSAL
2026-05-30 05:00:00+00:00,SOL,BUY,46.44216836189298,0.04644216836189298,0.15,S6_S8_REVERSAL
2026-05-30 06:00:00+00:00,BTC,SELL,13.305157981699267,0.013305157981699267,0.075,S6_REVERSAL
2026-05-30 06:00:00+00:00,ETH,SELL,11.894492590861773,0.011894492590861774,0.075,S6_REVERSAL
2026-05-30 06:00:00+00:00,SOL,SELL,34.11881299668494,0.03411881299668494,0.15,S6_S8_REVERSAL
2026-05-30 07:00:00+00:00,ETH,SELL,4.98577706312426,0.00498577706312426,0.075,S6_REVERSAL
2026-05-30 07:00:00+00:00,SOL,BUY,16.426258667248476,0.016426258667248478,0.15,S6_S8_REVERSAL
2026-05-30 08:00:00+00:00,BTC,BUY,2.2986621821373774,0.0022986621821373776,0.075,S6_REVERSAL
2026-05-30 08:00:00+00:00,SOL,BUY,15.303359830782938,0.015303359830782938,0.15,S6_S8_REVERSAL
2026-05-30 09:00:00+00:00,ETH,BUY,5.617322974387207,0.005617322974387207,0.075,S6_REVERSAL
2026-05-30 09:00:00+00:00,SOL,BUY,19.21060583910912,0.01921060583910912,0.15,S6_S8_REVERSAL
2026-05-30 10:00:00+00:00,BTC,SELL,6.269833298384583,0.006269833298384583,0.075,S6_REVERSAL
2026-05-30 10:00:00+00:00,ETH,SELL,6.568765189919759,0.0065687651899197595,0.075,S6_REVERSAL
2026-05-30 10:00:00+00:00,SOL,SELL,13.593700690675178,0.013593700690675179,0.15,S6_S8_REVERSAL
2026-05-30 11:00:00+00:00,BTC,SELL,2.656723132507977,0.002656723132507977,0.075,S6_REVERSAL
2026-05-30 11:00:00+00:00,ETH,SELL,2.9876222303255418,0.0029876222303255417,0.075,S6_REVERSAL
2026-05-30 11:00:00+00:00,SOL,SELL,6.1499419403426145,0.0061499419403426145,0.15,S6_S8_REVERSAL
2026-05-30 12:00:00+00:00,BTC,BUY,3.8910790698282653,0.0038910790698282655,0.075,S6_REVERSAL
2026-05-30 12:00:00+00:00,SOL,BUY,7.743260808487321,0.0077432608084873214,0.15,S6_S8_REVERSAL
2026-05-30 13:00:00+00:00,BTC,SELL,6.67857516616732,0.00667857516616732,0.075,S6_REVERSAL
2026-05-30 13:00:00+00:00,ETH,SELL,5.261542078152161,0.005261542078152161,0.075,S6_REVERSAL
2026-05-30 13:00:00+00:00,SOL,SELL,12.045334009577346,0.012045334009577345,0.15,S6_S8_REVERSAL
2026-05-30 14:00:00+00:00,BTC,SELL,10.875291056862809,0.010875291056862808,0.075,S6_REVERSAL
2026-05-30 14:00:00+00:00,ETH,SELL,1.2771985231274812,0.0012771985231274812,0.075,S6_REVERSAL
2026-05-30 14:00:00+00:00,SOL,SELL,4.995796189925386,0.0049957961899253864,0.15,S3_TREND
2026-05-30 15:00:00+00:00,BTC,SELL,5.43188633320824,0.00543188633320824,0.075,S6_REVERSAL
2026-05-30 15:00:00+00:00,ETH,SELL,16.493030977502713,0.016493030977502713,0.075,S6_REVERSAL
2026-05-30 15:00:00+00:00,SOL,SELL,17.534802306652637,0.017534802306652636,0.15,S3_TREND
2026-05-30 16:00:00+00:00,ETH,BUY,7150.045241477741,7.150045241477741,0.15,S3_TREND
2026-05-30 16:00:00+00:00,SOL,SELL,7.3238615157770255,0.007323861515777025,0.15,S3_TREND
2026-05-30 17:00:00+00:00,BTC,BUY,2.4304385531122534,0.0024304385531122535,0.075,S6_REVERSAL
2026-05-30 17:00:00+00:00,ETH,BUY,1.4266350450998289,0.001426635045099829,0.15,S3_TREND
2026-05-30 17:00:00+00:00,SOL,SELL,29.91668394237786,0.02991668394237786,0.15,S3_TREND
2026-05-30 18:00:00+00:00,BTC,SELL,5.370655090762739,0.005370655090762739,0.075,S6_REVERSAL
2026-05-30 18:00:00+00:00,ETH,BUY,5.150184836362314,0.005150184836362314,0.15,S3_TREND
2026-05-30 18:00:00+00:00,SOL,SELL,23.62450072783031,0.02362450072783031,0.15,S3_TREND
2026-05-30 19:00:00+00:00,BTC,SELL,7156.9709502787055,7.156970950278706,0.0,CASH
2026-05-30 19:00:00+00:00,ETH,SELL,2.962207987682632,0.002962207987682632,0.15,S3_TREND
2026-05-30 19:00:00+00:00,SOL,BUY,5.171467107878925,0.005171467107878925,0.15,S3_TREND
2026-05-30 20:00:00+00:00,ETH,SELL,8.928924428648315,0.008928924428648316,0.15,S3_TREND
2026-05-30 20:00:00+00:00,SOL,BUY,4.569600067034116,0.004569600067034116,0.15,S3_TREND
2026-05-30 21:00:00+00:00,BTC,BUY,14306.235481314077,14.306235481314078,0.15,S3_TREND
2026-05-30 21:00:00+00:00,ETH,BUY,9.533528713969645,0.009533528713969645,0.15,S3_TREND
2026-05-30 21:00:00+00:00,SOL,BUY,2.5749285928250174,0.0025749285928250176,0.15,S3_TREND
2026-05-30 22:00:00+00:00,ETH,SELL,7.132564812905912,0.007132564812905912,0.15,S3_TREND
2026-05-30 22:00:00+00:00,SOL,SELL,9.715979082242484,0.009715979082242483,0.15,S3_TREND
2026-05-30 23:00:00+00:00,BTC,BUY,1.7568785786734225,0.0017568785786734225,0.15,S3_TREND
2026-05-30 23:00:00+00:00,ETH,BUY,14.83368992683063,0.01483368992683063,0.15,S3_TREND
2026-05-30 23:00:00+00:00,SOL,BUY,47.9406956316725,0.0479406956316725,0.15,S3_TREND
2026-05-31 00:00:00+00:00,BTC,BUY,1.2201045272777264,0.0012201045272777265,0.15,S3_TREND
2026-05-31 00:00:00+00:00,ETH,BUY,9.337834530922919,0.00933783453092292,0.15,S3_TREND
2026-05-31 00:00:00+00:00,SOL,SELL,15.86206653465888,0.01586206653465888,0.15,S3_TREND
2026-05-31 01:00:00+00:00,BTC,SELL,15.420824013204763,0.015420824013204763,0.15,S3_TREND
2026-05-31 01:00:00+00:00,ETH,SELL,18.66754688801666,0.01866754688801666,0.15,S3_TREND
2026-05-31 01:00:00+00:00,SOL,SELL,18.485454491026758,0.01848545449102676,0.15,S3_TREND
2026-05-31 02:00:00+00:00,BTC,BUY,1.4432140352564602,0.0014432140352564602,0.15,S3_TREND
2026-05-31 02:00:00+00:00,ETH,SELL,8.843022245227985,0.008843022245227984,0.15,S3_TREND
2026-05-31 02:00:00+00:00,SOL,SELL,11.978838705244925,0.011978838705244925,0.15,S3_TREND
2026-05-31 03:00:00+00:00,BTC,BUY,3.508576007996453,0.003508576007996453,0.15,S3_TREND
2026-05-31 03:00:00+00:00,ETH,SELL,27.102868161957304,0.027102868161957304,0.15,S3_TREND
2026-05-31 03:00:00+00:00,SOL,SELL,12.553334961843573,0.012553334961843573,0.15,S3_TREND
2026-05-31 04:00:00+00:00,BTC,SELL,8.756967306160732,0.008756967306160731,0.15,S3_TREND
2026-05-31 04:00:00+00:00,ETH,BUY,9.417969690037353,0.009417969690037354,0.15,S3_TREND
2026-05-31 04:00:00+00:00,SOL,SELL,10.974932808647281,0.010974932808647283,0.15,S3_TREND
2026-05-31 05:00:00+00:00,BTC,SELL,4.8204270360547525,0.0048204270360547525,0.15,S3_TREND
2026-05-31 05:00:00+00:00,ETH,SELL,2.907827755270773,0.0029078277552707734,0.15,S3_TREND
2026-05-31 05:00:00+00:00,SOL,BUY,5.705715320504169,0.0057057153205041684,0.15,S3_TREND
2026-05-31 06:00:00+00:00,BTC,BUY,11.513597513219793,0.011513597513219793,0.15,S3_TREND
2026-05-31 06:00:00+00:00,ETH,BUY,14.072543245825727,0.014072543245825728,0.15,S3_TREND
2026-05-31 06:00:00+00:00,SOL,BUY,18.859517348666486,0.018859517348666487,0.15,S3_TREND
2026-05-31 07:00:00+00:00,BTC,SELL,1.9586703022196161,0.001958670302219616,0.15,S3_TREND
2026-05-31 07:00:00+00:00,SOL,BUY,9.888470475145368,0.009888470475145369,0.15,S3_TREND
2026-05-31 08:00:00+00:00,BTC,BUY,16.46571787720677,0.01646571787720677,0.15,S3_TREND
2026-05-31 08:00:00+00:00,ETH,BUY,22.234558721844223,0.022234558721844225,0.15,S3_TREND
2026-05-31 08:00:00+00:00,SOL,BUY,31.007954475906445,0.031007954475906447,0.15,S3_TREND
2026-05-31 09:00:00+00:00,BTC,SELL,3.7192188075459853,0.003719218807545985,0.15,S3_TREND
2026-05-31 09:00:00+00:00,ETH,SELL,16.438453804381425,0.016438453804381425,0.15,S3_TREND
2026-05-31 09:00:00+00:00,SOL,SELL,13.351725349330081,0.013351725349330082,0.15,S3_TREND
2026-05-31 10:00:00+00:00,BTC,BUY,7.566547884604006,0.007566547884604006,0.15,S3_TREND
2026-05-31 10:00:00+00:00,ETH,BUY,34.94318513400867,0.034943185134008674,0.15,S3_TREND
2026-05-31 10:00:00+00:00,SOL,SELL,2.331863577141121,0.002331863577141121,0.15,S3_TREND
2026-05-31 11:00:00+00:00,BTC,SELL,10.701667258745147,0.010701667258745147,0.15,S3_TREND
2026-05-31 11:00:00+00:00,ETH,BUY,1.1275294812876382,0.0011275294812876382,0.15,S3_TREND
2026-05-31 11:00:00+00:00,SOL,BUY,7.468742803244822,0.007468742803244823,0.15,S3_TREND
2026-05-31 12:00:00+00:00,BTC,SELL,2.526824510339793,0.002526824510339793,0.15,S3_TREND
2026-05-31 12:00:00+00:00,ETH,SELL,11.01710758270201,0.01101710758270201,0.15,S3_TREND
2026-05-31 12:00:00+00:00,SOL,SELL,3.888850079731128,0.003888850079731128,0.15,S3_TREND
2026-05-31 13:00:00+00:00,BTC,BUY,3.4632972062463523,0.003463297206246352,0.15,S3_TREND
2026-05-31 13:00:00+00:00,ETH,BUY,6.625141578680996,0.006625141578680996,0.15,S3_TREND
2026-05-31 13:00:00+00:00,SOL,SELL,10.307711852203283,0.010307711852203284,0.15,S3_TREND
2026-05-31 14:00:00+00:00,BTC,BUY,4.240226053014339,0.004240226053014339,0.15,S3_TREND
2026-05-31 14:00:00+00:00,ETH,BUY,8.188864576417473,0.008188864576417473,0.15,S3_TREND
2026-05-31 14:00:00+00:00,SOL,BUY,5.4685534150085005,0.005468553415008501,0.15,S3_TREND
2026-05-31 15:00:00+00:00,BTC,BUY,10.575589355888951,0.010575589355888952,0.15,S3_TREND
2026-05-31 15:00:00+00:00,ETH,BUY,46.20585032389863,0.04620585032389863,0.15,S3_TREND
2026-05-31 15:00:00+00:00,SOL,BUY,96.35425546582701,0.09635425546582702,0.15,S3_TREND
2026-05-31 16:00:00+00:00,BTC,SELL,8.2144630430721,0.008214463043072101,0.15,S3_TREND
2026-05-31 16:00:00+00:00,ETH,SELL,15.405029111920157,0.015405029111920158,0.15,S3_TREND
2026-05-31 16:00:00+00:00,SOL,BUY,15.954955611139667,0.015954955611139666,0.15,S3_TREND
2026-05-31 17:00:00+00:00,BTC,BUY,4.421897191499738,0.004421897191499738,0.15,S3_TREND
2026-05-31 17:00:00+00:00,ETH,BUY,39.20210455407141,0.039202104554071415,0.15,S3_TREND
2026-05-31 17:00:00+00:00,SOL,BUY,31.663640109225526,0.031663640109225524,0.15,S3_TREND
2026-05-31 18:00:00+00:00,BTC,SELL,18.403868376432,0.018403868376432,0.15,S3_TREND
2026-05-31 18:00:00+00:00,ETH,SELL,10.723845819447888,0.010723845819447889,0.15,S3_TREND
2026-05-31 18:00:00+00:00,SOL,SELL,33.515701566899224,0.033515701566899224,0.15,S3_TREND
2026-05-31 19:00:00+00:00,BTC,BUY,8.574541371357554,0.008574541371357554,0.15,S3_TREND
2026-05-31 19:00:00+00:00,ETH,BUY,25.845579297963923,0.025845579297963925,0.15,S3_TREND
2026-05-31 19:00:00+00:00,SOL,BUY,9.01688125405417,0.00901688125405417,0.15,S3_TREND
2026-05-31 20:00:00+00:00,BTC,BUY,1.2496490095909394,0.0012496490095909394,0.15,S3_TREND
2026-05-31 20:00:00+00:00,ETH,BUY,1.3590956844327593,0.0013590956844327594,0.15,S3_TREND
2026-05-31 20:00:00+00:00,SOL,BUY,21.320268064298944,0.021320268064298944,0.15,S3_TREND
2026-05-31 21:00:00+00:00,BTC,SELL,11.02460668878848,0.01102460668878848,0.15,S3_TREND
2026-05-31 21:00:00+00:00,ETH,SELL,30.370281734074524,0.030370281734074526,0.15,S3_TREND
2026-05-31 21:00:00+00:00,SOL,SELL,43.19822175221998,0.04319822175221998,0.15,S3_TREND
2026-05-31 22:00:00+00:00,BTC,SELL,10.833356142491539,0.010833356142491538,0.15,S3_TREND
2026-05-31 22:00:00+00:00,ETH,SELL,17.43378316401322,0.01743378316401322,0.15,S3_TREND
2026-05-31 22:00:00+00:00,SOL,SELL,40.403165136185635,0.04040316513618564,0.15,S3_TREND
2026-05-31 23:00:00+00:00,BTC,SELL,2.8352892459988652,0.0028352892459988653,0.15,S3_TREND
2026-05-31 23:00:00+00:00,ETH,BUY,5.45266258976153,0.005452662589761531,0.15,S3_TREND
2026-05-31 23:00:00+00:00,SOL,SELL,29.17952691493156,0.029179526914931562,0.15,S3_TREND
2026-06-01 00:00:00+00:00,BTC,BUY,36.76763218988708,0.03676763218988708,0.15,S3_TREND
2026-06-01 00:00:00+00:00,ETH,BUY,22.973917171801077,0.022973917171801077,0.15,S3_TREND
2026-06-01 00:00:00+00:00,SOL,SELL,3.2945889150996663,0.0032945889150996664,0.15,S3_TREND
2026-06-01 01:00:00+00:00,BTC,SELL,15.829831980518065,0.015829831980518065,0.15,S3_TREND
2026-06-01 01:00:00+00:00,ETH,SELL,34.889170388463754,0.03488917038846375,0.15,S3_TREND
2026-06-01 01:00:00+00:00,SOL,SELL,40.78716465984871,0.04078716465984871,0.15,S3_TREND
2026-06-01 02:00:00+00:00,BTC,BUY,47.56270276821306,0.04756270276821306,0.15,S3_TREND
2026-06-01 02:00:00+00:00,ETH,BUY,80.0898590204124,0.08008985902041241,0.15,S3_TREND
2026-06-01 02:00:00+00:00,SOL,BUY,117.62532747678597,0.11762532747678597,0.15,S3_TREND
2026-06-01 03:00:00+00:00,BTC,SELL,40.07304020356605,0.04007304020356605,0.15,S3_TREND
2026-06-01 03:00:00+00:00,ETH,SELL,63.18318600353814,0.06318318600353814,0.15,S3_TREND
2026-06-01 03:00:00+00:00,SOL,SELL,103.63826112500101,0.103638261125001,0.15,S3_TREND
2026-06-01 04:00:00+00:00,ETH,BUY,12.423744613053714,0.012423744613053714,0.15,S3_TREND
2026-06-01 04:00:00+00:00,SOL,BUY,4.165905335832576,0.004165905335832576,0.15,S3_TREND
2026-06-01 05:00:00+00:00,BTC,BUY,12.652159097604454,0.012652159097604454,0.15,S3_TREND
2026-06-01 05:00:00+00:00,ETH,BUY,32.69395747411727,0.03269395747411727,0.15,S3_TREND
2026-06-01 05:00:00+00:00,SOL,BUY,71.60882965132987,0.07160882965132988,0.15,S3_TREND
2026-06-01 06:00:00+00:00,BTC,BUY,19.3427225781561,0.0193427225781561,0.15,S3_TREND
2026-06-01 06:00:00+00:00,ETH,BUY,21.91113868452703,0.021911138684527032,0.15,S3_TREND
2026-06-01 06:00:00+00:00,SOL,BUY,19.77549537260711,0.019775495372607112,0.15,S3_TREND
2026-06-01 07:00:00+00:00,BTC,BUY,18.721727951768116,0.018721727951768116,0.15,S3_TREND
2026-06-01 07:00:00+00:00,ETH,BUY,23.38721906767205,0.02338721906767205,0.15,S3_TREND
2026-06-01 07:00:00+00:00,SOL,BUY,41.49597405814711,0.04149597405814711,0.15,S3_TREND
2026-06-01 08:00:00+00:00,BTC,BUY,21.366820574356097,0.0213668205743561,0.15,S3_TREND
2026-06-01 08:00:00+00:00,ETH,BUY,42.95387766719978,0.042953877667199776,0.15,S3_TREND
2026-06-01 08:00:00+00:00,SOL,BUY,83.45086063438794,0.08345086063438793,0.15,S3_TREND
2026-06-01 09:00:00+00:00,ETH,SELL,36.890975783768226,0.03689097578376823,0.15,S3_TREND
2026-06-01 09:00:00+00:00,SOL,SELL,26.716083661956873,0.026716083661956873,0.15,S3_TREND
2026-06-01 10:00:00+00:00,BTC,BUY,10.589029579681664,0.010589029579681665,0.15,S3_TREND
2026-06-01 10:00:00+00:00,ETH,SELL,19.989420225378126,0.019989420225378127,0.15,S3_TREND
2026-06-01 10:00:00+00:00,SOL,SELL,10.23369526139868,0.01023369526139868,0.15,S3_TREND
2026-06-01 11:00:00+00:00,BTC,BUY,18.952146746232756,0.018952146746232756,0.15,S3_TREND
2026-06-01 11:00:00+00:00,ETH,SELL,7072.379233549801,7.0723792335498015,0.075,S6_REVERSAL
2026-06-01 11:00:00+00:00,SOL,SELL,10.060410695905375,0.010060410695905376,0.15,S3_TREND
2026-06-01 12:00:00+00:00,BTC,BUY,34.492161742482494,0.03449216174248249,0.15,S3_TREND
2026-06-01 12:00:00+00:00,ETH,BUY,1.9435615274924203,0.0019435615274924203,0.075,S6_REVERSAL
2026-06-01 12:00:00+00:00,SOL,BUY,31.04091131083078,0.03104091131083078,0.15,S3_TREND
2026-06-01 13:00:00+00:00,BTC,BUY,47.21356501729133,0.047213565017291334,0.15,S3_TREND
2026-06-01 13:00:00+00:00,ETH,SELL,30.587886883412466,0.030587886883412466,0.075,S6_REVERSAL
2026-06-01 13:00:00+00:00,SOL,SELL,3.2309331809883592,0.0032309331809883594,0.15,S3_TREND
2026-06-01 14:00:00+00:00,BTC,BUY,49.39538761990843,0.049395387619908436,0.15,S3_TREND
2026-06-01 14:00:00+00:00,ETH,SELL,7011.7425462238025,7.011742546223803,0.0,CASH
2026-06-01 14:00:00+00:00,SOL,SELL,13982.260866583714,13.982260866583715,0.0,CASH
2026-06-01 15:00:00+00:00,BTC,SELL,7027.067205512171,7.0270672055121715,0.075,S6_REVERSAL
2026-06-01 15:00:00+00:00,SOL,BUY,7047.97939391142,7.04797939391142,0.075,S6_REVERSAL
2026-06-01 16:00:00+00:00,BTC,SELL,7004.816768531447,7.004816768531447,0.0,CASH
2026-06-01 16:00:00+00:00,SOL,BUY,3.886049196161366,0.003886049196161366,0.075,S6_REVERSAL
2026-06-01 17:00:00+00:00,BTC,BUY,7047.7395567660105,7.047739556766011,0.075,S6_REVERSAL
2026-06-01 17:00:00+00:00,SOL,SELL,65.17443253322563,0.06517443253322563,0.075,S6_REVERSAL
2026-06-01 18:00:00+00:00,BTC,SELL,4.583708748853496,0.004583708748853496,0.075,S6_REVERSAL
2026-06-01 18:00:00+00:00,SOL,SELL,42.09159596195332,0.04209159596195332,0.075,S6_REVERSAL
2026-06-01 19:00:00+00:00,BTC,BUY,13.019488953475957,0.013019488953475957,0.075,S6_REVERSAL
2026-06-01 19:00:00+00:00,SOL,BUY,3.744962622683488,0.0037449626226834882,0.075,S6_REVERSAL
2026-06-01 20:00:00+00:00,BTC,SELL,6.653817804050959,0.00665381780405096,0.075,S6_REVERSAL
2026-06-01 20:00:00+00:00,SOL,SELL,25.900002398499055,0.025900002398499055,0.075,S6_REVERSAL
2026-06-01 21:00:00+00:00,BTC,BUY,13.271291780923093,0.013271291780923093,0.075,S6_REVERSAL
2026-06-01 21:00:00+00:00,SOL,BUY,2.912431906929669,0.002912431906929669,0.075,S6_REVERSAL
2026-06-01 22:00:00+00:00,BTC,BUY,34.18025196270082,0.034180251962700824,0.075,S6_REVERSAL
2026-06-01 22:00:00+00:00,SOL,BUY,34.759365967956,0.034759365967956,0.075,S6_REVERSAL
2026-06-01 23:00:00+00:00,BTC,SELL,29.098589953187002,0.029098589953187003,0.075,S6_REVERSAL
2026-06-01 23:00:00+00:00,SOL,SELL,57.032260100158055,0.05703226010015806,0.075,S6_REVERSAL
2026-06-02 00:00:00+00:00,SOL,BUY,10.417757314659866,0.010417757314659866,0.075,S6_REVERSAL
2026-06-02 01:00:00+00:00,BTC,BUY,7.459219623768149,0.0074592196237681496,0.075,S6_REVERSAL
2026-06-02 01:00:00+00:00,SOL,BUY,30.411508101115032,0.030411508101115033,0.075,S6_REVERSAL
2026-06-02 02:00:00+00:00,BTC,BUY,53.135843592799574,0.053135843592799575,0.075,S6_REVERSAL
2026-06-02 02:00:00+00:00,SOL,BUY,58.14390035368706,0.05814390035368706,0.075,S6_REVERSAL
2026-06-02 03:00:00+00:00,BTC,SELL,13.471546568824122,0.013471546568824122,0.075,S6_REVERSAL
2026-06-02 03:00:00+00:00,SOL,SELL,53.011079339295065,0.05301107933929507,0.075,S6_REVERSAL
2026-06-02 04:00:00+00:00,BTC,SELL,8.950920711202343,0.008950920711202343,0.075,S6_REVERSAL
2026-06-02 04:00:00+00:00,SOL,SELL,10.49851155325814,0.010498511553258141,0.075,S6_REVERSAL
2026-06-02 05:00:00+00:00,BTC,BUY,10.063896655956341,0.010063896655956342,0.075,S6_REVERSAL
2026-06-02 05:00:00+00:00,SOL,BUY,37.5899077432714,0.037589907743271395,0.075,S6_REVERSAL
2026-06-02 06:00:00+00:00,BTC,SELL,6988.1603835302285,6.988160383530229,0.0,CASH
2026-06-02 06:00:00+00:00,SOL,BUY,61.55272029443222,0.06155272029443222,0.075,S6_REVERSAL
2026-06-02 07:00:00+00:00,SOL,BUY,1.922042218506249,0.001922042218506249,0.075,S6_REVERSAL
2026-06-02 08:00:00+00:00,SOL,SELL,5.720172593121787,0.005720172593121787,0.075,S6_REVERSAL
2026-06-02 09:00:00+00:00,BTC,BUY,7032.012728711005,7.032012728711005,0.075,S6_REVERSAL
2026-06-02 09:00:00+00:00,SOL,BUY,4.081984914465465,0.0040819849144654655,0.075,S6_REVERSAL
2026-06-02 10:00:00+00:00,BTC,BUY,32.98446104148297,0.032984461041482976,0.075,S6_REVERSAL
2026-06-02 10:00:00+00:00,SOL,BUY,38.14598761963407,0.03814598761963407,0.075,S6_REVERSAL
2026-06-02 11:00:00+00:00,BTC,SELL,19.043463426258313,0.019043463426258313,0.075,S6_REVERSAL
2026-06-02 11:00:00+00:00,SOL,SELL,24.574251665031625,0.024574251665031625,0.075,S6_REVERSAL
2026-06-02 12:00:00+00:00,BTC,BUY,14.456098576051772,0.014456098576051773,0.075,S6_REVERSAL
2026-06-02 12:00:00+00:00,SOL,BUY,39.483056321892036,0.039483056321892036,0.075,S6_REVERSAL
2026-06-02 13:00:00+00:00,BTC,BUY,42.478950707272816,0.04247895070727282,0.075,S6_REVERSAL
2026-06-02 13:00:00+00:00,SOL,SELL,6.71969619804986,0.00671969619804986,0.075,S6_REVERSAL
2026-06-02 14:00:00+00:00,BTC,BUY,18.729794805883103,0.018729794805883104,0.075,S6_REVERSAL
2026-06-02 15:00:00+00:00,BTC,SELL,6938.715120102571,6.938715120102571,0.0,CASH
2026-06-02 15:00:00+00:00,SOL,SELL,6885.006192406937,6.885006192406937,0.0,CASH
2026-06-02 16:00:00+00:00,BTC,BUY,7002.212115124864,7.002212115124864,0.075,S6_REVERSAL
2026-06-02 16:00:00+00:00,ETH,BUY,7002.212115124864,7.002212115124864,0.075,S6_REVERSAL
2026-06-02 16:00:00+00:00,SOL,BUY,7002.212115124864,7.002212115124864,0.075,S6_REVERSAL
2026-06-02 17:00:00+00:00,BTC,SELL,8.15658585077199,0.00815658585077199,0.075,S6_REVERSAL
2026-06-02 17:00:00+00:00,ETH,SELL,17.93753576841027,0.01793753576841027,0.075,S6_REVERSAL
2026-06-02 17:00:00+00:00,SOL,SELL,27.970661136181665,0.027970661136181664,0.075,S6_REVERSAL
2026-06-02 18:00:00+00:00,BTC,SELL,5.784286524500203,0.005784286524500203,0.075,S6_REVERSAL
2026-06-02 18:00:00+00:00,ETH,SELL,10.679860651363924,0.010679860651363924,0.075,S6_REVERSAL
2026-06-02 18:00:00+00:00,SOL,SELL,8.542593938759637,0.008542593938759637,0.075,S6_REVERSAL
2026-06-02 19:00:00+00:00,BTC,BUY,6.763384292226874,0.0067633842922268745,0.075,S6_REVERSAL
2026-06-02 19:00:00+00:00,ETH,BUY,31.469053329574308,0.03146905332957431,0.075,S6_REVERSAL
2026-06-02 19:00:00+00:00,SOL,BUY,53.16848891152313,0.05316848891152313,0.075,S6_REVERSAL
2026-06-02 20:00:00+00:00,BTC,SELL,1.99551168925791,0.00199551168925791,0.075,S6_REVERSAL
2026-06-02 20:00:00+00:00,ETH,SELL,1.749585547378956,0.001749585547378956,0.075,S6_REVERSAL
2026-06-02 20:00:00+00:00,SOL,BUY,53.10987880870289,0.05310987880870289,0.075,S6_REVERSAL
2026-06-02 21:00:00+00:00,BTC,SELL,28.34958660106895,0.02834958660106895,0.075,S6_REVERSAL
2026-06-02 21:00:00+00:00,ETH,BUY,20.204370545026904,0.020204370545026905,0.075,S6_REVERSAL
2026-06-02 21:00:00+00:00,SOL,BUY,8.31245017141373,0.00831245017141373,0.075,S6_REVERSAL
2026-06-02 22:00:00+00:00,BTC,BUY,1.8486431809878923,0.0018486431809878923,0.075,S6_REVERSAL
2026-06-02 22:00:00+00:00,ETH,BUY,23.071733623100954,0.023071733623100953,0.075,S6_REVERSAL
2026-06-02 22:00:00+00:00,SOL,SELL,20.80075063804452,0.02080075063804452,0.075,S6_REVERSAL
2026-06-02 23:00:00+00:00,BTC,BUY,90.61465498998314,0.09061465498998314,0.075,S6_REVERSAL
2026-06-02 23:00:00+00:00,ETH,SELL,6877.580901474199,6.877580901474199,0.0,CASH
2026-06-02 23:00:00+00:00,SOL,SELL,6810.74163393603,6.81074163393603,0.0,CASH
2026-06-03 00:00:00+00:00,BTC,SELL,37.47406095399583,0.03747406095399583,0.075,S6_REVERSAL
2026-06-03 00:00:00+00:00,ETH,BUY,6964.076534971676,6.964076534971676,0.075,S6_REVERSAL
2026-06-03 00:00:00+00:00,SOL,BUY,6964.076534971676,6.964076534971676,0.075,S6_REVERSAL
2026-06-03 01:00:00+00:00,BTC,SELL,11.671024358856812,0.011671024358856813,0.075,S6_REVERSAL
2026-06-03 01:00:00+00:00,ETH,SELL,21.31056344882927,0.02131056344882927,0.075,S6_REVERSAL
2026-06-03 01:00:00+00:00,SOL,SELL,51.35662872908415,0.05135662872908415,0.075,S6_REVERSAL
2026-06-03 02:00:00+00:00,ETH,BUY,8.926680445220882,0.008926680445220882,0.075,S6_REVERSAL
2026-06-03 02:00:00+00:00,SOL,BUY,7.675327515654317,0.007675327515654317,0.075,S6_REVERSAL
2026-06-03 03:00:00+00:00,BTC,BUY,23.833802935599124,0.023833802935599124,0.075,S6_REVERSAL
2026-06-03 03:00:00+00:00,ETH,BUY,31.339746498482782,0.031339746498482784,0.075,S6_REVERSAL
2026-06-03 03:00:00+00:00,SOL,BUY,24.053828515986424,0.024053828515986427,0.075,S6_REVERSAL
2026-06-03 04:00:00+00:00,BTC,SELL,6881.129914877626,6.881129914877627,0.0,CASH
2026-06-03 04:00:00+00:00,ETH,SELL,6864.543492832496,6.864543492832496,0.0,CASH
2026-06-03 04:00:00+00:00,SOL,SELL,6802.55569251388,6.80255569251388,0.0,CASH
2026-06-03 05:00:00+00:00,ETH,BUY,6934.812607629271,6.934812607629271,0.075,S6_REVERSAL
2026-06-03 06:00:00+00:00,ETH,SELL,78.8479283487477,0.07884792834874771,0.075,S6_REVERSAL
2026-06-03 07:00:00+00:00,ETH,BUY,5.374322430445318,0.005374322430445318,0.075,S6_REVERSAL
2026-06-03 08:00:00+00:00,ETH,SELL,22.361119229633914,0.022361119229633915,0.075,S6_REVERSAL
2026-06-03 09:00:00+00:00,ETH,SELL,5.539721791858028,0.005539721791858028,0.075,S6_REVERSAL
2026-06-03 10:00:00+00:00,ETH,BUY,12.740594872129805,0.012740594872129805,0.075,S6_REVERSAL
2026-06-03 11:00:00+00:00,ETH,SELL,29.123039665044416,0.029123039665044415,0.075,S6_REVERSAL
2026-06-03 12:00:00+00:00,ETH,BUY,22.55751004580725,0.02255751004580725,0.075,S6_REVERSAL
2026-06-03 13:00:00+00:00,ETH,BUY,6.015604556134349,0.006015604556134349,0.075,S6_REVERSAL
2026-06-03 14:00:00+00:00,ETH,BUY,30.009470281091126,0.030009470281091126,0.075,S6_REVERSAL
2026-06-03 15:00:00+00:00,ETH,BUY,31.375248251206358,0.031375248251206356,0.075,S6_REVERSAL
2026-06-03 16:00:00+00:00,ETH,BUY,73.49844800888059,0.07349844800888058,0.075,S6_REVERSAL
2026-06-03 17:00:00+00:00,ETH,BUY,15.836216171949673,0.015836216171949673,0.075,S6_REVERSAL
2026-06-03 18:00:00+00:00,ETH,BUY,15.946775992920266,0.015946775992920267,0.075,S6_REVERSAL
2026-06-03 19:00:00+00:00,ETH,SELL,14.478618937306239,0.01447861893730624,0.075,S6_REVERSAL
2026-06-03 20:00:00+00:00,BTC,BUY,13841.865166044166,13.841865166044167,0.15,S6_S8_REVERSAL
2026-06-03 20:00:00+00:00,ETH,SELL,6820.047892730958,6.820047892730958,0.0,CASH
2026-06-03 20:00:00+00:00,SOL,BUY,6920.932583022083,6.920932583022084,0.075,S6_REVERSAL
2026-06-03 21:00:00+00:00,BTC,BUY,66.48623522506932,0.06648623522506933,0.15,S6_S8_REVERSAL
2026-06-03 21:00:00+00:00,ETH,BUY,6906.100680853645,6.906100680853645,0.075,S6_REVERSAL
2026-06-03 21:00:00+00:00,SOL,BUY,59.19390820698845,0.05919390820698846,0.075,S6_REVERSAL
2026-06-03 22:00:00+00:00,BTC,SELL,75.55093152461268,0.07555093152461267,0.15,S6_S8_REVERSAL
2026-06-03 22:00:00+00:00,ETH,SELL,223.03806262957187,0.22303806262957188,0.075,S6_REVERSAL
2026-06-03 22:00:00+00:00,SOL,SELL,111.04414676537817,0.11104414676537817,0.075,S6_REVERSAL
2026-06-03 23:00:00+00:00,BTC,BUY,133.35343660323997,0.13335343660323998,0.15,S6_S8_REVERSAL
2026-06-03 23:00:00+00:00,ETH,BUY,55.455981217592125,0.055455981217592126,0.075,S6_REVERSAL
2026-06-03 23:00:00+00:00,SOL,BUY,32.550593614620084,0.03255059361462009,0.075,S6_REVERSAL
2026-06-04 00:00:00+00:00,BTC,SELL,13686.60358969083,13.686603589690831,0.0,CASH
2026-06-04 00:00:00+00:00,ETH,BUY,39.16971130764432,0.03916971130764432,0.075,S6_REVERSAL
2026-06-04 00:00:00+00:00,SOL,BUY,37.23322106600426,0.03723322106600426,0.075,S6_REVERSAL
2026-06-04 01:00:00+00:00,BTC,BUY,6891.553914740215,6.891553914740215,0.075,S6_REVERSAL
2026-06-04 01:00:00+00:00,ETH,BUY,60.417396063233355,0.060417396063233354,0.075,S6_REVERSAL
2026-06-04 01:00:00+00:00,SOL,SELL,6822.261316922599,6.8222613169225985,0.0,CASH
2026-06-04 02:00:00+00:00,BTC,SELL,6764.604369061424,6.764604369061424,0.0,CASH
2026-06-04 02:00:00+00:00,ETH,BUY,110.62397990045247,0.11062397990045247,0.075,S6_REVERSAL
2026-06-04 02:00:00+00:00,SOL,BUY,6871.174366777489,6.871174366777489,0.075,S6_REVERSAL
2026-06-04 03:00:00+00:00,BTC,BUY,6883.026669025437,6.883026669025437,0.075,S6_REVERSAL
2026-06-04 03:00:00+00:00,ETH,SELL,15.75328190734399,0.01575328190734399,0.075,S6_REVERSAL
2026-06-04 03:00:00+00:00,SOL,SELL,132.31921295181291,0.13231921295181293,0.075,S6_REVERSAL
2026-06-04 04:00:00+00:00,BTC,SELL,91.60372005176578,0.09160372005176577,0.075,S6_REVERSAL
2026-06-04 04:00:00+00:00,ETH,SELL,133.6533606063931,0.1336533606063931,0.075,S6_REVERSAL
2026-06-04 04:00:00+00:00,SOL,SELL,107.92465954238469,0.10792465954238468,0.075,S6_REVERSAL
2026-06-04 05:00:00+00:00,BTC,SELL,9.079439687863669,0.009079439687863669,0.075,S6_REVERSAL
2026-06-04 05:00:00+00:00,ETH,BUY,9.173591635540106,0.009173591635540107,0.075,S6_REVERSAL
2026-06-04 05:00:00+00:00,SOL,BUY,52.87441145273169,0.052874411452731696,0.075,S6_REVERSAL
2026-06-04 06:00:00+00:00,BTC,BUY,33.934836578521754,0.033934836578521754,0.075,S6_REVERSAL
2026-06-04 06:00:00+00:00,ETH,BUY,68.29241553429074,0.06829241553429075,0.075,S6_REVERSAL
2026-06-04 06:00:00+00:00,SOL,BUY,39.85047629924975,0.03985047629924975,0.075,S6_REVERSAL
2026-06-04 07:00:00+00:00,BTC,SELL,5.382035461622763,0.005382035461622764,0.075,S6_REVERSAL
2026-06-04 07:00:00+00:00,ETH,SELL,20.407228752336778,0.02040722875233678,0.075,S6_REVERSAL
2026-06-04 08:00:00+00:00,BTC,BUY,29.894071617116424,0.029894071617116425,0.075,S6_REVERSAL
2026-06-04 08:00:00+00:00,ETH,BUY,32.372884260908904,0.0323728842609089,0.075,S6_REVERSAL
2026-06-04 08:00:00+00:00,SOL,BUY,102.23906065788287,0.10223906065788288,0.075,S6_REVERSAL
2026-06-04 09:00:00+00:00,BTC,SELL,3.208116481791876,0.0032081164817918764,0.075,S6_REVERSAL
2026-06-04 09:00:00+00:00,ETH,BUY,14.448421241901997,0.014448421241901998,0.075,S6_REVERSAL
2026-06-04 09:00:00+00:00,SOL,SELL,8.264813042263086,0.008264813042263086,0.075,S6_REVERSAL
2026-06-04 10:00:00+00:00,BTC,BUY,31.60223497043262,0.031602234970432616,0.075,S6_REVERSAL
2026-06-04 10:00:00+00:00,ETH,BUY,19.590790374355493,0.01959079037435549,0.075,S6_REVERSAL
2026-06-04 10:00:00+00:00,SOL,BUY,29.011004352144482,0.029011004352144484,0.075,S6_REVERSAL
2026-06-04 11:00:00+00:00,BTC,BUY,69.01208088892963,0.06901208088892963,0.075,S6_REVERSAL
2026-06-04 11:00:00+00:00,ETH,SELL,6758.519240538657,6.758519240538657,0.0,CASH
2026-06-04 11:00:00+00:00,SOL,BUY,74.90735826634864,0.07490735826634864,0.075,S6_REVERSAL
2026-06-04 12:00:00+00:00,BTC,SELL,7.254242028982844,0.007254242028982844,0.075,S6_REVERSAL
2026-06-04 12:00:00+00:00,SOL,SELL,74.15912297316845,0.07415912297316846,0.075,S6_REVERSAL
2026-06-04 13:00:00+00:00,BTC,SELL,113.11563900622878,0.11311563900622877,0.075,S6_REVERSAL
2026-06-04 13:00:00+00:00,SOL,SELL,122.02680329613395,0.12202680329613395,0.075,S6_REVERSAL
2026-06-04 14:00:00+00:00,BTC,SELL,44.32102717755788,0.044321027177557884,0.075,S6_REVERSAL
2026-06-04 14:00:00+00:00,SOL,SELL,19.862732273087204,0.019862732273087203,0.075,S6_REVERSAL
2026-06-04 15:00:00+00:00,BTC,BUY,22.317280236432453,0.022317280236432452,0.075,S6_REVERSAL
2026-06-04 15:00:00+00:00,SOL,BUY,53.9133558995909,0.0539133558995909,0.075,S6_REVERSAL
2026-06-04 16:00:00+00:00,BTC,BUY,5.354381831363753,0.005354381831363753,0.075,S6_REVERSAL
2026-06-04 16:00:00+00:00,SOL,BUY,10.430979314164688,0.010430979314164687,0.075,S6_REVERSAL
2026-06-04 17:00:00+00:00,BTC,BUY,31.408369917397977,0.031408369917397976,0.075,S6_REVERSAL
2026-06-04 17:00:00+00:00,SOL,BUY,18.32040951844374,0.01832040951844374,0.075,S6_REVERSAL
2026-06-04 18:00:00+00:00,BTC,BUY,1.0632402120245388,0.0010632402120245388,0.075,S6_REVERSAL
2026-06-04 18:00:00+00:00,SOL,BUY,14.465654292558611,0.01446565429255861,0.075,S6_REVERSAL
2026-06-04 19:00:00+00:00,BTC,SELL,26.085539837423312,0.026085539837423313,0.075,S6_REVERSAL
2026-06-04 19:00:00+00:00,SOL,SELL,19.76612664426193,0.01976612664426193,0.075,S6_REVERSAL
2026-06-04 20:00:00+00:00,BTC,BUY,15.983697899262552,0.01598369789926255,0.075,S6_REVERSAL
2026-06-04 20:00:00+00:00,SOL,BUY,35.0622726634665,0.0350622726634665,0.075,S6_REVERSAL
2026-06-04 21:00:00+00:00,BTC,SELL,2.9927506402154904,0.0029927506402154906,0.075,S6_REVERSAL
2026-06-04 21:00:00+00:00,SOL,BUY,25.82246772288272,0.02582246772288272,0.075,S6_REVERSAL
2026-06-04 22:00:00+00:00,BTC,BUY,27.520091287343348,0.027520091287343347,0.075,S6_REVERSAL
2026-06-04 22:00:00+00:00,SOL,BUY,91.31672543768946,0.09131672543768946,0.075,S6_REVERSAL
2026-06-04 23:00:00+00:00,BTC,SELL,39.79750011259239,0.039797500112592386,0.075,S6_REVERSAL
2026-06-04 23:00:00+00:00,SOL,SELL,60.92102354954022,0.060921023549540224,0.075,S6_REVERSAL
2026-06-05 00:00:00+00:00,BTC,SELL,12.07912484060762,0.01207912484060762,0.075,S6_REVERSAL
2026-06-05 00:00:00+00:00,SOL,SELL,34.961991232046785,0.03496199123204678,0.075,S6_REVERSAL
2026-06-05 01:00:00+00:00,BTC,BUY,41.41690182394905,0.04141690182394905,0.075,S6_REVERSAL
2026-06-05 01:00:00+00:00,SOL,BUY,48.88993219126951,0.04888993219126951,0.075,S6_REVERSAL
2026-06-05 02:00:00+00:00,BTC,BUY,6.861190777373849,0.00686119077737385,0.075,S6_REVERSAL
2026-06-05 02:00:00+00:00,SOL,SELL,20.875734738029678,0.02087573473802968,0.075,S6_REVERSAL
2026-06-05 03:00:00+00:00,BTC,BUY,66.88875117452608,0.06688875117452608,0.075,S6_REVERSAL
2026-06-05 03:00:00+00:00,SOL,SELL,6744.420793317055,6.744420793317055,0.0,CASH
2026-06-05 04:00:00+00:00,BTC,SELL,11.86996001114403,0.01186996001114403,0.075,S6_REVERSAL
2026-06-05 04:00:00+00:00,ETH,BUY,6848.942130608589,6.848942130608589,0.075,S6_REVERSAL
2026-06-05 04:00:00+00:00,SOL,BUY,6848.942130608589,6.848942130608589,0.075,S6_REVERSAL
2026-06-05 05:00:00+00:00,BTC,SELL,79.49122020565846,0.07949122020565846,0.075,S6_REVERSAL
2026-06-05 05:00:00+00:00,ETH,SELL,41.918500140449396,0.0419185001404494,0.075,S6_REVERSAL
2026-06-05 05:00:00+00:00,SOL,SELL,69.60183306767794,0.06960183306767795,0.075,S6_REVERSAL
2026-06-05 06:00:00+00:00,BTC,BUY,97.55107415022667,0.09755107415022667,0.075,S6_REVERSAL
2026-06-05 06:00:00+00:00,ETH,SELL,6628.078914767201,6.628078914767201,0.0,CASH
2026-06-05 06:00:00+00:00,SOL,BUY,131.555268302458,0.13155526830245798,0.075,S6_REVERSAL
2026-06-05 07:00:00+00:00,BTC,SELL,6782.952071185246,6.782952071185246,0.0,CASH
2026-06-05 07:00:00+00:00,ETH,BUY,6812.012854473818,6.812012854473818,0.075,S6_REVERSAL
2026-06-05 07:00:00+00:00,SOL,SELL,6702.257797480508,6.702257797480509,0.0,CASH
2026-06-05 08:00:00+00:00,ETH,SELL,87.86911511223116,0.08786911511223115,0.075,S6_REVERSAL
2026-06-05 09:00:00+00:00,ETH,BUY,57.60158376662366,0.057601583766623665,0.075,S6_REVERSAL
2026-06-05 10:00:00+00:00,ETH,SELL,71.39764802264199,0.071397648022642,0.075,S6_REVERSAL
2026-06-05 11:00:00+00:00,ETH,BUY,21.996561702530926,0.021996561702530927,0.075,S6_REVERSAL
2026-06-05 12:00:00+00:00,ETH,BUY,50.49959430020499,0.05049959430020499,0.075,S6_REVERSAL
2026-06-05 13:00:00+00:00,ETH,BUY,23.294950720490306,0.023294950720490305,0.075,S6_REVERSAL
2026-06-05 14:00:00+00:00,ETH,SELL,6637.269958506443,6.637269958506443,0.0,CASH
2026-06-05 15:00:00+00:00,ETH,BUY,6797.304156314497,6.797304156314497,0.075,S6_REVERSAL
2026-06-05 16:00:00+00:00,ETH,BUY,68.88621277499988,0.06888621277499987,0.075,S6_REVERSAL
2026-06-05 17:00:00+00:00,ETH,SELL,99.94851211702735,0.09994851211702735,0.075,S6_REVERSAL
2026-06-05 18:00:00+00:00,ETH,BUY,55.5159539195638,0.0555159539195638,0.075,S6_REVERSAL
2026-06-05 19:00:00+00:00,ETH,SELL,6619.931031593485,6.619931031593485,0.0,CASH
2026-06-08 04:00:00+00:00,BTC,BUY,13562.288057854204,13.562288057854206,0.15,S3_TREND
2026-06-08 05:00:00+00:00,BTC,BUY,79.3184992975057,0.0793184992975057,0.15,S3_TREND
2026-06-08 06:00:00+00:00,BTC,SELL,14.592547324960833,0.014592547324960833,0.15,S3_TREND
2026-06-08 07:00:00+00:00,BTC,SELL,41.210866790896034,0.041210866790896035,0.15,S3_TREND
2026-06-08 07:00:00+00:00,ETH,BUY,13555.72841945077,13.555728419450771,0.15,S3_TREND
2026-06-08 08:00:00+00:00,BTC,SELL,47.6369540848591,0.0476369540848591,0.15,S3_TREND
2026-06-08 08:00:00+00:00,ETH,SELL,40.347483955449206,0.04034748395544921,0.15,S3_TREND
2026-06-08 09:00:00+00:00,BTC,BUY,12.590783551999266,0.012590783551999267,0.15,S3_TREND
2026-06-08 09:00:00+00:00,ETH,BUY,79.8447550966248,0.0798447550966248,0.15,S3_TREND
2026-06-08 10:00:00+00:00,BTC,SELL,55.228965053005595,0.0552289650530056,0.15,S3_TREND
2026-06-08 10:00:00+00:00,ETH,SELL,56.916170304102714,0.05691617030410272,0.15,S3_TREND
2026-06-08 10:00:00+00:00,SOL,BUY,13575.853421340596,13.575853421340597,0.15,S3_TREND
2026-06-08 11:00:00+00:00,BTC,BUY,54.508161216872395,0.054508161216872394,0.15,S3_TREND
2026-06-08 11:00:00+00:00,ETH,SELL,26.373690708247523,0.026373690708247525,0.15,S3_TREND
2026-06-08 11:00:00+00:00,SOL,BUY,16.752653098395967,0.016752653098395968,0.15,S3_TREND
2026-06-08 12:00:00+00:00,BTC,SELL,27.475050933551756,0.027475050933551758,0.15,S3_TREND
2026-06-08 12:00:00+00:00,ETH,SELL,53.942345975840006,0.05394234597584001,0.15,S3_TREND
2026-06-08 12:00:00+00:00,SOL,SELL,59.813594712046324,0.05981359471204632,0.15,S3_TREND
2026-06-08 13:00:00+00:00,BTC,SELL,39.70232291250068,0.03970232291250068,0.15,S3_TREND
2026-06-08 13:00:00+00:00,ETH,SELL,51.18891700438144,0.05118891700438144,0.15,S3_TREND
2026-06-08 13:00:00+00:00,SOL,SELL,71.87350989428705,0.07187350989428705,0.15,S3_TREND
2026-06-08 14:00:00+00:00,BTC,SELL,10.839823635775247,0.010839823635775247,0.15,S3_TREND
2026-06-08 14:00:00+00:00,ETH,BUY,77.53420819454732,0.07753420819454732,0.15,S3_TREND
2026-06-08 14:00:00+00:00,SOL,BUY,62.171458521967,0.062171458521966996,0.15,S3_TREND
2026-06-08 15:00:00+00:00,BTC,SELL,10.410190894726838,0.01041019089472684,0.15,S3_TREND
2026-06-08 15:00:00+00:00,ETH,SELL,44.5181686024971,0.0445181686024971,0.15,S3_TREND
2026-06-08 15:00:00+00:00,SOL,SELL,68.31304954236475,0.06831304954236475,0.15,S3_TREND
2026-06-08 16:00:00+00:00,BTC,BUY,32.03530556648366,0.03203530556648366,0.15,S3_TREND
2026-06-08 16:00:00+00:00,ETH,SELL,11.22003495237368,0.01122003495237368,0.15,S3_TREND
2026-06-08 16:00:00+00:00,SOL,BUY,9.850583385996288,0.009850583385996288,0.15,S3_TREND
2026-06-08 17:00:00+00:00,BTC,BUY,25.997601190174464,0.025997601190174465,0.15,S3_TREND
2026-06-08 17:00:00+00:00,ETH,BUY,45.81164113981504,0.04581164113981504,0.15,S3_TREND
2026-06-08 17:00:00+00:00,SOL,BUY,22.86165780722149,0.02286165780722149,0.15,S3_TREND
2026-06-08 18:00:00+00:00,BTC,BUY,14.806744619116216,0.014806744619116217,0.15,S3_TREND
2026-06-08 18:00:00+00:00,ETH,SELL,14.577241145840162,0.014577241145840162,0.15,S3_TREND
2026-06-08 18:00:00+00:00,SOL,SELL,68.73531417602499,0.06873531417602499,0.15,S3_TREND
2026-06-08 19:00:00+00:00,BTC,BUY,14.112988760047301,0.014112988760047301,0.15,S3_TREND
2026-06-08 19:00:00+00:00,ETH,BUY,13.24609668721132,0.013246096687211321,0.15,S3_TREND
2026-06-08 19:00:00+00:00,SOL,SELL,13.828011763251197,0.013828011763251198,0.15,S3_TREND
2026-06-08 20:00:00+00:00,BTC,BUY,18.286223555091055,0.018286223555091057,0.15,S3_TREND
2026-06-08 20:00:00+00:00,ETH,SELL,2.6308708027099783,0.0026308708027099783,0.15,S3_TREND
2026-06-08 20:00:00+00:00,SOL,SELL,8.125305430130538,0.008125305430130538,0.15,S3_TREND
2026-06-08 21:00:00+00:00,BTC,SELL,14.151064919458804,0.014151064919458804,0.15,S3_TREND
2026-06-08 21:00:00+00:00,ETH,SELL,29.616316527894014,0.029616316527894013,0.15,S3_TREND
2026-06-08 21:00:00+00:00,SOL,BUY,6.199886500493449,0.006199886500493449,0.15,S3_TREND
2026-06-08 22:00:00+00:00,BTC,SELL,27.740830838865804,0.027740830838865804,0.15,S3_TREND
2026-06-08 22:00:00+00:00,ETH,SELL,86.7863642884331,0.0867863642884331,0.15,S3_TREND
2026-06-08 22:00:00+00:00,SOL,BUY,24.53083454129046,0.02453083454129046,0.15,S3_TREND
2026-06-08 23:00:00+00:00,BTC,BUY,43.74526665695339,0.04374526665695339,0.15,S3_TREND
2026-06-08 23:00:00+00:00,ETH,SELL,15.762412720065184,0.015762412720065185,0.15,S3_TREND
2026-06-08 23:00:00+00:00,SOL,BUY,38.490671215702605,0.038490671215702606,0.15,S3_TREND
2026-06-09 00:00:00+00:00,BTC,BUY,37.808870856826616,0.03780887085682662,0.15,S3_TREND
2026-06-09 00:00:00+00:00,ETH,BUY,63.63675142165812,0.06363675142165812,0.15,S3_TREND
2026-06-09 00:00:00+00:00,SOL,BUY,38.82731846207571,0.03882731846207571,0.15,S3_TREND
2026-06-09 01:00:00+00:00,BTC,BUY,20.09992365053222,0.02009992365053222,0.15,S3_TREND
2026-06-09 01:00:00+00:00,ETH,BUY,126.1079066945731,0.1261079066945731,0.15,S3_TREND
2026-06-09 01:00:00+00:00,SOL,BUY,194.09185598139993,0.19409185598139994,0.15,S3_TREND
2026-06-09 02:00:00+00:00,BTC,SELL,12.149636140389703,0.012149636140389703,0.15,S3_TREND
2026-06-09 02:00:00+00:00,ETH,SELL,15.232461555637201,0.0152324615556372,0.15,S3_TREND
2026-06-09 02:00:00+00:00,SOL,SELL,88.29676327141351,0.08829676327141352,0.15,S3_TREND
2026-06-09 03:00:00+00:00,BTC,SELL,22.60989132235227,0.02260989132235227,0.15,S3_TREND
2026-06-09 03:00:00+00:00,ETH,BUY,8.98321059814225,0.00898321059814225,0.15,S3_TREND
2026-06-09 03:00:00+00:00,SOL,BUY,14.177485655796772,0.014177485655796773,0.15,S3_TREND
2026-06-09 04:00:00+00:00,BTC,BUY,3.348558971147213,0.003348558971147213,0.15,S3_TREND
2026-06-09 04:00:00+00:00,ETH,SELL,7.764257498800361,0.0077642574988003605,0.15,S3_TREND
2026-06-09 04:00:00+00:00,SOL,SELL,13.58457243032899,0.01358457243032899,0.15,S3_TREND
2026-06-09 05:00:00+00:00,BTC,SELL,15.555631130855543,0.015555631130855544,0.15,S3_TREND
2026-06-09 05:00:00+00:00,ETH,SELL,73.72010584796226,0.07372010584796226,0.15,S3_TREND
2026-06-09 05:00:00+00:00,SOL,SELL,143.6691905077023,0.1436691905077023,0.15,S3_TREND
2026-06-09 06:00:00+00:00,BTC,SELL,10.185740255767087,0.010185740255767087,0.15,S3_TREND
2026-06-09 06:00:00+00:00,ETH,SELL,4.710704377255752,0.004710704377255752,0.15,S3_TREND
2026-06-09 06:00:00+00:00,SOL,SELL,23.972527434658332,0.023972527434658334,0.15,S3_TREND
2026-06-09 07:00:00+00:00,ETH,BUY,10.28767325562876,0.01028767325562876,0.15,S3_TREND
2026-06-09 07:00:00+00:00,SOL,BUY,18.40448852353984,0.01840448852353984,0.15,S3_TREND
2026-06-09 08:00:00+00:00,BTC,BUY,6.639424724602577,0.006639424724602577,0.15,S3_TREND
2026-06-09 08:00:00+00:00,ETH,BUY,33.904576280681795,0.033904576280681796,0.15,S3_TREND
2026-06-09 08:00:00+00:00,SOL,BUY,16.896236384864096,0.016896236384864097,0.15,S3_TREND
2026-06-09 09:00:00+00:00,BTC,BUY,49.03337747934711,0.049033377479347114,0.15,S3_TREND
2026-06-09 09:00:00+00:00,ETH,BUY,11.098742626954845,0.011098742626954846,0.15,S3_TREND
2026-06-09 09:00:00+00:00,SOL,BUY,34.99184155779585,0.034991841557795854,0.15,S3_TREND
2026-06-09 10:00:00+00:00,BTC,BUY,6.123218560655005,0.006123218560655005,0.15,S3_TREND
2026-06-09 10:00:00+00:00,ETH,BUY,15.015011005401902,0.015015011005401903,0.15,S3_TREND
2026-06-09 10:00:00+00:00,SOL,BUY,62.668824955357195,0.0626688249553572,0.15,S3_TREND
2026-06-09 11:00:00+00:00,ETH,SELL,19.05440503187674,0.01905440503187674,0.15,S3_TREND
2026-06-09 11:00:00+00:00,SOL,SELL,32.72197085278094,0.03272197085278094,0.15,S3_TREND
2026-06-09 12:00:00+00:00,ETH,BUY,7.371781760390149,0.007371781760390149,0.15,S3_TREND
2026-06-09 12:00:00+00:00,SOL,BUY,46.272907508100616,0.04627290750810062,0.15,S3_TREND
2026-06-09 13:00:00+00:00,BTC,BUY,21.776426359736433,0.021776426359736433,0.15,S3_TREND
2026-06-09 13:00:00+00:00,ETH,SELL,32.77616285156728,0.03277616285156728,0.15,S3_TREND
2026-06-09 13:00:00+00:00,SOL,SELL,15.296585956601122,0.015296585956601123,0.15,S3_TREND
2026-06-09 14:00:00+00:00,BTC,BUY,44.89324409185792,0.04489324409185792,0.15,S3_TREND
2026-06-09 14:00:00+00:00,ETH,BUY,46.87341612230193,0.046873416122301934,0.15,S3_TREND
2026-06-09 14:00:00+00:00,SOL,BUY,38.198009813750105,0.03819800981375011,0.15,S3_TREND
2026-06-09 15:00:00+00:00,BTC,BUY,85.62755892723908,0.08562755892723908,0.15,S3_TREND
2026-06-09 15:00:00+00:00,ETH,BUY,95.57943019521554,0.09557943019521555,0.15,S3_TREND
2026-06-09 15:00:00+00:00,SOL,BUY,86.89826507578437,0.08689826507578437,0.15,S3_TREND
2026-06-09 16:00:00+00:00,BTC,BUY,41.22065109623327,0.04122065109623327,0.15,S3_TREND
2026-06-09 16:00:00+00:00,ETH,BUY,29.233494295222044,0.029233494295222043,0.15,S3_TREND
2026-06-09 16:00:00+00:00,SOL,BUY,106.55148496857146,0.10655148496857146,0.15,S3_TREND
2026-06-09 17:00:00+00:00,BTC,SELL,58.8725800141674,0.0588725800141674,0.15,S3_TREND
2026-06-09 17:00:00+00:00,ETH,BUY,31.513762676246188,0.03151376267624619,0.15,S3_TREND
2026-06-09 17:00:00+00:00,SOL,BUY,35.268426542115776,0.035268426542115774,0.15,S3_TREND
2026-06-09 18:00:00+00:00,BTC,SELL,22.33749934678781,0.02233749934678781,0.15,S3_TREND
2026-06-09 18:00:00+00:00,ETH,SELL,44.7625982001955,0.0447625982001955,0.15,S3_TREND
2026-06-09 18:00:00+00:00,SOL,SELL,92.25377668921828,0.09225377668921829,0.15,S3_TREND
2026-06-09 19:00:00+00:00,BTC,BUY,8.038467937372843,0.008038467937372843,0.15,S3_TREND
2026-06-09 19:00:00+00:00,ETH,SELL,45.737190005153025,0.04573719000515303,0.15,S3_TREND
2026-06-09 19:00:00+00:00,SOL,SELL,71.77184014003069,0.07177184014003068,0.15,S3_TREND
2026-06-09 20:00:00+00:00,BTC,SELL,46.50232139824948,0.04650232139824948,0.15,S3_TREND
2026-06-09 20:00:00+00:00,ETH,SELL,21.040968934017656,0.021040968934017655,0.15,S3_TREND
2026-06-09 20:00:00+00:00,SOL,SELL,6.616728397853876,0.006616728397853876,0.15,S3_TREND
2026-06-09 21:00:00+00:00,ETH,SELL,14.047134834578173,0.014047134834578173,0.15,S3_TREND
2026-06-09 21:00:00+00:00,SOL,SELL,30.807817957651423,0.030807817957651425,0.15,S3_TREND
2026-06-09 22:00:00+00:00,BTC,BUY,41.293890609025766,0.04129389060902577,0.15,S3_TREND
2026-06-09 22:00:00+00:00,ETH,BUY,39.137157434823166,0.03913715743482317,0.15,S3_TREND
2026-06-09 22:00:00+00:00,SOL,BUY,81.1108415092549,0.0811108415092549,0.15,S3_TREND
2026-06-09 23:00:00+00:00,BTC,SELL,8.572130630076572,0.008572130630076572,0.15,S3_TREND
2026-06-09 23:00:00+00:00,ETH,BUY,65.94647872949463,0.06594647872949463,0.15,S3_TREND
2026-06-09 23:00:00+00:00,SOL,BUY,8.803410455715493,0.008803410455715494,0.15,S3_TREND
2026-06-10 00:00:00+00:00,ETH,BUY,6.291691323163832,0.006291691323163832,0.15,S3_TREND
2026-06-10 00:00:00+00:00,SOL,SELL,14.284312181644054,0.014284312181644054,0.15,S3_TREND
2026-06-10 01:00:00+00:00,BTC,SELL,22.01143509965368,0.02201143509965368,0.15,S3_TREND
2026-06-10 01:00:00+00:00,ETH,SELL,30.57989912218909,0.03057989912218909,0.15,S3_TREND
2026-06-10 01:00:00+00:00,SOL,SELL,22.95303244138813,0.022953032441388133,0.15,S3_TREND
2026-06-10 02:00:00+00:00,BTC,BUY,27.855444121547407,0.027855444121547408,0.15,S3_TREND
2026-06-10 02:00:00+00:00,ETH,BUY,37.67640111732726,0.03767640111732726,0.15,S3_TREND
2026-06-10 02:00:00+00:00,SOL,SELL,1.0815198601503653,0.0010815198601503654,0.15,S3_TREND
2026-06-10 03:00:00+00:00,BTC,BUY,33.54129092776384,0.03354129092776384,0.15,S3_TREND
2026-06-10 03:00:00+00:00,ETH,BUY,65.09361599406839,0.06509361599406839,0.15,S3_TREND
2026-06-10 03:00:00+00:00,SOL,BUY,106.98927619696406,0.10698927619696406,0.15,S3_TREND
2026-06-10 04:00:00+00:00,BTC,SELL,31.19073010993452,0.03119073010993452,0.15,S3_TREND
2026-06-10 04:00:00+00:00,ETH,SELL,31.67330235166446,0.03167330235166446,0.15,S3_TREND
2026-06-10 04:00:00+00:00,SOL,SELL,20.910126175002006,0.020910126175002007,0.15,S3_TREND
2026-06-10 05:00:00+00:00,BTC,BUY,33.82107635561806,0.03382107635561806,0.15,S3_TREND
2026-06-10 05:00:00+00:00,ETH,BUY,18.28097681818872,0.01828097681818872,0.15,S3_TREND
2026-06-10 05:00:00+00:00,SOL,BUY,26.365867034663097,0.026365867034663096,0.15,S3_TREND
2026-06-10 06:00:00+00:00,BTC,SELL,14.622288197422677,0.014622288197422676,0.15,S3_TREND
2026-06-10 06:00:00+00:00,ETH,SELL,16.937375082963626,0.016937375082963627,0.15,S3_TREND
2026-06-10 06:00:00+00:00,SOL,BUY,32.91825339859497,0.03291825339859497,0.15,S3_TREND
2026-06-10 07:00:00+00:00,BTC,SELL,13.186939501993038,0.013186939501993039,0.15,S3_TREND
2026-06-10 07:00:00+00:00,ETH,SELL,22.361000644423257,0.022361000644423257,0.15,S3_TREND
2026-06-10 07:00:00+00:00,SOL,SELL,5.514807322289926,0.005514807322289926,0.15,S3_TREND
2026-06-10 08:00:00+00:00,BTC,SELL,20.818757490185817,0.020818757490185816,0.15,S3_TREND
2026-06-10 08:00:00+00:00,ETH,SELL,39.86499178955819,0.03986499178955819,0.15,S3_TREND
2026-06-10 08:00:00+00:00,SOL,SELL,34.53979171973515,0.03453979171973515,0.15,S3_TREND
2026-06-10 09:00:00+00:00,BTC,BUY,28.285069883235337,0.02828506988323534,0.15,S3_TREND
2026-06-10 09:00:00+00:00,ETH,BUY,89.03558761569366,0.08903558761569366,0.15,S3_TREND
2026-06-10 09:00:00+00:00,SOL,BUY,118.71227894380536,0.11871227894380536,0.15,S3_TREND
2026-06-10 10:00:00+00:00,BTC,SELL,6691.468277292826,6.6914682772928264,0.075,S6_REVERSAL
2026-06-10 10:00:00+00:00,ETH,SELL,13.250868553703185,0.013250868553703185,0.15,S3_TREND
2026-06-10 10:00:00+00:00,SOL,BUY,1.6625253572365182,0.0016625253572365181,0.15,S3_TREND
2026-06-10 11:00:00+00:00,BTC,SELL,2.211397667358142,0.0022113976673581418,0.075,S6_REVERSAL
2026-06-10 11:00:00+00:00,ETH,SELL,30.809634719737,0.030809634719737,0.15,S3_TREND
2026-06-10 11:00:00+00:00,SOL,SELL,1.680151933871457,0.0016801519338714571,0.15,S3_TREND
2026-06-10 12:00:00+00:00,BTC,BUY,27.593352810937176,0.027593352810937177,0.075,S6_REVERSAL
2026-06-10 12:00:00+00:00,ETH,BUY,45.596932765150996,0.045596932765151,0.15,S3_TREND
2026-06-10 12:00:00+00:00,SOL,BUY,16.303487555218453,0.016303487555218453,0.15,S3_TREND
2026-06-10 13:00:00+00:00,BTC,SELL,34.35691721390231,0.034356917213902306,0.075,S6_REVERSAL
2026-06-10 13:00:00+00:00,ETH,SELL,79.20209399671694,0.07920209399671695,0.15,S3_TREND
2026-06-10 13:00:00+00:00,SOL,SELL,83.13964680799836,0.08313964680799836,0.15,S3_TREND
2026-06-10 14:00:00+00:00,BTC,SELL,33.4969255625856,0.0334969255625856,0.075,S6_REVERSAL
2026-06-10 14:00:00+00:00,ETH,SELL,13529.566628058426,13.529566628058427,0.0,CASH
2026-06-10 14:00:00+00:00,SOL,SELL,6868.222201962341,6.868222201962341,0.075,S6_REVERSAL
2026-06-10 15:00:00+00:00,BTC,SELL,6.572418104523422,0.006572418104523422,0.075,S6_REVERSAL
2026-06-10 16:00:00+00:00,BTC,SELL,41.471133515105976,0.04147113351510598,0.075,S6_REVERSAL
2026-06-10 16:00:00+00:00,SOL,SELL,31.958038917857266,0.031958038917857264,0.075,S6_REVERSAL
2026-06-10 17:00:00+00:00,BTC,BUY,35.414436057753846,0.035414436057753844,0.075,S6_REVERSAL
2026-06-10 17:00:00+00:00,SOL,BUY,74.64628207796704,0.07464628207796704,0.075,S6_REVERSAL
2026-06-10 18:00:00+00:00,BTC,BUY,20.46524342957855,0.02046524342957855,0.075,S6_REVERSAL
2026-06-10 18:00:00+00:00,SOL,BUY,52.82519421162124,0.05282519421162124,0.075,S6_REVERSAL
2026-06-10 19:00:00+00:00,BTC,BUY,7.1652518701566805,0.00716525187015668,0.075,S6_REVERSAL
2026-06-10 19:00:00+00:00,SOL,BUY,19.648784167397025,0.019648784167397026,0.075,S6_REVERSAL
2026-06-10 20:00:00+00:00,BTC,SELL,8.278416986470802,0.008278416986470803,0.075,S6_REVERSAL
2026-06-10 20:00:00+00:00,SOL,BUY,27.729164293433314,0.027729164293433313,0.075,S6_REVERSAL
2026-06-10 21:00:00+00:00,BTC,BUY,11.823877278925465,0.011823877278925466,0.075,S6_REVERSAL
2026-06-10 21:00:00+00:00,SOL,BUY,22.328987024559865,0.022328987024559866,0.075,S6_REVERSAL
2026-06-10 22:00:00+00:00,BTC,BUY,39.393771150690554,0.03939377115069056,0.075,S6_REVERSAL
2026-06-10 22:00:00+00:00,SOL,SELL,6633.0660346963095,6.633066034696309,0.0,CASH
2026-06-10 23:00:00+00:00,BTC,SELL,3.053921334052575,0.003053921334052575,0.075,S6_REVERSAL
2026-06-11 00:00:00+00:00,BTC,SELL,13.077857710994067,0.013077857710994067,0.075,S6_REVERSAL
2026-06-11 01:00:00+00:00,BTC,SELL,30.332402878075303,0.030332402878075305,0.075,S6_REVERSAL
2026-06-11 02:00:00+00:00,BTC,SELL,39.526040573388855,0.039526040573388856,0.075,S6_REVERSAL
2026-06-11 03:00:00+00:00,BTC,BUY,5.781017683238133,0.005781017683238133,0.075,S6_REVERSAL
2026-06-11 04:00:00+00:00,BTC,SELL,54.04348772583944,0.054043487725839445,0.075,S6_REVERSAL
2026-06-11 05:00:00+00:00,BTC,SELL,3.7051385445229243,0.0037051385445229243,0.075,S6_REVERSAL
2026-06-11 06:00:00+00:00,BTC,BUY,11.562942170980023,0.011562942170980023,0.075,S6_REVERSAL
2026-06-11 07:00:00+00:00,BTC,SELL,16.060698271508954,0.016060698271508956,0.075,S6_REVERSAL
2026-06-11 08:00:00+00:00,BTC,BUY,5.202491025067502,0.005202491025067502,0.075,S6_REVERSAL
2026-06-11 09:00:00+00:00,BTC,SELL,23.615311631859186,0.023615311631859186,0.075,S6_REVERSAL
2026-06-11 10:00:00+00:00,BTC,BUY,3.007178007247603,0.0030071780072476032,0.075,S6_REVERSAL
2026-06-11 11:00:00+00:00,BTC,SELL,21.75705187243966,0.02175705187243966,0.075,S6_REVERSAL
2026-06-11 12:00:00+00:00,BTC,SELL,6709.7281867424135,6.709728186742414,0.0,CASH
2026-06-12 02:00:00+00:00,BTC,BUY,13426.312462912849,13.426312462912849,0.15,S3_TREND
2026-06-12 03:00:00+00:00,BTC,SELL,37.61517002820983,0.037615170028209834,0.15,S3_TREND
2026-06-12 04:00:00+00:00,BTC,BUY,17.804465702634843,0.017804465702634845,0.15,S3_TREND
2026-06-12 05:00:00+00:00,BTC,SELL,31.478547765629624,0.031478547765629625,0.15,S3_TREND
2026-06-12 06:00:00+00:00,BTC,BUY,61.26191795723935,0.06126191795723935,0.15,S3_TREND
2026-06-12 07:00:00+00:00,BTC,BUY,68.01004493977052,0.06801004493977053,0.15,S3_TREND
2026-06-12 07:00:00+00:00,ETH,BUY,13410.155312906345,13.410155312906346,0.15,S3_TREND
2026-06-12 08:00:00+00:00,BTC,SELL,18.01233440485339,0.018012334404853392,0.15,S3_TREND
2026-06-12 08:00:00+00:00,ETH,SELL,30.98447580512766,0.03098447580512766,0.15,S3_TREND
2026-06-12 08:00:00+00:00,SOL,BUY,13417.766451088946,13.417766451088946,0.15,S3_TREND
2026-06-12 09:00:00+00:00,BTC,SELL,36.872098142548566,0.03687209814254857,0.15,S3_TREND
2026-06-12 09:00:00+00:00,ETH,SELL,50.30240269225942,0.05030240269225942,0.15,S3_TREND
2026-06-12 09:00:00+00:00,SOL,SELL,79.58423133461292,0.07958423133461293,0.15,S3_TREND
2026-06-12 10:00:00+00:00,BTC,SELL,35.0348167084594,0.035034816708459406,0.15,S3_TREND
2026-06-12 10:00:00+00:00,ETH,SELL,28.531257039812775,0.028531257039812775,0.15,S3_TREND
2026-06-12 10:00:00+00:00,SOL,SELL,27.50227702932534,0.027502277029325343,0.15,S3_TREND
2026-06-12 11:00:00+00:00,BTC,SELL,8.993636878463803,0.008993636878463804,0.15,S3_TREND
2026-06-12 11:00:00+00:00,ETH,BUY,22.852453365147085,0.022852453365147084,0.15,S3_TREND
2026-06-12 11:00:00+00:00,SOL,BUY,58.517059447271095,0.0585170594472711,0.15,S3_TREND
2026-06-12 12:00:00+00:00,BTC,SELL,8.750596311929257,0.008750596311929258,0.15,S3_TREND
2026-06-12 12:00:00+00:00,ETH,BUY,12.575099439423866,0.012575099439423866,0.15,S3_TREND
2026-06-12 12:00:00+00:00,SOL,SELL,21.430497680910776,0.021430497680910775,0.15,S3_TREND
2026-06-12 13:00:00+00:00,BTC,BUY,40.56938621352492,0.040569386213524926,0.15,S3_TREND
2026-06-12 13:00:00+00:00,ETH,BUY,36.07953488118801,0.03607953488118801,0.15,S3_TREND
2026-06-12 13:00:00+00:00,SOL,BUY,7.287862398128709,0.00728786239812871,0.15,S3_TREND
2026-06-12 14:00:00+00:00,BTC,BUY,30.524075839846773,0.030524075839846773,0.15,S3_TREND
2026-06-12 14:00:00+00:00,ETH,BUY,52.6462637741497,0.0526462637741497,0.15,S3_TREND
2026-06-12 14:00:00+00:00,SOL,SELL,11.510960163566779,0.011510960163566779,0.15,S3_TREND
2026-06-12 15:00:00+00:00,BTC,SELL,68.86020482260756,0.06886020482260756,0.15,S3_TREND
2026-06-12 15:00:00+00:00,ETH,SELL,132.37005925086123,0.13237005925086123,0.15,S3_TREND
2026-06-12 15:00:00+00:00,SOL,SELL,146.61413227147386,0.14661413227147388,0.15,S3_TREND
2026-06-12 16:00:00+00:00,BTC,BUY,22.261732809838577,0.022261732809838577,0.15,S3_TREND
2026-06-12 16:00:00+00:00,ETH,BUY,141.39260448923233,0.14139260448923233,0.15,S3_TREND
2026-06-12 16:00:00+00:00,SOL,BUY,69.64447124380604,0.06964447124380604,0.15,S3_TREND
2026-06-12 17:00:00+00:00,BTC,SELL,31.680492418308855,0.03168049241830886,0.15,S3_TREND
2026-06-12 17:00:00+00:00,ETH,SELL,53.27101919633424,0.053271019196334236,0.15,S3_TREND
2026-06-12 17:00:00+00:00,SOL,SELL,101.32817822819015,0.10132817822819015,0.15,S3_TREND
2026-06-12 18:00:00+00:00,BTC,SELL,2.4250401658846386,0.0024250401658846388,0.15,S3_TREND
2026-06-12 18:00:00+00:00,ETH,BUY,5.731444534663751,0.005731444534663751,0.15,S3_TREND
2026-06-12 18:00:00+00:00,SOL,BUY,95.99810364563564,0.09599810364563564,0.15,S3_TREND
2026-06-12 19:00:00+00:00,BTC,BUY,18.44538645272587,0.018445386452725872,0.15,S3_TREND
2026-06-12 19:00:00+00:00,ETH,SELL,1.749299970377251,0.001749299970377251,0.15,S3_TREND
2026-06-12 19:00:00+00:00,SOL,BUY,48.26337404617516,0.04826337404617516,0.15,S3_TREND
2026-06-12 20:00:00+00:00,BTC,BUY,9.237078571261009,0.009237078571261008,0.15,S3_TREND
2026-06-12 20:00:00+00:00,ETH,SELL,5.30840542533042,0.005308405425330421,0.15,S3_TREND
2026-06-12 20:00:00+00:00,SOL,BUY,43.30711413554127,0.04330711413554127,0.15,S3_TREND
2026-06-12 21:00:00+00:00,BTC,BUY,20.991935226549685,0.020991935226549685,0.15,S3_TREND
2026-06-12 21:00:00+00:00,SOL,BUY,11.459962560973509,0.01145996256097351,0.15,S3_TREND
2026-06-12 22:00:00+00:00,BTC,SELL,8.679631378232443,0.008679631378232444,0.15,S3_TREND
2026-06-12 22:00:00+00:00,ETH,BUY,1.5587756174172682,0.0015587756174172682,0.15,S3_TREND
2026-06-12 22:00:00+00:00,SOL,BUY,20.376600729839993,0.020376600729839992,0.15,S3_TREND
2026-06-12 23:00:00+00:00,BTC,SELL,5.199508124607746,0.005199508124607746,0.15,S3_TREND
2026-06-12 23:00:00+00:00,ETH,BUY,13.913038352431613,0.013913038352431613,0.15,S3_TREND
2026-06-12 23:00:00+00:00,SOL,SELL,12.976604631865484,0.012976604631865485,0.15,S3_TREND
2026-06-13 00:00:00+00:00,BTC,SELL,3.657033419405707,0.003657033419405707,0.15,S3_TREND
2026-06-13 00:00:00+00:00,ETH,SELL,18.028030982603013,0.018028030982603013,0.15,S3_TREND
2026-06-13 00:00:00+00:00,SOL,SELL,25.46733895869147,0.025467338958691473,0.15,S3_TREND
2026-06-13 01:00:00+00:00,BTC,BUY,2.798658848145351,0.002798658848145351,0.15,S3_TREND
2026-06-13 01:00:00+00:00,ETH,SELL,1.443878928788763,0.0014438789287887631,0.15,S3_TREND
2026-06-13 01:00:00+00:00,SOL,SELL,27.187589872910394,0.027187589872910395,0.15,S3_TREND
2026-06-13 02:00:00+00:00,BTC,SELL,21.59232105816409,0.02159232105816409,0.15,S3_TREND
2026-06-13 02:00:00+00:00,ETH,SELL,24.2036055487024,0.0242036055487024,0.15,S3_TREND
2026-06-13 02:00:00+00:00,SOL,SELL,59.64337391248955,0.059643373912489556,0.15,S3_TREND
2026-06-13 03:00:00+00:00,BTC,BUY,13.09137515527982,0.01309137515527982,0.15,S3_TREND
2026-06-13 03:00:00+00:00,ETH,BUY,20.895464615932724,0.020895464615932724,0.15,S3_TREND
2026-06-13 03:00:00+00:00,SOL,BUY,66.55320094882882,0.06655320094882881,0.15,S3_TREND
2026-06-13 04:00:00+00:00,BTC,BUY,14.100496472647137,0.014100496472647137,0.15,S3_TREND
2026-06-13 04:00:00+00:00,ETH,BUY,12.422233580669854,0.012422233580669854,0.15,S3_TREND
2026-06-13 04:00:00+00:00,SOL,BUY,10.087710726580553,0.010087710726580554,0.15,S3_TREND
2026-06-13 05:00:00+00:00,BTC,SELL,3.3270329463048256,0.0033270329463048255,0.15,S3_TREND
2026-06-13 05:00:00+00:00,ETH,SELL,1.6627893165823477,0.0016627893165823478,0.15,S3_TREND
2026-06-13 05:00:00+00:00,SOL,BUY,32.670502756282076,0.032670502756282076,0.15,S3_TREND
2026-06-13 06:00:00+00:00,BTC,SELL,8.485621206435098,0.008485621206435099,0.15,S3_TREND
2026-06-13 06:00:00+00:00,ETH,BUY,1.1050320114809438,0.0011050320114809437,0.15,S3_TREND
2026-06-13 06:00:00+00:00,SOL,SELL,17.438178491111103,0.017438178491111102,0.15,S3_TREND
2026-06-13 07:00:00+00:00,BTC,SELL,10.71217996784435,0.01071217996784435,0.15,S3_TREND
2026-06-13 07:00:00+00:00,ETH,SELL,14.831583305916864,0.014831583305916864,0.15,S3_TREND
2026-06-13 07:00:00+00:00,SOL,SELL,53.075520857013544,0.053075520857013544,0.15,S3_TREND
2026-06-13 08:00:00+00:00,BTC,SELL,5.0809089051672345,0.005080908905167235,0.15,S3_TREND
2026-06-13 08:00:00+00:00,ETH,SELL,35.647550863615834,0.03564755086361583,0.15,S3_TREND
2026-06-13 08:00:00+00:00,SOL,SELL,25.96229828332252,0.025962298283322523,0.15,S3_TREND
2026-06-13 09:00:00+00:00,BTC,BUY,3.1853025981963583,0.0031853025981963584,0.15,S3_TREND
2026-06-13 09:00:00+00:00,ETH,BUY,9.300909868243252,0.009300909868243253,0.15,S3_TREND
2026-06-13 09:00:00+00:00,SOL,BUY,6.748194307458107,0.006748194307458107,0.15,S3_TREND
2026-06-13 10:00:00+00:00,BTC,BUY,11.74210800352921,0.011742108003529211,0.15,S3_TREND
2026-06-13 10:00:00+00:00,ETH,BUY,5.461172574779994,0.005461172574779994,0.15,S3_TREND
2026-06-13 10:00:00+00:00,SOL,SELL,11.55956206499468,0.01155956206499468,0.15,S3_TREND
2026-06-13 11:00:00+00:00,BTC,SELL,15.268294819987204,0.015268294819987205,0.15,S3_TREND
2026-06-13 11:00:00+00:00,ETH,BUY,1.910824353870339,0.001910824353870339,0.15,S3_TREND
2026-06-13 11:00:00+00:00,SOL,SELL,8.151043684332762,0.008151043684332763,0.15,S3_TREND
2026-06-13 12:00:00+00:00,BTC,SELL,3.9354202211434313,0.003935420221143431,0.15,S3_TREND
2026-06-13 12:00:00+00:00,ETH,SELL,10.189988967309546,0.010189988967309545,0.15,S3_TREND
2026-06-13 12:00:00+00:00,SOL,SELL,70.83937555752527,0.07083937555752527,0.15,S3_TREND
2026-06-13 13:00:00+00:00,BTC,SELL,24.334805461514406,0.024334805461514408,0.15,S3_TREND
2026-06-13 13:00:00+00:00,ETH,SELL,7.782578695316261,0.00778257869531626,0.15,S3_TREND
2026-06-13 13:00:00+00:00,SOL,SELL,4.079085464514719,0.004079085464514719,0.15,S3_TREND
2026-06-13 14:00:00+00:00,BTC,BUY,3.6384739403638378,0.0036384739403638377,0.15,S3_TREND
2026-06-13 14:00:00+00:00,ETH,BUY,17.321142619881357,0.017321142619881356,0.15,S3_TREND
2026-06-13 14:00:00+00:00,SOL,SELL,10.75045999154463,0.010750459991544632,0.15,S3_TREND
2026-06-13 15:00:00+00:00,BTC,SELL,10.802298740170954,0.010802298740170954,0.15,S3_TREND
2026-06-13 15:00:00+00:00,ETH,SELL,1.633578527100326,0.001633578527100326,0.15,S3_TREND
2026-06-13 15:00:00+00:00,SOL,SELL,39.50509640602468,0.039505096406024676,0.15,S3_TREND
2026-06-13 16:00:00+00:00,BTC,SELL,1.6507340579537413,0.0016507340579537413,0.15,S3_TREND
2026-06-13 16:00:00+00:00,ETH,SELL,3.2060607222647377,0.0032060607222647378,0.15,S3_TREND
2026-06-13 16:00:00+00:00,SOL,SELL,47.239006976282326,0.047239006976282326,0.15,S3_TREND
2026-06-13 17:00:00+00:00,BTC,BUY,26.176378213465796,0.026176378213465797,0.15,S3_TREND
2026-06-13 17:00:00+00:00,ETH,BUY,13.412821914285814,0.013412821914285814,0.15,S3_TREND
2026-06-13 17:00:00+00:00,SOL,BUY,70.63916131751284,0.07063916131751284,0.15,S3_TREND
2026-06-13 18:00:00+00:00,BTC,BUY,4.767328490497675,0.004767328490497676,0.15,S3_TREND
2026-06-13 18:00:00+00:00,ETH,BUY,12.118939038660756,0.012118939038660756,0.15,S3_TREND
2026-06-13 18:00:00+00:00,SOL,BUY,10.396030385596532,0.010396030385596533,0.15,S3_TREND
2026-06-13 19:00:00+00:00,BTC,SELL,25.17532038322497,0.02517532038322497,0.15,S3_TREND
2026-06-13 19:00:00+00:00,ETH,SELL,19.045841863504393,0.019045841863504394,0.15,S3_TREND
2026-06-13 19:00:00+00:00,SOL,SELL,10.822807245456715,0.010822807245456716,0.15,S3_TREND
2026-06-13 20:00:00+00:00,BTC,SELL,21.22240619810691,0.021222406198106912,0.15,S3_TREND
2026-06-13 20:00:00+00:00,ETH,BUY,9.115086062825867,0.009115086062825867,0.15,S3_TREND
2026-06-13 20:00:00+00:00,SOL,SELL,14.574575773513061,0.014574575773513062,0.15,S3_TREND
2026-06-13 21:00:00+00:00,BTC,BUY,2.312513056473108,0.002312513056473108,0.15,S3_TREND
2026-06-13 21:00:00+00:00,ETH,BUY,12.736604751318737,0.012736604751318737,0.15,S3_TREND
2026-06-13 21:00:00+00:00,SOL,SELL,9.46670665430429,0.00946670665430429,0.15,S3_TREND
2026-06-13 22:00:00+00:00,BTC,BUY,6.936194168416478,0.0069361941684164775,0.15,S3_TREND
2026-06-13 22:00:00+00:00,ETH,SELL,32.47321732683122,0.03247321732683122,0.15,S3_TREND
2026-06-13 22:00:00+00:00,SOL,SELL,148.6739119449012,0.1486739119449012,0.15,S3_TREND
2026-06-13 23:00:00+00:00,BTC,SELL,14.118040114815813,0.014118040114815813,0.15,S3_TREND
2026-06-13 23:00:00+00:00,ETH,BUY,21.618310953119362,0.021618310953119363,0.15,S3_TREND
2026-06-13 23:00:00+00:00,SOL,BUY,55.336743533813205,0.05533674353381321,0.15,S3_TREND
2026-06-14 00:00:00+00:00,ETH,BUY,4.163587096601987,0.004163587096601987,0.15,S3_TREND
2026-06-14 00:00:00+00:00,SOL,SELL,7.176684099566046,0.007176684099566046,0.15,S3_TREND
2026-06-14 01:00:00+00:00,BTC,SELL,23.513638848160554,0.023513638848160556,0.15,S3_TREND
2026-06-14 01:00:00+00:00,ETH,SELL,7.099519282854089,0.007099519282854089,0.15,S3_TREND
2026-06-14 01:00:00+00:00,SOL,BUY,36.003341518629895,0.0360033415186299,0.15,S3_TREND
2026-06-14 02:00:00+00:00,BTC,BUY,4.935275426027147,0.004935275426027147,0.15,S3_TREND
2026-06-14 02:00:00+00:00,ETH,SELL,12.256557666407389,0.012256557666407389,0.15,S3_TREND
2026-06-14 02:00:00+00:00,SOL,SELL,9.293482611497893,0.009293482611497893,0.15,S3_TREND
2026-06-14 03:00:00+00:00,BTC,BUY,11.489941619054662,0.011489941619054662,0.15,S3_TREND
2026-06-14 03:00:00+00:00,ETH,BUY,8.398572002652145,0.008398572002652146,0.15,S3_TREND
2026-06-14 03:00:00+00:00,SOL,SELL,5.816160717709863,0.005816160717709863,0.15,S3_TREND
2026-06-14 04:00:00+00:00,BTC,SELL,7.2102829594077775,0.007210282959407777,0.15,S3_TREND
2026-06-14 04:00:00+00:00,ETH,BUY,10.21915227774116,0.010219152277741159,0.15,S3_TREND
2026-06-14 04:00:00+00:00,SOL,SELL,19.226230022333766,0.019226230022333767,0.15,S3_TREND
2026-06-14 05:00:00+00:00,BTC,BUY,19.855293137012268,0.01985529313701227,0.15,S3_TREND
2026-06-14 05:00:00+00:00,ETH,BUY,7.0836754713545815,0.0070836754713545814,0.15,S3_TREND
2026-06-14 05:00:00+00:00,SOL,BUY,59.14336545313563,0.05914336545313563,0.15,S3_TREND
2026-06-14 06:00:00+00:00,BTC,SELL,7.902870470388734,0.007902870470388734,0.15,S3_TREND
2026-06-14 06:00:00+00:00,ETH,SELL,9.580742222258777,0.009580742222258777,0.15,S3_TREND
2026-06-14 06:00:00+00:00,SOL,BUY,47.200479474047825,0.047200479474047825,0.15,S3_TREND
2026-06-14 07:00:00+00:00,BTC,BUY,5.689934349662508,0.005689934349662508,0.15,S3_TREND
2026-06-14 07:00:00+00:00,ETH,BUY,8.724588513383424,0.008724588513383424,0.15,S3_TREND
2026-06-14 07:00:00+00:00,SOL,BUY,4.687417316750725,0.004687417316750726,0.15,S3_TREND
2026-06-14 08:00:00+00:00,BTC,SELL,25.334114996097924,0.025334114996097924,0.15,S3_TREND
2026-06-14 08:00:00+00:00,ETH,BUY,8.773933389285958,0.008773933389285957,0.15,S3_TREND
2026-06-14 08:00:00+00:00,SOL,SELL,1.1311657165497309,0.001131165716549731,0.15,S3_TREND
2026-06-14 09:00:00+00:00,BTC,SELL,4.619806642454932,0.004619806642454933,0.15,S3_TREND
2026-06-14 09:00:00+00:00,ETH,BUY,3.7036102199908782,0.0037036102199908784,0.15,S3_TREND
2026-06-14 09:00:00+00:00,SOL,SELL,2.928084791332367,0.002928084791332367,0.15,S3_TREND
2026-06-14 10:00:00+00:00,BTC,SELL,18.144209349056837,0.018144209349056837,0.15,S3_TREND
2026-06-14 10:00:00+00:00,ETH,SELL,8.041804944619798,0.008041804944619799,0.15,S3_TREND
2026-06-14 10:00:00+00:00,SOL,SELL,30.227274556731572,0.030227274556731572,0.15,S3_TREND
2026-06-14 11:00:00+00:00,ETH,BUY,24.21989574078907,0.02421989574078907,0.15,S3_TREND
2026-06-14 11:00:00+00:00,SOL,BUY,44.34761022396924,0.04434761022396924,0.15,S3_TREND
2026-06-14 12:00:00+00:00,BTC,SELL,4.2803215542880935,0.004280321554288094,0.15,S3_TREND
2026-06-14 12:00:00+00:00,ETH,SELL,4.840913443324098,0.004840913443324098,0.15,S3_TREND
2026-06-14 12:00:00+00:00,SOL,BUY,9.936881971780167,0.009936881971780167,0.15,S3_TREND
2026-06-14 13:00:00+00:00,BTC,BUY,20.809064977176604,0.020809064977176606,0.15,S3_TREND
2026-06-14 13:00:00+00:00,ETH,BUY,30.226203691338014,0.030226203691338015,0.15,S3_TREND
2026-06-14 13:00:00+00:00,SOL,BUY,40.568955715049015,0.04056895571504902,0.15,S3_TREND
2026-06-14 14:00:00+00:00,ETH,BUY,1.9350862336505088,0.0019350862336505088,0.15,S3_TREND
2026-06-14 15:00:00+00:00,BTC,BUY,37.4501644516331,0.0374501644516331,0.15,S3_TREND
2026-06-14 15:00:00+00:00,ETH,BUY,21.15404810840846,0.02115404810840846,0.15,S3_TREND
2026-06-14 15:00:00+00:00,SOL,BUY,66.85217074266438,0.06685217074266439,0.15,S3_TREND
2026-06-14 16:00:00+00:00,BTC,BUY,1.244105036073961,0.001244105036073961,0.15,S3_TREND
2026-06-14 16:00:00+00:00,ETH,SELL,15.909125837557438,0.01590912583755744,0.15,S3_TREND
2026-06-14 16:00:00+00:00,SOL,SELL,22.058699719360447,0.022058699719360447,0.15,S3_TREND
2026-06-14 17:00:00+00:00,BTC,BUY,14.324949503692551,0.014324949503692551,0.15,S3_TREND
2026-06-14 17:00:00+00:00,ETH,BUY,9.77725148378704,0.00977725148378704,0.15,S3_TREND
2026-06-14 17:00:00+00:00,SOL,SELL,13.02728339479836,0.01302728339479836,0.15,S3_TREND
2026-06-14 18:00:00+00:00,BTC,BUY,34.2967755859172,0.034296775585917205,0.15,S3_TREND
2026-06-14 18:00:00+00:00,ETH,SELL,15.803640072826967,0.015803640072826967,0.15,S3_TREND
2026-06-14 18:00:00+00:00,SOL,BUY,17.999538744565143,0.017999538744565145,0.15,S3_TREND
2026-06-14 19:00:00+00:00,BTC,SELL,11.82090152292949,0.01182090152292949,0.15,S3_TREND
2026-06-14 19:00:00+00:00,ETH,BUY,5.3839130942797055,0.005383913094279705,0.15,S3_TREND
2026-06-14 19:00:00+00:00,SOL,SELL,12.777910242843063,0.012777910242843063,0.15,S3_TREND
2026-06-14 20:00:00+00:00,BTC,BUY,10.318864156246491,0.010318864156246492,0.15,S3_TREND
2026-06-14 20:00:00+00:00,ETH,SELL,19.386882401749972,0.01938688240174997,0.15,S3_TREND
2026-06-14 20:00:00+00:00,SOL,SELL,20.04214531606158,0.02004214531606158,0.15,S3_TREND
2026-06-14 21:00:00+00:00,BTC,SELL,24.119164709587494,0.024119164709587495,0.15,S3_TREND
2026-06-14 21:00:00+00:00,ETH,SELL,21.25176256209852,0.02125176256209852,0.15,S3_TREND
2026-06-14 21:00:00+00:00,SOL,SELL,26.3428554781367,0.0263428554781367,0.15,S3_TREND
2026-06-14 22:00:00+00:00,BTC,SELL,104.68208888980735,0.10468208888980735,0.15,S3_TREND
2026-06-14 22:00:00+00:00,ETH,SELL,219.41136004760116,0.21941136004760117,0.15,S3_TREND
2026-06-14 22:00:00+00:00,SOL,SELL,299.79721021796286,0.29979721021796285,0.15,S3_TREND
2026-06-14 23:00:00+00:00,BTC,SELL,7.410997592447529,0.007410997592447529,0.15,S3_TREND
2026-06-14 23:00:00+00:00,ETH,SELL,14.639462210298005,0.014639462210298005,0.15,S3_TREND
2026-06-14 23:00:00+00:00,SOL,SELL,39.806484307770006,0.03980648430777001,0.15,S3_TREND
2026-06-15 00:00:00+00:00,BTC,SELL,28.78596225846195,0.02878596225846195,0.15,S3_TREND
2026-06-15 00:00:00+00:00,ETH,BUY,14.172911978652337,0.014172911978652338,0.15,S3_TREND
2026-06-15 00:00:00+00:00,SOL,SELL,125.10975677739589,0.1251097567773959,0.15,S3_TREND
2026-06-15 01:00:00+00:00,BTC,BUY,11.000991749120658,0.011000991749120658,0.15,S3_TREND
2026-06-15 01:00:00+00:00,ETH,BUY,24.034051080365316,0.024034051080365316,0.15,S3_TREND
2026-06-15 01:00:00+00:00,SOL,BUY,16.660211059559515,0.016660211059559515,0.15,S3_TREND
2026-06-15 02:00:00+00:00,BTC,BUY,8.156554441862681,0.008156554441862682,0.15,S3_TREND
2026-06-15 02:00:00+00:00,ETH,BUY,27.134860298465355,0.027134860298465357,0.15,S3_TREND
2026-06-15 02:00:00+00:00,SOL,BUY,12.115935176343555,0.012115935176343556,0.15,S3_TREND
2026-06-15 03:00:00+00:00,BTC,BUY,10.005626770182062,0.010005626770182062,0.15,S3_TREND
2026-06-15 03:00:00+00:00,ETH,SELL,8.89828955466146,0.00889828955466146,0.15,S3_TREND
2026-06-15 03:00:00+00:00,SOL,BUY,2.784383830752631,0.0027843838307526313,0.15,S3_TREND
2026-06-15 04:00:00+00:00,BTC,SELL,68.61924235339393,0.06861924235339394,0.15,S3_TREND
2026-06-15 04:00:00+00:00,ETH,SELL,5.322481677512769,0.005322481677512769,0.15,S3_TREND
2026-06-15 04:00:00+00:00,SOL,SELL,23.581784239071567,0.023581784239071566,0.15,S3_TREND
2026-06-15 05:00:00+00:00,BTC,BUY,36.370414453756894,0.0363704144537569,0.15,S3_TREND
2026-06-15 05:00:00+00:00,ETH,BUY,7.184316860881154,0.007184316860881154,0.15,S3_TREND
2026-06-15 05:00:00+00:00,SOL,BUY,39.081846280672835,0.039081846280672836,0.15,S3_TREND
2026-06-15 06:00:00+00:00,BTC,SELL,24.952194077870445,0.024952194077870447,0.15,S3_TREND
2026-06-15 06:00:00+00:00,ETH,SELL,9.171829409329803,0.009171829409329802,0.15,S3_TREND
2026-06-15 06:00:00+00:00,SOL,SELL,38.24396911576514,0.03824396911576514,0.15,S3_TREND
2026-06-15 07:00:00+00:00,BTC,BUY,11.162646633809345,0.011162646633809345,0.15,S3_TREND
2026-06-15 07:00:00+00:00,ETH,BUY,8.359071119322834,0.008359071119322834,0.15,S3_TREND
2026-06-15 07:00:00+00:00,SOL,SELL,25.390988746559742,0.025390988746559744,0.15,S3_TREND
2026-06-15 08:00:00+00:00,BTC,BUY,18.157296891837177,0.018157296891837177,0.15,S3_TREND
2026-06-15 08:00:00+00:00,ETH,BUY,15.231683764206537,0.015231683764206538,0.15,S3_TREND
2026-06-15 08:00:00+00:00,SOL,BUY,4.923089359448568,0.0049230893594485675,0.15,S3_TREND
2026-06-15 09:00:00+00:00,BTC,BUY,7.329115836557321,0.0073291158365573214,0.15,S3_TREND
2026-06-15 09:00:00+00:00,ETH,SELL,25.289899617479023,0.025289899617479024,0.15,S3_TREND
2026-06-15 10:00:00+00:00,BTC,BUY,7.508635430633149,0.0075086354306331485,0.15,S3_TREND
2026-06-15 10:00:00+00:00,ETH,BUY,7.455425400252352,0.007455425400252352,0.15,S3_TREND
2026-06-15 10:00:00+00:00,SOL,BUY,8.18435316744035,0.00818435316744035,0.15,S3_TREND
2026-06-15 11:00:00+00:00,BTC,SELL,15.299022978531866,0.015299022978531866,0.15,S3_TREND
2026-06-15 11:00:00+00:00,ETH,SELL,100.83949985643812,0.10083949985643813,0.15,S3_TREND
2026-06-15 11:00:00+00:00,SOL,SELL,73.4229862943157,0.0734229862943157,0.15,S3_TREND
2026-06-15 12:00:00+00:00,BTC,SELL,3.278978836555325,0.003278978836555325,0.15,S3_TREND
2026-06-15 12:00:00+00:00,ETH,SELL,150.23168643489225,0.15023168643489226,0.15,S3_TREND
2026-06-15 12:00:00+00:00,SOL,SELL,76.96350494996477,0.07696350494996478,0.15,S3_TREND
2026-06-15 13:00:00+00:00,BTC,SELL,36.603052848327934,0.03660305284832793,0.15,S3_TREND
2026-06-15 13:00:00+00:00,ETH,SELL,68.16591628190872,0.06816591628190873,0.15,S3_TREND
2026-06-15 13:00:00+00:00,SOL,SELL,13.503573143492758,0.013503573143492759,0.15,S3_TREND
2026-06-15 14:00:00+00:00,BTC,BUY,85.68630438717446,0.08568630438717446,0.15,S3_TREND
2026-06-15 14:00:00+00:00,ETH,SELL,224.19922061927537,0.22419922061927536,0.15,S3_TREND
2026-06-15 14:00:00+00:00,SOL,SELL,86.92061232702872,0.08692061232702872,0.15,S3_TREND
2026-06-15 15:00:00+00:00,BTC,SELL,20.185554942792805,0.020185554942792807,0.15,S3_TREND
2026-06-15 15:00:00+00:00,ETH,BUY,6.779890065623476,0.0067798900656234765,0.15,S3_TREND
2026-06-15 15:00:00+00:00,SOL,SELL,23.94772423730683,0.02394772423730683,0.15,S3_TREND
2026-06-15 16:00:00+00:00,BTC,SELL,48.13844622028773,0.048138446220287734,0.15,S3_TREND
2026-06-15 16:00:00+00:00,ETH,SELL,139.40213594612032,0.13940213594612033,0.15,S3_TREND
2026-06-15 16:00:00+00:00,SOL,SELL,173.33924388408377,0.17333924388408378,0.15,S3_TREND
2026-06-15 17:00:00+00:00,BTC,BUY,26.811423973505953,0.026811423973505954,0.15,S3_TREND
2026-06-15 17:00:00+00:00,ETH,BUY,19.217183414781175,0.019217183414781177,0.15,S3_TREND
2026-06-15 17:00:00+00:00,SOL,SELL,42.16286510066312,0.04216286510066312,0.15,S3_TREND
2026-06-15 18:00:00+00:00,BTC,BUY,33.453094248268826,0.033453094248268825,0.15,S3_TREND
2026-06-15 18:00:00+00:00,ETH,BUY,73.4702785699319,0.07347027856993191,0.15,S3_TREND
2026-06-15 18:00:00+00:00,SOL,BUY,4.81386503662543,0.00481386503662543,0.15,S3_TREND
2026-06-15 19:00:00+00:00,BTC,BUY,14.55799669237058,0.01455799669237058,0.15,S3_TREND
2026-06-15 19:00:00+00:00,ETH,BUY,4.809541342123339,0.004809541342123339,0.15,S3_TREND
2026-06-15 19:00:00+00:00,SOL,SELL,7.095652602019982,0.007095652602019982,0.15,S3_TREND
2026-06-15 20:00:00+00:00,BTC,BUY,18.74289876622788,0.01874289876622788,0.15,S3_TREND
2026-06-15 20:00:00+00:00,ETH,BUY,35.036211931788785,0.03503621193178878,0.15,S3_TREND
2026-06-15 20:00:00+00:00,SOL,SELL,7.149703731040063,0.007149703731040063,0.15,S3_TREND
2026-06-15 21:00:00+00:00,BTC,BUY,2.5124521404650295,0.0025124521404650295,0.15,S3_TREND
2026-06-15 21:00:00+00:00,ETH,BUY,20.2740617768668,0.020274061776866803,0.15,S3_TREND
2026-06-15 21:00:00+00:00,SOL,BUY,41.800899285104606,0.04180089928510461,0.15,S3_TREND
2026-06-15 22:00:00+00:00,BTC,BUY,6.956074715850264,0.006956074715850264,0.15,S3_TREND
2026-06-15 22:00:00+00:00,ETH,BUY,17.96473091287953,0.01796473091287953,0.15,S3_TREND
2026-06-15 22:00:00+00:00,SOL,BUY,66.36515247903844,0.06636515247903844,0.15,S3_TREND
2026-06-15 23:00:00+00:00,BTC,SELL,15.513895911810323,0.015513895911810323,0.15,S3_TREND
2026-06-15 23:00:00+00:00,ETH,BUY,117.24084492314614,0.11724084492314614,0.15,S3_TREND
2026-06-15 23:00:00+00:00,SOL,BUY,79.65730506529326,0.07965730506529325,0.15,S3_TREND
2026-06-16 00:00:00+00:00,BTC,SELL,8.135493796682567,0.008135493796682568,0.15,S3_TREND
2026-06-16 00:00:00+00:00,ETH,SELL,32.511058944457545,0.03251105894445755,0.15,S3_TREND
2026-06-16 00:00:00+00:00,SOL,SELL,23.876700193874058,0.02387670019387406,0.15,S3_TREND
2026-06-16 01:00:00+00:00,BTC,BUY,8.10646142526457,0.00810646142526457,0.15,S3_TREND
2026-06-16 01:00:00+00:00,ETH,BUY,42.307290244074466,0.042307290244074466,0.15,S3_TREND
2026-06-16 01:00:00+00:00,SOL,SELL,19.676421638665488,0.019676421638665488,0.15,S3_TREND
2026-06-16 02:00:00+00:00,BTC,SELL,18.611954875270385,0.018611954875270384,0.15,S3_TREND
2026-06-16 02:00:00+00:00,ETH,SELL,19.101217203817214,0.019101217203817213,0.15,S3_TREND
2026-06-16 02:00:00+00:00,SOL,BUY,31.658699315274134,0.03165869931527413,0.15,S3_TREND
2026-06-16 03:00:00+00:00,BTC,BUY,57.339958811966426,0.05733995881196643,0.15,S3_TREND
2026-06-16 03:00:00+00:00,ETH,BUY,102.3167523700813,0.10231675237008131,0.15,S3_TREND
2026-06-16 03:00:00+00:00,SOL,BUY,94.34912840123252,0.09434912840123252,0.15,S3_TREND
2026-06-16 04:00:00+00:00,BTC,SELL,44.3882523311222,0.0443882523311222,0.15,S3_TREND
2026-06-16 04:00:00+00:00,ETH,SELL,25.911060299482415,0.025911060299482414,0.15,S3_TREND
2026-06-16 04:00:00+00:00,SOL,SELL,93.61713480558319,0.09361713480558319,0.15,S3_TREND
2026-06-16 05:00:00+00:00,BTC,BUY,25.54621096846131,0.02554621096846131,0.15,S3_TREND
2026-06-16 05:00:00+00:00,ETH,BUY,101.71504139327408,0.10171504139327409,0.15,S3_TREND
2026-06-16 05:00:00+00:00,SOL,BUY,28.861084755033517,0.028861084755033517,0.15,S3_TREND
2026-06-16 06:00:00+00:00,BTC,SELL,26.464033520222074,0.026464033520222075,0.15,S3_TREND
2026-06-16 06:00:00+00:00,ETH,BUY,5.500768367919591,0.005500768367919591,0.15,S3_TREND
2026-06-16 06:00:00+00:00,SOL,SELL,39.976004323387315,0.03997600432338731,0.15,S3_TREND
2026-06-16 07:00:00+00:00,BTC,SELL,45.796731526366784,0.045796731526366784,0.15,S3_TREND
2026-06-16 07:00:00+00:00,ETH,SELL,35.1945523772647,0.0351945523772647,0.15,S3_TREND
2026-06-16 07:00:00+00:00,SOL,SELL,59.458543301108875,0.05945854330110888,0.15,S3_TREND
2026-06-16 08:00:00+00:00,BTC,BUY,23.764429009901505,0.023764429009901507,0.15,S3_TREND
2026-06-16 08:00:00+00:00,ETH,SELL,13.964651210722876,0.013964651210722876,0.15,S3_TREND
2026-06-16 08:00:00+00:00,SOL,SELL,40.36552810170906,0.04036552810170906,0.15,S3_TREND
2026-06-16 09:00:00+00:00,BTC,SELL,33.537780816732266,0.03353778081673227,0.15,S3_TREND
2026-06-16 09:00:00+00:00,ETH,SELL,150.0319308032631,0.1500319308032631,0.15,S3_TREND
2026-06-16 09:00:00+00:00,SOL,SELL,98.51589058525497,0.09851589058525496,0.15,S3_TREND
2026-06-16 10:00:00+00:00,BTC,BUY,38.29981011820746,0.03829981011820746,0.15,S3_TREND
2026-06-16 10:00:00+00:00,ETH,BUY,62.30734533519899,0.06230734533519899,0.15,S3_TREND
2026-06-16 10:00:00+00:00,SOL,BUY,57.008550357739296,0.057008550357739295,0.15,S3_TREND
2026-06-16 11:00:00+00:00,ETH,SELL,32.66262684376852,0.03266262684376852,0.15,S3_TREND
2026-06-16 11:00:00+00:00,SOL,BUY,28.87027628933356,0.02887027628933356,0.15,S3_TREND
2026-06-16 12:00:00+00:00,BTC,BUY,11.59861233954689,0.01159861233954689,0.15,S3_TREND
2026-06-16 12:00:00+00:00,ETH,SELL,39.15098107859376,0.03915098107859376,0.15,S3_TREND
2026-06-16 12:00:00+00:00,SOL,BUY,10.312028341582845,0.010312028341582846,0.15,S3_TREND
2026-06-16 13:00:00+00:00,BTC,BUY,34.55028442430739,0.034550284424307395,0.15,S3_TREND
2026-06-16 13:00:00+00:00,ETH,SELL,94.71069983022426,0.09471069983022426,0.15,S3_TREND
2026-06-16 13:00:00+00:00,SOL,SELL,26.708266488858495,0.026708266488858497,0.15,S3_TREND
2026-06-16 14:00:00+00:00,BTC,BUY,21.268078560629874,0.021268078560629875,0.15,S3_TREND
2026-06-16 14:00:00+00:00,ETH,BUY,72.85228693049248,0.07285228693049249,0.15,S3_TREND
2026-06-16 14:00:00+00:00,SOL,BUY,118.81843968384055,0.11881843968384055,0.15,S3_TREND
2026-06-16 15:00:00+00:00,BTC,BUY,22.19354042685518,0.02219354042685518,0.15,S3_TREND
2026-06-16 15:00:00+00:00,ETH,BUY,72.37647210318937,0.07237647210318937,0.15,S3_TREND
2026-06-16 15:00:00+00:00,SOL,BUY,130.240486998071,0.130240486998071,0.15,S3_TREND
2026-06-16 16:00:00+00:00,BTC,SELL,25.452254794114197,0.0254522547941142,0.15,S3_TREND
2026-06-16 16:00:00+00:00,ETH,BUY,3.1925320652535447,0.003192532065253545,0.15,S3_TREND
2026-06-16 16:00:00+00:00,SOL,SELL,42.95871906094362,0.042958719060943625,0.15,S3_TREND
2026-06-16 17:00:00+00:00,BTC,BUY,7.7873755750752025,0.007787375575075203,0.15,S3_TREND
2026-06-16 17:00:00+00:00,ETH,BUY,21.60747976832863,0.021607479768328632,0.15,S3_TREND
2026-06-16 17:00:00+00:00,SOL,BUY,20.423134231232325,0.020423134231232324,0.15,S3_TREND
2026-06-16 18:00:00+00:00,BTC,SELL,3.223170659655807,0.003223170659655807,0.15,S3_TREND
2026-06-16 18:00:00+00:00,ETH,SELL,90.67626953396393,0.09067626953396393,0.15,S3_TREND
2026-06-16 18:00:00+00:00,SOL,SELL,64.68283015488123,0.06468283015488123,0.15,S3_TREND
2026-06-16 19:00:00+00:00,BTC,BUY,37.17336679676191,0.03717336679676191,0.15,S3_TREND
2026-06-16 19:00:00+00:00,ETH,SELL,22.063212209390258,0.022063212209390257,0.15,S3_TREND
2026-06-16 19:00:00+00:00,SOL,SELL,50.654493834705136,0.05065449383470514,0.15,S3_TREND
2026-06-16 20:00:00+00:00,BTC,BUY,22.238399875373943,0.022238399875373942,0.15,S3_TREND
2026-06-16 20:00:00+00:00,ETH,BUY,15.190135494472997,0.015190135494472998,0.15,S3_TREND
2026-06-16 20:00:00+00:00,SOL,BUY,14.08597978196849,0.01408597978196849,0.15,S3_TREND
2026-06-16 21:00:00+00:00,BTC,SELL,21.034169068778283,0.021034169068778284,0.15,S3_TREND
2026-06-16 21:00:00+00:00,ETH,SELL,2.02239238949187,0.0020223923894918698,0.15,S3_TREND
2026-06-16 21:00:00+00:00,SOL,SELL,37.89833609004927,0.03789833609004927,0.15,S3_TREND
2026-06-16 22:00:00+00:00,BTC,BUY,6.689177208421825,0.006689177208421825,0.15,S3_TREND
2026-06-16 22:00:00+00:00,SOL,BUY,27.922947064254913,0.027922947064254914,0.15,S3_TREND
2026-06-16 23:00:00+00:00,BTC,SELL,3.4458744826424663,0.0034458744826424666,0.15,S3_TREND
2026-06-16 23:00:00+00:00,SOL,BUY,14.100345236163776,0.014100345236163776,0.15,S3_TREND
2026-06-17 00:00:00+00:00,BTC,BUY,6.076276884850813,0.0060762768848508135,0.15,S3_TREND
2026-06-17 00:00:00+00:00,ETH,BUY,8.803208592886222,0.008803208592886223,0.15,S3_TREND
2026-06-17 00:00:00+00:00,SOL,BUY,44.080137361366724,0.04408013736136673,0.15,S3_TREND
2026-06-17 01:00:00+00:00,BTC,SELL,7.604026295479343,0.007604026295479344,0.15,S3_TREND
2026-06-17 01:00:00+00:00,ETH,SELL,11.765640023459127,0.011765640023459128,0.15,S3_TREND
2026-06-17 01:00:00+00:00,SOL,BUY,27.849824100998376,0.027849824100998375,0.15,S3_TREND
2026-06-17 02:00:00+00:00,BTC,SELL,22.80034783120209,0.02280034783120209,0.15,S3_TREND
2026-06-17 02:00:00+00:00,SOL,SELL,79.87377691232905,0.07987377691232905,0.15,S3_TREND
2026-06-17 03:00:00+00:00,BTC,BUY,7.019235521080191,0.007019235521080191,0.15,S3_TREND
2026-06-17 03:00:00+00:00,ETH,BUY,16.69745152995165,0.01669745152995165,0.15,S3_TREND
2026-06-17 03:00:00+00:00,SOL,SELL,21.239357413542166,0.021239357413542166,0.15,S3_TREND
2026-06-17 04:00:00+00:00,BTC,SELL,3.4366210818352556,0.0034366210818352555,0.15,S3_TREND
2026-06-17 04:00:00+00:00,ETH,BUY,1.1558048756105563,0.0011558048756105564,0.15,S3_TREND
2026-06-17 04:00:00+00:00,SOL,BUY,55.0256073137607,0.0550256073137607,0.15,S3_TREND
2026-06-17 05:00:00+00:00,BTC,SELL,1.8200946058168483,0.0018200946058168485,0.15,S3_TREND
2026-06-17 05:00:00+00:00,ETH,BUY,1.0410737978399993,0.0010410737978399994,0.15,S3_TREND
2026-06-17 05:00:00+00:00,SOL,SELL,23.527401314921008,0.02352740131492101,0.15,S3_TREND
2026-06-17 06:00:00+00:00,BTC,BUY,4.2442635463248735,0.004244263546324873,0.15,S3_TREND
2026-06-17 06:00:00+00:00,ETH,SELL,5.019634239999505,0.005019634239999505,0.15,S3_TREND
2026-06-17 06:00:00+00:00,SOL,BUY,28.234781117893363,0.028234781117893362,0.15,S3_TREND
2026-06-17 07:00:00+00:00,BTC,BUY,27.07207594196916,0.02707207594196916,0.15,S3_TREND
2026-06-17 07:00:00+00:00,ETH,BUY,10.17061799178191,0.01017061799178191,0.15,S3_TREND
2026-06-17 07:00:00+00:00,SOL,BUY,27.545933523841086,0.027545933523841087,0.15,S3_TREND
2026-06-17 08:00:00+00:00,BTC,BUY,5.052674993521578,0.0050526749935215776,0.15,S3_TREND
2026-06-17 08:00:00+00:00,ETH,BUY,28.15950986433927,0.02815950986433927,0.15,S3_TREND
2026-06-17 08:00:00+00:00,SOL,BUY,13.638981014621095,0.013638981014621096,0.15,S3_TREND
2026-06-17 09:00:00+00:00,BTC,BUY,60.78184809855884,0.06078184809855884,0.15,S3_TREND
2026-06-17 09:00:00+00:00,ETH,BUY,84.67914819219186,0.08467914819219186,0.15,S3_TREND
2026-06-17 09:00:00+00:00,SOL,BUY,106.92632267699446,0.10692632267699446,0.15,S3_TREND
2026-06-17 10:00:00+00:00,BTC,BUY,17.776739731501948,0.01777673973150195,0.15,S3_TREND
2026-06-17 10:00:00+00:00,ETH,SELL,46.4701394761596,0.046470139476159605,0.15,S3_TREND
2026-06-17 10:00:00+00:00,SOL,SELL,23.83811029077151,0.02383811029077151,0.15,S3_TREND
2026-06-17 11:00:00+00:00,BTC,BUY,3.5194202067214064,0.0035194202067214066,0.15,S3_TREND
2026-06-17 11:00:00+00:00,ETH,BUY,16.3234841905105,0.0163234841905105,0.15,S3_TREND
2026-06-17 11:00:00+00:00,SOL,BUY,53.996970339430845,0.05399697033943085,0.15,S3_TREND
2026-06-17 12:00:00+00:00,BTC,SELL,10.541473856970697,0.010541473856970697,0.15,S3_TREND
2026-06-17 12:00:00+00:00,ETH,BUY,26.748915918349667,0.02674891591834967,0.15,S3_TREND
2026-06-17 12:00:00+00:00,SOL,BUY,13.010371855063568,0.013010371855063568,0.15,S3_TREND
2026-06-17 13:00:00+00:00,BTC,SELL,38.65551766864701,0.038655517668647006,0.15,S3_TREND
2026-06-17 13:00:00+00:00,ETH,BUY,45.57594430024619,0.045575944300246196,0.15,S3_TREND
2026-06-17 13:00:00+00:00,SOL,SELL,45.03281645568859,0.04503281645568859,0.15,S3_TREND
2026-06-17 14:00:00+00:00,BTC,SELL,37.999928091250695,0.0379999280912507,0.15,S3_TREND
2026-06-17 14:00:00+00:00,ETH,SELL,2.027443008411865,0.002027443008411865,0.15,S3_TREND
2026-06-17 14:00:00+00:00,SOL,SELL,4.918509929690117,0.004918509929690117,0.15,S3_TREND
2026-06-17 15:00:00+00:00,BTC,BUY,23.471033852656547,0.02347103385265655,0.15,S3_TREND
2026-06-17 15:00:00+00:00,ETH,BUY,35.26540705345542,0.03526540705345542,0.15,S3_TREND
2026-06-17 15:00:00+00:00,SOL,SELL,8.10824425949977,0.00810824425949977,0.15,S3_TREND
2026-06-17 16:00:00+00:00,BTC,SELL,55.04057118160381,0.05504057118160381,0.15,S3_TREND
2026-06-17 16:00:00+00:00,ETH,SELL,62.20715086952987,0.06220715086952987,0.15,S3_TREND
2026-06-17 16:00:00+00:00,SOL,SELL,185.69078151748727,0.18569078151748727,0.15,S3_TREND
2026-06-17 17:00:00+00:00,BTC,SELL,22.607412602683326,0.022607412602683327,0.15,S3_TREND
2026-06-17 17:00:00+00:00,ETH,BUY,11.886349119702572,0.011886349119702573,0.15,S3_TREND
2026-06-17 17:00:00+00:00,SOL,BUY,6.65827346154947,0.00665827346154947,0.15,S3_TREND
2026-06-17 18:00:00+00:00,BTC,SELL,10.99662055770932,0.01099662055770932,0.15,S3_TREND
2026-06-17 18:00:00+00:00,ETH,SELL,94.5107950765032,0.0945107950765032,0.15,S3_TREND
2026-06-17 18:00:00+00:00,SOL,SELL,42.34328850351085,0.04234328850351085,0.15,S3_TREND
2026-06-17 19:00:00+00:00,BTC,BUY,63.448753078899244,0.06344875307889924,0.15,S3_TREND
2026-06-17 19:00:00+00:00,ETH,BUY,86.26408690836615,0.08626408690836615,0.15,S3_TREND
2026-06-17 19:00:00+00:00,SOL,BUY,73.83489982470928,0.07383489982470928,0.15,S3_TREND
2026-06-17 20:00:00+00:00,BTC,SELL,6728.098881963437,6.728098881963437,0.075,S6_REVERSAL
2026-06-17 20:00:00+00:00,ETH,BUY,146.2035527290991,0.1462035527290991,0.15,S3_TREND
2026-06-17 20:00:00+00:00,SOL,BUY,212.66583153251122,0.21266583153251123,0.15,S3_TREND
2026-06-17 21:00:00+00:00,BTC,BUY,1.4980749574397123,0.0014980749574397124,0.075,S6_REVERSAL
2026-06-17 21:00:00+00:00,ETH,SELL,68.62327745219227,0.06862327745219227,0.15,S3_TREND
2026-06-17 21:00:00+00:00,SOL,SELL,70.12537910443643,0.07012537910443643,0.15,S3_TREND
2026-06-17 22:00:00+00:00,BTC,BUY,4.135740793562945,0.004135740793562945,0.075,S6_REVERSAL
2026-06-17 22:00:00+00:00,ETH,BUY,37.131099641890614,0.03713109964189062,0.15,S3_TREND
2026-06-17 22:00:00+00:00,SOL,BUY,80.98889980687818,0.08098889980687818,0.15,S3_TREND
2026-06-17 23:00:00+00:00,BTC,SELL,1.9132109117490472,0.0019132109117490472,0.075,S6_REVERSAL
2026-06-17 23:00:00+00:00,ETH,SELL,5.851645210057541,0.005851645210057541,0.15,S3_TREND
2026-06-17 23:00:00+00:00,SOL,SELL,13.957369392106557,0.013957369392106558,0.15,S3_TREND
2026-06-18 00:00:00+00:00,BTC,SELL,9.691084720529943,0.009691084720529944,0.075,S6_REVERSAL
2026-06-18 00:00:00+00:00,ETH,SELL,55.88478891876184,0.05588478891876184,0.15,S3_TREND
2026-06-18 00:00:00+00:00,SOL,SELL,39.743111762634726,0.039743111762634724,0.15,S3_TREND
2026-06-18 01:00:00+00:00,BTC,BUY,7.888651232021402,0.007888651232021402,0.075,S6_REVERSAL
2026-06-18 01:00:00+00:00,ETH,SELL,11.556554558172138,0.011556554558172139,0.15,S3_TREND
2026-06-18 01:00:00+00:00,SOL,SELL,25.45035035316505,0.02545035035316505,0.15,S3_TREND
2026-06-18 02:00:00+00:00,BTC,SELL,6.812130491509379,0.006812130491509379,0.075,S6_REVERSAL
2026-06-18 02:00:00+00:00,ETH,SELL,11.778345129130685,0.011778345129130684,0.15,S3_TREND
2026-06-18 02:00:00+00:00,SOL,BUY,3.5894671092573844,0.0035894671092573847,0.15,S3_TREND
2026-06-18 03:00:00+00:00,BTC,SELL,8.894144135502756,0.008894144135502756,0.075,S6_REVERSAL
2026-06-18 03:00:00+00:00,ETH,SELL,13755.422962543653,13.755422962543653,0.0,CASH
2026-06-18 03:00:00+00:00,SOL,SELL,46.823217268150984,0.04682321726815099,0.15,S3_TREND
2026-06-18 04:00:00+00:00,BTC,BUY,26.594160186650697,0.026594160186650697,0.075,S6_REVERSAL
2026-06-18 04:00:00+00:00,SOL,SELL,13595.271541228507,13.595271541228508,0.0,CASH
2026-06-18 05:00:00+00:00,BTC,BUY,38.43996508522014,0.038439965085220136,0.075,S6_REVERSAL
2026-06-18 06:00:00+00:00,BTC,SELL,11.001496114400652,0.011001496114400652,0.075,S6_REVERSAL
2026-06-18 07:00:00+00:00,BTC,SELL,8.925245220233592,0.008925245220233592,0.075,S6_REVERSAL
2026-06-18 08:00:00+00:00,BTC,SELL,42.23260771659807,0.04223260771659807,0.075,S6_REVERSAL
2026-06-18 09:00:00+00:00,BTC,BUY,10.874855452613701,0.010874855452613701,0.075,S6_REVERSAL
2026-06-18 10:00:00+00:00,BTC,BUY,19.75502341349238,0.019755023413492383,0.075,S6_REVERSAL
2026-06-18 11:00:00+00:00,BTC,BUY,11.953475566298039,0.01195347556629804,0.075,S6_REVERSAL
2026-06-18 12:00:00+00:00,BTC,BUY,10.31998046373792,0.01031998046373792,0.075,S6_REVERSAL
2026-06-18 13:00:00+00:00,BTC,SELL,40.039177385343464,0.04003917738534347,0.075,S6_REVERSAL
2026-06-18 14:00:00+00:00,BTC,BUY,38.85747770125545,0.03885747770125545,0.075,S6_REVERSAL
2026-06-18 15:00:00+00:00,BTC,SELL,6842.168137992315,6.8421681379923145,0.0,CASH
2026-06-18 16:00:00+00:00,ETH,BUY,6858.251954816933,6.858251954816933,0.075,S6_REVERSAL
2026-06-18 16:00:00+00:00,SOL,BUY,6858.251954816933,6.858251954816933,0.075,S6_REVERSAL
2026-06-18 17:00:00+00:00,ETH,SELL,14.055414073438442,0.014055414073438442,0.075,S6_REVERSAL
2026-06-18 17:00:00+00:00,SOL,SELL,58.91441151908475,0.058914411519084754,0.075,S6_REVERSAL
2026-06-18 18:00:00+00:00,ETH,BUY,25.203579687936326,0.025203579687936326,0.075,S6_REVERSAL
2026-06-18 18:00:00+00:00,SOL,BUY,37.21509574685206,0.037215095746852056,0.075,S6_REVERSAL
2026-06-18 19:00:00+00:00,ETH,SELL,22.40523510856565,0.02240523510856565,0.075,S6_REVERSAL
2026-06-18 20:00:00+00:00,ETH,SELL,69.98159222561117,0.06998159222561116,0.075,S6_REVERSAL
2026-06-18 20:00:00+00:00,SOL,SELL,60.45627857047202,0.060456278570472026,0.075,S6_REVERSAL
2026-06-18 21:00:00+00:00,ETH,SELL,15.711790272882352,0.015711790272882352,0.075,S6_REVERSAL
2026-06-18 21:00:00+00:00,SOL,SELL,37.87111389558959,0.037871113895589587,0.075,S6_REVERSAL
2026-06-18 22:00:00+00:00,ETH,BUY,5.883700370441147,0.005883700370441148,0.075,S6_REVERSAL
2026-06-18 22:00:00+00:00,SOL,BUY,22.146569916909357,0.02214656991690936,0.075,S6_REVERSAL
2026-06-18 23:00:00+00:00,ETH,BUY,5.507660280535674,0.005507660280535675,0.075,S6_REVERSAL
2026-06-18 23:00:00+00:00,SOL,BUY,4.091382786305076,0.004091382786305076,0.075,S6_REVERSAL
2026-06-19 00:00:00+00:00,ETH,SELL,14.45968186688515,0.01445968186688515,0.075,S6_REVERSAL
2026-06-19 00:00:00+00:00,SOL,SELL,17.908664874194983,0.017908664874194985,0.075,S6_REVERSAL
2026-06-19 01:00:00+00:00,ETH,SELL,9.59500214684249,0.00959500214684249,0.075,S6_REVERSAL
2026-06-19 01:00:00+00:00,SOL,SELL,6.474451353864424,0.006474451353864424,0.075,S6_REVERSAL
2026-06-19 02:00:00+00:00,ETH,BUY,2.332416123764233,0.002332416123764233,0.075,S6_REVERSAL
2026-06-19 02:00:00+00:00,SOL,SELL,12.865634733929255,0.012865634733929255,0.075,S6_REVERSAL
2026-06-19 03:00:00+00:00,ETH,BUY,21.437304047692123,0.021437304047692125,0.075,S6_REVERSAL
2026-06-19 03:00:00+00:00,SOL,BUY,24.467393705007453,0.024467393705007452,0.075,S6_REVERSAL
2026-06-19 04:00:00+00:00,ETH,BUY,30.826747938009248,0.030826747938009248,0.075,S6_REVERSAL
2026-06-19 04:00:00+00:00,SOL,BUY,51.00452224821311,0.051004522248213106,0.075,S6_REVERSAL
2026-06-19 05:00:00+00:00,ETH,BUY,24.406226538363626,0.024406226538363628,0.075,S6_REVERSAL
2026-06-19 05:00:00+00:00,SOL,BUY,64.71436675847963,0.06471436675847964,0.075,S6_REVERSAL
2026-06-19 06:00:00+00:00,ETH,SELL,26.545923691096505,0.026545923691096505,0.075,S6_REVERSAL
2026-06-19 06:00:00+00:00,SOL,SELL,31.061253947921614,0.031061253947921613,0.075,S6_REVERSAL
2026-06-19 07:00:00+00:00,ETH,SELL,9.87782423709723,0.00987782423709723,0.075,S6_REVERSAL
2026-06-19 07:00:00+00:00,SOL,SELL,4.713234392646882,0.004713234392646882,0.075,S6_REVERSAL
2026-06-19 08:00:00+00:00,ETH,BUY,13.773284153929126,0.013773284153929127,0.075,S6_REVERSAL
2026-06-19 08:00:00+00:00,SOL,BUY,33.7514237626192,0.0337514237626192,0.075,S6_REVERSAL
2026-06-19 09:00:00+00:00,ETH,SELL,5.529051456602247,0.005529051456602247,0.075,S6_REVERSAL
2026-06-19 09:00:00+00:00,SOL,SELL,29.064385368825246,0.029064385368825246,0.075,S6_REVERSAL
2026-06-19 10:00:00+00:00,ETH,BUY,29.869410395463092,0.029869410395463092,0.075,S6_REVERSAL
2026-06-19 10:00:00+00:00,SOL,BUY,31.551077606867693,0.03155107760686769,0.075,S6_REVERSAL
2026-06-19 11:00:00+00:00,ETH,SELL,12.811937150645463,0.012811937150645464,0.075,S6_REVERSAL
2026-06-19 11:00:00+00:00,SOL,BUY,1.9563322443527795,0.0019563322443527796,0.075,S6_REVERSAL
2026-06-19 12:00:00+00:00,ETH,BUY,2.770941658519405,0.002770941658519405,0.075,S6_REVERSAL
2026-06-19 12:00:00+00:00,SOL,BUY,5.310750058366466,0.005310750058366466,0.075,S6_REVERSAL
2026-06-19 13:00:00+00:00,ETH,SELL,10.825322552375837,0.010825322552375838,0.075,S6_REVERSAL
2026-06-19 13:00:00+00:00,SOL,SELL,33.29186322439364,0.03329186322439364,0.075,S6_REVERSAL
2026-06-19 14:00:00+00:00,ETH,SELL,25.344685892814596,0.025344685892814595,0.075,S6_REVERSAL
2026-06-19 14:00:00+00:00,SOL,SELL,58.604353313709,0.058604353313709,0.075,S6_REVERSAL
2026-06-19 15:00:00+00:00,ETH,SELL,14.104664942660747,0.014104664942660747,0.075,S6_REVERSAL
2026-06-19 15:00:00+00:00,SOL,BUY,13.89436154269788,0.01389436154269788,0.075,S6_REVERSAL
2026-06-19 16:00:00+00:00,ETH,SELL,1.8994962878987283,0.0018994962878987284,0.075,S6_REVERSAL
2026-06-19 16:00:00+00:00,SOL,SELL,18.110256904837115,0.018110256904837117,0.075,S6_REVERSAL
2026-06-19 17:00:00+00:00,ETH,BUY,36.591919554844026,0.036591919554844025,0.075,S6_REVERSAL
2026-06-19 17:00:00+00:00,SOL,BUY,53.494862657764315,0.05349486265776432,0.075,S6_REVERSAL
2026-06-19 18:00:00+00:00,ETH,SELL,25.63413903624405,0.02563413903624405,0.075,S6_REVERSAL
2026-06-19 18:00:00+00:00,SOL,SELL,53.00005585989584,0.05300005585989584,0.075,S6_REVERSAL
2026-06-19 19:00:00+00:00,ETH,BUY,6.0393602562016895,0.00603936025620169,0.075,S6_REVERSAL
2026-06-19 19:00:00+00:00,SOL,BUY,24.096288006835493,0.024096288006835494,0.075,S6_REVERSAL
2026-06-19 20:00:00+00:00,ETH,BUY,4.923188636190389,0.004923188636190389,0.075,S6_REVERSAL
2026-06-19 20:00:00+00:00,SOL,BUY,6.910652763125654,0.0069106527631256544,0.075,S6_REVERSAL
2026-06-19 21:00:00+00:00,ETH,SELL,26.885268221591108,0.026885268221591107,0.075,S6_REVERSAL
2026-06-19 21:00:00+00:00,SOL,SELL,23.43981132907902,0.023439811329079022,0.075,S6_REVERSAL
2026-06-19 22:00:00+00:00,ETH,BUY,24.05978276392034,0.02405978276392034,0.075,S6_REVERSAL
2026-06-19 22:00:00+00:00,SOL,BUY,19.929396265449213,0.019929396265449213,0.075,S6_REVERSAL
2026-06-19 23:00:00+00:00,ETH,SELL,17.732887781080535,0.017732887781080536,0.075,S6_REVERSAL
2026-06-19 23:00:00+00:00,SOL,SELL,36.97469457896295,0.036974694578962956,0.075,S6_REVERSAL
2026-06-20 00:00:00+00:00,ETH,SELL,11.067488454512386,0.011067488454512386,0.075,S6_REVERSAL
2026-06-20 00:00:00+00:00,SOL,SELL,26.395211455184835,0.026395211455184836,0.075,S6_REVERSAL
2026-06-20 01:00:00+00:00,ETH,BUY,8.029822832525497,0.008029822832525497,0.075,S6_REVERSAL
2026-06-20 01:00:00+00:00,SOL,BUY,9.31328428917459,0.00931328428917459,0.075,S6_REVERSAL
2026-06-20 02:00:00+00:00,ETH,SELL,2.7244134341553945,0.0027244134341553945,0.075,S6_REVERSAL
2026-06-20 02:00:00+00:00,SOL,SELL,16.112906733839736,0.016112906733839735,0.075,S6_REVERSAL
2026-06-20 03:00:00+00:00,ETH,BUY,17.711720973547017,0.017711720973547018,0.075,S6_REVERSAL
2026-06-20 03:00:00+00:00,SOL,BUY,11.235666344692618,0.011235666344692618,0.075,S6_REVERSAL
2026-06-20 04:00:00+00:00,ETH,SELL,9.904772972188766,0.009904772972188766,0.075,S6_REVERSAL
2026-06-20 04:00:00+00:00,SOL,SELL,30.02761425244171,0.030027614252441708,0.075,S6_REVERSAL
2026-06-20 05:00:00+00:00,ETH,SELL,13.478726593782085,0.013478726593782086,0.075,S6_REVERSAL
2026-06-20 05:00:00+00:00,SOL,SELL,77.4517521019443,0.0774517521019443,0.075,S6_REVERSAL
2026-06-20 06:00:00+00:00,ETH,SELL,40.0239897558522,0.0400239897558522,0.075,S6_REVERSAL
2026-06-20 06:00:00+00:00,SOL,SELL,79.78625416418981,0.07978625416418982,0.075,S6_REVERSAL
2026-06-20 07:00:00+00:00,ETH,SELL,3.431707588347308,0.003431707588347308,0.075,S6_REVERSAL
2026-06-20 07:00:00+00:00,SOL,SELL,6926.333445579574,6.926333445579574,0.0,CASH
2026-06-20 08:00:00+00:00,ETH,BUY,6.313105558688221,0.006313105558688221,0.075,S6_REVERSAL
2026-06-20 09:00:00+00:00,ETH,BUY,11.016019172559936,0.011016019172559937,0.075,S6_REVERSAL
2026-06-20 10:00:00+00:00,ETH,SELL,20.8471634306552,0.0208471634306552,0.075,S6_REVERSAL
2026-06-20 11:00:00+00:00,ETH,BUY,3.062437621407298,0.0030624376214072983,0.075,S6_REVERSAL
2026-06-20 12:00:00+00:00,ETH,BUY,1.661713619200782,0.001661713619200782,0.075,S6_REVERSAL
2026-06-20 13:00:00+00:00,ETH,BUY,1.181986500109815,0.0011819865001098152,0.075,S6_REVERSAL
2026-06-20 14:00:00+00:00,ETH,BUY,34.360904193172246,0.03436090419317225,0.075,S6_REVERSAL
2026-06-20 15:00:00+00:00,ETH,SELL,59.154420803045475,0.05915442080304548,0.075,S6_REVERSAL
2026-06-20 16:00:00+00:00,ETH,SELL,26.29156401009459,0.02629156401009459,0.075,S6_REVERSAL
2026-06-20 17:00:00+00:00,ETH,BUY,24.60828660936204,0.02460828660936204,0.075,S6_REVERSAL
2026-06-20 18:00:00+00:00,ETH,BUY,25.947981861097105,0.025947981861097105,0.075,S6_REVERSAL
2026-06-20 20:00:00+00:00,ETH,SELL,8.869287685235577,0.008869287685235577,0.075,S6_REVERSAL
2026-06-20 21:00:00+00:00,ETH,SELL,6.310533407634466,0.006310533407634466,0.075,S6_REVERSAL
2026-06-20 22:00:00+00:00,ETH,SELL,16.037223271359835,0.016037223271359834,0.075,S6_REVERSAL
2026-06-20 23:00:00+00:00,ETH,SELL,29.388907884023862,0.029388907884023863,0.075,S6_REVERSAL
2026-06-21 00:00:00+00:00,ETH,BUY,8.201722028775293,0.008201722028775293,0.075,S6_REVERSAL
2026-06-21 01:00:00+00:00,ETH,BUY,11.586550159465332,0.011586550159465333,0.075,S6_REVERSAL
2026-06-21 02:00:00+00:00,ETH,BUY,3.3782830479276527,0.003378283047927653,0.075,S6_REVERSAL
2026-06-21 03:00:00+00:00,ETH,BUY,3.380553773817155,0.0033805537738171554,0.075,S6_REVERSAL
2026-06-21 03:00:00+00:00,SOL,BUY,13800.772079042683,13.800772079042684,0.15,S3_TREND
2026-06-21 04:00:00+00:00,BTC,BUY,13807.960246342405,13.807960246342406,0.15,S3_TREND
2026-06-21 04:00:00+00:00,ETH,SELL,3.560364803632183,0.003560364803632183,0.075,S6_REVERSAL
2026-06-21 04:00:00+00:00,SOL,SELL,47.3826522110794,0.0473826522110794,0.15,S3_TREND
2026-06-21 05:00:00+00:00,BTC,BUY,16.883445178624243,0.016883445178624244,0.15,S3_TREND
2026-06-21 05:00:00+00:00,ETH,BUY,12.362776359511372,0.012362776359511373,0.075,S6_REVERSAL
2026-06-21 05:00:00+00:00,SOL,BUY,20.391771032722318,0.020391771032722317,0.15,S3_TREND
2026-06-21 06:00:00+00:00,BTC,SELL,5.935590521728955,0.0059355905217289544,0.15,S3_TREND
2026-06-21 06:00:00+00:00,ETH,BUY,6883.799948136251,6.883799948136251,0.15,S3_TREND
2026-06-21 06:00:00+00:00,SOL,BUY,55.60040140714409,0.05560040140714409,0.15,S3_TREND
2026-06-21 07:00:00+00:00,BTC,SELL,1.8724417115845426,0.0018724417115845427,0.15,S3_TREND
2026-06-21 07:00:00+00:00,ETH,SELL,13.119015317604863,0.013119015317604862,0.15,S3_TREND
2026-06-21 07:00:00+00:00,SOL,SELL,21.98178576403552,0.021981785764035523,0.15,S3_TREND
2026-06-21 08:00:00+00:00,BTC,BUY,14.852662089706428,0.014852662089706427,0.15,S3_TREND
2026-06-21 08:00:00+00:00,ETH,BUY,20.77065157470679,0.02077065157470679,0.15,S3_TREND
2026-06-21 08:00:00+00:00,SOL,SELL,1.7244328922515706,0.0017244328922515707,0.15,S3_TREND
2026-06-21 09:00:00+00:00,BTC,BUY,27.016183936408197,0.027016183936408197,0.15,S3_TREND
2026-06-21 09:00:00+00:00,ETH,BUY,14.85709750926435,0.014857097509264349,0.15,S3_TREND
2026-06-21 09:00:00+00:00,SOL,SELL,1.5854530231317767,0.0015854530231317768,0.15,S3_TREND
2026-06-21 10:00:00+00:00,BTC,SELL,6.473609828510234,0.006473609828510234,0.15,S3_TREND
2026-06-21 10:00:00+00:00,ETH,BUY,6.360687345966653,0.006360687345966653,0.15,S3_TREND
2026-06-21 10:00:00+00:00,SOL,SELL,130.1291021124198,0.1301291021124198,0.15,S3_TREND
2026-06-21 11:00:00+00:00,BTC,SELL,33.971569130202624,0.033971569130202627,0.15,S3_TREND
2026-06-21 11:00:00+00:00,ETH,BUY,10.746929353959786,0.010746929353959786,0.15,S3_TREND
2026-06-21 11:00:00+00:00,SOL,BUY,23.99236848376495,0.02399236848376495,0.15,S3_TREND
2026-06-21 12:00:00+00:00,BTC,BUY,7.816132678395661,0.00781613267839566,0.15,S3_TREND
2026-06-21 12:00:00+00:00,ETH,BUY,15.065635185621431,0.015065635185621432,0.15,S3_TREND
2026-06-21 12:00:00+00:00,SOL,BUY,97.8175520105342,0.0978175520105342,0.15,S3_TREND
2026-06-21 13:00:00+00:00,BTC,BUY,8.762661856068007,0.008762661856068008,0.15,S3_TREND
2026-06-21 13:00:00+00:00,ETH,BUY,8.964136103033525,0.008964136103033525,0.15,S3_TREND
2026-06-21 13:00:00+00:00,SOL,SELL,68.86298782922313,0.06886298782922314,0.15,S3_TREND
2026-06-21 14:00:00+00:00,BTC,BUY,16.41876117276479,0.01641876117276479,0.15,S3_TREND
2026-06-21 14:00:00+00:00,ETH,BUY,11.53212238593369,0.01153212238593369,0.15,S3_TREND
2026-06-21 14:00:00+00:00,SOL,SELL,45.71967918723021,0.04571967918723022,0.15,S3_TREND
2026-06-21 15:00:00+00:00,BTC,BUY,9.269044841765208,0.009269044841765208,0.15,S3_TREND
2026-06-21 15:00:00+00:00,ETH,SELL,17.119010752585382,0.017119010752585383,0.15,S3_TREND
2026-06-21 15:00:00+00:00,SOL,SELL,26.186552072616905,0.026186552072616907,0.15,S3_TREND
2026-06-21 16:00:00+00:00,BTC,SELL,10.732905286855384,0.010732905286855384,0.15,S3_TREND
2026-06-21 16:00:00+00:00,ETH,SELL,11.98996313067255,0.01198996313067255,0.15,S3_TREND
2026-06-21 17:00:00+00:00,BTC,BUY,16.90925470959337,0.01690925470959337,0.15,S3_TREND
2026-06-21 17:00:00+00:00,ETH,BUY,20.337460872226075,0.020337460872226074,0.15,S3_TREND
2026-06-21 17:00:00+00:00,SOL,SELL,36.78120299542206,0.03678120299542206,0.15,S3_TREND
2026-06-21 18:00:00+00:00,BTC,SELL,4.590337270810778,0.004590337270810778,0.15,S3_TREND
2026-06-21 18:00:00+00:00,ETH,BUY,3.045009514877165,0.003045009514877165,0.15,S3_TREND
2026-06-21 18:00:00+00:00,SOL,BUY,13.448783998896033,0.013448783998896034,0.15,S3_TREND
2026-06-21 19:00:00+00:00,BTC,SELL,2.8968997887968726,0.0028968997887968725,0.15,S3_TREND
2026-06-21 19:00:00+00:00,ETH,SELL,53.64963041442752,0.053649630414427524,0.15,S3_TREND
2026-06-21 19:00:00+00:00,SOL,BUY,17.955401732746395,0.017955401732746394,0.15,S3_TREND
2026-06-21 20:00:00+00:00,BTC,BUY,5.57137344793955,0.00557137344793955,0.15,S3_TREND
2026-06-21 20:00:00+00:00,ETH,BUY,14.162036245297713,0.014162036245297714,0.15,S3_TREND
2026-06-21 20:00:00+00:00,SOL,SELL,34.95920715628563,0.03495920715628563,0.15,S3_TREND
2026-06-21 21:00:00+00:00,BTC,BUY,22.791546176684278,0.022791546176684278,0.15,S3_TREND
2026-06-21 21:00:00+00:00,ETH,BUY,47.65628977257256,0.047656289772572566,0.15,S3_TREND
2026-06-21 21:00:00+00:00,SOL,BUY,129.32457031367449,0.12932457031367448,0.15,S3_TREND
2026-06-21 22:00:00+00:00,BTC,SELL,4.128614180874138,0.004128614180874138,0.15,S3_TREND
2026-06-21 22:00:00+00:00,ETH,BUY,9.07779343646871,0.00907779343646871,0.15,S3_TREND
2026-06-21 22:00:00+00:00,SOL,BUY,41.606392477844565,0.04160639247784457,0.15,S3_TREND
2026-06-21 23:00:00+00:00,BTC,SELL,2.514190082980349,0.002514190082980349,0.15,S3_TREND
2026-06-21 23:00:00+00:00,ETH,BUY,3.7078465828326443,0.0037078465828326444,0.15,S3_TREND
2026-06-21 23:00:00+00:00,SOL,BUY,13.027444033556094,0.013027444033556095,0.15,S3_TREND
2026-06-22 00:00:00+00:00,BTC,BUY,60.44786394935909,0.06044786394935909,0.15,S3_TREND
2026-06-22 00:00:00+00:00,ETH,BUY,40.59272065329242,0.04059272065329242,0.15,S3_TREND
2026-06-22 00:00:00+00:00,SOL,BUY,64.10430750558044,0.06410430750558044,0.15,S3_TREND
2026-06-22 01:00:00+00:00,BTC,SELL,57.837822659075755,0.057837822659075756,0.15,S3_TREND
2026-06-22 01:00:00+00:00,ETH,SELL,92.07349076367609,0.09207349076367609,0.15,S3_TREND
2026-06-22 01:00:00+00:00,SOL,SELL,101.61288869815871,0.10161288869815871,0.15,S3_TREND
2026-06-22 02:00:00+00:00,BTC,SELL,81.75872365318537,0.08175872365318537,0.15,S3_TREND
2026-06-22 02:00:00+00:00,ETH,SELL,63.342567305724515,0.06334256730572452,0.15,S3_TREND
2026-06-22 02:00:00+00:00,SOL,SELL,116.4296581421404,0.1164296581421404,0.15,S3_TREND
2026-06-22 03:00:00+00:00,BTC,BUY,40.728878445715964,0.04072887844571597,0.15,S3_TREND
2026-06-22 03:00:00+00:00,ETH,BUY,18.240463705793445,0.018240463705793446,0.15,S3_TREND
2026-06-22 03:00:00+00:00,SOL,BUY,64.81424570784111,0.06481424570784111,0.15,S3_TREND
2026-06-22 04:00:00+00:00,BTC,BUY,34.48986985204647,0.03448986985204647,0.15,S3_TREND
2026-06-22 04:00:00+00:00,ETH,BUY,31.247721666610232,0.03124772166661023,0.15,S3_TREND
2026-06-22 04:00:00+00:00,SOL,BUY,31.434681742919565,0.031434681742919565,0.15,S3_TREND
2026-06-22 05:00:00+00:00,BTC,SELL,7.194554666921249,0.007194554666921249,0.15,S3_TREND
2026-06-22 05:00:00+00:00,ETH,SELL,22.27202523541746,0.02227202523541746,0.15,S3_TREND
2026-06-22 05:00:00+00:00,SOL,SELL,43.776449695129486,0.043776449695129484,0.15,S3_TREND
2026-06-22 06:00:00+00:00,BTC,SELL,22.676363971693718,0.022676363971693717,0.15,S3_TREND
2026-06-22 06:00:00+00:00,ETH,SELL,3.196083203152739,0.0031960832031527387,0.15,S3_TREND
2026-06-22 06:00:00+00:00,SOL,SELL,7.6834883048941265,0.007683488304894127,0.15,S3_TREND
2026-06-22 07:00:00+00:00,BTC,BUY,38.249865751387915,0.03824986575138792,0.15,S3_TREND
2026-06-22 07:00:00+00:00,ETH,SELL,3.0084909738307033,0.0030084909738307035,0.15,S3_TREND
2026-06-22 07:00:00+00:00,SOL,BUY,27.653200656133777,0.02765320065613378,0.15,S3_TREND
2026-06-22 08:00:00+00:00,BTC,SELL,16.442434115891956,0.016442434115891958,0.15,S3_TREND
2026-06-22 08:00:00+00:00,ETH,SELL,58.34692249780347,0.05834692249780347,0.15,S3_TREND
2026-06-22 08:00:00+00:00,SOL,SELL,39.85298799390512,0.03985298799390512,0.15,S3_TREND
2026-06-22 09:00:00+00:00,BTC,BUY,4.111439308493573,0.004111439308493572,0.15,S3_TREND
2026-06-22 09:00:00+00:00,ETH,SELL,17.17806799489881,0.01717806799489881,0.15,S3_TREND
2026-06-22 09:00:00+00:00,SOL,BUY,33.559177610939514,0.03355917761093952,0.15,S3_TREND
2026-06-22 10:00:00+00:00,ETH,BUY,7.341085965555976,0.007341085965555976,0.15,S3_TREND
2026-06-22 10:00:00+00:00,SOL,BUY,13.313763845788344,0.013313763845788345,0.15,S3_TREND
2026-06-22 11:00:00+00:00,BTC,BUY,2.725400628265561,0.002725400628265561,0.15,S3_TREND
2026-06-22 11:00:00+00:00,ETH,SELL,18.38194093167658,0.018381940931676582,0.15,S3_TREND
2026-06-22 11:00:00+00:00,SOL,BUY,6.0883130530146445,0.0060883130530146445,0.15,S3_TREND
2026-06-22 12:00:00+00:00,BTC,SELL,60.96993016451779,0.060969930164517794,0.15,S3_TREND
2026-06-22 12:00:00+00:00,ETH,SELL,98.46466337554375,0.09846466337554376,0.15,S3_TREND
2026-06-22 12:00:00+00:00,SOL,SELL,26.173903199229244,0.026173903199229246,0.15,S3_TREND
2026-06-22 13:00:00+00:00,BTC,SELL,87.38297127810984,0.08738297127810983,0.15,S3_TREND
2026-06-22 13:00:00+00:00,ETH,BUY,47.07850758170753,0.04707850758170753,0.15,S3_TREND
2026-06-22 13:00:00+00:00,SOL,SELL,26.65322855924751,0.02665322855924751,0.15,S3_TREND
2026-06-22 14:00:00+00:00,BTC,SELL,46.27727154840977,0.04627727154840977,0.15,S3_TREND
2026-06-22 14:00:00+00:00,ETH,SELL,61.392449827742894,0.0613924498277429,0.15,S3_TREND
2026-06-22 14:00:00+00:00,SOL,SELL,57.58921015743363,0.05758921015743363,0.15,S3_TREND
2026-06-22 15:00:00+00:00,BTC,BUY,38.591752548820295,0.038591752548820295,0.15,S3_TREND
2026-06-22 15:00:00+00:00,ETH,BUY,91.11167534708511,0.09111167534708511,0.15,S3_TREND
2026-06-22 15:00:00+00:00,SOL,BUY,194.07665904683927,0.19407665904683927,0.15,S3_TREND
2026-06-22 16:00:00+00:00,BTC,BUY,5.76329927703955,0.0057632992770395505,0.15,S3_TREND
2026-06-22 16:00:00+00:00,ETH,BUY,53.06973130962251,0.05306973130962251,0.15,S3_TREND
2026-06-22 16:00:00+00:00,SOL,BUY,31.74353794288436,0.031743537942884356,0.15,S3_TREND
2026-06-22 17:00:00+00:00,BTC,BUY,10.021800773685754,0.010021800773685755,0.15,S3_TREND
2026-06-22 17:00:00+00:00,ETH,BUY,21.874298779472156,0.021874298779472157,0.15,S3_TREND
2026-06-22 17:00:00+00:00,SOL,BUY,22.827236189492396,0.022827236189492398,0.15,S3_TREND
2026-06-22 18:00:00+00:00,BTC,BUY,31.680312171172773,0.03168031217117277,0.15,S3_TREND
2026-06-22 18:00:00+00:00,SOL,SELL,55.86916555156313,0.05586916555156313,0.15,S3_TREND
2026-06-22 19:00:00+00:00,BTC,BUY,21.770650560245485,0.021770650560245484,0.15,S3_TREND
2026-06-22 19:00:00+00:00,ETH,BUY,23.323710671025765,0.023323710671025764,0.15,S3_TREND
2026-06-22 19:00:00+00:00,SOL,BUY,85.08616065360002,0.08508616065360002,0.15,S3_TREND
2026-06-22 20:00:00+00:00,BTC,SELL,21.944569460287312,0.021944569460287312,0.15,S3_TREND
2026-06-22 20:00:00+00:00,SOL,SELL,5.566294278112764,0.005566294278112764,0.15,S3_TREND
2026-06-22 21:00:00+00:00,BTC,BUY,10.17981529807912,0.01017981529807912,0.15,S3_TREND
2026-06-22 21:00:00+00:00,SOL,SELL,18.942233135257993,0.018942233135257995,0.15,S3_TREND
2026-06-22 22:00:00+00:00,BTC,BUY,16.0828557671648,0.0160828557671648,0.15,S3_TREND
2026-06-22 22:00:00+00:00,ETH,BUY,7.592347546175006,0.007592347546175006,0.15,S3_TREND
2026-06-22 22:00:00+00:00,SOL,BUY,7.004231976410665,0.0070042319764106655,0.15,S3_TREND
2026-06-22 23:00:00+00:00,BTC,BUY,35.47762406867696,0.03547762406867696,0.15,S3_TREND
2026-06-22 23:00:00+00:00,ETH,BUY,28.85089523764327,0.02885089523764327,0.15,S3_TREND
2026-06-22 23:00:00+00:00,SOL,BUY,79.94386736272645,0.07994386736272645,0.15,S3_TREND
2026-06-23 00:00:00+00:00,BTC,SELL,8.698021259802772,0.008698021259802772,0.15,S3_TREND
2026-06-23 00:00:00+00:00,ETH,SELL,30.306917679274193,0.030306917679274195,0.15,S3_TREND
2026-06-23 00:00:00+00:00,SOL,BUY,32.27240312897629,0.03227240312897629,0.15,S3_TREND
2026-06-23 01:00:00+00:00,BTC,SELL,22.686884184244263,0.022686884184244263,0.15,S3_TREND
2026-06-23 01:00:00+00:00,ETH,SELL,18.126575143665832,0.01812657514366583,0.15,S3_TREND
2026-06-23 01:00:00+00:00,SOL,BUY,17.73103203255232,0.017731032032552323,0.15,S3_TREND
2026-06-23 02:00:00+00:00,BTC,SELL,6.12818658742799,0.006128186587427991,0.15,S3_TREND
2026-06-23 02:00:00+00:00,SOL,BUY,28.49835890020404,0.02849835890020404,0.15,S3_TREND
2026-06-23 03:00:00+00:00,BTC,BUY,1.7316737664350512,0.0017316737664350513,0.15,S3_TREND
2026-06-23 03:00:00+00:00,ETH,SELL,4.934278819131578,0.004934278819131578,0.15,S3_TREND
2026-06-23 03:00:00+00:00,SOL,SELL,41.62661896112513,0.041626618961125135,0.15,S3_TREND
2026-06-23 04:00:00+00:00,BTC,BUY,21.972827910687556,0.021972827910687557,0.15,S3_TREND
2026-06-23 04:00:00+00:00,ETH,BUY,14.019754255899898,0.014019754255899897,0.15,S3_TREND
2026-06-23 04:00:00+00:00,SOL,SELL,7.723044586740797,0.0077230445867407975,0.15,S3_TREND
2026-06-23 05:00:00+00:00,BTC,BUY,52.54318731341482,0.05254318731341482,0.15,S3_TREND
2026-06-23 05:00:00+00:00,ETH,BUY,43.77858873750483,0.043778588737504835,0.15,S3_TREND
2026-06-23 05:00:00+00:00,SOL,BUY,58.837974906937234,0.058837974906937235,0.15,S3_TREND
2026-06-23 06:00:00+00:00,BTC,BUY,21.784575504578243,0.021784575504578244,0.15,S3_TREND
2026-06-23 06:00:00+00:00,ETH,BUY,18.06959027297853,0.018069590272978532,0.15,S3_TREND
2026-06-23 06:00:00+00:00,SOL,BUY,56.19479383795806,0.05619479383795806,0.15,S3_TREND
2026-06-23 07:00:00+00:00,BTC,BUY,39.44166251761635,0.039441662517616355,0.15,S3_TREND
2026-06-23 07:00:00+00:00,ETH,BUY,108.62149208060328,0.10862149208060327,0.15,S3_TREND
2026-06-23 07:00:00+00:00,SOL,BUY,74.12336557294111,0.07412336557294111,0.15,S3_TREND
2026-06-23 08:00:00+00:00,BTC,SELL,11.333689356735704,0.011333689356735704,0.15,S3_TREND
2026-06-23 08:00:00+00:00,ETH,BUY,52.503339366792716,0.05250333936679272,0.15,S3_TREND
2026-06-23 08:00:00+00:00,SOL,BUY,39.793832286599354,0.03979383228659936,0.15,S3_TREND
2026-06-23 09:00:00+00:00,BTC,BUY,12.136647690505924,0.012136647690505925,0.15,S3_TREND
2026-06-23 09:00:00+00:00,ETH,SELL,13311.108090537955,13.311108090537955,0.0,CASH
2026-06-23 09:00:00+00:00,SOL,BUY,156.42606063834683,0.15642606063834683,0.15,S3_TREND
2026-06-23 10:00:00+00:00,BTC,BUY,4.459020760170461,0.004459020760170461,0.15,S3_TREND
2026-06-23 10:00:00+00:00,ETH,BUY,13498.627006201361,13.498627006201362,0.15,S6_S8_REVERSAL
2026-06-23 10:00:00+00:00,SOL,SELL,38.74745510647699,0.038747455106476994,0.15,S3_TREND
2026-06-23 11:00:00+00:00,BTC,SELL,6739.308153604569,6.739308153604569,0.075,S6_REVERSAL
2026-06-23 11:00:00+00:00,ETH,SELL,18.82018777383564,0.018820187773835644,0.15,S6_S8_REVERSAL
2026-06-23 11:00:00+00:00,SOL,BUY,16.457197620045918,0.016457197620045917,0.15,S3_TREND
2026-06-23 12:00:00+00:00,BTC,SELL,5.883321392820108,0.0058833213928201076,0.075,S6_REVERSAL
2026-06-23 12:00:00+00:00,ETH,SELL,40.365367314152536,0.04036536731415254,0.15,S6_S8_REVERSAL
2026-06-23 12:00:00+00:00,SOL,SELL,73.00157681980272,0.07300157681980272,0.15,S3_TREND
2026-06-23 13:00:00+00:00,BTC,BUY,16.043034051380346,0.016043034051380346,0.075,S6_REVERSAL
2026-06-23 13:00:00+00:00,ETH,BUY,29.68835156377463,0.029688351563774633,0.15,S6_S8_REVERSAL
2026-06-23 13:00:00+00:00,SOL,BUY,46.17083835311132,0.046170838353111324,0.15,S6_S8_REVERSAL
2026-06-23 14:00:00+00:00,BTC,SELL,13.711901632422268,0.01371190163242227,0.075,S6_REVERSAL
2026-06-23 14:00:00+00:00,ETH,SELL,47.40757199382824,0.047407571993828244,0.15,S6_S8_REVERSAL
2026-06-23 14:00:00+00:00,SOL,SELL,22.906776952273503,0.022906776952273503,0.15,S6_S8_REVERSAL
2026-06-23 15:00:00+00:00,BTC,SELL,2.2096583143220414,0.0022096583143220412,0.075,S6_REVERSAL
2026-06-23 15:00:00+00:00,ETH,BUY,5.249017298687249,0.005249017298687249,0.15,S6_S8_REVERSAL
2026-06-23 16:00:00+00:00,BTC,SELL,4.78740971856314,0.00478740971856314,0.075,S6_REVERSAL
2026-06-23 16:00:00+00:00,ETH,BUY,8.030675249514388,0.008030675249514388,0.15,S6_S8_REVERSAL
2026-06-23 16:00:00+00:00,SOL,BUY,41.30337176814646,0.04130337176814646,0.15,S6_S8_REVERSAL
2026-06-23 17:00:00+00:00,BTC,SELL,7.879541179288936,0.007879541179288936,0.075,S6_REVERSAL
2026-06-23 17:00:00+00:00,ETH,BUY,2.997962301817097,0.0029979623018170968,0.15,S6_S8_REVERSAL
2026-06-23 17:00:00+00:00,SOL,BUY,7.255464074110932,0.007255464074110932,0.15,S6_S8_REVERSAL
2026-06-23 18:00:00+00:00,BTC,BUY,16.835352302315187,0.016835352302315188,0.075,S6_REVERSAL
2026-06-23 18:00:00+00:00,ETH,BUY,10.682744503315917,0.010682744503315916,0.15,S6_S8_REVERSAL
2026-06-23 18:00:00+00:00,SOL,BUY,12.062823064848999,0.012062823064849,0.15,S6_S8_REVERSAL
2026-06-23 19:00:00+00:00,BTC,BUY,12.565831776981213,0.012565831776981213,0.075,S6_REVERSAL
2026-06-23 19:00:00+00:00,ETH,BUY,10.851990638380812,0.010851990638380812,0.15,S6_S8_REVERSAL
2026-06-23 19:00:00+00:00,SOL,SELL,23.53065974627134,0.02353065974627134,0.15,S6_S8_REVERSAL
2026-06-23 20:00:00+00:00,BTC,SELL,11.272241840525567,0.011272241840525566,0.075,S6_REVERSAL
2026-06-23 20:00:00+00:00,ETH,SELL,48.17354626933957,0.04817354626933957,0.15,S6_S8_REVERSAL
2026-06-23 20:00:00+00:00,SOL,BUY,20.975283074632898,0.020975283074632898,0.15,S6_S8_REVERSAL
2026-06-23 21:00:00+00:00,BTC,SELL,4.64426674542392,0.00464426674542392,0.075,S6_REVERSAL
2026-06-23 21:00:00+00:00,ETH,SELL,4.082940592583327,0.004082940592583327,0.15,S6_S8_REVERSAL
2026-06-23 21:00:00+00:00,SOL,SELL,26.80685895881834,0.02680685895881834,0.15,S6_S8_REVERSAL
2026-06-23 22:00:00+00:00,BTC,SELL,7.649687376897418,0.007649687376897418,0.075,S6_REVERSAL
2026-06-23 22:00:00+00:00,ETH,SELL,8.654371415022979,0.008654371415022979,0.15,S6_S8_REVERSAL
2026-06-23 22:00:00+00:00,SOL,SELL,36.329101778605036,0.03632910177860504,0.15,S6_S8_REVERSAL
2026-06-23 23:00:00+00:00,BTC,BUY,3.959938450154368,0.003959938450154368,0.075,S6_REVERSAL
2026-06-23 23:00:00+00:00,ETH,BUY,22.60897733281854,0.02260897733281854,0.15,S6_S8_REVERSAL
2026-06-23 23:00:00+00:00,SOL,SELL,50.824206970419255,0.050824206970419256,0.15,S6_S8_REVERSAL
2026-06-24 00:00:00+00:00,BTC,SELL,10.920342298733885,0.010920342298733886,0.075,S6_REVERSAL
2026-06-24 00:00:00+00:00,ETH,SELL,10.580704567120847,0.010580704567120847,0.15,S6_S8_REVERSAL
2026-06-24 00:00:00+00:00,SOL,SELL,17.819375646298795,0.017819375646298794,0.15,S6_S8_REVERSAL
2026-06-24 01:00:00+00:00,BTC,SELL,20.94656416611633,0.020946564166116333,0.075,S6_REVERSAL
2026-06-24 01:00:00+00:00,ETH,SELL,16.014854799685054,0.016014854799685053,0.15,S6_S8_REVERSAL
2026-06-24 01:00:00+00:00,SOL,SELL,39.86169732149392,0.03986169732149392,0.15,S6_S8_REVERSAL
2026-06-24 02:00:00+00:00,BTC,BUY,10.260185925494625,0.010260185925494625,0.075,S6_REVERSAL
2026-06-24 02:00:00+00:00,ETH,SELL,7.958201556815766,0.007958201556815765,0.15,S6_S8_REVERSAL
2026-06-24 02:00:00+00:00,SOL,SELL,14.521456081782162,0.014521456081782163,0.15,S6_S8_REVERSAL
2026-06-24 03:00:00+00:00,BTC,BUY,15.697248649129506,0.015697248649129508,0.075,S6_REVERSAL
2026-06-24 03:00:00+00:00,ETH,BUY,36.650656151037765,0.03665065615103777,0.15,S6_S8_REVERSAL
2026-06-24 03:00:00+00:00,SOL,BUY,88.18384049524138,0.08818384049524139,0.15,S6_S8_REVERSAL
2026-06-24 04:00:00+00:00,BTC,SELL,6.762196866996419,0.006762196866996419,0.075,S6_REVERSAL
2026-06-24 04:00:00+00:00,ETH,SELL,13.43649522038504,0.013436495220385042,0.15,S6_S8_REVERSAL
2026-06-24 04:00:00+00:00,SOL,SELL,13.397736468063158,0.013397736468063158,0.15,S6_S8_REVERSAL
2026-06-24 05:00:00+00:00,ETH,SELL,15.271964330027913,0.015271964330027914,0.15,S6_S8_REVERSAL
2026-06-24 06:00:00+00:00,BTC,SELL,5.69490260769544,0.00569490260769544,0.075,S6_REVERSAL
2026-06-24 06:00:00+00:00,ETH,SELL,24.93163034520876,0.02493163034520876,0.15,S6_S8_REVERSAL
2026-06-24 06:00:00+00:00,SOL,SELL,50.761272967563855,0.05076127296756386,0.15,S6_S8_REVERSAL
2026-06-24 07:00:00+00:00,BTC,BUY,8.303429533353665,0.008303429533353664,0.075,S6_REVERSAL
2026-06-24 07:00:00+00:00,ETH,SELL,10.429596746358584,0.010429596746358584,0.15,S6_S8_REVERSAL
2026-06-24 07:00:00+00:00,SOL,BUY,31.66576853004517,0.03166576853004517,0.15,S6_S8_REVERSAL
2026-06-24 08:00:00+00:00,BTC,BUY,5.718694886243611,0.005718694886243611,0.075,S6_REVERSAL
2026-06-24 08:00:00+00:00,SOL,BUY,56.99645740107917,0.05699645740107917,0.15,S6_S8_REVERSAL
2026-06-24 09:00:00+00:00,BTC,SELL,12.641443157986032,0.012641443157986033,0.075,S6_REVERSAL
2026-06-24 09:00:00+00:00,ETH,BUY,3.5255646025470924,0.0035255646025470926,0.15,S6_S8_REVERSAL
2026-06-24 09:00:00+00:00,SOL,SELL,14.11372291857879,0.01411372291857879,0.15,S6_S8_REVERSAL
2026-06-24 10:00:00+00:00,BTC,BUY,5.585315739405814,0.005585315739405815,0.075,S6_REVERSAL
2026-06-24 10:00:00+00:00,ETH,BUY,35.35746808402837,0.03535746808402837,0.15,S6_S8_REVERSAL
2026-06-24 10:00:00+00:00,SOL,BUY,18.79625159051102,0.01879625159051102,0.15,S6_S8_REVERSAL
2026-06-24 11:00:00+00:00,BTC,BUY,17.614940897413362,0.01761494089741336,0.075,S6_REVERSAL
2026-06-24 11:00:00+00:00,ETH,BUY,12.430705641370878,0.012430705641370879,0.15,S6_S8_REVERSAL
2026-06-24 11:00:00+00:00,SOL,BUY,35.10587122337347,0.03510587122337347,0.15,S6_S8_REVERSAL
2026-06-24 12:00:00+00:00,BTC,SELL,26.586456925958373,0.026586456925958374,0.075,S6_REVERSAL
2026-06-24 12:00:00+00:00,ETH,SELL,79.40988532096526,0.07940988532096525,0.15,S6_S8_REVERSAL
2026-06-24 12:00:00+00:00,SOL,SELL,101.03672129242841,0.10103672129242841,0.15,S6_S8_REVERSAL
2026-06-24 13:00:00+00:00,BTC,BUY,20.06787339242328,0.02006787339242328,0.075,S6_REVERSAL
2026-06-24 13:00:00+00:00,ETH,BUY,39.77355737833386,0.039773557378333865,0.15,S6_S8_REVERSAL
2026-06-24 13:00:00+00:00,SOL,BUY,44.7812675284149,0.0447812675284149,0.15,S6_S8_REVERSAL
2026-06-24 14:00:00+00:00,BTC,SELL,6631.281786688359,6.631281786688359,0.0,CASH
2026-06-24 14:00:00+00:00,ETH,BUY,141.73868113125354,0.14173868113125354,0.15,S6_S8_REVERSAL
2026-06-24 14:00:00+00:00,SOL,BUY,45.25259954121793,0.045252599541217936,0.15,S6_S8_REVERSAL
2026-06-24 15:00:00+00:00,BTC,BUY,6735.298347628511,6.735298347628511,0.075,S6_REVERSAL
2026-06-24 15:00:00+00:00,ETH,SELL,14.188819679655353,0.014188819679655353,0.15,S6_S8_REVERSAL
2026-06-24 15:00:00+00:00,SOL,BUY,2.911349086496557,0.002911349086496557,0.15,S6_S8_REVERSAL
2026-06-24 16:00:00+00:00,BTC,BUY,46.98485585233266,0.04698485585233266,0.075,S6_REVERSAL
2026-06-24 16:00:00+00:00,ETH,SELL,13231.894650337517,13.231894650337518,0.0,CASH
2026-06-24 16:00:00+00:00,SOL,SELL,13169.337344244883,13.169337344244884,0.0,CASH
2026-06-24 17:00:00+00:00,BTC,SELL,6642.764532127185,6.642764532127185,0.0,CASH
2026-06-24 17:00:00+00:00,ETH,BUY,6681.847296429601,6.681847296429601,0.075,S6_REVERSAL
2026-06-24 17:00:00+00:00,SOL,BUY,6681.847296429601,6.681847296429601,0.075,S6_REVERSAL
2026-06-24 18:00:00+00:00,BTC,BUY,6659.54087800922,6.659540878009221,0.075,S6_REVERSAL
2026-06-24 18:00:00+00:00,ETH,SELL,6559.125836014379,6.559125836014379,0.0,CASH
2026-06-24 18:00:00+00:00,SOL,SELL,6527.156303698068,6.527156303698068,0.0,CASH
2026-06-24 19:00:00+00:00,BTC,SELL,21.80574248323228,0.02180574248323228,0.075,S6_REVERSAL
2026-06-24 19:00:00+00:00,ETH,BUY,6659.707898506424,6.659707898506424,0.075,S6_REVERSAL
2026-06-24 20:00:00+00:00,BTC,SELL,33.62103147655216,0.03362103147655216,0.075,S6_REVERSAL
2026-06-24 20:00:00+00:00,ETH,SELL,45.76873371423335,0.04576873371423335,0.075,S6_REVERSAL
2026-06-24 21:00:00+00:00,BTC,SELL,93.44778922253954,0.09344778922253955,0.075,S6_REVERSAL
2026-06-24 21:00:00+00:00,ETH,SELL,104.69093356156647,0.10469093356156647,0.075,S6_REVERSAL
2026-06-24 22:00:00+00:00,BTC,SELL,13.228549214481973,0.013228549214481973,0.075,S6_REVERSAL
2026-06-24 22:00:00+00:00,ETH,SELL,28.402927193019423,0.028402927193019425,0.075,S6_REVERSAL
2026-06-24 23:00:00+00:00,BTC,BUY,22.053139942926464,0.022053139942926465,0.075,S6_REVERSAL
2026-06-24 23:00:00+00:00,ETH,BUY,20.645525090343654,0.020645525090343654,0.075,S6_REVERSAL
2026-06-25 00:00:00+00:00,BTC,SELL,18.632704768141593,0.018632704768141595,0.075,S6_REVERSAL
2026-06-25 00:00:00+00:00,ETH,SELL,24.078657612632924,0.024078657612632923,0.075,S6_REVERSAL
2026-06-25 01:00:00+00:00,BTC,BUY,23.964482845599377,0.023964482845599377,0.075,S6_REVERSAL
2026-06-25 01:00:00+00:00,ETH,BUY,9.645168609225948,0.009645168609225948,0.075,S6_REVERSAL
2026-06-25 02:00:00+00:00,BTC,SELL,9.261454019099801,0.009261454019099802,0.075,S6_REVERSAL
2026-06-25 02:00:00+00:00,ETH,SELL,5.359509466643431,0.005359509466643431,0.075,S6_REVERSAL
2026-06-25 03:00:00+00:00,BTC,BUY,13.170818207279808,0.013170818207279809,0.075,S6_REVERSAL
2026-06-25 03:00:00+00:00,ETH,SELL,2.1304497868277394,0.0021304497868277397,0.075,S6_REVERSAL
2026-06-25 04:00:00+00:00,BTC,SELL,9.035896777953894,0.009035896777953894,0.075,S6_REVERSAL
2026-06-25 04:00:00+00:00,ETH,BUY,6.036509463059701,0.0060365094630597015,0.075,S6_REVERSAL
2026-06-25 05:00:00+00:00,BTC,SELL,43.36217055151792,0.04336217055151792,0.075,S6_REVERSAL
2026-06-25 05:00:00+00:00,ETH,SELL,55.00810622679182,0.055008106226791816,0.075,S6_REVERSAL
2026-06-25 06:00:00+00:00,BTC,SELL,21.135301407591214,0.021135301407591213,0.075,S6_REVERSAL
2026-06-25 06:00:00+00:00,ETH,SELL,39.11063203113372,0.03911063203113372,0.075,S6_REVERSAL
2026-06-25 07:00:00+00:00,BTC,SELL,10.826255635592133,0.010826255635592134,0.075,S6_REVERSAL
2026-06-25 07:00:00+00:00,ETH,SELL,29.271784544381262,0.029271784544381264,0.075,S6_REVERSAL
2026-06-25 08:00:00+00:00,BTC,SELL,6721.803787037942,6.721803787037942,0.0,CASH
2026-06-25 08:00:00+00:00,ETH,SELL,6715.542772480495,6.715542772480495,0.0,CASH
2026-06-25 14:00:00+00:00,BTC,BUY,6703.806942768372,6.703806942768372,0.075,S6_REVERSAL
2026-06-25 15:00:00+00:00,BTC,SELL,126.00784136112907,0.12600784136112908,0.075,S6_REVERSAL
2026-06-25 16:00:00+00:00,BTC,SELL,9.041716938441823,0.009041716938441823,0.075,S6_REVERSAL
2026-06-25 17:00:00+00:00,BTC,BUY,25.584134412049025,0.025584134412049025,0.075,S6_REVERSAL
2026-06-25 18:00:00+00:00,BTC,SELL,38.037654921883586,0.03803765492188359,0.075,S6_REVERSAL
2026-06-25 19:00:00+00:00,BTC,BUY,16.993714543840724,0.016993714543840726,0.075,S6_REVERSAL
2026-06-25 20:00:00+00:00,BTC,BUY,20.109512938311127,0.020109512938311126,0.075,S6_REVERSAL
2026-06-25 21:00:00+00:00,BTC,SELL,14.302015449111423,0.014302015449111423,0.075,S6_REVERSAL
2026-06-25 22:00:00+00:00,BTC,SELL,78.88093208348164,0.07888093208348164,0.075,S6_REVERSAL
2026-06-25 23:00:00+00:00,BTC,BUY,37.21837821570807,0.03721837821570807,0.075,S6_REVERSAL
2026-06-26 00:00:00+00:00,BTC,BUY,5.875790053707533,0.005875790053707533,0.075,S6_REVERSAL
2026-06-26 01:00:00+00:00,BTC,BUY,13.251715755233818,0.013251715755233817,0.075,S6_REVERSAL
2026-06-26 02:00:00+00:00,BTC,BUY,24.525714108931425,0.024525714108931423,0.075,S6_REVERSAL
2026-06-26 03:00:00+00:00,BTC,BUY,90.84673319043031,0.09084673319043031,0.075,S6_REVERSAL
2026-06-26 04:00:00+00:00,BTC,SELL,156.1326592844507,0.15613265928445072,0.075,S6_REVERSAL
2026-06-26 05:00:00+00:00,BTC,BUY,11.947290116397198,0.011947290116397198,0.075,S6_REVERSAL
2026-06-26 06:00:00+00:00,BTC,SELL,3.4053234205966874,0.0034053234205966873,0.075,S6_REVERSAL
2026-06-26 07:00:00+00:00,BTC,SELL,38.4218763537574,0.0384218763537574,0.075,S6_REVERSAL
2026-06-26 08:00:00+00:00,BTC,SELL,21.43873258655003,0.021438732586550033,0.075,S6_REVERSAL
2026-06-26 09:00:00+00:00,BTC,BUY,29.389263909864894,0.029389263909864894,0.075,S6_REVERSAL
2026-06-26 10:00:00+00:00,BTC,BUY,52.608552897751,0.052608552897750994,0.075,S6_REVERSAL
2026-06-26 11:00:00+00:00,BTC,BUY,43.9600398077373,0.04396003980773731,0.075,S6_REVERSAL
2026-06-26 12:00:00+00:00,BTC,SELL,10.469283253988579,0.01046928325398858,0.075,S6_REVERSAL
2026-06-26 13:00:00+00:00,BTC,BUY,23.852267857565494,0.023852267857565494,0.075,S6_REVERSAL
2026-06-26 14:00:00+00:00,BTC,SELL,103.88542851144575,0.10388542851144575,0.075,S6_REVERSAL
2026-06-26 15:00:00+00:00,BTC,BUY,60.38699679731144,0.060386996797311444,0.075,S6_REVERSAL
2026-06-26 16:00:00+00:00,BTC,SELL,76.86971766832812,0.07686971766832812,0.075,S6_REVERSAL
2026-06-26 17:00:00+00:00,BTC,BUY,29.510509767474105,0.029510509767474106,0.075,S6_REVERSAL
2026-06-26 18:00:00+00:00,BTC,BUY,1.8402123845189635,0.0018402123845189635,0.075,S6_REVERSAL
2026-06-26 19:00:00+00:00,BTC,BUY,36.85329433559218,0.03685329433559218,0.075,S6_REVERSAL
2026-06-26 20:00:00+00:00,BTC,SELL,8.742524402431627,0.008742524402431628,0.075,S6_REVERSAL
2026-06-26 21:00:00+00:00,BTC,BUY,3.531252596941158,0.0035312525969411583,0.075,S6_REVERSAL
2026-06-26 22:00:00+00:00,BTC,SELL,20.87934180438242,0.02087934180438242,0.075,S6_REVERSAL
2026-06-26 23:00:00+00:00,BTC,SELL,13.410462838785861,0.013410462838785862,0.075,S6_REVERSAL
2026-06-26 23:00:00+00:00,SOL,BUY,13437.403322805654,13.437403322805654,0.15,S3_TREND
2026-06-27 00:00:00+00:00,BTC,SELL,4.985527312434897,0.004985527312434897,0.075,S6_REVERSAL
2026-06-27 00:00:00+00:00,SOL,SELL,13.913395157413106,0.013913395157413107,0.15,S3_TREND
2026-06-27 01:00:00+00:00,BTC,BUY,2.965924981214812,0.002965924981214812,0.075,S6_REVERSAL
2026-06-27 01:00:00+00:00,SOL,BUY,10.477690630414145,0.010477690630414146,0.15,S3_TREND
2026-06-27 02:00:00+00:00,BTC,BUY,6.277372336067856,0.006277372336067856,0.075,S6_REVERSAL
2026-06-27 02:00:00+00:00,SOL,BUY,60.09994943172023,0.060099949431720236,0.15,S3_TREND
2026-06-27 03:00:00+00:00,BTC,SELL,26.23878704867184,0.02623878704867184,0.075,S6_REVERSAL
2026-06-27 03:00:00+00:00,SOL,SELL,101.22923660035121,0.10122923660035121,0.15,S3_TREND
2026-06-27 04:00:00+00:00,SOL,SELL,23.533384256290443,0.023533384256290445,0.15,S3_TREND
2026-06-27 05:00:00+00:00,BTC,BUY,2.638198195732002,0.0026381981957320022,0.075,S6_REVERSAL
2026-06-27 05:00:00+00:00,SOL,BUY,51.115466009579904,0.051115466009579905,0.15,S3_TREND
2026-06-27 06:00:00+00:00,BTC,SELL,1.350486423062648,0.0013504864230626482,0.075,S6_REVERSAL
2026-06-27 06:00:00+00:00,SOL,BUY,18.998603907102734,0.018998603907102733,0.15,S3_TREND
2026-06-27 07:00:00+00:00,BTC,SELL,9.323986877684547,0.009323986877684548,0.075,S6_REVERSAL
2026-06-27 07:00:00+00:00,SOL,SELL,48.66442916726191,0.04866442916726191,0.15,S3_TREND
2026-06-27 08:00:00+00:00,BTC,SELL,15.769013052940863,0.015769013052940865,0.075,S6_REVERSAL
2026-06-27 08:00:00+00:00,SOL,SELL,25.572901780047687,0.025572901780047688,0.15,S3_TREND
2026-06-27 09:00:00+00:00,BTC,SELL,6718.552398359758,6.7185523983597575,0.0,CASH
2026-06-27 09:00:00+00:00,SOL,BUY,42.75320955750976,0.04275320955750976,0.15,S3_TREND
2026-06-27 10:00:00+00:00,SOL,BUY,27.551345723832128,0.027551345723832128,0.15,S3_TREND
2026-06-27 11:00:00+00:00,SOL,SELL,30.218577014476978,0.03021857701447698,0.15,S3_TREND
2026-06-27 12:00:00+00:00,SOL,BUY,36.48884089921921,0.036488840899219215,0.15,S3_TREND
2026-06-27 13:00:00+00:00,SOL,SELL,57.28102437555572,0.05728102437555572,0.15,S3_TREND
2026-06-27 14:00:00+00:00,SOL,SELL,30.109173339198605,0.030109173339198606,0.15,S3_TREND
2026-06-27 15:00:00+00:00,SOL,SELL,55.329164922888594,0.0553291649228886,0.15,S3_TREND
2026-06-27 16:00:00+00:00,SOL,SELL,18.899132717120665,0.018899132717120664,0.15,S3_TREND
2026-06-27 17:00:00+00:00,SOL,BUY,29.865742564961693,0.029865742564961693,0.15,S3_TREND
2026-06-27 18:00:00+00:00,SOL,BUY,92.95150361538799,0.092951503615388,0.15,S3_TREND
2026-06-27 19:00:00+00:00,SOL,BUY,20.610439883363142,0.020610439883363144,0.15,S3_TREND
2026-06-27 20:00:00+00:00,SOL,BUY,128.69998355811367,0.12869998355811368,0.15,S3_TREND
2026-06-27 21:00:00+00:00,SOL,SELL,32.105520270877605,0.032105520270877604,0.15,S3_TREND
2026-06-27 22:00:00+00:00,SOL,BUY,52.81115135676555,0.05281115135676555,0.15,S3_TREND
2026-06-27 23:00:00+00:00,SOL,SELL,17.682810743490336,0.017682810743490335,0.15,S3_TREND
2026-06-28 00:00:00+00:00,SOL,BUY,96.27897685019343,0.09627897685019343,0.15,S3_TREND
2026-06-28 01:00:00+00:00,SOL,SELL,37.18942399244952,0.03718942399244952,0.15,S3_TREND
2026-06-28 02:00:00+00:00,SOL,SELL,19.34758268004225,0.01934758268004225,0.15,S3_TREND
2026-06-28 03:00:00+00:00,SOL,BUY,19.311244231901583,0.019311244231901583,0.15,S3_TREND
2026-06-28 04:00:00+00:00,SOL,SELL,22.568562332940928,0.02256856233294093,0.15,S3_TREND
2026-06-28 05:00:00+00:00,SOL,BUY,14.478749185043853,0.014478749185043853,0.15,S3_TREND
2026-06-28 06:00:00+00:00,BTC,BUY,13404.764021063786,13.404764021063786,0.15,S3_TREND
2026-06-28 06:00:00+00:00,ETH,BUY,6702.382010531893,6.702382010531893,0.075,S6_REVERSAL
2026-06-28 06:00:00+00:00,SOL,BUY,40.269454610923276,0.04026945461092327,0.15,S3_TREND
2026-06-28 07:00:00+00:00,BTC,SELL,8.460831919781413,0.008460831919781413,0.15,S3_TREND
2026-06-28 07:00:00+00:00,ETH,BUY,2.974314794799284,0.0029743147947992837,0.075,S6_REVERSAL
2026-06-28 07:00:00+00:00,SOL,BUY,7.892987449113207,0.007892987449113207,0.15,S3_TREND
2026-06-28 08:00:00+00:00,BTC,SELL,18.055088564567995,0.018055088564567997,0.15,S3_TREND
2026-06-28 08:00:00+00:00,ETH,SELL,19.433427835682778,0.01943342783568278,0.075,S6_REVERSAL
2026-06-28 08:00:00+00:00,SOL,SELL,89.3800470538772,0.08938004705387721,0.15,S3_TREND
2026-06-28 09:00:00+00:00,BTC,SELL,1.3401778796451254,0.0013401778796451253,0.15,S3_TREND
2026-06-28 09:00:00+00:00,ETH,BUY,6723.065471358772,6.723065471358772,0.15,S3_TREND
2026-06-28 09:00:00+00:00,SOL,SELL,124.70561314290171,0.12470561314290171,0.15,S3_TREND
2026-06-28 10:00:00+00:00,BTC,BUY,6.17950263689454,0.0061795026368945405,0.15,S3_TREND
2026-06-28 10:00:00+00:00,ETH,BUY,2.6711431409476063,0.0026711431409476064,0.15,S3_TREND
2026-06-28 10:00:00+00:00,SOL,BUY,52.52981916528552,0.05252981916528552,0.15,S3_TREND
2026-06-28 11:00:00+00:00,BTC,BUY,13.601781515208131,0.013601781515208132,0.15,S3_TREND
2026-06-28 11:00:00+00:00,ETH,BUY,9.391714269730073,0.009391714269730074,0.15,S3_TREND
2026-06-28 11:00:00+00:00,SOL,BUY,2.44300044173724,0.0024430004417372404,0.15,S3_TREND
2026-06-28 12:00:00+00:00,BTC,SELL,13.58533111124052,0.013585331111240521,0.15,S3_TREND
2026-06-28 12:00:00+00:00,ETH,SELL,23.002224994985227,0.023002224994985228,0.15,S3_TREND
2026-06-28 12:00:00+00:00,SOL,SELL,57.150389085521965,0.05715038908552197,0.15,S3_TREND
2026-06-28 13:00:00+00:00,BTC,BUY,8.670234079823786,0.008670234079823785,0.15,S3_TREND
2026-06-28 13:00:00+00:00,ETH,SELL,8.100927570487329,0.008100927570487328,0.15,S3_TREND
2026-06-28 13:00:00+00:00,SOL,BUY,7.211374861071818,0.007211374861071818,0.15,S3_TREND
2026-06-28 14:00:00+00:00,BTC,BUY,33.44851495780313,0.03344851495780313,0.15,S3_TREND
2026-06-28 14:00:00+00:00,ETH,BUY,16.955668508944655,0.016955668508944654,0.15,S3_TREND
2026-06-28 14:00:00+00:00,SOL,BUY,8.323198476147809,0.008323198476147809,0.15,S3_TREND
2026-06-28 15:00:00+00:00,BTC,BUY,7.525566931137291,0.007525566931137291,0.15,S3_TREND
2026-06-28 15:00:00+00:00,ETH,SELL,17.090025378776772,0.017090025378776772,0.15,S3_TREND
2026-06-28 15:00:00+00:00,SOL,BUY,13.81607132746285,0.013816071327462851,0.15,S3_TREND
2026-06-28 16:00:00+00:00,BTC,BUY,38.41764768733265,0.03841764768733265,0.15,S3_TREND
2026-06-28 16:00:00+00:00,ETH,BUY,11.998045775148057,0.011998045775148057,0.15,S3_TREND
2026-06-28 16:00:00+00:00,SOL,SELL,74.18955534823726,0.07418955534823726,0.15,S3_TREND
2026-06-28 17:00:00+00:00,BTC,BUY,12.988490439835005,0.012988490439835005,0.15,S3_TREND
2026-06-28 17:00:00+00:00,ETH,BUY,36.70496739771079,0.036704967397710786,0.15,S3_TREND
2026-06-28 17:00:00+00:00,SOL,BUY,67.01316099355245,0.06701316099355245,0.15,S3_TREND
2026-06-28 18:00:00+00:00,BTC,BUY,19.05033944994466,0.019050339449944657,0.15,S3_TREND
2026-06-28 18:00:00+00:00,SOL,SELL,2.5910347508070117,0.002591034750807012,0.15,S3_TREND
2026-06-28 19:00:00+00:00,BTC,SELL,16.556349838918322,0.01655634983891832,0.15,S3_TREND
2026-06-28 19:00:00+00:00,ETH,SELL,5.658979728092163,0.005658979728092163,0.15,S3_TREND
2026-06-28 19:00:00+00:00,SOL,BUY,59.20983401598096,0.05920983401598096,0.15,S3_TREND
2026-06-28 20:00:00+00:00,BTC,BUY,3.4494406610338046,0.0034494406610338047,0.15,S3_TREND
2026-06-28 20:00:00+00:00,ETH,BUY,34.843657029272435,0.03484365702927244,0.15,S3_TREND
2026-06-28 20:00:00+00:00,SOL,BUY,58.351202397432644,0.05835120239743265,0.15,S3_TREND
2026-06-28 21:00:00+00:00,BTC,SELL,17.6752076356388,0.0176752076356388,0.15,S3_TREND
2026-06-28 21:00:00+00:00,ETH,SELL,51.03504107003027,0.05103504107003027,0.15,S3_TREND
2026-06-28 21:00:00+00:00,SOL,SELL,13.529398258149739,0.01352939825814974,0.15,S3_TREND
2026-06-28 22:00:00+00:00,BTC,BUY,15.86853835463262,0.01586853835463262,0.15,S3_TREND
2026-06-28 22:00:00+00:00,ETH,BUY,49.304405213531936,0.04930440521353194,0.15,S3_TREND
2026-06-28 22:00:00+00:00,SOL,BUY,52.81530131231193,0.052815301312311935,0.15,S3_TREND
2026-06-28 23:00:00+00:00,BTC,BUY,57.18282503340561,0.057182825033405604,0.15,S3_TREND
2026-06-28 23:00:00+00:00,ETH,BUY,27.965334128841278,0.02796533412884128,0.15,S3_TREND
2026-06-28 23:00:00+00:00,SOL,BUY,17.495907654019902,0.017495907654019902,0.15,S3_TREND
2026-06-29 00:00:00+00:00,BTC,SELL,45.74247293453118,0.04574247293453118,0.15,S3_TREND
2026-06-29 00:00:00+00:00,ETH,SELL,58.03932290250851,0.05803932290250851,0.15,S3_TREND
2026-06-29 00:00:00+00:00,SOL,SELL,150.88501733660087,0.15088501733660087,0.15,S3_TREND
2026-06-29 01:00:00+00:00,BTC,SELL,7.637597774406458,0.007637597774406458,0.15,S3_TREND
2026-06-29 01:00:00+00:00,SOL,SELL,38.0941677624287,0.038094167762428695,0.15,S3_TREND
2026-06-29 02:00:00+00:00,BTC,BUY,32.267798849745304,0.0322677988497453,0.15,S3_TREND
2026-06-29 02:00:00+00:00,ETH,BUY,21.759246277340935,0.021759246277340934,0.15,S3_TREND
2026-06-29 02:00:00+00:00,SOL,BUY,13.261673588729536,0.013261673588729537,0.15,S3_TREND
2026-06-29 03:00:00+00:00,BTC,SELL,30.874843930791027,0.030874843930791027,0.15,S3_TREND
2026-06-29 03:00:00+00:00,ETH,SELL,26.916775970141316,0.026916775970141315,0.15,S3_TREND
2026-06-29 03:00:00+00:00,SOL,SELL,90.73579789617725,0.09073579789617725,0.15,S3_TREND
2026-06-29 04:00:00+00:00,BTC,SELL,31.715452538106547,0.03171545253810655,0.15,S3_TREND
2026-06-29 04:00:00+00:00,ETH,SELL,35.69375051374118,0.03569375051374118,0.15,S3_TREND
2026-06-29 04:00:00+00:00,SOL,SELL,57.27679878632625,0.05727679878632626,0.15,S3_TREND
2026-06-29 05:00:00+00:00,BTC,BUY,2.4818975637790572,0.002481897563779057,0.15,S3_TREND
2026-06-29 05:00:00+00:00,ETH,BUY,32.06375691912035,0.032063756919120355,0.15,S3_TREND
2026-06-29 05:00:00+00:00,SOL,BUY,136.80029539787938,0.13680029539787938,0.15,S3_TREND
2026-06-29 06:00:00+00:00,BTC,SELL,24.371057645766996,0.024371057645766997,0.15,S3_TREND
2026-06-29 06:00:00+00:00,ETH,SELL,27.92246088772299,0.027922460887722992,0.15,S3_TREND
2026-06-29 06:00:00+00:00,SOL,SELL,83.02989743030957,0.08302989743030957,0.15,S3_TREND
2026-06-29 07:00:00+00:00,BTC,BUY,6.497259154215499,0.006497259154215499,0.15,S3_TREND
2026-06-29 07:00:00+00:00,ETH,BUY,2.7623149829341855,0.0027623149829341855,0.15,S3_TREND
2026-06-29 07:00:00+00:00,SOL,SELL,10.790225655424365,0.010790225655424365,0.15,S3_TREND
2026-06-29 08:00:00+00:00,BTC,BUY,15.253321581421915,0.015253321581421914,0.15,S3_TREND
2026-06-29 08:00:00+00:00,ETH,BUY,26.705848075331232,0.02670584807533123,0.15,S3_TREND
2026-06-29 08:00:00+00:00,SOL,SELL,57.23058198794206,0.057230581987942064,0.15,S3_TREND
2026-06-29 09:00:00+00:00,BTC,BUY,26.27138896078941,0.02627138896078941,0.15,S3_TREND
2026-06-29 09:00:00+00:00,ETH,BUY,45.824224041945854,0.04582422404194585,0.15,S3_TREND
2026-06-29 09:00:00+00:00,SOL,SELL,15.47031487593813,0.01547031487593813,0.15,S3_TREND
2026-06-29 10:00:00+00:00,BTC,SELL,31.248413721592442,0.03124841372159244,0.15,S3_TREND
2026-06-29 10:00:00+00:00,ETH,SELL,10.000949779556322,0.010000949779556323,0.15,S3_TREND
2026-06-29 10:00:00+00:00,SOL,SELL,23.16349304583491,0.023163493045834913,0.15,S3_TREND
2026-06-29 11:00:00+00:00,BTC,BUY,5.745425309989514,0.005745425309989514,0.15,S3_TREND
2026-06-29 11:00:00+00:00,ETH,SELL,7.81476256107635,0.00781476256107635,0.15,S3_TREND
2026-06-29 11:00:00+00:00,SOL,SELL,6787.399045685745,6.787399045685745,0.075,S6_REVERSAL
2026-06-29 12:00:00+00:00,BTC,SELL,6723.277361272804,6.723277361272804,0.075,S6_REVERSAL
2026-06-29 12:00:00+00:00,ETH,BUY,11.245412874197427,0.011245412874197428,0.15,S3_TREND
2026-06-29 12:00:00+00:00,SOL,BUY,56.22437836429526,0.056224378364295266,0.075,S6_REVERSAL
2026-06-29 13:00:00+00:00,BTC,BUY,7.900344008944558,0.007900344008944557,0.075,S6_REVERSAL
2026-06-29 13:00:00+00:00,ETH,SELL,6735.873843756536,6.735873843756536,0.075,S6_REVERSAL
2026-06-29 13:00:00+00:00,SOL,SELL,84.81422577741614,0.08481422577741614,0.075,S6_REVERSAL
2026-06-29 14:00:00+00:00,BTC,BUY,38.2687954178964,0.0382687954178964,0.075,S6_REVERSAL
2026-06-29 14:00:00+00:00,ETH,BUY,11.260495186128537,0.011260495186128537,0.075,S6_REVERSAL
2026-06-29 14:00:00+00:00,SOL,SELL,23.36147196269667,0.02336147196269667,0.075,S6_REVERSAL
2026-06-29 15:00:00+00:00,BTC,BUY,11.608272111382576,0.011608272111382576,0.075,S6_REVERSAL
2026-06-29 15:00:00+00:00,ETH,SELL,1.576897054548681,0.001576897054548681,0.075,S6_REVERSAL
2026-06-29 16:00:00+00:00,BTC,SELL,33.55095504896781,0.03355095504896781,0.075,S6_REVERSAL
2026-06-29 16:00:00+00:00,ETH,SELL,24.91030439932547,0.02491030439932547,0.075,S6_REVERSAL
2026-06-29 16:00:00+00:00,SOL,SELL,10.727690618305132,0.010727690618305133,0.075,S6_REVERSAL
2026-06-29 17:00:00+00:00,BTC,SELL,4.864635608229946,0.004864635608229946,0.075,S6_REVERSAL
2026-06-29 17:00:00+00:00,ETH,SELL,18.90635822047261,0.01890635822047261,0.075,S6_REVERSAL
2026-06-29 17:00:00+00:00,SOL,SELL,6.225054881304458,0.006225054881304458,0.075,S6_REVERSAL
2026-06-29 18:00:00+00:00,BTC,SELL,31.857622610370523,0.03185762261037053,0.075,S6_REVERSAL
2026-06-29 18:00:00+00:00,ETH,SELL,154.71621019002487,0.15471621019002488,0.075,S6_REVERSAL
2026-06-29 18:00:00+00:00,SOL,SELL,90.72277250410481,0.0907227725041048,0.075,S6_REVERSAL
2026-06-29 19:00:00+00:00,BTC,BUY,12.107769560471752,0.012107769560471751,0.075,S6_REVERSAL
2026-06-29 19:00:00+00:00,ETH,BUY,27.637717536812488,0.02763771753681249,0.075,S6_REVERSAL
2026-06-29 19:00:00+00:00,SOL,SELL,6798.199110062667,6.798199110062668,0.0,CASH
2026-06-29 20:00:00+00:00,BTC,SELL,13.489729681178687,0.013489729681178687,0.075,S6_REVERSAL
2026-06-29 20:00:00+00:00,ETH,SELL,16.73199352503616,0.01673199352503616,0.075,S6_REVERSAL
2026-06-29 21:00:00+00:00,BTC,BUY,11.769850378886986,0.011769850378886986,0.075,S6_REVERSAL
2026-06-29 21:00:00+00:00,ETH,BUY,29.44243659145286,0.02944243659145286,0.075,S6_REVERSAL
2026-06-29 21:00:00+00:00,SOL,BUY,13538.630295034794,13.538630295034794,0.15,S3_TREND
2026-06-29 22:00:00+00:00,BTC,SELL,17.475098493164296,0.017475098493164296,0.075,S6_REVERSAL
2026-06-29 22:00:00+00:00,ETH,SELL,6.643502397558223,0.006643502397558222,0.075,S6_REVERSAL
2026-06-29 22:00:00+00:00,SOL,SELL,18.847627373726937,0.018847627373726937,0.15,S3_TREND
2026-06-29 23:00:00+00:00,BTC,BUY,7.738422049974361,0.007738422049974361,0.075,S6_REVERSAL
2026-06-29 23:00:00+00:00,ETH,BUY,23.15406960261498,0.02315406960261498,0.075,S6_REVERSAL
2026-06-29 23:00:00+00:00,SOL,BUY,29.989888655532923,0.029989888655532922,0.15,S3_TREND
2026-06-30 00:00:00+00:00,BTC,BUY,8.117689352859088,0.008117689352859088,0.075,S6_REVERSAL
2026-06-30 00:00:00+00:00,ETH,SELL,2.92164734139169,0.0029216473413916904,0.075,S6_REVERSAL
2026-06-30 00:00:00+00:00,SOL,BUY,15.355894068134148,0.015355894068134148,0.15,S3_TREND
2026-06-30 01:00:00+00:00,BTC,BUY,27.97868012843719,0.02797868012843719,0.075,S6_REVERSAL
2026-06-30 01:00:00+00:00,ETH,BUY,58.79211012768883,0.05879211012768883,0.075,S6_REVERSAL
2026-06-30 01:00:00+00:00,SOL,BUY,94.35146969405287,0.09435146969405286,0.15,S3_TREND
2026-06-30 02:00:00+00:00,BTC,SELL,11.070899659873248,0.011070899659873248,0.075,S6_REVERSAL
2026-06-30 02:00:00+00:00,ETH,BUY,2.532566283084634,0.0025325662830846343,0.075,S6_REVERSAL
2026-06-30 02:00:00+00:00,SOL,BUY,4.459697723736099,0.004459697723736099,0.15,S3_TREND
2026-06-30 03:00:00+00:00,ETH,BUY,15.764498556775834,0.015764498556775836,0.075,S6_REVERSAL
2026-06-30 03:00:00+00:00,SOL,SELL,31.26661316186619,0.03126661316186619,0.15,S3_TREND
2026-06-30 04:00:00+00:00,BTC,BUY,27.39883651639775,0.02739883651639775,0.075,S6_REVERSAL
2026-06-30 04:00:00+00:00,ETH,BUY,5.02785857224444,0.005027858572244441,0.075,S6_REVERSAL
2026-06-30 04:00:00+00:00,SOL,BUY,55.45399386240388,0.05545399386240388,0.15,S3_TREND
2026-06-30 05:00:00+00:00,BTC,BUY,12.263921560203926,0.012263921560203925,0.075,S6_REVERSAL
2026-06-30 05:00:00+00:00,ETH,SELL,6.945995958205458,0.0069459959582054585,0.075,S6_REVERSAL
2026-06-30 05:00:00+00:00,SOL,BUY,22.976360530303282,0.02297636053030328,0.15,S3_TREND
2026-06-30 06:00:00+00:00,BTC,SELL,12.922818621023907,0.012922818621023907,0.075,S6_REVERSAL
2026-06-30 06:00:00+00:00,ETH,BUY,6729.4527395379655,6.729452739537965,0.15,S3_TREND
2026-06-30 06:00:00+00:00,SOL,SELL,25.98238451783982,0.02598238451783982,0.15,S3_TREND
2026-06-30 07:00:00+00:00,BTC,BUY,6.2990380260271195,0.0062990380260271196,0.075,S6_REVERSAL
2026-06-30 07:00:00+00:00,ETH,SELL,18.85633121673345,0.01885633121673345,0.15,S3_TREND
2026-06-30 07:00:00+00:00,SOL,BUY,9.906298307309044,0.009906298307309044,0.15,S3_TREND
2026-06-30 08:00:00+00:00,BTC,BUY,6.2053247430330885,0.006205324743033089,0.075,S6_REVERSAL
2026-06-30 08:00:00+00:00,ETH,BUY,7.266438876426037,0.007266438876426037,0.15,S3_TREND
2026-06-30 08:00:00+00:00,SOL,SELL,1.148837264499889,0.001148837264499889,0.15,S3_TREND
2026-06-30 09:00:00+00:00,BTC,BUY,9.63119864656528,0.009631198646565281,0.075,S6_REVERSAL
2026-06-30 09:00:00+00:00,ETH,BUY,43.360074876689396,0.0433600748766894,0.15,S3_TREND
2026-06-30 09:00:00+00:00,SOL,BUY,67.39968357364887,0.06739968357364888,0.15,S3_TREND
2026-06-30 10:00:00+00:00,BTC,SELL,3.480870942643378,0.003480870942643378,0.075,S6_REVERSAL
2026-06-30 10:00:00+00:00,ETH,SELL,4.235462406941224,0.004235462406941224,0.15,S3_TREND
2026-06-30 10:00:00+00:00,SOL,SELL,23.564768646219814,0.023564768646219814,0.15,S3_TREND
2026-06-30 11:00:00+00:00,BTC,BUY,2.256728452979587,0.002256728452979587,0.075,S6_REVERSAL
2026-06-30 11:00:00+00:00,ETH,BUY,2.2783794983006374,0.0022783794983006374,0.15,S3_TREND
2026-06-30 11:00:00+00:00,SOL,BUY,15.286943218779925,0.015286943218779925,0.15,S3_TREND
2026-06-30 12:00:00+00:00,BTC,BUY,7.19063291166276,0.007190632911662761,0.075,S6_REVERSAL
2026-06-30 12:00:00+00:00,ETH,BUY,32.85425027657766,0.03285425027657766,0.15,S3_TREND
2026-06-30 12:00:00+00:00,SOL,BUY,33.454320028278744,0.03345432002827874,0.15,S3_TREND
2026-06-30 13:00:00+00:00,BTC,BUY,47.22886470519825,0.04722886470519825,0.075,S6_REVERSAL
2026-06-30 13:00:00+00:00,ETH,BUY,136.5682115822019,0.13656821158220192,0.15,S3_TREND
2026-06-30 13:00:00+00:00,SOL,BUY,160.64264264408848,0.16064264264408848,0.15,S3_TREND
2026-06-30 14:00:00+00:00,BTC,SELL,14.07937534629309,0.014079375346293091,0.075,S6_REVERSAL
2026-06-30 14:00:00+00:00,ETH,SELL,78.40685832499912,0.07840685832499912,0.15,S3_TREND
2026-06-30 14:00:00+00:00,SOL,SELL,100.14394759647075,0.10014394759647076,0.15,S3_TREND
2026-06-30 15:00:00+00:00,BTC,BUY,25.63590522537652,0.02563590522537652,0.075,S6_REVERSAL
2026-06-30 15:00:00+00:00,ETH,BUY,25.487759186336916,0.025487759186336917,0.15,S3_TREND
2026-06-30 15:00:00+00:00,SOL,SELL,23.27295354016678,0.023272953540166782,0.15,S3_TREND
2026-06-30 16:00:00+00:00,BTC,BUY,14.216697326171015,0.014216697326171016,0.075,S6_REVERSAL
2026-06-30 16:00:00+00:00,ETH,SELL,8.941817248780353,0.008941817248780353,0.15,S3_TREND
2026-06-30 16:00:00+00:00,SOL,SELL,27.67057496428606,0.02767057496428606,0.15,S3_TREND
2026-06-30 17:00:00+00:00,BTC,SELL,2.441052877906259,0.002441052877906259,0.075,S6_REVERSAL
2026-06-30 17:00:00+00:00,ETH,SELL,39.87387190213849,0.03987387190213849,0.15,S3_TREND
2026-06-30 17:00:00+00:00,SOL,SELL,47.93384692102518,0.04793384692102518,0.15,S3_TREND
2026-06-30 18:00:00+00:00,BTC,BUY,2.686078671643372,0.002686078671643372,0.075,S6_REVERSAL
2026-06-30 18:00:00+00:00,SOL,BUY,50.965038760650714,0.05096503876065071,0.15,S3_TREND
2026-06-30 19:00:00+00:00,BTC,SELL,16.721828551178078,0.016721828551178076,0.075,S6_REVERSAL
2026-06-30 19:00:00+00:00,ETH,SELL,43.36443314754251,0.043364433147542514,0.15,S3_TREND
2026-06-30 19:00:00+00:00,SOL,SELL,51.89612489815954,0.05189612489815954,0.15,S3_TREND
2026-06-30 20:00:00+00:00,BTC,SELL,11.701376529837944,0.011701376529837944,0.075,S6_REVERSAL
2026-06-30 20:00:00+00:00,ETH,SELL,4.095674301417603,0.004095674301417602,0.15,S3_TREND
2026-06-30 20:00:00+00:00,SOL,SELL,17.563177292824548,0.01756317729282455,0.15,S3_TREND
2026-06-30 21:00:00+00:00,BTC,BUY,5.512016000127915,0.005512016000127915,0.075,S6_REVERSAL
2026-06-30 21:00:00+00:00,ETH,BUY,29.888522565959647,0.029888522565959648,0.15,S3_TREND
2026-06-30 22:00:00+00:00,BTC,BUY,4.375750013049583,0.0043757500130495825,0.075,S6_REVERSAL
2026-06-30 22:00:00+00:00,ETH,BUY,24.4373125779548,0.024437312577954798,0.15,S3_TREND
2026-06-30 22:00:00+00:00,SOL,BUY,22.824720014383274,0.022824720014383276,0.15,S3_TREND
2026-06-30 23:00:00+00:00,ETH,BUY,27.11183729428012,0.02711183729428012,0.15,S3_TREND
2026-06-30 23:00:00+00:00,SOL,BUY,3.5791633988665126,0.0035791633988665125,0.15,S3_TREND
2026-07-01 00:00:00+00:00,BTC,BUY,4.1490553693402035,0.004149055369340204,0.075,S6_REVERSAL
2026-07-01 00:00:00+00:00,ETH,SELL,25.1161867576393,0.0251161867576393,0.15,S3_TREND
2026-07-01 00:00:00+00:00,SOL,SELL,29.81642419571108,0.02981642419571108,0.15,S3_TREND
2026-07-01 01:00:00+00:00,BTC,BUY,6.846091043858905,0.0068460910438589056,0.075,S6_REVERSAL
2026-07-01 01:00:00+00:00,ETH,SELL,23.668953567070275,0.023668953567070276,0.15,S3_TREND
2026-07-01 01:00:00+00:00,SOL,BUY,6.182741920130866,0.006182741920130866,0.15,S3_TREND
2026-07-01 02:00:00+00:00,BTC,SELL,14.709881585918083,0.014709881585918084,0.075,S6_REVERSAL
2026-07-01 02:00:00+00:00,ETH,SELL,9.031961523214704,0.009031961523214704,0.15,S3_TREND
2026-07-01 02:00:00+00:00,SOL,SELL,39.50430486852747,0.03950430486852747,0.15,S3_TREND
2026-07-01 03:00:00+00:00,BTC,SELL,16.584038998950746,0.016584038998950747,0.075,S6_REVERSAL
2026-07-01 03:00:00+00:00,ETH,SELL,32.727377090348455,0.03272737709034845,0.15,S3_TREND
2026-07-01 03:00:00+00:00,SOL,SELL,112.09949128947483,0.11209949128947483,0.15,S3_TREND
2026-07-01 04:00:00+00:00,BTC,BUY,3.043938539408373,0.003043938539408373,0.075,S6_REVERSAL
2026-07-01 04:00:00+00:00,ETH,SELL,40.63623085838117,0.04063623085838117,0.15,S3_TREND
2026-07-01 04:00:00+00:00,SOL,SELL,94.48976605772805,0.09448976605772805,0.15,S3_TREND
2026-07-01 05:00:00+00:00,BTC,SELL,11.130685380885552,0.011130685380885552,0.075,S6_REVERSAL
2026-07-01 05:00:00+00:00,ETH,SELL,28.114080444664072,0.028114080444664073,0.15,S3_TREND
2026-07-01 05:00:00+00:00,SOL,SELL,3.9770114187613217,0.0039770114187613215,0.15,S3_TREND
2026-07-01 06:00:00+00:00,BTC,BUY,11.239303626511173,0.011239303626511174,0.075,S6_REVERSAL
2026-07-01 06:00:00+00:00,ETH,BUY,33.855952621426695,0.033855952621426696,0.15,S3_TREND
2026-07-01 06:00:00+00:00,SOL,BUY,37.43405737353896,0.03743405737353896,0.15,S3_TREND
2026-07-01 07:00:00+00:00,BTC,BUY,18.86506045522492,0.01886506045522492,0.075,S6_REVERSAL
2026-07-01 07:00:00+00:00,ETH,BUY,90.92631981531122,0.09092631981531121,0.15,S3_TREND
2026-07-01 07:00:00+00:00,SOL,BUY,111.84351004292148,0.11184351004292148,0.15,S3_TREND
2026-07-01 08:00:00+00:00,BTC,BUY,7.603567737405683,0.007603567737405684,0.075,S6_REVERSAL
2026-07-01 08:00:00+00:00,ETH,SELL,2.0741294395684235,0.0020741294395684234,0.15,S3_TREND
2026-07-01 08:00:00+00:00,SOL,SELL,81.35689147501216,0.08135689147501217,0.15,S3_TREND
2026-07-01 09:00:00+00:00,BTC,SELL,11.518381933878118,0.011518381933878118,0.075,S6_REVERSAL
2026-07-01 09:00:00+00:00,ETH,SELL,10.112573169499228,0.010112573169499229,0.15,S3_TREND
2026-07-01 09:00:00+00:00,SOL,SELL,78.49321449675881,0.0784932144967588,0.15,S3_TREND
2026-07-01 10:00:00+00:00,BTC,BUY,2.5052909590849595,0.0025052909590849593,0.075,S6_REVERSAL
2026-07-01 10:00:00+00:00,ETH,BUY,9.86980400799439,0.00986980400799439,0.15,S3_TREND
2026-07-01 10:00:00+00:00,SOL,SELL,5.298205905570285,0.005298205905570285,0.15,S3_TREND
2026-07-01 11:00:00+00:00,BTC,BUY,18.968935022103324,0.018968935022103325,0.075,S6_REVERSAL
2026-07-01 11:00:00+00:00,ETH,BUY,37.40088196794386,0.03740088196794386,0.15,S3_TREND
2026-07-01 11:00:00+00:00,SOL,BUY,56.82539257696226,0.05682539257696226,0.15,S3_TREND
2026-07-01 12:00:00+00:00,ETH,BUY,21.102780721463205,0.021102780721463207,0.15,S3_TREND
2026-07-01 12:00:00+00:00,SOL,BUY,17.65800995987047,0.01765800995987047,0.15,S3_TREND
2026-07-01 13:00:00+00:00,BTC,BUY,5.766175941969777,0.0057661759419697775,0.075,S6_REVERSAL
2026-07-01 13:00:00+00:00,ETH,SELL,10.273152174066126,0.010273152174066127,0.15,S3_TREND
2026-07-01 13:00:00+00:00,SOL,BUY,34.1442557406408,0.034144255740640804,0.15,S3_TREND
2026-07-01 14:00:00+00:00,BTC,SELL,65.31876113786711,0.06531876113786711,0.075,S6_REVERSAL
2026-07-01 14:00:00+00:00,ETH,SELL,141.14899115210028,0.14114899115210028,0.15,S3_TREND
2026-07-01 14:00:00+00:00,SOL,SELL,167.82176612656622,0.1678217661265662,0.15,S3_TREND
2026-07-01 15:00:00+00:00,BTC,BUY,10.283127590969343,0.010283127590969344,0.075,S6_REVERSAL
2026-07-01 15:00:00+00:00,ETH,SELL,3.070540280026762,0.0030705402800267623,0.15,S3_TREND
2026-07-01 15:00:00+00:00,SOL,SELL,134.93862106283268,0.1349386210628327,0.15,S3_TREND
2026-07-01 16:00:00+00:00,BTC,SELL,45.672312494540165,0.045672312494540165,0.075,S6_REVERSAL
2026-07-01 16:00:00+00:00,ETH,SELL,113.67395668781683,0.11367395668781682,0.15,S3_TREND
2026-07-01 16:00:00+00:00,SOL,SELL,34.554647638296956,0.03455464763829696,0.15,S3_TREND
2026-07-01 17:00:00+00:00,BTC,BUY,16.82587579067058,0.01682587579067058,0.075,S6_REVERSAL
2026-07-01 17:00:00+00:00,ETH,BUY,28.960885767939544,0.028960885767939544,0.15,S3_TREND
2026-07-01 17:00:00+00:00,SOL,BUY,27.95359955620006,0.02795359955620006,0.15,S3_TREND
2026-07-01 18:00:00+00:00,BTC,SELL,15.30226661483357,0.015302266614833571,0.075,S6_REVERSAL
2026-07-01 18:00:00+00:00,ETH,SELL,38.08802395738894,0.038088023957388945,0.15,S3_TREND
2026-07-01 18:00:00+00:00,SOL,SELL,74.90151749594406,0.07490151749594406,0.15,S3_TREND
2026-07-01 19:00:00+00:00,BTC,SELL,6.433243520318683,0.006433243520318683,0.075,S6_REVERSAL
2026-07-01 19:00:00+00:00,ETH,BUY,34.19545942361219,0.03419545942361219,0.15,S3_TREND
2026-07-01 19:00:00+00:00,SOL,BUY,44.04215238960205,0.04404215238960205,0.15,S3_TREND
2026-07-01 20:00:00+00:00,BTC,BUY,10.349458064062674,0.010349458064062674,0.075,S6_REVERSAL
2026-07-01 20:00:00+00:00,ETH,SELL,23.811228901435243,0.023811228901435243,0.15,S3_TREND
2026-07-01 20:00:00+00:00,SOL,BUY,60.693009024034836,0.060693009024034836,0.15,S3_TREND
2026-07-01 21:00:00+00:00,BTC,SELL,4.817067469309222,0.004817067469309222,0.075,S6_REVERSAL
2026-07-01 21:00:00+00:00,ETH,BUY,15.603505489854797,0.015603505489854798,0.15,S3_TREND
2026-07-01 21:00:00+00:00,SOL,SELL,61.89406085680457,0.06189406085680457,0.15,S3_TREND
2026-07-01 22:00:00+00:00,BTC,SELL,6880.975639810028,6.880975639810028,0.0,CASH
2026-07-01 22:00:00+00:00,ETH,SELL,65.70512483095445,0.06570512483095445,0.15,S3_TREND
2026-07-01 22:00:00+00:00,SOL,SELL,116.45718316334388,0.11645718316334389,0.15,S3_TREND
2026-07-01 23:00:00+00:00,ETH,BUY,59.201833466833705,0.059201833466833706,0.15,S3_TREND
2026-07-01 23:00:00+00:00,SOL,BUY,67.22319910864462,0.06722319910864462,0.15,S3_TREND
2026-07-02 00:00:00+00:00,ETH,SELL,13531.819848338951,13.531819848338952,0.0,CASH
2026-07-02 00:00:00+00:00,SOL,BUY,44.3431675237789,0.044343167523778905,0.15,S3_TREND
2026-07-02 01:00:00+00:00,SOL,BUY,26.33399427711447,0.02633399427711447,0.15,S3_TREND
2026-07-02 02:00:00+00:00,SOL,SELL,139.13909015027093,0.13913909015027093,0.15,S3_TREND
2026-07-02 03:00:00+00:00,SOL,SELL,35.56374191784016,0.03556374191784016,0.15,S3_TREND
2026-07-02 04:00:00+00:00,SOL,SELL,39.88701198885065,0.039887011988850654,0.15,S3_TREND
2026-07-02 05:00:00+00:00,SOL,BUY,63.32406053346676,0.06332406053346676,0.15,S3_TREND
2026-07-02 06:00:00+00:00,SOL,BUY,25.144852750872815,0.025144852750872814,0.15,S3_TREND
2026-07-02 07:00:00+00:00,SOL,BUY,29.644308520133563,0.029644308520133562,0.15,S3_TREND
2026-07-02 08:00:00+00:00,SOL,SELL,13.375190569498955,0.013375190569498955,0.15,S3_TREND
2026-07-02 09:00:00+00:00,SOL,SELL,71.24267800047164,0.07124267800047164,0.15,S3_TREND
2026-07-02 10:00:00+00:00,ETH,BUY,13658.41518148102,13.65841518148102,0.15,S3_TREND
2026-07-02 10:00:00+00:00,SOL,SELL,149.13360288653348,0.1491336028865335,0.15,S3_TREND
2026-07-02 11:00:00+00:00,ETH,BUY,45.15952951601139,0.04515952951601139,0.15,S3_TREND
2026-07-02 11:00:00+00:00,SOL,SELL,378.3148392829298,0.37831483928292986,0.15,S3_TREND
2026-07-02 12:00:00+00:00,ETH,SELL,22.73943410676293,0.022739434106762928,0.15,S3_TREND
2026-07-02 12:00:00+00:00,SOL,SELL,34.62017170964282,0.03462017170964282,0.15,S3_TREND
2026-07-02 13:00:00+00:00,ETH,SELL,112.73204967534002,0.11273204967534002,0.15,S3_TREND
2026-07-02 13:00:00+00:00,SOL,BUY,153.12492908937566,0.15312492908937567,0.15,S3_TREND
2026-07-02 14:00:00+00:00,ETH,SELL,333.84748749496976,0.3338474874949698,0.15,S3_TREND
2026-07-02 14:00:00+00:00,SOL,BUY,44.976226927272364,0.044976226927272364,0.15,S3_TREND
2026-07-02 15:00:00+00:00,BTC,BUY,13756.696014980227,13.756696014980227,0.15,S3_TREND
2026-07-02 15:00:00+00:00,ETH,BUY,38.483332132322175,0.038483332132322176,0.15,S3_TREND
2026-07-02 15:00:00+00:00,SOL,BUY,126.93301148952196,0.12693301148952196,0.15,S3_TREND
2026-07-02 16:00:00+00:00,BTC,BUY,16.78109777712052,0.016781097777120522,0.15,S3_TREND
2026-07-02 16:00:00+00:00,ETH,BUY,34.423457075932674,0.034423457075932674,0.15,S3_TREND
2026-07-02 16:00:00+00:00,SOL,SELL,58.24320822489244,0.05824320822489244,0.15,S3_TREND
2026-07-02 17:00:00+00:00,BTC,SELL,18.190698433571015,0.018190698433571014,0.15,S3_TREND
2026-07-02 17:00:00+00:00,ETH,SELL,23.76844359054121,0.02376844359054121,0.15,S3_TREND
2026-07-02 17:00:00+00:00,SOL,BUY,51.73215935344342,0.05173215935344342,0.15,S3_TREND
2026-07-02 18:00:00+00:00,ETH,BUY,27.78785159632571,0.02778785159632571,0.15,S3_TREND
2026-07-02 18:00:00+00:00,SOL,SELL,18.162017438413386,0.018162017438413388,0.15,S3_TREND
2026-07-02 19:00:00+00:00,ETH,SELL,29.154192229978438,0.029154192229978438,0.15,S3_TREND
2026-07-02 19:00:00+00:00,SOL,SELL,47.33201710959293,0.047332017109592936,0.15,S3_TREND
2026-07-02 20:00:00+00:00,BTC,BUY,46.437851021861206,0.04643785102186121,0.15,S3_TREND
2026-07-02 20:00:00+00:00,ETH,SELL,1.4662225959855277,0.0014662225959855277,0.15,S3_TREND
2026-07-02 20:00:00+00:00,SOL,BUY,17.14579663923905,0.017145796639239052,0.15,S3_TREND
2026-07-02 21:00:00+00:00,BTC,SELL,8.365852559571067,0.008365852559571067,0.15,S3_TREND
2026-07-02 21:00:00+00:00,ETH,SELL,30.1376294550264,0.0301376294550264,0.15,S3_TREND
2026-07-02 21:00:00+00:00,SOL,SELL,17.16126194590288,0.01716126194590288,0.15,S3_TREND
2026-07-02 22:00:00+00:00,BTC,SELL,14.232261068347725,0.014232261068347725,0.15,S3_TREND
2026-07-02 22:00:00+00:00,ETH,BUY,31.99877386902881,0.03199877386902881,0.15,S3_TREND
2026-07-02 22:00:00+00:00,SOL,BUY,28.222795760828376,0.028222795760828378,0.15,S3_TREND
2026-07-02 23:00:00+00:00,BTC,BUY,16.71251477902115,0.016712514779021147,0.15,S3_TREND
2026-07-02 23:00:00+00:00,ETH,BUY,15.452114520747273,0.015452114520747273,0.15,S3_TREND
2026-07-02 23:00:00+00:00,SOL,BUY,10.483300456808138,0.010483300456808137,0.15,S3_TREND
2026-07-03 00:00:00+00:00,BTC,SELL,11.996775277420966,0.011996775277420966,0.15,S3_TREND
2026-07-03 00:00:00+00:00,ETH,SELL,20.69995896123328,0.020699958961233278,0.15,S3_TREND
2026-07-03 00:00:00+00:00,SOL,SELL,1.0357500153386354,0.0010357500153386355,0.15,S3_TREND
2026-07-03 01:00:00+00:00,BTC,BUY,43.5852306104116,0.0435852306104116,0.15,S3_TREND
2026-07-03 01:00:00+00:00,ETH,BUY,18.34647941777257,0.018346479417772572,0.15,S3_TREND
2026-07-03 01:00:00+00:00,SOL,SELL,15.955792215094334,0.015955792215094335,0.15,S3_TREND
2026-07-03 02:00:00+00:00,BTC,SELL,15.138989300063258,0.01513898930006326,0.15,S3_TREND
2026-07-03 02:00:00+00:00,ETH,SELL,78.72449675262214,0.07872449675262215,0.15,S3_TREND
2026-07-03 02:00:00+00:00,SOL,SELL,80.19224817043869,0.08019224817043868,0.15,S3_TREND
2026-07-03 03:00:00+00:00,BTC,BUY,1.7218864231708721,0.0017218864231708722,0.15,S3_TREND
2026-07-03 03:00:00+00:00,ETH,BUY,29.62704038663105,0.029627040386631054,0.15,S3_TREND
2026-07-03 03:00:00+00:00,SOL,BUY,83.64813845472963,0.08364813845472964,0.15,S3_TREND
2026-07-03 04:00:00+00:00,ETH,SELL,14.04100007220768,0.01404100007220768,0.15,S3_TREND
2026-07-03 04:00:00+00:00,SOL,BUY,14.83774738853208,0.01483774738853208,0.15,S3_TREND
2026-07-03 05:00:00+00:00,BTC,SELL,11.493870140197032,0.011493870140197033,0.15,S3_TREND
2026-07-03 05:00:00+00:00,ETH,BUY,17.865781376811356,0.017865781376811357,0.15,S3_TREND
2026-07-03 05:00:00+00:00,SOL,BUY,28.271859560416488,0.028271859560416487,0.15,S3_TREND
2026-07-03 06:00:00+00:00,BTC,SELL,16.756337023542073,0.016756337023542074,0.15,S3_TREND
2026-07-03 06:00:00+00:00,ETH,SELL,56.00335152648768,0.05600335152648768,0.15,S3_TREND
2026-07-03 06:00:00+00:00,SOL,SELL,72.97936813321576,0.07297936813321576,0.15,S3_TREND
2026-07-03 07:00:00+00:00,BTC,SELL,5.344946171577249,0.005344946171577249,0.15,S3_TREND
2026-07-03 07:00:00+00:00,ETH,SELL,12.061041261289574,0.012061041261289575,0.15,S3_TREND
2026-07-03 07:00:00+00:00,SOL,BUY,29.05846558639132,0.029058465586391323,0.15,S3_TREND
2026-07-03 08:00:00+00:00,BTC,BUY,1.0468697746873659,0.0010468697746873659,0.15,S3_TREND
2026-07-03 08:00:00+00:00,ETH,SELL,3.892155144736535,0.0038921551447365353,0.15,S3_TREND
2026-07-03 08:00:00+00:00,SOL,SELL,34.17650682259955,0.03417650682259955,0.15,S3_TREND
2026-07-03 09:00:00+00:00,BTC,BUY,26.00690224585378,0.02600690224585378,0.15,S3_TREND
2026-07-03 09:00:00+00:00,ETH,SELL,28.205406555769517,0.02820540655576952,0.15,S3_TREND
2026-07-03 09:00:00+00:00,SOL,BUY,43.158484323075754,0.04315848432307576,0.15,S3_TREND
2026-07-03 10:00:00+00:00,BTC,SELL,15.15913558340617,0.015159135583406171,0.15,S3_TREND
2026-07-03 10:00:00+00:00,ETH,SELL,36.14030543952504,0.03614030543952504,0.15,S3_TREND
2026-07-03 10:00:00+00:00,SOL,SELL,3.7508968388228823,0.0037508968388228823,0.15,S3_TREND
2026-07-03 11:00:00+00:00,BTC,SELL,4.9877111727546435,0.004987711172754644,0.15,S3_TREND
2026-07-03 11:00:00+00:00,ETH,SELL,87.85983824824507,0.08785983824824507,0.15,S3_TREND
2026-07-03 11:00:00+00:00,SOL,SELL,51.033592160689295,0.0510335921606893,0.15,S3_TREND
2026-07-03 12:00:00+00:00,BTC,SELL,19.501483049425588,0.01950148304942559,0.15,S3_TREND
2026-07-03 12:00:00+00:00,ETH,BUY,1.5948176848087314,0.0015948176848087315,0.15,S3_TREND
2026-07-03 12:00:00+00:00,SOL,BUY,1.1400052393328224,0.0011400052393328224,0.15,S3_TREND
2026-07-03 13:00:00+00:00,ETH,BUY,39.07955956607475,0.03907955956607475,0.15,S3_TREND
2026-07-03 13:00:00+00:00,SOL,SELL,4.283686035481878,0.004283686035481878,0.15,S3_TREND
2026-07-03 14:00:00+00:00,BTC,SELL,9.729857494416137,0.009729857494416138,0.15,S3_TREND
2026-07-03 14:00:00+00:00,ETH,SELL,73.0262467012708,0.0730262467012708,0.15,S3_TREND
2026-07-03 14:00:00+00:00,SOL,BUY,8.298727394803791,0.008298727394803791,0.15,S3_TREND
2026-07-03 15:00:00+00:00,BTC,SELL,20.7959183096591,0.0207959183096591,0.15,S3_TREND
2026-07-03 15:00:00+00:00,ETH,BUY,77.76687414362641,0.07776687414362642,0.15,S3_TREND
2026-07-03 15:00:00+00:00,SOL,SELL,22.896764462333522,0.022896764462333522,0.15,S3_TREND
2026-07-03 16:00:00+00:00,BTC,BUY,27.042516662437265,0.027042516662437267,0.15,S3_TREND
2026-07-03 16:00:00+00:00,ETH,BUY,19.636783142152126,0.019636783142152125,0.15,S3_TREND
2026-07-03 16:00:00+00:00,SOL,BUY,53.88070154943125,0.053880701549431254,0.15,S3_TREND
2026-07-03 17:00:00+00:00,BTC,SELL,23.279050397337414,0.023279050397337415,0.15,S3_TREND
2026-07-03 17:00:00+00:00,ETH,SELL,1.6436702265418717,0.0016436702265418717,0.15,S3_TREND
2026-07-03 17:00:00+00:00,SOL,SELL,38.79073188327857,0.03879073188327857,0.15,S3_TREND
2026-07-03 18:00:00+00:00,BTC,SELL,5.062040356877333,0.005062040356877333,0.15,S3_TREND
2026-07-03 18:00:00+00:00,ETH,SELL,21.66339981492456,0.02166339981492456,0.15,S3_TREND
2026-07-03 18:00:00+00:00,SOL,SELL,27.60981620878738,0.02760981620878738,0.15,S3_TREND
2026-07-03 19:00:00+00:00,BTC,BUY,7.183163847141259,0.007183163847141259,0.15,S3_TREND
2026-07-03 19:00:00+00:00,ETH,BUY,4.711564039007499,0.004711564039007499,0.15,S3_TREND
2026-07-03 19:00:00+00:00,SOL,SELL,46.459403799095526,0.04645940379909553,0.15,S3_TREND
2026-07-03 20:00:00+00:00,BTC,BUY,15.61570848368865,0.01561570848368865,0.15,S3_TREND
2026-07-03 20:00:00+00:00,ETH,SELL,35.725417635436315,0.03572541763543632,0.15,S3_TREND
2026-07-03 20:00:00+00:00,SOL,SELL,42.1071288436342,0.0421071288436342,0.15,S3_TREND
2026-07-03 21:00:00+00:00,BTC,SELL,76.41913150475375,0.07641913150475375,0.15,S3_TREND
2026-07-03 21:00:00+00:00,ETH,SELL,115.00748746516365,0.11500748746516365,0.15,S3_TREND
2026-07-03 21:00:00+00:00,SOL,BUY,7.954651136886241,0.007954651136886242,0.15,S3_TREND
2026-07-03 22:00:00+00:00,BTC,BUY,3.9934527730201808,0.003993452773020181,0.15,S3_TREND
2026-07-03 22:00:00+00:00,ETH,BUY,15.239816938121294,0.015239816938121294,0.15,S3_TREND
2026-07-03 22:00:00+00:00,SOL,BUY,2.4487011621149577,0.002448701162114958,0.15,S3_TREND
2026-07-03 23:00:00+00:00,BTC,BUY,13.937414739069936,0.013937414739069936,0.15,S3_TREND
2026-07-03 23:00:00+00:00,ETH,BUY,26.572479676700823,0.026572479676700823,0.15,S3_TREND
2026-07-03 23:00:00+00:00,SOL,BUY,33.64428977690477,0.03364428977690477,0.15,S3_TREND
2026-07-04 00:00:00+00:00,ETH,SELL,4.473688581851093,0.0044736885818510925,0.15,S3_TREND
2026-07-04 01:00:00+00:00,BTC,SELL,31.268211254773632,0.03126821125477363,0.15,S3_TREND
2026-07-04 01:00:00+00:00,ETH,BUY,3.550840189149312,0.003550840189149312,0.15,S3_TREND
2026-07-04 01:00:00+00:00,SOL,BUY,1.5771917153942923,0.0015771917153942923,0.15,S3_TREND
2026-07-04 02:00:00+00:00,BTC,BUY,30.04459960047825,0.030044599600478252,0.15,S3_TREND
2026-07-04 02:00:00+00:00,ETH,BUY,51.41901664248326,0.05141901664248326,0.15,S3_TREND
2026-07-04 02:00:00+00:00,SOL,BUY,42.21297125789715,0.04221297125789715,0.15,S3_TREND
2026-07-04 03:00:00+00:00,BTC,SELL,5.592267134084977,0.005592267134084977,0.15,S3_TREND
2026-07-04 03:00:00+00:00,SOL,SELL,30.563707823739605,0.030563707823739607,0.15,S3_TREND
2026-07-04 04:00:00+00:00,BTC,BUY,2.9960905994576024,0.0029960905994576023,0.15,S3_TREND
2026-07-04 04:00:00+00:00,ETH,SELL,14.790490446284819,0.01479049044628482,0.15,S3_TREND
2026-07-04 04:00:00+00:00,SOL,SELL,71.99791322118108,0.07199791322118108,0.15,S3_TREND
2026-07-04 05:00:00+00:00,BTC,BUY,13.904883203922509,0.013904883203922509,0.15,S3_TREND
2026-07-04 05:00:00+00:00,ETH,SELL,31.550006080422467,0.031550006080422466,0.15,S3_TREND
2026-07-04 05:00:00+00:00,SOL,SELL,92.63098198631633,0.09263098198631634,0.15,S3_TREND
2026-07-04 06:00:00+00:00,BTC,BUY,34.12328090410847,0.03412328090410847,0.15,S3_TREND
2026-07-04 06:00:00+00:00,ETH,BUY,28.4334123284043,0.028433412328404302,0.15,S3_TREND
2026-07-04 06:00:00+00:00,SOL,SELL,1.629022034305308,0.0016290220343053079,0.15,S3_TREND
2026-07-04 07:00:00+00:00,BTC,SELL,27.612360447757965,0.027612360447757965,0.15,S3_TREND
2026-07-04 07:00:00+00:00,ETH,SELL,11.755528796122235,0.011755528796122235,0.15,S3_TREND
2026-07-04 07:00:00+00:00,SOL,BUY,117.2831032252252,0.11728310322522521,0.15,S3_TREND
2026-07-04 08:00:00+00:00,BTC,SELL,6.053840193544602,0.006053840193544602,0.15,S3_TREND
2026-07-04 08:00:00+00:00,ETH,SELL,16.08378753749639,0.016083787537496393,0.15,S3_TREND
2026-07-04 08:00:00+00:00,SOL,SELL,17.7763695747326,0.0177763695747326,0.15,S3_TREND
2026-07-04 09:00:00+00:00,BTC,SELL,1.2597560057383816,0.0012597560057383817,0.15,S3_TREND
2026-07-04 09:00:00+00:00,ETH,SELL,38.78946864925456,0.03878946864925456,0.15,S3_TREND
2026-07-04 09:00:00+00:00,SOL,BUY,62.73653311816088,0.06273653311816088,0.15,S3_TREND
2026-07-04 10:00:00+00:00,BTC,SELL,8.111397273900366,0.008111397273900365,0.15,S3_TREND
2026-07-04 10:00:00+00:00,ETH,BUY,11.579191978627932,0.011579191978627933,0.15,S3_TREND
2026-07-04 10:00:00+00:00,SOL,BUY,74.87616410793271,0.07487616410793271,0.15,S3_TREND
2026-07-04 11:00:00+00:00,BTC,SELL,4.936696617505731,0.004936696617505731,0.15,S3_TREND
2026-07-04 11:00:00+00:00,ETH,SELL,8.774027597975874,0.008774027597975874,0.15,S3_TREND
2026-07-04 11:00:00+00:00,SOL,BUY,16.260123180141818,0.01626012318014182,0.15,S3_TREND
2026-07-04 12:00:00+00:00,BTC,BUY,9.357399277985678,0.009357399277985678,0.15,S3_TREND
2026-07-04 12:00:00+00:00,ETH,BUY,9.656663425783336,0.009656663425783335,0.15,S3_TREND
2026-07-04 12:00:00+00:00,SOL,SELL,28.125307735252136,0.028125307735252136,0.15,S3_TREND
2026-07-04 13:00:00+00:00,BTC,SELL,33.139437179957895,0.0331394371799579,0.15,S3_TREND
2026-07-04 13:00:00+00:00,ETH,SELL,39.99496825118513,0.03999496825118513,0.15,S3_TREND
2026-07-04 13:00:00+00:00,SOL,BUY,46.32289263723396,0.046322892637233964,0.15,S3_TREND
2026-07-04 14:00:00+00:00,BTC,BUY,15.475670111947693,0.015475670111947693,0.15,S3_TREND
2026-07-04 14:00:00+00:00,SOL,SELL,11.399890428810979,0.011399890428810979,0.15,S3_TREND
2026-07-04 15:00:00+00:00,BTC,SELL,6.349499096088039,0.006349499096088039,0.15,S3_TREND
2026-07-04 15:00:00+00:00,ETH,SELL,47.26452210030402,0.04726452210030402,0.15,S3_TREND
2026-07-04 15:00:00+00:00,SOL,SELL,8.531319333946158,0.008531319333946158,0.15,S3_TREND
2026-07-04 16:00:00+00:00,BTC,SELL,13.604460917680626,0.013604460917680626,0.15,S3_TREND
2026-07-04 16:00:00+00:00,ETH,SELL,106.21172843550994,0.10621172843550994,0.15,S3_TREND
2026-07-04 16:00:00+00:00,SOL,SELL,33.106842796385536,0.03310684279638554,0.15,S3_TREND
2026-07-04 17:00:00+00:00,BTC,SELL,2.7619980431372824,0.0027619980431372823,0.15,S3_TREND
2026-07-04 17:00:00+00:00,ETH,BUY,26.945041386205048,0.02694504138620505,0.15,S3_TREND
2026-07-04 17:00:00+00:00,SOL,SELL,1.2174009636619303,0.0012174009636619304,0.15,S3_TREND
2026-07-04 18:00:00+00:00,BTC,SELL,43.664837491895014,0.043664837491895016,0.15,S3_TREND
2026-07-04 18:00:00+00:00,ETH,SELL,63.35981636193537,0.06335981636193537,0.15,S3_TREND
2026-07-04 18:00:00+00:00,SOL,SELL,19.70850472778511,0.01970850472778511,0.15,S3_TREND
2026-07-04 19:00:00+00:00,BTC,BUY,6.8864364985875,0.0068864364985875,0.15,S3_TREND
2026-07-04 19:00:00+00:00,ETH,BUY,27.706900772551307,0.027706900772551307,0.15,S3_TREND
2026-07-04 19:00:00+00:00,SOL,BUY,27.15273325907401,0.02715273325907401,0.15,S3_TREND
2026-07-04 20:00:00+00:00,BTC,SELL,33.75677177087891,0.033756771770878914,0.15,S3_TREND
2026-07-04 20:00:00+00:00,SOL,BUY,59.35370970864824,0.05935370970864824,0.15,S3_TREND
2026-07-04 21:00:00+00:00,BTC,BUY,7.582770974950108,0.0075827709749501085,0.15,S3_TREND
2026-07-04 21:00:00+00:00,ETH,BUY,37.68775405009001,0.037687754050090005,0.15,S3_TREND
2026-07-04 21:00:00+00:00,SOL,SELL,24.590438294253545,0.024590438294253544,0.15,S3_TREND
2026-07-04 22:00:00+00:00,BTC,SELL,9.557405244941037,0.009557405244941038,0.15,S3_TREND
2026-07-04 22:00:00+00:00,ETH,SELL,11.820868744227482,0.011820868744227482,0.15,S3_TREND
2026-07-04 22:00:00+00:00,SOL,BUY,4.566088505534935,0.004566088505534935,0.15,S3_TREND
2026-07-04 23:00:00+00:00,BTC,BUY,14.315314980327457,0.014315314980327457,0.15,S3_TREND
2026-07-04 23:00:00+00:00,ETH,BUY,24.68973830057439,0.02468973830057439,0.15,S3_TREND
2026-07-05 00:00:00+00:00,ETH,BUY,22.473183063997567,0.02247318306399757,0.15,S3_TREND
2026-07-05 00:00:00+00:00,SOL,BUY,12.304407279707448,0.012304407279707448,0.15,S3_TREND
2026-07-05 01:00:00+00:00,BTC,BUY,6.3687018846321735,0.006368701884632174,0.15,S3_TREND
2026-07-05 01:00:00+00:00,ETH,BUY,35.22295223887886,0.03522295223887886,0.15,S3_TREND
2026-07-05 01:00:00+00:00,SOL,BUY,56.5522175753249,0.05655221757532491,0.15,S3_TREND
2026-07-05 02:00:00+00:00,ETH,BUY,25.363945611188683,0.025363945611188682,0.15,S3_TREND
2026-07-05 02:00:00+00:00,SOL,BUY,56.25610139989658,0.05625610139989658,0.15,S3_TREND
2026-07-05 03:00:00+00:00,BTC,BUY,17.74060074699264,0.01774060074699264,0.15,S3_TREND
2026-07-05 03:00:00+00:00,ETH,BUY,19.527623395519186,0.019527623395519184,0.15,S3_TREND
2026-07-05 03:00:00+00:00,SOL,BUY,56.836251749962685,0.056836251749962687,0.15,S3_TREND
2026-07-05 04:00:00+00:00,BTC,SELL,8.438122944298811,0.008438122944298812,0.15,S3_TREND
2026-07-05 04:00:00+00:00,ETH,BUY,2.652023356722566,0.002652023356722566,0.15,S3_TREND
2026-07-05 04:00:00+00:00,SOL,SELL,24.51636140266237,0.02451636140266237,0.15,S3_TREND
2026-07-05 05:00:00+00:00,BTC,SELL,1.0230997457310878,0.0010230997457310877,0.15,S3_TREND
2026-07-05 05:00:00+00:00,ETH,SELL,37.47758818306647,0.03747758818306647,0.15,S3_TREND
2026-07-05 05:00:00+00:00,SOL,BUY,4.1861000718799914,0.004186100071879991,0.15,S3_TREND
2026-07-05 06:00:00+00:00,BTC,BUY,9.499621635912263,0.009499621635912264,0.15,S3_TREND
2026-07-05 06:00:00+00:00,ETH,BUY,4.993212770954415,0.004993212770954415,0.15,S3_TREND
2026-07-05 06:00:00+00:00,SOL,BUY,11.763265209057863,0.011763265209057863,0.15,S3_TREND
2026-07-05 07:00:00+00:00,BTC,SELL,6.251692859073955,0.006251692859073956,0.15,S3_TREND
2026-07-05 07:00:00+00:00,ETH,BUY,13.088248016725629,0.01308824801672563,0.15,S3_TREND
2026-07-05 07:00:00+00:00,SOL,SELL,17.71495057447646,0.017714950574476463,0.15,S3_TREND
2026-07-05 08:00:00+00:00,BTC,SELL,35.23672287388217,0.03523672287388217,0.15,S3_TREND
2026-07-05 08:00:00+00:00,ETH,SELL,25.09402803914236,0.02509402803914236,0.15,S3_TREND
2026-07-05 08:00:00+00:00,SOL,SELL,3.3035475305350697,0.00330354753053507,0.15,S3_TREND
2026-07-05 09:00:00+00:00,BTC,BUY,11.22967135982799,0.01122967135982799,0.15,S3_TREND
2026-07-05 09:00:00+00:00,ETH,BUY,6.639632854234151,0.006639632854234151,0.15,S3_TREND
2026-07-05 09:00:00+00:00,SOL,BUY,25.89346606575782,0.02589346606575782,0.15,S3_TREND
2026-07-05 10:00:00+00:00,BTC,BUY,27.914177165466754,0.027914177165466753,0.15,S3_TREND
2026-07-05 10:00:00+00:00,ETH,BUY,39.70787569384447,0.03970787569384447,0.15,S3_TREND
2026-07-05 10:00:00+00:00,SOL,BUY,66.75065367610841,0.06675065367610841,0.15,S3_TREND
2026-07-05 11:00:00+00:00,BTC,SELL,7.134814086974075,0.007134814086974074,0.15,S3_TREND
2026-07-05 11:00:00+00:00,ETH,SELL,4.300458463285395,0.004300458463285395,0.15,S3_TREND
2026-07-05 11:00:00+00:00,SOL,SELL,71.05826271942897,0.07105826271942897,0.15,S3_TREND
2026-07-05 12:00:00+00:00,BTC,BUY,20.048248967174004,0.020048248967174005,0.15,S3_TREND
2026-07-05 12:00:00+00:00,ETH,BUY,8.889307845734947,0.008889307845734948,0.15,S3_TREND
2026-07-05 12:00:00+00:00,SOL,SELL,23.81795403851902,0.02381795403851902,0.15,S3_TREND
2026-07-05 13:00:00+00:00,BTC,SELL,5.336003395386797,0.005336003395386797,0.15,S3_TREND
2026-07-05 13:00:00+00:00,ETH,SELL,25.981304925846416,0.025981304925846417,0.15,S3_TREND
2026-07-05 13:00:00+00:00,SOL,SELL,18.978480218485856,0.018978480218485857,0.15,S3_TREND
2026-07-05 14:00:00+00:00,BTC,BUY,5.1191124487741035,0.005119112448774103,0.15,S3_TREND
2026-07-05 14:00:00+00:00,ETH,BUY,6.627316730515304,0.006627316730515304,0.15,S3_TREND
2026-07-05 14:00:00+00:00,SOL,SELL,68.6596760077573,0.0686596760077573,0.15,S3_TREND
2026-07-05 15:00:00+00:00,BTC,BUY,8.749111575434654,0.008749111575434653,0.15,S3_TREND
2026-07-05 15:00:00+00:00,ETH,SELL,36.38445014523859,0.03638445014523859,0.15,S3_TREND
2026-07-05 15:00:00+00:00,SOL,SELL,20.95515330361923,0.02095515330361923,0.15,S3_TREND
2026-07-05 16:00:00+00:00,BTC,BUY,13.745685628040519,0.01374568562804052,0.15,S3_TREND
2026-07-05 16:00:00+00:00,ETH,SELL,18.710567386242474,0.018710567386242473,0.15,S3_TREND
2026-07-05 16:00:00+00:00,SOL,BUY,13.118450017769646,0.013118450017769647,0.15,S3_TREND
2026-07-05 17:00:00+00:00,BTC,BUY,10.430787841974961,0.010430787841974962,0.15,S3_TREND
2026-07-05 17:00:00+00:00,SOL,BUY,33.841503168403506,0.03384150316840351,0.15,S3_TREND
2026-07-05 18:00:00+00:00,BTC,BUY,11.243373304696433,0.011243373304696434,0.15,S3_TREND
2026-07-05 18:00:00+00:00,ETH,SELL,41.49223743636503,0.04149223743636503,0.15,S3_TREND
2026-07-05 19:00:00+00:00,BTC,SELL,38.07842565977626,0.03807842565977626,0.15,S3_TREND
2026-07-05 19:00:00+00:00,ETH,SELL,8.857373170338178,0.008857373170338178,0.15,S3_TREND
2026-07-05 19:00:00+00:00,SOL,BUY,27.436785419156877,0.027436785419156878,0.15,S3_TREND
2026-07-05 20:00:00+00:00,BTC,BUY,10.626776692486601,0.010626776692486602,0.15,S3_TREND
2026-07-05 20:00:00+00:00,ETH,SELL,2.00826471511391,0.00200826471511391,0.15,S3_TREND
2026-07-05 20:00:00+00:00,SOL,SELL,5.907284898354192,0.005907284898354192,0.15,S3_TREND
2026-07-05 21:00:00+00:00,BTC,BUY,3.148353474085525,0.0031483534740855247,0.15,S3_TREND
2026-07-05 21:00:00+00:00,ETH,BUY,28.538317987342452,0.02853831798734245,0.15,S3_TREND
2026-07-05 21:00:00+00:00,SOL,SELL,12.184382007357272,0.012184382007357272,0.15,S3_TREND
2026-07-05 22:00:00+00:00,BTC,SELL,38.03169141422222,0.038031691414222225,0.15,S3_TREND
2026-07-05 22:00:00+00:00,ETH,SELL,34.68663758484945,0.03468663758484945,0.15,S3_TREND
2026-07-05 22:00:00+00:00,SOL,SELL,81.36922579823295,0.08136922579823294,0.15,S3_TREND
2026-07-05 23:00:00+00:00,BTC,SELL,116.81964284199785,0.11681964284199785,0.15,S3_TREND
2026-07-05 23:00:00+00:00,ETH,BUY,1.4074207124394889,0.0014074207124394889,0.15,S3_TREND
2026-07-05 23:00:00+00:00,SOL,BUY,22.02096089454244,0.022020960894542443,0.15,S3_TREND
2026-07-06 00:00:00+00:00,BTC,BUY,5.023339654435404,0.005023339654435403,0.15,S3_TREND
2026-07-06 00:00:00+00:00,ETH,BUY,20.040249752655654,0.020040249752655656,0.15,S3_TREND
2026-07-06 00:00:00+00:00,SOL,BUY,25.435739173395632,0.025435739173395634,0.15,S3_TREND
2026-07-06 01:00:00+00:00,BTC,BUY,3.706498034996912,0.003706498034996912,0.15,S3_TREND
2026-07-06 01:00:00+00:00,ETH,SELL,31.2771968289544,0.0312771968289544,0.15,S3_TREND
2026-07-06 01:00:00+00:00,SOL,SELL,14051.995453090412,14.051995453090413,0.0,CASH
2026-07-06 02:00:00+00:00,BTC,BUY,24.400615974698667,0.024400615974698666,0.15,S3_TREND
2026-07-06 02:00:00+00:00,ETH,BUY,37.87892984172868,0.03787892984172868,0.15,S3_TREND
2026-07-06 03:00:00+00:00,BTC,BUY,18.590964780025388,0.01859096478002539,0.15,S3_TREND
2026-07-06 03:00:00+00:00,ETH,BUY,13.44104454911212,0.013441044549112121,0.15,S3_TREND
2026-07-06 04:00:00+00:00,BTC,BUY,26.315084760357422,0.026315084760357422,0.15,S3_TREND
2026-07-06 04:00:00+00:00,ETH,BUY,21.182509699365255,0.021182509699365255,0.15,S3_TREND
2026-07-06 05:00:00+00:00,BTC,BUY,2.8417566885527776,0.0028417566885527777,0.15,S3_TREND
2026-07-06 05:00:00+00:00,ETH,BUY,10.587051078009608,0.01058705107800961,0.15,S3_TREND
2026-07-06 06:00:00+00:00,BTC,BUY,24.228773810180428,0.02422877381018043,0.15,S3_TREND
2026-07-06 06:00:00+00:00,ETH,BUY,21.03184059717023,0.02103184059717023,0.15,S3_TREND
2026-07-06 07:00:00+00:00,BTC,BUY,20.674834413135613,0.020674834413135616,0.15,S3_TREND
2026-07-06 07:00:00+00:00,ETH,BUY,24.9248424879479,0.0249248424879479,0.15,S3_TREND
2026-07-06 08:00:00+00:00,BTC,SELL,18.15439102669916,0.01815439102669916,0.15,S3_TREND
2026-07-06 08:00:00+00:00,ETH,SELL,14.165272797739817,0.014165272797739818,0.15,S3_TREND
2026-07-06 09:00:00+00:00,BTC,BUY,26.7935489659194,0.0267935489659194,0.15,S3_TREND
2026-07-06 09:00:00+00:00,ETH,BUY,39.141988526900604,0.0391419885269006,0.15,S3_TREND
2026-07-06 10:00:00+00:00,BTC,BUY,36.84678428666848,0.03684678428666848,0.15,S3_TREND
2026-07-06 10:00:00+00:00,ETH,BUY,38.06981021057254,0.03806981021057254,0.15,S3_TREND
2026-07-06 11:00:00+00:00,BTC,SELL,14.929238379074377,0.014929238379074377,0.15,S3_TREND
2026-07-06 11:00:00+00:00,ETH,SELL,78.26644943858446,0.07826644943858446,0.15,S3_TREND
2026-07-06 12:00:00+00:00,BTC,BUY,50.166797919964665,0.050166797919964666,0.15,S3_TREND
2026-07-06 12:00:00+00:00,ETH,BUY,65.28909001208194,0.06528909001208194,0.15,S3_TREND
2026-07-06 13:00:00+00:00,BTC,BUY,115.65508678142396,0.11565508678142396,0.15,S3_TREND
2026-07-06 13:00:00+00:00,ETH,BUY,101.735519026377,0.10173551902637701,0.15,S3_TREND
2026-07-06 14:00:00+00:00,BTC,BUY,2.08284698890202,0.00208284698890202,0.15,S3_TREND
2026-07-06 14:00:00+00:00,ETH,SELL,26.866940491932837,0.026866940491932837,0.15,S3_TREND
2026-07-06 15:00:00+00:00,BTC,SELL,45.88136317368662,0.04588136317368662,0.15,S3_TREND
2026-07-06 15:00:00+00:00,ETH,SELL,37.01422338449447,0.03701422338449447,0.15,S3_TREND
2026-07-06 16:00:00+00:00,BTC,SELL,240.151705910519,0.24015170591051901,0.15,S3_TREND
2026-07-06 16:00:00+00:00,ETH,SELL,197.42858202120078,0.19742858202120078,0.15,S3_TREND
2026-07-06 17:00:00+00:00,BTC,SELL,30.205023492391774,0.030205023492391774,0.15,S3_TREND
2026-07-06 17:00:00+00:00,ETH,SELL,20.01199375338365,0.02001199375338365,0.15,S3_TREND
2026-07-06 18:00:00+00:00,BTC,BUY,21.997495439234626,0.021997495439234627,0.15,S3_TREND
2026-07-06 18:00:00+00:00,ETH,BUY,23.26403948706684,0.02326403948706684,0.15,S3_TREND
2026-07-06 19:00:00+00:00,BTC,SELL,15.178744074280985,0.015178744074280985,0.15,S3_TREND
2026-07-06 19:00:00+00:00,ETH,SELL,25.751271053519304,0.025751271053519303,0.15,S3_TREND
2026-07-06 20:00:00+00:00,BTC,SELL,7.777553746060221,0.007777553746060221,0.15,S3_TREND
2026-07-06 21:00:00+00:00,BTC,SELL,16.348038516242013,0.016348038516242013,0.15,S3_TREND
2026-07-06 21:00:00+00:00,ETH,BUY,2.0024005863997445,0.0020024005863997444,0.15,S3_TREND
2026-07-06 22:00:00+00:00,BTC,SELL,97.67760387136695,0.09767760387136695,0.15,S3_TREND
2026-07-06 22:00:00+00:00,ETH,SELL,122.9652925701448,0.1229652925701448,0.15,S3_TREND
2026-07-06 23:00:00+00:00,BTC,BUY,35.475630346403705,0.035475630346403705,0.15,S3_TREND
2026-07-06 23:00:00+00:00,ETH,BUY,48.36384001404804,0.04836384001404804,0.15,S3_TREND
2026-07-07 00:00:00+00:00,BTC,BUY,29.420047328245346,0.029420047328245345,0.15,S3_TREND
2026-07-07 00:00:00+00:00,ETH,BUY,37.76874656868313,0.03776874656868313,0.15,S3_TREND
2026-07-07 01:00:00+00:00,BTC,SELL,25.04407988179628,0.02504407988179628,0.15,S3_TREND
2026-07-07 01:00:00+00:00,ETH,SELL,22.356509522322085,0.022356509522322085,0.15,S3_TREND
2026-07-07 02:00:00+00:00,BTC,BUY,54.552252349260016,0.05455225234926002,0.15,S3_TREND
2026-07-07 02:00:00+00:00,ETH,BUY,61.25992643585232,0.061259926435852326,0.15,S3_TREND
2026-07-07 03:00:00+00:00,BTC,BUY,79.91134116670219,0.07991134116670219,0.15,S3_TREND
2026-07-07 03:00:00+00:00,ETH,BUY,76.28316887198889,0.0762831688719889,0.15,S3_TREND
2026-07-07 04:00:00+00:00,BTC,BUY,16.240421956616046,0.016240421956616048,0.15,S3_TREND
2026-07-07 04:00:00+00:00,ETH,BUY,42.428821878575036,0.04242882187857504,0.15,S3_TREND
2026-07-07 05:00:00+00:00,BTC,BUY,11.11215101559901,0.01111215101559901,0.15,S3_TREND
2026-07-07 05:00:00+00:00,ETH,BUY,30.602444498668774,0.030602444498668776,0.15,S3_TREND
2026-07-07 06:00:00+00:00,ETH,SELL,26.209654063799462,0.02620965406379946,0.15,S3_TREND
2026-07-07 07:00:00+00:00,BTC,SELL,30.1565661084569,0.030156566108456902,0.15,S3_TREND
2026-07-07 07:00:00+00:00,ETH,SELL,50.0876450386877,0.0500876450386877,0.15,S3_TREND
2026-07-07 08:00:00+00:00,BTC,BUY,38.782565949322816,0.03878256594932282,0.15,S3_TREND
2026-07-07 08:00:00+00:00,ETH,BUY,44.00559103629348,0.04400559103629348,0.15,S3_TREND
2026-07-07 09:00:00+00:00,BTC,SELL,4.460029188694534,0.004460029188694535,0.15,S3_TREND
2026-07-07 09:00:00+00:00,ETH,BUY,3.7510687845879147,0.003751068784587915,0.15,S3_TREND
2026-07-07 10:00:00+00:00,BTC,SELL,19.799104121928394,0.019799104121928396,0.15,S3_TREND
2026-07-07 10:00:00+00:00,ETH,SELL,44.372470575855914,0.044372470575855916,0.15,S3_TREND
2026-07-07 11:00:00+00:00,BTC,SELL,8.028278184565352,0.008028278184565352,0.15,S3_TREND
2026-07-07 11:00:00+00:00,ETH,BUY,16.64263584139917,0.01664263584139917,0.15,S3_TREND
2026-07-07 12:00:00+00:00,BTC,SELL,16.99097946177244,0.01699097946177244,0.15,S3_TREND
2026-07-07 12:00:00+00:00,ETH,SELL,29.132825475679052,0.029132825475679053,0.15,S3_TREND
2026-07-07 13:00:00+00:00,BTC,SELL,12.696191648637978,0.012696191648637977,0.15,S3_TREND
2026-07-07 13:00:00+00:00,ETH,SELL,5.508461015184366,0.005508461015184366,0.15,S3_TREND
2026-07-07 13:00:00+00:00,SOL,BUY,13952.624447627257,13.952624447627256,0.15,S3_TREND
2026-07-07 14:00:00+00:00,BTC,BUY,46.74983597490973,0.04674983597490973,0.15,S3_TREND
2026-07-07 14:00:00+00:00,ETH,BUY,54.65007638085808,0.05465007638085808,0.15,S3_TREND
2026-07-07 14:00:00+00:00,SOL,BUY,56.0347984561522,0.0560347984561522,0.15,S3_TREND
2026-07-07 15:00:00+00:00,BTC,SELL,46.02709410750322,0.04602709410750322,0.15,S3_TREND
2026-07-07 15:00:00+00:00,ETH,SELL,95.02252224657059,0.0950225222465706,0.15,S3_TREND
2026-07-07 15:00:00+00:00,SOL,SELL,99.5429521639926,0.0995429521639926,0.15,S3_TREND
2026-07-07 16:00:00+00:00,BTC,SELL,51.82184478670388,0.05182184478670388,0.15,S3_TREND
2026-07-07 16:00:00+00:00,ETH,SELL,33.29499606389072,0.03329499606389072,0.15,S3_TREND
2026-07-07 16:00:00+00:00,SOL,SELL,22.067342182936045,0.022067342182936045,0.15,S3_TREND
2026-07-07 17:00:00+00:00,BTC,SELL,1.698478865388097,0.001698478865388097,0.15,S3_TREND
2026-07-07 17:00:00+00:00,ETH,SELL,27.37195508714467,0.02737195508714467,0.15,S3_TREND
2026-07-07 17:00:00+00:00,SOL,SELL,7.190842886697282,0.007190842886697282,0.15,S3_TREND
2026-07-07 18:00:00+00:00,BTC,SELL,14.926561646414484,0.014926561646414484,0.15,S3_TREND
2026-07-07 18:00:00+00:00,ETH,SELL,33.97454186509276,0.03397454186509276,0.15,S3_TREND
2026-07-07 18:00:00+00:00,SOL,SELL,59.15894343079526,0.059158943430795266,0.15,S3_TREND
2026-07-07 19:00:00+00:00,BTC,BUY,29.986371618379053,0.029986371618379054,0.15,S3_TREND
2026-07-07 19:00:00+00:00,ETH,BUY,103.80099224570404,0.10380099224570404,0.15,S3_TREND
2026-07-07 19:00:00+00:00,SOL,BUY,161.98712279153006,0.16198712279153005,0.15,S3_TREND
2026-07-07 20:00:00+00:00,BTC,SELL,19.175168973952168,0.01917516897395217,0.15,S3_TREND
2026-07-07 20:00:00+00:00,ETH,SELL,19.081440686779388,0.01908144068677939,0.15,S3_TREND
2026-07-07 20:00:00+00:00,SOL,SELL,2.658132365833808,0.002658132365833808,0.15,S3_TREND
2026-07-07 21:00:00+00:00,BTC,BUY,9.494711276896851,0.00949471127689685,0.15,S3_TREND
2026-07-07 21:00:00+00:00,ETH,BUY,32.694416337842995,0.032694416337842994,0.15,S3_TREND
2026-07-07 21:00:00+00:00,SOL,BUY,19.27588302465665,0.019275883024656652,0.15,S3_TREND
2026-07-07 22:00:00+00:00,BTC,BUY,30.183555173207424,0.030183555173207425,0.15,S3_TREND
2026-07-07 22:00:00+00:00,ETH,BUY,50.62413925216242,0.05062413925216242,0.15,S3_TREND
2026-07-07 22:00:00+00:00,SOL,BUY,28.594145980363464,0.028594145980363465,0.15,S3_TREND
2026-07-07 23:00:00+00:00,BTC,SELL,20.67314573391741,0.02067314573391741,0.15,S3_TREND
2026-07-07 23:00:00+00:00,ETH,SELL,6.273755745854942,0.006273755745854942,0.15,S3_TREND
2026-07-08 00:00:00+00:00,BTC,BUY,22.52432736920673,0.02252432736920673,0.15,S3_TREND
2026-07-08 00:00:00+00:00,ETH,BUY,13.69645989093624,0.013696459890936239,0.15,S3_TREND
2026-07-08 00:00:00+00:00,SOL,BUY,31.820105822813275,0.03182010582281328,0.15,S3_TREND
2026-07-08 01:00:00+00:00,BTC,SELL,41.46443389417436,0.04146443389417436,0.15,S3_TREND
2026-07-08 01:00:00+00:00,ETH,SELL,56.26808678479574,0.056268086784795744,0.15,S3_TREND
2026-07-08 01:00:00+00:00,SOL,BUY,49.4159904994649,0.0494159904994649,0.15,S3_TREND
2026-07-08 02:00:00+00:00,BTC,BUY,45.08072960702157,0.045080729607021565,0.15,S3_TREND
2026-07-08 02:00:00+00:00,ETH,BUY,109.80079965161167,0.10980079965161167,0.15,S3_TREND
2026-07-08 02:00:00+00:00,SOL,BUY,141.03839697461444,0.14103839697461446,0.15,S3_TREND
2026-07-08 03:00:00+00:00,BTC,BUY,12.27239343416295,0.01227239343416295,0.15,S3_TREND
2026-07-08 03:00:00+00:00,ETH,SELL,13.874252725170665,0.013874252725170665,0.15,S3_TREND
2026-07-08 03:00:00+00:00,SOL,BUY,3.030661065309687,0.003030661065309687,0.15,S3_TREND
2026-07-08 04:00:00+00:00,BTC,BUY,24.088821411520257,0.02408882141152026,0.15,S3_TREND
2026-07-08 04:00:00+00:00,ETH,BUY,23.445276797690894,0.023445276797690894,0.15,S3_TREND
2026-07-08 04:00:00+00:00,SOL,BUY,36.58199637409416,0.036581996374094164,0.15,S3_TREND
2026-07-08 05:00:00+00:00,BTC,SELL,2.8515516056468186,0.0028515516056468186,0.15,S3_TREND
2026-07-08 05:00:00+00:00,ETH,SELL,32.919330615162835,0.032919330615162834,0.15,S3_TREND
2026-07-08 05:00:00+00:00,SOL,BUY,18.68204772664467,0.01868204772664467,0.15,S3_TREND
2026-07-08 06:00:00+00:00,BTC,BUY,21.756443181309805,0.021756443181309804,0.15,S3_TREND
2026-07-08 06:00:00+00:00,ETH,BUY,4.559569707160335,0.004559569707160336,0.15,S3_TREND
2026-07-08 06:00:00+00:00,SOL,BUY,24.736175122641725,0.024736175122641726,0.15,S6_S8_REVERSAL
2026-07-08 07:00:00+00:00,BTC,SELL,11.792048452543895,0.011792048452543896,0.15,S3_TREND
2026-07-08 07:00:00+00:00,ETH,BUY,11.029990411621839,0.011029990411621839,0.15,S3_TREND
2026-07-08 07:00:00+00:00,SOL,BUY,27.826455618644104,0.027826455618644105,0.15,S6_S8_REVERSAL
2026-07-08 08:00:00+00:00,BTC,SELL,35.80910836008843,0.03580910836008843,0.15,S3_TREND
2026-07-08 08:00:00+00:00,ETH,SELL,23.555581669907042,0.023555581669907042,0.15,S3_TREND
2026-07-08 08:00:00+00:00,SOL,BUY,4.3911538499578455,0.0043911538499578455,0.15,S6_S8_REVERSAL
2026-07-08 09:00:00+00:00,BTC,BUY,109.99064537576851,0.10999064537576851,0.15,S3_TREND
2026-07-08 09:00:00+00:00,ETH,BUY,87.00598245685251,0.08700598245685251,0.15,S3_TREND
2026-07-08 09:00:00+00:00,SOL,SELL,13637.910499301492,13.637910499301492,0.0,CASH
2026-07-08 10:00:00+00:00,BTC,SELL,8.600214388468885,0.008600214388468886,0.15,S3_TREND
2026-07-08 10:00:00+00:00,ETH,SELL,5.748485650869043,0.005748485650869043,0.15,S3_TREND
2026-07-08 10:00:00+00:00,SOL,BUY,6869.324114129564,6.869324114129564,0.075,S6_REVERSAL
2026-07-08 11:00:00+00:00,BTC,SELL,18.87326017680607,0.01887326017680607,0.15,S3_TREND
2026-07-08 11:00:00+00:00,ETH,SELL,6890.833492605253,6.890833492605253,0.075,S6_REVERSAL
2026-07-08 11:00:00+00:00,SOL,SELL,8.011398354377889,0.00801139835437789,0.075,S6_REVERSAL
2026-07-08 12:00:00+00:00,BTC,SELL,14.832957014254134,0.014832957014254135,0.15,S3_TREND
2026-07-08 12:00:00+00:00,ETH,SELL,28.521587503824776,0.028521587503824778,0.075,S6_REVERSAL
2026-07-08 12:00:00+00:00,SOL,SELL,14.939788880258675,0.014939788880258676,0.075,S6_REVERSAL
2026-07-08 13:00:00+00:00,BTC,BUY,51.65641124124886,0.05165641124124886,0.15,S3_TREND
2026-07-08 13:00:00+00:00,ETH,BUY,24.912059828199745,0.024912059828199745,0.075,S6_REVERSAL
2026-07-08 13:00:00+00:00,SOL,BUY,35.044229806292606,0.035044229806292605,0.075,S6_REVERSAL
2026-07-08 14:00:00+00:00,BTC,BUY,5.386624467681031,0.0053866244676810315,0.15,S3_TREND
2026-07-08 14:00:00+00:00,ETH,BUY,6873.419079075945,6.873419079075945,0.15,S3_TREND
2026-07-08 14:00:00+00:00,SOL,SELL,22.735266176645382,0.022735266176645383,0.075,S6_REVERSAL
2026-07-08 15:00:00+00:00,BTC,SELL,2.668972282064715,0.002668972282064715,0.15,S3_TREND
2026-07-08 15:00:00+00:00,ETH,BUY,48.9423235389786,0.0489423235389786,0.15,S3_TREND
2026-07-08 15:00:00+00:00,SOL,BUY,9.376647626264457,0.009376647626264457,0.075,S6_REVERSAL
2026-07-08 16:00:00+00:00,BTC,BUY,22.413894960511243,0.022413894960511244,0.15,S3_TREND
2026-07-08 16:00:00+00:00,ETH,SELL,6817.695630926356,6.817695630926356,0.075,S6_REVERSAL
2026-07-08 16:00:00+00:00,SOL,BUY,21.749353934739702,0.0217493539347397,0.075,S6_REVERSAL
2026-07-08 17:00:00+00:00,BTC,SELL,63.13134446681215,0.06313134446681215,0.15,S3_TREND
2026-07-08 17:00:00+00:00,ETH,SELL,39.55580232858938,0.03955580232858938,0.075,S6_REVERSAL
2026-07-08 17:00:00+00:00,SOL,SELL,33.4571471515892,0.0334571471515892,0.075,S6_REVERSAL
2026-07-08 18:00:00+00:00,BTC,SELL,2.489583077165662,0.002489583077165662,0.15,S3_TREND
2026-07-08 18:00:00+00:00,ETH,BUY,10.59798185503314,0.010597981855033141,0.075,S6_REVERSAL
2026-07-08 18:00:00+00:00,SOL,BUY,12.039375463380566,0.012039375463380566,0.075,S6_REVERSAL
2026-07-08 19:00:00+00:00,BTC,SELL,12.345857588183208,0.012345857588183207,0.15,S3_TREND
2026-07-08 19:00:00+00:00,ETH,SELL,14.281628059295144,0.014281628059295145,0.075,S6_REVERSAL
2026-07-08 20:00:00+00:00,BTC,SELL,6882.2519451230755,6.882251945123076,0.075,S6_REVERSAL
2026-07-08 20:00:00+00:00,ETH,SELL,9.56932170521759,0.00956932170521759,0.075,S6_REVERSAL
2026-07-08 20:00:00+00:00,SOL,SELL,18.678356552040896,0.018678356552040896,0.075,S6_REVERSAL
2026-07-08 21:00:00+00:00,BTC,BUY,14.732759532781529,0.014732759532781529,0.075,S6_REVERSAL
2026-07-08 21:00:00+00:00,ETH,BUY,13.090763692278415,0.013090763692278415,0.075,S6_REVERSAL
2026-07-08 21:00:00+00:00,SOL,BUY,16.354488813894022,0.016354488813894022,0.075,S6_REVERSAL
2026-07-08 22:00:00+00:00,BTC,SELL,7.933685881951532,0.007933685881951532,0.075,S6_REVERSAL
2026-07-08 22:00:00+00:00,ETH,SELL,4.778247949439901,0.004778247949439901,0.075,S6_REVERSAL
2026-07-08 22:00:00+00:00,SOL,SELL,5.370798297611145,0.005370798297611145,0.075,S6_REVERSAL
2026-07-08 23:00:00+00:00,BTC,SELL,11.781588023837685,0.011781588023837684,0.075,S6_REVERSAL
2026-07-08 23:00:00+00:00,ETH,SELL,9.08241888118664,0.009082418881186641,0.075,S6_REVERSAL
2026-07-08 23:00:00+00:00,SOL,SELL,20.852801853042365,0.020852801853042367,0.075,S6_REVERSAL
2026-07-09 00:00:00+00:00,BTC,BUY,6.682239744202889,0.006682239744202889,0.075,S6_REVERSAL
2026-07-09 00:00:00+00:00,ETH,SELL,6.293603543875179,0.0062936035438751784,0.075,S6_REVERSAL
2026-07-09 00:00:00+00:00,SOL,SELL,23.469446136367875,0.023469446136367877,0.075,S6_REVERSAL
2026-07-09 01:00:00+00:00,BTC,BUY,14.02636675829035,0.01402636675829035,0.075,S6_REVERSAL
2026-07-09 01:00:00+00:00,ETH,BUY,17.3809007965192,0.0173809007965192,0.075,S6_REVERSAL
2026-07-09 01:00:00+00:00,SOL,BUY,6.0831117146326505,0.00608311171463265,0.075,S6_REVERSAL
2026-07-09 02:00:00+00:00,BTC,BUY,17.52840013718651,0.017528400137186508,0.075,S6_REVERSAL
2026-07-09 02:00:00+00:00,ETH,BUY,19.240422670281077,0.019240422670281077,0.075,S6_REVERSAL
2026-07-09 02:00:00+00:00,SOL,BUY,26.572389305867546,0.026572389305867545,0.075,S6_REVERSAL
2026-07-09 03:00:00+00:00,BTC,BUY,9.772073818849094,0.009772073818849094,0.075,S6_REVERSAL
2026-07-09 03:00:00+00:00,ETH,BUY,13.505288104050123,0.013505288104050123,0.075,S6_REVERSAL
2026-07-09 03:00:00+00:00,SOL,BUY,21.403797231495446,0.021403797231495447,0.075,S6_REVERSAL
2026-07-09 04:00:00+00:00,BTC,SELL,15.841592475909236,0.015841592475909237,0.075,S6_REVERSAL
2026-07-09 04:00:00+00:00,ETH,SELL,8.74485200422896,0.00874485200422896,0.075,S6_REVERSAL
2026-07-09 04:00:00+00:00,SOL,SELL,24.617706145247215,0.024617706145247217,0.075,S6_REVERSAL
2026-07-09 05:00:00+00:00,BTC,SELL,41.68178384824387,0.04168178384824387,0.075,S6_REVERSAL
2026-07-09 05:00:00+00:00,ETH,SELL,35.42409108604534,0.035424091086045335,0.075,S6_REVERSAL
2026-07-09 05:00:00+00:00,SOL,SELL,40.914799485578435,0.04091479948557843,0.075,S6_REVERSAL
2026-07-09 06:00:00+00:00,BTC,SELL,9.034729947922642,0.009034729947922643,0.075,S6_REVERSAL
2026-07-09 06:00:00+00:00,ETH,SELL,21.18449084457734,0.02118449084457734,0.075,S6_REVERSAL
2026-07-09 06:00:00+00:00,SOL,SELL,31.108928508326244,0.031108928508326243,0.075,S6_REVERSAL
2026-07-09 07:00:00+00:00,BTC,SELL,35.27395536687163,0.03527395536687163,0.075,S6_REVERSAL
2026-07-09 07:00:00+00:00,ETH,SELL,17.72437896712836,0.01772437896712836,0.075,S6_REVERSAL
2026-07-09 07:00:00+00:00,SOL,SELL,3.332174982572724,0.003332174982572724,0.075,S6_REVERSAL
2026-07-09 08:00:00+00:00,BTC,SELL,6.476738312519956,0.006476738312519956,0.075,S6_REVERSAL
2026-07-09 08:00:00+00:00,ETH,BUY,5.6316592030225365,0.005631659203022537,0.075,S6_REVERSAL
2026-07-09 08:00:00+00:00,SOL,BUY,22.4674031376735,0.0224674031376735,0.075,S6_REVERSAL
2026-07-09 09:00:00+00:00,BTC,BUY,9.347818845879374,0.009347818845879374,0.075,S6_REVERSAL
2026-07-09 09:00:00+00:00,ETH,SELL,5.695522734348742,0.005695522734348742,0.075,S6_REVERSAL
2026-07-09 09:00:00+00:00,SOL,BUY,8.50263432997508,0.00850263432997508,0.075,S6_REVERSAL
2026-07-09 10:00:00+00:00,BTC,SELL,4.516130821441948,0.004516130821441948,0.075,S6_REVERSAL
2026-07-09 10:00:00+00:00,ETH,SELL,4.252065425901492,0.004252065425901492,0.075,S6_REVERSAL
2026-07-09 11:00:00+00:00,BTC,BUY,11.23810247982874,0.01123810247982874,0.075,S6_REVERSAL
2026-07-09 11:00:00+00:00,ETH,BUY,30.030860604529153,0.030030860604529152,0.075,S6_REVERSAL
2026-07-09 11:00:00+00:00,SOL,BUY,30.877823982466907,0.03087782398246691,0.075,S6_REVERSAL
2026-07-09 12:00:00+00:00,BTC,SELL,1.241362332333665,0.0012413623323336651,0.075,S6_REVERSAL
2026-07-09 12:00:00+00:00,ETH,BUY,7.8082273618611,0.0078082273618611,0.075,S6_REVERSAL
2026-07-09 12:00:00+00:00,SOL,BUY,5.871460000966181,0.005871460000966181,0.075,S6_REVERSAL
2026-07-09 13:00:00+00:00,BTC,BUY,16.999012473531366,0.016999012473531368,0.075,S6_REVERSAL
2026-07-09 13:00:00+00:00,ETH,BUY,6.879465065387194,0.006879465065387194,0.075,S6_REVERSAL
2026-07-09 13:00:00+00:00,SOL,SELL,4.531781080273504,0.004531781080273504,0.075,S6_REVERSAL
2026-07-09 14:00:00+00:00,BTC,SELL,36.69486957007484,0.036694869570074846,0.075,S6_REVERSAL
2026-07-09 14:00:00+00:00,ETH,SELL,11.686201257801258,0.011686201257801258,0.075,S6_REVERSAL
2026-07-09 14:00:00+00:00,SOL,SELL,42.55782900606937,0.04255782900606937,0.075,S6_REVERSAL
2026-07-09 15:00:00+00:00,BTC,SELL,2.1399300038510773,0.0021399300038510774,0.075,S6_REVERSAL
2026-07-09 15:00:00+00:00,ETH,BUY,11.679725750655962,0.011679725750655961,0.075,S6_REVERSAL
2026-07-09 15:00:00+00:00,SOL,BUY,26.430257476506085,0.026430257476506087,0.075,S6_REVERSAL
2026-07-09 16:00:00+00:00,BTC,BUY,12.206319323761818,0.012206319323761818,0.075,S6_REVERSAL
2026-07-09 16:00:00+00:00,ETH,BUY,10.381715148047078,0.010381715148047078,0.075,S6_REVERSAL
2026-07-09 16:00:00+00:00,SOL,BUY,18.139587676133488,0.018139587676133488,0.075,S6_REVERSAL
2026-07-09 17:00:00+00:00,BTC,BUY,17.319730716381855,0.017319730716381855,0.075,S6_REVERSAL
2026-07-09 17:00:00+00:00,SOL,SELL,6.374425466052344,0.006374425466052344,0.075,S6_REVERSAL
2026-07-09 18:00:00+00:00,BTC,SELL,39.703314567016605,0.039703314567016604,0.075,S6_REVERSAL
2026-07-09 18:00:00+00:00,ETH,SELL,27.86806525326574,0.027868065253265743,0.075,S6_REVERSAL
2026-07-09 18:00:00+00:00,SOL,SELL,23.895487160248194,0.023895487160248197,0.075,S6_REVERSAL
2026-07-09 19:00:00+00:00,BTC,SELL,5.874453412452567,0.005874453412452567,0.075,S6_REVERSAL
2026-07-09 19:00:00+00:00,ETH,SELL,9.491586422358523,0.009491586422358523,0.075,S6_REVERSAL
2026-07-09 19:00:00+00:00,SOL,SELL,9.908794757521719,0.00990879475752172,0.075,S6_REVERSAL
2026-07-09 20:00:00+00:00,BTC,SELL,4.093355594207424,0.004093355594207424,0.075,S6_REVERSAL
2026-07-09 20:00:00+00:00,ETH,BUY,11.06291122816856,0.01106291122816856,0.075,S6_REVERSAL
2026-07-09 20:00:00+00:00,SOL,BUY,2.5943453386689725,0.0025943453386689727,0.075,S6_REVERSAL
2026-07-09 21:00:00+00:00,BTC,SELL,6.498992462206843,0.006498992462206843,0.075,S6_REVERSAL
2026-07-09 22:00:00+00:00,BTC,BUY,2.996870769799898,0.002996870769799898,0.075,S6_REVERSAL
2026-07-09 22:00:00+00:00,SOL,BUY,9.077813438719204,0.009077813438719204,0.075,S6_REVERSAL
2026-07-09 23:00:00+00:00,BTC,BUY,5.825017529768047,0.005825017529768047,0.075,S6_REVERSAL
2026-07-09 23:00:00+00:00,ETH,BUY,2.9982702670777144,0.0029982702670777145,0.075,S6_REVERSAL
2026-07-09 23:00:00+00:00,SOL,SELL,5.540962366019813,0.005540962366019813,0.075,S6_REVERSAL
2026-07-10 00:00:00+00:00,BTC,SELL,2.2261815922847745,0.0022261815922847744,0.075,S6_REVERSAL
2026-07-10 00:00:00+00:00,ETH,BUY,8.29391966446019,0.00829391966446019,0.075,S6_REVERSAL
2026-07-10 00:00:00+00:00,SOL,BUY,4.284946136012877,0.004284946136012878,0.075,S6_REVERSAL
2026-07-10 01:00:00+00:00,BTC,BUY,11.53658114154041,0.01153658114154041,0.075,S6_REVERSAL
2026-07-10 01:00:00+00:00,ETH,BUY,7.1027705986334695,0.00710277059863347,0.075,S6_REVERSAL
2026-07-10 01:00:00+00:00,SOL,SELL,7.274661517187269,0.0072746615171872695,0.075,S6_REVERSAL
2026-07-10 02:00:00+00:00,BTC,SELL,50.67225211885034,0.05067225211885034,0.075,S6_REVERSAL
2026-07-10 02:00:00+00:00,ETH,SELL,78.1782059211746,0.0781782059211746,0.075,S6_REVERSAL
2026-07-10 02:00:00+00:00,SOL,SELL,64.13880512920878,0.06413880512920878,0.075,S6_REVERSAL
2026-07-10 03:00:00+00:00,BTC,SELL,6923.899092814014,6.923899092814014,0.0,CASH
2026-07-10 03:00:00+00:00,ETH,SELL,17.31691106853941,0.01731691106853941,0.075,S6_REVERSAL
2026-07-10 03:00:00+00:00,SOL,BUY,4.052400263207346,0.004052400263207346,0.075,S6_REVERSAL
2026-07-10 04:00:00+00:00,ETH,SELL,12.133196285138183,0.012133196285138183,0.075,S6_REVERSAL
2026-07-10 04:00:00+00:00,SOL,SELL,1.184498844164409,0.0011844988441644091,0.075,S6_REVERSAL
2026-07-10 05:00:00+00:00,ETH,SELL,6899.27417151156,6.89927417151156,0.0,CASH
2026-07-10 05:00:00+00:00,SOL,BUY,7.671164763550223,0.007671164763550223,0.075,S6_REVERSAL
2026-07-10 06:00:00+00:00,SOL,SELL,6921.974936131395,6.921974936131395,0.0,CASH
2026-07-10 15:00:00+00:00,BTC,BUY,13807.912573086707,13.807912573086707,0.15,S3_TREND
2026-07-10 16:00:00+00:00,BTC,SELL,25.045207187902633,0.025045207187902634,0.15,S3_TREND
2026-07-10 17:00:00+00:00,BTC,SELL,18.335404119630766,0.018335404119630767,0.15,S3_TREND
2026-07-10 18:00:00+00:00,BTC,BUY,57.842679622470314,0.05784267962247031,0.15,S3_TREND
2026-07-10 18:00:00+00:00,ETH,BUY,13802.916097528001,13.802916097528001,0.15,S3_TREND
2026-07-10 19:00:00+00:00,BTC,SELL,3.081763461615992,0.0030817634616159923,0.15,S3_TREND
2026-07-10 19:00:00+00:00,ETH,BUY,17.74199239968584,0.01774199239968584,0.15,S3_TREND
2026-07-10 20:00:00+00:00,BTC,SELL,10.857606135856258,0.010857606135856259,0.15,S3_TREND
2026-07-10 20:00:00+00:00,ETH,SELL,47.35676440497991,0.04735676440497991,0.15,S3_TREND
2026-07-10 21:00:00+00:00,BTC,BUY,11.117152578986861,0.011117152578986862,0.15,S3_TREND
2026-07-10 21:00:00+00:00,ETH,BUY,14.204481535020022,0.014204481535020023,0.15,S3_TREND
2026-07-10 21:00:00+00:00,SOL,BUY,13803.835964081973,13.803835964081973,0.15,S3_TREND
2026-07-10 22:00:00+00:00,BTC,SELL,21.89414209248389,0.02189414209248389,0.15,S3_TREND
2026-07-10 22:00:00+00:00,ETH,SELL,17.66934071295327,0.01766934071295327,0.15,S3_TREND
2026-07-10 22:00:00+00:00,SOL,SELL,29.359685389650622,0.02935968538965062,0.15,S3_TREND
2026-07-10 23:00:00+00:00,BTC,SELL,12.938614398315622,0.012938614398315621,0.15,S3_TREND
2026-07-10 23:00:00+00:00,ETH,BUY,2.3220494346642226,0.0023220494346642227,0.15,S3_TREND
2026-07-10 23:00:00+00:00,SOL,SELL,21.403958807783056,0.021403958807783056,0.15,S3_TREND
2026-07-11 00:00:00+00:00,BTC,SELL,7.955095755032743,0.007955095755032743,0.15,S3_TREND
2026-07-11 00:00:00+00:00,ETH,SELL,10.005486307598403,0.010005486307598403,0.15,S3_TREND
2026-07-11 00:00:00+00:00,SOL,BUY,8.010414894282803,0.008010414894282803,0.15,S3_TREND
2026-07-11 01:00:00+00:00,BTC,SELL,4.831113460237248,0.004831113460237247,0.15,S3_TREND
2026-07-11 01:00:00+00:00,ETH,BUY,13.975409042719548,0.013975409042719548,0.15,S3_TREND
2026-07-11 01:00:00+00:00,SOL,BUY,38.36419728585315,0.03836419728585315,0.15,S3_TREND
2026-07-11 02:00:00+00:00,BTC,BUY,7.152656142483465,0.007152656142483465,0.15,S3_TREND
2026-07-11 02:00:00+00:00,ETH,BUY,16.04820787317294,0.016048207873172942,0.15,S3_TREND
2026-07-11 02:00:00+00:00,SOL,BUY,38.24674882965701,0.03824674882965701,0.15,S3_TREND
2026-07-11 03:00:00+00:00,BTC,SELL,12.669011820227752,0.012669011820227751,0.15,S3_TREND
2026-07-11 03:00:00+00:00,ETH,SELL,31.52827004914616,0.031528270049146156,0.15,S3_TREND
2026-07-11 03:00:00+00:00,SOL,SELL,24.10419643701971,0.02410419643701971,0.15,S3_TREND
2026-07-11 04:00:00+00:00,BTC,BUY,2.9683865485530987,0.0029683865485530987,0.15,S3_TREND
2026-07-11 04:00:00+00:00,ETH,SELL,5.676411124260994,0.005676411124260994,0.15,S3_TREND
2026-07-11 04:00:00+00:00,SOL,SELL,2.2262980920258997,0.0022262980920258997,0.15,S3_TREND
2026-07-11 05:00:00+00:00,BTC,SELL,1.8666558630902728,0.0018666558630902727,0.15,S3_TREND
2026-07-11 05:00:00+00:00,ETH,SELL,1.6801228625536169,0.001680122862553617,0.15,S3_TREND
2026-07-11 05:00:00+00:00,SOL,BUY,9.132204592713606,0.009132204592713605,0.15,S3_TREND
2026-07-11 06:00:00+00:00,BTC,BUY,3.5057131643716275,0.0035057131643716276,0.15,S3_TREND
2026-07-11 06:00:00+00:00,ETH,SELL,13.785294900808367,0.013785294900808367,0.15,S3_TREND
2026-07-11 06:00:00+00:00,SOL,SELL,21.543418813245808,0.02154341881324581,0.15,S3_TREND
2026-07-11 07:00:00+00:00,BTC,SELL,3.7877997085815878,0.003787799708581588,0.15,S3_TREND
2026-07-11 07:00:00+00:00,ETH,BUY,6.495524307680171,0.006495524307680171,0.15,S3_TREND
2026-07-11 07:00:00+00:00,SOL,SELL,22.900580991317838,0.022900580991317837,0.15,S3_TREND
2026-07-11 08:00:00+00:00,BTC,BUY,9.072838102874812,0.009072838102874813,0.15,S3_TREND
2026-07-11 08:00:00+00:00,ETH,SELL,8.413722528233848,0.008413722528233848,0.15,S3_TREND
2026-07-11 08:00:00+00:00,SOL,BUY,10.989228292195548,0.01098922829219555,0.15,S3_TREND
2026-07-11 09:00:00+00:00,BTC,SELL,12.79433929168772,0.012794339291687721,0.15,S3_TREND
2026-07-11 09:00:00+00:00,ETH,SELL,1.7919494898342234,0.0017919494898342235,0.15,S3_TREND
2026-07-11 09:00:00+00:00,SOL,SELL,20.566643241645576,0.020566643241645578,0.15,S3_TREND
2026-07-11 10:00:00+00:00,BTC,BUY,2.6812817628760968,0.0026812817628760967,0.15,S3_TREND
2026-07-11 10:00:00+00:00,ETH,BUY,27.228348647888197,0.027228348647888197,0.15,S3_TREND
2026-07-11 10:00:00+00:00,SOL,BUY,38.102841435929804,0.038102841435929805,0.15,S3_TREND
2026-07-11 11:00:00+00:00,BTC,BUY,3.5589537223349907,0.003558953722334991,0.15,S3_TREND
2026-07-11 11:00:00+00:00,ETH,SELL,11.746202279236968,0.011746202279236968,0.15,S3_TREND
2026-07-11 11:00:00+00:00,SOL,SELL,27.5569063881685,0.0275569063881685,0.15,S3_TREND
2026-07-11 12:00:00+00:00,BTC,BUY,4.258995450891234,0.004258995450891235,0.15,S3_TREND
2026-07-11 12:00:00+00:00,ETH,SELL,12.001697132982372,0.012001697132982372,0.15,S3_TREND
2026-07-11 12:00:00+00:00,SOL,SELL,9.488505445282499,0.0094885054452825,0.15,S3_TREND
2026-07-11 13:00:00+00:00,BTC,SELL,1.0330379824190459,0.001033037982419046,0.15,S3_TREND
2026-07-11 13:00:00+00:00,ETH,BUY,1.2692256168738822,0.0012692256168738822,0.15,S3_TREND
2026-07-11 13:00:00+00:00,SOL,BUY,5.509289371879277,0.005509289371879277,0.15,S3_TREND
2026-07-11 14:00:00+00:00,BTC,SELL,2.343569061944436,0.002343569061944436,0.15,S3_TREND
2026-07-11 14:00:00+00:00,ETH,SELL,12.972225058338154,0.012972225058338154,0.15,S3_TREND
2026-07-11 14:00:00+00:00,SOL,SELL,7.854990011066548,0.007854990011066548,0.15,S3_TREND
2026-07-11 15:00:00+00:00,BTC,SELL,2.839018708862568,0.002839018708862568,0.15,S3_TREND
2026-07-11 15:00:00+00:00,ETH,SELL,40.53449170172462,0.04053449170172462,0.15,S3_TREND
2026-07-11 15:00:00+00:00,SOL,SELL,36.6175838841682,0.0366175838841682,0.15,S3_TREND
2026-07-11 16:00:00+00:00,BTC,BUY,33.6893378677687,0.0336893378677687,0.15,S3_TREND
2026-07-11 16:00:00+00:00,ETH,SELL,35.172436937287785,0.035172436937287783,0.15,S3_TREND
2026-07-11 16:00:00+00:00,SOL,BUY,15.5626641266972,0.0155626641266972,0.15,S3_TREND
2026-07-11 17:00:00+00:00,BTC,SELL,3.231934302504669,0.0032319343025046694,0.15,S3_TREND
2026-07-11 17:00:00+00:00,ETH,SELL,67.37339716813221,0.06737339716813222,0.15,S3_TREND
2026-07-11 17:00:00+00:00,SOL,BUY,79.00627815603366,0.07900627815603366,0.15,S3_TREND
2026-07-11 18:00:00+00:00,BTC,SELL,19.319502553784332,0.019319502553784333,0.15,S3_TREND
2026-07-11 18:00:00+00:00,SOL,SELL,16.72968556793421,0.01672968556793421,0.15,S3_TREND
2026-07-11 19:00:00+00:00,ETH,SELL,10.936239924882102,0.010936239924882102,0.15,S3_TREND
2026-07-11 19:00:00+00:00,SOL,BUY,2.30110385154876,0.00230110385154876,0.15,S3_TREND
2026-07-11 20:00:00+00:00,BTC,BUY,6.883172227970135,0.006883172227970136,0.15,S3_TREND
2026-07-11 20:00:00+00:00,ETH,BUY,13.477905411715255,0.013477905411715256,0.15,S3_TREND
2026-07-11 20:00:00+00:00,SOL,SELL,14.217148225816345,0.014217148225816345,0.15,S3_TREND
2026-07-11 21:00:00+00:00,BTC,SELL,15.341610142762875,0.015341610142762875,0.15,S3_TREND
2026-07-11 21:00:00+00:00,ETH,SELL,6.624725149411461,0.006624725149411461,0.15,S3_TREND
2026-07-11 21:00:00+00:00,SOL,BUY,1.9114650693554722,0.0019114650693554723,0.15,S3_TREND
2026-07-11 22:00:00+00:00,BTC,BUY,4.14707663871377,0.00414707663871377,0.15,S3_TREND
2026-07-11 22:00:00+00:00,ETH,BUY,13.717954051779088,0.013717954051779089,0.15,S3_TREND
2026-07-11 22:00:00+00:00,SOL,SELL,12.199081779806875,0.012199081779806874,0.15,S3_TREND
2026-07-11 23:00:00+00:00,BTC,BUY,7.294571249572982,0.007294571249572983,0.15,S3_TREND
2026-07-11 23:00:00+00:00,ETH,BUY,52.13428831940473,0.05213428831940473,0.15,S3_TREND
2026-07-11 23:00:00+00:00,SOL,BUY,34.62302822866877,0.03462302822866877,0.15,S3_TREND
2026-07-12 00:00:00+00:00,BTC,BUY,11.32133105475441,0.01132133105475441,0.15,S3_TREND
2026-07-12 00:00:00+00:00,ETH,BUY,126.73280625440566,0.12673280625440567,0.15,S3_TREND
2026-07-12 00:00:00+00:00,SOL,BUY,124.01820412868074,0.12401820412868074,0.15,S3_TREND
2026-07-12 01:00:00+00:00,BTC,SELL,18.930292504761383,0.018930292504761383,0.15,S3_TREND
2026-07-12 01:00:00+00:00,ETH,SELL,26.285464626911562,0.026285464626911562,0.15,S3_TREND
2026-07-12 01:00:00+00:00,SOL,BUY,106.87101651178091,0.10687101651178091,0.15,S3_TREND
2026-07-12 02:00:00+00:00,BTC,SELL,15.687387349651544,0.015687387349651544,0.15,S3_TREND
2026-07-12 02:00:00+00:00,ETH,SELL,86.18201009023323,0.08618201009023324,0.15,S3_TREND
2026-07-12 02:00:00+00:00,SOL,SELL,81.88400276186256,0.08188400276186256,0.15,S3_TREND
2026-07-12 03:00:00+00:00,BTC,BUY,10.524766878550508,0.010524766878550508,0.15,S3_TREND
2026-07-12 03:00:00+00:00,ETH,BUY,9.067650936323844,0.009067650936323843,0.15,S3_TREND
2026-07-12 03:00:00+00:00,SOL,SELL,8.473474294120024,0.008473474294120023,0.15,S3_TREND
2026-07-12 04:00:00+00:00,BTC,SELL,15.60011249825584,0.01560011249825584,0.15,S3_TREND
2026-07-12 04:00:00+00:00,ETH,SELL,31.658890662092748,0.03165889066209275,0.15,S3_TREND
2026-07-12 04:00:00+00:00,SOL,SELL,6926.9377490338875,6.926937749033888,0.075,S6_REVERSAL
2026-07-12 05:00:00+00:00,BTC,BUY,28.894300289292005,0.028894300289292005,0.15,S3_TREND
2026-07-12 05:00:00+00:00,ETH,BUY,23.535985273596452,0.023535985273596453,0.15,S3_TREND
2026-07-12 05:00:00+00:00,SOL,BUY,20.86111492844975,0.02086111492844975,0.075,S6_REVERSAL
2026-07-12 06:00:00+00:00,ETH,BUY,12.395562564230204,0.012395562564230205,0.15,S3_TREND
2026-07-12 06:00:00+00:00,SOL,BUY,20.283865164092276,0.020283865164092276,0.075,S6_REVERSAL
2026-07-12 07:00:00+00:00,BTC,BUY,26.55540352621756,0.02655540352621756,0.15,S3_TREND
2026-07-12 07:00:00+00:00,ETH,BUY,45.38960180412323,0.045389601804123235,0.15,S3_TREND
2026-07-12 07:00:00+00:00,SOL,SELL,2.006687336011055,0.002006687336011055,0.075,S6_REVERSAL
2026-07-12 08:00:00+00:00,BTC,SELL,16.345746035449338,0.01634574603544934,0.15,S3_TREND
2026-07-12 08:00:00+00:00,ETH,SELL,17.7460304877859,0.0177460304877859,0.15,S3_TREND
2026-07-12 08:00:00+00:00,SOL,SELL,8.43509242665732,0.00843509242665732,0.075,S6_REVERSAL
2026-07-12 09:00:00+00:00,BTC,SELL,7.993230141708409,0.00799323014170841,0.15,S3_TREND
2026-07-12 09:00:00+00:00,ETH,SELL,36.225361740644075,0.03622536174064408,0.15,S3_TREND
2026-07-12 09:00:00+00:00,SOL,SELL,10.549305001337416,0.010549305001337416,0.075,S6_REVERSAL
2026-07-12 10:00:00+00:00,BTC,BUY,1.3890203303981252,0.0013890203303981252,0.15,S3_TREND
2026-07-12 10:00:00+00:00,ETH,BUY,18.291974205922088,0.018291974205922087,0.15,S3_TREND
2026-07-12 10:00:00+00:00,SOL,SELL,6.13010524236597,0.0061301052423659705,0.075,S6_REVERSAL
2026-07-12 11:00:00+00:00,BTC,BUY,13.595769974550421,0.013595769974550422,0.15,S3_TREND
2026-07-12 11:00:00+00:00,ETH,BUY,15.810133175105875,0.015810133175105875,0.15,S3_TREND
2026-07-12 12:00:00+00:00,BTC,SELL,19.967129490320076,0.019967129490320076,0.15,S3_TREND
2026-07-12 12:00:00+00:00,ETH,SELL,20.50859751774078,0.02050859751774078,0.15,S3_TREND
2026-07-12 12:00:00+00:00,SOL,SELL,13.263042162789134,0.013263042162789134,0.075,S6_REVERSAL
2026-07-12 13:00:00+00:00,BTC,BUY,5.617972175121395,0.0056179721751213945,0.15,S3_TREND
2026-07-12 13:00:00+00:00,ETH,SELL,17.52407829760341,0.01752407829760341,0.15,S3_TREND
2026-07-12 13:00:00+00:00,SOL,SELL,18.75159575062844,0.01875159575062844,0.075,S6_REVERSAL
2026-07-12 14:00:00+00:00,BTC,SELL,1.1074044962697371,0.001107404496269737,0.15,S3_TREND
2026-07-12 14:00:00+00:00,ETH,BUY,6.448679610100953,0.006448679610100953,0.15,S3_TREND
2026-07-12 14:00:00+00:00,SOL,BUY,1.8193039946472709,0.001819303994647271,0.075,S6_REVERSAL
2026-07-12 15:00:00+00:00,BTC,SELL,12.215601448298912,0.012215601448298913,0.15,S3_TREND
2026-07-12 15:00:00+00:00,ETH,SELL,77.00689041505575,0.07700689041505575,0.15,S3_TREND
2026-07-12 15:00:00+00:00,SOL,SELL,21.59859910686282,0.02159859910686282,0.075,S6_REVERSAL
2026-07-12 16:00:00+00:00,BTC,BUY,5.515353351023805,0.005515353351023805,0.15,S3_TREND
2026-07-12 16:00:00+00:00,ETH,SELL,11.269052585294048,0.01126905258529405,0.15,S3_TREND
2026-07-12 16:00:00+00:00,SOL,BUY,6.975910081172515,0.006975910081172515,0.075,S6_REVERSAL
2026-07-12 17:00:00+00:00,BTC,BUY,1.9529862406834582,0.0019529862406834583,0.15,S3_TREND
2026-07-12 17:00:00+00:00,ETH,SELL,5.657785373741717,0.0056577853737417175,0.15,S3_TREND
2026-07-12 17:00:00+00:00,SOL,SELL,5.983350878260352,0.005983350878260353,0.075,S6_REVERSAL
2026-07-12 18:00:00+00:00,BTC,BUY,11.628388108882064,0.011628388108882063,0.15,S3_TREND
2026-07-12 18:00:00+00:00,ETH,BUY,16.56116821705291,0.016561168217052908,0.15,S3_TREND
2026-07-12 18:00:00+00:00,SOL,BUY,12.908825982488452,0.012908825982488452,0.075,S6_REVERSAL
2026-07-12 19:00:00+00:00,BTC,SELL,6.442708050693909,0.006442708050693909,0.15,S3_TREND
2026-07-12 19:00:00+00:00,ETH,SELL,13.463858205332144,0.013463858205332144,0.15,S3_TREND
2026-07-12 19:00:00+00:00,SOL,SELL,16.226009677669936,0.016226009677669937,0.075,S6_REVERSAL
2026-07-12 20:00:00+00:00,BTC,SELL,13.598860660167702,0.013598860660167703,0.15,S3_TREND
2026-07-12 20:00:00+00:00,ETH,BUY,3.9347472245299286,0.003934747224529929,0.15,S3_TREND
2026-07-12 20:00:00+00:00,SOL,SELL,6925.760292882703,6.9257602928827025,0.0,CASH
2026-07-12 21:00:00+00:00,BTC,BUY,4.2366216753434855,0.0042366216753434854,0.15,S3_TREND
2026-07-12 21:00:00+00:00,ETH,SELL,1.0969053812023049,0.001096905381202305,0.15,S3_TREND
2026-07-12 22:00:00+00:00,BTC,BUY,40.77637784830404,0.04077637784830404,0.15,S3_TREND
2026-07-12 22:00:00+00:00,ETH,BUY,49.05182458683339,0.04905182458683339,0.15,S3_TREND
2026-07-12 23:00:00+00:00,BTC,SELL,2.108054986125353,0.002108054986125353,0.15,S3_TREND
2026-07-12 23:00:00+00:00,ETH,BUY,45.69115999108908,0.04569115999108908,0.15,S3_TREND
2026-07-13 00:00:00+00:00,BTC,BUY,21.633114398768157,0.02163311439876816,0.15,S3_TREND
2026-07-13 00:00:00+00:00,ETH,SELL,14.85092486263602,0.014850924862636021,0.15,S3_TREND
2026-07-13 01:00:00+00:00,BTC,SELL,31.039676471289567,0.03103967647128957,0.15,S3_TREND
2026-07-13 01:00:00+00:00,ETH,SELL,119.1334796159681,0.1191334796159681,0.15,S3_TREND
2026-07-13 02:00:00+00:00,BTC,BUY,98.691812353567,0.098691812353567,0.15,S3_TREND
2026-07-13 02:00:00+00:00,ETH,BUY,105.84885673604913,0.10584885673604913,0.15,S3_TREND
2026-07-13 03:00:00+00:00,BTC,SELL,13787.496059123145,13.787496059123145,0.0,CASH
2026-07-13 03:00:00+00:00,ETH,SELL,2.179251479818049,0.002179251479818049,0.15,S3_TREND
2026-07-13 04:00:00+00:00,ETH,BUY,169.55964922855492,0.16955964922855493,0.15,S3_TREND
2026-07-13 05:00:00+00:00,BTC,BUY,6880.08211729732,6.88008211729732,0.075,S6_REVERSAL
2026-07-13 05:00:00+00:00,ETH,BUY,9.894843261981805,0.009894843261981805,0.15,S3_TREND
2026-07-13 06:00:00+00:00,BTC,SELL,11.900018807398737,0.011900018807398738,0.075,S6_REVERSAL
2026-07-13 06:00:00+00:00,ETH,SELL,16.101346447985634,0.016101346447985634,0.15,S3_TREND
2026-07-13 07:00:00+00:00,BTC,SELL,2.0501029685356116,0.0020501029685356118,0.075,S6_REVERSAL
2026-07-13 07:00:00+00:00,ETH,BUY,24.859842336200018,0.02485984233620002,0.15,S3_TREND
2026-07-13 08:00:00+00:00,BTC,SELL,13.403998634033996,0.013403998634033997,0.075,S6_REVERSAL
2026-07-13 08:00:00+00:00,ETH,SELL,60.92513521683031,0.060925135216830316,0.15,S3_TREND
2026-07-13 09:00:00+00:00,BTC,SELL,20.901213726756396,0.020901213726756396,0.075,S6_REVERSAL
2026-07-13 09:00:00+00:00,ETH,SELL,13.408178393978233,0.013408178393978233,0.15,S3_TREND
2026-07-13 10:00:00+00:00,BTC,BUY,8.259986273262257,0.008259986273262257,0.075,S6_REVERSAL
2026-07-13 10:00:00+00:00,ETH,BUY,26.840126574566966,0.026840126574566966,0.15,S3_TREND
2026-07-13 11:00:00+00:00,BTC,BUY,19.741193696121627,0.019741193696121626,0.075,S6_REVERSAL
2026-07-13 11:00:00+00:00,ETH,BUY,38.02239849255784,0.03802239849255784,0.15,S3_TREND
2026-07-13 12:00:00+00:00,BTC,SELL,2.6960077793728487,0.0026960077793728486,0.075,S6_REVERSAL
2026-07-13 12:00:00+00:00,ETH,SELL,8.06121978792362,0.00806121978792362,0.15,S3_TREND
2026-07-13 13:00:00+00:00,BTC,BUY,23.14239128275767,0.023142391282757673,0.075,S6_REVERSAL
2026-07-13 13:00:00+00:00,ETH,BUY,50.71189902036531,0.05071189902036531,0.15,S3_TREND
2026-07-13 14:00:00+00:00,BTC,BUY,30.585575691813574,0.030585575691813575,0.075,S6_REVERSAL
2026-07-13 14:00:00+00:00,ETH,BUY,1.7235775045573973,0.0017235775045573974,0.15,S3_TREND
2026-07-13 15:00:00+00:00,BTC,SELL,42.26092937593694,0.04226092937593694,0.075,S6_REVERSAL
2026-07-13 15:00:00+00:00,ETH,SELL,61.02444785212538,0.06102444785212538,0.15,S3_TREND
2026-07-13 16:00:00+00:00,BTC,BUY,14.871320438928706,0.014871320438928706,0.075,S6_REVERSAL
2026-07-13 16:00:00+00:00,ETH,BUY,28.25126619552975,0.028251266195529753,0.15,S3_TREND
2026-07-13 17:00:00+00:00,BTC,BUY,31.869875621450774,0.03186987562145077,0.075,S6_REVERSAL
2026-07-13 17:00:00+00:00,ETH,BUY,26.929656735834214,0.026929656735834216,0.15,S3_TREND
2026-07-13 18:00:00+00:00,BTC,BUY,27.1465662088749,0.0271465662088749,0.075,S6_REVERSAL
2026-07-13 18:00:00+00:00,ETH,BUY,115.35637614194275,0.11535637614194275,0.15,S3_TREND
2026-07-13 19:00:00+00:00,BTC,SELL,5.17957477071559,0.00517957477071559,0.075,S6_REVERSAL
2026-07-13 19:00:00+00:00,ETH,SELL,13805.226964482907,13.805226964482907,0.0,CASH
2026-07-13 20:00:00+00:00,BTC,SELL,28.503643321336313,0.028503643321336314,0.075,S6_REVERSAL
2026-07-13 21:00:00+00:00,BTC,BUY,7.873843517871137,0.007873843517871137,0.075,S6_REVERSAL
2026-07-13 22:00:00+00:00,BTC,BUY,14.900601968058254,0.014900601968058255,0.075,S6_REVERSAL
2026-07-13 23:00:00+00:00,BTC,BUY,14.431118706595043,0.014431118706595044,0.075,S6_REVERSAL
2026-07-14 00:00:00+00:00,BTC,SELL,42.09398412355131,0.04209398412355131,0.075,S6_REVERSAL
2026-07-14 01:00:00+00:00,BTC,SELL,21.9170630762128,0.0219170630762128,0.075,S6_REVERSAL
2026-07-14 04:00:00+00:00,BTC,SELL,2.3716640245957024,0.0023716640245957025,0.075,S6_REVERSAL
2026-07-14 05:00:00+00:00,BTC,SELL,17.503637309129772,0.017503637309129773,0.075,S6_REVERSAL
2026-07-14 07:00:00+00:00,BTC,BUY,12.27345870755471,0.01227345870755471,0.075,S6_REVERSAL
2026-07-14 08:00:00+00:00,BTC,BUY,6.406210667710184,0.006406210667710184,0.075,S6_REVERSAL
2026-07-14 09:00:00+00:00,BTC,SELL,15.533536901069967,0.015533536901069967,0.075,S6_REVERSAL
2026-07-14 10:00:00+00:00,BTC,BUY,8.540834332697159,0.008540834332697159,0.075,S6_REVERSAL
2026-07-14 11:00:00+00:00,BTC,SELL,17.2956472346832,0.0172956472346832,0.075,S6_REVERSAL
2026-07-14 12:00:00+00:00,BTC,SELL,4.5538125825924,0.0045538125825924,0.075,S6_REVERSAL
2026-07-14 13:00:00+00:00,BTC,SELL,6993.763240768745,6.993763240768745,0.0,CASH
2026-07-15 04:00:00+00:00,ETH,BUY,13760.923460364284,13.760923460364284,0.15,S3_TREND
2026-07-15 05:00:00+00:00,ETH,SELL,4.6827100487080315,0.004682710048708032,0.15,S3_TREND
2026-07-15 06:00:00+00:00,ETH,SELL,38.58032919337347,0.038580329193373473,0.15,S3_TREND
2026-07-15 07:00:00+00:00,ETH,BUY,42.38156783844897,0.04238156783844897,0.15,S3_TREND
2026-07-15 08:00:00+00:00,ETH,BUY,36.33995423282613,0.036339954232826134,0.15,S3_TREND
2026-07-15 09:00:00+00:00,ETH,SELL,57.38849772268986,0.05738849772268986,0.15,S3_TREND
2026-07-15 10:00:00+00:00,ETH,SELL,3.9925563407159643,0.0039925563407159645,0.15,S3_TREND
2026-07-15 11:00:00+00:00,ETH,BUY,10.827618734658245,0.010827618734658245,0.15,S3_TREND
2026-07-15 12:00:00+00:00,ETH,SELL,40.4837147522212,0.040483714752221206,0.15,S3_TREND
2026-07-15 13:00:00+00:00,BTC,BUY,13814.890674737324,13.814890674737324,0.15,S3_TREND
2026-07-15 13:00:00+00:00,ETH,SELL,264.2311479380096,0.2642311479380096,0.15,S3_TREND
2026-07-15 14:00:00+00:00,BTC,BUY,4.672023327831994,0.004672023327831994,0.15,S3_TREND
2026-07-15 14:00:00+00:00,ETH,BUY,4.955816774479899,0.0049558167744798995,0.15,S3_TREND
2026-07-15 15:00:00+00:00,BTC,SELL,42.76426887477464,0.04276426887477464,0.15,S3_TREND
2026-07-15 15:00:00+00:00,ETH,SELL,36.56973203235975,0.036569732032359754,0.15,S3_TREND
2026-07-15 16:00:00+00:00,BTC,SELL,6.380959980851912,0.006380959980851912,0.15,S3_TREND
2026-07-15 16:00:00+00:00,ETH,BUY,8.651251662204231,0.008651251662204231,0.15,S3_TREND
2026-07-15 17:00:00+00:00,BTC,BUY,41.859446605481935,0.04185944660548194,0.15,S3_TREND
2026-07-15 17:00:00+00:00,ETH,BUY,65.33849294464562,0.06533849294464562,0.15,S3_TREND
2026-07-15 17:00:00+00:00,SOL,BUY,13803.330991958323,13.803330991958322,0.15,S3_TREND
2026-07-15 18:00:00+00:00,BTC,BUY,23.601154835549096,0.023601154835549098,0.15,S3_TREND
2026-07-15 18:00:00+00:00,ETH,SELL,49.867349615373314,0.04986734961537331,0.15,S3_TREND
2026-07-15 18:00:00+00:00,SOL,SELL,23.896736123531806,0.023896736123531808,0.15,S3_TREND
2026-07-15 19:00:00+00:00,BTC,BUY,25.534901387887658,0.025534901387887658,0.15,S3_TREND
2026-07-15 19:00:00+00:00,ETH,BUY,8.687602896059616,0.008687602896059616,0.15,S3_TREND
2026-07-15 19:00:00+00:00,SOL,BUY,24.722918114897766,0.024722918114897765,0.15,S3_TREND
2026-07-15 20:00:00+00:00,BTC,SELL,32.50557544248659,0.03250557544248659,0.15,S3_TREND
2026-07-15 20:00:00+00:00,ETH,SELL,5.250658440825646,0.005250658440825646,0.15,S3_TREND
2026-07-15 20:00:00+00:00,SOL,BUY,65.36168913004985,0.06536168913004986,0.15,S3_TREND
2026-07-15 21:00:00+00:00,BTC,BUY,6.595784210698184,0.006595784210698184,0.15,S3_TREND
2026-07-15 21:00:00+00:00,ETH,BUY,7.484513511268233,0.007484513511268233,0.15,S3_TREND
2026-07-15 21:00:00+00:00,SOL,SELL,31.115651139210968,0.031115651139210967,0.15,S3_TREND
2026-07-15 22:00:00+00:00,BTC,BUY,23.044390989041858,0.02304439098904186,0.15,S3_TREND
2026-07-15 22:00:00+00:00,ETH,BUY,7.203036081527898,0.0072030360815278985,0.15,S3_TREND
2026-07-15 22:00:00+00:00,SOL,SELL,10.693250106614869,0.01069325010661487,0.15,S3_TREND
2026-07-15 23:00:00+00:00,BTC,SELL,2.4938618650849094,0.0024938618650849095,0.15,S3_TREND
2026-07-15 23:00:00+00:00,ETH,SELL,5.8154284736046975,0.005815428473604697,0.15,S3_TREND
2026-07-15 23:00:00+00:00,SOL,SELL,8.02521861141031,0.00802521861141031,0.15,S3_TREND
2026-07-16 00:00:00+00:00,BTC,BUY,8.664602138689588,0.008664602138689588,0.15,S3_TREND
2026-07-16 00:00:00+00:00,ETH,BUY,25.079557836488675,0.025079557836488676,0.15,S3_TREND
2026-07-16 00:00:00+00:00,SOL,BUY,20.74078271916187,0.02074078271916187,0.15,S3_TREND
2026-07-16 01:00:00+00:00,BTC,BUY,18.800697880622465,0.018800697880622465,0.15,S3_TREND
2026-07-16 01:00:00+00:00,ETH,BUY,3.783617509265241,0.003783617509265241,0.15,S3_TREND
2026-07-16 01:00:00+00:00,SOL,BUY,42.778322071388175,0.042778322071388174,0.15,S3_TREND
2026-07-16 02:00:00+00:00,BTC,SELL,13.96333994620727,0.01396333994620727,0.15,S3_TREND
2026-07-16 02:00:00+00:00,ETH,SELL,39.21097987511166,0.039210979875111664,0.15,S3_TREND
2026-07-16 02:00:00+00:00,SOL,SELL,9.698049128970524,0.009698049128970524,0.15,S3_TREND
2026-07-16 03:00:00+00:00,BTC,BUY,19.853926933401453,0.019853926933401454,0.15,S3_TREND
2026-07-16 03:00:00+00:00,ETH,SELL,18.009602224492482,0.018009602224492483,0.15,S3_TREND
2026-07-16 03:00:00+00:00,SOL,SELL,6.02567530975648,0.0060256753097564794,0.15,S3_TREND
2026-07-16 04:00:00+00:00,BTC,SELL,7.986054712671829,0.007986054712671829,0.15,S3_TREND
2026-07-16 04:00:00+00:00,ETH,BUY,34.97825987204487,0.03497825987204487,0.15,S3_TREND
2026-07-16 04:00:00+00:00,SOL,BUY,19.47195829224802,0.01947195829224802,0.15,S3_TREND
2026-07-16 05:00:00+00:00,BTC,SELL,9.376972426034627,0.009376972426034627,0.15,S3_TREND
2026-07-16 05:00:00+00:00,SOL,BUY,20.289828988154113,0.020289828988154113,0.15,S3_TREND
2026-07-16 06:00:00+00:00,BTC,SELL,22.573486632602,0.022573486632602,0.15,S3_TREND
2026-07-16 06:00:00+00:00,ETH,SELL,18.363610260899804,0.018363610260899804,0.15,S3_TREND
2026-07-16 06:00:00+00:00,SOL,SELL,85.5706057221869,0.0855706057221869,0.15,S3_TREND
2026-07-16 07:00:00+00:00,BTC,BUY,18.3107219142712,0.0183107219142712,0.15,S3_TREND
2026-07-16 07:00:00+00:00,ETH,BUY,10.698631340908832,0.010698631340908833,0.15,S3_TREND
2026-07-16 07:00:00+00:00,SOL,BUY,13.342891218280784,0.013342891218280783,0.15,S3_TREND
2026-07-16 08:00:00+00:00,BTC,BUY,59.89507908005726,0.059895079080057256,0.15,S3_TREND
2026-07-16 08:00:00+00:00,ETH,BUY,30.445582363652647,0.03044558236365265,0.15,S3_TREND
2026-07-16 08:00:00+00:00,SOL,BUY,110.86718611506149,0.1108671861150615,0.15,S3_TREND
2026-07-16 09:00:00+00:00,BTC,SELL,13.309508242185984,0.013309508242185984,0.15,S3_TREND
2026-07-16 09:00:00+00:00,ETH,BUY,139.36705214080757,0.13936705214080758,0.15,S3_TREND
2026-07-16 09:00:00+00:00,SOL,BUY,9.650700916510687,0.009650700916510687,0.15,S3_TREND
2026-07-16 10:00:00+00:00,BTC,BUY,1.6244462018512422,0.0016244462018512422,0.15,S3_TREND
2026-07-16 10:00:00+00:00,ETH,BUY,3.990517572472527,0.003990517572472527,0.15,S3_TREND
2026-07-16 10:00:00+00:00,SOL,BUY,17.12802607159756,0.01712802607159756,0.15,S3_TREND
2026-07-16 11:00:00+00:00,BTC,SELL,14.736884554657081,0.014736884554657081,0.15,S3_TREND
2026-07-16 11:00:00+00:00,ETH,SELL,15.010794408397487,0.015010794408397487,0.15,S3_TREND
2026-07-16 11:00:00+00:00,SOL,SELL,19.09210157163397,0.019092101571633973,0.15,S3_TREND
2026-07-16 12:00:00+00:00,BTC,SELL,8.381754213367458,0.008381754213367457,0.15,S3_TREND
2026-07-16 12:00:00+00:00,ETH,BUY,23.209433871974397,0.023209433871974397,0.15,S3_TREND
2026-07-16 12:00:00+00:00,SOL,SELL,11.663258952210526,0.011663258952210527,0.15,S3_TREND
2026-07-16 13:00:00+00:00,BTC,BUY,29.357682371277406,0.029357682371277408,0.15,S3_TREND
2026-07-16 13:00:00+00:00,ETH,BUY,59.781646131050366,0.059781646131050366,0.15,S3_TREND
2026-07-16 13:00:00+00:00,SOL,BUY,30.287421250854095,0.030287421250854096,0.15,S3_TREND
2026-07-16 14:00:00+00:00,BTC,SELL,51.37480262576537,0.05137480262576537,0.15,S3_TREND
2026-07-16 14:00:00+00:00,ETH,SELL,38.58834429947274,0.038588344299472735,0.15,S3_TREND
2026-07-16 14:00:00+00:00,SOL,SELL,42.98600413544409,0.042986004135444095,0.15,S3_TREND
2026-07-16 15:00:00+00:00,BTC,SELL,25.77659460619543,0.02577659460619543,0.15,S3_TREND
2026-07-16 15:00:00+00:00,ETH,BUY,4.643471925857739,0.004643471925857739,0.15,S3_TREND
2026-07-16 15:00:00+00:00,SOL,SELL,15.241112696916389,0.015241112696916389,0.15,S3_TREND
2026-07-16 16:00:00+00:00,BTC,SELL,27.408189417239555,0.027408189417239555,0.15,S3_TREND
2026-07-16 16:00:00+00:00,ETH,BUY,18.714865395826564,0.018714865395826563,0.15,S3_TREND
2026-07-16 16:00:00+00:00,SOL,SELL,16.457647193252342,0.016457647193252344,0.15,S3_TREND
2026-07-16 17:00:00+00:00,BTC,BUY,26.83512985606103,0.02683512985606103,0.15,S3_TREND
2026-07-16 17:00:00+00:00,ETH,BUY,1.83111786704103,0.00183111786704103,0.15,S3_TREND
2026-07-16 17:00:00+00:00,SOL,BUY,44.48967705326504,0.04448967705326504,0.15,S3_TREND
2026-07-16 18:00:00+00:00,BTC,BUY,46.50097549010388,0.04650097549010388,0.15,S3_TREND
2026-07-16 18:00:00+00:00,ETH,BUY,31.10658081188558,0.031106580811885578,0.15,S3_TREND
2026-07-16 18:00:00+00:00,SOL,BUY,75.09594610833483,0.07509594610833482,0.15,S3_TREND
2026-07-16 19:00:00+00:00,BTC,SELL,21.51473029643057,0.02151473029643057,0.15,S3_TREND
2026-07-16 19:00:00+00:00,ETH,SELL,34.43409984918799,0.03443409984918799,0.15,S3_TREND
2026-07-16 19:00:00+00:00,SOL,SELL,3.6550543479752378,0.0036550543479752376,0.15,S3_TREND
2026-07-16 20:00:00+00:00,BTC,SELL,3.07238247910027,0.00307238247910027,0.15,S3_TREND
2026-07-16 20:00:00+00:00,ETH,BUY,4.3233032200005255,0.004323303220000525,0.15,S3_TREND
2026-07-16 20:00:00+00:00,SOL,SELL,10.212678569785567,0.010212678569785567,0.15,S3_TREND
2026-07-16 21:00:00+00:00,BTC,BUY,24.198321805903106,0.024198321805903106,0.15,S3_TREND
2026-07-16 21:00:00+00:00,ETH,BUY,17.568700602989338,0.01756870060298934,0.15,S3_TREND
2026-07-16 21:00:00+00:00,SOL,SELL,7.536072078619327,0.007536072078619327,0.15,S3_TREND
2026-07-16 22:00:00+00:00,BTC,BUY,3.0831785169830255,0.0030831785169830256,0.15,S3_TREND
2026-07-16 22:00:00+00:00,ETH,SELL,36.17069336200257,0.03617069336200257,0.15,S3_TREND
2026-07-16 22:00:00+00:00,SOL,SELL,15.5923209375469,0.0155923209375469,0.15,S3_TREND
2026-07-16 23:00:00+00:00,BTC,BUY,7.445695543012334,0.007445695543012334,0.15,S3_TREND
2026-07-16 23:00:00+00:00,ETH,BUY,37.30402259363473,0.03730402259363473,0.15,S3_TREND
2026-07-16 23:00:00+00:00,SOL,BUY,79.56815468064633,0.07956815468064633,0.15,S3_TREND
2026-07-17 00:00:00+00:00,BTC,BUY,20.666144349925162,0.020666144349925163,0.15,S3_TREND
2026-07-17 00:00:00+00:00,ETH,BUY,21.788852878291436,0.021788852878291437,0.15,S3_TREND
2026-07-17 00:00:00+00:00,SOL,SELL,10.547822306607486,0.010547822306607486,0.15,S3_TREND
2026-07-17 01:00:00+00:00,BTC,SELL,2.733181780909945,0.0027331817809099447,0.15,S3_TREND
2026-07-17 01:00:00+00:00,ETH,BUY,1.4368096181697183,0.0014368096181697184,0.15,S3_TREND
2026-07-17 01:00:00+00:00,SOL,SELL,32.452977017197554,0.03245297701719756,0.15,S3_TREND
2026-07-17 02:00:00+00:00,BTC,BUY,32.98977441431816,0.03298977441431816,0.15,S3_TREND
2026-07-17 02:00:00+00:00,ETH,BUY,66.84156444710425,0.06684156444710425,0.15,S3_TREND
2026-07-17 02:00:00+00:00,SOL,BUY,45.302524258046105,0.04530252425804611,0.15,S3_TREND
2026-07-17 03:00:00+00:00,BTC,BUY,5.775643881190263,0.005775643881190263,0.15,S3_TREND
2026-07-17 03:00:00+00:00,ETH,BUY,15.025406104017748,0.015025406104017747,0.15,S3_TREND
2026-07-17 03:00:00+00:00,SOL,BUY,8.327071585039448,0.008327071585039448,0.15,S3_TREND
2026-07-17 04:00:00+00:00,BTC,SELL,4.872211696336308,0.004872211696336308,0.15,S3_TREND
2026-07-17 04:00:00+00:00,ETH,SELL,18.693932177535316,0.018693932177535316,0.15,S3_TREND
2026-07-17 04:00:00+00:00,SOL,SELL,27.727241345541188,0.02772724134554119,0.15,S3_TREND
2026-07-17 05:00:00+00:00,BTC,BUY,12.559088965756018,0.012559088965756018,0.15,S3_TREND
2026-07-17 05:00:00+00:00,ETH,BUY,12.72370299521026,0.012723702995210261,0.15,S3_TREND
2026-07-17 05:00:00+00:00,SOL,SELL,13614.547151969435,13.614547151969434,0.0,CASH
2026-07-17 06:00:00+00:00,BTC,BUY,86.88408614405125,0.08688408614405126,0.15,S3_TREND
2026-07-17 06:00:00+00:00,ETH,BUY,140.4932684221767,0.1404932684221767,0.15,S3_TREND
2026-07-17 06:00:00+00:00,SOL,BUY,6778.735939928681,6.778735939928681,0.075,S6_REVERSAL
2026-07-17 07:00:00+00:00,BTC,SELL,8.696007612110407,0.008696007612110406,0.15,S3_TREND
2026-07-17 07:00:00+00:00,ETH,SELL,47.560531777829965,0.04756053177782996,0.15,S3_TREND
2026-07-17 07:00:00+00:00,SOL,SELL,11.80897302484209,0.011808973024842089,0.075,S6_REVERSAL
2026-07-17 08:00:00+00:00,BTC,BUY,18.023656040522837,0.018023656040522838,0.15,S3_TREND
2026-07-17 08:00:00+00:00,ETH,BUY,20.247304662507304,0.020247304662507303,0.15,S3_TREND
2026-07-17 08:00:00+00:00,SOL,SELL,5.7321455385535955,0.005732145538553596,0.075,S6_REVERSAL
2026-07-17 09:00:00+00:00,BTC,SELL,6793.816832350157,6.793816832350157,0.075,S6_REVERSAL
2026-07-17 09:00:00+00:00,ETH,SELL,9.634734618764924,0.009634734618764924,0.15,S3_TREND
2026-07-17 09:00:00+00:00,SOL,BUY,9.445570525333096,0.009445570525333097,0.075,S6_REVERSAL
2026-07-17 10:00:00+00:00,BTC,SELL,7.000259975310655,0.007000259975310655,0.075,S6_REVERSAL
2026-07-17 10:00:00+00:00,ETH,SELL,28.732382198877527,0.028732382198877526,0.15,S3_TREND
2026-07-17 10:00:00+00:00,SOL,SELL,7.8883444517287,0.0078883444517287,0.075,S6_REVERSAL
2026-07-17 11:00:00+00:00,BTC,SELL,16.987299155269284,0.016987299155269284,0.075,S6_REVERSAL
2026-07-17 11:00:00+00:00,ETH,SELL,6.840158366036121,0.006840158366036121,0.15,S3_TREND
2026-07-17 11:00:00+00:00,SOL,SELL,9.19408655809275,0.00919408655809275,0.075,S6_REVERSAL
2026-07-17 12:00:00+00:00,BTC,SELL,10.1870227392792,0.0101870227392792,0.075,S6_REVERSAL
2026-07-17 12:00:00+00:00,ETH,SELL,10.292865793864621,0.010292865793864622,0.15,S3_TREND
2026-07-17 12:00:00+00:00,SOL,SELL,2.9413589149271506,0.002941358914927151,0.075,S6_REVERSAL
2026-07-17 13:00:00+00:00,BTC,BUY,10.72511076358387,0.010725110763583871,0.075,S6_REVERSAL
2026-07-17 13:00:00+00:00,ETH,BUY,56.54351540564858,0.05654351540564858,0.15,S3_TREND
2026-07-17 13:00:00+00:00,SOL,BUY,31.192215910865343,0.031192215910865344,0.075,S6_REVERSAL
2026-07-17 14:00:00+00:00,BTC,SELL,7.503324044309011,0.007503324044309011,0.075,S6_REVERSAL
2026-07-17 14:00:00+00:00,ETH,BUY,19.209808347302896,0.019209808347302897,0.15,S3_TREND
2026-07-17 14:00:00+00:00,SOL,BUY,3.798265245040966,0.003798265245040966,0.075,S6_REVERSAL
2026-07-17 15:00:00+00:00,BTC,SELL,3.9876128782825617,0.003987612878282562,0.075,S6_REVERSAL
2026-07-17 15:00:00+00:00,ETH,SELL,6758.199957464431,6.758199957464431,0.075,S6_REVERSAL
2026-07-17 16:00:00+00:00,BTC,SELL,22.518451312106663,0.022518451312106662,0.075,S6_REVERSAL
2026-07-17 16:00:00+00:00,ETH,SELL,25.166674985784084,0.025166674985784086,0.075,S6_REVERSAL
2026-07-17 16:00:00+00:00,SOL,SELL,34.661885017359054,0.034661885017359055,0.075,S6_REVERSAL
2026-07-17 17:00:00+00:00,BTC,SELL,11.502290858350534,0.011502290858350535,0.075,S6_REVERSAL
2026-07-17 17:00:00+00:00,ETH,SELL,14.922245060518437,0.014922245060518436,0.075,S6_REVERSAL
2026-07-17 17:00:00+00:00,SOL,SELL,11.742694294002831,0.011742694294002832,0.075,S6_REVERSAL
2026-07-17 18:00:00+00:00,BTC,SELL,40.88933196853577,0.04088933196853577,0.075,S6_REVERSAL
2026-07-17 18:00:00+00:00,ETH,SELL,21.101563309894118,0.021101563309894118,0.075,S6_REVERSAL
2026-07-17 18:00:00+00:00,SOL,SELL,18.488812172727194,0.018488812172727194,0.075,S6_REVERSAL
2026-07-17 19:00:00+00:00,BTC,SELL,19.167921623296934,0.019167921623296936,0.075,S6_REVERSAL
2026-07-17 19:00:00+00:00,ETH,SELL,8.911882088409584,0.008911882088409585,0.075,S6_REVERSAL
2026-07-17 19:00:00+00:00,SOL,SELL,4.119886623766433,0.004119886623766433,0.075,S6_REVERSAL
2026-07-17 20:00:00+00:00,BTC,SELL,6790.757181845599,6.790757181845599,0.0,CASH
2026-07-17 20:00:00+00:00,ETH,BUY,9.367482543969345,0.009367482543969345,0.075,S6_REVERSAL
2026-07-17 20:00:00+00:00,SOL,BUY,8.3460458142672,0.0083460458142672,0.075,S6_REVERSAL
2026-07-17 21:00:00+00:00,ETH,BUY,1.7101309454137663,0.0017101309454137664,0.075,S6_REVERSAL
2026-07-17 21:00:00+00:00,SOL,BUY,6.786350775607389,0.006786350775607389,0.075,S6_REVERSAL
2026-07-17 22:00:00+00:00,ETH,BUY,4.028809964401262,0.0040288099644012615,0.075,S6_REVERSAL
2026-07-17 22:00:00+00:00,SOL,BUY,7.988784800925714,0.007988784800925713,0.075,S6_REVERSAL
2026-07-17 23:00:00+00:00,ETH,BUY,5.631154068400974,0.005631154068400974,0.075,S6_REVERSAL
2026-07-17 23:00:00+00:00,SOL,SELL,2.1227386047721666,0.0021227386047721667,0.075,S6_REVERSAL
2026-07-18 00:00:00+00:00,ETH,SELL,6.765822269286218,0.006765822269286219,0.075,S6_REVERSAL
2026-07-18 01:00:00+00:00,ETH,BUY,4.161598542933461,0.004161598542933462,0.075,S6_REVERSAL
2026-07-18 01:00:00+00:00,SOL,SELL,5.616348653591558,0.005616348653591559,0.075,S6_REVERSAL
2026-07-18 02:00:00+00:00,ETH,SELL,4.753546156571247,0.004753546156571246,0.075,S6_REVERSAL
2026-07-18 02:00:00+00:00,SOL,SELL,10.426753592751082,0.010426753592751081,0.075,S6_REVERSAL
2026-07-18 03:00:00+00:00,ETH,BUY,1.8427940029614547,0.0018427940029614547,0.075,S6_REVERSAL
2026-07-18 03:00:00+00:00,SOL,BUY,1.5100959832288936,0.0015100959832288936,0.075,S6_REVERSAL
2026-07-18 04:00:00+00:00,ETH,SELL,12.741611414569888,0.012741611414569889,0.075,S6_REVERSAL
2026-07-18 04:00:00+00:00,SOL,SELL,6812.242921840289,6.812242921840289,0.0,CASH
2026-07-18 05:00:00+00:00,ETH,SELL,6795.34538277156,6.79534538277156,0.0,CASH
2026-07-19 07:00:00+00:00,BTC,BUY,13597.234451073466,13.597234451073465,0.15,S3_TREND
2026-07-19 08:00:00+00:00,BTC,SELL,1.9234937468645512,0.0019234937468645512,0.15,S3_TREND
2026-07-19 10:00:00+00:00,BTC,BUY,35.90081550104151,0.03590081550104151,0.15,S3_TREND
2026-07-19 11:00:00+00:00,BTC,SELL,15.22463157983293,0.01522463157983293,0.15,S3_TREND
2026-07-19 12:00:00+00:00,BTC,BUY,22.774215248966357,0.02277421524896636,0.15,S3_TREND
2026-07-19 13:00:00+00:00,BTC,BUY,4.742264576685557,0.0047422645766855565,0.15,S3_TREND
2026-07-19 14:00:00+00:00,BTC,SELL,7.556308090910534,0.007556308090910534,0.15,S3_TREND
2026-07-19 14:00:00+00:00,SOL,BUY,13587.989040170973,13.587989040170973,0.15,S3_TREND
2026-07-19 15:00:00+00:00,BTC,SELL,13.396368559318944,0.013396368559318944,0.15,S3_TREND
2026-07-19 15:00:00+00:00,ETH,BUY,13597.719300283361,13.59771930028336,0.15,S3_TREND
2026-07-19 15:00:00+00:00,SOL,SELL,45.607057313427504,0.045607057313427506,0.15,S3_TREND
2026-07-19 16:00:00+00:00,BTC,SELL,10.380358650932976,0.010380358650932977,0.15,S3_TREND
2026-07-19 16:00:00+00:00,ETH,BUY,15.40780127490325,0.01540780127490325,0.15,S3_TREND
2026-07-19 16:00:00+00:00,SOL,BUY,25.351525495341775,0.025351525495341774,0.15,S3_TREND
2026-07-19 17:00:00+00:00,BTC,SELL,4.171503923460477,0.004171503923460477,0.15,S3_TREND
2026-07-19 17:00:00+00:00,ETH,BUY,15.868925989449053,0.015868925989449053,0.15,S3_TREND
2026-07-19 17:00:00+00:00,SOL,BUY,39.496959402384164,0.039496959402384166,0.15,S3_TREND
2026-07-19 18:00:00+00:00,ETH,SELL,1.3052478514455288,0.001305247851445529,0.15,S3_TREND
2026-07-19 18:00:00+00:00,SOL,SELL,5.32966991828107,0.00532966991828107,0.15,S3_TREND
2026-07-19 19:00:00+00:00,BTC,BUY,10.729014882237607,0.010729014882237608,0.15,S3_TREND
2026-07-19 19:00:00+00:00,ETH,BUY,28.35846911621229,0.02835846911621229,0.15,S3_TREND
2026-07-19 19:00:00+00:00,SOL,BUY,19.681410827759464,0.019681410827759465,0.15,S3_TREND
2026-07-19 20:00:00+00:00,BTC,SELL,2.7703564774747065,0.0027703564774747063,0.15,S3_TREND
2026-07-19 20:00:00+00:00,ETH,SELL,2.9149299754735694,0.0029149299754735692,0.15,S3_TREND
2026-07-19 20:00:00+00:00,SOL,SELL,17.073112420677717,0.017073112420677716,0.15,S3_TREND
2026-07-19 21:00:00+00:00,BTC,SELL,1.210344319941214,0.001210344319941214,0.15,S3_TREND
2026-07-19 21:00:00+00:00,ETH,SELL,20.57477064349405,0.02057477064349405,0.15,S3_TREND
2026-07-19 21:00:00+00:00,SOL,SELL,30.44397535736607,0.030443975357366072,0.15,S3_TREND
2026-07-19 22:00:00+00:00,BTC,BUY,6.380502184749275,0.0063805021847492755,0.15,S3_TREND
2026-07-19 22:00:00+00:00,ETH,BUY,17.65892786905897,0.017658927869058972,0.15,S3_TREND
2026-07-19 22:00:00+00:00,SOL,BUY,45.27896939472521,0.04527896939472521,0.15,S3_TREND
2026-07-19 23:00:00+00:00,BTC,SELL,28.658388736605048,0.028658388736605048,0.15,S3_TREND
2026-07-19 23:00:00+00:00,ETH,SELL,34.74186858706889,0.034741868587068896,0.15,S3_TREND
2026-07-19 23:00:00+00:00,SOL,SELL,31.41617473050246,0.03141617473050246,0.15,S3_TREND
2026-07-20 00:00:00+00:00,ETH,SELL,2.120045445199139,0.002120045445199139,0.15,S3_TREND
2026-07-20 00:00:00+00:00,SOL,SELL,39.03046616334541,0.039030466163345406,0.15,S3_TREND
2026-07-20 01:00:00+00:00,BTC,BUY,35.97189067612271,0.03597189067612271,0.15,S3_TREND
2026-07-20 01:00:00+00:00,SOL,SELL,34.17772741179215,0.03417772741179215,0.15,S3_TREND
2026-07-20 02:00:00+00:00,BTC,SELL,20.879718645121102,0.0208797186451211,0.15,S3_TREND
2026-07-20 02:00:00+00:00,ETH,BUY,13.77046972113385,0.01377046972113385,0.15,S3_TREND
2026-07-20 02:00:00+00:00,SOL,BUY,26.69887166191802,0.02669887166191802,0.15,S3_TREND
2026-07-20 03:00:00+00:00,BTC,SELL,9.518523975453718,0.009518523975453719,0.15,S3_TREND
2026-07-20 03:00:00+00:00,ETH,SELL,36.618543308319204,0.03661854330831921,0.15,S3_TREND
2026-07-20 03:00:00+00:00,SOL,SELL,72.59841986901301,0.07259841986901301,0.15,S3_TREND
2026-07-20 04:00:00+00:00,BTC,SELL,12.509642689426983,0.012509642689426982,0.15,S3_TREND
2026-07-20 04:00:00+00:00,ETH,SELL,9.937536715317037,0.009937536715317037,0.15,S3_TREND
2026-07-20 04:00:00+00:00,SOL,BUY,35.373840324624325,0.035373840324624324,0.15,S3_TREND
2026-07-20 05:00:00+00:00,BTC,BUY,38.916611555512645,0.03891661155551265,0.15,S3_TREND
2026-07-20 05:00:00+00:00,ETH,BUY,49.29502737279108,0.04929502737279108,0.15,S3_TREND
2026-07-20 05:00:00+00:00,SOL,BUY,22.90625125330007,0.02290625125330007,0.15,S3_TREND
2026-07-20 06:00:00+00:00,BTC,BUY,44.87360562322465,0.04487360562322465,0.15,S3_TREND
2026-07-20 06:00:00+00:00,ETH,BUY,56.21298955024213,0.05621298955024213,0.15,S3_TREND
2026-07-20 06:00:00+00:00,SOL,BUY,52.32353752770359,0.05232353752770359,0.15,S3_TREND
2026-07-20 07:00:00+00:00,BTC,BUY,23.651871272008066,0.023651871272008067,0.15,S3_TREND
2026-07-20 07:00:00+00:00,ETH,BUY,21.12093656822617,0.02112093656822617,0.15,S3_TREND
2026-07-20 07:00:00+00:00,SOL,BUY,31.025330378301078,0.031025330378301078,0.15,S3_TREND
2026-07-20 08:00:00+00:00,BTC,SELL,33.97429825298241,0.033974298252982406,0.15,S3_TREND
2026-07-20 08:00:00+00:00,ETH,SELL,61.34823148558644,0.06134823148558644,0.15,S3_TREND
2026-07-20 08:00:00+00:00,SOL,SELL,61.081661019030435,0.06108166101903043,0.15,S3_TREND
2026-07-20 09:00:00+00:00,BTC,BUY,36.422595646305126,0.03642259564630513,0.15,S3_TREND
2026-07-20 09:00:00+00:00,ETH,BUY,9.34498816613268,0.00934498816613268,0.15,S3_TREND
2026-07-20 09:00:00+00:00,SOL,SELL,1.44846094129025,0.0014484609412902501,0.15,S3_TREND
2026-07-20 10:00:00+00:00,BTC,SELL,15.186086580200936,0.015186086580200936,0.15,S3_TREND
2026-07-20 10:00:00+00:00,ETH,SELL,6.487747828074134,0.006487747828074135,0.15,S3_TREND
2026-07-20 10:00:00+00:00,SOL,SELL,38.721792660788196,0.0387217926607882,0.15,S3_TREND
2026-07-20 11:00:00+00:00,BTC,SELL,16.330674486805947,0.016330674486805946,0.15,S3_TREND
2026-07-20 11:00:00+00:00,ETH,SELL,29.129568123129502,0.0291295681231295,0.15,S3_TREND
2026-07-20 11:00:00+00:00,SOL,BUY,26.463789652085325,0.026463789652085325,0.15,S3_TREND
2026-07-20 12:00:00+00:00,BTC,SELL,78.19015277677863,0.07819015277677864,0.15,S3_TREND
2026-07-20 12:00:00+00:00,ETH,SELL,107.11597077894476,0.10711597077894476,0.15,S3_TREND
2026-07-20 12:00:00+00:00,SOL,SELL,70.69583980276184,0.07069583980276184,0.15,S3_TREND
2026-07-20 13:00:00+00:00,BTC,BUY,32.730871129515435,0.032730871129515435,0.15,S3_TREND
2026-07-20 13:00:00+00:00,ETH,BUY,99.96565739126163,0.09996565739126163,0.15,S3_TREND
2026-07-20 13:00:00+00:00,SOL,BUY,25.725119517357598,0.0257251195173576,0.15,S3_TREND
2026-07-20 14:00:00+00:00,BTC,BUY,29.085160000950054,0.029085160000950055,0.15,S3_TREND
2026-07-20 14:00:00+00:00,ETH,BUY,44.20434901485896,0.044204349014858965,0.15,S3_TREND
2026-07-20 14:00:00+00:00,SOL,BUY,48.32813708735557,0.048328137087355574,0.15,S3_TREND
2026-07-20 15:00:00+00:00,BTC,SELL,10.570386476763815,0.010570386476763815,0.15,S3_TREND
2026-07-20 15:00:00+00:00,ETH,SELL,34.218540649395436,0.03421854064939544,0.15,S3_TREND
2026-07-20 15:00:00+00:00,SOL,BUY,27.742157179354763,0.027742157179354764,0.15,S3_TREND
2026-07-20 16:00:00+00:00,BTC,SELL,131.41687787024966,0.13141687787024967,0.15,S3_TREND
2026-07-20 16:00:00+00:00,ETH,SELL,131.64607807810535,0.13164607807810536,0.15,S3_TREND
2026-07-20 16:00:00+00:00,SOL,SELL,169.14147891697212,0.16914147891697212,0.15,S3_TREND
2026-07-20 17:00:00+00:00,BTC,BUY,9.880088722435175,0.009880088722435176,0.15,S3_TREND
2026-07-20 17:00:00+00:00,ETH,BUY,12.131654970067757,0.012131654970067757,0.15,S3_TREND
2026-07-20 17:00:00+00:00,SOL,BUY,10.409207540753414,0.010409207540753414,0.15,S3_TREND
2026-07-20 18:00:00+00:00,BTC,SELL,2.69515468987629,0.00269515468987629,0.15,S3_TREND
2026-07-20 18:00:00+00:00,ETH,SELL,46.39422674476373,0.04639422674476373,0.15,S3_TREND
2026-07-20 18:00:00+00:00,SOL,SELL,1.9488746863935376,0.0019488746863935377,0.15,S3_TREND
2026-07-20 19:00:00+00:00,BTC,BUY,50.49533738775244,0.05049533738775244,0.15,S3_TREND
2026-07-20 19:00:00+00:00,ETH,BUY,37.12646975709322,0.03712646975709322,0.15,S3_TREND
2026-07-20 19:00:00+00:00,SOL,SELL,6.327730314025757,0.006327730314025758,0.15,S3_TREND
2026-07-20 20:00:00+00:00,BTC,BUY,15.777353749588656,0.015777353749588656,0.15,S3_TREND
2026-07-20 20:00:00+00:00,ETH,BUY,2.862890679642078,0.0028628906796420777,0.15,S3_TREND
2026-07-20 20:00:00+00:00,SOL,SELL,1.2470154263628501,0.0012470154263628502,0.15,S3_TREND
2026-07-20 21:00:00+00:00,BTC,SELL,27.023628440927496,0.027023628440927497,0.15,S3_TREND
2026-07-20 21:00:00+00:00,ETH,SELL,25.555369280333252,0.025555369280333255,0.15,S3_TREND
2026-07-20 21:00:00+00:00,SOL,SELL,21.943761243404875,0.021943761243404875,0.15,S3_TREND
2026-07-20 22:00:00+00:00,BTC,BUY,8.261031363150323,0.008261031363150323,0.15,S3_TREND
2026-07-20 22:00:00+00:00,ETH,BUY,8.21509357577088,0.00821509357577088,0.15,S3_TREND
2026-07-20 22:00:00+00:00,SOL,BUY,15.792854822770096,0.015792854822770097,0.15,S3_TREND
2026-07-20 23:00:00+00:00,BTC,BUY,10.46053491670682,0.01046053491670682,0.15,S3_TREND
2026-07-20 23:00:00+00:00,ETH,BUY,28.752571710310804,0.028752571710310804,0.15,S3_TREND
2026-07-20 23:00:00+00:00,SOL,BUY,33.07978090475808,0.033079780904758084,0.15,S3_TREND
2026-07-21 00:00:00+00:00,ETH,SELL,41.03338253516995,0.04103338253516995,0.15,S3_TREND
2026-07-21 00:00:00+00:00,SOL,SELL,48.14550509862784,0.04814550509862784,0.15,S3_TREND
2026-07-21 01:00:00+00:00,BTC,SELL,37.671547070598535,0.037671547070598534,0.15,S3_TREND
2026-07-21 01:00:00+00:00,ETH,SELL,44.58984075526678,0.04458984075526678,0.15,S3_TREND
2026-07-21 01:00:00+00:00,SOL,SELL,18.227215254562907,0.018227215254562907,0.15,S3_TREND
2026-07-21 02:00:00+00:00,BTC,BUY,44.12794001495968,0.04412794001495968,0.15,S3_TREND
2026-07-21 02:00:00+00:00,ETH,BUY,26.94899681712559,0.02694899681712559,0.15,S3_TREND
2026-07-21 02:00:00+00:00,SOL,BUY,21.998167013920465,0.021998167013920465,0.15,S3_TREND
2026-07-21 03:00:00+00:00,BTC,SELL,16.27200669294143,0.016272006692941432,0.15,S3_TREND
2026-07-21 03:00:00+00:00,ETH,SELL,49.22957712817697,0.04922957712817697,0.15,S3_TREND
2026-07-21 03:00:00+00:00,SOL,SELL,12.239375688002838,0.012239375688002837,0.15,S3_TREND
2026-07-21 04:00:00+00:00,BTC,SELL,12.621201493770059,0.01262120149377006,0.15,S3_TREND
2026-07-21 04:00:00+00:00,ETH,SELL,48.11008513452907,0.04811008513452907,0.15,S3_TREND
2026-07-21 04:00:00+00:00,SOL,SELL,10.473609797531024,0.010473609797531024,0.15,S3_TREND
2026-07-21 05:00:00+00:00,BTC,BUY,3.5532262862852804,0.0035532262862852802,0.15,S3_TREND
2026-07-21 05:00:00+00:00,ETH,BUY,9.499392515212094,0.009499392515212094,0.15,S3_TREND
2026-07-21 05:00:00+00:00,SOL,BUY,8.22441486423486,0.00822441486423486,0.15,S3_TREND
2026-07-21 06:00:00+00:00,BTC,SELL,25.529748780465525,0.025529748780465527,0.15,S3_TREND
2026-07-21 06:00:00+00:00,ETH,SELL,20.017918851632203,0.020017918851632205,0.15,S3_TREND
2026-07-21 06:00:00+00:00,SOL,SELL,37.178286368811314,0.03717828636881131,0.15,S3_TREND
2026-07-21 07:00:00+00:00,BTC,SELL,18.40938842360083,0.01840938842360083,0.15,S3_TREND
2026-07-21 07:00:00+00:00,ETH,SELL,16.485961463553394,0.016485961463553394,0.15,S3_TREND
2026-07-21 07:00:00+00:00,SOL,SELL,21.450577656660244,0.021450577656660245,0.15,S3_TREND
2026-07-21 08:00:00+00:00,BTC,SELL,52.26163567003641,0.052261635670036416,0.15,S3_TREND
2026-07-21 08:00:00+00:00,ETH,BUY,11.748458439489696,0.011748458439489696,0.15,S3_TREND
2026-07-21 08:00:00+00:00,SOL,BUY,22.414766646345015,0.022414766646345015,0.15,S3_TREND
2026-07-21 09:00:00+00:00,BTC,SELL,6.158493838644063,0.006158493838644063,0.15,S3_TREND
2026-07-21 09:00:00+00:00,ETH,SELL,38.645111722957154,0.038645111722957155,0.15,S3_TREND
2026-07-21 09:00:00+00:00,SOL,BUY,37.11797466138887,0.03711797466138887,0.15,S3_TREND
2026-07-21 10:00:00+00:00,BTC,SELL,7.431780114211506,0.007431780114211506,0.15,S3_TREND
2026-07-21 10:00:00+00:00,ETH,SELL,11.048040723504528,0.011048040723504527,0.15,S3_TREND
2026-07-21 10:00:00+00:00,SOL,SELL,4.340637538209194,0.004340637538209194,0.15,S3_TREND
2026-07-21 11:00:00+00:00,BTC,BUY,5.703541165543356,0.005703541165543356,0.15,S3_TREND
2026-07-21 11:00:00+00:00,ETH,BUY,39.38487779631396,0.03938487779631396,0.15,S3_TREND
2026-07-21 11:00:00+00:00,SOL,BUY,19.314829889344765,0.019314829889344767,0.15,S3_TREND
2026-07-21 12:00:00+00:00,BTC,SELL,23.9765992460907,0.0239765992460907,0.15,S3_TREND
2026-07-21 12:00:00+00:00,SOL,SELL,14.176664287440872,0.014176664287440872,0.15,S3_TREND
2026-07-21 13:00:00+00:00,BTC,SELL,25.551113770374286,0.025551113770374285,0.15,S3_TREND
2026-07-21 13:00:00+00:00,ETH,SELL,32.097879622062464,0.03209787962206247,0.15,S3_TREND
2026-07-21 13:00:00+00:00,SOL,SELL,11.172343103546154,0.011172343103546156,0.15,S3_TREND
2026-07-21 14:00:00+00:00,BTC,SELL,41.34664499163773,0.04134664499163773,0.15,S3_TREND
2026-07-21 14:00:00+00:00,ETH,BUY,23.385864018644497,0.0233858640186445,0.15,S3_TREND
2026-07-21 14:00:00+00:00,SOL,SELL,3.0633757463456277,0.003063375746345628,0.15,S3_TREND
2026-07-21 15:00:00+00:00,BTC,SELL,33.888667164843355,0.03388866716484336,0.15,S3_TREND
2026-07-21 15:00:00+00:00,ETH,BUY,37.66354057047283,0.03766354057047283,0.15,S3_TREND
2026-07-21 15:00:00+00:00,SOL,BUY,77.78909643539555,0.07778909643539555,0.15,S3_TREND
2026-07-21 16:00:00+00:00,BTC,BUY,32.63735895791069,0.03263735895791069,0.15,S3_TREND
2026-07-21 16:00:00+00:00,ETH,SELL,1.0136976179001067,0.0010136976179001068,0.15,S3_TREND
2026-07-21 16:00:00+00:00,SOL,SELL,26.226528689328916,0.026226528689328916,0.15,S3_TREND
2026-07-21 17:00:00+00:00,BTC,BUY,19.109055956751035,0.019109055956751036,0.15,S3_TREND
2026-07-21 17:00:00+00:00,ETH,BUY,30.10406513081034,0.03010406513081034,0.15,S3_TREND
2026-07-21 17:00:00+00:00,SOL,SELL,17.480325781023566,0.017480325781023567,0.15,S3_TREND
2026-07-21 18:00:00+00:00,BTC,BUY,37.820482745524714,0.037820482745524714,0.15,S3_TREND
2026-07-21 18:00:00+00:00,ETH,BUY,23.529209246484243,0.02352920924648424,0.15,S3_TREND
2026-07-21 18:00:00+00:00,SOL,BUY,53.20457211320354,0.05320457211320354,0.15,S3_TREND
2026-07-21 19:00:00+00:00,BTC,SELL,14.728775683002823,0.014728775683002824,0.15,S3_TREND
2026-07-21 19:00:00+00:00,SOL,SELL,16.234879771127453,0.016234879771127454,0.15,S3_TREND
2026-07-21 20:00:00+00:00,BTC,SELL,18.27574553353952,0.01827574553353952,0.15,S3_TREND
2026-07-21 20:00:00+00:00,ETH,SELL,17.415547477630753,0.017415547477630754,0.15,S3_TREND
2026-07-21 20:00:00+00:00,SOL,BUY,7.576171099442945,0.007576171099442945,0.15,S3_TREND
2026-07-21 21:00:00+00:00,BTC,BUY,7.62701042455592,0.00762701042455592,0.15,S3_TREND
2026-07-21 21:00:00+00:00,SOL,SELL,7.333022149385215,0.007333022149385215,0.15,S3_TREND
2026-07-21 22:00:00+00:00,BTC,BUY,8.636213107272852,0.008636213107272852,0.15,S3_TREND
2026-07-21 22:00:00+00:00,ETH,SELL,2.748205187896019,0.002748205187896019,0.15,S3_TREND
2026-07-21 22:00:00+00:00,SOL,SELL,20.53322490674873,0.020533224906748727,0.15,S3_TREND
2026-07-21 23:00:00+00:00,BTC,BUY,9.232686396986537,0.009232686396986538,0.15,S3_TREND
2026-07-21 23:00:00+00:00,ETH,BUY,17.111067750702205,0.017111067750702206,0.15,S3_TREND
2026-07-21 23:00:00+00:00,SOL,BUY,1.2696048848811188,0.0012696048848811188,0.15,S3_TREND
2026-07-22 00:00:00+00:00,BTC,SELL,30.816281313404033,0.030816281313404033,0.15,S3_TREND
2026-07-22 00:00:00+00:00,ETH,SELL,44.592593369203314,0.044592593369203314,0.15,S3_TREND
2026-07-22 00:00:00+00:00,SOL,SELL,3.228960023718173,0.003228960023718173,0.15,S3_TREND
2026-07-22 01:00:00+00:00,BTC,BUY,7.062017941649174,0.007062017941649174,0.15,S3_TREND
2026-07-22 01:00:00+00:00,ETH,SELL,46.279183172311605,0.046279183172311604,0.15,S3_TREND
2026-07-22 01:00:00+00:00,SOL,SELL,35.904695821858695,0.03590469582185869,0.15,S3_TREND
2026-07-22 02:00:00+00:00,BTC,BUY,24.142122084876974,0.024142122084876975,0.15,S3_TREND
2026-07-22 02:00:00+00:00,ETH,BUY,26.745550133726283,0.026745550133726283,0.15,S3_TREND
2026-07-22 02:00:00+00:00,SOL,BUY,2.8815153940540768,0.002881515394054077,0.15,S3_TREND
2026-07-22 03:00:00+00:00,BTC,BUY,11.505453047191622,0.011505453047191623,0.15,S3_TREND
2026-07-22 03:00:00+00:00,ETH,BUY,9.592887727298148,0.009592887727298148,0.15,S3_TREND
2026-07-22 03:00:00+00:00,SOL,BUY,27.22587484417454,0.02722587484417454,0.15,S3_TREND
2026-07-22 04:00:00+00:00,BTC,BUY,9.975390828592936,0.009975390828592936,0.15,S3_TREND
2026-07-22 04:00:00+00:00,SOL,BUY,32.396870954291444,0.032396870954291446,0.15,S3_TREND
2026-07-22 05:00:00+00:00,BTC,SELL,16.53343069392031,0.01653343069392031,0.15,S3_TREND
2026-07-22 05:00:00+00:00,ETH,SELL,38.32541863714505,0.03832541863714505,0.15,S3_TREND
2026-07-22 05:00:00+00:00,SOL,SELL,14.559282323003572,0.014559282323003572,0.15,S3_TREND
2026-07-22 06:00:00+00:00,BTC,BUY,36.28475007129964,0.036284750071299644,0.15,S3_TREND
2026-07-22 06:00:00+00:00,ETH,BUY,76.21793105157667,0.07621793105157668,0.15,S3_TREND
2026-07-22 06:00:00+00:00,SOL,BUY,63.15412710833334,0.06315412710833335,0.15,S3_TREND
2026-07-22 07:00:00+00:00,BTC,BUY,1.596553716901326,0.001596553716901326,0.15,S3_TREND
2026-07-22 07:00:00+00:00,ETH,BUY,7.098937704709897,0.007098937704709897,0.15,S3_TREND
2026-07-22 07:00:00+00:00,SOL,BUY,16.191832171363785,0.016191832171363784,0.15,S3_TREND
2026-07-22 08:00:00+00:00,BTC,BUY,7.803424159506903,0.007803424159506903,0.15,S3_TREND
2026-07-22 08:00:00+00:00,ETH,BUY,10.218072605825,0.010218072605825001,0.15,S3_TREND
2026-07-22 08:00:00+00:00,SOL,BUY,22.607500314446952,0.022607500314446954,0.15,S3_TREND
2026-07-22 09:00:00+00:00,BTC,SELL,9.623897580624543,0.009623897580624544,0.15,S3_TREND
2026-07-22 09:00:00+00:00,ETH,SELL,28.933972320688554,0.028933972320688554,0.15,S3_TREND
2026-07-22 09:00:00+00:00,SOL,SELL,36.40879134952593,0.036408791349525925,0.15,S3_TREND
2026-07-22 10:00:00+00:00,BTC,BUY,17.422747936379892,0.017422747936379893,0.15,S3_TREND
2026-07-22 10:00:00+00:00,ETH,SELL,17.60367585806307,0.01760367585806307,0.15,S3_TREND
2026-07-22 10:00:00+00:00,SOL,SELL,18.073399722170507,0.018073399722170508,0.15,S3_TREND
2026-07-22 11:00:00+00:00,BTC,SELL,10.929963678903732,0.010929963678903733,0.15,S3_TREND
2026-07-22 11:00:00+00:00,ETH,SELL,31.50529971322976,0.03150529971322976,0.15,S3_TREND
2026-07-22 11:00:00+00:00,SOL,SELL,7.600234476865808,0.007600234476865808,0.15,S3_TREND
2026-07-22 12:00:00+00:00,BTC,SELL,1.217505461325345,0.0012175054613253451,0.15,S3_TREND
2026-07-22 12:00:00+00:00,ETH,BUY,17.31878819097801,0.017318788190978013,0.15,S3_TREND
2026-07-22 12:00:00+00:00,SOL,BUY,13.211904964566202,0.013211904964566201,0.15,S3_TREND
2026-07-22 13:00:00+00:00,BTC,BUY,47.42205634115999,0.047422056341159986,0.15,S3_TREND
2026-07-22 13:00:00+00:00,ETH,BUY,40.820663666954715,0.040820663666954714,0.15,S3_TREND
2026-07-22 13:00:00+00:00,SOL,BUY,25.58794322815811,0.025587943228158112,0.15,S3_TREND
2026-07-22 14:00:00+00:00,BTC,SELL,14.819575136663843,0.014819575136663843,0.15,S3_TREND
2026-07-22 14:00:00+00:00,ETH,SELL,111.54528686989761,0.1115452868698976,0.15,S3_TREND
2026-07-22 14:00:00+00:00,SOL,SELL,60.72724487995583,0.06072724487995584,0.15,S3_TREND
2026-07-22 15:00:00+00:00,BTC,BUY,21.51283594148481,0.02151283594148481,0.15,S3_TREND
2026-07-22 15:00:00+00:00,ETH,BUY,36.326082406947535,0.036326082406947534,0.15,S3_TREND
2026-07-22 15:00:00+00:00,SOL,SELL,16.595812216250124,0.016595812216250123,0.15,S3_TREND
2026-07-22 16:00:00+00:00,BTC,SELL,19.681258108932525,0.019681258108932526,0.15,S3_TREND
2026-07-22 16:00:00+00:00,ETH,SELL,36.69587250224504,0.03669587250224504,0.15,S3_TREND
2026-07-22 16:00:00+00:00,SOL,SELL,65.5258519004401,0.06552585190044011,0.15,S3_TREND
2026-07-22 17:00:00+00:00,BTC,SELL,22.081727503342336,0.022081727503342335,0.15,S3_TREND
2026-07-22 17:00:00+00:00,ETH,SELL,32.40498540349472,0.03240498540349472,0.15,S3_TREND
2026-07-22 17:00:00+00:00,SOL,SELL,3.5192504339393054,0.0035192504339393053,0.15,S3_TREND
2026-07-22 18:00:00+00:00,BTC,BUY,15.054381401278079,0.015054381401278079,0.15,S3_TREND
2026-07-22 18:00:00+00:00,ETH,BUY,52.349998063502426,0.05234999806350243,0.15,S3_TREND
2026-07-22 18:00:00+00:00,SOL,BUY,33.7959878252168,0.0337959878252168,0.15,S3_TREND
2026-07-22 19:00:00+00:00,BTC,BUY,2.0093164442550915,0.0020093164442550916,0.15,S3_TREND
2026-07-22 19:00:00+00:00,ETH,BUY,30.86265803150127,0.030862658031501268,0.15,S3_TREND
2026-07-22 19:00:00+00:00,SOL,BUY,57.88970371811047,0.05788970371811047,0.15,S3_TREND
2026-07-22 20:00:00+00:00,BTC,SELL,13.232599060635039,0.01323259906063504,0.15,S3_TREND
2026-07-22 20:00:00+00:00,ETH,BUY,32.025955714447264,0.03202595571444727,0.15,S3_TREND
2026-07-22 20:00:00+00:00,SOL,BUY,8.444319421292676,0.008444319421292677,0.15,S3_TREND
2026-07-22 21:00:00+00:00,BTC,BUY,6.059222832236628,0.006059222832236628,0.15,S3_TREND
2026-07-22 21:00:00+00:00,ETH,SELL,6.22429479836137,0.00622429479836137,0.15,S3_TREND
2026-07-22 21:00:00+00:00,SOL,SELL,19.418410086316726,0.019418410086316725,0.15,S3_TREND
2026-07-22 22:00:00+00:00,BTC,SELL,8.408896047390954,0.008408896047390955,0.15,S3_TREND
2026-07-22 22:00:00+00:00,ETH,SELL,62.098623514792045,0.06209862351479205,0.15,S3_TREND
2026-07-22 22:00:00+00:00,SOL,SELL,15.407041237956946,0.015407041237956946,0.15,S3_TREND
2026-07-22 23:00:00+00:00,BTC,BUY,4.381020871516739,0.004381020871516739,0.15,S3_TREND
2026-07-23 00:00:00+00:00,BTC,SELL,17.945314928256266,0.017945314928256267,0.15,S3_TREND
2026-07-23 00:00:00+00:00,ETH,BUY,27.1144341491472,0.0271144341491472,0.15,S3_TREND
2026-07-23 00:00:00+00:00,SOL,BUY,4.0031556581561745,0.004003155658156175,0.15,S3_TREND
2026-07-23 01:00:00+00:00,BTC,BUY,15.855153249118302,0.015855153249118303,0.15,S3_TREND
2026-07-23 01:00:00+00:00,ETH,BUY,17.652780854898083,0.017652780854898083,0.15,S3_TREND
2026-07-23 01:00:00+00:00,SOL,SELL,48.75952413483719,0.048759524134837195,0.15,S3_TREND
2026-07-23 02:00:00+00:00,BTC,BUY,26.372830120479193,0.026372830120479192,0.15,S3_TREND
2026-07-23 02:00:00+00:00,ETH,BUY,7.187303187736688,0.007187303187736689,0.15,S3_TREND
2026-07-23 02:00:00+00:00,SOL,BUY,43.87792060667198,0.04387792060667198,0.15,S3_TREND
2026-07-23 03:00:00+00:00,SOL,BUY,19.36260735549149,0.01936260735549149,0.15,S3_TREND
2026-07-23 04:00:00+00:00,BTC,BUY,13.389056225643799,0.013389056225643799,0.15,S3_TREND
2026-07-23 04:00:00+00:00,ETH,BUY,34.14320403924103,0.03414320403924103,0.15,S3_TREND
2026-07-23 04:00:00+00:00,SOL,BUY,12.017134231924501,0.012017134231924501,0.15,S3_TREND
2026-07-23 05:00:00+00:00,BTC,BUY,5.4295656645972485,0.005429565664597249,0.15,S3_TREND
2026-07-23 05:00:00+00:00,ETH,BUY,1.6698050923878327,0.0016698050923878327,0.15,S3_TREND
2026-07-23 05:00:00+00:00,SOL,BUY,8.184246851864373,0.008184246851864373,0.15,S3_TREND
2026-07-23 06:00:00+00:00,BTC,SELL,9.978639183998894,0.009978639183998893,0.15,S3_TREND
2026-07-23 06:00:00+00:00,ETH,SELL,16.117627657657067,0.016117627657657067,0.15,S3_TREND
2026-07-23 06:00:00+00:00,SOL,BUY,5.588782119441021,0.005588782119441021,0.15,S3_TREND
2026-07-23 07:00:00+00:00,BTC,SELL,13.450661254129955,0.013450661254129954,0.15,S3_TREND
2026-07-23 07:00:00+00:00,ETH,SELL,11.4006473343361,0.0114006473343361,0.15,S3_TREND
2026-07-23 07:00:00+00:00,SOL,SELL,1.6301319526210136,0.0016301319526210137,0.15,S3_TREND
2026-07-23 08:00:00+00:00,BTC,BUY,40.10996293175231,0.040109962931752306,0.15,S3_TREND
2026-07-23 08:00:00+00:00,ETH,BUY,36.96777263666809,0.03696777263666809,0.15,S3_TREND
2026-07-23 08:00:00+00:00,SOL,BUY,41.839164507609894,0.0418391645076099,0.15,S3_TREND
2026-07-23 09:00:00+00:00,BTC,SELL,14.03105097074149,0.01403105097074149,0.15,S3_TREND
2026-07-23 09:00:00+00:00,ETH,SELL,51.920730445366644,0.051920730445366645,0.15,S3_TREND
2026-07-23 09:00:00+00:00,SOL,SELL,29.10137436183868,0.02910137436183868,0.15,S3_TREND
2026-07-23 10:00:00+00:00,BTC,SELL,2.8640757152952574,0.0028640757152952573,0.15,S3_TREND
2026-07-23 10:00:00+00:00,ETH,BUY,13.89288660944112,0.013892886609441121,0.15,S3_TREND
2026-07-23 10:00:00+00:00,SOL,SELL,5.165421919855362,0.005165421919855362,0.15,S3_TREND
2026-07-23 11:00:00+00:00,BTC,SELL,6.99967890712287,0.00699967890712287,0.15,S3_TREND
2026-07-23 11:00:00+00:00,ETH,SELL,12.889649005004685,0.012889649005004685,0.15,S3_TREND
2026-07-23 11:00:00+00:00,SOL,SELL,31.89165925376801,0.03189165925376801,0.15,S3_TREND
2026-07-23 12:00:00+00:00,BTC,BUY,28.405711799781784,0.028405711799781786,0.15,S3_TREND
2026-07-23 12:00:00+00:00,ETH,BUY,4.914386349542838,0.004914386349542838,0.15,S3_TREND
2026-07-23 12:00:00+00:00,SOL,BUY,3.945857224471183,0.0039458572244711835,0.15,S3_TREND
2026-07-23 13:00:00+00:00,BTC,BUY,26.87249775057353,0.02687249775057353,0.15,S3_TREND
2026-07-23 13:00:00+00:00,ETH,BUY,97.77136041749145,0.09777136041749146,0.15,S3_TREND
2026-07-23 13:00:00+00:00,SOL,SELL,13587.109578190082,13.587109578190082,0.0,CASH
2026-07-23 14:00:00+00:00,BTC,BUY,42.703151259409424,0.042703151259409426,0.15,S3_TREND
2026-07-23 14:00:00+00:00,ETH,BUY,25.131729810780598,0.025131729810780597,0.15,S3_TREND
2026-07-23 15:00:00+00:00,BTC,SELL,7.841181715984931,0.00784118171598493,0.15,S3_TREND
2026-07-23 15:00:00+00:00,ETH,BUY,14.923651293092917,0.014923651293092918,0.15,S3_TREND
2026-07-23 15:00:00+00:00,SOL,BUY,6821.337368002008,6.821337368002008,0.075,S6_REVERSAL
2026-07-23 16:00:00+00:00,BTC,SELL,11.642956240597414,0.011642956240597415,0.15,S3_TREND
2026-07-23 16:00:00+00:00,ETH,BUY,7.227908344546449,0.007227908344546449,0.15,S3_TREND
2026-07-23 16:00:00+00:00,SOL,BUY,3.7235745013786072,0.0037235745013786074,0.075,S6_REVERSAL
2026-07-23 17:00:00+00:00,BTC,BUY,22.875667980060825,0.022875667980060826,0.15,S3_TREND
2026-07-23 17:00:00+00:00,ETH,BUY,33.02540558258988,0.03302540558258989,0.15,S3_TREND
2026-07-23 17:00:00+00:00,SOL,BUY,25.09902837242953,0.02509902837242953,0.075,S6_REVERSAL
2026-07-23 18:00:00+00:00,BTC,SELL,6803.739932729545,6.803739932729545,0.075,S6_REVERSAL
2026-07-23 18:00:00+00:00,ETH,BUY,51.9577377345704,0.0519577377345704,0.15,S3_TREND
2026-07-23 18:00:00+00:00,SOL,BUY,22.60384441939732,0.02260384441939732,0.075,S6_REVERSAL
2026-07-23 19:00:00+00:00,BTC,SELL,16.14774467850748,0.016147744678507478,0.075,S6_REVERSAL
2026-07-23 19:00:00+00:00,ETH,SELL,6819.364225853237,6.819364225853238,0.075,S6_REVERSAL
2026-07-23 19:00:00+00:00,SOL,SELL,10.777152949734045,0.010777152949734045,0.075,S6_REVERSAL
2026-07-23 20:00:00+00:00,ETH,BUY,17.413291339764328,0.01741329133976433,0.075,S6_REVERSAL
2026-07-23 20:00:00+00:00,SOL,BUY,3.6187757254019743,0.0036187757254019745,0.075,S6_REVERSAL
2026-07-23 21:00:00+00:00,BTC,SELL,24.13700534005602,0.02413700534005602,0.075,S6_REVERSAL
2026-07-23 21:00:00+00:00,ETH,SELL,29.7340699983979,0.0297340699983979,0.075,S6_REVERSAL
2026-07-23 21:00:00+00:00,SOL,SELL,26.398602137428497,0.0263986021374285,0.075,S6_REVERSAL
2026-07-23 22:00:00+00:00,BTC,SELL,3.511724307016266,0.003511724307016266,0.075,S6_REVERSAL
2026-07-23 22:00:00+00:00,ETH,BUY,10.522293554918178,0.01052229355491818,0.075,S6_REVERSAL
2026-07-23 22:00:00+00:00,SOL,BUY,5.084910078384382,0.005084910078384382,0.075,S6_REVERSAL
2026-07-23 23:00:00+00:00,BTC,SELL,1.3520862085169938,0.0013520862085169938,0.075,S6_REVERSAL
2026-07-23 23:00:00+00:00,ETH,SELL,1.1355700532385526,0.0011355700532385527,0.075,S6_REVERSAL
2026-07-23 23:00:00+00:00,SOL,SELL,11.211867385249207,0.011211867385249206,0.075,S6_REVERSAL
2026-07-24 00:00:00+00:00,BTC,BUY,5.876699569165794,0.005876699569165794,0.075,S6_REVERSAL
2026-07-24 00:00:00+00:00,ETH,BUY,13.990498181377916,0.013990498181377917,0.075,S6_REVERSAL
2026-07-24 00:00:00+00:00,SOL,BUY,23.512785821358193,0.023512785821358195,0.075,S6_REVERSAL
2026-07-24 01:00:00+00:00,BTC,BUY,9.870155012949908,0.009870155012949909,0.075,S6_REVERSAL
2026-07-24 01:00:00+00:00,ETH,BUY,21.84222765924551,0.02184222765924551,0.075,S6_REVERSAL
2026-07-24 01:00:00+00:00,SOL,BUY,1.2874670592118491,0.0012874670592118492,0.075,S6_REVERSAL
2026-07-24 02:00:00+00:00,BTC,SELL,11.37366513741381,0.01137366513741381,0.075,S6_REVERSAL
2026-07-24 02:00:00+00:00,ETH,SELL,4.3356156496620315,0.004335615649662032,0.075,S6_REVERSAL
2026-07-24 02:00:00+00:00,SOL,BUY,12.017773595506696,0.012017773595506697,0.075,S6_REVERSAL
2026-07-24 03:00:00+00:00,BTC,SELL,4.946482521712824,0.004946482521712823,0.075,S6_REVERSAL
2026-07-24 03:00:00+00:00,ETH,BUY,9.88265642582337,0.00988265642582337,0.075,S6_REVERSAL
2026-07-24 03:00:00+00:00,SOL,BUY,12.673872744564505,0.012673872744564506,0.075,S6_REVERSAL
2026-07-24 04:00:00+00:00,BTC,SELL,27.772021239092282,0.02777202123909228,0.075,S6_REVERSAL
2026-07-24 04:00:00+00:00,ETH,SELL,32.671474050285724,0.032671474050285726,0.075,S6_REVERSAL
2026-07-24 04:00:00+00:00,SOL,SELL,19.299814099957985,0.019299814099957985,0.075,S6_REVERSAL
2026-07-24 05:00:00+00:00,BTC,BUY,10.895555484979923,0.010895555484979924,0.075,S6_REVERSAL
2026-07-24 05:00:00+00:00,ETH,BUY,12.906029456686156,0.012906029456686155,0.075,S6_REVERSAL
2026-07-24 05:00:00+00:00,SOL,BUY,12.629441377671355,0.012629441377671356,0.075,S6_REVERSAL
2026-07-24 06:00:00+00:00,BTC,BUY,1.5840482642106508,0.0015840482642106508,0.075,S6_REVERSAL
2026-07-24 06:00:00+00:00,ETH,SELL,15.245450649804296,0.015245450649804296,0.075,S6_REVERSAL
2026-07-24 06:00:00+00:00,SOL,SELL,10.280917487594706,0.010280917487594706,0.075,S6_REVERSAL
2026-07-24 07:00:00+00:00,BTC,SELL,11.890070740947522,0.011890070740947521,0.075,S6_REVERSAL
2026-07-24 07:00:00+00:00,ETH,SELL,22.52338976957526,0.022523389769575262,0.075,S6_REVERSAL
2026-07-24 07:00:00+00:00,SOL,SELL,1.0608416418563138,0.0010608416418563138,0.075,S6_REVERSAL
2026-07-24 08:00:00+00:00,BTC,SELL,6815.019418096028,6.815019418096028,0.0,CASH
2026-07-24 08:00:00+00:00,ETH,SELL,24.39948007442672,0.02439948007442672,0.075,S6_REVERSAL
2026-07-24 08:00:00+00:00,SOL,SELL,16.770364633873214,0.016770364633873214,0.075,S6_REVERSAL
2026-07-24 09:00:00+00:00,ETH,BUY,23.773537772846794,0.023773537772846794,0.075,S6_REVERSAL
2026-07-24 09:00:00+00:00,SOL,BUY,22.2142604258579,0.0222142604258579,0.075,S6_REVERSAL
2026-07-24 10:00:00+00:00,ETH,SELL,1.1154153688648876,0.0011154153688648877,0.075,S6_REVERSAL
2026-07-24 10:00:00+00:00,SOL,BUY,13.301944359200206,0.013301944359200207,0.075,S6_REVERSAL
2026-07-24 11:00:00+00:00,ETH,BUY,13.367491482038531,0.013367491482038531,0.075,S6_REVERSAL
2026-07-24 11:00:00+00:00,SOL,BUY,9.673371531149314,0.009673371531149314,0.075,S6_REVERSAL
2026-07-24 12:00:00+00:00,ETH,SELL,2.364458692979497,0.002364458692979497,0.075,S6_REVERSAL
2026-07-24 12:00:00+00:00,SOL,SELL,6782.067790469738,6.782067790469738,0.0,CASH
2026-07-24 13:00:00+00:00,ETH,BUY,37.18728321289018,0.03718728321289018,0.075,S6_REVERSAL
2026-07-24 14:00:00+00:00,ETH,BUY,50.534964440719705,0.050534964440719705,0.075,S6_REVERSAL
2026-07-24 14:00:00+00:00,SOL,BUY,6798.625552056609,6.79862555205661,0.075,S6_REVERSAL
2026-07-24 15:00:00+00:00,ETH,SELL,19.65916397267938,0.019659163972679382,0.075,S6_REVERSAL
2026-07-24 15:00:00+00:00,SOL,BUY,16.19198965974192,0.01619198965974192,0.075,S6_REVERSAL
2026-07-24 16:00:00+00:00,ETH,BUY,3.711860665805034,0.003711860665805034,0.075,S6_REVERSAL
2026-07-24 16:00:00+00:00,SOL,SELL,1.147730666564712,0.001147730666564712,0.075,S6_REVERSAL
2026-07-24 17:00:00+00:00,ETH,BUY,13.727554348495687,0.013727554348495687,0.075,S6_REVERSAL
2026-07-24 17:00:00+00:00,SOL,BUY,10.698636754851577,0.010698636754851578,0.075,S6_REVERSAL
2026-07-24 18:00:00+00:00,BTC,BUY,6799.391905139438,6.799391905139438,0.075,S6_REVERSAL
2026-07-24 18:00:00+00:00,ETH,SELL,29.69804810465757,0.029698048104657572,0.075,S6_REVERSAL
2026-07-24 18:00:00+00:00,SOL,SELL,9.424731076316677,0.009424731076316677,0.075,S6_REVERSAL
2026-07-24 19:00:00+00:00,BTC,SELL,10.981028918226002,0.010981028918226002,0.075,S6_REVERSAL
2026-07-24 19:00:00+00:00,ETH,BUY,12.609376453724508,0.012609376453724508,0.075,S6_REVERSAL
2026-07-24 19:00:00+00:00,SOL,BUY,4.276785802308041,0.004276785802308041,0.075,S6_REVERSAL
2026-07-24 20:00:00+00:00,BTC,BUY,4.8009114377018705,0.00480091143770187,0.075,S6_REVERSAL
2026-07-24 20:00:00+00:00,ETH,SELL,4.188588221712962,0.004188588221712962,0.075,S6_REVERSAL
2026-07-24 21:00:00+00:00,BTC,BUY,3.21221948596758,0.00321221948596758,0.075,S6_REVERSAL
2026-07-24 21:00:00+00:00,ETH,BUY,8.068845783142933,0.008068845783142934,0.075,S6_REVERSAL
2026-07-24 21:00:00+00:00,SOL,BUY,16.541916809732356,0.016541916809732358,0.075,S6_REVERSAL
2026-07-24 22:00:00+00:00,ETH,BUY,10.463200107269586,0.010463200107269586,0.075,S6_REVERSAL
2026-07-24 22:00:00+00:00,SOL,BUY,10.022660003758574,0.010022660003758574,0.075,S6_REVERSAL
2026-07-24 23:00:00+00:00,ETH,SELL,4.512916317045892,0.004512916317045893,0.075,S6_REVERSAL
2026-07-24 23:00:00+00:00,SOL,SELL,24.94713941614191,0.02494713941614191,0.075,S6_REVERSAL
2026-07-25 00:00:00+00:00,BTC,BUY,4.487113310831774,0.0044871133108317736,0.075,S6_REVERSAL
2026-07-25 00:00:00+00:00,ETH,SELL,6.618262879685972,0.006618262879685972,0.075,S6_REVERSAL
2026-07-25 00:00:00+00:00,SOL,SELL,2.2487255704563722,0.0022487255704563723,0.075,S6_REVERSAL
2026-07-25 01:00:00+00:00,BTC,BUY,7.307857440241605,0.007307857440241605,0.075,S6_REVERSAL
2026-07-25 01:00:00+00:00,ETH,BUY,4.289182061962492,0.004289182061962492,0.075,S6_REVERSAL
2026-07-25 01:00:00+00:00,SOL,SELL,14.428757020031297,0.014428757020031296,0.075,S6_REVERSAL
2026-07-25 02:00:00+00:00,ETH,BUY,1.067504317725252,0.0010675043177252519,0.075,S6_REVERSAL
2026-07-25 03:00:00+00:00,BTC,BUY,1.8047873033747237,0.0018047873033747238,0.075,S6_REVERSAL
2026-07-25 03:00:00+00:00,ETH,BUY,1.697968839929672,0.001697968839929672,0.075,S6_REVERSAL
2026-07-25 04:00:00+00:00,BTC,SELL,3.3306822856075087,0.0033306822856075087,0.075,S6_REVERSAL
2026-07-25 04:00:00+00:00,ETH,BUY,2.8031626723814043,0.002803162672381404,0.075,S6_REVERSAL
2026-07-25 04:00:00+00:00,SOL,SELL,1.1954068173208725,0.0011954068173208724,0.075,S6_REVERSAL
2026-07-25 05:00:00+00:00,BTC,SELL,7.493037000675031,0.007493037000675031,0.075,S6_REVERSAL
2026-07-25 05:00:00+00:00,ETH,SELL,6.589830552044077,0.006589830552044078,0.075,S6_REVERSAL
2026-07-25 05:00:00+00:00,SOL,SELL,13.803299838689782,0.013803299838689782,0.075,S6_REVERSAL
2026-07-25 06:00:00+00:00,BTC,BUY,12.310612658056016,0.012310612658056016,0.075,S6_REVERSAL
2026-07-25 06:00:00+00:00,ETH,BUY,6.078137093430996,0.006078137093430996,0.075,S6_REVERSAL
2026-07-25 06:00:00+00:00,SOL,BUY,26.736249799865618,0.02673624979986562,0.075,S6_REVERSAL
2026-07-25 07:00:00+00:00,BTC,BUY,1.7511122893138236,0.0017511122893138235,0.075,S6_REVERSAL
2026-07-25 07:00:00+00:00,SOL,SELL,4.327203701707731,0.004327203701707731,0.075,S6_REVERSAL
2026-07-25 08:00:00+00:00,BTC,SELL,1.6759948993485523,0.0016759948993485523,0.075,S6_REVERSAL
2026-07-25 08:00:00+00:00,ETH,BUY,6.606027232828637,0.006606027232828638,0.075,S6_REVERSAL
2026-07-25 08:00:00+00:00,SOL,BUY,19.63192146671736,0.01963192146671736,0.075,S6_REVERSAL
2026-07-25 09:00:00+00:00,BTC,BUY,11.935616560927883,0.011935616560927884,0.075,S6_REVERSAL
2026-07-25 09:00:00+00:00,ETH,BUY,6.6044454251132265,0.006604445425113226,0.075,S6_REVERSAL
2026-07-25 09:00:00+00:00,SOL,SELL,2.477693062383878,0.002477693062383878,0.075,S6_REVERSAL
2026-07-25 10:00:00+00:00,BTC,SELL,9.628139073176499,0.009628139073176499,0.075,S6_REVERSAL
2026-07-25 10:00:00+00:00,ETH,SELL,13.12060815611494,0.013120608156114941,0.075,S6_REVERSAL
2026-07-25 10:00:00+00:00,SOL,SELL,13.936298719600929,0.013936298719600929,0.075,S6_REVERSAL
2026-07-25 11:00:00+00:00,BTC,SELL,6.799481324139379,0.006799481324139379,0.075,S6_REVERSAL
2026-07-25 12:00:00+00:00,ETH,BUY,2.0536489260484814,0.0020536489260484813,0.075,S6_REVERSAL
2026-07-25 12:00:00+00:00,SOL,BUY,6.288257060010437,0.006288257060010438,0.075,S6_REVERSAL
2026-07-25 13:00:00+00:00,BTC,SELL,4.954148651504511,0.004954148651504511,0.075,S6_REVERSAL
2026-07-25 13:00:00+00:00,ETH,SELL,7.875111739318527,0.007875111739318527,0.075,S6_REVERSAL
2026-07-25 13:00:00+00:00,SOL,SELL,3.0713270300311706,0.0030713270300311707,0.075,S6_REVERSAL
2026-07-25 14:00:00+00:00,BTC,SELL,2.6909730217366814,0.0026909730217366816,0.075,S6_REVERSAL
2026-07-25 14:00:00+00:00,ETH,SELL,22.89853610294358,0.02289853610294358,0.075,S6_REVERSAL
2026-07-25 15:00:00+00:00,BTC,SELL,3.2516538295076316,0.0032516538295076316,0.075,S6_REVERSAL
2026-07-25 15:00:00+00:00,ETH,SELL,3.9679779626630984,0.003967977962663099,0.075,S6_REVERSAL
2026-07-25 15:00:00+00:00,SOL,SELL,4.648179267058367,0.004648179267058367,0.075,S6_REVERSAL
2026-07-25 16:00:00+00:00,BTC,BUY,3.7482244343218554,0.0037482244343218555,0.075,S6_REVERSAL
2026-07-25 16:00:00+00:00,ETH,BUY,3.230103569381754,0.0032301035693817538,0.075,S6_REVERSAL
2026-07-25 16:00:00+00:00,SOL,SELL,10.662505144378883,0.010662505144378883,0.075,S6_REVERSAL
2026-07-25 17:00:00+00:00,BTC,SELL,1.4196758310845325,0.0014196758310845326,0.075,S6_REVERSAL
2026-07-25 17:00:00+00:00,SOL,SELL,11.64733148680807,0.011647331486808072,0.075,S6_REVERSAL
2026-07-25 18:00:00+00:00,BTC,SELL,3.5418713633953303,0.00354187136339533,0.075,S6_REVERSAL
2026-07-25 18:00:00+00:00,ETH,SELL,14.809353349224693,0.014809353349224693,0.075,S6_REVERSAL
2026-07-25 18:00:00+00:00,SOL,SELL,10.828611435872517,0.010828611435872517,0.075,S6_REVERSAL
2026-07-25 19:00:00+00:00,BTC,SELL,12.526124612578315,0.012526124612578314,0.075,S6_REVERSAL
2026-07-25 19:00:00+00:00,ETH,SELL,5.550034550471537,0.005550034550471537,0.075,S6_REVERSAL
2026-07-25 19:00:00+00:00,SOL,SELL,15.069186431805063,0.015069186431805064,0.075,S6_REVERSAL
2026-07-25 20:00:00+00:00,BTC,BUY,1.8184949965570922,0.0018184949965570922,0.075,S6_REVERSAL
2026-07-25 20:00:00+00:00,ETH,SELL,6804.942880848165,6.804942880848166,0.0,CASH
2026-07-25 20:00:00+00:00,SOL,BUY,8.018517926356253,0.008018517926356253,0.075,S6_REVERSAL
2026-07-25 21:00:00+00:00,BTC,BUY,3.423462998392097,0.003423462998392097,0.075,S6_REVERSAL
2026-07-25 21:00:00+00:00,SOL,BUY,9.234857605300022,0.009234857605300021,0.075,S6_REVERSAL
2026-07-25 22:00:00+00:00,SOL,SELL,6805.617494341353,6.805617494341353,0.0,CASH
2026-07-25 23:00:00+00:00,BTC,SELL,6812.345863231343,6.812345863231343,0.0,CASH
2026-07-26 21:00:00+00:00,ETH,BUY,13608.645856816,13.608645856816,0.15,S3_TREND
2026-07-26 22:00:00+00:00,ETH,SELL,75.29712412023582,0.07529712412023583,0.15,S3_TREND
2026-07-26 23:00:00+00:00,ETH,SELL,143.6736639294868,0.1436736639294868,0.15,S3_TREND
2026-07-27 00:00:00+00:00,ETH,SELL,29.227923590924547,0.02922792359092455,0.15,S3_TREND
2026-07-27 01:00:00+00:00,ETH,BUY,72.29165132865819,0.0722916513286582,0.15,S3_TREND
2026-07-27 02:00:00+00:00,ETH,SELL,33.78557984080726,0.03378557984080726,0.15,S3_TREND
2026-07-27 02:00:00+00:00,SOL,BUY,13643.19235751006,13.643192357510062,0.15,S3_TREND
2026-07-27 03:00:00+00:00,ETH,BUY,25.959188949796953,0.025959188949796954,0.15,S3_TREND
2026-07-27 03:00:00+00:00,SOL,BUY,6.218518547009808,0.006218518547009807,0.15,S3_TREND
2026-07-27 04:00:00+00:00,ETH,SELL,39.93049128610255,0.03993049128610255,0.15,S3_TREND
2026-07-27 04:00:00+00:00,SOL,BUY,11.447267474923137,0.011447267474923138,0.15,S3_TREND
2026-07-27 05:00:00+00:00,BTC,BUY,13640.476637657306,13.640476637657306,0.15,S3_TREND
2026-07-27 05:00:00+00:00,ETH,SELL,25.430689427057587,0.025430689427057587,0.15,S3_TREND
2026-07-27 05:00:00+00:00,SOL,BUY,20.649031650700636,0.020649031650700637,0.15,S3_TREND
2026-07-27 06:00:00+00:00,BTC,SELL,15.238991239331881,0.015238991239331881,0.15,S3_TREND
2026-07-27 06:00:00+00:00,ETH,SELL,61.79540815157452,0.06179540815157452,0.15,S3_TREND
2026-07-27 06:00:00+00:00,SOL,SELL,22.946491212918772,0.022946491212918772,0.15,S3_TREND
2026-07-27 07:00:00+00:00,BTC,BUY,16.61155573427459,0.01661155573427459,0.15,S3_TREND
2026-07-27 07:00:00+00:00,ETH,SELL,13.6239594921135,0.013623959492113499,0.15,S3_TREND
2026-07-27 07:00:00+00:00,SOL,SELL,24.500724118093785,0.024500724118093786,0.15,S3_TREND
2026-07-27 08:00:00+00:00,BTC,BUY,23.657913133958573,0.023657913133958573,0.15,S3_TREND
2026-07-27 08:00:00+00:00,ETH,BUY,11.289060211185642,0.011289060211185642,0.15,S3_TREND
2026-07-27 08:00:00+00:00,SOL,BUY,27.49441253675286,0.02749441253675286,0.15,S3_TREND
2026-07-27 09:00:00+00:00,BTC,BUY,5.277452376216388,0.005277452376216388,0.15,S3_TREND
2026-07-27 09:00:00+00:00,ETH,SELL,6.240982843339225,0.006240982843339225,0.15,S3_TREND
2026-07-27 09:00:00+00:00,SOL,BUY,26.842790389828224,0.026842790389828224,0.15,S3_TREND
2026-07-27 10:00:00+00:00,BTC,SELL,11.585912713422658,0.011585912713422658,0.15,S3_TREND
2026-07-27 10:00:00+00:00,ETH,BUY,2.6572650046891795,0.0026572650046891794,0.15,S3_TREND
2026-07-27 10:00:00+00:00,SOL,SELL,24.79716496288529,0.024797164962885292,0.15,S3_TREND
2026-07-27 11:00:00+00:00,BTC,SELL,6.589597393358417,0.006589597393358418,0.15,S3_TREND
2026-07-27 11:00:00+00:00,ETH,SELL,7.1934988342,0.0071934988341999994,0.15,S3_TREND
2026-07-27 11:00:00+00:00,SOL,SELL,16.69450446956398,0.01669450446956398,0.15,S3_TREND
2026-07-27 12:00:00+00:00,BTC,BUY,30.31996966148654,0.030319969661486538,0.15,S3_TREND
2026-07-27 12:00:00+00:00,ETH,BUY,35.50622957820997,0.035506229578209966,0.15,S3_TREND
2026-07-27 12:00:00+00:00,SOL,BUY,1.3001841779478127,0.0013001841779478128,0.15,S3_TREND
2026-07-27 13:00:00+00:00,BTC,BUY,9.8258341376295,0.0098258341376295,0.15,S3_TREND
2026-07-27 13:00:00+00:00,ETH,BUY,21.139017768922713,0.021139017768922713,0.15,S3_TREND
2026-07-27 13:00:00+00:00,SOL,SELL,55.693612208384366,0.05569361220838437,0.15,S3_TREND
2026-07-27 14:00:00+00:00,BTC,SELL,18.359160502446684,0.018359160502446684,0.15,S3_TREND
2026-07-27 14:00:00+00:00,ETH,SELL,15.768215531876193,0.015768215531876194,0.15,S3_TREND
2026-07-27 15:00:00+00:00,BTC,BUY,26.073017792326937,0.026073017792326937,0.15,S3_TREND
2026-07-27 15:00:00+00:00,ETH,BUY,116.23767872616372,0.11623767872616372,0.15,S3_TREND
2026-07-27 15:00:00+00:00,SOL,BUY,169.37939328959146,0.16937939328959148,0.15,S3_TREND
2026-07-27 16:00:00+00:00,BTC,BUY,13.827564321605678,0.013827564321605678,0.15,S3_TREND
2026-07-27 16:00:00+00:00,ETH,BUY,17.858048515427072,0.017858048515427074,0.15,S3_TREND
2026-07-27 16:00:00+00:00,SOL,BUY,19.994095460855533,0.019994095460855534,0.15,S3_TREND
2026-07-27 17:00:00+00:00,BTC,SELL,29.88912921471274,0.02988912921471274,0.15,S3_TREND
2026-07-27 17:00:00+00:00,ETH,SELL,47.76862556303058,0.04776862556303058,0.15,S3_TREND
2026-07-27 17:00:00+00:00,SOL,SELL,78.1938333567723,0.07819383335677231,0.15,S3_TREND
2026-07-27 18:00:00+00:00,BTC,SELL,19.663776089457315,0.019663776089457314,0.15,S3_TREND
2026-07-27 18:00:00+00:00,ETH,SELL,16.323547438360038,0.016323547438360037,0.15,S3_TREND
2026-07-27 18:00:00+00:00,SOL,BUY,14.714127542938513,0.014714127542938514,0.15,S3_TREND
2026-07-27 19:00:00+00:00,BTC,BUY,12.687536356928831,0.012687536356928831,0.15,S3_TREND
2026-07-27 19:00:00+00:00,ETH,BUY,14.582934954043594,0.014582934954043595,0.15,S3_TREND
2026-07-27 19:00:00+00:00,SOL,BUY,34.99816891685259,0.03499816891685259,0.15,S3_TREND
2026-07-27 20:00:00+00:00,ETH,SELL,41.250040712682676,0.04125004071268268,0.15,S3_TREND
2026-07-27 20:00:00+00:00,SOL,SELL,42.10444103587906,0.04210444103587906,0.15,S3_TREND
2026-07-27 21:00:00+00:00,BTC,BUY,3.036670594348834,0.003036670594348834,0.15,S3_TREND
2026-07-27 21:00:00+00:00,ETH,BUY,7.807432062783846,0.007807432062783846,0.15,S3_TREND
2026-07-27 21:00:00+00:00,SOL,SELL,2.2558205836739944,0.0022558205836739945,0.15,S3_TREND
2026-07-27 22:00:00+00:00,BTC,BUY,9.379075109083715,0.009379075109083715,0.15,S3_TREND
2026-07-27 22:00:00+00:00,ETH,BUY,15.062207297314671,0.015062207297314672,0.15,S3_TREND
2026-07-27 22:00:00+00:00,SOL,BUY,48.25477252838573,0.04825477252838573,0.15,S3_TREND
2026-07-27 23:00:00+00:00,BTC,BUY,91.22353086190378,0.09122353086190378,0.15,S3_TREND
2026-07-27 23:00:00+00:00,ETH,BUY,213.348826139194,0.21334882613919398,0.15,S3_TREND
2026-07-27 23:00:00+00:00,SOL,BUY,152.28676430660562,0.15228676430660562,0.15,S3_TREND
2026-07-28 00:00:00+00:00,BTC,BUY,9.35886948620282,0.00935886948620282,0.15,S3_TREND
2026-07-28 00:00:00+00:00,ETH,BUY,9.4080821302814,0.0094080821302814,0.15,S3_TREND
2026-07-28 00:00:00+00:00,SOL,SELL,25.553406599710797,0.0255534065997108,0.15,S3_TREND
2026-07-28 01:00:00+00:00,BTC,BUY,20.455850077119976,0.020455850077119978,0.15,S3_TREND
2026-07-28 01:00:00+00:00,ETH,BUY,61.135910705464994,0.061135910705464994,0.15,S3_TREND
2026-07-28 01:00:00+00:00,SOL,BUY,50.965548469457644,0.050965548469457646,0.15,S3_TREND
2026-07-28 02:00:00+00:00,BTC,BUY,28.5557807701407,0.0285557807701407,0.15,S3_TREND
2026-07-28 02:00:00+00:00,ETH,SELL,4.674821453605546,0.0046748214536055455,0.15,S3_TREND
2026-07-28 02:00:00+00:00,SOL,BUY,70.73224059482163,0.07073224059482164,0.15,S3_TREND
2026-07-28 03:00:00+00:00,BTC,BUY,13.200814711790372,0.013200814711790371,0.15,S3_TREND
2026-07-28 03:00:00+00:00,ETH,BUY,2.823171871172235,0.0028231718711722352,0.15,S3_TREND
2026-07-28 03:00:00+00:00,SOL,SELL,29.36253462307468,0.02936253462307468,0.15,S3_TREND
2026-07-28 04:00:00+00:00,BTC,SELL,25.54935353918154,0.02554935353918154,0.15,S3_TREND
2026-07-28 04:00:00+00:00,ETH,SELL,30.282755729556815,0.030282755729556816,0.15,S3_TREND
2026-07-28 04:00:00+00:00,SOL,BUY,26.315383136046876,0.026315383136046876,0.15,S3_TREND
2026-07-28 05:00:00+00:00,BTC,SELL,5.287816637721335,0.005287816637721335,0.15,S3_TREND
2026-07-28 05:00:00+00:00,ETH,BUY,11.844546589883976,0.011844546589883976,0.15,S3_TREND
2026-07-28 05:00:00+00:00,SOL,BUY,7.210963991667086,0.007210963991667086,0.15,S3_TREND
2026-07-28 06:00:00+00:00,BTC,SELL,12.48900301347021,0.01248900301347021,0.15,S3_TREND
2026-07-28 06:00:00+00:00,ETH,SELL,19.584447416158582,0.01958444741615858,0.15,S3_TREND
2026-07-28 07:00:00+00:00,BTC,SELL,23.211353098773543,0.023211353098773542,0.15,S3_TREND
2026-07-28 07:00:00+00:00,ETH,SELL,22.14507458665321,0.02214507458665321,0.15,S3_TREND
2026-07-28 07:00:00+00:00,SOL,SELL,16.533162201043524,0.016533162201043523,0.15,S3_TREND
2026-07-28 08:00:00+00:00,BTC,BUY,14.666194362098395,0.014666194362098395,0.15,S3_TREND
2026-07-28 08:00:00+00:00,ETH,BUY,20.25105712628647,0.02025105712628647,0.15,S3_TREND
2026-07-28 08:00:00+00:00,SOL,BUY,15.511434575631938,0.015511434575631939,0.15,S3_TREND
2026-07-28 09:00:00+00:00,BTC,BUY,16.90330157963035,0.016903301579630353,0.15,S3_TREND
2026-07-28 09:00:00+00:00,ETH,SELL,4.279540885960159,0.0042795408859601595,0.15,S3_TREND
2026-07-28 09:00:00+00:00,SOL,SELL,14.232683504007582,0.014232683504007582,0.15,S3_TREND
2026-07-28 10:00:00+00:00,BTC,SELL,5.518166709460274,0.005518166709460275,0.15,S3_TREND
2026-07-28 10:00:00+00:00,ETH,BUY,44.77246732067579,0.04477246732067579,0.15,S3_TREND
2026-07-28 10:00:00+00:00,SOL,BUY,7.399589709450083,0.007399589709450084,0.15,S3_TREND
2026-07-28 11:00:00+00:00,BTC,SELL,14.78756601025998,0.01478756601025998,0.15,S3_TREND
2026-07-28 11:00:00+00:00,ETH,SELL,14.910085921579594,0.014910085921579594,0.15,S3_TREND
2026-07-28 11:00:00+00:00,SOL,BUY,22.17896463671059,0.02217896463671059,0.15,S3_TREND
2026-07-28 12:00:00+00:00,BTC,BUY,3.3284108234493033,0.0033284108234493035,0.15,S3_TREND
2026-07-28 12:00:00+00:00,ETH,BUY,13.431943737430629,0.013431943737430629,0.15,S3_TREND
2026-07-28 12:00:00+00:00,SOL,SELL,10.808870638067674,0.010808870638067675,0.15,S3_TREND
2026-07-28 13:00:00+00:00,BTC,BUY,4.778984177963139,0.004778984177963139,0.15,S3_TREND
2026-07-28 13:00:00+00:00,ETH,SELL,87.66464106452804,0.08766464106452804,0.15,S3_TREND
2026-07-28 13:00:00+00:00,SOL,SELL,9.606400400625716,0.009606400400625716,0.15,S3_TREND
2026-07-28 14:00:00+00:00,BTC,BUY,41.28604466564684,0.041286044665646844,0.15,S3_TREND
2026-07-28 14:00:00+00:00,ETH,BUY,78.34381888903772,0.07834381888903773,0.15,S3_TREND
2026-07-28 14:00:00+00:00,SOL,BUY,72.1993276735775,0.0721993276735775,0.15,S3_TREND
2026-07-28 15:00:00+00:00,BTC,SELL,19.823891926129363,0.019823891926129364,0.15,S3_TREND
2026-07-28 15:00:00+00:00,ETH,SELL,60.68705546732417,0.060687055467324176,0.15,S3_TREND
2026-07-28 15:00:00+00:00,SOL,SELL,86.96291280042169,0.08696291280042169,0.15,S3_TREND
2026-07-28 16:00:00+00:00,BTC,SELL,6789.39261588429,6.78939261588429,0.075,S6_REVERSAL
2026-07-28 16:00:00+00:00,ETH,SELL,146.15014006303318,0.14615014006303317,0.15,S3_TREND
2026-07-28 16:00:00+00:00,SOL,SELL,93.56634840454535,0.09356634840454535,0.15,S3_TREND
2026-07-28 17:00:00+00:00,BTC,SELL,7.680974047084419,0.007680974047084419,0.075,S6_REVERSAL
2026-07-28 17:00:00+00:00,ETH,SELL,32.61338241462181,0.03261338241462181,0.15,S3_TREND
2026-07-28 17:00:00+00:00,SOL,SELL,3.819019221164126,0.003819019221164126,0.15,S3_TREND
2026-07-28 18:00:00+00:00,BTC,BUY,14.204162260624798,0.014204162260624799,0.075,S6_REVERSAL
2026-07-28 18:00:00+00:00,ETH,BUY,121.57164720301262,0.12157164720301263,0.15,S3_TREND
2026-07-28 18:00:00+00:00,SOL,BUY,60.14354133315646,0.06014354133315646,0.15,S3_TREND
2026-07-28 19:00:00+00:00,BTC,BUY,1.0018966728503074,0.0010018966728503073,0.075,S6_REVERSAL
2026-07-28 19:00:00+00:00,ETH,SELL,53.729043333867594,0.0537290433338676,0.15,S3_TREND
2026-07-28 19:00:00+00:00,SOL,BUY,1.3382966165881953,0.0013382966165881953,0.15,S3_TREND
2026-07-28 20:00:00+00:00,BTC,SELL,4.874176741374868,0.004874176741374868,0.075,S6_REVERSAL
2026-07-28 20:00:00+00:00,ETH,SELL,51.633419382320426,0.051633419382320425,0.15,S3_TREND
2026-07-28 20:00:00+00:00,SOL,SELL,52.35494899463447,0.05235494899463447,0.15,S3_TREND
2026-07-28 21:00:00+00:00,BTC,SELL,6.948613464006485,0.0069486134640064845,0.075,S6_REVERSAL
2026-07-28 21:00:00+00:00,ETH,BUY,14.760934620217085,0.014760934620217086,0.15,S3_TREND
2026-07-28 21:00:00+00:00,SOL,SELL,6711.39667644859,6.71139667644859,0.075,S6_REVERSAL
2026-07-28 22:00:00+00:00,BTC,SELL,2.338569911835293,0.002338569911835293,0.075,S6_REVERSAL
2026-07-28 22:00:00+00:00,ETH,SELL,31.00836391049052,0.03100836391049052,0.15,S3_TREND
2026-07-28 22:00:00+00:00,SOL,SELL,5.657112043347297,0.005657112043347297,0.075,S6_REVERSAL
2026-07-28 23:00:00+00:00,BTC,BUY,7.2252576824321295,0.00722525768243213,0.075,S6_REVERSAL
2026-07-28 23:00:00+00:00,ETH,BUY,59.26684389754155,0.05926684389754155,0.15,S3_TREND
2026-07-28 23:00:00+00:00,SOL,BUY,51.96435066401864,0.05196435066401864,0.075,S6_REVERSAL
2026-07-29 00:00:00+00:00,BTC,SELL,4.699326135658339,0.004699326135658339,0.075,S6_REVERSAL
2026-07-29 00:00:00+00:00,ETH,SELL,54.41738612627705,0.05441738612627705,0.15,S3_TREND
2026-07-29 00:00:00+00:00,SOL,SELL,26.6201764302441,0.0266201764302441,0.075,S6_REVERSAL
2026-07-29 01:00:00+00:00,BTC,SELL,6.834402934850914,0.006834402934850914,0.075,S6_REVERSAL
2026-07-29 01:00:00+00:00,ETH,BUY,29.3292372312917,0.0293292372312917,0.15,S3_TREND
2026-07-29 01:00:00+00:00,SOL,BUY,2.769041085747631,0.002769041085747631,0.075,S6_REVERSAL
2026-07-29 02:00:00+00:00,BTC,BUY,14.745906396612554,0.014745906396612555,0.075,S6_REVERSAL
2026-07-29 02:00:00+00:00,ETH,BUY,58.4688557058289,0.0584688557058289,0.15,S3_TREND
2026-07-29 02:00:00+00:00,SOL,BUY,34.21336500202233,0.03421336500202233,0.075,S6_REVERSAL
2026-07-29 03:00:00+00:00,BTC,SELL,21.052995406449554,0.021052995406449556,0.075,S6_REVERSAL
2026-07-29 03:00:00+00:00,ETH,SELL,22.292164825845248,0.02229216482584525,0.15,S3_TREND
2026-07-29 03:00:00+00:00,SOL,SELL,31.517152099184386,0.03151715209918439,0.075,S6_REVERSAL
2026-07-29 04:00:00+00:00,BTC,BUY,8.187315303140167,0.008187315303140168,0.075,S6_REVERSAL
2026-07-29 04:00:00+00:00,ETH,BUY,98.45788455250658,0.09845788455250659,0.15,S3_TREND
2026-07-29 04:00:00+00:00,SOL,BUY,40.082876830807436,0.04008287683080744,0.075,S6_REVERSAL
2026-07-29 05:00:00+00:00,BTC,SELL,11.705937806624206,0.011705937806624206,0.075,S6_REVERSAL
2026-07-29 05:00:00+00:00,ETH,SELL,69.10859869185515,0.06910859869185515,0.15,S3_TREND
2026-07-29 05:00:00+00:00,SOL,SELL,22.122290432135742,0.022122290432135743,0.075,S6_REVERSAL
2026-07-29 06:00:00+00:00,BTC,SELL,4.420173242808232,0.004420173242808232,0.075,S6_REVERSAL
2026-07-29 06:00:00+00:00,ETH,SELL,6782.015434705388,6.782015434705388,0.075,S6_REVERSAL
2026-07-29 06:00:00+00:00,SOL,SELL,14.176811805883517,0.014176811805883517,0.075,S6_REVERSAL
2026-07-29 07:00:00+00:00,BTC,SELL,31.533486615191578,0.03153348661519158,0.075,S6_REVERSAL
2026-07-29 07:00:00+00:00,ETH,SELL,19.773656421923988,0.01977365642192399,0.075,S6_REVERSAL
2026-07-29 07:00:00+00:00,SOL,SELL,30.296300273481393,0.030296300273481392,0.075,S6_REVERSAL
2026-07-29 08:00:00+00:00,BTC,SELL,9.804341414482224,0.009804341414482224,0.075,S6_REVERSAL
2026-07-29 08:00:00+00:00,ETH,SELL,12.559812638336552,0.012559812638336552,0.075,S6_REVERSAL
2026-07-29 08:00:00+00:00,SOL,SELL,12.160670962861332,0.012160670962861332,0.075,S6_REVERSAL
2026-07-29 09:00:00+00:00,BTC,BUY,9.323291491637065,0.009323291491637065,0.075,S6_REVERSAL
2026-07-29 09:00:00+00:00,ETH,BUY,28.085699409502013,0.028085699409502014,0.075,S6_REVERSAL
2026-07-29 09:00:00+00:00,SOL,BUY,21.580970595582585,0.021580970595582585,0.075,S6_REVERSAL
2026-07-29 10:00:00+00:00,BTC,SELL,23.997308563859406,0.023997308563859406,0.075,S6_REVERSAL
2026-07-29 10:00:00+00:00,ETH,SELL,20.067690341658817,0.02006769034165882,0.075,S6_REVERSAL
2026-07-29 10:00:00+00:00,SOL,SELL,11.928052251672852,0.011928052251672852,0.075,S6_REVERSAL
2026-07-29 11:00:00+00:00,BTC,BUY,17.852794407700458,0.01785279440770046,0.075,S6_REVERSAL
2026-07-29 11:00:00+00:00,ETH,BUY,29.69661316854672,0.02969661316854672,0.075,S6_REVERSAL
2026-07-29 11:00:00+00:00,SOL,BUY,14.074650609077253,0.014074650609077253,0.075,S6_REVERSAL
2026-07-29 12:00:00+00:00,BTC,SELL,2.5596575039917298,0.0025596575039917298,0.075,S6_REVERSAL
2026-07-29 12:00:00+00:00,ETH,SELL,9.555340048101243,0.009555340048101244,0.075,S6_REVERSAL
2026-07-29 12:00:00+00:00,SOL,SELL,2.266161572274541,0.002266161572274541,0.075,S6_REVERSAL
2026-07-29 13:00:00+00:00,BTC,BUY,16.735436961969754,0.016735436961969753,0.075,S6_REVERSAL
2026-07-29 13:00:00+00:00,ETH,BUY,27.943403767970267,0.027943403767970266,0.075,S6_REVERSAL
2026-07-29 13:00:00+00:00,SOL,BUY,31.838683767071416,0.03183868376707142,0.075,S6_REVERSAL
2026-07-29 14:00:00+00:00,BTC,SELL,35.20238325524497,0.03520238325524497,0.075,S6_REVERSAL
2026-07-29 14:00:00+00:00,ETH,SELL,8.705899745315037,0.008705899745315037,0.075,S6_REVERSAL
2026-07-29 14:00:00+00:00,SOL,SELL,12.854335862580228,0.01285433586258023,0.075,S6_REVERSAL
2026-07-29 15:00:00+00:00,BTC,BUY,46.92934830926879,0.04692934830926879,0.075,S6_REVERSAL
2026-07-29 15:00:00+00:00,ETH,BUY,38.35426241019468,0.03835426241019468,0.075,S6_REVERSAL
2026-07-29 15:00:00+00:00,SOL,BUY,30.022585311087823,0.030022585311087823,0.075,S6_REVERSAL
2026-07-29 16:00:00+00:00,BTC,BUY,12.123136326116764,0.012123136326116765,0.075,S6_REVERSAL
2026-07-29 16:00:00+00:00,ETH,BUY,8.081098929700602,0.008081098929700601,0.075,S6_REVERSAL
2026-07-29 16:00:00+00:00,SOL,BUY,10.780670770686811,0.01078067077068681,0.075,S6_REVERSAL
2026-07-29 17:00:00+00:00,BTC,BUY,17.072346630558968,0.01707234663055897,0.075,S6_REVERSAL
2026-07-29 17:00:00+00:00,ETH,SELL,11.026589315695674,0.011026589315695674,0.075,S6_REVERSAL
2026-07-29 17:00:00+00:00,SOL,SELL,13.129916189421238,0.013129916189421238,0.075,S6_REVERSAL
2026-07-29 18:00:00+00:00,BTC,SELL,34.98054072977902,0.034980540729779026,0.075,S6_REVERSAL
2026-07-29 18:00:00+00:00,ETH,SELL,59.99977953500547,0.059999779535005474,0.075,S6_REVERSAL
2026-07-29 18:00:00+00:00,SOL,SELL,46.92762581318493,0.04692762581318493,0.075,S6_REVERSAL
2026-07-29 19:00:00+00:00,BTC,SELL,19.363978139063875,0.019363978139063875,0.075,S6_REVERSAL
2026-07-29 19:00:00+00:00,ETH,SELL,10.567584519521006,0.010567584519521006,0.075,S6_REVERSAL
2026-07-29 19:00:00+00:00,SOL,SELL,21.50419441293161,0.02150419441293161,0.075,S6_REVERSAL
2026-07-29 20:00:00+00:00,BTC,BUY,69.8611460941056,0.06986114609410561,0.075,S6_REVERSAL
2026-07-29 20:00:00+00:00,ETH,BUY,86.85591479631694,0.08685591479631694,0.075,S6_REVERSAL
2026-07-29 20:00:00+00:00,SOL,BUY,108.10699712648511,0.10810699712648511,0.075,S6_REVERSAL
2026-07-29 21:00:00+00:00,BTC,BUY,4.640060249504131,0.0046400602495041314,0.075,S6_REVERSAL
2026-07-29 21:00:00+00:00,ETH,BUY,13.213883541971882,0.013213883541971881,0.075,S6_REVERSAL
2026-07-29 21:00:00+00:00,SOL,BUY,7.6750278035242445,0.007675027803524245,0.075,S6_REVERSAL
2026-07-29 22:00:00+00:00,BTC,SELL,25.543699096637283,0.025543699096637285,0.075,S6_REVERSAL
2026-07-29 22:00:00+00:00,ETH,SELL,40.55188797885785,0.04055188797885785,0.075,S6_REVERSAL
2026-07-29 22:00:00+00:00,SOL,SELL,39.74794862385261,0.03974794862385261,0.075,S6_REVERSAL
2026-07-29 23:00:00+00:00,BTC,SELL,2.6118972179810953,0.002611897217981095,0.075,S6_REVERSAL
2026-07-29 23:00:00+00:00,ETH,SELL,25.09746518373504,0.02509746518373504,0.075,S6_REVERSAL
2026-07-29 23:00:00+00:00,SOL,SELL,35.322956321560014,0.03532295632156002,0.075,S6_REVERSAL
2026-07-30 00:00:00+00:00,BTC,SELL,2.798489408270143,0.002798489408270143,0.075,S6_REVERSAL
2026-07-30 00:00:00+00:00,ETH,SELL,10.90588042197487,0.010905880421974871,0.075,S6_REVERSAL
2026-07-30 00:00:00+00:00,SOL,SELL,2.9698808866778563,0.0029698808866778564,0.075,S6_REVERSAL
2026-07-30 01:00:00+00:00,BTC,BUY,21.97761294137308,0.02197761294137308,0.075,S6_REVERSAL
2026-07-30 01:00:00+00:00,ETH,BUY,35.78645335219335,0.03578645335219335,0.075,S6_REVERSAL
2026-07-30 01:00:00+00:00,SOL,BUY,28.275227369401364,0.028275227369401364,0.075,S6_REVERSAL
2026-07-30 02:00:00+00:00,BTC,SELL,45.64793446185922,0.045647934461859226,0.075,S6_REVERSAL
2026-07-30 02:00:00+00:00,ETH,SELL,51.27132447441272,0.051271324474412724,0.075,S6_REVERSAL
2026-07-30 02:00:00+00:00,SOL,SELL,53.457220221434,0.053457220221434,0.075,S6_REVERSAL
2026-07-30 03:00:00+00:00,BTC,BUY,4.581518171877178,0.004581518171877178,0.075,S6_REVERSAL
2026-07-30 03:00:00+00:00,ETH,BUY,16.493795404056073,0.016493795404056072,0.075,S6_REVERSAL
2026-07-30 03:00:00+00:00,SOL,BUY,13.921311271378727,0.013921311271378727,0.075,S6_REVERSAL
2026-07-30 04:00:00+00:00,BTC,BUY,1.5340047145555218,0.0015340047145555218,0.075,S6_REVERSAL
2026-07-30 04:00:00+00:00,ETH,BUY,2.542721733703729,0.0025427217337037292,0.075,S6_REVERSAL
2026-07-30 04:00:00+00:00,SOL,BUY,10.466082486949745,0.010466082486949744,0.075,S6_REVERSAL
2026-07-30 05:00:00+00:00,BTC,BUY,9.992744562268854,0.009992744562268854,0.075,S6_REVERSAL
2026-07-30 05:00:00+00:00,ETH,BUY,23.73821886081987,0.023738218860819872,0.075,S6_REVERSAL
2026-07-30 05:00:00+00:00,SOL,BUY,12.873879937915262,0.012873879937915262,0.075,S6_REVERSAL
2026-07-30 06:00:00+00:00,BTC,BUY,1.4235693519822235,0.0014235693519822235,0.075,S6_REVERSAL
2026-07-30 06:00:00+00:00,ETH,SELL,12.913876499912476,0.012913876499912475,0.075,S6_REVERSAL
2026-07-30 06:00:00+00:00,SOL,SELL,14.036138839767773,0.014036138839767773,0.075,S6_REVERSAL
2026-07-30 07:00:00+00:00,ETH,BUY,14.97041984198222,0.01497041984198222,0.075,S6_REVERSAL
2026-07-30 07:00:00+00:00,SOL,BUY,12.803189984668279,0.012803189984668279,0.075,S6_REVERSAL
2026-07-30 08:00:00+00:00,BTC,SELL,1.9733049764781756,0.0019733049764781756,0.075,S6_REVERSAL
2026-07-30 08:00:00+00:00,ETH,SELL,6.89703014215047,0.00689703014215047,0.075,S6_REVERSAL
2026-07-30 08:00:00+00:00,SOL,BUY,10.027153807375726,0.010027153807375726,0.075,S6_REVERSAL
2026-07-30 09:00:00+00:00,BTC,SELL,21.660681961871887,0.02166068196187189,0.075,S6_REVERSAL
2026-07-30 09:00:00+00:00,ETH,SELL,33.512540076987534,0.033512540076987535,0.075,S6_REVERSAL
2026-07-30 09:00:00+00:00,SOL,SELL,27.77560037801595,0.027775600378015953,0.075,S6_REVERSAL
2026-07-30 10:00:00+00:00,BTC,SELL,22.647858413917675,0.022647858413917674,0.075,S6_REVERSAL
2026-07-30 10:00:00+00:00,ETH,SELL,6.549276246318186,0.006549276246318186,0.075,S6_REVERSAL
2026-07-30 10:00:00+00:00,SOL,SELL,18.269784743432865,0.018269784743432865,0.075,S6_REVERSAL
2026-07-30 11:00:00+00:00,BTC,SELL,1.37262425532208,0.0013726242553220801,0.075,S6_REVERSAL
2026-07-30 11:00:00+00:00,ETH,SELL,1.463541247115245,0.001463541247115245,0.075,S6_REVERSAL
2026-07-30 11:00:00+00:00,SOL,BUY,13.546831509079311,0.013546831509079312,0.075,S6_REVERSAL
2026-07-30 12:00:00+00:00,BTC,SELL,17.50945353015595,0.01750945353015595,0.075,S6_REVERSAL
2026-07-30 12:00:00+00:00,ETH,BUY,6744.244721706102,6.744244721706102,0.15,S3_TREND
2026-07-30 12:00:00+00:00,SOL,SELL,24.024699866973606,0.024024699866973608,0.075,S6_REVERSAL
2026-07-30 13:00:00+00:00,BTC,BUY,6747.956006362037,6.747956006362037,0.15,S3_TREND
2026-07-30 13:00:00+00:00,ETH,SELL,8.301799946395477,0.008301799946395476,0.15,S3_TREND
2026-07-30 13:00:00+00:00,SOL,SELL,13.546003714275685,0.013546003714275685,0.075,S6_REVERSAL
2026-07-30 14:00:00+00:00,BTC,SELL,9.501408588061167,0.009501408588061167,0.15,S3_TREND
2026-07-30 14:00:00+00:00,ETH,SELL,21.744973830842355,0.021744973830842354,0.15,S3_TREND
2026-07-30 14:00:00+00:00,SOL,SELL,20.090554302335477,0.020090554302335476,0.075,S6_REVERSAL
2026-07-30 15:00:00+00:00,BTC,BUY,46.14194637550281,0.04614194637550281,0.15,S3_TREND
2026-07-30 15:00:00+00:00,ETH,BUY,63.08822999041149,0.0630882299904115,0.15,S3_TREND
2026-07-30 15:00:00+00:00,SOL,SELL,8.473620797201875,0.008473620797201875,0.075,S6_REVERSAL
2026-07-30 16:00:00+00:00,BTC,SELL,6.528169089464427,0.0065281690894644275,0.15,S3_TREND
2026-07-30 16:00:00+00:00,ETH,SELL,7.351896631420459,0.0073518966314204594,0.15,S3_TREND
2026-07-30 17:00:00+00:00,BTC,SELL,15.880222567122471,0.015880222567122473,0.15,S3_TREND
2026-07-30 17:00:00+00:00,SOL,BUY,7.307906437364181,0.007307906437364182,0.075,S6_REVERSAL
2026-07-30 18:00:00+00:00,BTC,SELL,5.52766519342731,0.005527665193427311,0.15,S3_TREND
2026-07-30 18:00:00+00:00,ETH,SELL,5.7885650643620465,0.005788565064362047,0.15,S3_TREND
2026-07-30 18:00:00+00:00,SOL,SELL,13.440118787368192,0.013440118787368192,0.075,S6_REVERSAL
2026-07-30 19:00:00+00:00,BTC,BUY,21.872410855427006,0.021872410855427005,0.15,S3_TREND
2026-07-30 19:00:00+00:00,ETH,BUY,18.84826775035799,0.01884826775035799,0.15,S3_TREND
2026-07-30 19:00:00+00:00,SOL,BUY,6766.613138358119,6.766613138358119,0.15,S3_TREND
2026-07-30 20:00:00+00:00,BTC,SELL,3.6583301103582926,0.003658330110358293,0.15,S3_TREND
2026-07-30 20:00:00+00:00,ETH,SELL,35.446753199244995,0.03544675319924499,0.15,S3_TREND
2026-07-30 20:00:00+00:00,SOL,SELL,28.667651199062675,0.028667651199062675,0.15,S3_TREND
2026-07-30 21:00:00+00:00,BTC,SELL,6.242849018828565,0.006242849018828565,0.15,S3_TREND
2026-07-30 21:00:00+00:00,ETH,BUY,3.0938824893364654,0.0030938824893364655,0.15,S3_TREND
2026-07-30 21:00:00+00:00,SOL,BUY,43.27620943760121,0.04327620943760121,0.15,S3_TREND
2026-07-30 22:00:00+00:00,BTC,BUY,4.4875823400561785,0.004487582340056179,0.15,S3_TREND
2026-07-30 22:00:00+00:00,ETH,BUY,17.060007771937308,0.017060007771937308,0.15,S3_TREND
2026-07-30 22:00:00+00:00,SOL,SELL,6.053712078628451,0.006053712078628451,0.15,S3_TREND
2026-07-30 23:00:00+00:00,BTC,SELL,6.0889563133805495,0.006088956313380549,0.15,S3_TREND
2026-07-30 23:00:00+00:00,ETH,SELL,30.95561244445526,0.030955612444455258,0.15,S3_TREND
2026-07-30 23:00:00+00:00,SOL,SELL,29.103716242041628,0.029103716242041628,0.15,S3_TREND
2026-07-31 00:00:00+00:00,BTC,SELL,1.3336588607253361,0.0013336588607253362,0.15,S3_TREND
2026-07-31 00:00:00+00:00,ETH,BUY,35.09869991339656,0.03509869991339656,0.15,S3_TREND
2026-07-31 00:00:00+00:00,SOL,BUY,25.442646554249222,0.025442646554249222,0.15,S3_TREND
2026-07-31 01:00:00+00:00,BTC,BUY,7.706227096541625,0.007706227096541625,0.15,S3_TREND
2026-07-31 01:00:00+00:00,ETH,BUY,4.453636620388352,0.004453636620388352,0.15,S3_TREND
2026-07-31 01:00:00+00:00,SOL,BUY,1.653302074993917,0.0016533020749939168,0.15,S3_TREND
2026-07-31 02:00:00+00:00,BTC,BUY,18.62997488632027,0.01862997488632027,0.15,S3_TREND
2026-07-31 02:00:00+00:00,ETH,BUY,32.95255686996825,0.03295255686996825,0.15,S3_TREND
2026-07-31 02:00:00+00:00,SOL,BUY,3.186204552732306,0.0031862045527323063,0.15,S3_TREND
2026-07-31 03:00:00+00:00,BTC,BUY,34.44124432279932,0.034441244322799325,0.15,S3_TREND
2026-07-31 03:00:00+00:00,ETH,BUY,22.602784211625476,0.022602784211625475,0.15,S3_TREND
2026-07-31 03:00:00+00:00,SOL,BUY,20.53018124270966,0.02053018124270966,0.15,S3_TREND
2026-07-31 04:00:00+00:00,BTC,SELL,8.37262296465451,0.00837262296465451,0.15,S3_TREND
2026-07-31 04:00:00+00:00,ETH,SELL,26.842027746088206,0.026842027746088206,0.15,S3_TREND
2026-07-31 04:00:00+00:00,SOL,BUY,10.382909716608992,0.010382909716608992,0.15,S3_TREND
2026-07-31 05:00:00+00:00,ETH,BUY,6.9230991635358805,0.00692309916353588,0.15,S3_TREND
2026-07-31 05:00:00+00:00,SOL,BUY,42.57852162597737,0.042578521625977375,0.15,S3_TREND
2026-07-31 06:00:00+00:00,BTC,BUY,1.333323422286412,0.0013333234222864122,0.15,S3_TREND
2026-07-31 06:00:00+00:00,ETH,BUY,12.437573176430305,0.012437573176430307,0.15,S3_TREND
2026-07-31 06:00:00+00:00,SOL,SELL,62.93019493717656,0.06293019493717655,0.15,S3_TREND
2026-07-31 07:00:00+00:00,BTC,BUY,15.477534382815065,0.015477534382815065,0.15,S3_TREND
2026-07-31 07:00:00+00:00,ETH,BUY,13.05813082379791,0.013058130823797911,0.15,S3_TREND
2026-07-31 07:00:00+00:00,SOL,BUY,15.25488549707552,0.01525488549707552,0.15,S3_TREND
2026-07-31 08:00:00+00:00,BTC,BUY,25.61624658711844,0.02561624658711844,0.15,S3_TREND
2026-07-31 08:00:00+00:00,ETH,BUY,54.257589375480165,0.05425758937548017,0.15,S3_TREND
2026-07-31 08:00:00+00:00,SOL,BUY,42.82383022630893,0.04282383022630893,0.15,S3_TREND
2026-07-31 09:00:00+00:00,BTC,BUY,20.404645929518665,0.020404645929518666,0.15,S3_TREND
2026-07-31 09:00:00+00:00,ETH,SELL,5.728259377741779,0.005728259377741779,0.15,S3_TREND
2026-07-31 10:00:00+00:00,BTC,BUY,9.02806019349373,0.009028060193493729,0.15,S3_TREND
2026-07-31 10:00:00+00:00,ETH,BUY,31.91034227311866,0.03191034227311866,0.15,S3_TREND
2026-07-31 10:00:00+00:00,SOL,BUY,16.689146492773943,0.016689146492773945,0.15,S3_TREND
2026-07-31 11:00:00+00:00,BTC,SELL,30.74267183847769,0.030742671838477693,0.15,S3_TREND
2026-07-31 11:00:00+00:00,ETH,SELL,6722.190167733847,6.722190167733848,0.075,S6_REVERSAL
2026-07-31 12:00:00+00:00,BTC,BUY,18.212619402389464,0.018212619402389465,0.15,S3_TREND
2026-07-31 12:00:00+00:00,ETH,BUY,7.358696308058825,0.007358696308058825,0.075,S6_REVERSAL
2026-07-31 12:00:00+00:00,SOL,SELL,10.045245042994793,0.010045245042994793,0.15,S3_TREND
2026-07-31 13:00:00+00:00,BTC,BUY,10.121641404644834,0.010121641404644834,0.15,S3_TREND
2026-07-31 13:00:00+00:00,ETH,BUY,4.418048450432252,0.004418048450432252,0.075,S6_REVERSAL
2026-07-31 13:00:00+00:00,SOL,SELL,11.64371466103512,0.01164371466103512,0.15,S3_TREND
2026-07-31 14:00:00+00:00,BTC,BUY,68.4207911082649,0.06842079110826489,0.15,S3_TREND
2026-07-31 14:00:00+00:00,ETH,BUY,39.64721065620961,0.03964721065620961,0.075,S6_REVERSAL
2026-07-31 14:00:00+00:00,SOL,BUY,30.49958676897222,0.03049958676897222,0.15,S3_TREND
2026-07-31 15:00:00+00:00,BTC,BUY,95.77292691511138,0.09577292691511138,0.15,S3_TREND
2026-07-31 15:00:00+00:00,ETH,SELL,6665.398627150164,6.665398627150164,0.0,CASH
2026-07-31 15:00:00+00:00,SOL,BUY,13.277823616985188,0.013277823616985188,0.15,S3_TREND
2026-07-31 16:00:00+00:00,BTC,SELL,5.62125247676704,0.00562125247676704,0.15,S3_TREND
2026-07-31 16:00:00+00:00,ETH,BUY,6676.736470429586,6.676736470429586,0.075,S6_REVERSAL
2026-07-31 16:00:00+00:00,SOL,SELL,9.234759181823392,0.009234759181823392,0.15,S3_TREND
2026-07-31 17:00:00+00:00,BTC,SELL,23.11578242397627,0.023115782423976272,0.15,S3_TREND
2026-07-31 17:00:00+00:00,ETH,SELL,1.0090402844907658,0.0010090402844907657,0.075,S6_REVERSAL
2026-07-31 17:00:00+00:00,SOL,SELL,23.139399959745788,0.023139399959745788,0.15,S3_TREND
2026-07-31 18:00:00+00:00,BTC,SELL,60.42705764955281,0.06042705764955281,0.15,S3_TREND
2026-07-31 18:00:00+00:00,ETH,SELL,27.817365540199717,0.02781736554019972,0.075,S6_REVERSAL
2026-07-31 18:00:00+00:00,SOL,BUY,8.24783697377461,0.008247836973774611,0.15,S3_TREND
2026-07-31 19:00:00+00:00,BTC,SELL,6666.402291659088,6.666402291659089,0.075,S6_REVERSAL
2026-07-31 19:00:00+00:00,ETH,BUY,4.892208065813065,0.004892208065813065,0.075,S6_REVERSAL
2026-07-31 19:00:00+00:00,SOL,BUY,30.803605412478646,0.030803605412478646,0.15,S3_TREND
2026-07-31 20:00:00+00:00,BTC,BUY,10.41907019869359,0.01041907019869359,0.075,S6_REVERSAL
2026-07-31 20:00:00+00:00,ETH,BUY,10.079463981673143,0.010079463981673144,0.075,S6_REVERSAL
2026-07-31 21:00:00+00:00,BTC,SELL,1.444589264948263,0.001444589264948263,0.075,S6_REVERSAL
2026-07-31 21:00:00+00:00,ETH,BUY,17.858815843444063,0.017858815843444065,0.075,S6_REVERSAL
2026-07-31 21:00:00+00:00,SOL,BUY,14.889110042175162,0.014889110042175161,0.15,S3_TREND
2026-07-31 22:00:00+00:00,BTC,SELL,2.8342888638471777,0.0028342888638471777,0.075,S6_REVERSAL
2026-07-31 22:00:00+00:00,ETH,SELL,1.8854358153739668,0.0018854358153739669,0.075,S6_REVERSAL
2026-07-31 22:00:00+00:00,SOL,BUY,37.01034046175482,0.037010340461754825,0.15,S3_TREND
2026-07-31 23:00:00+00:00,BTC,BUY,1.4810169452475748,0.0014810169452475748,0.075,S6_REVERSAL
2026-07-31 23:00:00+00:00,ETH,BUY,2.865812384430683,0.0028658123844306827,0.075,S6_REVERSAL
2026-07-31 23:00:00+00:00,SOL,SELL,20.428324503976906,0.020428324503976907,0.15,S3_TREND
2026-08-01 00:00:00+00:00,BTC,BUY,6.667178183662145,0.006667178183662145,0.075,S6_REVERSAL
2026-08-01 00:00:00+00:00,ETH,SELL,3.90382911333927,0.00390382911333927,0.075,S6_REVERSAL
2026-08-01 00:00:00+00:00,SOL,SELL,3.511076046712333,0.0035110760467123333,0.15,S3_TREND
2026-08-01 01:00:00+00:00,BTC,SELL,2.4381235600931177,0.0024381235600931177,0.075,S6_REVERSAL
2026-08-01 01:00:00+00:00,ETH,SELL,4.60776971258565,0.0046077697125856505,0.075,S6_REVERSAL
2026-08-01 01:00:00+00:00,SOL,SELL,19.886915830535145,0.019886915830535146,0.15,S3_TREND
2026-08-01 02:00:00+00:00,BTC,SELL,2.592985204116303,0.002592985204116303,0.075,S6_REVERSAL
2026-08-01 02:00:00+00:00,ETH,SELL,7.049510707896843,0.007049510707896843,0.075,S6_REVERSAL
2026-08-01 02:00:00+00:00,SOL,SELL,2.823797171990009,0.002823797171990009,0.15,S3_TREND
2026-08-01 03:00:00+00:00,BTC,SELL,9.083024700298665,0.009083024700298665,0.075,S6_REVERSAL
2026-08-01 03:00:00+00:00,ETH,SELL,2.831239305563031,0.002831239305563031,0.075,S6_REVERSAL
2026-08-01 03:00:00+00:00,SOL,SELL,2.4193888521913323,0.0024193888521913324,0.15,S3_TREND
2026-08-01 04:00:00+00:00,BTC,BUY,6.807228310429309,0.006807228310429309,0.075,S6_REVERSAL
2026-08-01 04:00:00+00:00,ETH,SELL,6.503910842372534,0.006503910842372534,0.075,S6_REVERSAL
2026-08-01 04:00:00+00:00,SOL,BUY,5.969128013097361,0.0059691280130973615,0.15,S3_TREND
2026-08-01 05:00:00+00:00,BTC,SELL,8.955161915166173,0.008955161915166173,0.075,S6_REVERSAL
2026-08-01 05:00:00+00:00,ETH,BUY,3.195745474084106,0.003195745474084106,0.075,S6_REVERSAL
2026-08-01 05:00:00+00:00,SOL,SELL,20.084602717053713,0.02008460271705371,0.15,S3_TREND
2026-08-01 06:00:00+00:00,BTC,BUY,5.568210167479265,0.0055682101674792645,0.075,S6_REVERSAL
2026-08-01 06:00:00+00:00,ETH,BUY,3.3003618442935476,0.0033003618442935478,0.075,S6_REVERSAL
2026-08-01 06:00:00+00:00,SOL,BUY,33.037567348197626,0.03303756734819763,0.15,S3_TREND
2026-08-01 07:00:00+00:00,BTC,SELL,4.3422841755500485,0.0043422841755500485,0.075,S6_REVERSAL
2026-08-01 07:00:00+00:00,ETH,SELL,8.357890639163998,0.008357890639163998,0.075,S6_REVERSAL
2026-08-01 07:00:00+00:00,SOL,SELL,6.816820204317992,0.006816820204317992,0.15,S3_TREND
2026-08-01 08:00:00+00:00,BTC,BUY,2.4982397628118633,0.0024982397628118633,0.075,S6_REVERSAL
2026-08-01 08:00:00+00:00,ETH,BUY,1.7640865025105086,0.0017640865025105087,0.075,S6_REVERSAL
2026-08-01 08:00:00+00:00,SOL,BUY,2.259720000653033,0.002259720000653033,0.15,S3_TREND
2026-08-01 09:00:00+00:00,BTC,SELL,6.689739288573037,0.006689739288573037,0.075,S6_REVERSAL
2026-08-01 09:00:00+00:00,ETH,BUY,2.450589319122628,0.002450589319122628,0.075,S6_REVERSAL
2026-08-01 09:00:00+00:00,SOL,SELL,8.300613822966625,0.008300613822966625,0.15,S3_TREND
2026-08-01 10:00:00+00:00,BTC,BUY,3.991939202265712,0.003991939202265712,0.075,S6_REVERSAL
2026-08-01 10:00:00+00:00,ETH,BUY,1.8318261837684986,0.0018318261837684986,0.075,S6_REVERSAL
2026-08-01 10:00:00+00:00,SOL,BUY,29.108974796003167,0.02910897479600317,0.15,S3_TREND
2026-08-01 11:00:00+00:00,ETH,BUY,2.075664888825486,0.002075664888825486,0.075,S6_REVERSAL
2026-08-01 11:00:00+00:00,SOL,SELL,1.8303386659208627,0.0018303386659208627,0.15,S3_TREND
2026-08-01 12:00:00+00:00,BTC,SELL,1.831174724999073,0.001831174724999073,0.075,S6_REVERSAL
2026-08-01 12:00:00+00:00,ETH,BUY,2.2306899119685113,0.0022306899119685112,0.075,S6_REVERSAL
2026-08-01 12:00:00+00:00,SOL,SELL,6.163883363966306,0.006163883363966306,0.15,S3_TREND
2026-08-01 13:00:00+00:00,BTC,SELL,1.5800504567832832,0.0015800504567832832,0.075,S6_REVERSAL
2026-08-01 13:00:00+00:00,ETH,SELL,6.412934605795272,0.006412934605795272,0.075,S6_REVERSAL
2026-08-01 13:00:00+00:00,SOL,SELL,4.628783916468819,0.004628783916468819,0.15,S3_TREND
2026-08-01 14:00:00+00:00,BTC,BUY,4.111075241823528,0.004111075241823528,0.075,S6_REVERSAL
2026-08-01 14:00:00+00:00,SOL,SELL,6689.731910264808,6.6897319102648085,0.075,S6_REVERSAL
2026-08-01 15:00:00+00:00,BTC,SELL,4.255537949234167,0.004255537949234167,0.075,S6_REVERSAL
2026-08-01 15:00:00+00:00,ETH,SELL,19.561877056012236,0.019561877056012235,0.075,S6_REVERSAL
2026-08-01 15:00:00+00:00,SOL,SELL,1.8558017171617394,0.0018558017171617393,0.075,S6_REVERSAL
2026-08-01 16:00:00+00:00,BTC,BUY,8.761178615914105,0.008761178615914104,0.075,S6_REVERSAL
2026-08-01 16:00:00+00:00,ETH,BUY,14.218278347726482,0.014218278347726482,0.075,S6_REVERSAL
2026-08-01 16:00:00+00:00,SOL,BUY,17.16394372068862,0.01716394372068862,0.075,S6_REVERSAL
2026-08-01 17:00:00+00:00,BTC,BUY,6.355678755665394,0.006355678755665395,0.075,S6_REVERSAL
2026-08-01 17:00:00+00:00,ETH,BUY,3.111350745715754,0.003111350745715754,0.075,S6_REVERSAL
2026-08-01 17:00:00+00:00,SOL,BUY,6.691101922725466,0.006691101922725466,0.075,S6_REVERSAL
2026-08-01 18:00:00+00:00,BTC,BUY,14.833509950860389,0.014833509950860389,0.075,S6_REVERSAL
2026-08-01 18:00:00+00:00,ETH,BUY,15.085599023861505,0.015085599023861505,0.075,S6_REVERSAL
2026-08-01 18:00:00+00:00,SOL,SELL,6606.219791409445,6.606219791409445,0.0,CASH
2026-08-01 19:00:00+00:00,BTC,BUY,5.260654719875674,0.005260654719875675,0.075,S6_REVERSAL
2026-08-01 19:00:00+00:00,ETH,BUY,82.16798500131699,0.082167985001317,0.075,S6_REVERSAL
2026-08-01 19:00:00+00:00,SOL,BUY,6660.603806610185,6.660603806610185,0.075,S6_REVERSAL
2026-08-01 20:00:00+00:00,BTC,SELL,6655.203422031471,6.655203422031471,0.0,CASH
2026-08-01 20:00:00+00:00,ETH,SELL,1.3601262505744671,0.0013601262505744671,0.075,S6_REVERSAL
2026-08-01 20:00:00+00:00,SOL,SELL,15.511022866211533,0.015511022866211534,0.075,S6_REVERSAL
2026-08-01 21:00:00+00:00,ETH,SELL,2.153196673925777,0.0021531966739257767,0.075,S6_REVERSAL
2026-08-01 21:00:00+00:00,SOL,SELL,26.135148410910006,0.026135148410910008,0.075,S6_REVERSAL
2026-08-01 22:00:00+00:00,ETH,SELL,22.64835811323428,0.02264835811323428,0.075,S6_REVERSAL
2026-08-01 22:00:00+00:00,SOL,SELL,23.83401090445477,0.02383401090445477,0.075,S6_REVERSAL
2026-08-01 23:00:00+00:00,ETH,SELL,4.633832520720716,0.004633832520720717,0.075,S6_REVERSAL
2026-08-01 23:00:00+00:00,SOL,SELL,3.890825436857085,0.0038908254368570853,0.075,S6_REVERSAL
2026-08-02 00:00:00+00:00,ETH,BUY,8.05692777114109,0.00805692777114109,0.075,S6_REVERSAL
2026-08-02 00:00:00+00:00,SOL,SELL,4.062185006252548,0.004062185006252548,0.075,S6_REVERSAL
2026-08-02 01:00:00+00:00,ETH,SELL,4.7054341095317795,0.00470543410953178,0.075,S6_REVERSAL
2026-08-02 01:00:00+00:00,SOL,SELL,13.244077644686513,0.013244077644686512,0.075,S6_REVERSAL
2026-08-02 02:00:00+00:00,ETH,SELL,30.996734189248855,0.030996734189248854,0.075,S6_REVERSAL
2026-08-02 02:00:00+00:00,SOL,SELL,43.38015049166552,0.04338015049166552,0.075,S6_REVERSAL
2026-08-02 03:00:00+00:00,ETH,SELL,62.428865067900006,0.062428865067900005,0.075,S6_REVERSAL
2026-08-02 03:00:00+00:00,SOL,SELL,37.16242275691457,0.03716242275691457,0.075,S6_REVERSAL
2026-08-02 04:00:00+00:00,ETH,SELL,1.4437067303988442,0.0014437067303988442,0.075,S6_REVERSAL
2026-08-02 04:00:00+00:00,SOL,SELL,4.089494937058589,0.0040894949370585895,0.075,S6_REVERSAL
2026-08-02 05:00:00+00:00,ETH,SELL,10.088410924503478,0.010088410924503478,0.075,S6_REVERSAL
2026-08-02 05:00:00+00:00,SOL,SELL,27.71466001841054,0.027714660018410543,0.075,S6_REVERSAL
2026-08-02 06:00:00+00:00,ETH,BUY,16.419469800922343,0.016419469800922345,0.075,S6_REVERSAL
2026-08-02 06:00:00+00:00,SOL,SELL,5.512968441140401,0.005512968441140401,0.075,S6_REVERSAL
2026-08-02 07:00:00+00:00,ETH,SELL,4.909605309490871,0.004909605309490871,0.075,S6_REVERSAL
2026-08-02 07:00:00+00:00,SOL,BUY,11.25169544695018,0.01125169544695018,0.075,S6_REVERSAL
2026-08-02 08:00:00+00:00,ETH,BUY,4.742546183504601,0.004742546183504601,0.075,S6_REVERSAL
2026-08-02 09:00:00+00:00,ETH,BUY,24.16436090615116,0.02416436090615116,0.075,S6_REVERSAL
2026-08-02 09:00:00+00:00,SOL,SELL,6661.146815684925,6.661146815684925,0.0,CASH
2026-08-02 10:00:00+00:00,ETH,SELL,6692.057900752239,6.692057900752239,0.0,CASH
2026-08-03 09:00:00+00:00,BTC,BUY,6681.956004698568,6.681956004698568,0.075,S6_REVERSAL
2026-08-03 09:00:00+00:00,SOL,BUY,6681.956004698568,6.681956004698568,0.075,S6_REVERSAL
2026-08-03 10:00:00+00:00,BTC,SELL,27.613881263080657,0.027613881263080658,0.075,S6_REVERSAL
2026-08-03 10:00:00+00:00,SOL,SELL,31.085398517394424,0.031085398517394426,0.075,S6_REVERSAL
2026-08-03 11:00:00+00:00,BTC,BUY,6692.6445575046755,6.692644557504676,0.15,S3_TREND
2026-08-03 11:00:00+00:00,SOL,BUY,11.135840408168406,0.011135840408168406,0.075,S6_REVERSAL
2026-08-03 12:00:00+00:00,BTC,BUY,29.747032251800192,0.02974703225180019,0.15,S3_TREND
2026-08-03 12:00:00+00:00,ETH,BUY,6679.709709768331,6.679709709768331,0.075,S6_REVERSAL
2026-08-03 12:00:00+00:00,SOL,BUY,10.213176906418084,0.010213176906418084,0.075,S6_REVERSAL
2026-08-03 13:00:00+00:00,BTC,SELL,24.62163944333406,0.02462163944333406,0.15,S3_TREND
2026-08-03 13:00:00+00:00,ETH,SELL,11.194880168095551,0.011194880168095552,0.075,S6_REVERSAL
2026-08-03 13:00:00+00:00,SOL,BUY,4.481327597735799,0.004481327597735799,0.075,S6_REVERSAL
2026-08-03 14:00:00+00:00,BTC,SELL,98.06105865297468,0.09806105865297468,0.15,S3_TREND
2026-08-03 14:00:00+00:00,ETH,SELL,35.78331055088347,0.03578331055088347,0.075,S6_REVERSAL
2026-08-03 14:00:00+00:00,SOL,SELL,56.21599481588327,0.05621599481588327,0.075,S6_REVERSAL
2026-08-03 15:00:00+00:00,BTC,SELL,95.66851634996601,0.09566851634996601,0.15,S3_TREND
2026-08-03 15:00:00+00:00,ETH,SELL,35.321210336685,0.035321210336685,0.075,S6_REVERSAL
2026-08-03 15:00:00+00:00,SOL,SELL,31.14008965589528,0.031140089655895282,0.075,S6_REVERSAL
2026-08-03 16:00:00+00:00,BTC,BUY,40.66090717717452,0.04066090717717452,0.15,S3_TREND
2026-08-03 16:00:00+00:00,ETH,BUY,29.20239948791368,0.029202399487913682,0.075,S6_REVERSAL
2026-08-03 16:00:00+00:00,SOL,BUY,7.207000148708175,0.007207000148708176,0.075,S6_REVERSAL
2026-08-03 17:00:00+00:00,BTC,SELL,15.800833446848626,0.015800833446848628,0.15,S3_TREND
2026-08-03 17:00:00+00:00,ETH,SELL,9.679927360137299,0.0096799273601373,0.075,S6_REVERSAL
2026-08-03 17:00:00+00:00,SOL,BUY,18.92746501351212,0.01892746501351212,0.075,S6_REVERSAL
2026-08-03 18:00:00+00:00,BTC,SELL,17.92399953291533,0.017923999532915333,0.15,S3_TREND
2026-08-03 18:00:00+00:00,ETH,SELL,4.788622740653409,0.0047886227406534095,0.075,S6_REVERSAL
2026-08-03 18:00:00+00:00,SOL,BUY,6696.218925280588,6.696218925280588,0.15,S3_TREND
2026-08-03 19:00:00+00:00,BTC,BUY,12.982849484356848,0.012982849484356847,0.15,S3_TREND
2026-08-03 19:00:00+00:00,ETH,BUY,2.4045984341246367,0.002404598434124637,0.075,S6_REVERSAL
2026-08-03 19:00:00+00:00,SOL,SELL,45.439445090290974,0.04543944509029098,0.15,S3_TREND
2026-08-03 20:00:00+00:00,BTC,BUY,2.2886693442051183,0.002288669344205118,0.15,S3_TREND
2026-08-03 20:00:00+00:00,ETH,SELL,3.470917651547097,0.003470917651547097,0.075,S6_REVERSAL
2026-08-03 20:00:00+00:00,SOL,SELL,7.108325308587155,0.0071083253085871545,0.15,S3_TREND
2026-08-03 21:00:00+00:00,BTC,BUY,11.23926299379309,0.011239262993793091,0.15,S3_TREND
2026-08-03 21:00:00+00:00,SOL,BUY,24.149853126244125,0.024149853126244125,0.15,S3_TREND
2026-08-03 22:00:00+00:00,BTC,BUY,26.452542144643303,0.026452542144643303,0.15,S3_TREND
2026-08-03 22:00:00+00:00,ETH,BUY,6723.545790945573,6.723545790945573,0.15,S3_TREND
2026-08-03 22:00:00+00:00,SOL,BUY,12.892134178628112,0.012892134178628112,0.15,S3_TREND
2026-08-03 23:00:00+00:00,BTC,SELL,14.122782829641437,0.014122782829641438,0.15,S3_TREND
2026-08-03 23:00:00+00:00,ETH,BUY,14.873992104572608,0.014873992104572608,0.15,S3_TREND
2026-08-03 23:00:00+00:00,SOL,BUY,22.70987855237763,0.022709878552377633,0.15,S3_TREND
2026-08-04 00:00:00+00:00,BTC,BUY,18.222197770464845,0.018222197770464847,0.15,S3_TREND
2026-08-04 00:00:00+00:00,ETH,SELL,3.234196143466761,0.003234196143466761,0.15,S3_TREND
2026-08-04 00:00:00+00:00,SOL,SELL,6.088828862077207,0.0060888288620772075,0.15,S3_TREND
2026-08-04 01:00:00+00:00,BTC,BUY,5.276298232010959,0.005276298232010959,0.15,S3_TREND
2026-08-04 01:00:00+00:00,ETH,BUY,38.23158815390343,0.03823158815390343,0.15,S3_TREND
2026-08-04 01:00:00+00:00,SOL,BUY,59.42458298749989,0.05942458298749989,0.15,S3_TREND
2026-08-04 02:00:00+00:00,BTC,SELL,50.57820409301712,0.05057820409301712,0.15,S3_TREND
2026-08-04 02:00:00+00:00,ETH,SELL,66.06492766880365,0.06606492766880365,0.15,S3_TREND
2026-08-04 02:00:00+00:00,SOL,SELL,74.30124632431762,0.07430124632431762,0.15,S3_TREND
2026-08-04 03:00:00+00:00,BTC,BUY,5.945262057597574,0.005945262057597574,0.15,S3_TREND
2026-08-04 03:00:00+00:00,ETH,BUY,11.159994681043827,0.011159994681043827,0.15,S3_TREND
2026-08-04 03:00:00+00:00,SOL,SELL,19.445590991665085,0.019445590991665086,0.15,S3_TREND
2026-08-04 04:00:00+00:00,BTC,SELL,3.02750696023395,0.00302750696023395,0.15,S3_TREND
2026-08-04 04:00:00+00:00,ETH,BUY,6.430978998587307,0.006430978998587307,0.15,S3_TREND
2026-08-04 04:00:00+00:00,SOL,BUY,24.98078381693449,0.024980783816934492,0.15,S3_TREND
2026-08-04 05:00:00+00:00,BTC,SELL,33.31178697302494,0.033311786973024934,0.15,S3_TREND
2026-08-04 05:00:00+00:00,ETH,SELL,12.487591490553314,0.012487591490553314,0.15,S3_TREND
2026-08-04 05:00:00+00:00,SOL,SELL,8.801910566402512,0.008801910566402511,0.15,S3_TREND
2026-08-04 06:00:00+00:00,BTC,BUY,31.239092044308563,0.031239092044308563,0.15,S3_TREND
2026-08-04 06:00:00+00:00,ETH,BUY,12.800908074159452,0.012800908074159453,0.15,S3_TREND
2026-08-04 06:00:00+00:00,SOL,BUY,3.425660940076341,0.003425660940076341,0.15,S3_TREND
2026-08-04 07:00:00+00:00,BTC,BUY,9.746941053484989,0.00974694105348499,0.15,S3_TREND
2026-08-04 07:00:00+00:00,ETH,BUY,32.23752454380519,0.03223752454380519,0.15,S3_TREND
2026-08-04 07:00:00+00:00,SOL,BUY,36.78085251146331,0.03678085251146331,0.15,S3_TREND
2026-08-04 08:00:00+00:00,BTC,BUY,11.788917913447222,0.011788917913447222,0.15,S3_TREND
2026-08-04 08:00:00+00:00,ETH,SELL,34.861349854649234,0.03486134985464923,0.15,S3_TREND
2026-08-04 08:00:00+00:00,SOL,SELL,32.3776278483565,0.032377627848356495,0.15,S3_TREND
2026-08-04 09:00:00+00:00,BTC,BUY,1.811086443356544,0.001811086443356544,0.15,S3_TREND
2026-08-04 09:00:00+00:00,ETH,BUY,24.640656546054743,0.024640656546054743,0.15,S3_TREND
2026-08-04 09:00:00+00:00,SOL,BUY,41.549348857748555,0.04154934885774855,0.15,S3_TREND
2026-08-04 10:00:00+00:00,BTC,SELL,3.388638261323649,0.003388638261323649,0.15,S3_TREND
2026-08-04 10:00:00+00:00,ETH,SELL,6.280263854376244,0.006280263854376245,0.15,S3_TREND
2026-08-04 10:00:00+00:00,SOL,BUY,10.672133623396803,0.010672133623396803,0.15,S3_TREND
2026-08-04 11:00:00+00:00,BTC,SELL,11.2924708087412,0.0112924708087412,0.15,S3_TREND
2026-08-04 11:00:00+00:00,ETH,SELL,6749.955339234291,6.749955339234291,0.075,S6_REVERSAL
2026-08-04 11:00:00+00:00,SOL,SELL,34.213996608355956,0.03421399660835596,0.15,S3_TREND
2026-08-04 12:00:00+00:00,BTC,SELL,17.23959334452593,0.01723959334452593,0.15,S3_TREND
2026-08-04 12:00:00+00:00,ETH,BUY,6708.565290710775,6.708565290710776,0.15,S3_TREND
2026-08-04 12:00:00+00:00,SOL,SELL,46.97367152777406,0.04697367152777406,0.15,S3_TREND
2026-08-04 13:00:00+00:00,BTC,BUY,1.0691735365235218,0.0010691735365235219,0.15,S3_TREND
2026-08-04 13:00:00+00:00,ETH,SELL,19.056568272286313,0.019056568272286314,0.15,S3_TREND
2026-08-04 13:00:00+00:00,SOL,BUY,22.39933632469547,0.02239933632469547,0.15,S3_TREND
2026-08-04 14:00:00+00:00,BTC,BUY,21.08684287097276,0.02108684287097276,0.15,S3_TREND
2026-08-04 14:00:00+00:00,ETH,BUY,67.83822620342107,0.06783822620342107,0.15,S3_TREND
2026-08-04 14:00:00+00:00,SOL,BUY,5.25715605491132,0.00525715605491132,0.15,S3_TREND
2026-08-04 15:00:00+00:00,BTC,SELL,62.61315400771491,0.06261315400771492,0.15,S3_TREND
2026-08-04 15:00:00+00:00,ETH,SELL,47.881419843444746,0.047881419843444746,0.15,S3_TREND
2026-08-04 15:00:00+00:00,SOL,SELL,3.5364407116048824,0.0035364407116048823,0.15,S3_TREND
2026-08-04 16:00:00+00:00,BTC,BUY,5.057933427437092,0.005057933427437092,0.15,S3_TREND
2026-08-04 16:00:00+00:00,ETH,BUY,3.8745519574931677,0.0038745519574931676,0.15,S3_TREND
2026-08-04 16:00:00+00:00,SOL,SELL,24.832448058641603,0.024832448058641602,0.15,S3_TREND
2026-08-04 17:00:00+00:00,BTC,BUY,20.31048991629541,0.02031048991629541,0.15,S3_TREND
2026-08-04 17:00:00+00:00,ETH,BUY,8.115663492822932,0.008115663492822932,0.15,S3_TREND
2026-08-04 17:00:00+00:00,SOL,BUY,31.03548575617424,0.03103548575617424,0.15,S3_TREND
2026-08-04 18:00:00+00:00,BTC,SELL,2.8536909265421855,0.0028536909265421857,0.15,S3_TREND
2026-08-04 18:00:00+00:00,ETH,BUY,2.6667197772421787,0.0026667197772421787,0.15,S3_TREND
2026-08-04 18:00:00+00:00,SOL,SELL,5.6988350797528255,0.005698835079752826,0.15,S3_TREND
2026-08-04 19:00:00+00:00,BTC,SELL,42.754149350103035,0.042754149350103035,0.15,S3_TREND
2026-08-04 19:00:00+00:00,ETH,SELL,13.951869786991665,0.013951869786991665,0.15,S3_TREND
2026-08-04 19:00:00+00:00,SOL,SELL,43.65748810131117,0.043657488101311176,0.15,S3_TREND
2026-08-04 20:00:00+00:00,BTC,BUY,13.695446656489366,0.013695446656489366,0.15,S3_TREND
2026-08-04 20:00:00+00:00,ETH,SELL,1.2961557960788923,0.0012961557960788923,0.15,S3_TREND
2026-08-04 20:00:00+00:00,SOL,SELL,6.957419008682336,0.006957419008682336,0.15,S3_TREND
2026-08-04 21:00:00+00:00,BTC,SELL,15.504711885598226,0.015504711885598226,0.15,S3_TREND
2026-08-04 21:00:00+00:00,ETH,SELL,6736.827279802696,6.736827279802696,0.075,S6_REVERSAL
2026-08-04 21:00:00+00:00,SOL,SELL,7.460454334988754,0.007460454334988755,0.15,S3_TREND
2026-08-04 22:00:00+00:00,BTC,BUY,19.275626570828535,0.019275626570828534,0.15,S3_TREND
2026-08-04 22:00:00+00:00,ETH,BUY,9.788960221615525,0.009788960221615526,0.075,S6_REVERSAL
2026-08-04 22:00:00+00:00,SOL,BUY,12.077258405881366,0.012077258405881367,0.15,S3_TREND
2026-08-04 23:00:00+00:00,BTC,SELL,12.959278104532132,0.012959278104532132,0.15,S3_TREND
2026-08-04 23:00:00+00:00,ETH,SELL,10.378442003308919,0.010378442003308919,0.075,S6_REVERSAL
2026-08-04 23:00:00+00:00,SOL,BUY,10.363811222479853,0.010363811222479853,0.15,S3_TREND
2026-08-05 00:00:00+00:00,BTC,BUY,16.761351314016792,0.016761351314016792,0.15,S3_TREND
2026-08-05 00:00:00+00:00,ETH,BUY,12.370003274735609,0.012370003274735608,0.075,S6_REVERSAL
2026-08-05 00:00:00+00:00,SOL,BUY,44.1592664598229,0.044159266459822905,0.15,S3_TREND
2026-08-05 01:00:00+00:00,BTC,BUY,10.883340862001205,0.010883340862001205,0.15,S3_TREND
2026-08-05 01:00:00+00:00,ETH,BUY,13.861427415882645,0.013861427415882645,0.075,S6_REVERSAL
2026-08-05 01:00:00+00:00,SOL,BUY,33.40753669123478,0.03340753669123478,0.15,S3_TREND
2026-08-05 02:00:00+00:00,BTC,SELL,39.61330809503306,0.039613308095033065,0.15,S3_TREND
2026-08-05 02:00:00+00:00,ETH,SELL,17.48535616760364,0.01748535616760364,0.075,S6_REVERSAL
2026-08-05 02:00:00+00:00,SOL,SELL,80.30577774438461,0.08030577774438462,0.15,S3_TREND
2026-08-05 03:00:00+00:00,BTC,SELL,3.086879034060985,0.0030868790340609848,0.15,S3_TREND
2026-08-05 03:00:00+00:00,ETH,SELL,1.966320575278587,0.001966320575278587,0.075,S6_REVERSAL
2026-08-05 03:00:00+00:00,SOL,SELL,12.229803166670536,0.012229803166670536,0.15,S3_TREND
2026-08-05 04:00:00+00:00,BTC,BUY,17.829788714878305,0.017829788714878305,0.15,S3_TREND
2026-08-05 04:00:00+00:00,ETH,BUY,13.772754130757676,0.013772754130757675,0.075,S6_REVERSAL
2026-08-05 04:00:00+00:00,SOL,BUY,55.336702206144764,0.05533670220614476,0.15,S3_TREND
2026-08-05 05:00:00+00:00,BTC,BUY,1.0235260908593773,0.0010235260908593774,0.15,S3_TREND
2026-08-05 06:00:00+00:00,BTC,SELL,14.668625544982206,0.014668625544982206,0.15,S3_TREND
2026-08-05 06:00:00+00:00,ETH,SELL,11.9142328184098,0.0119142328184098,0.075,S6_REVERSAL
2026-08-05 06:00:00+00:00,SOL,SELL,46.495619302953855,0.04649561930295386,0.15,S3_TREND
2026-08-05 07:00:00+00:00,BTC,BUY,8.535128167208313,0.008535128167208313,0.15,S3_TREND
2026-08-05 07:00:00+00:00,ETH,BUY,9.044776523757719,0.009044776523757719,0.075,S6_REVERSAL
2026-08-05 07:00:00+00:00,SOL,BUY,14.154224501911813,0.014154224501911812,0.15,S3_TREND
2026-08-05 08:00:00+00:00,BTC,BUY,16.10154178351513,0.01610154178351513,0.15,S3_TREND
2026-08-05 08:00:00+00:00,ETH,SELL,9.67473779264401,0.00967473779264401,0.075,S6_REVERSAL
2026-08-05 08:00:00+00:00,SOL,BUY,4.613105777181772,0.004613105777181772,0.15,S3_TREND
2026-08-05 09:00:00+00:00,BTC,BUY,9.227912817021206,0.009227912817021205,0.15,S3_TREND
2026-08-05 09:00:00+00:00,ETH,BUY,6733.629533039924,6.733629533039925,0.15,S3_TREND
2026-08-05 09:00:00+00:00,SOL,SELL,18.008218241902796,0.018008218241902796,0.15,S3_TREND
2026-08-05 10:00:00+00:00,BTC,SELL,6.9238704304025305,0.006923870430402531,0.15,S3_TREND
2026-08-05 10:00:00+00:00,ETH,SELL,13.76567049014011,0.01376567049014011,0.15,S3_TREND
2026-08-05 10:00:00+00:00,SOL,BUY,12.971438610264158,0.012971438610264159,0.15,S3_TREND
2026-08-05 11:00:00+00:00,BTC,BUY,8.275199579147738,0.008275199579147739,0.15,S3_TREND
2026-08-05 11:00:00+00:00,ETH,BUY,14.824176563270157,0.014824176563270158,0.15,S3_TREND
2026-08-05 11:00:00+00:00,SOL,BUY,17.8917483089117,0.0178917483089117,0.15,S3_TREND
2026-08-05 12:00:00+00:00,BTC,SELL,3.8698509892874426,0.0038698509892874425,0.15,S3_TREND
2026-08-05 12:00:00+00:00,ETH,SELL,5.448223066367063,0.005448223066367063,0.15,S3_TREND
2026-08-05 12:00:00+00:00,SOL,BUY,13.4275886811065,0.0134275886811065,0.15,S3_TREND
2026-08-05 13:00:00+00:00,BTC,SELL,29.4595123626259,0.0294595123626259,0.15,S3_TREND
2026-08-05 13:00:00+00:00,ETH,SELL,28.305811986841945,0.028305811986841945,0.15,S3_TREND
2026-08-05 13:00:00+00:00,SOL,SELL,31.999539127113167,0.03199953912711317,0.15,S3_TREND
2026-08-05 14:00:00+00:00,BTC,SELL,14.293624131585602,0.014293624131585603,0.15,S3_TREND
2026-08-05 14:00:00+00:00,ETH,SELL,14.69752782836804,0.014697527828368041,0.15,S3_TREND
2026-08-05 14:00:00+00:00,SOL,BUY,23.32905215370556,0.02332905215370556,0.15,S3_TREND
2026-08-05 15:00:00+00:00,BTC,SELL,14.992138305815388,0.014992138305815389,0.15,S3_TREND
2026-08-05 15:00:00+00:00,ETH,BUY,18.16138095255701,0.01816138095255701,0.15,S3_TREND
2026-08-05 16:00:00+00:00,BTC,BUY,13.552800982701228,0.013552800982701228,0.15,S3_TREND
2026-08-05 16:00:00+00:00,ETH,BUY,9.306244613133458,0.009306244613133459,0.15,S3_TREND
2026-08-05 16:00:00+00:00,SOL,SELL,5.595806135561361,0.005595806135561361,0.15,S3_TREND
2026-08-05 17:00:00+00:00,BTC,SELL,16.362750607810085,0.016362750607810086,0.15,S3_TREND
2026-08-05 17:00:00+00:00,ETH,SELL,114.52196817681215,0.11452196817681215,0.15,S3_TREND
2026-08-05 17:00:00+00:00,SOL,SELL,19.145259331822672,0.01914525933182267,0.15,S3_TREND
2026-08-05 18:00:00+00:00,BTC,BUY,10.817720175837167,0.010817720175837167,0.15,S3_TREND
2026-08-05 18:00:00+00:00,ETH,SELL,117.62171371234763,0.11762171371234763,0.15,S3_TREND
2026-08-05 18:00:00+00:00,SOL,SELL,15.69754302698857,0.01569754302698857,0.15,S3_TREND
2026-08-05 19:00:00+00:00,BTC,SELL,4.63001156680366,0.004630011566803659,0.15,S3_TREND
2026-08-05 19:00:00+00:00,ETH,SELL,7.728571405459662,0.007728571405459662,0.15,S3_TREND
2026-08-05 19:00:00+00:00,SOL,BUY,6.8959701892781595,0.0068959701892781595,0.15,S3_TREND
2026-08-05 20:00:00+00:00,BTC,SELL,10.037310432710001,0.01003731043271,0.15,S3_TREND
2026-08-05 20:00:00+00:00,ETH,BUY,5.830797622347745,0.005830797622347746,0.15,S3_TREND
2026-08-05 20:00:00+00:00,SOL,BUY,9.45880938035225,0.00945880938035225,0.15,S3_TREND
2026-08-05 21:00:00+00:00,ETH,SELL,3.7543603471622187,0.0037543603471622187,0.15,S3_TREND
2026-08-05 21:00:00+00:00,SOL,BUY,14.983969560949845,0.014983969560949845,0.15,S3_TREND
2026-08-05 22:00:00+00:00,ETH,BUY,40.730742338691925,0.04073074233869193,0.15,S3_TREND
2026-08-05 22:00:00+00:00,SOL,BUY,25.462362403612133,0.025462362403612132,0.15,S3_TREND
2026-08-05 23:00:00+00:00,BTC,BUY,12.894768252361246,0.012894768252361246,0.15,S3_TREND
2026-08-05 23:00:00+00:00,ETH,BUY,5.100920462558861,0.005100920462558861,0.15,S3_TREND
2026-08-05 23:00:00+00:00,SOL,BUY,13.52406529887594,0.01352406529887594,0.15,S3_TREND
2026-08-06 00:00:00+00:00,BTC,SELL,2.18797039168021,0.00218797039168021,0.15,S3_TREND
2026-08-06 00:00:00+00:00,ETH,SELL,10.66768153180601,0.01066768153180601,0.15,S3_TREND
2026-08-06 00:00:00+00:00,SOL,SELL,1.5528882722428534,0.0015528882722428534,0.15,S3_TREND
2026-08-06 01:00:00+00:00,BTC,BUY,6.008354640440302,0.006008354640440303,0.15,S3_TREND
2026-08-06 01:00:00+00:00,ETH,SELL,8.780004944392203,0.008780004944392204,0.15,S3_TREND
2026-08-06 01:00:00+00:00,SOL,SELL,3.7095846948159306,0.0037095846948159306,0.15,S3_TREND
2026-08-06 02:00:00+00:00,BTC,SELL,1.3955799879549886,0.0013955799879549887,0.15,S3_TREND
2026-08-06 02:00:00+00:00,ETH,BUY,10.936302347497985,0.010936302347497985,0.15,S3_TREND
2026-08-06 02:00:00+00:00,SOL,BUY,45.243254435585186,0.04524325443558519,0.15,S3_TREND
2026-08-06 03:00:00+00:00,BTC,SELL,13.364886282774023,0.013364886282774024,0.15,S3_TREND
2026-08-06 03:00:00+00:00,ETH,BUY,39.77777079018961,0.039777770790189605,0.15,S3_TREND
2026-08-06 03:00:00+00:00,SOL,BUY,23.08578519839284,0.02308578519839284,0.15,S3_TREND
2026-08-06 04:00:00+00:00,BTC,BUY,7.008455178780423,0.007008455178780423,0.15,S3_TREND
2026-08-06 04:00:00+00:00,ETH,SELL,1.8739901100925633,0.0018739901100925634,0.15,S3_TREND
2026-08-06 04:00:00+00:00,SOL,BUY,6.085262086098737,0.006085262086098738,0.15,S3_TREND
2026-08-06 05:00:00+00:00,BTC,SELL,16.478427897016445,0.016478427897016444,0.15,S3_TREND
2026-08-06 05:00:00+00:00,ETH,SELL,35.41289499961567,0.035412894999615675,0.15,S3_TREND
2026-08-06 05:00:00+00:00,SOL,SELL,43.642339495889246,0.04364233949588925,0.15,S3_TREND
2026-08-06 06:00:00+00:00,BTC,SELL,13.288815874771899,0.0132888158747719,0.15,S3_TREND
2026-08-06 06:00:00+00:00,ETH,SELL,24.179665455189024,0.024179665455189025,0.15,S3_TREND
2026-08-06 06:00:00+00:00,SOL,SELL,46.573816764630465,0.04657381676463047,0.15,S3_TREND
2026-08-06 07:00:00+00:00,BTC,BUY,2.595034165531615,0.0025950341655316153,0.15,S3_TREND
2026-08-06 07:00:00+00:00,ETH,SELL,2.6242372680426342,0.0026242372680426343,0.15,S3_TREND
2026-08-06 07:00:00+00:00,SOL,BUY,27.185761040924262,0.027185761040924263,0.15,S3_TREND
2026-08-06 08:00:00+00:00,ETH,BUY,19.28186660387837,0.01928186660387837,0.15,S3_TREND
2026-08-06 08:00:00+00:00,SOL,BUY,23.30526190974706,0.02330526190974706,0.15,S3_TREND
2026-08-06 09:00:00+00:00,BTC,SELL,13.421503898103765,0.013421503898103765,0.15,S3_TREND
2026-08-06 09:00:00+00:00,ETH,SELL,33.97876141826782,0.033978761418267826,0.15,S3_TREND
2026-08-06 09:00:00+00:00,SOL,SELL,8.722192400588028,0.008722192400588028,0.15,S3_TREND
2026-08-06 10:00:00+00:00,BTC,BUY,17.16958162033916,0.017169581620339158,0.15,S3_TREND
2026-08-06 10:00:00+00:00,ETH,BUY,23.98624217834913,0.023986242178349132,0.15,S3_TREND
2026-08-06 10:00:00+00:00,SOL,BUY,93.11669984615037,0.09311669984615037,0.15,S3_TREND
2026-08-06 11:00:00+00:00,BTC,BUY,7.41382437577704,0.00741382437577704,0.15,S3_TREND
2026-08-06 11:00:00+00:00,ETH,BUY,29.21879958709178,0.02921879958709178,0.15,S3_TREND
2026-08-06 11:00:00+00:00,SOL,SELL,12.216223578949212,0.012216223578949212,0.15,S3_TREND
2026-08-06 12:00:00+00:00,BTC,BUY,8.271720836133682,0.008271720836133681,0.15,S3_TREND
2026-08-06 12:00:00+00:00,ETH,SELL,27.150412606639293,0.027150412606639293,0.15,S3_TREND
2026-08-06 12:00:00+00:00,SOL,SELL,16.188852873619908,0.01618885287361991,0.15,S3_TREND
2026-08-06 13:00:00+00:00,BTC,BUY,17.402132677594636,0.017402132677594637,0.15,S3_TREND
2026-08-06 13:00:00+00:00,ETH,BUY,37.360353410123935,0.037360353410123934,0.15,S3_TREND
2026-08-06 13:00:00+00:00,SOL,BUY,32.981758627029194,0.03298175862702919,0.15,S3_TREND
2026-08-06 14:00:00+00:00,BTC,BUY,10.11787440045191,0.01011787440045191,0.15,S3_TREND
2026-08-06 14:00:00+00:00,ETH,SELL,46.92730916950313,0.046927309169503134,0.15,S3_TREND
2026-08-06 14:00:00+00:00,SOL,SELL,8.041131944484732,0.008041131944484732,0.15,S3_TREND
2026-08-06 15:00:00+00:00,BTC,SELL,47.353616773663816,0.047353616773663815,0.15,S3_TREND
2026-08-06 15:00:00+00:00,ETH,SELL,28.887191131807413,0.028887191131807412,0.15,S3_TREND
2026-08-06 15:00:00+00:00,SOL,SELL,14.032282084306642,0.014032282084306642,0.15,S3_TREND
2026-08-06 16:00:00+00:00,BTC,BUY,16.90806685232019,0.01690806685232019,0.15,S3_TREND
2026-08-06 16:00:00+00:00,ETH,BUY,16.837622449967967,0.016837622449967966,0.15,S3_TREND
2026-08-06 16:00:00+00:00,SOL,BUY,15.853541081431104,0.015853541081431104,0.15,S3_TREND
2026-08-06 17:00:00+00:00,BTC,SELL,13.413505658398208,0.013413505658398208,0.15,S3_TREND
2026-08-06 17:00:00+00:00,ETH,SELL,22.95495461934479,0.02295495461934479,0.15,S3_TREND
2026-08-06 17:00:00+00:00,SOL,SELL,11.011560531200303,0.011011560531200303,0.15,S3_TREND
2026-08-06 18:00:00+00:00,BTC,BUY,15.460388624298503,0.015460388624298504,0.15,S3_TREND
2026-08-06 18:00:00+00:00,SOL,BUY,33.000278087818515,0.03300027808781852,0.15,S3_TREND
2026-08-06 19:00:00+00:00,BTC,BUY,17.49882810535928,0.01749882810535928,0.15,S3_TREND
2026-08-06 19:00:00+00:00,ETH,BUY,31.400620536423958,0.03140062053642396,0.15,S3_TREND
2026-08-06 19:00:00+00:00,SOL,BUY,41.43150851368591,0.04143150851368591,0.15,S3_TREND
2026-08-06 20:00:00+00:00,BTC,SELL,1.0933835188388912,0.0010933835188388912,0.15,S3_TREND
2026-08-06 20:00:00+00:00,ETH,SELL,24.44384350235123,0.02444384350235123,0.15,S3_TREND
2026-08-06 20:00:00+00:00,SOL,BUY,8.357986306466046,0.008357986306466047,0.15,S3_TREND
2026-08-06 21:00:00+00:00,ETH,BUY,18.40887213449969,0.01840887213449969,0.15,S3_TREND
2026-08-06 21:00:00+00:00,SOL,SELL,9.580529819857473,0.009580529819857473,0.15,S3_TREND
2026-08-06 22:00:00+00:00,BTC,SELL,1.6959027421598876,0.0016959027421598876,0.15,S3_TREND
2026-08-06 22:00:00+00:00,ETH,BUY,5.527010318261091,0.005527010318261091,0.15,S3_TREND
2026-08-06 22:00:00+00:00,SOL,SELL,2.464617504341731,0.0024646175043417312,0.15,S3_TREND
2026-08-06 23:00:00+00:00,BTC,BUY,9.760856778557354,0.009760856778557354,0.15,S3_TREND
2026-08-06 23:00:00+00:00,ETH,SELL,1.5448497120632965,0.0015448497120632964,0.15,S3_TREND
2026-08-06 23:00:00+00:00,SOL,SELL,6704.104784830816,6.704104784830816,0.075,S6_REVERSAL
2026-08-07 00:00:00+00:00,BTC,BUY,3.016490447575052,0.003016490447575052,0.15,S3_TREND
2026-08-07 00:00:00+00:00,ETH,BUY,5.24038172551991,0.00524038172551991,0.15,S3_TREND
2026-08-07 00:00:00+00:00,SOL,SELL,3.25733001115168,0.00325733001115168,0.075,S6_REVERSAL
2026-08-07 01:00:00+00:00,SOL,BUY,4.079447282778347,0.004079447282778347,0.075,S6_REVERSAL
2026-08-07 02:00:00+00:00,BTC,SELL,17.819363486438306,0.017819363486438308,0.15,S3_TREND
2026-08-07 02:00:00+00:00,ETH,BUY,8.101933347532395,0.008101933347532396,0.15,S3_TREND
2026-08-07 02:00:00+00:00,SOL,SELL,6.3491905763121395,0.00634919057631214,0.075,S6_REVERSAL
2026-08-07 03:00:00+00:00,BTC,BUY,2.9235421977646183,0.0029235421977646184,0.15,S3_TREND
2026-08-07 03:00:00+00:00,ETH,BUY,2.715055678412682,0.002715055678412682,0.15,S3_TREND
2026-08-07 03:00:00+00:00,SOL,BUY,1.8701081801900727,0.0018701081801900728,0.075,S6_REVERSAL
2026-08-07 04:00:00+00:00,BTC,BUY,12.792898145637082,0.012792898145637083,0.15,S3_TREND
2026-08-07 04:00:00+00:00,ETH,BUY,27.241923692465207,0.027241923692465208,0.15,S3_TREND
2026-08-07 04:00:00+00:00,SOL,BUY,2.3187906996117817,0.002318790699611782,0.075,S6_REVERSAL
2026-08-07 05:00:00+00:00,BTC,BUY,6.754617493304977,0.006754617493304977,0.15,S3_TREND
2026-08-07 05:00:00+00:00,SOL,SELL,3.969143095837353,0.003969143095837353,0.075,S6_REVERSAL
2026-08-07 06:00:00+00:00,BTC,SELL,7.27122714597499,0.00727122714597499,0.15,S3_TREND
2026-08-07 06:00:00+00:00,ETH,SELL,20.27554865567072,0.02027554865567072,0.15,S3_TREND
2026-08-07 06:00:00+00:00,SOL,SELL,13.633021677359466,0.013633021677359466,0.075,S6_REVERSAL
2026-08-07 07:00:00+00:00,BTC,BUY,8.450683028560888,0.008450683028560889,0.15,S3_TREND
2026-08-07 07:00:00+00:00,ETH,SELL,19.176025889302764,0.019176025889302763,0.15,S3_TREND
2026-08-07 07:00:00+00:00,SOL,BUY,3.617502812067869,0.003617502812067869,0.075,S6_REVERSAL
2026-08-07 08:00:00+00:00,BTC,SELL,4.013267785350763,0.004013267785350763,0.15,S3_TREND
2026-08-07 08:00:00+00:00,ETH,BUY,14.748991987175032,0.014748991987175032,0.15,S3_TREND
2026-08-07 08:00:00+00:00,SOL,SELL,7.751207312103361,0.007751207312103361,0.075,S6_REVERSAL
2026-08-07 09:00:00+00:00,BTC,SELL,37.22481217072527,0.03722481217072527,0.15,S3_TREND
2026-08-07 09:00:00+00:00,ETH,SELL,37.67658106583258,0.03767658106583258,0.15,S3_TREND
2026-08-07 09:00:00+00:00,SOL,SELL,14.218978177305871,0.014218978177305872,0.075,S6_REVERSAL
2026-08-07 10:00:00+00:00,BTC,SELL,34.03654985889625,0.03403654985889625,0.15,S3_TREND
2026-08-07 10:00:00+00:00,SOL,SELL,6777.889898656421,6.777889898656421,0.0,CASH
2026-08-07 11:00:00+00:00,BTC,SELL,10.892700493754091,0.010892700493754091,0.15,S3_TREND
2026-08-07 11:00:00+00:00,ETH,BUY,1.2086719630788139,0.0012086719630788139,0.15,S3_TREND
2026-08-07 12:00:00+00:00,BTC,SELL,20.353872974023034,0.020353872974023034,0.15,S3_TREND
2026-08-07 12:00:00+00:00,ETH,SELL,16.625808725035313,0.016625808725035312,0.15,S3_TREND
2026-08-07 13:00:00+00:00,BTC,SELL,29.590955549287173,0.029590955549287173,0.15,S3_TREND
2026-08-07 13:00:00+00:00,ETH,SELL,86.51289106116201,0.08651289106116201,0.15,S3_TREND
2026-08-07 14:00:00+00:00,BTC,BUY,40.75579590029702,0.040755795900297015,0.15,S3_TREND
2026-08-07 14:00:00+00:00,ETH,BUY,42.597277495560775,0.042597277495560776,0.15,S3_TREND
2026-08-07 15:00:00+00:00,BTC,SELL,1.4210034958887263,0.0014210034958887262,0.15,S3_TREND
2026-08-07 15:00:00+00:00,ETH,BUY,57.66402606065276,0.05766402606065276,0.15,S3_TREND
2026-08-07 16:00:00+00:00,BTC,BUY,12.534707107339273,0.012534707107339274,0.15,S3_TREND
2026-08-07 16:00:00+00:00,ETH,SELL,27.19724852947911,0.027197248529479114,0.15,S3_TREND
2026-08-07 17:00:00+00:00,BTC,BUY,8.603604378113232,0.008603604378113233,0.15,S3_TREND
2026-08-07 17:00:00+00:00,ETH,BUY,46.990723859467835,0.046990723859467835,0.15,S3_TREND
2026-08-07 18:00:00+00:00,BTC,BUY,11.904232019644041,0.011904232019644042,0.15,S3_TREND
2026-08-07 18:00:00+00:00,ETH,SELL,19.269775825207034,0.019269775825207034,0.15,S3_TREND
2026-08-07 19:00:00+00:00,BTC,BUY,2.366062606412015,0.002366062606412015,0.15,S3_TREND
2026-08-07 19:00:00+00:00,ETH,BUY,14.562594886177976,0.014562594886177976,0.15,S3_TREND
2026-08-07 20:00:00+00:00,BTC,SELL,30.33077312046953,0.030330773120469532,0.15,S3_TREND
2026-08-07 20:00:00+00:00,ETH,SELL,46.80804879367679,0.04680804879367679,0.15,S3_TREND
2026-08-07 21:00:00+00:00,BTC,SELL,6.29315976174621,0.006293159761746211,0.15,S3_TREND
2026-08-07 21:00:00+00:00,ETH,BUY,24.391142471780768,0.02439114247178077,0.15,S3_TREND
2026-08-07 22:00:00+00:00,BTC,BUY,9.590733076507604,0.009590733076507605,0.15,S3_TREND
2026-08-07 22:00:00+00:00,ETH,SELL,11.74066258615494,0.01174066258615494,0.15,S3_TREND
2026-08-07 23:00:00+00:00,BTC,BUY,5.2621746941604215,0.0052621746941604215,0.15,S3_TREND
2026-08-07 23:00:00+00:00,ETH,BUY,8.985653880687096,0.008985653880687096,0.15,S3_TREND
2026-08-08 00:00:00+00:00,BTC,SELL,6.911841361308689,0.006911841361308689,0.15,S3_TREND
2026-08-08 00:00:00+00:00,ETH,BUY,4.989748511985454,0.004989748511985454,0.15,S3_TREND
2026-08-08 02:00:00+00:00,BTC,BUY,2.509483737825576,0.002509483737825576,0.15,S3_TREND
2026-08-08 02:00:00+00:00,ETH,SELL,3.1737858859996777,0.003173785885999678,0.15,S3_TREND
2026-08-08 03:00:00+00:00,BTC,SELL,3.718072253750506,0.003718072253750506,0.15,S3_TREND
2026-08-08 03:00:00+00:00,ETH,BUY,9.246036032704069,0.00924603603270407,0.15,S3_TREND
2026-08-08 04:00:00+00:00,BTC,SELL,14.067831764839866,0.014067831764839866,0.15,S3_TREND
2026-08-08 04:00:00+00:00,ETH,SELL,26.040190478623117,0.026040190478623118,0.15,S3_TREND
2026-08-08 05:00:00+00:00,BTC,BUY,2.2703618010309583,0.0022703618010309584,0.15,S3_TREND
2026-08-08 05:00:00+00:00,ETH,BUY,5.911509703484626,0.005911509703484626,0.15,S3_TREND
2026-08-08 06:00:00+00:00,BTC,BUY,3.7906521415006864,0.0037906521415006864,0.15,S3_TREND
2026-08-08 06:00:00+00:00,ETH,SELL,3.860386395106616,0.003860386395106616,0.15,S3_TREND
2026-08-08 07:00:00+00:00,BTC,SELL,3.1439645302507415,0.0031439645302507417,0.15,S3_TREND
2026-08-08 07:00:00+00:00,ETH,BUY,6.931651220800632,0.006931651220800632,0.15,S3_TREND
2026-08-08 08:00:00+00:00,BTC,BUY,6.812164260927602,0.006812164260927602,0.15,S3_TREND
2026-08-08 08:00:00+00:00,ETH,BUY,6.569854641382335,0.006569854641382335,0.15,S3_TREND
2026-08-08 09:00:00+00:00,BTC,SELL,4.147971921034696,0.004147971921034696,0.15,S3_TREND
2026-08-08 09:00:00+00:00,ETH,SELL,9.369592712220765,0.009369592712220765,0.15,S3_TREND
2026-08-08 10:00:00+00:00,BTC,BUY,2.130035722952016,0.002130035722952016,0.15,S3_TREND
2026-08-08 10:00:00+00:00,ETH,SELL,12.500540747367268,0.012500540747367268,0.15,S3_TREND
2026-08-08 11:00:00+00:00,ETH,SELL,13.039134892833317,0.013039134892833317,0.15,S3_TREND
2026-08-08 12:00:00+00:00,BTC,BUY,6.9188164730185235,0.006918816473018524,0.15,S3_TREND
2026-08-08 13:00:00+00:00,BTC,SELL,9.127040040983047,0.009127040040983048,0.15,S3_TREND
2026-08-08 13:00:00+00:00,ETH,BUY,11.905012326640644,0.011905012326640645,0.15,S3_TREND
2026-08-08 14:00:00+00:00,ETH,SELL,4.571342967476085,0.004571342967476084,0.15,S3_TREND
2026-08-08 15:00:00+00:00,BTC,SELL,16.478697184204066,0.016478697184204066,0.15,S3_TREND
2026-08-08 15:00:00+00:00,ETH,SELL,19.055569729274794,0.019055569729274795,0.15,S3_TREND
2026-08-08 16:00:00+00:00,BTC,BUY,7.279360659400481,0.007279360659400482,0.15,S3_TREND
2026-08-08 16:00:00+00:00,ETH,BUY,5.360924727114252,0.005360924727114252,0.15,S3_TREND
2026-08-08 17:00:00+00:00,BTC,SELL,1.1849627355586563,0.0011849627355586562,0.15,S3_TREND
2026-08-08 17:00:00+00:00,ETH,BUY,1.248443271371798,0.001248443271371798,0.15,S3_TREND
2026-08-08 17:00:00+00:00,SOL,BUY,13509.181838844275,13.509181838844276,0.15,S3_TREND
2026-08-08 18:00:00+00:00,BTC,SELL,6.434749483183623,0.006434749483183623,0.15,S3_TREND
2026-08-08 18:00:00+00:00,ETH,SELL,9.292781739430211,0.009292781739430211,0.15,S3_TREND
2026-08-08 19:00:00+00:00,BTC,BUY,4.087890258031621,0.004087890258031621,0.15,S3_TREND
2026-08-08 19:00:00+00:00,ETH,BUY,7.630416790751042,0.007630416790751042,0.15,S3_TREND
2026-08-08 19:00:00+00:00,SOL,BUY,31.312664457813298,0.0313126644578133,0.15,S3_TREND
2026-08-08 20:00:00+00:00,BTC,SELL,5.992385942347028,0.005992385942347028,0.15,S3_TREND
2026-08-08 20:00:00+00:00,ETH,BUY,5.355270773579832,0.005355270773579833,0.15,S3_TREND
2026-08-08 20:00:00+00:00,SOL,SELL,1.2656050568875798,0.0012656050568875799,0.15,S3_TREND
2026-08-08 21:00:00+00:00,BTC,BUY,1.3982298486953368,0.0013982298486953368,0.15,S3_TREND
2026-08-08 21:00:00+00:00,ETH,BUY,2.9949643832260335,0.0029949643832260335,0.15,S3_TREND
2026-08-08 21:00:00+00:00,SOL,SELL,14.871883891308244,0.014871883891308243,0.15,S3_TREND
2026-08-08 22:00:00+00:00,BTC,BUY,11.638048142080152,0.011638048142080151,0.15,S3_TREND
2026-08-08 22:00:00+00:00,ETH,SELL,5.796705798553376,0.005796705798553375,0.15,S3_TREND
2026-08-08 22:00:00+00:00,SOL,BUY,4.309138603561223,0.004309138603561223,0.15,S3_TREND
2026-08-08 23:00:00+00:00,BTC,SELL,1.2743653119941882,0.0012743653119941883,0.15,S3_TREND
2026-08-08 23:00:00+00:00,ETH,BUY,14.4564133697113,0.0144564133697113,0.15,S3_TREND
2026-08-08 23:00:00+00:00,SOL,BUY,38.92131687584151,0.038921316875841515,0.15,S3_TREND
2026-08-09 00:00:00+00:00,ETH,BUY,3.2360888357561635,0.0032360888357561637,0.15,S3_TREND
2026-08-09 00:00:00+00:00,SOL,SELL,16.23362104797161,0.01623362104797161,0.15,S3_TREND
2026-08-09 01:00:00+00:00,ETH,SELL,7.613872366324357,0.007613872366324358,0.15,S3_TREND
2026-08-09 01:00:00+00:00,SOL,BUY,1.7450288051059033,0.0017450288051059034,0.15,S3_TREND
2026-08-09 02:00:00+00:00,BTC,BUY,14.304461663456095,0.014304461663456095,0.15,S3_TREND
2026-08-09 02:00:00+00:00,ETH,BUY,4.315758808003011,0.004315758808003011,0.15,S3_TREND
2026-08-09 02:00:00+00:00,SOL,BUY,15.584943792830018,0.015584943792830017,0.15,S3_TREND
2026-08-09 03:00:00+00:00,BTC,BUY,5.349164075301815,0.005349164075301815,0.15,S3_TREND
2026-08-09 03:00:00+00:00,ETH,BUY,6.302244255979531,0.006302244255979531,0.15,S3_TREND
2026-08-09 04:00:00+00:00,BTC,BUY,7.919799541890825,0.007919799541890826,0.15,S3_TREND
2026-08-09 04:00:00+00:00,ETH,BUY,6.709579701713665,0.006709579701713665,0.15,S3_TREND
2026-08-09 04:00:00+00:00,SOL,SELL,19.599772812356605,0.019599772812356604,0.15,S3_TREND
2026-08-09 05:00:00+00:00,ETH,BUY,5.084043521439526,0.005084043521439526,0.15,S3_TREND
2026-08-09 05:00:00+00:00,SOL,SELL,1.0423637007097568,0.0010423637007097569,0.15,S3_TREND
2026-08-09 06:00:00+00:00,BTC,SELL,1.2984519244000694,0.0012984519244000695,0.15,S3_TREND
2026-08-09 06:00:00+00:00,ETH,SELL,6.616439588417052,0.006616439588417052,0.15,S3_TREND
2026-08-09 06:00:00+00:00,SOL,SELL,1.1470742141464143,0.0011470742141464142,0.15,S3_TREND
2026-08-09 07:00:00+00:00,BTC,BUY,7.7741763221401925,0.007774176322140193,0.15,S3_TREND
2026-08-09 07:00:00+00:00,ETH,SELL,16.582357719151332,0.01658235771915133,0.15,S3_TREND
2026-08-09 07:00:00+00:00,SOL,SELL,56.64490584703526,0.056644905847035264,0.15,S3_TREND
2026-08-09 08:00:00+00:00,BTC,BUY,2.227363628850071,0.002227363628850071,0.15,S3_TREND
2026-08-09 08:00:00+00:00,SOL,BUY,7.860755825809974,0.007860755825809975,0.15,S3_TREND
2026-08-09 09:00:00+00:00,BTC,SELL,3.907753298522948,0.0039077532985229485,0.15,S3_TREND
2026-08-09 09:00:00+00:00,ETH,BUY,16.85359452560988,0.016853594525609878,0.15,S3_TREND
2026-08-09 09:00:00+00:00,SOL,BUY,2.749136702510441,0.002749136702510441,0.15,S3_TREND
2026-08-09 10:00:00+00:00,ETH,SELL,28.123274826350098,0.0281232748263501,0.15,S3_TREND
2026-08-09 10:00:00+00:00,SOL,SELL,10.537753074460854,0.010537753074460855,0.15,S3_TREND
2026-08-09 11:00:00+00:00,BTC,SELL,18.035478229106957,0.018035478229106956,0.15,S3_TREND
2026-08-09 11:00:00+00:00,ETH,BUY,9.087350758127286,0.009087350758127286,0.15,S3_TREND
2026-08-09 11:00:00+00:00,SOL,BUY,10.128705953338795,0.010128705953338795,0.15,S3_TREND
2026-08-09 12:00:00+00:00,BTC,BUY,4.010847119716345,0.004010847119716345,0.15,S3_TREND
2026-08-09 12:00:00+00:00,ETH,BUY,8.008544337842977,0.008008544337842977,0.15,S3_TREND
2026-08-09 12:00:00+00:00,SOL,SELL,19.24926687496918,0.01924926687496918,0.15,S3_TREND
2026-08-09 13:00:00+00:00,BTC,SELL,7.323551905972636,0.007323551905972636,0.15,S3_TREND
2026-08-09 13:00:00+00:00,ETH,BUY,6.949624043461881,0.006949624043461881,0.15,S3_TREND
2026-08-09 13:00:00+00:00,SOL,BUY,19.489065560605013,0.019489065560605014,0.15,S3_TREND
2026-08-09 14:00:00+00:00,BTC,SELL,33.84411304158493,0.03384411304158493,0.15,S3_TREND
2026-08-09 14:00:00+00:00,ETH,SELL,21.140844121089685,0.021140844121089686,0.15,S3_TREND
2026-08-09 14:00:00+00:00,SOL,SELL,18.779150811325962,0.018779150811325963,0.15,S3_TREND
2026-08-09 15:00:00+00:00,BTC,BUY,6.100029774568611,0.006100029774568611,0.15,S3_TREND
2026-08-09 15:00:00+00:00,ETH,BUY,2.349834450011258,0.002349834450011258,0.15,S3_TREND
2026-08-09 15:00:00+00:00,SOL,SELL,61.46361861643891,0.06146361861643891,0.15,S3_TREND
2026-08-09 16:00:00+00:00,BTC,BUY,17.889184680250764,0.017889184680250764,0.15,S3_TREND
2026-08-09 16:00:00+00:00,SOL,SELL,60.65151189794233,0.06065151189794233,0.15,S3_TREND
2026-08-09 17:00:00+00:00,BTC,SELL,5.852565077782856,0.005852565077782856,0.15,S3_TREND
2026-08-09 17:00:00+00:00,ETH,BUY,13.149389868030994,0.013149389868030993,0.15,S3_TREND
2026-08-09 17:00:00+00:00,SOL,BUY,12.361337477714187,0.012361337477714188,0.15,S3_TREND
2026-08-09 18:00:00+00:00,SOL,BUY,20.2224204710692,0.0202224204710692,0.15,S3_TREND
2026-08-09 19:00:00+00:00,ETH,BUY,11.584379653335418,0.011584379653335418,0.15,S3_TREND
2026-08-09 19:00:00+00:00,SOL,SELL,7.6118264285523765,0.007611826428552376,0.15,S3_TREND
2026-08-09 20:00:00+00:00,BTC,BUY,4.27439198202228,0.00427439198202228,0.15,S3_TREND
2026-08-09 20:00:00+00:00,ETH,SELL,3.5049228908046643,0.0035049228908046646,0.15,S3_TREND
2026-08-09 20:00:00+00:00,SOL,SELL,1.525137843016637,0.001525137843016637,0.15,S3_TREND
2026-08-09 21:00:00+00:00,BTC,BUY,7.191082679848478,0.0071910826798484775,0.15,S3_TREND
2026-08-09 21:00:00+00:00,ETH,BUY,7.619610010826364,0.007619610010826364,0.15,S3_TREND
2026-08-09 21:00:00+00:00,SOL,SELL,8.683189303916151,0.008683189303916152,0.15,S3_TREND
2026-08-09 22:00:00+00:00,BTC,SELL,2.8554927968871198,0.00285549279688712,0.15,S3_TREND
2026-08-09 22:00:00+00:00,ETH,SELL,19.672664374051237,0.019672664374051237,0.15,S3_TREND
2026-08-09 22:00:00+00:00,SOL,SELL,8.937430648493319,0.00893743064849332,0.15,S3_TREND
2026-08-09 23:00:00+00:00,ETH,BUY,12.978816745597214,0.012978816745597215,0.15,S3_TREND
2026-08-09 23:00:00+00:00,SOL,BUY,72.72723601147663,0.07272723601147664,0.15,S3_TREND
2026-08-10 00:00:00+00:00,BTC,BUY,7.600922670673754,0.007600922670673754,0.15,S3_TREND
2026-08-10 00:00:00+00:00,ETH,BUY,33.206863992641956,0.03320686399264196,0.15,S3_TREND
2026-08-10 00:00:00+00:00,SOL,BUY,67.38971995087195,0.06738971995087195,0.15,S3_TREND
2026-08-10 01:00:00+00:00,BTC,SELL,1.8244526463422517,0.0018244526463422517,0.15,S3_TREND
2026-08-10 01:00:00+00:00,ETH,SELL,3.086196191406998,0.003086196191406998,0.15,S3_TREND
2026-08-10 01:00:00+00:00,SOL,SELL,39.265267756056346,0.03926526775605635,0.15,S3_TREND
2026-08-10 02:00:00+00:00,BTC,SELL,16.48469862901038,0.01648469862901038,0.15,S3_TREND
2026-08-10 02:00:00+00:00,ETH,SELL,58.189960699874064,0.05818996069987407,0.15,S3_TREND
2026-08-10 02:00:00+00:00,SOL,SELL,33.88325625683137,0.033883256256831376,0.15,S3_TREND
2026-08-10 03:00:00+00:00,BTC,BUY,11.672577087814716,0.011672577087814716,0.15,S3_TREND
2026-08-10 03:00:00+00:00,ETH,BUY,5.0801891442661145,0.005080189144266114,0.15,S3_TREND
2026-08-10 03:00:00+00:00,SOL,BUY,8.824581097233022,0.008824581097233022,0.15,S3_TREND
2026-08-10 04:00:00+00:00,BTC,BUY,9.673459927184012,0.009673459927184012,0.15,S3_TREND
2026-08-10 04:00:00+00:00,ETH,BUY,27.83477567198497,0.02783477567198497,0.15,S3_TREND
2026-08-10 04:00:00+00:00,SOL,BUY,16.84873044777669,0.01684873044777669,0.15,S3_TREND
2026-08-10 05:00:00+00:00,BTC,SELL,8.236691925751074,0.008236691925751074,0.15,S3_TREND
2026-08-10 05:00:00+00:00,ETH,BUY,8.52707991815987,0.008527079918159871,0.15,S3_TREND
2026-08-10 05:00:00+00:00,SOL,BUY,11.00291824829037,0.011002918248290371,0.15,S3_TREND
2026-08-10 06:00:00+00:00,BTC,SELL,5.929516327350939,0.005929516327350939,0.15,S3_TREND
2026-08-10 06:00:00+00:00,ETH,SELL,31.581274111014867,0.03158127411101487,0.15,S3_TREND
2026-08-10 06:00:00+00:00,SOL,SELL,37.6969547531462,0.0376969547531462,0.15,S3_TREND
2026-08-10 07:00:00+00:00,BTC,SELL,21.44678198013935,0.02144678198013935,0.15,S3_TREND
2026-08-10 07:00:00+00:00,ETH,SELL,21.20991882769158,0.021209918827691583,0.15,S3_TREND
2026-08-10 07:00:00+00:00,SOL,SELL,4.694155236134975,0.0046941552361349755,0.15,S3_TREND
2026-08-10 08:00:00+00:00,BTC,BUY,14.110539886894912,0.014110539886894913,0.15,S3_TREND
2026-08-10 08:00:00+00:00,ETH,BUY,13.516782551701908,0.013516782551701908,0.15,S3_TREND
2026-08-10 08:00:00+00:00,SOL,SELL,5.9302871345662425,0.005930287134566243,0.15,S3_TREND
2026-08-10 09:00:00+00:00,BTC,SELL,6.7339108177257,0.006733910817725701,0.15,S3_TREND
2026-08-10 09:00:00+00:00,ETH,SELL,8.660638023844513,0.008660638023844513,0.15,S3_TREND
2026-08-10 09:00:00+00:00,SOL,BUY,7.434016443246946,0.007434016443246947,0.15,S3_TREND
2026-08-10 10:00:00+00:00,BTC,BUY,27.80254099755075,0.02780254099755075,0.15,S3_TREND
2026-08-10 10:00:00+00:00,ETH,BUY,43.25484907770624,0.04325484907770624,0.15,S3_TREND
2026-08-10 10:00:00+00:00,SOL,BUY,38.64900534921617,0.03864900534921617,0.15,S3_TREND
2026-08-10 11:00:00+00:00,SOL,SELL,34.61206830917399,0.034612068309173995,0.15,S3_TREND
2026-08-10 12:00:00+00:00,BTC,SELL,11.113617363425874,0.011113617363425874,0.15,S3_TREND
2026-08-10 12:00:00+00:00,ETH,SELL,6.5870791578163335,0.006587079157816334,0.15,S3_TREND
2026-08-10 12:00:00+00:00,SOL,SELL,28.049230132057346,0.028049230132057346,0.15,S3_TREND
2026-08-10 13:00:00+00:00,BTC,BUY,19.01003354128261,0.01901003354128261,0.15,S3_TREND
2026-08-10 13:00:00+00:00,ETH,BUY,67.62456529739757,0.06762456529739756,0.15,S3_TREND
2026-08-10 13:00:00+00:00,SOL,BUY,37.969407200273054,0.03796940720027305,0.15,S3_TREND
2026-08-10 14:00:00+00:00,BTC,BUY,36.9482788693349,0.0369482788693349,0.15,S3_TREND
2026-08-10 14:00:00+00:00,ETH,BUY,32.05199046897724,0.03205199046897724,0.15,S3_TREND
2026-08-10 14:00:00+00:00,SOL,BUY,30.826821261396617,0.030826821261396617,0.15,S3_TREND
2026-08-10 15:00:00+00:00,BTC,SELL,16.93345930513715,0.01693345930513715,0.15,S3_TREND
2026-08-10 15:00:00+00:00,ETH,BUY,24.959824901678076,0.024959824901678074,0.15,S3_TREND
2026-08-10 15:00:00+00:00,SOL,BUY,5.189587742754156,0.005189587742754157,0.15,S3_TREND
2026-08-10 16:00:00+00:00,BTC,BUY,32.03405571242547,0.03203405571242547,0.15,S3_TREND
2026-08-10 16:00:00+00:00,ETH,BUY,82.10453414314725,0.08210453414314725,0.15,S3_TREND
2026-08-10 16:00:00+00:00,SOL,BUY,17.13317069119148,0.017133170691191482,0.15,S3_TREND
2026-08-10 17:00:00+00:00,BTC,BUY,58.560399936830436,0.05856039993683044,0.15,S3_TREND
2026-08-10 17:00:00+00:00,ETH,SELL,6690.724651152176,6.690724651152176,0.075,S6_REVERSAL
2026-08-10 17:00:00+00:00,SOL,BUY,20.207527418293466,0.020207527418293465,0.15,S3_TREND
2026-08-10 18:00:00+00:00,BTC,SELL,6705.809331187201,6.705809331187201,0.075,S6_REVERSAL
2026-08-10 18:00:00+00:00,SOL,SELL,37.89840984720831,0.03789840984720831,0.15,S3_TREND
2026-08-10 19:00:00+00:00,BTC,BUY,3.6114707288434147,0.0036114707288434147,0.075,S6_REVERSAL
2026-08-10 19:00:00+00:00,ETH,SELL,1.0414204610415254,0.0010414204610415254,0.075,S6_REVERSAL
2026-08-10 19:00:00+00:00,SOL,BUY,18.58680343209562,0.018586803432095622,0.15,S3_TREND
2026-08-10 20:00:00+00:00,BTC,SELL,8.899736904712881,0.008899736904712881,0.075,S6_REVERSAL
2026-08-10 20:00:00+00:00,ETH,SELL,12.433334935109087,0.012433334935109088,0.075,S6_REVERSAL
2026-08-10 20:00:00+00:00,SOL,SELL,48.63470301260895,0.04863470301260895,0.15,S3_TREND
2026-08-10 21:00:00+00:00,BTC,SELL,7.441918120556693,0.007441918120556693,0.075,S6_REVERSAL
2026-08-10 21:00:00+00:00,SOL,SELL,33.518361687554716,0.03351836168755472,0.15,S3_TREND
2026-08-10 22:00:00+00:00,BTC,BUY,13.46935763678357,0.01346935763678357,0.075,S6_REVERSAL
2026-08-10 22:00:00+00:00,ETH,BUY,14.433042527558428,0.014433042527558428,0.075,S6_REVERSAL
2026-08-10 22:00:00+00:00,SOL,BUY,13.889324538447909,0.01388932453844791,0.15,S3_TREND
2026-08-10 23:00:00+00:00,BTC,SELL,3.5449805984053455,0.0035449805984053458,0.075,S6_REVERSAL
2026-08-10 23:00:00+00:00,ETH,SELL,6.589604696087008,0.006589604696087008,0.075,S6_REVERSAL
2026-08-10 23:00:00+00:00,SOL,BUY,14.81357255473631,0.014813572554736311,0.15,S3_TREND
2026-08-11 00:00:00+00:00,ETH,BUY,6.752431510877614,0.006752431510877613,0.075,S6_REVERSAL
2026-08-11 00:00:00+00:00,SOL,BUY,29.091392539006847,0.029091392539006847,0.15,S3_TREND
2026-08-11 01:00:00+00:00,BTC,SELL,6.652832623803079,0.006652832623803079,0.075,S6_REVERSAL
2026-08-11 01:00:00+00:00,ETH,SELL,7.89302850823151,0.00789302850823151,0.075,S6_REVERSAL
2026-08-11 01:00:00+00:00,SOL,BUY,17.244029780304118,0.017244029780304117,0.15,S3_TREND
2026-08-11 02:00:00+00:00,BTC,BUY,1.2577522578758362,0.0012577522578758364,0.075,S6_REVERSAL
2026-08-11 02:00:00+00:00,ETH,SELL,6.6463814354447095,0.00664638143544471,0.075,S6_REVERSAL
2026-08-11 02:00:00+00:00,SOL,SELL,26.69357041067633,0.02669357041067633,0.15,S3_TREND
2026-08-11 03:00:00+00:00,BTC,BUY,1.0337488915683934,0.0010337488915683935,0.075,S6_REVERSAL
2026-08-11 03:00:00+00:00,ETH,SELL,2.37643146397113,0.00237643146397113,0.075,S6_REVERSAL
2026-08-11 03:00:00+00:00,SOL,BUY,7.489786570360593,0.007489786570360593,0.15,S3_TREND
2026-08-11 04:00:00+00:00,BTC,SELL,9.519613037065938,0.009519613037065939,0.075,S6_REVERSAL
2026-08-11 04:00:00+00:00,ETH,SELL,6.5625936546293815,0.006562593654629381,0.075,S6_REVERSAL
2026-08-11 04:00:00+00:00,SOL,SELL,2.9742901393383363,0.0029742901393383365,0.15,S3_TREND
2026-08-11 05:00:00+00:00,BTC,BUY,11.440624873341221,0.011440624873341222,0.075,S6_REVERSAL
2026-08-11 05:00:00+00:00,ETH,BUY,14.702801014334,0.014702801014334,0.075,S6_REVERSAL
2026-08-11 05:00:00+00:00,SOL,SELL,4.616908656087617,0.004616908656087617,0.15,S3_TREND
2026-08-11 06:00:00+00:00,BTC,SELL,1.889415504065255,0.001889415504065255,0.075,S6_REVERSAL
2026-08-11 06:00:00+00:00,ETH,BUY,3.5826756558717534,0.0035826756558717536,0.075,S6_REVERSAL
2026-08-11 06:00:00+00:00,SOL,BUY,38.893795762747686,0.038893795762747686,0.15,S3_TREND
2026-08-11 07:00:00+00:00,BTC,BUY,3.1628297482984635,0.003162829748298464,0.075,S6_REVERSAL
2026-08-11 07:00:00+00:00,SOL,SELL,1.8738093083738931,0.0018738093083738932,0.15,S3_TREND
2026-08-11 08:00:00+00:00,BTC,SELL,9.970701303032001,0.009970701303032,0.075,S6_REVERSAL
2026-08-11 08:00:00+00:00,ETH,SELL,13.910153038160388,0.013910153038160388,0.075,S6_REVERSAL
2026-08-11 08:00:00+00:00,SOL,BUY,21.534816234190657,0.021534816234190658,0.15,S3_TREND
2026-08-11 09:00:00+00:00,BTC,SELL,3.1619200582736084,0.0031619200582736085,0.075,S6_REVERSAL
2026-08-11 09:00:00+00:00,SOL,SELL,35.85819443087712,0.03585819443087712,0.15,S3_TREND
2026-08-11 10:00:00+00:00,BTC,SELL,14.957177865226186,0.014957177865226186,0.075,S6_REVERSAL
2026-08-11 10:00:00+00:00,ETH,SELL,20.27127015646147,0.02027127015646147,0.075,S6_REVERSAL
2026-08-11 10:00:00+00:00,SOL,BUY,14.890012691308584,0.014890012691308584,0.15,S3_TREND
2026-08-11 11:00:00+00:00,BTC,BUY,7.4379019655270895,0.00743790196552709,0.075,S6_REVERSAL
2026-08-11 11:00:00+00:00,ETH,SELL,2.231858450501022,0.002231858450501022,0.075,S6_REVERSAL
2026-08-11 11:00:00+00:00,SOL,SELL,9.662784143123645,0.009662784143123646,0.15,S3_TREND
2026-08-11 12:00:00+00:00,BTC,SELL,9.45248873183391,0.00945248873183391,0.075,S6_REVERSAL
2026-08-11 12:00:00+00:00,ETH,SELL,17.27324864815455,0.01727324864815455,0.075,S6_REVERSAL
2026-08-11 12:00:00+00:00,SOL,SELL,37.476980275228925,0.03747698027522892,0.15,S3_TREND
2026-08-11 13:00:00+00:00,ETH,BUY,10.916860069452923,0.010916860069452923,0.075,S6_REVERSAL
2026-08-11 13:00:00+00:00,SOL,BUY,51.82296002825569,0.05182296002825569,0.15,S3_TREND
2026-08-11 14:00:00+00:00,BTC,BUY,14.438561210983607,0.014438561210983608,0.075,S6_REVERSAL
2026-08-11 14:00:00+00:00,ETH,SELL,5.801851794106369,0.0058018517941063694,0.075,S6_REVERSAL
2026-08-11 14:00:00+00:00,SOL,SELL,22.00691595763419,0.022006915957634193,0.15,S3_TREND
2026-08-11 15:00:00+00:00,BTC,BUY,26.517410778131307,0.026517410778131308,0.075,S6_REVERSAL
2026-08-11 15:00:00+00:00,ETH,BUY,39.55902846133722,0.03955902846133722,0.075,S6_REVERSAL
2026-08-11 15:00:00+00:00,SOL,BUY,106.10728206592103,0.10610728206592103,0.15,S3_TREND
2026-08-11 16:00:00+00:00,BTC,BUY,9.002334417553357,0.009002334417553357,0.075,S6_REVERSAL
2026-08-11 16:00:00+00:00,ETH,BUY,31.230462639358848,0.031230462639358848,0.075,S6_REVERSAL
2026-08-11 16:00:00+00:00,SOL,BUY,32.441878043084216,0.03244187804308422,0.15,S3_TREND
2026-08-11 17:00:00+00:00,BTC,BUY,10.142293536291618,0.010142293536291617,0.075,S6_REVERSAL
2026-08-11 17:00:00+00:00,ETH,SELL,7.5418492803864865,0.007541849280386486,0.075,S6_REVERSAL
2026-08-11 17:00:00+00:00,SOL,SELL,13369.523342029815,13.369523342029815,0.0,CASH
2026-08-11 18:00:00+00:00,BTC,SELL,10.316516182531814,0.010316516182531814,0.075,S6_REVERSAL
2026-08-11 19:00:00+00:00,BTC,BUY,23.180344750633594,0.023180344750633596,0.075,S6_REVERSAL
2026-08-11 19:00:00+00:00,ETH,SELL,6.081527547024052,0.0060815275470240526,0.075,S6_REVERSAL
2026-08-11 20:00:00+00:00,BTC,SELL,11.63084394048019,0.01163084394048019,0.075,S6_REVERSAL
2026-08-11 20:00:00+00:00,ETH,SELL,51.28002775895129,0.05128002775895129,0.075,S6_REVERSAL
2026-08-11 21:00:00+00:00,BTC,SELL,19.781279587728932,0.019781279587728934,0.075,S6_REVERSAL
2026-08-11 22:00:00+00:00,BTC,BUY,7.184390209093181,0.007184390209093181,0.075,S6_REVERSAL
2026-08-11 22:00:00+00:00,ETH,SELL,8.063395884702004,0.008063395884702004,0.075,S6_REVERSAL
2026-08-11 23:00:00+00:00,ETH,BUY,8.206212316293204,0.008206212316293204,0.075,S6_REVERSAL
2026-08-12 00:00:00+00:00,BTC,BUY,6.506232568671294,0.006506232568671294,0.075,S6_REVERSAL
2026-08-12 00:00:00+00:00,ETH,SELL,1.8880174136129424,0.0018880174136129424,0.075,S6_REVERSAL
2026-08-12 01:00:00+00:00,BTC,SELL,13.877983708501233,0.013877983708501233,0.075,S6_REVERSAL
2026-08-12 01:00:00+00:00,ETH,BUY,1.8427827220348263,0.0018427827220348263,0.075,S6_REVERSAL
2026-08-12 02:00:00+00:00,BTC,SELL,6.3218648825577475,0.006321864882557747,0.075,S6_REVERSAL
2026-08-12 02:00:00+00:00,ETH,SELL,7.358648182103025,0.007358648182103025,0.075,S6_REVERSAL
2026-08-12 03:00:00+00:00,BTC,BUY,6.131453497496295,0.006131453497496295,0.075,S6_REVERSAL
2026-08-12 04:00:00+00:00,BTC,SELL,7.757624143281646,0.007757624143281646,0.075,S6_REVERSAL
2026-08-12 04:00:00+00:00,ETH,SELL,5.93699041707805,0.0059369904170780505,0.075,S6_REVERSAL
2026-08-12 05:00:00+00:00,BTC,BUY,7.1376368889896185,0.007137636888989618,0.075,S6_REVERSAL
2026-08-12 05:00:00+00:00,ETH,SELL,9.64003272363152,0.00964003272363152,0.075,S6_REVERSAL
2026-08-12 06:00:00+00:00,BTC,SELL,7.192822628951035,0.007192822628951035,0.075,S6_REVERSAL
2026-08-12 06:00:00+00:00,ETH,SELL,6699.503224194339,6.6995032241943395,0.0,CASH
2026-08-12 07:00:00+00:00,BTC,BUY,12.87412585965285,0.012874125859652849,0.075,S6_REVERSAL
2026-08-12 08:00:00+00:00,BTC,SELL,12.24398615987775,0.01224398615987775,0.075,S6_REVERSAL
2026-08-12 09:00:00+00:00,BTC,BUY,4.173480389566976,0.004173480389566976,0.075,S6_REVERSAL
2026-08-12 10:00:00+00:00,BTC,SELL,30.454115193040707,0.03045411519304071,0.075,S6_REVERSAL
2026-08-12 11:00:00+00:00,BTC,SELL,3.3384125605452937,0.0033384125605452936,0.075,S6_REVERSAL
2026-08-12 12:00:00+00:00,BTC,SELL,9.333664957912333,0.009333664957912333,0.075,S6_REVERSAL
2026-08-12 13:00:00+00:00,BTC,BUY,11.598731800932,0.011598731800932,0.075,S6_REVERSAL
2026-08-12 14:00:00+00:00,BTC,BUY,27.01229949982644,0.02701229949982644,0.075,S6_REVERSAL
2026-08-12 15:00:00+00:00,BTC,BUY,46.21178013230474,0.04621178013230474,0.075,S6_REVERSAL
2026-08-12 16:00:00+00:00,BTC,SELL,7.62803158332099,0.00762803158332099,0.075,S6_REVERSAL
2026-08-12 17:00:00+00:00,BTC,SELL,4.939337527470343,0.004939337527470343,0.075,S6_REVERSAL
2026-08-12 18:00:00+00:00,BTC,BUY,2.0588537728226584,0.0020588537728226585,0.075,S6_REVERSAL
2026-08-12 19:00:00+00:00,BTC,BUY,8.22855514046114,0.00822855514046114,0.075,S6_REVERSAL
2026-08-12 20:00:00+00:00,BTC,SELL,3.370920816611033,0.003370920816611033,0.075,S6_REVERSAL
2026-08-12 21:00:00+00:00,BTC,SELL,17.452031805610204,0.017452031805610203,0.075,S6_REVERSAL
2026-08-12 22:00:00+00:00,BTC,BUY,12.663532403574209,0.012663532403574209,0.075,S6_REVERSAL
2026-08-12 23:00:00+00:00,BTC,BUY,3.6606490421427225,0.0036606490421427227,0.075,S6_REVERSAL
2026-08-13 00:00:00+00:00,BTC,SELL,4.653909740160088,0.004653909740160088,0.075,S6_REVERSAL
2026-08-13 01:00:00+00:00,BTC,SELL,7.497912436887418,0.007497912436887418,0.075,S6_REVERSAL
2026-08-13 02:00:00+00:00,BTC,BUY,9.814611691585924,0.009814611691585925,0.075,S6_REVERSAL
2026-08-13 02:00:00+00:00,ETH,BUY,6689.039003131657,6.689039003131658,0.075,S6_REVERSAL
2026-08-13 03:00:00+00:00,BTC,SELL,8.630800980415188,0.008630800980415188,0.075,S6_REVERSAL
2026-08-13 03:00:00+00:00,ETH,SELL,12.443782267385359,0.012443782267385359,0.075,S6_REVERSAL
2026-08-13 04:00:00+00:00,BTC,SELL,7.958749430927129,0.007958749430927128,0.075,S6_REVERSAL
2026-08-13 04:00:00+00:00,ETH,SELL,17.58493673405519,0.01758493673405519,0.075,S6_REVERSAL
2026-08-13 05:00:00+00:00,BTC,SELL,3.2573588975046732,0.003257358897504673,0.075,S6_REVERSAL
2026-08-13 05:00:00+00:00,ETH,SELL,15.540235620742349,0.01554023562074235,0.075,S6_REVERSAL
2026-08-13 06:00:00+00:00,BTC,SELL,17.006647490749856,0.017006647490749857,0.075,S6_REVERSAL
2026-08-13 06:00:00+00:00,ETH,SELL,9.77235259196641,0.00977235259196641,0.075,S6_REVERSAL
2026-08-13 07:00:00+00:00,BTC,SELL,5.495025422387698,0.005495025422387698,0.075,S6_REVERSAL
2026-08-13 07:00:00+00:00,ETH,SELL,8.710117353976784,0.008710117353976785,0.075,S6_REVERSAL
2026-08-13 08:00:00+00:00,BTC,BUY,6.606126474941448,0.006606126474941448,0.075,S6_REVERSAL
2026-08-13 08:00:00+00:00,ETH,BUY,6705.769254398558,6.705769254398557,0.15,S3_TREND
2026-08-13 09:00:00+00:00,BTC,BUY,6.177163896177262,0.006177163896177263,0.075,S6_REVERSAL
2026-08-13 09:00:00+00:00,ETH,BUY,30.586025568602054,0.030586025568602054,0.15,S3_TREND
2026-08-13 10:00:00+00:00,BTC,SELL,1.684829925879967,0.001684829925879967,0.075,S6_REVERSAL
2026-08-13 10:00:00+00:00,ETH,BUY,1.8692082688558003,0.0018692082688558003,0.15,S3_TREND
2026-08-13 11:00:00+00:00,BTC,BUY,9.251464648274123,0.009251464648274123,0.075,S6_REVERSAL
2026-08-13 11:00:00+00:00,ETH,BUY,37.66353622308998,0.03766353622308998,0.15,S3_TREND
2026-08-13 12:00:00+00:00,BTC,BUY,14.735164729336248,0.014735164729336248,0.075,S6_REVERSAL
2026-08-13 12:00:00+00:00,ETH,BUY,14.145988661008232,0.014145988661008232,0.15,S3_TREND
2026-08-13 13:00:00+00:00,BTC,SELL,16.185281948619377,0.016185281948619377,0.075,S6_REVERSAL
2026-08-13 13:00:00+00:00,ETH,SELL,48.848973260968705,0.04884897326096871,0.15,S3_TREND
2026-08-13 14:00:00+00:00,BTC,SELL,1.836289577306161,0.001836289577306161,0.075,S6_REVERSAL
2026-08-13 14:00:00+00:00,ETH,SELL,7.725540944587919,0.007725540944587919,0.15,S3_TREND
2026-08-13 14:00:00+00:00,SOL,BUY,13384.120048083443,13.384120048083444,0.15,S3_TREND
2026-08-13 15:00:00+00:00,BTC,SELL,9.119457793465699,0.009119457793465699,0.075,S6_REVERSAL
2026-08-13 15:00:00+00:00,ETH,SELL,11.380045464709838,0.011380045464709838,0.15,S3_TREND
2026-08-13 15:00:00+00:00,SOL,SELL,35.45339038938255,0.03545339038938255,0.15,S3_TREND
2026-08-13 16:00:00+00:00,BTC,BUY,24.72698840341309,0.02472698840341309,0.075,S6_REVERSAL
2026-08-13 16:00:00+00:00,ETH,BUY,52.285440298675894,0.05228544029867589,0.15,S3_TREND
2026-08-13 16:00:00+00:00,SOL,BUY,100.92899579233745,0.10092899579233745,0.15,S3_TREND
2026-08-13 17:00:00+00:00,BTC,BUY,22.15056133320013,0.02215056133320013,0.075,S6_REVERSAL
2026-08-13 17:00:00+00:00,ETH,BUY,26.16411300877371,0.02616411300877371,0.15,S3_TREND
2026-08-13 17:00:00+00:00,SOL,SELL,5.115136884902313,0.005115136884902313,0.15,S3_TREND
2026-08-13 18:00:00+00:00,BTC,BUY,4.78442554636149,0.00478442554636149,0.075,S6_REVERSAL
2026-08-13 18:00:00+00:00,ETH,SELL,8.845687645758517,0.008845687645758517,0.15,S3_TREND
2026-08-13 18:00:00+00:00,SOL,SELL,21.991724928759144,0.021991724928759143,0.15,S3_TREND
2026-08-13 19:00:00+00:00,BTC,SELL,8.469673358063119,0.00846967335806312,0.075,S6_REVERSAL
2026-08-13 19:00:00+00:00,ETH,SELL,42.65754001213463,0.042657540012134634,0.15,S3_TREND
2026-08-13 19:00:00+00:00,SOL,SELL,24.20628037332972,0.024206280373329718,0.15,S3_TREND
2026-08-13 20:00:00+00:00,BTC,SELL,6.0638122152668075,0.006063812215266808,0.075,S6_REVERSAL
2026-08-13 20:00:00+00:00,ETH,SELL,4.835897452352583,0.004835897452352583,0.15,S3_TREND
2026-08-13 20:00:00+00:00,SOL,SELL,24.848018497146768,0.024848018497146768,0.15,S3_TREND
2026-08-13 21:00:00+00:00,ETH,BUY,6.8066270920917304,0.006806627092091731,0.15,S3_TREND
2026-08-13 21:00:00+00:00,SOL,SELL,5.402980349934296,0.005402980349934296,0.15,S3_TREND
2026-08-13 22:00:00+00:00,BTC,SELL,5.5868192818606985,0.005586819281860699,0.075,S6_REVERSAL
2026-08-13 22:00:00+00:00,ETH,SELL,13.704805231165665,0.013704805231165665,0.15,S3_TREND
2026-08-13 22:00:00+00:00,SOL,BUY,6.393580230227599,0.0063935802302275985,0.15,S3_TREND
2026-08-13 23:00:00+00:00,BTC,SELL,4.594667357654544,0.004594667357654543,0.075,S6_REVERSAL
2026-08-13 23:00:00+00:00,ETH,SELL,1.9181788141595462,0.0019181788141595462,0.15,S3_TREND
2026-08-13 23:00:00+00:00,SOL,SELL,4.4065442994797195,0.00440654429947972,0.15,S3_TREND
2026-08-14 00:00:00+00:00,BTC,BUY,2.4812356551346966,0.0024812356551346965,0.075,S6_REVERSAL
2026-08-14 00:00:00+00:00,ETH,BUY,19.731625459055067,0.019731625459055067,0.15,S3_TREND
2026-08-14 00:00:00+00:00,SOL,SELL,8.546571589804444,0.008546571589804444,0.15,S3_TREND
2026-08-14 01:00:00+00:00,BTC,SELL,5.970299361983962,0.005970299361983962,0.075,S6_REVERSAL
2026-08-14 01:00:00+00:00,ETH,SELL,24.25961311435458,0.02425961311435458,0.15,S3_TREND
2026-08-14 01:00:00+00:00,SOL,BUY,35.54238551661183,0.03554238551661183,0.15,S3_TREND
2026-08-14 02:00:00+00:00,BTC,SELL,3.0857668133057814,0.0030857668133057814,0.075,S6_REVERSAL
2026-08-14 02:00:00+00:00,ETH,BUY,1.0006566685224243,0.0010006566685224244,0.15,S3_TREND
2026-08-14 02:00:00+00:00,SOL,SELL,2.4450191080468358,0.002445019108046836,0.15,S3_TREND
2026-08-14 03:00:00+00:00,BTC,BUY,8.350047360160715,0.008350047360160715,0.075,S6_REVERSAL
2026-08-14 03:00:00+00:00,ETH,BUY,13.138743577839705,0.013138743577839705,0.15,S3_TREND
2026-08-14 03:00:00+00:00,SOL,BUY,5.763306468765222,0.005763306468765222,0.15,S3_TREND
2026-08-14 04:00:00+00:00,BTC,BUY,9.778722524900331,0.009778722524900332,0.075,S6_REVERSAL
2026-08-14 04:00:00+00:00,ETH,BUY,12.547125802564551,0.01254712580256455,0.15,S3_TREND
2026-08-14 04:00:00+00:00,SOL,BUY,32.54891511599271,0.03254891511599271,0.15,S3_TREND
2026-08-14 05:00:00+00:00,BTC,SELL,3.9712669301343344,0.003971266930134334,0.075,S6_REVERSAL
2026-08-14 05:00:00+00:00,ETH,SELL,7.370173105924549,0.007370173105924549,0.15,S3_TREND
2026-08-14 05:00:00+00:00,SOL,SELL,10.611220875627623,0.010611220875627624,0.15,S3_TREND
2026-08-14 06:00:00+00:00,ETH,BUY,6.239612673138254,0.006239612673138254,0.15,S3_TREND
2026-08-14 06:00:00+00:00,SOL,SELL,11.124647286687832,0.011124647286687833,0.15,S3_TREND
2026-08-14 07:00:00+00:00,BTC,BUY,28.54847351569515,0.02854847351569515,0.075,S6_REVERSAL
2026-08-14 07:00:00+00:00,ETH,BUY,51.39414374633634,0.05139414374633634,0.15,S3_TREND
2026-08-14 07:00:00+00:00,SOL,BUY,37.01142805762356,0.037011428057623565,0.15,S3_TREND
2026-08-14 08:00:00+00:00,BTC,SELL,6661.638664464688,6.6616386644646886,0.0,CASH
2026-08-14 08:00:00+00:00,ETH,SELL,2.809238066063699,0.002809238066063699,0.15,S3_TREND
2026-08-14 08:00:00+00:00,SOL,SELL,7.789492755797255,0.007789492755797255,0.15,S3_TREND
2026-08-14 09:00:00+00:00,ETH,SELL,26.046165369094524,0.026046165369094525,0.15,S3_TREND
2026-08-14 09:00:00+00:00,SOL,SELL,35.80345873742772,0.03580345873742772,0.15,S3_TREND
2026-08-14 10:00:00+00:00,BTC,BUY,6665.763234271925,6.6657632342719255,0.075,S6_REVERSAL
2026-08-14 10:00:00+00:00,ETH,BUY,23.237091428265558,0.02323709142826556,0.15,S3_TREND
2026-08-14 10:00:00+00:00,SOL,SELL,13280.583846705085,13.280583846705085,0.0,CASH
2026-08-14 11:00:00+00:00,BTC,SELL,2.0127759679871815,0.0020127759679871814,0.075,S6_REVERSAL
2026-08-14 11:00:00+00:00,ETH,SELL,20.62155883214473,0.02062155883214473,0.15,S3_TREND
2026-08-14 12:00:00+00:00,BTC,SELL,4.293719814265387,0.004293719814265387,0.075,S6_REVERSAL
2026-08-14 12:00:00+00:00,ETH,SELL,11.333732649241938,0.011333732649241939,0.15,S3_TREND
2026-08-14 13:00:00+00:00,BTC,BUY,9.974916582702463,0.009974916582702463,0.075,S6_REVERSAL
2026-08-14 13:00:00+00:00,ETH,SELL,6637.742581452813,6.637742581452813,0.075,S6_REVERSAL
2026-08-14 14:00:00+00:00,BTC,BUY,5.7985964898207385,0.005798596489820738,0.075,S6_REVERSAL
2026-08-14 14:00:00+00:00,ETH,BUY,10.528885273120068,0.010528885273120068,0.075,S6_REVERSAL
2026-08-14 15:00:00+00:00,BTC,BUY,3.9055121664150647,0.0039055121664150648,0.075,S6_REVERSAL
2026-08-14 15:00:00+00:00,ETH,BUY,9.634189255862111,0.00963418925586211,0.075,S6_REVERSAL
2026-08-14 16:00:00+00:00,BTC,SELL,32.5850947773788,0.0325850947773788,0.075,S6_REVERSAL
2026-08-14 16:00:00+00:00,ETH,SELL,45.290502016969185,0.045290502016969186,0.075,S6_REVERSAL
2026-08-14 17:00:00+00:00,BTC,SELL,12.940009967693186,0.012940009967693187,0.075,S6_REVERSAL
2026-08-14 17:00:00+00:00,ETH,SELL,11.494130086350197,0.011494130086350196,0.075,S6_REVERSAL
2026-08-14 18:00:00+00:00,BTC,BUY,9.88959446599074,0.00988959446599074,0.075,S6_REVERSAL
2026-08-14 18:00:00+00:00,ETH,BUY,21.4313794345353,0.0214313794345353,0.075,S6_REVERSAL
2026-08-14 19:00:00+00:00,BTC,BUY,7.437606718032839,0.007437606718032839,0.075,S6_REVERSAL
2026-08-14 19:00:00+00:00,ETH,BUY,8.591126241994061,0.008591126241994061,0.075,S6_REVERSAL
2026-08-14 20:00:00+00:00,BTC,SELL,2.3593315615498796,0.0023593315615498796,0.075,S6_REVERSAL
2026-08-14 20:00:00+00:00,ETH,SELL,16.59444213421466,0.01659444213421466,0.075,S6_REVERSAL
2026-08-14 21:00:00+00:00,BTC,BUY,5.796216558976994,0.005796216558976994,0.075,S6_REVERSAL
2026-08-14 21:00:00+00:00,ETH,BUY,1.0594532077857366,0.0010594532077857367,0.075,S6_REVERSAL
2026-08-14 22:00:00+00:00,BTC,SELL,2.312536771300074,0.002312536771300074,0.075,S6_REVERSAL
2026-08-14 22:00:00+00:00,ETH,BUY,3.412234074173284,0.0034122340741732844,0.075,S6_REVERSAL
2026-08-14 23:00:00+00:00,BTC,BUY,4.1685274544952335,0.004168527454495234,0.075,S6_REVERSAL
2026-08-14 23:00:00+00:00,ETH,SELL,1.4466944343967043,0.0014466944343967043,0.075,S6_REVERSAL
2026-08-15 00:00:00+00:00,BTC,SELL,14.718361570670822,0.014718361570670822,0.075,S6_REVERSAL
2026-08-15 00:00:00+00:00,ETH,SELL,6.726023654061464,0.006726023654061464,0.075,S6_REVERSAL
2026-08-15 01:00:00+00:00,BTC,BUY,2.3700452490884345,0.0023700452490884347,0.075,S6_REVERSAL
2026-08-15 02:00:00+00:00,BTC,SELL,2.049018121658264,0.0020490181216582643,0.075,S6_REVERSAL
2026-08-15 02:00:00+00:00,ETH,SELL,5.887937553118718,0.005887937553118718,0.075,S6_REVERSAL
2026-08-15 03:00:00+00:00,BTC,SELL,8.485578030538818,0.008485578030538819,0.075,S6_REVERSAL
2026-08-15 03:00:00+00:00,ETH,SELL,2.3701346056923285,0.0023701346056923286,0.075,S6_REVERSAL
2026-08-15 04:00:00+00:00,BTC,BUY,7.528442654742321,0.007528442654742321,0.075,S6_REVERSAL
2026-08-15 04:00:00+00:00,ETH,BUY,6.704615920867582,0.0067046159208675815,0.075,S6_REVERSAL
2026-08-15 05:00:00+00:00,BTC,SELL,6.474578162073158,0.006474578162073158,0.075,S6_REVERSAL
2026-08-15 05:00:00+00:00,ETH,SELL,4.97678024257948,0.00497678024257948,0.075,S6_REVERSAL
2026-08-15 06:00:00+00:00,BTC,BUY,2.240560162953443,0.0022405601629534432,0.075,S6_REVERSAL
2026-08-15 06:00:00+00:00,ETH,BUY,11.88366467421747,0.01188366467421747,0.075,S6_REVERSAL
2026-08-15 07:00:00+00:00,BTC,SELL,2.1128567482728613,0.0021128567482728614,0.075,S6_REVERSAL
2026-08-15 07:00:00+00:00,ETH,SELL,4.717084120258733,0.0047170841202587325,0.075,S6_REVERSAL
2026-08-15 08:00:00+00:00,BTC,BUY,3.3653153799459687,0.003365315379945969,0.075,S6_REVERSAL
2026-08-15 08:00:00+00:00,ETH,BUY,5.489463434470963,0.005489463434470963,0.075,S6_REVERSAL
2026-08-15 09:00:00+00:00,BTC,BUY,12.767469623859142,0.012767469623859143,0.075,S6_REVERSAL
2026-08-15 09:00:00+00:00,ETH,BUY,9.912800949177836,0.009912800949177836,0.075,S6_REVERSAL
2026-08-15 10:00:00+00:00,BTC,SELL,8.368650324203372,0.008368650324203373,0.075,S6_REVERSAL
2026-08-15 10:00:00+00:00,ETH,SELL,10.45149457737989,0.01045149457737989,0.075,S6_REVERSAL
2026-08-15 11:00:00+00:00,BTC,SELL,1.3923911301881162,0.0013923911301881163,0.075,S6_REVERSAL
2026-08-15 11:00:00+00:00,ETH,SELL,1.680690486250569,0.001680690486250569,0.075,S6_REVERSAL
2026-08-15 12:00:00+00:00,BTC,BUY,1.955054993711201,0.001955054993711201,0.075,S6_REVERSAL
2026-08-15 12:00:00+00:00,ETH,BUY,4.760015365671279,0.004760015365671279,0.075,S6_REVERSAL
2026-08-15 13:00:00+00:00,BTC,SELL,1.5886654794539936,0.0015886654794539936,0.075,S6_REVERSAL
2026-08-15 13:00:00+00:00,ETH,SELL,14.117055914726734,0.014117055914726733,0.075,S6_REVERSAL
2026-08-15 14:00:00+00:00,BTC,SELL,1.0037191281962805,0.0010037191281962806,0.075,S6_REVERSAL
2026-08-15 15:00:00+00:00,BTC,BUY,1.9089873802086004,0.0019089873802086005,0.075,S6_REVERSAL
2026-08-15 16:00:00+00:00,BTC,SELL,5.56022455926086,0.00556022455926086,0.075,S6_REVERSAL
2026-08-15 16:00:00+00:00,ETH,SELL,3.0721685265016276,0.0030721685265016276,0.075,S6_REVERSAL
2026-08-15 18:00:00+00:00,BTC,BUY,2.8241485461694538,0.0028241485461694537,0.075,S6_REVERSAL
2026-08-15 18:00:00+00:00,ETH,BUY,1.1684236451401375,0.0011684236451401375,0.075,S6_REVERSAL
2026-08-15 19:00:00+00:00,ETH,BUY,5.364072155773101,0.005364072155773101,0.075,S6_REVERSAL
2026-08-15 20:00:00+00:00,BTC,SELL,5.420654883418138,0.005420654883418138,0.075,S6_REVERSAL
2026-08-15 20:00:00+00:00,ETH,SELL,5.124966419190969,0.005124966419190969,0.075,S6_REVERSAL
2026-08-15 21:00:00+00:00,BTC,BUY,1.9229092553450755,0.0019229092553450756,0.075,S6_REVERSAL
2026-08-15 21:00:00+00:00,ETH,BUY,3.5506320151807813,0.0035506320151807813,0.075,S6_REVERSAL
2026-08-15 22:00:00+00:00,BTC,SELL,4.985680940659222,0.004985680940659222,0.075,S6_REVERSAL
2026-08-15 22:00:00+00:00,ETH,SELL,5.290413131465357,0.005290413131465357,0.075,S6_REVERSAL
2026-08-15 23:00:00+00:00,BTC,BUY,2.211869192758968,0.002211869192758968,0.075,S6_REVERSAL
2026-08-16 00:00:00+00:00,BTC,BUY,4.254039102991555,0.004254039102991556,0.075,S6_REVERSAL
2026-08-16 00:00:00+00:00,ETH,BUY,7.667893811375507,0.007667893811375507,0.075,S6_REVERSAL
2026-08-16 02:00:00+00:00,ETH,BUY,6.870089892541728,0.006870089892541728,0.075,S6_REVERSAL
2026-08-16 03:00:00+00:00,BTC,SELL,3.227556681823444,0.003227556681823444,0.075,S6_REVERSAL
2026-08-16 03:00:00+00:00,ETH,SELL,10.103411958167271,0.01010341195816727,0.075,S6_REVERSAL
2026-08-16 04:00:00+00:00,ETH,BUY,1.3730910011317974,0.0013730910011317975,0.075,S6_REVERSAL
2026-08-16 05:00:00+00:00,BTC,BUY,2.5847055763251774,0.0025847055763251773,0.075,S6_REVERSAL
2026-08-16 05:00:00+00:00,ETH,BUY,4.956616349097203,0.004956616349097203,0.075,S6_REVERSAL
2026-08-16 06:00:00+00:00,BTC,BUY,1.510890387740801,0.001510890387740801,0.075,S6_REVERSAL
2026-08-16 06:00:00+00:00,ETH,BUY,5.999139986173759,0.0059991399861737595,0.075,S6_REVERSAL
2026-08-16 07:00:00+00:00,ETH,SELL,2.495011925416293,0.0024950119254162927,0.075,S6_REVERSAL
2026-08-16 08:00:00+00:00,BTC,BUY,1.2781823266659558,0.0012781823266659559,0.075,S6_REVERSAL
2026-08-16 08:00:00+00:00,ETH,SELL,3.2145223518964485,0.0032145223518964487,0.075,S6_REVERSAL
2026-08-16 09:00:00+00:00,BTC,SELL,1.2748682117380667,0.0012748682117380667,0.075,S6_REVERSAL
2026-08-16 09:00:00+00:00,ETH,BUY,2.0570010304172683,0.0020570010304172682,0.075,S6_REVERSAL
2026-08-16 10:00:00+00:00,BTC,BUY,7.6604632211683565,0.007660463221168356,0.075,S6_REVERSAL
2026-08-16 10:00:00+00:00,ETH,BUY,1.0725983697657284,0.0010725983697657284,0.075,S6_REVERSAL
2026-08-16 11:00:00+00:00,BTC,SELL,1.4543384100779804,0.0014543384100779804,0.075,S6_REVERSAL
2026-08-16 11:00:00+00:00,ETH,SELL,1.1209016287930353,0.0011209016287930353,0.075,S6_REVERSAL
2026-08-16 13:00:00+00:00,BTC,SELL,1.5753374691757926,0.0015753374691757926,0.075,S6_REVERSAL
2026-08-16 13:00:00+00:00,ETH,BUY,3.3200125023895453,0.003320012502389545,0.075,S6_REVERSAL
2026-08-16 14:00:00+00:00,BTC,SELL,3.1517643896340815,0.0031517643896340816,0.075,S6_REVERSAL
2026-08-16 14:00:00+00:00,ETH,SELL,6.7196799565836045,0.006719679956583605,0.075,S6_REVERSAL
2026-08-16 15:00:00+00:00,BTC,SELL,3.78018726006394,0.00378018726006394,0.075,S6_REVERSAL
2026-08-16 15:00:00+00:00,ETH,BUY,6664.319027075114,6.664319027075114,0.15,S3_TREND
2026-08-16 16:00:00+00:00,BTC,SELL,4.463449460718039,0.004463449460718039,0.075,S6_REVERSAL
2026-08-16 16:00:00+00:00,ETH,SELL,3.6207533274700836,0.0036207533274700836,0.15,S3_TREND
2026-08-16 17:00:00+00:00,BTC,SELL,8.163327967010446,0.008163327967010445,0.075,S6_REVERSAL
2026-08-16 17:00:00+00:00,ETH,SELL,31.479044567644454,0.03147904456764446,0.15,S3_TREND
2026-08-16 18:00:00+00:00,BTC,BUY,7.485722908732896,0.007485722908732896,0.075,S6_REVERSAL
2026-08-16 18:00:00+00:00,ETH,BUY,24.876288437435505,0.024876288437435504,0.15,S3_TREND
2026-08-16 19:00:00+00:00,BTC,BUY,2.0434871333200135,0.0020434871333200135,0.075,S6_REVERSAL
2026-08-16 19:00:00+00:00,ETH,SELL,2.174507640342199,0.002174507640342199,0.15,S3_TREND
2026-08-16 20:00:00+00:00,BTC,BUY,3.233656673115547,0.0032336566731155474,0.075,S6_REVERSAL
2026-08-16 20:00:00+00:00,ETH,SELL,2.5404753704187897,0.0025404753704187898,0.15,S3_TREND
2026-08-16 21:00:00+00:00,BTC,BUY,1.971552047946716,0.001971552047946716,0.075,S6_REVERSAL
2026-08-16 21:00:00+00:00,ETH,BUY,22.437348116378416,0.022437348116378417,0.15,S3_TREND
2026-08-16 22:00:00+00:00,BTC,BUY,10.088502279385466,0.010088502279385465,0.075,S6_REVERSAL
2026-08-16 22:00:00+00:00,ETH,BUY,36.5914515870154,0.0365914515870154,0.15,S3_TREND
2026-08-16 22:00:00+00:00,SOL,BUY,6662.956648619938,6.6629566486199385,0.075,S6_REVERSAL
2026-08-16 23:00:00+00:00,BTC,BUY,6666.3349050263705,6.66633490502637,0.15,S3_TREND
2026-08-16 23:00:00+00:00,ETH,SELL,1.8588214954543216,0.0018588214954543218,0.15,S3_TREND
2026-08-16 23:00:00+00:00,SOL,SELL,15.28621029234273,0.01528621029234273,0.075,S6_REVERSAL
2026-08-17 00:00:00+00:00,BTC,BUY,2.763069873306449,0.0027630698733064492,0.15,S3_TREND
2026-08-17 00:00:00+00:00,SOL,SELL,9.01186774022608,0.00901186774022608,0.075,S6_REVERSAL
2026-08-17 01:00:00+00:00,ETH,SELL,16.87120799497461,0.016871207994974612,0.15,S3_TREND
2026-08-17 01:00:00+00:00,SOL,BUY,1.8283147301262943,0.0018283147301262944,0.075,S6_REVERSAL
2026-08-17 02:00:00+00:00,BTC,SELL,15.836789555318317,0.015836789555318316,0.15,S3_TREND
2026-08-17 02:00:00+00:00,ETH,SELL,64.09274035835915,0.06409274035835916,0.15,S3_TREND
2026-08-17 02:00:00+00:00,SOL,SELL,29.727426924121573,0.029727426924121576,0.075,S6_REVERSAL
2026-08-17 03:00:00+00:00,BTC,SELL,35.15685616805058,0.03515685616805058,0.15,S3_TREND
2026-08-17 03:00:00+00:00,ETH,SELL,49.85829966610072,0.04985829966610072,0.15,S3_TREND
2026-08-17 03:00:00+00:00,SOL,SELL,21.869997085239447,0.021869997085239446,0.075,S6_REVERSAL
2026-08-17 04:00:00+00:00,BTC,SELL,5.758898585292627,0.005758898585292627,0.15,S3_TREND
2026-08-17 04:00:00+00:00,ETH,BUY,9.693513455764332,0.009693513455764333,0.15,S3_TREND
2026-08-17 04:00:00+00:00,SOL,SELL,2.8073359084028198,0.0028073359084028198,0.075,S6_REVERSAL
2026-08-17 05:00:00+00:00,BTC,SELL,15.315156198183104,0.015315156198183104,0.15,S3_TREND
2026-08-17 05:00:00+00:00,ETH,SELL,10.433314573772805,0.010433314573772804,0.15,S3_TREND
2026-08-17 05:00:00+00:00,SOL,SELL,1.198728896699322,0.001198728896699322,0.075,S6_REVERSAL
2026-08-17 06:00:00+00:00,BTC,SELL,3.9412080127076474,0.003941208012707647,0.15,S3_TREND
2026-08-17 06:00:00+00:00,ETH,BUY,19.294231730114916,0.019294231730114915,0.15,S3_TREND
2026-08-17 06:00:00+00:00,SOL,BUY,11.798564823116067,0.011798564823116068,0.075,S6_REVERSAL
2026-08-17 07:00:00+00:00,BTC,SELL,12.667109400787012,0.012667109400787012,0.15,S3_TREND
2026-08-17 07:00:00+00:00,ETH,SELL,33.65518011173663,0.03365518011173663,0.15,S3_TREND
2026-08-17 07:00:00+00:00,SOL,SELL,30.696984140953646,0.030696984140953645,0.075,S6_REVERSAL
2026-08-17 08:00:00+00:00,BTC,BUY,20.20393395328938,0.02020393395328938,0.15,S3_TREND
2026-08-17 08:00:00+00:00,ETH,BUY,30.960279025601267,0.030960279025601268,0.15,S3_TREND
2026-08-17 09:00:00+00:00,BTC,BUY,9.789910515923111,0.009789910515923112,0.15,S3_TREND
2026-08-17 09:00:00+00:00,ETH,BUY,27.334191397696486,0.027334191397696488,0.15,S3_TREND
2026-08-17 09:00:00+00:00,SOL,BUY,6723.9784664431945,6.723978466443195,0.15,S3_TREND
2026-08-17 10:00:00+00:00,BTC,BUY,11.402593165585131,0.011402593165585131,0.15,S3_TREND
2026-08-17 10:00:00+00:00,ETH,BUY,2.371834321480492,0.0023718343214804917,0.15,S3_TREND
2026-08-17 10:00:00+00:00,SOL,SELL,18.363164842616243,0.018363164842616242,0.15,S3_TREND
2026-08-17 11:00:00+00:00,BTC,SELL,40.20832460303791,0.04020832460303791,0.15,S3_TREND
2026-08-17 11:00:00+00:00,ETH,SELL,55.147084619591624,0.05514708461959163,0.15,S3_TREND
2026-08-17 11:00:00+00:00,SOL,SELL,42.31952964502307,0.04231952964502307,0.15,S3_TREND
2026-08-17 12:00:00+00:00,BTC,BUY,5.68531788628934,0.00568531788628934,0.15,S3_TREND
2026-08-17 12:00:00+00:00,ETH,BUY,11.736680310017618,0.011736680310017619,0.15,S3_TREND
2026-08-17 12:00:00+00:00,SOL,BUY,8.746916540116217,0.008746916540116218,0.15,S3_TREND
2026-08-17 13:00:00+00:00,ETH,BUY,21.48737611506658,0.02148737611506658,0.15,S3_TREND
2026-08-17 13:00:00+00:00,SOL,BUY,34.18262530836364,0.03418262530836364,0.15,S3_TREND
2026-08-17 14:00:00+00:00,BTC,SELL,8.74733944881882,0.00874733944881882,0.15,S3_TREND
2026-08-17 14:00:00+00:00,ETH,SELL,24.84674047473345,0.024846740474733453,0.15,S3_TREND
2026-08-17 14:00:00+00:00,SOL,SELL,21.944526947205304,0.021944526947205306,0.15,S3_TREND
2026-08-17 15:00:00+00:00,BTC,SELL,26.6827075573201,0.0266827075573201,0.15,S3_TREND
2026-08-17 15:00:00+00:00,ETH,SELL,11.21491097452963,0.01121491097452963,0.15,S3_TREND
2026-08-17 15:00:00+00:00,SOL,SELL,42.008607370480604,0.04200860737048061,0.15,S3_TREND
2026-08-17 16:00:00+00:00,BTC,SELL,46.117454262834144,0.046117454262834146,0.15,S3_TREND
2026-08-17 16:00:00+00:00,ETH,SELL,9.031365774102596,0.009031365774102596,0.15,S3_TREND
2026-08-17 16:00:00+00:00,SOL,SELL,4.853270501751467,0.0048532705017514674,0.15,S3_TREND
2026-08-17 17:00:00+00:00,BTC,BUY,6.528369745979944,0.0065283697459799445,0.15,S3_TREND
2026-08-17 17:00:00+00:00,ETH,BUY,31.109439940157245,0.031109439940157246,0.15,S3_TREND
2026-08-17 17:00:00+00:00,SOL,BUY,3.020390649744513,0.0030203906497445134,0.15,S3_TREND
2026-08-17 18:00:00+00:00,BTC,SELL,38.55858073705713,0.038558580737057126,0.15,S3_TREND
2026-08-17 18:00:00+00:00,ETH,SELL,6.429461628793433,0.006429461628793433,0.15,S3_TREND
2026-08-17 18:00:00+00:00,SOL,BUY,24.895443921916012,0.024895443921916012,0.15,S3_TREND
2026-08-17 19:00:00+00:00,BTC,SELL,17.64328760544595,0.017643287605445947,0.15,S3_TREND
2026-08-17 19:00:00+00:00,ETH,SELL,3.8979535731523356,0.0038979535731523355,0.15,S3_TREND
2026-08-17 19:00:00+00:00,SOL,BUY,7.3814057619310915,0.007381405761931092,0.15,S3_TREND
2026-08-17 20:00:00+00:00,BTC,BUY,15.775809386319452,0.01577580938631945,0.15,S3_TREND
2026-08-17 20:00:00+00:00,ETH,BUY,10.389229351229005,0.010389229351229006,0.15,S3_TREND
2026-08-17 20:00:00+00:00,SOL,BUY,6.905687800557644,0.006905687800557643,0.15,S3_TREND
2026-08-17 21:00:00+00:00,BTC,SELL,10.185315522558085,0.010185315522558086,0.15,S3_TREND
2026-08-17 21:00:00+00:00,ETH,BUY,10.687358441447941,0.010687358441447942,0.15,S3_TREND
2026-08-17 21:00:00+00:00,SOL,SELL,26.556589393834656,0.026556589393834658,0.15,S3_TREND
2026-08-17 22:00:00+00:00,SOL,BUY,5.266699031797543,0.0052666990317975435,0.15,S3_TREND
2026-08-17 23:00:00+00:00,BTC,BUY,8.795346967335718,0.008795346967335717,0.15,S3_TREND
2026-08-17 23:00:00+00:00,ETH,BUY,2.91668957526781,0.00291668957526781,0.15,S3_TREND
2026-08-17 23:00:00+00:00,SOL,BUY,28.33657161345036,0.02833657161345036,0.15,S3_TREND
2026-08-18 00:00:00+00:00,BTC,SELL,25.7579927539482,0.025757992753948203,0.15,S3_TREND
2026-08-18 00:00:00+00:00,ETH,SELL,39.11356424099358,0.03911356424099358,0.15,S3_TREND
2026-08-18 00:00:00+00:00,SOL,SELL,25.095265033616673,0.025095265033616674,0.15,S3_TREND
2026-08-18 01:00:00+00:00,BTC,BUY,23.40767168208913,0.02340767168208913,0.15,S3_TREND
2026-08-18 01:00:00+00:00,ETH,BUY,16.870714238300934,0.016870714238300933,0.15,S3_TREND
2026-08-18 01:00:00+00:00,SOL,SELL,12.819836949100134,0.012819836949100135,0.15,S3_TREND
2026-08-18 02:00:00+00:00,BTC,BUY,11.319239716247466,0.011319239716247466,0.15,S3_TREND
2026-08-18 02:00:00+00:00,ETH,BUY,33.420577840259284,0.033420577840259286,0.15,S3_TREND
2026-08-18 02:00:00+00:00,SOL,BUY,54.272551535665116,0.05427255153566512,0.15,S3_TREND
2026-08-18 03:00:00+00:00,ETH,BUY,38.43562798899438,0.038435627988994386,0.15,S3_TREND
2026-08-18 03:00:00+00:00,SOL,BUY,36.38919452463051,0.03638919452463051,0.15,S3_TREND
2026-08-18 04:00:00+00:00,BTC,SELL,6.97336981278022,0.00697336981278022,0.15,S3_TREND
2026-08-18 04:00:00+00:00,SOL,SELL,30.650766094793653,0.030650766094793655,0.15,S3_TREND
2026-08-18 05:00:00+00:00,BTC,BUY,6.919018953747582,0.006919018953747582,0.15,S3_TREND
2026-08-18 05:00:00+00:00,ETH,SELL,2.0671581217593484,0.0020671581217593486,0.15,S3_TREND
2026-08-18 05:00:00+00:00,SOL,SELL,49.92170436685956,0.04992170436685956,0.15,S3_TREND
2026-08-18 06:00:00+00:00,BTC,SELL,10.05442074680468,0.01005442074680468,0.15,S3_TREND
2026-08-18 06:00:00+00:00,ETH,BUY,4.076291348432278,0.004076291348432278,0.15,S3_TREND
2026-08-18 06:00:00+00:00,SOL,BUY,17.94335884705106,0.017943358847051057,0.15,S3_TREND
2026-08-18 07:00:00+00:00,BTC,BUY,2.0045111231538613,0.0020045111231538613,0.15,S3_TREND
2026-08-18 07:00:00+00:00,ETH,SELL,33.36261855522389,0.03336261855522389,0.15,S3_TREND
2026-08-18 07:00:00+00:00,SOL,SELL,33.63907278491024,0.03363907278491024,0.15,S3_TREND
2026-08-18 08:00:00+00:00,BTC,BUY,18.99418985625016,0.01899418985625016,0.15,S3_TREND
2026-08-18 08:00:00+00:00,ETH,BUY,22.435521107181557,0.02243552110718156,0.15,S3_TREND
2026-08-18 08:00:00+00:00,SOL,SELL,19.99629721975907,0.01999629721975907,0.15,S3_TREND
2026-08-18 09:00:00+00:00,BTC,SELL,13.834004684951651,0.013834004684951651,0.15,S3_TREND
2026-08-18 09:00:00+00:00,ETH,SELL,4.006661395882475,0.004006661395882474,0.15,S3_TREND
2026-08-18 09:00:00+00:00,SOL,SELL,5.8914614514651475,0.005891461451465148,0.15,S3_TREND
2026-08-18 10:00:00+00:00,BTC,BUY,12.356349592091647,0.012356349592091647,0.15,S3_TREND
2026-08-18 10:00:00+00:00,ETH,BUY,10.33042469207976,0.01033042469207976,0.15,S3_TREND
2026-08-18 10:00:00+00:00,SOL,BUY,26.99518077767607,0.02699518077767607,0.15,S3_TREND
2026-08-18 11:00:00+00:00,BTC,SELL,6.730622714916535,0.006730622714916535,0.15,S3_TREND
2026-08-18 11:00:00+00:00,ETH,SELL,7.91720505884041,0.00791720505884041,0.15,S3_TREND
2026-08-18 11:00:00+00:00,SOL,BUY,15.62094037596762,0.015620940375967621,0.15,S3_TREND
2026-08-18 12:00:00+00:00,BTC,SELL,8.469897901961303,0.008469897901961303,0.15,S3_TREND
2026-08-18 12:00:00+00:00,ETH,SELL,13.585776362468096,0.013585776362468096,0.15,S3_TREND
2026-08-18 12:00:00+00:00,SOL,SELL,60.596324498723334,0.060596324498723333,0.15,S3_TREND
2026-08-18 13:00:00+00:00,BTC,BUY,15.789592520479346,0.015789592520479345,0.15,S3_TREND
2026-08-18 13:00:00+00:00,ETH,BUY,16.19078994650772,0.01619078994650772,0.15,S3_TREND
2026-08-18 13:00:00+00:00,SOL,BUY,2.8136039955334127,0.0028136039955334127,0.15,S3_TREND
2026-08-18 14:00:00+00:00,BTC,SELL,1.0186002929167444,0.0010186002929167444,0.15,S3_TREND
2026-08-18 14:00:00+00:00,ETH,BUY,8.478677088927725,0.008478677088927725,0.15,S3_TREND
2026-08-18 14:00:00+00:00,SOL,BUY,3.9289755312111083,0.0039289755312111084,0.15,S3_TREND
2026-08-18 15:00:00+00:00,BTC,SELL,58.22810871722686,0.05822810871722686,0.15,S3_TREND
2026-08-18 15:00:00+00:00,ETH,SELL,48.22671481510588,0.04822671481510588,0.15,S3_TREND
2026-08-18 15:00:00+00:00,SOL,SELL,58.85656262783414,0.05885656262783414,0.15,S3_TREND
2026-08-18 16:00:00+00:00,BTC,SELL,7.367693901182065,0.007367693901182065,0.15,S3_TREND
2026-08-18 16:00:00+00:00,ETH,SELL,25.125148332186654,0.025125148332186657,0.15,S3_TREND
2026-08-18 16:00:00+00:00,SOL,SELL,48.19821106743257,0.04819821106743257,0.15,S3_TREND
2026-08-18 17:00:00+00:00,ETH,SELL,8.173156515889787,0.008173156515889787,0.15,S3_TREND
2026-08-18 17:00:00+00:00,SOL,BUY,18.14707094001824,0.018147070940018238,0.15,S3_TREND
2026-08-18 18:00:00+00:00,BTC,BUY,17.896056280689663,0.017896056280689663,0.15,S3_TREND
2026-08-18 18:00:00+00:00,ETH,BUY,32.079400680939216,0.032079400680939216,0.15,S3_TREND
2026-08-18 18:00:00+00:00,SOL,BUY,15.477732904348159,0.015477732904348158,0.15,S3_TREND
2026-08-18 19:00:00+00:00,BTC,SELL,2.822722719041849,0.002822722719041849,0.15,S3_TREND
2026-08-18 19:00:00+00:00,ETH,SELL,18.372650720368256,0.018372650720368255,0.15,S3_TREND
2026-08-18 19:00:00+00:00,SOL,SELL,46.4087454941764,0.0464087454941764,0.15,S3_TREND
2026-08-18 20:00:00+00:00,BTC,BUY,17.177136445265205,0.017177136445265206,0.15,S3_TREND
2026-08-18 20:00:00+00:00,ETH,BUY,13.736467991308018,0.013736467991308019,0.15,S3_TREND
2026-08-18 20:00:00+00:00,SOL,BUY,4.3367281909777375,0.004336728190977738,0.15,S3_TREND
2026-08-18 21:00:00+00:00,BTC,BUY,2.904718202760705,0.002904718202760705,0.15,S3_TREND
2026-08-18 21:00:00+00:00,ETH,SELL,7.89099445132706,0.007890994451327061,0.15,S3_TREND
2026-08-18 21:00:00+00:00,SOL,BUY,40.8601372799385,0.0408601372799385,0.15,S3_TREND
2026-08-18 22:00:00+00:00,BTC,SELL,1.8980178733472712,0.0018980178733472713,0.15,S3_TREND
2026-08-18 22:00:00+00:00,ETH,BUY,8.366048807480183,0.008366048807480184,0.15,S3_TREND
2026-08-18 22:00:00+00:00,SOL,SELL,16.539254244358744,0.016539254244358745,0.15,S3_TREND
2026-08-18 23:00:00+00:00,BTC,SELL,5.252915242686868,0.0052529152426868675,0.15,S3_TREND
2026-08-18 23:00:00+00:00,ETH,SELL,7.643026700567134,0.0076430267005671345,0.15,S3_TREND
2026-08-18 23:00:00+00:00,SOL,BUY,9.63204257822872,0.00963204257822872,0.15,S3_TREND
2026-08-19 00:00:00+00:00,BTC,SELL,8.897270434641541,0.008897270434641542,0.15,S3_TREND
2026-08-19 00:00:00+00:00,ETH,SELL,21.035237404903455,0.021035237404903456,0.15,S3_TREND
2026-08-19 00:00:00+00:00,SOL,SELL,7.349293636343646,0.007349293636343646,0.15,S3_TREND
2026-08-19 01:00:00+00:00,BTC,BUY,34.1645431254492,0.0341645431254492,0.15,S3_TREND
2026-08-19 01:00:00+00:00,ETH,BUY,14.442795806193317,0.014442795806193317,0.15,S3_TREND
2026-08-19 01:00:00+00:00,SOL,BUY,7.452557507514939,0.007452557507514939,0.15,S3_TREND
2026-08-19 02:00:00+00:00,BTC,BUY,12.442867582882172,0.012442867582882173,0.15,S3_TREND
2026-08-19 02:00:00+00:00,ETH,SELL,6.261715928085323,0.006261715928085323,0.15,S3_TREND
2026-08-19 02:00:00+00:00,SOL,BUY,15.173886484557443,0.015173886484557442,0.15,S3_TREND
2026-08-19 03:00:00+00:00,BTC,BUY,2.595717225836779,0.002595717225836779,0.15,S3_TREND
2026-08-19 03:00:00+00:00,ETH,BUY,34.43508685734196,0.03443508685734196,0.15,S3_TREND
2026-08-19 03:00:00+00:00,SOL,SELL,9.319853681705354,0.009319853681705353,0.15,S3_TREND
2026-08-19 04:00:00+00:00,BTC,BUY,13.181658292058273,0.013181658292058274,0.15,S3_TREND
2026-08-19 04:00:00+00:00,ETH,SELL,22.560647730027995,0.022560647730027996,0.15,S3_TREND
2026-08-19 04:00:00+00:00,SOL,SELL,22.776579098630464,0.022776579098630463,0.15,S3_TREND
2026-08-19 05:00:00+00:00,BTC,SELL,2.2267051867875125,0.0022267051867875124,0.15,S3_TREND
2026-08-19 05:00:00+00:00,ETH,BUY,3.9672086396585655,0.0039672086396585655,0.15,S3_TREND
2026-08-19 05:00:00+00:00,SOL,BUY,17.478365984799893,0.017478365984799894,0.15,S3_TREND
2026-08-19 06:00:00+00:00,BTC,BUY,12.359252469857893,0.012359252469857893,0.15,S3_TREND
2026-08-19 06:00:00+00:00,SOL,BUY,4.329442916980042,0.004329442916980042,0.15,S3_TREND
2026-08-19 07:00:00+00:00,BTC,SELL,3.6108425485417683,0.0036108425485417684,0.15,S3_TREND
2026-08-19 07:00:00+00:00,ETH,SELL,34.19492299504236,0.034194922995042364,0.15,S3_TREND
2026-08-19 07:00:00+00:00,SOL,SELL,29.16769956935786,0.02916769956935786,0.15,S3_TREND
2026-08-19 08:00:00+00:00,BTC,BUY,2.9202676308304945,0.0029202676308304944,0.15,S3_TREND
2026-08-19 08:00:00+00:00,ETH,BUY,5.202618429268114,0.005202618429268114,0.15,S3_TREND
2026-08-19 08:00:00+00:00,SOL,BUY,14.725834022672643,0.014725834022672643,0.15,S3_TREND
2026-08-19 09:00:00+00:00,BTC,SELL,3.9050530681324744,0.0039050530681324744,0.15,S3_TREND
2026-08-19 09:00:00+00:00,ETH,SELL,17.93017738693561,0.01793017738693561,0.15,S3_TREND
2026-08-19 09:00:00+00:00,SOL,SELL,54.446779185844214,0.054446779185844216,0.15,S3_TREND
2026-08-19 10:00:00+00:00,BTC,SELL,6.252604646389955,0.006252604646389955,0.15,S3_TREND
2026-08-19 10:00:00+00:00,ETH,BUY,12.077632544349399,0.012077632544349398,0.15,S3_TREND
2026-08-19 10:00:00+00:00,SOL,BUY,6.951689279218044,0.006951689279218044,0.15,S3_TREND
2026-08-19 11:00:00+00:00,BTC,SELL,2.9889187907283485,0.002988918790728349,0.15,S3_TREND
2026-08-19 11:00:00+00:00,ETH,SELL,3.3192394127527223,0.0033192394127527225,0.15,S3_TREND
2026-08-19 11:00:00+00:00,SOL,SELL,5.5040807538243826,0.005504080753824383,0.15,S3_TREND
2026-08-19 12:00:00+00:00,BTC,SELL,3.31471955158122,0.00331471955158122,0.15,S3_TREND
2026-08-19 12:00:00+00:00,ETH,SELL,10.865530786999443,0.010865530786999443,0.15,S3_TREND
2026-08-19 12:00:00+00:00,SOL,SELL,18.876280427946767,0.018876280427946767,0.15,S3_TREND
2026-08-19 13:00:00+00:00,BTC,SELL,27.569810682281968,0.027569810682281967,0.15,S3_TREND
2026-08-19 13:00:00+00:00,ETH,SELL,50.20093679036654,0.050200936790366545,0.15,S3_TREND
2026-08-19 13:00:00+00:00,SOL,SELL,102.32405053627188,0.10232405053627189,0.15,S3_TREND
2026-08-19 14:00:00+00:00,BTC,SELL,27.601257694073865,0.027601257694073865,0.15,S3_TREND
2026-08-19 14:00:00+00:00,ETH,BUY,29.60023618121886,0.02960023618121886,0.15,S3_TREND
2026-08-19 15:00:00+00:00,BTC,SELL,57.20738997553053,0.057207389975530536,0.15,S3_TREND
2026-08-19 15:00:00+00:00,ETH,SELL,131.5721861957063,0.13157218619570632,0.15,S3_TREND
2026-08-19 15:00:00+00:00,SOL,SELL,298.0083746830933,0.29800837468309327,0.15,S3_TREND
2026-08-19 16:00:00+00:00,BTC,SELL,320.49163065210814,0.3204916306521082,0.15,S3_TREND
2026-08-19 16:00:00+00:00,ETH,SELL,574.3839683332153,0.5743839683332154,0.15,S3_TREND
2026-08-19 16:00:00+00:00,SOL,BUY,68.11223246210466,0.06811223246210465,0.15,S3_TREND
2026-08-19 17:00:00+00:00,BTC,BUY,12.501027426846122,0.012501027426846122,0.15,S3_TREND
2026-08-19 17:00:00+00:00,ETH,SELL,30.291811640856395,0.030291811640856394,0.15,S3_TREND
2026-08-19 17:00:00+00:00,SOL,BUY,36.979809058646424,0.03697980905864642,0.15,S3_TREND
2026-08-19 18:00:00+00:00,BTC,BUY,49.487276292557,0.049487276292557,0.15,S3_TREND
2026-08-19 18:00:00+00:00,ETH,SELL,14.749169634858845,0.014749169634858846,0.15,S3_TREND
2026-08-19 18:00:00+00:00,SOL,SELL,16.830584117424223,0.016830584117424222,0.15,S3_TREND
2026-08-19 19:00:00+00:00,BTC,SELL,17.707565484934094,0.017707565484934094,0.15,S3_TREND
2026-08-19 19:00:00+00:00,ETH,BUY,16.85736217279191,0.01685736217279191,0.15,S3_TREND
2026-08-19 19:00:00+00:00,SOL,SELL,82.72274402257244,0.08272274402257244,0.15,S3_TREND
2026-08-19 20:00:00+00:00,BTC,BUY,6.814409871793032,0.006814409871793032,0.15,S3_TREND
2026-08-19 20:00:00+00:00,ETH,SELL,53.56771637498605,0.05356771637498605,0.15,S3_TREND
2026-08-19 20:00:00+00:00,SOL,SELL,3.296524693823813,0.003296524693823813,0.15,S3_TREND
2026-08-19 21:00:00+00:00,BTC,BUY,42.61090688865988,0.042610906888659886,0.15,S3_TREND
2026-08-19 21:00:00+00:00,ETH,SELL,600.8760939666208,0.6008760939666209,0.15,S3_TREND
2026-08-19 21:00:00+00:00,SOL,SELL,59.75736382805917,0.05975736382805917,0.15,S3_TREND
2026-08-19 22:00:00+00:00,BTC,BUY,23.568343829902005,0.023568343829902007,0.15,S3_TREND
2026-08-19 22:00:00+00:00,ETH,SELL,272.749404457898,0.27274940445789797,0.15,S3_TREND
2026-08-19 22:00:00+00:00,SOL,SELL,333.09208027056775,0.33309208027056775,0.15,S3_TREND
2026-08-19 23:00:00+00:00,BTC,BUY,16.16930108347333,0.01616930108347333,0.15,S3_TREND
2026-08-19 23:00:00+00:00,ETH,BUY,148.5319166033387,0.1485319166033387,0.15,S3_TREND
2026-08-19 23:00:00+00:00,SOL,BUY,113.25157923570805,0.11325157923570806,0.15,S3_TREND
2026-08-20 00:00:00+00:00,BTC,SELL,13.078884374579502,0.013078884374579502,0.15,S3_TREND
2026-08-20 00:00:00+00:00,ETH,SELL,15.252582893710496,0.015252582893710497,0.15,S3_TREND
2026-08-20 00:00:00+00:00,SOL,BUY,19.04421202796766,0.01904421202796766,0.15,S3_TREND
2026-08-20 01:00:00+00:00,BTC,SELL,15.38672385080281,0.01538672385080281,0.15,S3_TREND
2026-08-20 01:00:00+00:00,ETH,SELL,57.32204699523936,0.057322046995239365,0.15,S3_TREND
2026-08-20 01:00:00+00:00,SOL,BUY,65.16131786901133,0.06516131786901133,0.15,S3_TREND
2026-08-20 02:00:00+00:00,BTC,SELL,39.29155556382466,0.03929155556382466,0.15,S3_TREND
2026-08-20 02:00:00+00:00,ETH,SELL,5.313712438060975,0.005313712438060975,0.15,S3_TREND
2026-08-20 02:00:00+00:00,SOL,SELL,37.669050989879906,0.03766905098987991,0.15,S3_TREND
2026-08-20 03:00:00+00:00,BTC,BUY,43.97241770099754,0.04397241770099754,0.15,S3_TREND
2026-08-20 03:00:00+00:00,ETH,BUY,50.896375577949584,0.050896375577949585,0.15,S3_TREND
2026-08-20 03:00:00+00:00,SOL,BUY,58.10829253920747,0.05810829253920747,0.15,S3_TREND
2026-08-20 04:00:00+00:00,BTC,BUY,10.428352912460468,0.010428352912460468,0.15,S3_TREND
2026-08-20 04:00:00+00:00,ETH,SELL,6.948254237764559,0.006948254237764559,0.15,S3_TREND
2026-08-20 04:00:00+00:00,SOL,BUY,37.2975681337648,0.0372975681337648,0.15,S3_TREND
2026-08-20 05:00:00+00:00,BTC,SELL,43.37591907546084,0.043375919075460845,0.15,S3_TREND
2026-08-20 05:00:00+00:00,ETH,BUY,23.156274041213692,0.023156274041213693,0.15,S3_TREND
2026-08-20 05:00:00+00:00,SOL,SELL,43.07067841996467,0.043070678419964675,0.15,S3_TREND
2026-08-20 06:00:00+00:00,BTC,BUY,16.001454353488953,0.01600145435348895,0.15,S3_TREND
2026-08-20 06:00:00+00:00,ETH,BUY,10.60011653251604,0.01060011653251604,0.15,S3_TREND
2026-08-20 06:00:00+00:00,SOL,SELL,21.473204836802324,0.021473204836802325,0.15,S3_TREND
2026-08-20 07:00:00+00:00,BTC,SELL,39.67125432017019,0.03967125432017019,0.15,S3_TREND
2026-08-20 07:00:00+00:00,ETH,SELL,39.54355128842145,0.03954355128842145,0.15,S3_TREND
2026-08-20 07:00:00+00:00,SOL,SELL,108.84011379503318,0.10884011379503318,0.15,S3_TREND
2026-08-20 08:00:00+00:00,BTC,BUY,1.9966520292182395,0.0019966520292182396,0.15,S3_TREND
2026-08-20 08:00:00+00:00,ETH,BUY,63.64412828099012,0.06364412828099011,0.15,S3_TREND
2026-08-20 08:00:00+00:00,SOL,SELL,46.61891685729279,0.04661891685729279,0.15,S3_TREND
2026-08-20 09:00:00+00:00,BTC,SELL,245.102453037789,0.245102453037789,0.15,S3_TREND
2026-08-20 09:00:00+00:00,ETH,SELL,75.77620846354512,0.07577620846354512,0.15,S3_TREND
2026-08-20 09:00:00+00:00,SOL,SELL,106.25926893596444,0.10625926893596445,0.15,S3_TREND
2026-08-20 10:00:00+00:00,BTC,SELL,41.14944746744368,0.04114944746744368,0.15,S3_TREND
2026-08-20 10:00:00+00:00,ETH,BUY,21.697961711914104,0.021697961711914106,0.15,S3_TREND
2026-08-20 10:00:00+00:00,SOL,BUY,24.66415390442853,0.02466415390442853,0.15,S3_TREND
2026-08-20 11:00:00+00:00,BTC,SELL,24.55711879629962,0.02455711879629962,0.15,S3_TREND
2026-08-20 11:00:00+00:00,ETH,SELL,36.451150337439685,0.03645115033743969,0.15,S3_TREND
2026-08-20 12:00:00+00:00,BTC,BUY,14.793648693303112,0.014793648693303112,0.15,S3_TREND
2026-08-20 12:00:00+00:00,ETH,SELL,59.167678010386226,0.05916767801038623,0.15,S3_TREND
2026-08-20 12:00:00+00:00,SOL,BUY,40.595220922041335,0.040595220922041333,0.15,S3_TREND
2026-08-20 13:00:00+00:00,BTC,SELL,13.913226570530242,0.013913226570530242,0.15,S3_TREND
2026-08-20 13:00:00+00:00,ETH,BUY,30.804338314266715,0.030804338314266717,0.15,S3_TREND
2026-08-20 13:00:00+00:00,SOL,BUY,15.74484607559316,0.01574484607559316,0.15,S3_TREND
2026-08-20 14:00:00+00:00,BTC,BUY,19.43668509121744,0.019436685091217442,0.15,S3_TREND
2026-08-20 14:00:00+00:00,ETH,BUY,50.94940586540906,0.05094940586540906,0.15,S3_TREND
2026-08-20 14:00:00+00:00,SOL,BUY,48.31106109616121,0.04831106109616121,0.15,S3_TREND
2026-08-20 15:00:00+00:00,BTC,SELL,18.077322965871645,0.018077322965871646,0.15,S3_TREND
2026-08-20 15:00:00+00:00,ETH,SELL,18.311061161943147,0.018311061161943146,0.15,S3_TREND
2026-08-20 15:00:00+00:00,SOL,BUY,3.8768770950537146,0.003876877095053715,0.15,S3_TREND
2026-08-20 16:00:00+00:00,BTC,SELL,47.75509987001715,0.04775509987001715,0.15,S3_TREND
2026-08-20 16:00:00+00:00,ETH,SELL,202.8056195211193,0.2028056195211193,0.15,S3_TREND
2026-08-20 16:00:00+00:00,SOL,SELL,45.022141828283566,0.04502214182828357,0.15,S3_TREND
2026-08-20 17:00:00+00:00,BTC,SELL,35.47616769767774,0.03547616769767774,0.15,S3_TREND
2026-08-20 17:00:00+00:00,ETH,SELL,74.59357180262123,0.07459357180262123,0.15,S3_TREND
2026-08-20 17:00:00+00:00,SOL,SELL,26.970361865214727,0.026970361865214728,0.15,S3_TREND
2026-08-20 18:00:00+00:00,BTC,BUY,10.136416419989473,0.010136416419989473,0.15,S3_TREND
2026-08-20 18:00:00+00:00,ETH,SELL,8.193228274316425,0.008193228274316426,0.15,S3_TREND
2026-08-20 18:00:00+00:00,SOL,BUY,33.15371943519858,0.033153719435198584,0.15,S3_TREND
2026-08-20 19:00:00+00:00,BTC,BUY,10.041264974401201,0.010041264974401201,0.15,S3_TREND
2026-08-20 19:00:00+00:00,ETH,BUY,120.87686658739949,0.12087686658739949,0.15,S3_TREND
2026-08-20 19:00:00+00:00,SOL,BUY,54.832033695627615,0.05483203369562761,0.15,S3_TREND
2026-08-20 20:00:00+00:00,BTC,SELL,25.469806322396835,0.025469806322396836,0.15,S3_TREND
2026-08-20 20:00:00+00:00,ETH,SELL,19.97195393559923,0.01997195393559923,0.15,S3_TREND
2026-08-20 20:00:00+00:00,SOL,SELL,50.11262589962644,0.05011262589962644,0.15,S3_TREND
2026-08-20 21:00:00+00:00,BTC,BUY,5.030308190238429,0.005030308190238429,0.15,S3_TREND
2026-08-20 21:00:00+00:00,ETH,BUY,33.48953557741697,0.033489535577416976,0.15,S3_TREND
2026-08-20 21:00:00+00:00,SOL,SELL,43.259050681295776,0.04325905068129578,0.15,S3_TREND
2026-08-20 22:00:00+00:00,BTC,SELL,13.816945986969586,0.013816945986969587,0.15,S3_TREND
2026-08-20 22:00:00+00:00,ETH,SELL,1.3639227914918592,0.0013639227914918593,0.15,S3_TREND
2026-08-20 22:00:00+00:00,SOL,BUY,14.862035642661795,0.014862035642661794,0.15,S3_TREND
2026-08-20 23:00:00+00:00,ETH,BUY,14.557156071914505,0.014557156071914506,0.15,S3_TREND
2026-08-20 23:00:00+00:00,SOL,BUY,31.730622883225806,0.031730622883225805,0.15,S3_TREND
2026-08-21 00:00:00+00:00,BTC,SELL,36.7975776849271,0.0367975776849271,0.15,S3_TREND
2026-08-21 00:00:00+00:00,ETH,SELL,44.776793892584465,0.04477679389258447,0.15,S3_TREND
2026-08-21 00:00:00+00:00,SOL,SELL,36.903733306720824,0.03690373330672082,0.15,S3_TREND
2026-08-21 01:00:00+00:00,BTC,SELL,86.97183423332172,0.08697183423332172,0.15,S3_TREND
2026-08-21 01:00:00+00:00,ETH,SELL,39.23722405681838,0.03923722405681838,0.15,S3_TREND
2026-08-21 01:00:00+00:00,SOL,SELL,47.958330810830375,0.047958330810830375,0.15,S3_TREND
2026-08-21 02:00:00+00:00,BTC,SELL,200.80277551621475,0.20080277551621475,0.15,S3_TREND
2026-08-21 02:00:00+00:00,ETH,SELL,36.445116646937095,0.036445116646937094,0.15,S3_TREND
2026-08-21 02:00:00+00:00,SOL,SELL,49.697496944754675,0.04969749694475468,0.15,S3_TREND
2026-08-21 03:00:00+00:00,BTC,BUY,106.9622432727192,0.1069622432727192,0.15,S3_TREND
2026-08-21 03:00:00+00:00,ETH,BUY,57.43812023265127,0.057438120232651275,0.15,S3_TREND
2026-08-21 03:00:00+00:00,SOL,SELL,67.3916854165982,0.0673916854165982,0.15,S3_TREND
2026-08-21 04:00:00+00:00,BTC,SELL,19.833790902883266,0.019833790902883265,0.15,S3_TREND
2026-08-21 04:00:00+00:00,ETH,BUY,23.111831871652612,0.023111831871652614,0.15,S3_TREND
2026-08-21 04:00:00+00:00,SOL,BUY,18.41983895084013,0.01841983895084013,0.15,S3_TREND
2026-08-21 05:00:00+00:00,BTC,SELL,64.32302966307361,0.06432302966307361,0.15,S3_TREND
2026-08-21 05:00:00+00:00,ETH,SELL,46.91409207362995,0.046914092073629954,0.15,S3_TREND
2026-08-21 05:00:00+00:00,SOL,SELL,20.96800935770989,0.02096800935770989,0.15,S3_TREND
2026-08-21 06:00:00+00:00,BTC,SELL,36.53946418838859,0.03653946418838859,0.15,S3_TREND
2026-08-21 06:00:00+00:00,ETH,SELL,36.35983440116979,0.03635983440116979,0.15,S3_TREND
2026-08-21 06:00:00+00:00,SOL,SELL,110.92036783162621,0.1109203678316262,0.15,S3_TREND
2026-08-21 07:00:00+00:00,BTC,SELL,29.639946760004023,0.029639946760004022,0.15,S3_TREND
2026-08-21 07:00:00+00:00,ETH,SELL,21.110188257413025,0.021110188257413027,0.15,S3_TREND
2026-08-21 07:00:00+00:00,SOL,BUY,36.20117779841894,0.03620117779841894,0.15,S3_TREND
2026-08-21 08:00:00+00:00,BTC,SELL,105.34371422940058,0.10534371422940057,0.15,S3_TREND
2026-08-21 08:00:00+00:00,ETH,BUY,27.535430763326076,0.027535430763326076,0.15,S3_TREND
2026-08-21 08:00:00+00:00,SOL,SELL,4.95971511591415,0.004959715115914151,0.15,S3_TREND
2026-08-21 09:00:00+00:00,BTC,SELL,344.05444575958245,0.34405444575958244,0.15,S3_TREND
2026-08-21 09:00:00+00:00,ETH,SELL,226.03836216002492,0.22603836216002493,0.15,S3_TREND
2026-08-21 09:00:00+00:00,SOL,SELL,241.37211327332443,0.24137211327332445,0.15,S3_TREND
2026-08-21 10:00:00+00:00,BTC,BUY,139.34674884452397,0.13934674884452397,0.15,S3_TREND
2026-08-21 10:00:00+00:00,ETH,BUY,131.15162867091385,0.13115162867091384,0.15,S3_TREND
2026-08-21 10:00:00+00:00,SOL,BUY,143.21946969710552,0.14321946969710553,0.15,S3_TREND
2026-08-21 11:00:00+00:00,BTC,BUY,3.564696646973971,0.003564696646973971,0.15,S3_TREND
2026-08-21 11:00:00+00:00,ETH,BUY,37.722215326277365,0.03772221532627736,0.15,S3_TREND
2026-08-21 11:00:00+00:00,SOL,BUY,15.060047323708204,0.015060047323708204,0.15,S3_TREND
2026-08-21 12:00:00+00:00,BTC,BUY,123.51216170269981,0.12351216170269981,0.15,S3_TREND
2026-08-21 12:00:00+00:00,ETH,BUY,70.39435255645913,0.07039435255645912,0.15,S3_TREND
2026-08-21 12:00:00+00:00,SOL,BUY,107.61630930039428,0.10761630930039429,0.15,S3_TREND
2026-08-21 13:00:00+00:00,BTC,SELL,50.44218773766988,0.05044218773766988,0.15,S3_TREND
2026-08-21 13:00:00+00:00,ETH,SELL,66.80435311870679,0.06680435311870679,0.15,S3_TREND
2026-08-21 13:00:00+00:00,SOL,SELL,48.80911162085613,0.04880911162085613,0.15,S3_TREND
2026-08-21 14:00:00+00:00,BTC,SELL,3.29959111197968,0.00329959111197968,0.15,S3_TREND
2026-08-21 14:00:00+00:00,ETH,BUY,10.880097746865431,0.01088009774686543,0.15,S3_TREND
2026-08-21 14:00:00+00:00,SOL,SELL,25.77818679576376,0.02577818679576376,0.15,S3_TREND
2026-08-21 15:00:00+00:00,BTC,BUY,6.108700829025111,0.006108700829025111,0.15,S3_TREND
2026-08-21 15:00:00+00:00,ETH,SELL,8.528500329386588,0.008528500329386589,0.15,S3_TREND
2026-08-21 15:00:00+00:00,SOL,SELL,102.12962087607593,0.10212962087607594,0.15,S3_TREND
2026-08-21 16:00:00+00:00,BTC,BUY,14.002666661963303,0.014002666661963304,0.15,S3_TREND
2026-08-21 16:00:00+00:00,ETH,SELL,16.754427580804986,0.016754427580804986,0.15,S3_TREND
2026-08-21 16:00:00+00:00,SOL,BUY,64.74415096282246,0.06474415096282246,0.15,S3_TREND
2026-08-21 17:00:00+00:00,BTC,SELL,25.10123724010009,0.02510123724010009,0.15,S3_TREND
2026-08-21 17:00:00+00:00,ETH,SELL,50.560267626253335,0.05056026762625333,0.15,S3_TREND
2026-08-21 17:00:00+00:00,SOL,SELL,16.67100594609292,0.01667100594609292,0.15,S3_TREND
2026-08-21 18:00:00+00:00,BTC,BUY,35.34947812718201,0.03534947812718201,0.15,S3_TREND
2026-08-21 18:00:00+00:00,ETH,SELL,90.33594579623605,0.09033594579623605,0.15,S3_TREND
2026-08-21 18:00:00+00:00,SOL,SELL,9.700486861585887,0.009700486861585887,0.15,S3_TREND
2026-08-21 19:00:00+00:00,BTC,BUY,31.504156901961323,0.031504156901961324,0.15,S3_TREND
2026-08-21 19:00:00+00:00,ETH,BUY,2.0916880947406753,0.0020916880947406753,0.15,S3_TREND
2026-08-21 19:00:00+00:00,SOL,BUY,23.0533868922721,0.023053386892272102,0.15,S3_TREND
2026-08-21 20:00:00+00:00,BTC,SELL,2.0437289975743624,0.0020437289975743624,0.15,S3_TREND
2026-08-21 20:00:00+00:00,ETH,BUY,19.291542903896698,0.0192915429038967,0.15,S3_TREND
2026-08-21 20:00:00+00:00,SOL,BUY,72.11436865586256,0.07211436865586257,0.15,S3_TREND
2026-08-21 21:00:00+00:00,BTC,SELL,32.75406131325872,0.03275406131325872,0.15,S3_TREND
2026-08-21 21:00:00+00:00,ETH,SELL,106.56728458970429,0.10656728458970428,0.15,S3_TREND
2026-08-21 21:00:00+00:00,SOL,SELL,84.4597854638032,0.0844597854638032,0.15,S3_TREND
2026-08-21 22:00:00+00:00,BTC,SELL,48.64344229224117,0.04864344229224117,0.15,S3_TREND
2026-08-21 22:00:00+00:00,ETH,SELL,297.77631558378744,0.2977763155837874,0.15,S3_TREND
2026-08-21 22:00:00+00:00,SOL,SELL,163.2051689169184,0.16320516891691841,0.15,S3_TREND
2026-08-21 23:00:00+00:00,BTC,BUY,28.214352980250624,0.028214352980250625,0.15,S3_TREND
2026-08-21 23:00:00+00:00,ETH,SELL,31.498420815323698,0.0314984208153237,0.15,S3_TREND
2026-08-21 23:00:00+00:00,SOL,SELL,69.35133971907271,0.06935133971907272,0.15,S3_TREND
2026-08-22 00:00:00+00:00,ETH,BUY,10.79433147020427,0.01079433147020427,0.15,S3_TREND
2026-08-22 00:00:00+00:00,SOL,BUY,69.55384363541998,0.06955384363541998,0.15,S3_TREND
2026-08-22 01:00:00+00:00,BTC,BUY,72.67762641773515,0.07267762641773516,0.15,S3_TREND
2026-08-22 01:00:00+00:00,ETH,SELL,37.78465008202147,0.03778465008202147,0.15,S3_TREND
2026-08-22 01:00:00+00:00,SOL,SELL,28.514534858815747,0.02851453485881575,0.15,S3_TREND
2026-08-22 02:00:00+00:00,BTC,BUY,1.55939712248437,0.00155939712248437,0.15,S3_TREND
2026-08-22 02:00:00+00:00,ETH,BUY,69.24569846640588,0.06924569846640588,0.15,S3_TREND
2026-08-22 02:00:00+00:00,SOL,BUY,9.7316944302911,0.0097316944302911,0.15,S3_TREND
2026-08-22 03:00:00+00:00,BTC,SELL,49.50612675787125,0.04950612675787125,0.15,S3_TREND
2026-08-22 03:00:00+00:00,ETH,BUY,19.233927620041868,0.01923392762004187,0.15,S3_TREND
2026-08-22 03:00:00+00:00,SOL,SELL,236.79596128775302,0.23679596128775302,0.15,S3_TREND
2026-08-22 04:00:00+00:00,BTC,BUY,35.85136249023708,0.03585136249023708,0.15,S3_TREND
2026-08-22 04:00:00+00:00,ETH,BUY,30.31178279945925,0.03031178279945925,0.15,S3_TREND
2026-08-22 04:00:00+00:00,SOL,SELL,156.69852043226456,0.15669852043226457,0.15,S3_TREND
2026-08-22 05:00:00+00:00,BTC,BUY,44.11700090447266,0.04411700090447266,0.15,S3_TREND
2026-08-22 05:00:00+00:00,ETH,BUY,59.13782056352102,0.05913782056352102,0.15,S3_TREND
2026-08-22 05:00:00+00:00,SOL,SELL,306.5641227222459,0.30656412272224587,0.15,S3_TREND
2026-08-22 06:00:00+00:00,BTC,SELL,1.1601501335971989,0.0011601501335971988,0.15,S3_TREND
2026-08-22 06:00:00+00:00,ETH,BUY,235.386022748884,0.23538602274888398,0.15,S3_TREND
2026-08-22 06:00:00+00:00,SOL,BUY,534.5250874866069,0.534525087486607,0.15,S3_TREND
2026-08-22 07:00:00+00:00,BTC,SELL,17.343285183889748,0.017343285183889747,0.15,S3_TREND
2026-08-22 07:00:00+00:00,ETH,BUY,15.94805474192799,0.01594805474192799,0.15,S3_TREND
2026-08-22 07:00:00+00:00,SOL,SELL,9.751189778835396,0.009751189778835396,0.15,S3_TREND
2026-08-22 08:00:00+00:00,BTC,BUY,31.468079727019358,0.03146807972701936,0.15,S3_TREND
2026-08-22 08:00:00+00:00,ETH,BUY,20.98036968516135,0.02098036968516135,0.15,S3_TREND
2026-08-22 08:00:00+00:00,SOL,SELL,29.77025007416887,0.02977025007416887,0.15,S3_TREND
2026-08-22 09:00:00+00:00,BTC,SELL,2.5929691724031727,0.0025929691724031726,0.15,S3_TREND
2026-08-22 09:00:00+00:00,ETH,BUY,28.485595736630785,0.028485595736630787,0.15,S3_TREND
2026-08-22 09:00:00+00:00,SOL,BUY,38.79779151470029,0.038797791514700294,0.15,S3_TREND
2026-08-22 10:00:00+00:00,BTC,BUY,16.456878001936275,0.016456878001936275,0.15,S3_TREND
2026-08-22 10:00:00+00:00,ETH,BUY,11.228805089460366,0.011228805089460366,0.15,S3_TREND
2026-08-22 10:00:00+00:00,SOL,BUY,16.292606554414306,0.016292606554414307,0.15,S3_TREND
2026-08-22 11:00:00+00:00,BTC,SELL,18.966246267304086,0.018966246267304088,0.15,S3_TREND
2026-08-22 11:00:00+00:00,ETH,BUY,20.700098222072484,0.020700098222072486,0.15,S3_TREND
2026-08-22 11:00:00+00:00,SOL,BUY,128.25987486908343,0.12825987486908344,0.15,S3_TREND
2026-08-22 12:00:00+00:00,BTC,SELL,5.080062381584867,0.005080062381584867,0.15,S3_TREND
2026-08-22 12:00:00+00:00,ETH,SELL,43.98024756830091,0.04398024756830091,0.15,S3_TREND
2026-08-22 12:00:00+00:00,SOL,SELL,40.68209094464328,0.04068209094464328,0.15,S3_TREND
2026-08-22 13:00:00+00:00,BTC,SELL,11.07627780625262,0.01107627780625262,0.15,S3_TREND
2026-08-22 13:00:00+00:00,ETH,SELL,4.001672654110735,0.004001672654110735,0.15,S3_TREND
2026-08-22 13:00:00+00:00,SOL,SELL,63.98340403111615,0.06398340403111616,0.15,S3_TREND
2026-08-22 14:00:00+00:00,BTC,BUY,10.552943936241718,0.010552943936241718,0.15,S3_TREND
2026-08-22 14:00:00+00:00,ETH,SELL,3.7424589871934586,0.0037424589871934586,0.15,S3_TREND
2026-08-22 14:00:00+00:00,SOL,SELL,37.40724498709642,0.03740724498709642,0.15,S3_TREND
2026-08-22 15:00:00+00:00,BTC,BUY,11.100502420633347,0.011100502420633348,0.15,S3_TREND
2026-08-22 15:00:00+00:00,ETH,BUY,54.95835487725162,0.054958354877251626,0.15,S3_TREND
2026-08-22 15:00:00+00:00,SOL,BUY,93.35451232481319,0.09335451232481319,0.15,S3_TREND
2026-08-22 16:00:00+00:00,BTC,SELL,2.8095814507178147,0.002809581450717815,0.15,S3_TREND
2026-08-22 16:00:00+00:00,ETH,BUY,11.027676662379235,0.011027676662379235,0.15,S3_TREND
2026-08-22 16:00:00+00:00,SOL,BUY,19.348403193605918,0.01934840319360592,0.15,S3_TREND
2026-08-22 17:00:00+00:00,BTC,SELL,11.056529155117458,0.011056529155117458,0.15,S3_TREND
2026-08-22 17:00:00+00:00,ETH,SELL,23.70444715037775,0.02370444715037775,0.15,S3_TREND
2026-08-22 17:00:00+00:00,SOL,SELL,142.0031463479354,0.1420031463479354,0.15,S3_TREND
2026-08-22 18:00:00+00:00,BTC,BUY,4.747554479890823,0.0047475544798908234,0.15,S3_TREND
2026-08-22 18:00:00+00:00,ETH,SELL,19.712310328937747,0.01971231032893775,0.15,S3_TREND
2026-08-22 18:00:00+00:00,SOL,BUY,4.402394521943279,0.004402394521943279,0.15,S3_TREND
2026-08-22 19:00:00+00:00,BTC,BUY,8.483115789982548,0.00848311578998255,0.15,S3_TREND
2026-08-22 19:00:00+00:00,SOL,SELL,25.213263392084627,0.02521326339208463,0.15,S3_TREND
2026-08-22 20:00:00+00:00,BTC,SELL,14.192933035101305,0.014192933035101305,0.15,S3_TREND
2026-08-22 20:00:00+00:00,ETH,SELL,58.63249039754737,0.05863249039754737,0.15,S3_TREND
2026-08-22 20:00:00+00:00,SOL,BUY,11.847853261197088,0.011847853261197088,0.15,S3_TREND
2026-08-22 21:00:00+00:00,BTC,BUY,8.305899447690535,0.008305899447690536,0.15,S3_TREND
2026-08-22 21:00:00+00:00,ETH,BUY,33.965423679108426,0.033965423679108424,0.15,S3_TREND
2026-08-22 21:00:00+00:00,SOL,BUY,2.018861392232793,0.0020188613922327934,0.15,S3_TREND
2026-08-22 22:00:00+00:00,BTC,BUY,14.824851285602563,0.014824851285602562,0.15,S3_TREND
2026-08-22 22:00:00+00:00,ETH,BUY,75.47375140503391,0.07547375140503391,0.15,S3_TREND
2026-08-22 22:00:00+00:00,SOL,BUY,175.44881605927185,0.17544881605927184,0.15,S3_TREND
2026-08-22 23:00:00+00:00,BTC,BUY,1.9940457641005196,0.0019940457641005197,0.15,S3_TREND
2026-08-22 23:00:00+00:00,ETH,SELL,11.408902099750776,0.011408902099750776,0.15,S3_TREND
2026-08-22 23:00:00+00:00,SOL,SELL,97.86457120318117,0.09786457120318118,0.15,S3_TREND
2026-08-23 00:00:00+00:00,ETH,SELL,36.665908753317126,0.03666590875331713,0.15,S3_TREND
2026-08-23 00:00:00+00:00,SOL,SELL,18.221313649646618,0.018221313649646617,0.15,S3_TREND
2026-08-23 01:00:00+00:00,BTC,BUY,30.421915417480704,0.030421915417480704,0.15,S3_TREND
2026-08-23 01:00:00+00:00,ETH,BUY,22.9750761572177,0.0229750761572177,0.15,S3_TREND
2026-08-23 01:00:00+00:00,SOL,SELL,324.663975913365,0.324663975913365,0.15,S3_TREND
2026-08-23 02:00:00+00:00,BTC,BUY,2.9145444963178306,0.002914544496317831,0.15,S3_TREND
2026-08-23 02:00:00+00:00,ETH,BUY,28.382493157025237,0.028382493157025238,0.15,S3_TREND
2026-08-23 02:00:00+00:00,SOL,BUY,36.83013520476197,0.03683013520476197,0.15,S3_TREND
2026-08-23 03:00:00+00:00,BTC,SELL,13.19277479156517,0.01319277479156517,0.15,S3_TREND
2026-08-23 03:00:00+00:00,ETH,BUY,4.081466952860865,0.004081466952860865,0.15,S3_TREND
2026-08-23 03:00:00+00:00,SOL,BUY,135.54557740200107,0.13554557740200107,0.15,S3_TREND
2026-08-23 04:00:00+00:00,BTC,SELL,5.8593979920897254,0.005859397992089725,0.15,S3_TREND
2026-08-23 04:00:00+00:00,ETH,SELL,16.722751670939033,0.016722751670939034,0.15,S3_TREND
2026-08-23 04:00:00+00:00,SOL,BUY,150.68104095294984,0.15068104095294985,0.15,S3_TREND
2026-08-23 05:00:00+00:00,BTC,SELL,6.676559072837335,0.0066765590728373354,0.15,S3_TREND
2026-08-23 05:00:00+00:00,ETH,BUY,146.811762140891,0.146811762140891,0.15,S3_TREND
2026-08-23 05:00:00+00:00,SOL,BUY,113.5966732402594,0.1135966732402594,0.15,S3_TREND
2026-08-23 06:00:00+00:00,BTC,BUY,77.99764859515926,0.07799764859515926,0.15,S3_TREND
2026-08-23 06:00:00+00:00,ETH,BUY,7.81090612513799,0.00781090612513799,0.15,S3_TREND
2026-08-23 06:00:00+00:00,SOL,BUY,14.006238860984013,0.014006238860984012,0.15,S3_TREND
2026-08-23 07:00:00+00:00,BTC,BUY,7.652616296258202,0.007652616296258202,0.15,S3_TREND
2026-08-23 07:00:00+00:00,ETH,SELL,89.0653160593738,0.0890653160593738,0.15,S3_TREND
2026-08-23 07:00:00+00:00,SOL,BUY,22.421423772117123,0.022421423772117123,0.15,S3_TREND
2026-08-23 08:00:00+00:00,BTC,BUY,19.314547686602964,0.019314547686602963,0.15,S3_TREND
2026-08-23 08:00:00+00:00,ETH,BUY,7.994748693958172,0.007994748693958172,0.15,S3_TREND
2026-08-23 08:00:00+00:00,SOL,SELL,34.65554095154948,0.034655540951549484,0.15,S3_TREND
2026-08-23 09:00:00+00:00,BTC,SELL,39.9919474009821,0.0399919474009821,0.15,S3_TREND
2026-08-23 09:00:00+00:00,ETH,SELL,91.48423905161326,0.09148423905161326,0.15,S3_TREND
2026-08-23 09:00:00+00:00,SOL,SELL,61.71552809359673,0.06171552809359673,0.15,S3_TREND
2026-08-23 10:00:00+00:00,BTC,SELL,8.732542908066534,0.008732542908066535,0.15,S3_TREND
2026-08-23 10:00:00+00:00,ETH,BUY,11.149098129330014,0.011149098129330013,0.15,S3_TREND
2026-08-23 10:00:00+00:00,SOL,SELL,15.476083422385273,0.015476083422385272,0.15,S3_TREND
2026-08-23 11:00:00+00:00,BTC,SELL,28.157932953499763,0.028157932953499765,0.15,S3_TREND
2026-08-23 11:00:00+00:00,ETH,SELL,6.009671123521912,0.006009671123521912,0.15,S3_TREND
2026-08-23 11:00:00+00:00,SOL,SELL,32.42252240950438,0.032422522409504384,0.15,S3_TREND
2026-08-23 12:00:00+00:00,BTC,SELL,44.94912556789859,0.04494912556789859,0.15,S3_TREND
2026-08-23 12:00:00+00:00,ETH,SELL,58.059800180048114,0.05805980018004812,0.15,S3_TREND
2026-08-23 12:00:00+00:00,SOL,SELL,99.36757982284507,0.09936757982284508,0.15,S3_TREND
2026-08-23 13:00:00+00:00,BTC,BUY,10.329474455324089,0.01032947445532409,0.15,S3_TREND
2026-08-23 13:00:00+00:00,ETH,BUY,30.515322122690122,0.030515322122690123,0.15,S3_TREND
2026-08-23 13:00:00+00:00,SOL,SELL,5.103434533681138,0.005103434533681139,0.15,S3_TREND
2026-08-23 14:00:00+00:00,BTC,BUY,2.5609393227423425,0.0025609393227423423,0.15,S3_TREND
2026-08-23 14:00:00+00:00,ETH,SELL,142.97745857602786,0.14297745857602787,0.15,S3_TREND
2026-08-23 14:00:00+00:00,SOL,SELL,67.11999350155202,0.06711999350155202,0.15,S3_TREND
2026-08-23 15:00:00+00:00,BTC,BUY,23.054345455728253,0.023054345455728254,0.15,S3_TREND
2026-08-23 15:00:00+00:00,ETH,BUY,90.90992070361426,0.09090992070361427,0.15,S3_TREND
2026-08-23 15:00:00+00:00,SOL,BUY,13.50364950423318,0.01350364950423318,0.15,S3_TREND
2026-08-23 16:00:00+00:00,BTC,BUY,11.569906924029056,0.011569906924029056,0.15,S3_TREND
2026-08-23 16:00:00+00:00,ETH,BUY,7.899211524963903,0.007899211524963904,0.15,S3_TREND
2026-08-23 16:00:00+00:00,SOL,SELL,40.97803945821943,0.04097803945821943,0.15,S3_TREND
2026-08-23 17:00:00+00:00,BTC,SELL,32.684465256899784,0.03268446525689978,0.15,S3_TREND
2026-08-23 17:00:00+00:00,ETH,SELL,52.75653573350792,0.05275653573350792,0.15,S3_TREND
2026-08-23 17:00:00+00:00,SOL,BUY,12.182917867912693,0.012182917867912693,0.15,S3_TREND
2026-08-23 18:00:00+00:00,BTC,BUY,24.58455007007433,0.02458455007007433,0.15,S3_TREND
2026-08-23 18:00:00+00:00,ETH,BUY,39.30926545784132,0.03930926545784132,0.15,S3_TREND
2026-08-23 18:00:00+00:00,SOL,BUY,24.218720700862832,0.024218720700862832,0.15,S3_TREND
2026-08-23 19:00:00+00:00,BTC,SELL,14.806992316060132,0.014806992316060133,0.15,S3_TREND
2026-08-23 19:00:00+00:00,ETH,SELL,35.082275635748374,0.035082275635748374,0.15,S3_TREND
2026-08-23 19:00:00+00:00,SOL,SELL,12.614475497102829,0.01261447549710283,0.15,S3_TREND
2026-08-23 20:00:00+00:00,BTC,SELL,9.200722473753558,0.009200722473753559,0.15,S3_TREND
2026-08-23 20:00:00+00:00,ETH,BUY,14.193929376169763,0.014193929376169763,0.15,S3_TREND
2026-08-23 20:00:00+00:00,SOL,BUY,25.856665477882416,0.025856665477882415,0.15,S3_TREND
2026-08-23 21:00:00+00:00,BTC,SELL,4.2738535745374975,0.004273853574537498,0.15,S3_TREND
2026-08-23 21:00:00+00:00,ETH,SELL,27.17975326801934,0.02717975326801934,0.15,S3_TREND
2026-08-23 21:00:00+00:00,SOL,BUY,7.956188388401642,0.007956188388401642,0.15,S3_TREND
2026-08-23 22:00:00+00:00,BTC,SELL,45.89662989189674,0.04589662989189674,0.15,S3_TREND
2026-08-23 22:00:00+00:00,ETH,SELL,81.13464075148111,0.08113464075148112,0.15,S3_TREND
2026-08-23 22:00:00+00:00,SOL,SELL,8.380352583611966,0.008380352583611967,0.15,S3_TREND
2026-08-23 23:00:00+00:00,BTC,BUY,29.979459487751228,0.029979459487751228,0.15,S3_TREND
2026-08-23 23:00:00+00:00,ETH,BUY,75.0816685525042,0.0750816685525042,0.15,S3_TREND
2026-08-23 23:00:00+00:00,SOL,SELL,50.755081370651176,0.05075508137065118,0.15,S3_TREND
2026-08-24 00:00:00+00:00,BTC,SELL,17.92345670414761,0.017923456704147613,0.15,S3_TREND
2026-08-24 00:00:00+00:00,ETH,SELL,42.79049855567246,0.042790498555672456,0.15,S3_TREND
2026-08-24 00:00:00+00:00,SOL,BUY,31.3139261531378,0.0313139261531378,0.15,S3_TREND
2026-08-24 01:00:00+00:00,BTC,BUY,12.956506593605809,0.01295650659360581,0.15,S3_TREND
2026-08-24 01:00:00+00:00,ETH,SELL,7.68323232714647,0.00768323232714647,0.15,S3_TREND
2026-08-24 01:00:00+00:00,SOL,SELL,14.625331725679645,0.014625331725679645,0.15,S3_TREND
2026-08-24 02:00:00+00:00,BTC,BUY,51.75071185693014,0.05175071185693014,0.15,S3_TREND
2026-08-24 02:00:00+00:00,ETH,BUY,122.23521183673802,0.12223521183673802,0.15,S3_TREND
2026-08-24 02:00:00+00:00,SOL,BUY,168.31723191950186,0.16831723191950188,0.15,S3_TREND
2026-08-24 03:00:00+00:00,BTC,SELL,14896.828824903867,14.896828824903867,0.0,CASH
2026-08-24 03:00:00+00:00,ETH,SELL,41.394670825320645,0.04139467082532065,0.15,S3_TREND
2026-08-24 03:00:00+00:00,SOL,SELL,67.29200617260904,0.06729200617260904,0.15,S3_TREND
2026-08-24 04:00:00+00:00,ETH,SELL,14756.250814584811,14.756250814584812,0.0,CASH
2026-08-24 04:00:00+00:00,SOL,BUY,109.7784370769059,0.1097784370769059,0.15,S3_TREND
2026-08-24 05:00:00+00:00,SOL,SELL,76.10286317109603,0.07610286317109603,0.15,S3_TREND
2026-08-24 06:00:00+00:00,SOL,SELL,8.02908584675788,0.008029085846757881,0.15,S3_TREND
2026-08-24 07:00:00+00:00,SOL,SELL,38.732283353923776,0.03873228335392378,0.15,S3_TREND
2026-08-24 08:00:00+00:00,SOL,BUY,59.93746626374741,0.059937466263747415,0.15,S3_TREND
2026-08-24 09:00:00+00:00,SOL,BUY,24.065763583459557,0.02406576358345956,0.15,S3_TREND
2026-08-24 10:00:00+00:00,SOL,SELL,97.79909105219303,0.09779909105219303,0.15,S3_TREND
2026-08-24 11:00:00+00:00,SOL,SELL,6.669081118665417,0.006669081118665417,0.15,S3_TREND
2026-08-24 12:00:00+00:00,SOL,SELL,150.32306034233443,0.15032306034233442,0.15,S3_TREND
2026-08-24 13:00:00+00:00,SOL,SELL,59.28537235865951,0.05928537235865951,0.15,S3_TREND
2026-08-24 14:00:00+00:00,SOL,BUY,166.5793218725994,0.16657932187259938,0.15,S3_TREND
2026-08-24 15:00:00+00:00,SOL,SELL,144.6265183206906,0.1446265183206906,0.15,S3_TREND
2026-08-24 16:00:00+00:00,SOL,SELL,46.00569979031752,0.046005699790317524,0.15,S3_TREND
2026-08-24 17:00:00+00:00,SOL,BUY,51.07431406601245,0.05107431406601245,0.15,S3_TREND
2026-08-24 18:00:00+00:00,SOL,BUY,88.05001349778831,0.08805001349778832,0.15,S3_TREND
2026-08-24 19:00:00+00:00,SOL,SELL,70.08656275750036,0.07008656275750036,0.15,S3_TREND
2026-08-24 20:00:00+00:00,SOL,SELL,80.28216180092022,0.08028216180092022,0.15,S3_TREND
2026-08-24 21:00:00+00:00,SOL,SELL,1.3209024376064917,0.0013209024376064917,0.15,S3_TREND
2026-08-24 22:00:00+00:00,BTC,BUY,14887.268747251284,14.887268747251285,0.15,S3_TREND
2026-08-24 22:00:00+00:00,SOL,SELL,121.71337383002172,0.12171337383002173,0.15,S3_TREND
2026-08-24 23:00:00+00:00,BTC,BUY,35.96076883334899,0.03596076883334899,0.15,S3_TREND
2026-08-24 23:00:00+00:00,ETH,BUY,14877.196052871268,14.877196052871268,0.15,S3_TREND
2026-08-24 23:00:00+00:00,SOL,SELL,3.963843847701355,0.003963843847701355,0.15,S3_TREND
2026-08-25 00:00:00+00:00,SOL,SELL,187.6815608986144,0.1876815608986144,0.15,S3_TREND
2026-08-25 01:00:00+00:00,BTC,SELL,47.27442418154169,0.047274424181541694,0.15,S3_TREND
2026-08-25 01:00:00+00:00,ETH,BUY,25.377641624110765,0.025377641624110766,0.15,S3_TREND
2026-08-25 01:00:00+00:00,SOL,SELL,324.9627907042686,0.32496279070426864,0.15,S3_TREND
2026-08-25 02:00:00+00:00,BTC,SELL,40.336950388787955,0.04033695038878796,0.15,S3_TREND
2026-08-25 02:00:00+00:00,ETH,SELL,38.095045203735936,0.03809504520373594,0.15,S3_TREND
2026-08-25 02:00:00+00:00,SOL,BUY,165.1560335875347,0.1651560335875347,0.15,S3_TREND
2026-08-25 03:00:00+00:00,BTC,SELL,110.59567428178161,0.11059567428178162,0.15,S3_TREND
2026-08-25 03:00:00+00:00,ETH,SELL,26.61031703455774,0.02661031703455774,0.15,S3_TREND
2026-08-25 03:00:00+00:00,SOL,SELL,23.41603050471349,0.02341603050471349,0.15,S3_TREND
2026-08-25 04:00:00+00:00,BTC,BUY,33.23316043860905,0.03323316043860905,0.15,S3_TREND
2026-08-25 04:00:00+00:00,ETH,BUY,53.472878449578275,0.05347287844957828,0.15,S3_TREND
2026-08-25 04:00:00+00:00,SOL,SELL,98.22428322506494,0.09822428322506493,0.15,S3_TREND
2026-08-25 05:00:00+00:00,BTC,BUY,9.604298716198173,0.009604298716198173,0.15,S3_TREND
2026-08-25 05:00:00+00:00,ETH,BUY,12.319762230439665,0.012319762230439665,0.15,S3_TREND
2026-08-25 05:00:00+00:00,SOL,BUY,27.830277287070203,0.027830277287070205,0.15,S3_TREND
2026-08-25 06:00:00+00:00,BTC,SELL,33.65533862029406,0.03365533862029406,0.15,S3_TREND
2026-08-25 06:00:00+00:00,ETH,SELL,47.56953975386569,0.04756953975386569,0.15,S3_TREND
2026-08-25 06:00:00+00:00,SOL,SELL,47.86201307887313,0.04786201307887313,0.15,S3_TREND
2026-08-25 07:00:00+00:00,BTC,SELL,6.889373746360434,0.006889373746360434,0.15,S3_TREND
2026-08-25 07:00:00+00:00,ETH,BUY,10.740138655857663,0.010740138655857663,0.15,S3_TREND
2026-08-25 07:00:00+00:00,SOL,BUY,129.24716667832945,0.12924716667832944,0.15,S3_TREND
2026-08-25 08:00:00+00:00,BTC,BUY,105.9871410974556,0.1059871410974556,0.15,S3_TREND
2026-08-25 08:00:00+00:00,ETH,BUY,75.93967944473843,0.07593967944473844,0.15,S3_TREND
2026-08-25 08:00:00+00:00,SOL,BUY,23.08349204118167,0.023083492041181673,0.15,S3_TREND
2026-08-25 09:00:00+00:00,BTC,SELL,26.813410322029085,0.026813410322029087,0.15,S3_TREND
2026-08-25 09:00:00+00:00,ETH,SELL,20.068522031231623,0.020068522031231623,0.15,S3_TREND
2026-08-25 09:00:00+00:00,SOL,SELL,9.947199909334813,0.009947199909334813,0.15,S3_TREND
2026-08-25 10:00:00+00:00,BTC,BUY,96.101890107695,0.096101890107695,0.15,S3_TREND
2026-08-25 10:00:00+00:00,ETH,BUY,17.905238875688156,0.017905238875688154,0.15,S3_TREND
2026-08-25 10:00:00+00:00,SOL,BUY,44.74794340115659,0.04474794340115659,0.15,S3_TREND
2026-08-25 11:00:00+00:00,BTC,SELL,17.227595059373925,0.017227595059373924,0.15,S3_TREND
2026-08-25 11:00:00+00:00,ETH,SELL,37.29937154334948,0.03729937154334948,0.15,S3_TREND
2026-08-25 11:00:00+00:00,SOL,BUY,32.822612260953974,0.032822612260953975,0.15,S3_TREND
2026-08-25 12:00:00+00:00,BTC,BUY,3.9676861128209566,0.003967686112820956,0.15,S3_TREND
2026-08-25 12:00:00+00:00,ETH,SELL,8.540933622414741,0.008540933622414742,0.15,S3_TREND
2026-08-25 12:00:00+00:00,SOL,BUY,122.38035035773646,0.12238035035773646,0.15,S3_TREND
2026-08-25 13:00:00+00:00,BTC,BUY,17.676134213381374,0.017676134213381375,0.15,S3_TREND
2026-08-25 13:00:00+00:00,ETH,BUY,18.087215181354622,0.018087215181354623,0.15,S3_TREND
2026-08-25 13:00:00+00:00,SOL,SELL,5.315325204661349,0.005315325204661349,0.15,S3_TREND
2026-08-25 14:00:00+00:00,BTC,BUY,9.274146894023943,0.009274146894023944,0.15,S3_TREND
2026-08-25 14:00:00+00:00,ETH,BUY,23.631630768808463,0.023631630768808465,0.15,S3_TREND
2026-08-25 14:00:00+00:00,SOL,BUY,162.84592657888606,0.16284592657888608,0.15,S3_TREND
2026-08-25 15:00:00+00:00,BTC,SELL,55.462345832602296,0.055462345832602296,0.15,S3_TREND
2026-08-25 15:00:00+00:00,ETH,SELL,42.13707961403633,0.04213707961403633,0.15,S3_TREND
2026-08-25 15:00:00+00:00,SOL,SELL,106.4679855964805,0.1064679855964805,0.15,S3_TREND
2026-08-25 16:00:00+00:00,BTC,SELL,33.546241659945736,0.033546241659945734,0.15,S3_TREND
2026-08-25 16:00:00+00:00,ETH,SELL,19.426556423501097,0.019426556423501096,0.15,S3_TREND
2026-08-25 16:00:00+00:00,SOL,SELL,7.777306238085657,0.007777306238085657,0.15,S3_TREND
2026-08-25 17:00:00+00:00,BTC,BUY,40.1020859834789,0.0401020859834789,0.15,S3_TREND
2026-08-25 17:00:00+00:00,ETH,BUY,48.54641091477606,0.04854641091477606,0.15,S3_TREND
2026-08-25 17:00:00+00:00,SOL,BUY,2.450197990741799,0.0024501979907417992,0.15,S3_TREND
2026-08-25 18:00:00+00:00,BTC,SELL,13.130323940142262,0.013130323940142262,0.15,S3_TREND
2026-08-25 18:00:00+00:00,SOL,BUY,2.684234967584416,0.0026842349675844164,0.15,S3_TREND
2026-08-25 19:00:00+00:00,BTC,BUY,21.252100898685967,0.02125210089868597,0.15,S3_TREND
2026-08-25 19:00:00+00:00,ETH,BUY,22.4098911905603,0.0224098911905603,0.15,S3_TREND
2026-08-25 19:00:00+00:00,SOL,SELL,43.83491155804404,0.04383491155804404,0.15,S3_TREND
2026-08-25 20:00:00+00:00,BTC,BUY,16.437094946148136,0.016437094946148135,0.15,S3_TREND
2026-08-25 20:00:00+00:00,ETH,BUY,2.6608992079018208,0.0026608992079018207,0.15,S3_TREND
2026-08-25 20:00:00+00:00,SOL,BUY,60.10013766542943,0.06010013766542943,0.15,S3_TREND
2026-08-25 21:00:00+00:00,BTC,BUY,61.97119451481922,0.061971194514819215,0.15,S3_TREND
2026-08-25 21:00:00+00:00,ETH,BUY,89.23927350332997,0.08923927350332997,0.15,S3_TREND
2026-08-25 21:00:00+00:00,SOL,BUY,119.20854926785614,0.11920854926785615,0.15,S3_TREND
2026-08-25 22:00:00+00:00,BTC,SELL,42.00221969189806,0.04200221969189806,0.15,S3_TREND
2026-08-25 22:00:00+00:00,ETH,SELL,5.6802936559379305,0.00568029365593793,0.15,S3_TREND
2026-08-25 22:00:00+00:00,SOL,SELL,51.22424421384494,0.051224244213844944,0.15,S3_TREND
2026-08-25 23:00:00+00:00,BTC,SELL,39.86081414826367,0.039860814148263674,0.15,S3_TREND
2026-08-25 23:00:00+00:00,ETH,SELL,52.74213783321284,0.05274213783321284,0.15,S3_TREND
2026-08-25 23:00:00+00:00,SOL,BUY,17.423362809095124,0.017423362809095125,0.15,S3_TREND
2026-08-26 00:00:00+00:00,BTC,BUY,31.916466632183074,0.031916466632183074,0.15,S3_TREND
2026-08-26 00:00:00+00:00,ETH,BUY,33.74177006692844,0.03374177006692844,0.15,S3_TREND
2026-08-26 00:00:00+00:00,SOL,BUY,59.160149383938915,0.05916014938393892,0.15,S3_TREND
2026-08-26 01:00:00+00:00,BTC,SELL,10.450724910380815,0.010450724910380816,0.15,S3_TREND
2026-08-26 01:00:00+00:00,ETH,SELL,14.7653197077143,0.0147653197077143,0.15,S3_TREND
2026-08-26 02:00:00+00:00,BTC,SELL,11.576105695925435,0.011576105695925435,0.15,S3_TREND
2026-08-26 02:00:00+00:00,ETH,SELL,36.029140180597096,0.036029140180597094,0.15,S3_TREND
2026-08-26 02:00:00+00:00,SOL,SELL,37.47779263799566,0.037477792637995666,0.15,S3_TREND
2026-08-26 03:00:00+00:00,BTC,SELL,33.045626955301486,0.033045626955301485,0.15,S3_TREND
2026-08-26 03:00:00+00:00,ETH,SELL,33.67149245515793,0.03367149245515793,0.15,S3_TREND
2026-08-26 03:00:00+00:00,SOL,SELL,14.585353634920466,0.014585353634920466,0.15,S3_TREND
2026-08-26 04:00:00+00:00,BTC,SELL,1.640792745185536,0.001640792745185536,0.15,S3_TREND
2026-08-26 04:00:00+00:00,ETH,SELL,7.400758527115613,0.007400758527115614,0.15,S3_TREND
2026-08-26 04:00:00+00:00,SOL,BUY,28.352479767238037,0.028352479767238037,0.15,S3_TREND
2026-08-26 05:00:00+00:00,BTC,BUY,24.008786827536824,0.024008786827536824,0.15,S3_TREND
2026-08-26 05:00:00+00:00,ETH,BUY,26.92320594405828,0.02692320594405828,0.15,S3_TREND
2026-08-26 05:00:00+00:00,SOL,BUY,42.043829057114635,0.04204382905711464,0.15,S3_TREND
2026-08-26 06:00:00+00:00,BTC,SELL,23.530079064485108,0.023530079064485107,0.15,S3_TREND
2026-08-26 06:00:00+00:00,ETH,SELL,23.027416583568993,0.023027416583568994,0.15,S3_TREND
2026-08-26 06:00:00+00:00,SOL,SELL,46.78115829031776,0.046781158290317766,0.15,S3_TREND
2026-08-26 07:00:00+00:00,BTC,BUY,11.072256799492607,0.011072256799492607,0.15,S3_TREND
2026-08-26 07:00:00+00:00,ETH,BUY,13.889693073044327,0.013889693073044327,0.15,S3_TREND
2026-08-26 07:00:00+00:00,SOL,BUY,29.52967568189524,0.029529675681895243,0.15,S3_TREND
2026-08-26 08:00:00+00:00,BTC,BUY,8.504971849404683,0.008504971849404684,0.15,S3_TREND
2026-08-26 08:00:00+00:00,ETH,SELL,5.603642369036606,0.005603642369036607,0.15,S3_TREND
2026-08-26 08:00:00+00:00,SOL,SELL,18.72037775541139,0.018720377755411393,0.15,S3_TREND
2026-08-26 09:00:00+00:00,BTC,BUY,26.689800157875652,0.026689800157875653,0.15,S3_TREND
2026-08-26 09:00:00+00:00,ETH,BUY,18.788146866634634,0.018788146866634634,0.15,S3_TREND
2026-08-26 09:00:00+00:00,SOL,BUY,7.1076389612044295,0.00710763896120443,0.15,S3_TREND
2026-08-26 10:00:00+00:00,BTC,BUY,19.5776942887951,0.019577694288795102,0.15,S3_TREND
2026-08-26 10:00:00+00:00,ETH,BUY,20.90457039993089,0.02090457039993089,0.15,S3_TREND
2026-08-26 10:00:00+00:00,SOL,BUY,69.62978699996347,0.06962978699996347,0.15,S3_TREND
2026-08-26 11:00:00+00:00,BTC,BUY,4.229285152705415,0.004229285152705415,0.15,S3_TREND
2026-08-26 11:00:00+00:00,ETH,SELL,70.0952202073604,0.0700952202073604,0.15,S3_TREND
2026-08-26 11:00:00+00:00,SOL,SELL,145.70183563501814,0.14570183563501815,0.15,S3_TREND
2026-08-26 12:00:00+00:00,BTC,BUY,23.15524281065882,0.02315524281065882,0.15,S3_TREND
2026-08-26 12:00:00+00:00,ETH,BUY,13.198171108064344,0.013198171108064344,0.15,S3_TREND
2026-08-26 12:00:00+00:00,SOL,BUY,44.91022352441723,0.04491022352441723,0.15,S3_TREND
2026-08-26 13:00:00+00:00,BTC,BUY,18.959712120346012,0.01895971212034601,0.15,S3_TREND
2026-08-26 13:00:00+00:00,ETH,BUY,35.949538377140925,0.035949538377140926,0.15,S3_TREND
2026-08-26 13:00:00+00:00,SOL,SELL,8.176359809673158,0.00817635980967316,0.15,S3_TREND
2026-08-26 14:00:00+00:00,BTC,SELL,29.27376995231134,0.029273769952311342,0.15,S3_TREND
2026-08-26 14:00:00+00:00,ETH,SELL,18.659641616575755,0.018659641616575753,0.15,S3_TREND
2026-08-26 14:00:00+00:00,SOL,BUY,65.53973191789919,0.06553973191789919,0.15,S3_TREND
2026-08-26 15:00:00+00:00,BTC,BUY,64.65107957006512,0.06465107957006512,0.15,S3_TREND
2026-08-26 15:00:00+00:00,ETH,BUY,48.37327927372098,0.04837327927372098,0.15,S3_TREND
2026-08-26 15:00:00+00:00,SOL,BUY,106.12426687797233,0.10612426687797233,0.15,S3_TREND
2026-08-26 16:00:00+00:00,BTC,SELL,15.54520518170466,0.01554520518170466,0.15,S3_TREND
2026-08-26 16:00:00+00:00,ETH,SELL,36.95265941302023,0.03695265941302023,0.15,S3_TREND
2026-08-26 16:00:00+00:00,SOL,SELL,44.72632990611237,0.04472632990611237,0.15,S3_TREND
2026-08-26 17:00:00+00:00,ETH,BUY,26.570953817286863,0.026570953817286865,0.15,S3_TREND
2026-08-26 17:00:00+00:00,SOL,SELL,7.928489911304496,0.007928489911304496,0.15,S3_TREND
2026-08-26 18:00:00+00:00,BTC,SELL,35.282395430960605,0.03528239543096061,0.15,S3_TREND
2026-08-26 18:00:00+00:00,ETH,SELL,46.61686442652535,0.04661686442652536,0.15,S3_TREND
2026-08-26 18:00:00+00:00,SOL,SELL,107.45597180168078,0.10745597180168077,0.15,S3_TREND
2026-08-26 19:00:00+00:00,BTC,BUY,2.4938455590472586,0.0024938455590472587,0.15,S3_TREND
2026-08-26 19:00:00+00:00,ETH,SELL,63.40135942003508,0.06340135942003508,0.15,S3_TREND
2026-08-26 19:00:00+00:00,SOL,BUY,31.053446016210728,0.03105344601621073,0.15,S3_TREND
2026-08-26 20:00:00+00:00,BTC,SELL,3.142679033353488,0.003142679033353488,0.15,S3_TREND
2026-08-26 20:00:00+00:00,ETH,BUY,8.854444062450057,0.008854444062450057,0.15,S3_TREND
2026-08-26 20:00:00+00:00,SOL,BUY,3.576664677060762,0.0035766646770607623,0.15,S3_TREND
2026-08-26 21:00:00+00:00,BTC,BUY,8.556949749807245,0.008556949749807245,0.15,S3_TREND
2026-08-26 21:00:00+00:00,ETH,SELL,4.777373815044484,0.004777373815044485,0.15,S3_TREND
2026-08-26 21:00:00+00:00,SOL,SELL,18.8978104134585,0.0188978104134585,0.15,S3_TREND
2026-08-26 22:00:00+00:00,BTC,BUY,8.692369903259532,0.008692369903259533,0.15,S3_TREND
2026-08-26 22:00:00+00:00,ETH,SELL,87.33066271338612,0.08733066271338612,0.15,S3_TREND
2026-08-26 22:00:00+00:00,SOL,SELL,142.09782360597455,0.14209782360597456,0.15,S3_TREND
2026-08-26 23:00:00+00:00,BTC,BUY,33.613513629312365,0.033613513629312364,0.15,S3_TREND
2026-08-26 23:00:00+00:00,ETH,BUY,47.58579742373877,0.04758579742373877,0.15,S3_TREND
2026-08-26 23:00:00+00:00,SOL,SELL,188.01317987527182,0.18801317987527183,0.15,S3_TREND
2026-08-27 00:00:00+00:00,BTC,BUY,13.187056632034,0.013187056632034,0.15,S3_TREND
2026-08-27 00:00:00+00:00,ETH,SELL,3.6029801836175466,0.0036029801836175465,0.15,S3_TREND
2026-08-27 00:00:00+00:00,SOL,SELL,283.6354861041291,0.2836354861041291,0.15,S3_TREND
2026-08-27 01:00:00+00:00,BTC,BUY,7.702623398055948,0.007702623398055948,0.15,S3_TREND
2026-08-27 01:00:00+00:00,ETH,SELL,14931.40781333068,14.93140781333068,0.0,CASH
2026-08-27 01:00:00+00:00,SOL,BUY,163.5082454741405,0.1635082454741405,0.15,S3_TREND
2026-08-27 02:00:00+00:00,BTC,SELL,17.026089603208675,0.017026089603208675,0.15,S3_TREND
2026-08-27 02:00:00+00:00,SOL,SELL,103.79582195954937,0.10379582195954937,0.15,S3_TREND
2026-08-27 03:00:00+00:00,BTC,BUY,23.43102031147646,0.02343102031147646,0.15,S3_TREND
2026-08-27 03:00:00+00:00,SOL,BUY,27.477840019593714,0.027477840019593715,0.15,S3_TREND
2026-08-27 04:00:00+00:00,BTC,SELL,20.266267818049528,0.02026626781804953,0.15,S3_TREND
2026-08-27 04:00:00+00:00,SOL,BUY,14.537791901269884,0.014537791901269885,0.15,S3_TREND
2026-08-27 05:00:00+00:00,BTC,BUY,7.312648509239807,0.007312648509239807,0.15,S3_TREND
2026-08-27 06:00:00+00:00,BTC,SELL,15000.049697375529,15.000049697375529,0.0,CASH
2026-08-27 06:00:00+00:00,SOL,SELL,117.30824790889712,0.11730824790889711,0.15,S3_TREND
2026-08-27 07:00:00+00:00,SOL,BUY,92.69903761368732,0.09269903761368732,0.15,S3_TREND
2026-08-27 08:00:00+00:00,SOL,SELL,66.65297287902285,0.06665297287902286,0.15,S3_TREND
2026-08-27 09:00:00+00:00,SOL,SELL,358.0179699613291,0.35801796996132906,0.15,S3_TREND
2026-08-27 10:00:00+00:00,SOL,BUY,32.95926059501289,0.03295926059501289,0.15,S3_TREND
2026-08-27 11:00:00+00:00,SOL,BUY,36.75663037481172,0.03675663037481172,0.15,S3_TREND
2026-08-27 12:00:00+00:00,SOL,BUY,18.42029256508249,0.018420292565082493,0.15,S3_TREND
2026-08-27 13:00:00+00:00,SOL,SELL,57.80774811907032,0.05780774811907032,0.15,S3_TREND
2026-08-27 14:00:00+00:00,SOL,SELL,200.93944271349392,0.20093944271349393,0.15,S3_TREND
2026-08-27 15:00:00+00:00,SOL,SELL,89.50233311325792,0.08950233311325792,0.15,S3_TREND
2026-08-27 16:00:00+00:00,SOL,SELL,48.09183996225693,0.04809183996225693,0.15,S3_TREND
2026-08-27 17:00:00+00:00,SOL,SELL,208.48481145041296,0.20848481145041298,0.15,S3_TREND
2026-08-27 18:00:00+00:00,SOL,BUY,88.60973994626693,0.08860973994626693,0.15,S3_TREND
2026-08-27 19:00:00+00:00,SOL,SELL,23.790128185926733,0.023790128185926733,0.15,S3_TREND
2026-08-27 20:00:00+00:00,SOL,SELL,118.70118872515013,0.11870118872515013,0.15,S3_TREND
2026-08-27 21:00:00+00:00,SOL,BUY,42.38129162219775,0.04238129162219775,0.15,S3_TREND
2026-08-27 22:00:00+00:00,ETH,BUY,15143.225301213373,15.143225301213374,0.15,S3_TREND
2026-08-27 22:00:00+00:00,SOL,BUY,35.4253450854103,0.0354253450854103,0.15,S3_TREND
2026-08-27 23:00:00+00:00,ETH,SELL,49.41500453757726,0.04941500453757726,0.15,S3_TREND
2026-08-27 23:00:00+00:00,SOL,SELL,46.71843079404425,0.04671843079404425,0.15,S3_TREND
2026-08-28 00:00:00+00:00,ETH,BUY,20.77378354980101,0.02077378354980101,0.15,S3_TREND
2026-08-28 01:00:00+00:00,ETH,SELL,24.79589667287837,0.024795896672878372,0.15,S3_TREND
2026-08-28 01:00:00+00:00,SOL,BUY,9.836641894444256,0.009836641894444257,0.15,S3_TREND
2026-08-28 02:00:00+00:00,ETH,SELL,10.23518410838551,0.01023518410838551,0.15,S3_TREND
2026-08-28 02:00:00+00:00,SOL,BUY,147.11075782101034,0.14711075782101035,0.15,S3_TREND
2026-08-28 03:00:00+00:00,ETH,BUY,75.28223461776179,0.07528223461776179,0.15,S3_TREND
2026-08-28 03:00:00+00:00,SOL,BUY,140.35701771920685,0.14035701771920686,0.15,S3_TREND
2026-08-28 04:00:00+00:00,ETH,BUY,19.067061961122818,0.019067061961122816,0.15,S3_TREND
2026-08-28 04:00:00+00:00,SOL,SELL,41.88957446086897,0.041889574460868974,0.15,S3_TREND
2026-08-28 05:00:00+00:00,BTC,BUY,15083.895352531918,15.083895352531918,0.15,S3_TREND
2026-08-28 05:00:00+00:00,ETH,BUY,17.93268672998238,0.01793268672998238,0.15,S3_TREND
2026-08-28 05:00:00+00:00,SOL,BUY,3.802867892811264,0.0038028678928112643,0.15,S3_TREND
2026-08-28 06:00:00+00:00,BTC,BUY,6.54988886585852,0.0065498888658585205,0.15,S3_TREND
2026-08-28 06:00:00+00:00,ETH,SELL,28.776843400903093,0.028776843400903095,0.15,S3_TREND
2026-08-28 06:00:00+00:00,SOL,SELL,46.2001847634092,0.046200184763409195,0.15,S3_TREND
2026-08-28 07:00:00+00:00,BTC,SELL,19.382751764287605,0.019382751764287606,0.15,S3_TREND
2026-08-28 07:00:00+00:00,ETH,SELL,36.71592879174386,0.03671592879174387,0.15,S3_TREND
2026-08-28 07:00:00+00:00,SOL,SELL,24.51166022498728,0.024511660224987283,0.15,S3_TREND
2026-08-28 08:00:00+00:00,BTC,BUY,8.244648170364599,0.0082446481703646,0.15,S3_TREND
2026-08-28 08:00:00+00:00,ETH,BUY,1.5398032314606098,0.0015398032314606098,0.15,S3_TREND
2026-08-28 08:00:00+00:00,SOL,BUY,129.34945774044172,0.12934945774044174,0.15,S3_TREND
2026-08-28 09:00:00+00:00,BTC,BUY,8.80482925789147,0.00880482925789147,0.15,S3_TREND
2026-08-28 09:00:00+00:00,ETH,BUY,32.555825864810686,0.032555825864810685,0.15,S3_TREND
2026-08-28 09:00:00+00:00,SOL,BUY,25.650202671837178,0.02565020267183718,0.15,S3_TREND
2026-08-28 10:00:00+00:00,BTC,BUY,36.530564950735425,0.03653056495073542,0.15,S3_TREND
2026-08-28 10:00:00+00:00,ETH,SELL,16.54426972589681,0.016544269725896812,0.15,S3_TREND
2026-08-28 10:00:00+00:00,SOL,BUY,6.864776701577284,0.0068647767015772845,0.15,S3_TREND
2026-08-28 11:00:00+00:00,BTC,SELL,24.569398523310156,0.024569398523310155,0.15,S3_TREND
2026-08-28 11:00:00+00:00,ETH,SELL,74.0757599248609,0.0740757599248609,0.15,S3_TREND
2026-08-28 11:00:00+00:00,SOL,SELL,6.792108582327273,0.006792108582327273,0.15,S3_TREND
2026-08-28 12:00:00+00:00,BTC,SELL,14.960564963683282,0.014960564963683283,0.15,S3_TREND
2026-08-28 12:00:00+00:00,ETH,BUY,1.1328954098680697,0.0011328954098680697,0.15,S3_TREND
2026-08-28 12:00:00+00:00,SOL,BUY,42.00740650541411,0.04200740650541411,0.15,S3_TREND
2026-08-28 13:00:00+00:00,BTC,BUY,3.535887847072445,0.003535887847072445,0.15,S3_TREND
2026-08-28 13:00:00+00:00,ETH,BUY,4.971792320482564,0.004971792320482564,0.15,S3_TREND
2026-08-28 13:00:00+00:00,SOL,BUY,105.61885095248726,0.10561885095248727,0.15,S3_TREND
2026-08-28 14:00:00+00:00,BTC,BUY,29.924079863711086,0.029924079863711085,0.15,S3_TREND
2026-08-28 14:00:00+00:00,ETH,SELL,47.88920803207475,0.04788920803207475,0.15,S3_TREND
2026-08-28 14:00:00+00:00,SOL,SELL,28.864423617804277,0.028864423617804277,0.15,S3_TREND
2026-08-28 15:00:00+00:00,BTC,SELL,6.3061122917479215,0.006306112291747922,0.15,S3_TREND
2026-08-28 15:00:00+00:00,ETH,BUY,10.970472251743558,0.010970472251743559,0.15,S3_TREND
2026-08-28 15:00:00+00:00,SOL,SELL,129.28062723219773,0.12928062723219774,0.15,S3_TREND
2026-08-28 16:00:00+00:00,BTC,BUY,135.738812953683,0.135738812953683,0.15,S3_TREND
2026-08-28 16:00:00+00:00,ETH,BUY,152.80124087682088,0.1528012408768209,0.15,S3_TREND
2026-08-28 16:00:00+00:00,SOL,BUY,56.38345122171086,0.05638345122171086,0.15,S3_TREND
2026-08-28 17:00:00+00:00,BTC,BUY,59.41976368589167,0.05941976368589167,0.15,S3_TREND
2026-08-28 17:00:00+00:00,ETH,BUY,135.05456804733512,0.13505456804733512,0.15,S3_TREND
2026-08-28 17:00:00+00:00,SOL,SELL,31.669442339956728,0.03166944233995673,0.15,S3_TREND
2026-08-28 18:00:00+00:00,BTC,SELL,27.999999325475073,0.027999999325475075,0.15,S3_TREND
2026-08-28 18:00:00+00:00,ETH,SELL,14.909230524846862,0.014909230524846863,0.15,S3_TREND
2026-08-28 18:00:00+00:00,SOL,BUY,63.8970426815813,0.06389704268158129,0.15,S3_TREND
2026-08-28 19:00:00+00:00,BTC,BUY,9.777621835539321,0.009777621835539322,0.15,S3_TREND
2026-08-28 19:00:00+00:00,ETH,BUY,35.10718356815596,0.03510718356815596,0.15,S3_TREND
2026-08-28 19:00:00+00:00,SOL,BUY,165.41543843324507,0.16541543843324508,0.15,S3_TREND
2026-08-28 20:00:00+00:00,BTC,BUY,8.449823101833317,0.008449823101833318,0.15,S3_TREND
2026-08-28 20:00:00+00:00,ETH,SELL,29.534384114429486,0.029534384114429487,0.15,S3_TREND
2026-08-28 20:00:00+00:00,SOL,SELL,28.435040770398704,0.028435040770398705,0.15,S3_TREND
2026-08-28 21:00:00+00:00,BTC,BUY,30.730033564463156,0.030730033564463157,0.15,S3_TREND
2026-08-28 21:00:00+00:00,ETH,BUY,46.93603190783688,0.04693603190783688,0.15,S3_TREND
2026-08-28 21:00:00+00:00,SOL,SELL,68.75661786952878,0.06875661786952879,0.15,S3_TREND
2026-08-28 22:00:00+00:00,BTC,SELL,4.240334819247437,0.0042403348192474365,0.15,S3_TREND
2026-08-28 22:00:00+00:00,ETH,BUY,3.9905082951900113,0.003990508295190012,0.15,S3_TREND
2026-08-28 22:00:00+00:00,SOL,BUY,46.245546046651725,0.04624554604665173,0.15,S3_TREND
2026-08-28 23:00:00+00:00,BTC,SELL,34.1466694523624,0.0341466694523624,0.15,S3_TREND
2026-08-28 23:00:00+00:00,ETH,SELL,63.183378783729495,0.0631833787837295,0.15,S3_TREND
2026-08-28 23:00:00+00:00,SOL,SELL,56.05725808953866,0.05605725808953866,0.15,S3_TREND
2026-08-29 00:00:00+00:00,BTC,SELL,13.323967431533674,0.013323967431533674,0.15,S3_TREND
2026-08-29 00:00:00+00:00,ETH,SELL,1.3504343221138697,0.0013504343221138698,0.15,S3_TREND
2026-08-29 00:00:00+00:00,SOL,BUY,1.9849636507115065,0.0019849636507115066,0.15,S3_TREND
2026-08-29 01:00:00+00:00,BTC,BUY,13.061718617929728,0.013061718617929728,0.15,S3_TREND
2026-08-29 01:00:00+00:00,ETH,SELL,6.517689539043204,0.006517689539043203,0.15,S3_TREND
2026-08-29 01:00:00+00:00,SOL,BUY,24.51127565333445,0.02451127565333445,0.15,S3_TREND
2026-08-29 02:00:00+00:00,BTC,SELL,3.0841145953108935,0.0030841145953108937,0.15,S3_TREND
2026-08-29 02:00:00+00:00,SOL,SELL,28.819700353773438,0.028819700353773438,0.15,S3_TREND
2026-08-29 03:00:00+00:00,BTC,BUY,10.480059831372273,0.010480059831372273,0.15,S3_TREND
2026-08-29 03:00:00+00:00,ETH,BUY,18.326409899535065,0.018326409899535066,0.15,S3_TREND
2026-08-29 03:00:00+00:00,SOL,BUY,19.85542966907451,0.019855429669074512,0.15,S3_TREND
2026-08-29 04:00:00+00:00,BTC,BUY,22.289705168352157,0.02228970516835216,0.15,S3_TREND
2026-08-29 04:00:00+00:00,ETH,BUY,12.073748470078499,0.0120737484700785,0.15,S3_TREND
2026-08-29 05:00:00+00:00,BTC,SELL,18.40044479280732,0.01840044479280732,0.15,S3_TREND
2026-08-29 05:00:00+00:00,ETH,SELL,23.033682485887766,0.023033682485887767,0.15,S3_TREND
2026-08-29 05:00:00+00:00,SOL,BUY,8.265429130722623,0.008265429130722623,0.15,S3_TREND
2026-08-29 06:00:00+00:00,BTC,BUY,4.007912722217952,0.004007912722217953,0.15,S3_TREND
2026-08-29 06:00:00+00:00,ETH,BUY,12.047543474476697,0.012047543474476697,0.15,S3_TREND
2026-08-29 06:00:00+00:00,SOL,SELL,19.25203434535615,0.01925203434535615,0.15,S3_TREND
2026-08-29 07:00:00+00:00,BTC,BUY,14.646685659348805,0.014646685659348804,0.15,S3_TREND
2026-08-29 07:00:00+00:00,ETH,BUY,3.9090488399469905,0.0039090488399469905,0.15,S3_TREND
2026-08-29 07:00:00+00:00,SOL,BUY,44.48510109421477,0.04448510109421477,0.15,S3_TREND
2026-08-29 08:00:00+00:00,BTC,SELL,21.89227473228857,0.02189227473228857,0.15,S3_TREND
2026-08-29 08:00:00+00:00,ETH,BUY,1.2069954600046913,0.0012069954600046912,0.15,S3_TREND
2026-08-29 08:00:00+00:00,SOL,SELL,11.408757409142709,0.01140875740914271,0.15,S3_TREND
2026-08-29 09:00:00+00:00,BTC,SELL,8.992568626201319,0.00899256862620132,0.15,S3_TREND
2026-08-29 09:00:00+00:00,ETH,BUY,6.376939918658536,0.006376939918658536,0.15,S3_TREND
2026-08-29 09:00:00+00:00,SOL,BUY,29.92513040301492,0.029925130403014918,0.15,S3_TREND
2026-08-29 10:00:00+00:00,BTC,SELL,4.4618744236795465,0.0044618744236795465,0.15,S3_TREND
2026-08-29 10:00:00+00:00,ETH,SELL,7461.971517184612,7.461971517184612,0.075,S6_REVERSAL
2026-08-29 10:00:00+00:00,SOL,BUY,18.783753759853425,0.018783753759853427,0.15,S3_TREND
2026-08-29 11:00:00+00:00,BTC,BUY,3.3498155070592475,0.0033498155070592474,0.15,S3_TREND
2026-08-29 11:00:00+00:00,ETH,BUY,2.4529157591878175,0.0024529157591878176,0.075,S6_REVERSAL
2026-08-29 11:00:00+00:00,SOL,SELL,15.368248160486472,0.015368248160486472,0.15,S3_TREND
2026-08-29 12:00:00+00:00,BTC,BUY,10.290304190781171,0.010290304190781172,0.15,S3_TREND
2026-08-29 12:00:00+00:00,ETH,SELL,3.2852896404856433,0.0032852896404856435,0.075,S6_REVERSAL
2026-08-29 12:00:00+00:00,SOL,SELL,9.494675245905455,0.009494675245905455,0.15,S3_TREND
2026-08-29 13:00:00+00:00,BTC,BUY,1.5955381833646243,0.0015955381833646243,0.15,S3_TREND
2026-08-29 13:00:00+00:00,ETH,BUY,5.452031428486407,0.005452031428486407,0.075,S6_REVERSAL
2026-08-29 13:00:00+00:00,SOL,SELL,12.982211265751175,0.012982211265751175,0.15,S3_TREND
2026-08-29 14:00:00+00:00,BTC,SELL,7473.025512450691,7.4730255124506915,0.075,S6_REVERSAL
2026-08-29 14:00:00+00:00,SOL,SELL,19.16781736727171,0.01916781736727171,0.15,S3_TREND
2026-08-29 15:00:00+00:00,BTC,SELL,7.976002048753799,0.007976002048753799,0.075,S6_REVERSAL
2026-08-29 15:00:00+00:00,ETH,SELL,17.79666574185103,0.017796665741851028,0.075,S6_REVERSAL
2026-08-29 15:00:00+00:00,SOL,SELL,184.91796131904084,0.18491796131904084,0.15,S3_TREND
2026-08-29 16:00:00+00:00,BTC,BUY,8.487087330901886,0.008487087330901887,0.075,S6_REVERSAL
2026-08-29 16:00:00+00:00,ETH,BUY,5.930614093781514,0.0059306140937815145,0.075,S6_REVERSAL
2026-08-29 16:00:00+00:00,SOL,BUY,39.501130905995524,0.039501130905995524,0.15,S3_TREND
2026-08-29 17:00:00+00:00,BTC,SELL,14.64782633595405,0.01464782633595405,0.075,S6_REVERSAL
2026-08-29 17:00:00+00:00,ETH,SELL,18.193002635342964,0.018193002635342966,0.075,S6_REVERSAL
2026-08-29 17:00:00+00:00,SOL,BUY,24.53886425384735,0.02453886425384735,0.15,S3_TREND
2026-08-29 18:00:00+00:00,BTC,SELL,6.5143353159101025,0.006514335315910102,0.075,S6_REVERSAL
2026-08-29 18:00:00+00:00,ETH,BUY,1.2241538635580582,0.0012241538635580581,0.075,S6_REVERSAL
2026-08-29 19:00:00+00:00,BTC,SELL,1.9664462094051487,0.0019664462094051488,0.075,S6_REVERSAL
2026-08-29 19:00:00+00:00,ETH,SELL,1.6289684515031695,0.0016289684515031694,0.075,S6_REVERSAL
2026-08-29 19:00:00+00:00,SOL,SELL,28.967072908781123,0.028967072908781123,0.15,S3_TREND
2026-08-29 20:00:00+00:00,SOL,SELL,26.99151862448707,0.026991518624487072,0.15,S3_TREND
2026-08-29 21:00:00+00:00,BTC,SELL,7476.253380953595,7.476253380953596,0.0,CASH
2026-08-29 21:00:00+00:00,SOL,BUY,14.626550132996272,0.014626550132996272,0.15,S3_TREND
2026-08-29 22:00:00+00:00,ETH,BUY,1.0403449542154704,0.0010403449542154704,0.075,S6_REVERSAL
2026-08-29 22:00:00+00:00,SOL,BUY,21.21810117996938,0.021218101179969383,0.15,S3_TREND
2026-08-29 23:00:00+00:00,ETH,SELL,7480.531075079368,7.480531075079368,0.0,CASH
2026-08-29 23:00:00+00:00,SOL,SELL,57.55742812541211,0.05755742812541211,0.15,S3_TREND
2026-08-30 00:00:00+00:00,SOL,SELL,14977.527489594162,14.977527489594163,0.0,CASH
2026-08-31 03:00:00+00:00,SOL,BUY,14963.30097710762,14.96330097710762,0.15,S6_S8_REVERSAL
2026-08-31 04:00:00+00:00,SOL,SELL,63.669833772284626,0.06366983377228463,0.15,S6_S8_REVERSAL
2026-08-31 05:00:00+00:00,SOL,BUY,63.652215325180805,0.06365221532518081,0.15,S6_S8_REVERSAL
2026-08-31 06:00:00+00:00,SOL,SELL,149.18837047570742,0.14918837047570743,0.15,S6_S8_REVERSAL
2026-08-31 07:00:00+00:00,SOL,SELL,12.434853297399968,0.012434853297399968,0.15,S6_S8_REVERSAL
2026-08-31 08:00:00+00:00,SOL,SELL,32.24754960590508,0.032247549605905076,0.15,S3_TREND
2026-08-31 09:00:00+00:00,BTC,BUY,15000.061584250392,15.000061584250393,0.15,S3_TREND
2026-08-31 09:00:00+00:00,SOL,SELL,29.706209115844107,0.02970620911584411,0.15,S3_TREND
2026-08-31 10:00:00+00:00,BTC,SELL,10.218730985639922,0.010218730985639923,0.15,S3_TREND
2026-08-31 10:00:00+00:00,ETH,BUY,14995.622635327443,14.995622635327443,0.15,S3_TREND
2026-08-31 10:00:00+00:00,SOL,BUY,15.904058166026516,0.015904058166026518,0.15,S3_TREND
2026-08-31 11:00:00+00:00,BTC,SELL,13.476331207857585,0.013476331207857586,0.15,S3_TREND
2026-08-31 11:00:00+00:00,ETH,SELL,30.20021116330281,0.03020021116330281,0.15,S3_TREND
2026-08-31 11:00:00+00:00,SOL,SELL,61.291466438184216,0.061291466438184214,0.15,S3_TREND
2026-08-31 12:00:00+00:00,BTC,BUY,49.389731447217855,0.04938973144721786,0.15,S3_TREND
2026-08-31 12:00:00+00:00,ETH,BUY,30.852515587632297,0.030852515587632297,0.15,S3_TREND
2026-08-31 12:00:00+00:00,SOL,BUY,14.654207183415565,0.014654207183415565,0.15,S3_TREND
2026-08-31 13:00:00+00:00,BTC,BUY,53.71376446291106,0.05371376446291106,0.15,S3_TREND
2026-08-31 13:00:00+00:00,ETH,SELL,51.81451855801607,0.05181451855801607,0.15,S3_TREND
2026-08-31 13:00:00+00:00,SOL,BUY,71.35363888699248,0.07135363888699249,0.15,S3_TREND
2026-08-31 14:00:00+00:00,BTC,SELL,9.012796361203073,0.009012796361203073,0.15,S3_TREND
2026-08-31 14:00:00+00:00,ETH,BUY,47.656774776371094,0.0476567747763711,0.15,S3_TREND
2026-08-31 14:00:00+00:00,SOL,BUY,38.619499171867574,0.03861949917186758,0.15,S3_TREND
2026-08-31 15:00:00+00:00,BTC,SELL,68.98097761240388,0.06898097761240388,0.15,S3_TREND
2026-08-31 15:00:00+00:00,ETH,SELL,95.08586597874455,0.09508586597874455,0.15,S3_TREND
2026-08-31 15:00:00+00:00,SOL,SELL,100.30362834513835,0.10030362834513835,0.15,S3_TREND
2026-08-31 16:00:00+00:00,BTC,SELL,10.812191760409405,0.010812191760409406,0.15,S3_TREND
2026-08-31 16:00:00+00:00,ETH,SELL,15.591833220265471,0.015591833220265472,0.15,S3_TREND
2026-08-31 16:00:00+00:00,SOL,BUY,80.85378662825678,0.08085378662825679,0.15,S3_TREND
2026-08-31 17:00:00+00:00,BTC,SELL,9.116032722427917,0.009116032722427917,0.15,S3_TREND
2026-08-31 17:00:00+00:00,ETH,SELL,7.004178803172181,0.007004178803172181,0.15,S3_TREND
2026-08-31 17:00:00+00:00,SOL,BUY,8.016800519304525,0.008016800519304524,0.15,S3_TREND
2026-08-31 18:00:00+00:00,BTC,SELL,18.642732269403496,0.018642732269403495,0.15,S3_TREND
2026-08-31 18:00:00+00:00,ETH,SELL,7.249048520137875,0.007249048520137876,0.15,S3_TREND
2026-08-31 18:00:00+00:00,SOL,SELL,86.21499909920567,0.08621499909920567,0.15,S3_TREND
2026-08-31 19:00:00+00:00,BTC,BUY,1.0109455819547293,0.0010109455819547293,0.15,S3_TREND
2026-08-31 19:00:00+00:00,ETH,BUY,9.050585907687491,0.009050585907687491,0.15,S3_TREND
2026-08-31 19:00:00+00:00,SOL,SELL,96.83656039717243,0.09683656039717244,0.15,S3_TREND
2026-08-31 20:00:00+00:00,BTC,BUY,3.9559600396205497,0.00395596003962055,0.15,S3_TREND
2026-08-31 20:00:00+00:00,ETH,SELL,43.03953031686251,0.043039530316862515,0.15,S3_TREND
2026-08-31 20:00:00+00:00,SOL,BUY,106.93677382754868,0.10693677382754868,0.15,S3_TREND
2026-08-31 21:00:00+00:00,ETH,BUY,49.54014448594717,0.049540144485947166,0.15,S3_TREND
2026-08-31 21:00:00+00:00,SOL,SELL,26.63808230852737,0.02663808230852737,0.15,S3_TREND
2026-08-31 22:00:00+00:00,BTC,SELL,12.48026708778525,0.012480267087785251,0.15,S3_TREND
2026-08-31 22:00:00+00:00,ETH,SELL,27.847866857231562,0.027847866857231562,0.15,S3_TREND
2026-08-31 22:00:00+00:00,SOL,BUY,16.61177980168941,0.01661177980168941,0.15,S6_S8_REVERSAL
2026-08-31 23:00:00+00:00,BTC,BUY,41.8502160385724,0.0418502160385724,0.15,S3_TREND
2026-08-31 23:00:00+00:00,ETH,BUY,24.670056696179017,0.024670056696179016,0.15,S3_TREND
2026-08-31 23:00:00+00:00,SOL,BUY,39.33734647244455,0.03933734647244455,0.15,S6_S8_REVERSAL
