timestamp,open,high,low,close,volume,MA_6h,MA_24h
2026-03-03 08:00:00+00:00,1920.0,1988.43,1920.0,1953.71,0.6103,,
2026-03-03 09:00:00+00:00,1957.02,1967.24,1957.02,1964.7,0.047,,
2026-03-03 10:00:00+00:00,1964.7,1964.7,1964.7,1964.7,0.0,,
2026-03-03 11:00:00+00:00,1962.36,1966.28,1957.87,1966.28,1.5371,,
2026-03-03 12:00:00+00:00,1963.02,1986.77,1963.02,1969.32,5.4362,,
2026-03-03 13:00:00+00:00,1959.28,1959.8,1945.35,1948.81,4.051,1961.2533333333333,
2026-03-03 14:00:00+00:00,1952.15,1970.67,1936.06,1943.04,10.809,1959.4750000000001,
2026-03-03 15:00:00+00:00,1943.93,1969.49,1933.02,1969.49,8.3268,1960.2733333333333,
2026-03-03 16:00:00+00:00,1981.59,2013.49,1961.92,1984.8,0.6614,1963.6233333333332,
2026-03-03 17:00:00+00:00,1973.62,1983.03,1964.53,1981.74,0.5883,1966.2,
2026-03-03 18:00:00+00:00,1982.35,2000.24,1970.72,1988.76,1.25,1969.4400000000003,
2026-03-03 19:00:00+00:00,1989.36,1995.22,1980.3,1987.31,1.7967,1975.8566666666666,
2026-03-03 20:00:00+00:00,1987.31,1987.31,1987.31,1987.31,0.0,1983.235,
2026-03-03 21:00:00+00:00,1962.49,1962.49,1962.49,1962.49,0.5087,1982.0683333333334,
2026-03-03 22:00:00+00:00,1962.49,1962.49,1962.49,1962.49,0.0,1978.3499999999997,
2026-03-03 23:00:00+00:00,1996.0,2000.54,1988.5,1988.5,2.8744,1979.4766666666667,
2026-03-04 00:00:00+00:00,1981.74,1982.69,1963.66,1977.74,2.0257,1977.64,
2026-03-04 01:00:00+00:00,1976.25,1996.28,1976.25,1983.94,0.7306,1977.0783333333331,
2026-03-04 02:00:00+00:00,1981.94,1981.94,1971.11,1973.93,3.2483,1974.8483333333334,
2026-03-04 03:00:00+00:00,1978.51,1978.51,1946.94,1960.64,5.4419,1974.5400000000002,
2026-03-04 04:00:00+00:00,1958.51,1961.27,1952.01,1956.29,4.6469,1973.5066666666664,
2026-03-04 05:00:00+00:00,1961.2,1972.29,1956.64,1969.43,0.6309,1970.3283333333336,
2026-03-04 06:00:00+00:00,1965.1,1982.51,1965.1,1982.51,0.0123,1971.1233333333332,
2026-03-04 07:00:00+00:00,1987.69,2007.26,1986.59,2005.73,3.7864,1974.755,1972.2358333333334
2026-03-04 08:00:00+00:00,2013.87,2063.77,2004.73,2062.55,10.5224,1989.5250000000003,1976.7708333333333
2026-03-04 09:00:00+00:00,2063.57,2080.49,2058.61,2080.49,4.1192,2009.5,1981.5954166666663
2026-03-04 10:00:00+00:00,2079.0,2079.08,2074.61,2074.61,0.5477,2029.22,1986.175
2026-03-04 11:00:00+00:00,2073.45,2073.45,2056.94,2056.94,1.3703,2043.805,1989.9525
2026-03-04 12:00:00+00:00,2054.38,2054.38,2041.3,2051.05,1.6053,2055.228333333333,1993.3579166666668
2026-03-04 13:00:00+00:00,2056.06,2063.59,2056.06,2063.59,0.2309,2064.8716666666664,1998.1404166666669
2026-03-04 14:00:00+00:00,2063.59,2096.97,2063.59,2083.78,3.7277,2068.4100000000003,2004.0045833333334
2026-03-04 15:00:00+00:00,2088.42,2153.91,2087.23,2150.07,2.6446,2080.0066666666667,2011.5287499999997
2026-03-04 16:00:00+00:00,2143.8,2156.19,2137.16,2144.23,3.9094,2091.61,2018.1716666666669
2026-03-04 17:00:00+00:00,2143.33,2155.98,2135.6,2150.52,3.9018,2107.206666666667,2025.2041666666667
2026-03-04 18:00:00+00:00,2150.52,2160.93,2141.57,2160.92,1.4531,2125.5183333333334,2032.3775000000003
2026-03-04 19:00:00+00:00,2177.62,2198.37,2177.62,2181.22,7.7498,2145.1233333333334,2040.457083333333
2026-03-04 20:00:00+00:00,2180.29,2180.29,2156.96,2156.96,1.0415,2157.32,2047.5258333333334
2026-03-04 21:00:00+00:00,2155.07,2155.07,2148.55,2152.46,0.4085,2157.7183333333332,2055.4412500000003
2026-03-04 22:00:00+00:00,2158.46,2158.46,2136.81,2136.81,0.0936,2156.4816666666666,2062.7045833333336
2026-03-04 23:00:00+00:00,2130.02,2130.02,2129.88,2129.88,0.0207,2153.0416666666665,2068.5954166666666
2026-03-05 00:00:00+00:00,2128.7,2129.49,2128.7,2129.49,1.0886,2147.8033333333333,2074.9183333333335
2026-03-05 01:00:00+00:00,2138.95,2138.95,2110.81,2110.81,0.0369,2136.068333333333,2080.2045833333336
2026-03-05 02:00:00+00:00,2127.01,2131.39,2127.01,2127.02,1.3882,2131.0783333333334,2086.5833333333335
2026-03-05 03:00:00+00:00,2122.04,2122.57,2111.32,2119.79,1.8638,2125.633333333333,2093.2145833333334
2026-03-05 04:00:00+00:00,2119.79,2135.39,2119.79,2135.39,3.1176,2125.3966666666665,2100.6770833333335
2026-03-05 05:00:00+00:00,2124.77,2124.77,2117.79,2119.06,4.0891,2123.5933333333337,2106.911666666667
2026-03-05 06:00:00+00:00,2114.4,2115.6,2114.4,2115.6,3.0118,2121.278333333333,2112.4570833333332
2026-03-05 07:00:00+00:00,2130.06,2130.07,2098.7,2098.7,1.7633,2119.2599999999998,2116.330833333333
2026-03-05 08:00:00+00:00,2100.22,2102.93,2099.68,2102.93,0.1827,2115.2450000000003,2118.0133333333333
2026-03-05 09:00:00+00:00,2126.99,2128.32,2125.55,2125.55,0.0236,2116.205,2119.8908333333334
2026-03-05 10:00:00+00:00,2131.3,2157.41,2131.3,2155.62,3.2922,2119.5766666666664,2123.26625
2026-03-05 11:00:00+00:00,2157.98,2157.98,2140.92,2140.92,0.2653,2123.22,2126.7654166666666
2026-03-05 12:00:00+00:00,2132.27,2132.27,2130.61,2130.61,0.0215,2125.721666666667,2130.0804166666667
2026-03-05 13:00:00+00:00,2126.93,2126.94,2111.2,2117.03,3.2302,2128.7766666666666,2132.3070833333336
2026-03-05 14:00:00+00:00,2121.85,2129.59,2096.75,2112.88,0.9637,2130.435,2133.5195833333332
2026-03-05 15:00:00+00:00,2118.41,2118.41,2071.84,2079.49,1.3043,2122.758333333333,2130.57875
2026-03-05 16:00:00+00:00,2084.83,2084.83,2061.52,2081.74,1.2153,2110.445,2127.975
2026-03-05 17:00:00+00:00,2081.74,2081.74,2054.88,2054.88,0.1827,2096.105,2123.9900000000002
2026-03-05 18:00:00+00:00,2066.9,2072.34,2066.9,2068.38,6.0965,2085.7333333333336,2120.1341666666663
2026-03-05 19:00:00+00:00,2082.26,2082.8,2077.52,2077.52,0.9552,2079.148333333333,2115.8133333333335
2026-03-05 20:00:00+00:00,2075.97,2090.5,2075.97,2090.5,0.1058,2075.418333333333,2113.0441666666666
2026-03-05 21:00:00+00:00,2091.71,2091.71,2091.71,2091.71,0.0271,2077.4550000000004,2110.5129166666666
2026-03-05 22:00:00+00:00,2091.71,2091.71,2091.71,2091.71,0.0,2079.116666666667,2108.63375
2026-03-05 23:00:00+00:00,2081.84,2082.32,2075.97,2075.97,0.0579,2082.6316666666667,2106.3875000000003
2026-03-06 00:00:00+00:00,2072.93,2072.93,2072.93,2072.93,0.0553,2083.39,2104.0308333333332
2026-03-06 01:00:00+00:00,2077.02,2077.05,2072.47,2072.47,0.453,2082.5483333333336,2102.4333333333334
2026-03-06 02:00:00+00:00,2087.37,2093.02,2087.37,2093.02,0.0669,2082.9683333333332,2101.016666666667
2026-03-06 03:00:00+00:00,2083.92,2086.57,2078.08,2083.51,2.2561,2081.6016666666665,2099.505
2026-03-06 04:00:00+00:00,2082.07,2085.22,2060.0,2070.05,4.1123,2077.991666666667,2096.7825
2026-03-06 05:00:00+00:00,2070.03,2073.33,2060.73,2067.98,6.9358,2076.66,2094.6541666666667
2026-03-06 06:00:00+00:00,2064.57,2079.4,2064.57,2074.26,2.1467,2076.8816666666667,2092.931666666667
2026-03-06 07:00:00+00:00,2074.39,2084.62,2070.45,2084.62,1.7735,2078.9066666666663,2092.345
2026-03-06 08:00:00+00:00,2081.37,2081.37,2075.51,2075.66,0.5303,2076.013333333334,2091.2087500000002
2026-03-06 09:00:00+00:00,2074.89,2076.69,2050.0,2056.48,2.605,2071.5083333333337,2088.330833333333
2026-03-06 10:00:00+00:00,2060.98,2060.98,2060.98,2060.98,0.0603,2069.9966666666664,2084.3875000000003
2026-03-06 11:00:00+00:00,2060.98,2066.49,2051.65,2051.65,0.9422,2067.275,2080.6679166666668
2026-03-06 12:00:00+00:00,2050.72,2054.29,2039.46,2043.25,0.6871,2062.1066666666666,2077.0279166666664
2026-03-06 13:00:00+00:00,2050.0,2059.13,2028.14,2028.14,2.9299,2052.6933333333336,2073.3241666666668
2026-03-06 14:00:00+00:00,2018.59,2020.55,1980.94,1980.94,13.5297,2036.9066666666665,2067.826666666667
2026-03-06 15:00:00+00:00,1985.13,1994.5,1971.45,1971.46,7.876,2022.7366666666667,2063.325416666667
2026-03-06 16:00:00+00:00,1969.99,1977.44,1967.83,1971.98,4.9149,2007.9033333333334,2058.7520833333333
2026-03-06 17:00:00+00:00,1969.61,1979.15,1957.49,1967.65,15.8874,1993.9033333333334,2055.1175
2026-03-06 18:00:00+00:00,1968.78,1981.64,1968.78,1975.99,3.4175,1982.6933333333334,2051.2679166666667
2026-03-06 19:00:00+00:00,1987.03,1989.05,1983.13,1983.13,0.7553,1975.1916666666666,2047.335
2026-03-06 20:00:00+00:00,1985.83,1985.83,1978.04,1982.1,0.5697,1975.3850000000002,2042.8183333333334
2026-03-06 21:00:00+00:00,1974.58,1978.23,1974.58,1978.23,0.058,1976.5133333333333,2038.0900000000001
2026-03-06 22:00:00+00:00,1985.43,1988.15,1985.43,1988.15,0.0915,1979.2083333333333,2033.7749999999999
2026-03-06 23:00:00+00:00,1984.71,1984.71,1981.25,1981.25,0.0585,1981.4750000000001,2029.8283333333331
2026-03-07 00:00:00+00:00,1982.38,1983.03,1982.38,1982.94,0.1751,1982.6333333333334,2026.07875
2026-03-07 01:00:00+00:00,1980.42,1980.42,1977.44,1979.93,1.5896,1982.1000000000001,2022.2229166666666
2026-03-07 02:00:00+00:00,1979.93,1979.93,1979.93,1979.93,0.0,1981.7383333333335,2017.5108333333335
2026-03-07 03:00:00+00:00,1991.22,1991.22,1991.22,1991.22,0.5937,1983.9033333333334,2013.6654166666667
2026-03-07 04:00:00+00:00,1980.0,1980.0,1964.06,1977.96,1.0942,1982.2050000000002,2009.8283333333336
2026-03-07 05:00:00+00:00,1975.46,1977.96,1975.46,1977.96,1.078,1981.6566666666668,2006.0775
2026-03-07 06:00:00+00:00,1977.97,1977.97,1975.43,1976.04,0.1214,1980.506666666667,2001.985
2026-03-07 07:00:00+00:00,1971.86,1971.86,1971.86,1971.86,0.0238,1979.1616666666666,1997.2866666666669
2026-03-07 08:00:00+00:00,1971.86,1971.86,1971.86,1971.86,0.0,1977.8166666666666,1992.9616666666668
2026-03-07 09:00:00+00:00,1985.08,1985.08,1985.08,1985.08,0.0085,1976.7933333333333,1989.9866666666667
2026-03-07 10:00:00+00:00,1986.0,1986.0,1984.35,1984.37,0.6374,1977.8616666666665,1986.7945833333333
2026-03-07 11:00:00+00:00,1983.26,1990.6,1983.26,1989.16,1.2443,1979.7283333333332,1984.1908333333333
2026-03-07 12:00:00+00:00,1988.68,1988.68,1983.09,1983.09,0.1883,1980.903333333333,1981.6841666666667
2026-03-07 13:00:00+00:00,1983.2,1983.2,1981.6,1981.6,0.4152,1982.5266666666666,1979.745
2026-03-07 14:00:00+00:00,1974.55,1988.53,1974.55,1988.53,2.8801,1985.305,1980.0612499999997
2026-03-07 15:00:00+00:00,1987.86,1987.86,1978.74,1979.88,2.0735,1984.4383333333333,1980.4120833333334
2026-03-07 16:00:00+00:00,1978.85,1979.92,1977.4,1977.4,3.5072,1983.2766666666666,1980.6379166666668
2026-03-07 17:00:00+00:00,1979.6,1983.14,1979.6,1982.15,0.1254,1982.1083333333336,1981.2420833333333
2026-03-07 18:00:00+00:00,1975.81,1975.81,1969.17,1969.17,0.1253,1979.7883333333336,1980.957916666667
2026-03-07 19:00:00+00:00,1971.86,1971.86,1952.85,1953.36,0.6437,1975.0816666666667,1979.7175
2026-03-07 20:00:00+00:00,1962.24,1968.6,1962.24,1967.46,0.4614,1971.57,1979.1075
2026-03-07 21:00:00+00:00,1969.12,1970.88,1966.34,1966.34,0.0932,1969.3133333333335,1978.6120833333334
2026-03-07 22:00:00+00:00,1968.33,1969.43,1968.33,1968.93,0.1554,1967.9016666666666,1977.81125
2026-03-07 23:00:00+00:00,1972.8,1972.8,1970.48,1970.48,0.3481,1965.9566666666667,1977.3625000000002
2026-03-08 00:00:00+00:00,1970.5,1975.87,1969.17,1969.18,0.2551,1965.9583333333333,1976.7891666666667
2026-03-08 01:00:00+00:00,1969.18,1969.18,1969.18,1969.18,0.0,1968.5950000000003,1976.3412500000002
2026-03-08 02:00:00+00:00,1966.25,1966.26,1937.65,1944.8,3.2318,1964.8183333333334,1974.8774999999998
2026-03-08 03:00:00+00:00,1944.8,1944.8,1944.8,1944.8,0.0,1961.2283333333332,1972.9433333333334
2026-03-08 04:00:00+00:00,1944.68,1944.68,1940.07,1940.15,0.2189,1956.4316666666666,1971.3679166666668
2026-03-08 05:00:00+00:00,1947.05,1949.88,1947.05,1948.96,8.3986,1952.845,1970.1595833333333
2026-03-08 06:00:00+00:00,1951.59,1951.59,1945.05,1949.16,0.1487,1949.5083333333332,1969.0395833333332
2026-03-08 07:00:00+00:00,1949.16,1949.16,1949.16,1949.16,0.0,1946.1716666666664,1968.09375
2026-03-08 08:00:00+00:00,1951.8,1958.38,1951.8,1958.38,0.2484,1948.4350000000002,1967.5320833333333
2026-03-08 09:00:00+00:00,1964.81,1968.7,1964.81,1966.0,0.0417,1951.9683333333335,1966.7370833333334
2026-03-08 10:00:00+00:00,1972.83,1973.21,1972.44,1973.21,1.6844,1957.4783333333332,1966.2720833333333
2026-03-08 11:00:00+00:00,1949.99,1951.04,1948.48,1948.48,0.2332,1957.3983333333335,1964.5770833333333
2026-03-08 12:00:00+00:00,1951.24,1954.92,1927.84,1946.23,5.6816,1956.91,1963.04125
2026-03-08 13:00:00+00:00,1947.88,1947.88,1929.3,1943.32,1.6404,1955.9366666666667,1961.4462500000002
2026-03-08 14:00:00+00:00,1943.32,1943.32,1943.32,1943.32,0.0,1953.4266666666665,1959.5625000000002
2026-03-08 15:00:00+00:00,1944.99,1944.99,1938.24,1942.28,0.1183,1949.4733333333334,1957.9958333333334
2026-03-08 16:00:00+00:00,1944.99,1944.99,1944.31,1944.31,0.0299,1944.6566666666668,1956.6170833333333
2026-03-08 17:00:00+00:00,1941.38,1941.41,1941.38,1941.41,0.0251,1943.4783333333332,1954.9195833333335
2026-03-08 18:00:00+00:00,1935.71,1935.74,1930.65,1930.65,0.1847,1940.8816666666664,1953.314583333333
2026-03-08 19:00:00+00:00,1929.78,1967.82,1929.78,1965.3,0.6973,1944.545,1953.8120833333332
2026-03-08 20:00:00+00:00,1959.88,1959.88,1959.88,1959.88,0.0775,1947.305,1953.49625
2026-03-08 21:00:00+00:00,1949.1,1949.1,1946.41,1947.36,0.2375,1948.1516666666666,1952.7054166666667
2026-03-08 22:00:00+00:00,1942.38,1942.66,1920.38,1942.66,2.7313,1947.8766666666668,1951.6108333333334
2026-03-08 23:00:00+00:00,1948.08,1951.28,1943.97,1943.97,0.2363,1948.3033333333333,1950.5062500000001
2026-03-09 00:00:00+00:00,1938.43,1950.63,1938.43,1950.11,1.3219,1951.5466666666669,1949.7116666666668
2026-03-09 01:00:00+00:00,1949.79,1960.47,1949.79,1960.47,1.1042,1950.7416666666666,1949.3487499999999
2026-03-09 02:00:00+00:00,1948.53,1948.53,1938.22,1938.22,0.2528,1947.131666666667,1949.0745833333333
2026-03-09 03:00:00+00:00,1988.43,2004.87,1971.8,1971.8,9.5792,1951.205,1950.1995833333333
2026-03-09 04:00:00+00:00,1977.58,1979.12,1977.58,1979.12,0.1207,1957.2816666666668,1951.823333333333
2026-03-09 05:00:00+00:00,1991.83,2012.0,1991.34,2006.27,3.9523,1967.665,1954.21125
2026-03-09 06:00:00+00:00,2008.01,2008.07,2005.67,2008.07,0.7889,1977.325,1956.6658333333335
2026-03-09 07:00:00+00:00,1971.8,1983.18,1968.15,1983.18,5.0842,1981.11,1958.0833333333333
2026-03-09 08:00:00+00:00,1982.44,1998.27,1982.44,1997.36,7.1376,1990.9666666666665,1959.7075000000002
2026-03-09 09:00:00+00:00,1999.69,2017.54,1999.69,2005.44,1.2595,1996.5733333333335,1961.3508333333332
2026-03-09 10:00:00+00:00,2001.25,2003.36,1991.54,1991.54,0.2619,1998.6433333333332,1962.1145833333333
2026-03-09 11:00:00+00:00,1995.97,1995.98,1982.73,1992.94,0.2838,1996.4216666666669,1963.9670833333332
2026-03-09 12:00:00+00:00,1995.09,2004.32,1995.09,2004.11,6.4715,1995.7616666666665,1966.37875
2026-03-09 13:00:00+00:00,2006.58,2030.99,2006.58,2015.66,9.7256,2001.1750000000002,1969.3929166666667
2026-03-09 14:00:00+00:00,2017.54,2029.06,2017.54,2029.06,4.2466,2006.4583333333333,1972.9654166666667
2026-03-09 15:00:00+00:00,2024.78,2028.13,2014.06,2026.59,2.3777,2009.9833333333333,1976.4783333333332
2026-03-09 16:00:00+00:00,2024.26,2024.26,2021.18,2021.18,0.1057,2014.9233333333334,1979.6812499999999
2026-03-09 17:00:00+00:00,2029.88,2029.9,2018.51,2018.51,1.9439,2019.1850000000002,1982.89375
2026-03-09 18:00:00+00:00,2013.11,2019.92,2009.5,2009.5,0.2791,2020.0833333333333,1986.1791666666668
2026-03-09 19:00:00+00:00,2012.32,2044.5,2012.32,2029.85,3.6205,2022.448333333333,1988.8687499999999
2026-03-09 20:00:00+00:00,2033.86,2033.86,2026.68,2026.69,0.4378,2022.0533333333333,1991.6525000000001
2026-03-09 21:00:00+00:00,2030.57,2030.58,2028.18,2028.22,0.3383,2022.325,1995.0216666666668
2026-03-09 22:00:00+00:00,2020.2,2020.24,2000.4,2001.19,22.3025,2018.993333333333,1997.4604166666666
2026-03-09 23:00:00+00:00,2002.29,2002.29,2000.25,2000.25,1.5145,2015.9499999999998,1999.8054166666664
2026-03-10 00:00:00+00:00,2009.92,2020.76,2009.92,2019.0,3.3581,2017.533333333333,2002.6758333333335
2026-03-10 01:00:00+00:00,2014.06,2014.06,2014.06,2014.06,0.0598,2014.9016666666666,2004.9087500000003
2026-03-10 02:00:00+00:00,2036.68,2053.55,2036.68,2047.96,3.2649,2018.4466666666667,2009.48125
2026-03-10 03:00:00+00:00,2041.88,2041.88,2024.87,2024.89,0.3006,2017.8916666666664,2011.6933333333334
2026-03-10 04:00:00+00:00,2024.89,2024.89,2024.89,2024.89,0.0,2021.841666666667,2013.600416666667
2026-03-10 05:00:00+00:00,2046.32,2046.32,2043.74,2043.74,0.2028,2029.0900000000001,2015.1616666666666
2026-03-10 06:00:00+00:00,2037.75,2043.52,2037.75,2042.6,1.0607,2033.0233333333335,2016.6004166666664
2026-03-10 07:00:00+00:00,2048.06,2053.32,2048.06,2053.32,0.2589,2039.5666666666668,2019.5229166666668
2026-03-10 08:00:00+00:00,2060.86,2062.69,2060.86,2062.69,0.2809,2042.0216666666668,2022.245
2026-03-10 09:00:00+00:00,2067.99,2067.99,2067.99,2067.99,0.0045,2049.2050000000004,2024.85125
2026-03-10 10:00:00+00:00,2060.79,2061.82,2057.55,2057.55,1.0112,2054.648333333333,2027.6016666666667
2026-03-10 11:00:00+00:00,2063.13,2066.49,2056.91,2064.85,2.3574,2058.1666666666665,2030.5979166666666
2026-03-10 12:00:00+00:00,2060.5,2060.5,2050.58,2050.59,0.379,2059.4983333333334,2032.5345833333333
2026-03-10 13:00:00+00:00,2052.88,2052.88,2052.88,2052.88,0.0388,2059.4249999999997,2034.0854166666668
2026-03-10 14:00:00+00:00,2014.63,2060.49,2014.63,2060.49,0.1894,2059.058333333333,2035.3949999999998
2026-03-10 15:00:00+00:00,2080.26,2080.26,2063.83,2072.42,2.7581,2059.7966666666666,2037.3045833333335
2026-03-10 16:00:00+00:00,2079.76,2079.79,2071.11,2079.55,2.2604,2063.4633333333336,2039.7366666666667
2026-03-10 17:00:00+00:00,2079.51,2079.51,2071.37,2076.52,6.1009,2065.4083333333333,2042.1537500000002
2026-03-10 18:00:00+00:00,2073.06,2073.06,2040.55,2041.65,2.7422,2063.9183333333335,2043.493333333333
2026-03-10 19:00:00+00:00,2034.85,2041.4,2030.67,2035.91,0.6343,2061.09,2043.7458333333334
2026-03-10 20:00:00+00:00,2045.11,2045.12,2043.21,2043.21,0.0331,2058.21,2044.4341666666667
2026-03-10 21:00:00+00:00,2038.74,2040.14,2020.32,2020.32,3.3894,2049.5266666666666,2044.1049999999998
2026-03-10 22:00:00+00:00,2028.08,2028.3,2025.61,2026.67,0.4419,2040.7133333333334,2045.1666666666667
2026-03-10 23:00:00+00:00,2035.29,2035.34,2033.63,2034.7,0.3485,2033.743333333333,2046.6020833333334
2026-03-11 00:00:00+00:00,2034.7,2038.17,2032.25,2038.17,1.0944,2033.1633333333332,2047.4008333333334
2026-03-11 01:00:00+00:00,2037.47,2037.47,2037.47,2037.47,0.0053,2033.4233333333334,2048.37625
2026-03-11 02:00:00+00:00,2035.09,2035.09,2020.32,2022.93,0.2396,2030.0433333333333,2047.3333333333333
2026-03-11 03:00:00+00:00,2020.01,2020.01,2020.01,2020.01,0.0024,2029.9916666666668,2047.13
2026-03-11 04:00:00+00:00,2021.54,2033.04,2021.54,2033.04,0.7653,2031.0533333333333,2047.4695833333335
2026-03-11 05:00:00+00:00,2011.8,2011.8,2011.79,2011.79,0.4323,2027.235,2046.1383333333333
2026-03-11 06:00:00+00:00,2011.79,2011.79,2011.79,2011.79,0.0,2022.8383333333334,2044.8545833333335
2026-03-11 07:00:00+00:00,2023.39,2023.39,2011.22,2016.49,5.0483,2019.3416666666665,2043.3200000000004
2026-03-11 08:00:00+00:00,2013.19,2023.33,2013.19,2019.24,0.0542,2018.7266666666665,2041.5095833333335
2026-03-11 09:00:00+00:00,2019.9,2020.4,2016.15,2016.15,0.034,2018.0833333333333,2039.3495833333336
2026-03-11 10:00:00+00:00,2019.09,2019.09,2019.09,2019.09,0.1248,2015.7583333333332,2037.7470833333334
2026-03-11 11:00:00+00:00,2029.37,2031.55,2019.09,2019.09,1.5363,2016.9749999999997,2035.840416666667
2026-03-11 12:00:00+00:00,2017.13,2031.02,2015.41,2022.72,0.6925,2018.7966666666669,2034.6791666666666
2026-03-11 13:00:00+00:00,2028.86,2069.39,2028.86,2041.14,0.636,2022.905,2034.1899999999998
2026-03-11 14:00:00+00:00,2064.57,2071.51,2045.93,2064.45,3.3512,2030.4399999999998,2034.3550000000002
2026-03-11 15:00:00+00:00,2053.09,2057.53,2045.89,2045.89,0.3158,2035.3966666666665,2033.2495833333332
2026-03-11 16:00:00+00:00,2055.98,2059.93,2055.38,2055.38,1.3697,2041.4450000000004,2032.2425
2026-03-11 17:00:00+00:00,2080.98,2084.63,2070.74,2071.78,3.5806,2050.226666666667,2032.045
2026-03-11 18:00:00+00:00,2070.78,2075.75,2070.66,2075.75,0.2537,2059.065,2033.4658333333336
2026-03-11 19:00:00+00:00,2074.95,2077.58,2070.81,2075.2,1.5141,2064.741666666667,2035.1029166666667
2026-03-11 20:00:00+00:00,2069.99,2069.99,2068.33,2069.61,0.5056,2065.601666666667,2036.2029166666669
2026-03-11 21:00:00+00:00,2069.92,2073.68,2067.49,2073.68,0.0408,2070.233333333333,2038.4262500000002
2026-03-11 22:00:00+00:00,2073.68,2073.68,2073.68,2073.68,0.0,2073.2833333333333,2040.3850000000002
2026-03-11 23:00:00+00:00,2061.04,2061.04,2048.19,2048.19,0.0972,2069.351666666667,2040.9470833333332
2026-03-12 00:00:00+00:00,2056.1,2056.11,2055.58,2055.58,0.0845,2065.9900000000002,2041.6725
2026-03-12 01:00:00+00:00,2047.42,2048.74,2046.82,2046.82,0.5668,2061.2599999999998,2042.0620833333332
2026-03-12 02:00:00+00:00,2025.16,2025.16,2024.67,2024.67,0.0135,2053.77,2042.1345833333332
2026-03-12 03:00:00+00:00,2029.42,2032.44,2018.77,2018.77,1.0531,2044.6183333333336,2042.0829166666665
2026-03-12 04:00:00+00:00,2029.54,2029.54,2027.28,2027.28,1.0322,2036.885,2041.8429166666665
2026-03-12 05:00:00+00:00,2020.54,2020.54,2020.54,2020.54,0.0437,2032.2766666666666,2042.2075000000002
2026-03-12 06:00:00+00:00,2026.92,2030.79,2026.92,2030.79,4.2887,2028.1449999999998,2042.9991666666667
2026-03-12 07:00:00+00:00,2039.83,2039.83,2039.83,2039.83,0.1428,2026.9799999999998,2043.9716666666666
2026-03-12 08:00:00+00:00,2039.74,2048.82,2039.74,2048.82,0.1235,2031.0049999999999,2045.2041666666667
2026-03-12 09:00:00+00:00,2046.25,2054.48,2046.25,2054.48,11.8694,2036.9566666666667,2046.8012499999998
2026-03-12 10:00:00+00:00,2055.1,2062.67,2055.1,2061.38,1.8471,2042.64,2048.5633333333335
2026-03-12 11:00:00+00:00,2068.34,2074.66,2057.97,2057.97,1.3518,2048.8783333333336,2050.183333333333
2026-03-12 12:00:00+00:00,2064.44,2066.6,2064.26,2064.26,0.0764,2054.456666666667,2051.914166666667
2026-03-12 13:00:00+00:00,2063.65,2066.35,2057.12,2057.12,1.1704,2057.3383333333336,2052.5800000000004
2026-03-12 14:00:00+00:00,2079.59,2092.32,2046.7,2046.7,2.796,2056.985,2051.8404166666664
2026-03-12 15:00:00+00:00,2052.1,2072.29,2052.1,2069.09,0.1375,2059.42,2052.8070833333336
2026-03-12 16:00:00+00:00,2074.38,2074.38,2059.95,2069.63,0.4482,2060.795,2053.4008333333336
2026-03-12 17:00:00+00:00,2072.49,2072.49,2060.04,2063.65,0.691,2061.7416666666663,2053.0620833333332
2026-03-12 18:00:00+00:00,2059.11,2059.11,2049.64,2055.66,0.5775,2060.308333333333,2052.225
2026-03-12 19:00:00+00:00,2048.58,2056.57,2048.58,2056.57,0.1767,2060.2166666666667,2051.44875
2026-03-12 20:00:00+00:00,2067.74,2069.42,2064.58,2064.73,0.2684,2063.221666666667,2051.2454166666666
2026-03-12 21:00:00+00:00,2064.67,2066.71,2059.19,2060.38,0.4553,2061.77,2050.69125
2026-03-12 22:00:00+00:00,2063.06,2063.87,2057.83,2057.83,0.0786,2059.8033333333333,2050.0308333333332
2026-03-12 23:00:00+00:00,2081.65,2090.82,2080.94,2080.94,2.5576,2062.685,2051.3954166666667
2026-03-13 00:00:00+00:00,2100.0,2147.96,2100.0,2122.46,4.4178,2073.818333333333,2054.1820833333336
2026-03-13 01:00:00+00:00,2115.18,2115.18,2115.18,2115.18,0.0471,2083.5866666666666,2057.030416666667
2026-03-13 02:00:00+00:00,2124.76,2124.76,2104.47,2107.31,0.7259,2090.683333333333,2060.47375
2026-03-13 03:00:00+00:00,2108.89,2122.37,2108.66,2119.94,0.5149,2100.61,2064.6891666666666
2026-03-13 04:00:00+00:00,2115.83,2115.83,2115.71,2115.71,1.0738,2110.2566666666667,2068.37375
2026-03-13 05:00:00+00:00,2107.49,2109.82,2107.47,2109.22,0.4766,2114.97,2072.06875
2026-03-13 06:00:00+00:00,2107.09,2107.11,2094.01,2096.79,1.4516,2110.691666666667,2074.81875
2026-03-13 07:00:00+00:00,2098.83,2099.69,2096.54,2099.69,0.8135,2108.11,2077.3129166666663
2026-03-13 08:00:00+00:00,2096.32,2107.76,2096.12,2102.34,1.4858,2107.2816666666663,2079.5429166666668
2026-03-13 09:00:00+00:00,2105.49,2105.49,2105.05,2105.05,0.0509,2104.8,2081.65
2026-03-13 10:00:00+00:00,2127.6,2127.6,2127.6,2127.6,0.0316,2106.7816666666663,2084.409166666667
2026-03-13 11:00:00+00:00,2124.7,2124.72,2124.7,2124.72,0.133,2109.3650000000002,2087.190416666667
2026-03-13 12:00:00+00:00,2121.48,2150.0,2121.48,2147.74,7.524,2117.856666666667,2090.6687500000003
2026-03-13 13:00:00+00:00,2148.82,2191.75,2148.82,2187.06,10.4793,2132.4183333333335,2096.0829166666667
2026-03-13 14:00:00+00:00,2189.12,2203.26,2149.34,2151.36,9.5183,2140.5883333333336,2100.44375
2026-03-13 15:00:00+00:00,2151.98,2162.12,2128.84,2128.84,5.2883,2144.5533333333333,2102.933333333333
2026-03-13 16:00:00+00:00,2124.14,2124.14,2117.0,2119.59,3.004,2143.2183333333337,2105.015
2026-03-13 17:00:00+00:00,2135.1,2135.1,2097.45,2099.72,3.1276,2139.0516666666667,2106.5179166666667
2026-03-13 18:00:00+00:00,2104.68,2108.29,2091.56,2103.8,2.1465,2131.728333333333,2108.52375
2026-03-13 19:00:00+00:00,2098.69,2104.94,2098.66,2104.94,1.5842,2118.0416666666665,2110.539166666667
2026-03-13 20:00:00+00:00,2102.1,2112.21,2102.1,2112.21,0.1981,2111.516666666667,2112.5175
2026-03-13 21:00:00+00:00,2112.21,2112.21,2105.52,2107.72,0.5823,2107.9966666666664,2114.4900000000002
2026-03-13 22:00:00+00:00,2085.28,2085.28,2084.3,2084.3,0.1074,2102.115,2115.592916666667
2026-03-13 23:00:00+00:00,2087.68,2092.7,2087.67,2091.94,1.7163,2100.818333333333,2116.05125
2026-03-14 00:00:00+00:00,2092.01,2092.01,2085.91,2086.48,0.2212,2097.931666666667,2114.5520833333335
2026-03-14 01:00:00+00:00,2090.14,2090.86,2085.46,2085.46,0.7717,2094.685,2113.31375
2026-03-14 02:00:00+00:00,2090.63,2090.63,2090.6,2090.6,0.402,2091.0833333333335,2112.6175
2026-03-14 03:00:00+00:00,2099.94,2099.94,2099.94,2099.94,0.0069,2089.786666666667,2111.784166666667
2026-03-14 04:00:00+00:00,2098.37,2098.37,2091.41,2091.41,0.4918,2090.971666666667,2110.7716666666665
2026-03-14 05:00:00+00:00,2093.66,2093.66,2088.14,2089.93,0.0803,2090.6366666666668,2109.9679166666665
2026-03-14 06:00:00+00:00,2084.6,2086.68,2070.0,2079.21,2.459,2089.425,2109.2354166666664
2026-03-14 07:00:00+00:00,2078.68,2078.7,2078.68,2078.7,0.3016,2088.298333333333,2108.3608333333336
2026-03-14 08:00:00+00:00,2079.74,2079.74,2079.74,2079.74,0.0141,2086.4883333333332,2107.4191666666666
2026-03-14 09:00:00+00:00,2075.93,2076.42,2073.43,2073.43,0.2389,2082.0699999999997,2106.101666666667
2026-03-14 10:00:00+00:00,2067.62,2067.63,2067.05,2067.06,0.2038,2078.0116666666663,2103.5791666666664
2026-03-14 11:00:00+00:00,2069.26,2075.4,2069.26,2075.4,0.119,2075.59,2101.5241666666666
2026-03-14 12:00:00+00:00,2073.42,2076.0,2073.42,2076.0,0.0119,2075.055,2098.535
2026-03-14 13:00:00+00:00,2079.57,2080.15,2079.57,2080.15,0.1031,2075.2966666666666,2094.0804166666667
2026-03-14 14:00:00+00:00,2079.72,2080.93,2072.4,2072.4,0.5396,2074.0733333333333,2090.7904166666667
2026-03-14 15:00:00+00:00,2077.31,2077.31,2074.68,2074.68,0.4443,2074.2816666666668,2088.53375
2026-03-14 16:00:00+00:00,2074.38,2078.17,2074.38,2078.17,0.0353,2076.1333333333337,2086.8079166666666
2026-03-14 17:00:00+00:00,2077.93,2077.94,2077.81,2077.81,0.1138,2076.5350000000003,2085.895
2026-03-14 18:00:00+00:00,2077.81,2077.81,2077.81,2077.81,0.0,2076.8366666666666,2084.8120833333337
2026-03-14 19:00:00+00:00,2076.08,2079.63,2076.07,2078.2,0.2923,2076.5116666666668,2083.6979166666665
2026-03-14 20:00:00+00:00,2078.2,2078.2,2078.2,2078.2,0.0,2077.478333333333,2082.2808333333332
2026-03-14 21:00:00+00:00,2085.25,2085.26,2085.25,2085.26,0.0926,2079.2416666666663,2081.345
2026-03-14 22:00:00+00:00,2088.24,2088.32,2088.24,2088.32,0.0293,2080.933333333333,2081.5125
2026-03-14 23:00:00+00:00,2090.81,2098.24,2089.49,2097.6,0.9353,2084.2316666666666,2081.7483333333334
2026-03-15 00:00:00+00:00,2094.97,2094.97,2087.75,2088.5,0.0903,2086.0133333333333,2081.8325
2026-03-15 01:00:00+00:00,2087.74,2087.77,2084.5,2084.5,0.4857,2087.063333333333,2081.7925
2026-03-15 02:00:00+00:00,2096.55,2102.04,2096.55,2102.04,0.047,2091.036666666667,2082.2691666666665
2026-03-15 03:00:00+00:00,2100.78,2100.78,2092.94,2099.36,0.1717,2093.3866666666668,2082.245
2026-03-15 04:00:00+00:00,2100.85,2100.86,2100.85,2100.86,0.398,2095.476666666667,2082.63875
2026-03-15 05:00:00+00:00,2111.05,2116.74,2108.99,2108.99,0.1249,2097.375,2083.4329166666666
2026-03-15 06:00:00+00:00,2110.06,2110.06,2106.45,2106.45,0.1151,2100.366666666667,2084.567916666667
2026-03-15 07:00:00+00:00,2111.74,2111.74,2106.76,2106.76,0.0442,2104.076666666667,2085.737083333333
2026-03-15 08:00:00+00:00,2109.84,2112.52,2109.84,2112.52,1.1179,2105.8233333333333,2087.1029166666667
2026-03-15 09:00:00+00:00,2120.9,2121.67,2110.54,2114.75,18.8903,2108.388333333333,2088.8245833333335
2026-03-15 10:00:00+00:00,2116.39,2120.86,2116.39,2120.66,7.7852,2111.6883333333335,2091.0579166666666
2026-03-15 11:00:00+00:00,2119.77,2120.86,2117.87,2120.86,1.7352,2113.6666666666665,2092.952083333333
2026-03-15 12:00:00+00:00,2118.61,2118.61,2110.46,2110.46,0.1796,2114.335,2094.3879166666666
2026-03-15 13:00:00+00:00,2110.46,2110.46,2090.02,2090.02,3.0197,2111.545,2094.7991666666667
2026-03-15 14:00:00+00:00,2095.2,2096.49,2092.68,2092.68,0.0931,2108.2383333333332,2095.6441666666665
2026-03-15 15:00:00+00:00,2095.69,2096.16,2095.06,2095.07,0.1591,2104.9583333333335,2096.49375
2026-03-15 16:00:00+00:00,2096.68,2097.28,2092.14,2092.14,0.6967,2100.2050000000004,2097.0758333333333
2026-03-15 17:00:00+00:00,2112.55,2112.55,2112.55,2112.55,0.0023,2098.82,2098.5233333333335
2026-03-15 18:00:00+00:00,2110.24,2112.52,2110.24,2112.52,0.1988,2099.1633333333334,2099.969583333333
2026-03-15 19:00:00+00:00,2111.88,2111.88,2109.63,2109.63,0.508,2102.431666666667,2101.2791666666667
2026-03-15 20:00:00+00:00,2122.49,2132.66,2122.49,2131.07,0.2134,2108.8300000000004,2103.4820833333333
2026-03-15 21:00:00+00:00,2129.09,2142.71,2129.09,2137.76,2.0493,2115.945,2105.6695833333333
2026-03-15 22:00:00+00:00,2141.4,2186.46,2140.13,2182.52,4.2903,2131.008333333333,2109.5945833333335
2026-03-15 23:00:00+00:00,2200.39,2202.08,2169.69,2169.69,0.5764,2140.5316666666668,2112.5983333333334
2026-03-16 00:00:00+00:00,2182.33,2182.33,2169.27,2172.51,0.3294,2150.53,2116.09875
2026-03-16 01:00:00+00:00,2173.93,2180.47,2173.93,2180.47,0.017,2162.3366666666666,2120.0975000000003
2026-03-16 02:00:00+00:00,2180.66,2180.66,2169.97,2178.26,0.2538,2170.2016666666664,2123.2733333333335
2026-03-16 03:00:00+00:00,2190.36,2248.85,2190.36,2237.07,3.549,2186.7533333333336,2129.01125
2026-03-16 04:00:00+00:00,2260.55,2273.74,2247.25,2272.56,5.3506,2201.7599999999998,2136.1654166666667
2026-03-16 05:00:00+00:00,2261.16,2281.02,2256.82,2281.02,1.2204,2220.315,2143.3333333333335
2026-03-16 06:00:00+00:00,2278.65,2278.65,2262.04,2264.79,0.904,2235.695,2149.9308333333333
2026-03-16 07:00:00+00:00,2267.59,2267.6,2252.27,2252.29,0.6231,2247.6650000000004,2155.9945833333336
2026-03-16 08:00:00+00:00,2255.29,2255.29,2238.84,2240.59,0.7716,2258.0533333333333,2161.3308333333334
2026-03-16 09:00:00+00:00,2247.23,2249.97,2247.23,2249.97,0.095,2260.2033333333334,2166.965
2026-03-16 10:00:00+00:00,2264.38,2273.66,2262.63,2273.66,2.6534,2260.3866666666668,2173.34
2026-03-16 11:00:00+00:00,2277.6,2277.62,2273.14,2274.36,2.1689,2259.2766666666666,2179.7358333333336
2026-03-16 12:00:00+00:00,2274.37,2300.0,2274.37,2284.97,4.1882,2262.64,2187.0070833333334
2026-03-16 13:00:00+00:00,2280.85,2306.81,2275.05,2287.76,4.4685,2268.5516666666667,2195.24625
2026-03-16 14:00:00+00:00,2293.34,2303.44,2258.86,2285.93,2.1015,2276.108333333333,2203.298333333333
2026-03-16 15:00:00+00:00,2285.93,2289.7,2272.39,2272.39,2.0657,2279.845,2210.6866666666665
2026-03-16 16:00:00+00:00,2282.32,2296.9,2279.98,2294.76,0.2415,2283.3616666666667,2219.1291666666666
2026-03-16 17:00:00+00:00,2297.49,2318.65,2297.49,2318.65,0.2611,2290.7433333333333,2227.7166666666667
2026-03-16 18:00:00+00:00,2316.6,2337.82,2316.6,2327.25,1.8602,2297.79,2236.66375
2026-03-16 19:00:00+00:00,2327.25,2348.07,2326.08,2335.94,0.4506,2305.82,2246.0933333333337
2026-03-16 20:00:00+00:00,2324.62,2332.09,2324.62,2332.09,1.3455,2313.5133333333333,2254.4691666666668
2026-03-16 21:00:00+00:00,2352.75,2364.59,2349.01,2358.9,0.9692,2327.931666666667,2263.6833333333334
2026-03-16 22:00:00+00:00,2362.69,2381.77,2359.13,2362.72,3.4071,2339.258333333333,2271.1916666666666
2026-03-16 23:00:00+00:00,2354.63,2355.19,2333.29,2355.15,0.285,2345.3416666666667,2278.919166666667
2026-03-17 00:00:00+00:00,2347.35,2372.78,2347.35,2362.51,4.3017,2351.2183333333337,2286.835833333333
2026-03-17 01:00:00+00:00,2359.59,2373.61,2354.59,2354.59,13.2594,2354.326666666667,2294.090833333333
2026-03-17 02:00:00+00:00,2359.91,2359.91,2350.52,2350.52,0.0513,2357.398333333333,2301.268333333333
2026-03-17 03:00:00+00:00,2335.59,2335.59,2312.17,2312.17,0.1912,2349.61,2304.3975
2026-03-17 04:00:00+00:00,2322.77,2324.49,2294.96,2300.46,6.7338,2339.233333333333,2305.56
2026-03-17 05:00:00+00:00,2312.32,2315.08,2310.53,2315.08,0.1173,2332.555,2306.9791666666665
2026-03-17 06:00:00+00:00,2317.19,2317.19,2310.4,2310.4,0.248,2323.87,2308.8795833333334
2026-03-17 07:00:00+00:00,2318.41,2334.25,2318.41,2334.25,0.7715,2320.48,2312.2945833333333
2026-03-17 08:00:00+00:00,2323.96,2330.38,2316.2,2316.2,0.4632,2314.76,2315.445
2026-03-17 09:00:00+00:00,2315.1,2324.01,2306.16,2315.16,3.2353,2315.258333333333,2318.16125
2026-03-17 10:00:00+00:00,2315.16,2315.58,2308.01,2313.82,4.4028,2317.485,2319.8345833333333
2026-03-17 11:00:00+00:00,2313.79,2330.56,2313.79,2327.9,2.8161,2319.6216666666664,2322.065416666667
2026-03-17 12:00:00+00:00,2322.74,2322.74,2322.74,2322.74,0.0416,2321.6783333333333,2323.6391666666664
2026-03-17 13:00:00+00:00,2314.31,2331.79,2314.31,2321.24,11.6324,2319.5099999999998,2325.034166666667
2026-03-17 14:00:00+00:00,2332.87,2341.28,2332.31,2341.28,2.0344,2323.69,2327.340416666667
2026-03-17 15:00:00+00:00,2345.11,2353.36,2307.21,2318.12,1.0253,2324.183333333333,2329.245833333333
2026-03-17 16:00:00+00:00,2317.09,2332.0,2315.45,2325.0,1.6061,2326.0466666666666,2330.505833333333
2026-03-17 17:00:00+00:00,2326.14,2331.03,2324.91,2331.03,0.0795,2326.568333333333,2331.021666666667
2026-03-17 18:00:00+00:00,2337.85,2339.89,2337.85,2339.27,0.2781,2329.3233333333333,2331.5225
2026-03-17 19:00:00+00:00,2333.26,2337.62,2320.34,2320.34,0.9745,2329.1733333333336,2330.8725
2026-03-17 20:00:00+00:00,2319.55,2328.28,2319.55,2327.4,0.4292,2326.86,2330.6770833333335
2026-03-17 21:00:00+00:00,2338.79,2339.11,2338.79,2339.1,0.2184,2330.356666666667,2329.852083333333
2026-03-17 22:00:00+00:00,2337.87,2337.88,2324.26,2324.26,0.14,2330.233333333333,2328.2495833333332
2026-03-17 23:00:00+00:00,2329.17,2330.89,2319.64,2319.64,1.1257,2328.335,2326.77
2026-03-18 00:00:00+00:00,2320.6,2321.61,2320.6,2321.61,0.0054,2325.391666666667,2325.0658333333336
2026-03-18 01:00:00+00:00,2329.0,2329.0,2324.08,2324.08,2.8063,2326.015,2323.7945833333333
2026-03-18 02:00:00+00:00,2333.87,2338.7,2333.87,2338.7,0.2504,2327.898333333333,2323.3020833333335
2026-03-18 03:00:00+00:00,2332.46,2343.41,2332.46,2339.02,5.5202,2327.8849999999998,2324.420833333333
2026-03-18 04:00:00+00:00,2332.0,2332.0,2330.83,2330.83,4.2815,2328.98,2325.68625
2026-03-18 05:00:00+00:00,2329.45,2329.45,2313.92,2313.92,0.9824,2328.0266666666666,2325.6379166666666
2026-03-18 06:00:00+00:00,2324.53,2328.52,2324.53,2325.85,5.4137,2328.733333333333,2326.2816666666668
2026-03-18 07:00:00+00:00,2319.58,2319.58,2318.91,2318.91,0.2132,2327.8716666666664,2325.6425
2026-03-18 08:00:00+00:00,2322.21,2322.22,2320.76,2320.76,5.0565,2324.8816666666667,2325.8325
2026-03-18 09:00:00+00:00,2327.3,2330.58,2327.3,2329.99,0.109,2323.3766666666666,2326.4504166666666
2026-03-18 10:00:00+00:00,2330.56,2331.23,2310.18,2310.18,0.3244,2319.935,2326.29875
2026-03-18 11:00:00+00:00,2306.58,2316.69,2266.42,2269.88,5.6189,2312.595,2323.88125
2026-03-18 12:00:00+00:00,2267.48,2267.48,2237.28,2237.28,1.457,2297.8333333333335,2320.320416666667
2026-03-18 13:00:00+00:00,2242.52,2242.52,2230.94,2230.94,6.566,2283.1716666666666,2316.5579166666666
2026-03-18 14:00:00+00:00,2235.28,2235.28,2192.29,2192.29,14.87,2261.7599999999998,2310.35
2026-03-18 15:00:00+00:00,2181.76,2193.11,2171.32,2178.92,2.3379,2236.5816666666665,2304.55
2026-03-18 16:00:00+00:00,2182.88,2182.88,2166.55,2172.46,1.4573,2213.6283333333336,2298.1941666666667
2026-03-18 17:00:00+00:00,2180.69,2196.21,2180.69,2196.21,0.0651,2201.35,2292.5766666666664
2026-03-18 18:00:00+00:00,2216.84,2216.84,2177.78,2177.78,1.3817,2191.4333333333334,2285.8479166666666
2026-03-18 19:00:00+00:00,2189.92,2196.35,2177.79,2185.73,1.3389,2183.898333333333,2280.2391666666667
2026-03-18 20:00:00+00:00,2174.65,2193.44,2158.39,2189.47,1.9236,2183.4283333333333,2274.4920833333335
2026-03-18 21:00:00+00:00,2193.22,2195.45,2193.22,2194.31,0.9112,2185.9933333333333,2268.459166666667
2026-03-18 22:00:00+00:00,2186.91,2193.52,2186.91,2193.52,0.0584,2189.5033333333336,2263.0116666666668
2026-03-18 23:00:00+00:00,2194.21,2194.21,2190.36,2193.23,0.0259,2189.0066666666667,2257.7445833333336
2026-03-19 00:00:00+00:00,2200.0,2201.21,2200.0,2201.21,0.0986,2192.9116666666664,2252.7279166666667
2026-03-19 01:00:00+00:00,2193.85,2201.53,2193.85,2201.53,0.0992,2195.545,2247.6216666666664
2026-03-19 02:00:00+00:00,2201.53,2201.53,2201.53,2201.53,0.0,2197.555,2241.90625
2026-03-19 03:00:00+00:00,2198.48,2222.33,2198.48,2213.36,3.1223,2200.73,2236.6704166666664
2026-03-19 04:00:00+00:00,2195.49,2195.52,2190.57,2190.57,0.1805,2200.2383333333332,2230.8262499999996
2026-03-19 05:00:00+00:00,2194.92,2194.92,2194.92,2194.92,0.0998,2200.52,2225.8679166666666
2026-03-19 06:00:00+00:00,2187.02,2187.02,2187.02,2187.02,0.0227,2198.155,2220.0833333333335
2026-03-19 07:00:00+00:00,2175.36,2180.13,2145.09,2166.6,1.84,2192.3333333333335,2213.737083333333
2026-03-19 08:00:00+00:00,2167.47,2167.47,2159.46,2159.46,0.091,2185.3216666666667,2207.01625
2026-03-19 09:00:00+00:00,2162.32,2181.36,2161.74,2178.79,3.9048,2179.56,2200.71625
2026-03-19 10:00:00+00:00,2185.64,2185.64,2176.58,2176.58,1.1419,2177.228333333333,2195.1495833333333
2026-03-19 11:00:00+00:00,2172.07,2172.08,2169.77,2169.77,0.6522,2173.0366666666664,2190.978333333333
2026-03-19 12:00:00+00:00,2159.87,2159.87,2133.01,2134.36,2.6534,2164.26,2186.69
2026-03-19 13:00:00+00:00,2130.0,2137.54,2120.38,2137.11,3.5799,2159.345,2182.7804166666665
2026-03-19 14:00:00+00:00,2141.72,2141.72,2111.92,2121.58,0.3285,2153.0316666666663,2179.8341666666665
2026-03-19 15:00:00+00:00,2128.45,2134.65,2100.0,2110.89,3.6671,2141.715,2176.9995833333332
2026-03-19 16:00:00+00:00,2117.88,2117.88,2108.79,2116.87,1.7557,2131.7633333333333,2174.6833333333334
2026-03-19 17:00:00+00:00,2117.99,2129.64,2117.62,2129.64,0.0683,2125.0750000000003,2171.9095833333336
2026-03-19 18:00:00+00:00,2128.69,2128.69,2117.98,2119.87,0.4384,2122.66,2169.4966666666664
2026-03-19 19:00:00+00:00,2139.8,2151.28,2139.36,2141.83,49.7231,2123.4466666666663,2167.6675
2026-03-19 20:00:00+00:00,2142.95,2146.56,2141.41,2143.54,0.7254,2127.1066666666666,2165.75375
2026-03-19 21:00:00+00:00,2143.54,2143.54,2143.54,2143.54,0.0,2132.548333333333,2163.6383333333333
2026-03-19 22:00:00+00:00,2137.34,2137.34,2137.34,2137.34,0.0462,2135.96,2161.2975
2026-03-19 23:00:00+00:00,2137.34,2137.34,2137.34,2137.34,0.0,2137.2433333333333,2158.96875
2026-03-20 00:00:00+00:00,2137.34,2137.34,2137.34,2137.34,0.0,2140.155,2156.3075000000003
2026-03-20 01:00:00+00:00,2149.63,2159.53,2149.63,2159.53,1.2012,2143.105,2154.5575000000003
2026-03-20 02:00:00+00:00,2143.26,2143.26,2143.26,2143.26,0.4677,2143.0583333333334,2152.1295833333334
2026-03-20 03:00:00+00:00,2143.26,2143.26,2143.26,2143.26,0.0,2143.0116666666668,2149.2087500000002
2026-03-20 04:00:00+00:00,2143.26,2143.26,2143.26,2143.26,0.0,2143.9983333333334,2147.2375
2026-03-20 05:00:00+00:00,2151.64,2151.64,2149.41,2149.41,0.0898,2146.01,2145.34125
2026-03-20 06:00:00+00:00,2136.85,2139.08,2134.68,2135.62,1.6119,2145.7233333333334,2143.1995833333335
2026-03-20 07:00:00+00:00,2135.62,2146.1,2129.93,2146.1,4.0409,2143.485,2142.3454166666666
2026-03-20 08:00:00+00:00,2149.54,2170.71,2149.54,2165.35,4.3559,2147.1666666666665,2142.590833333333
2026-03-20 09:00:00+00:00,2160.75,2160.75,2138.13,2138.68,6.6194,2146.403333333333,2140.9195833333333
2026-03-20 10:00:00+00:00,2138.5,2146.1,2132.72,2146.1,0.1898,2146.8766666666666,2139.6495833333333
2026-03-20 11:00:00+00:00,2151.98,2157.13,2135.71,2140.16,2.5026,2145.3349999999996,2138.4158333333335
2026-03-20 12:00:00+00:00,2145.97,2151.01,2140.0,2140.0,0.6442,2146.065,2138.6508333333336
2026-03-20 13:00:00+00:00,2137.48,2145.65,2129.59,2130.94,1.3524,2143.5383333333334,2138.39375
2026-03-20 14:00:00+00:00,2119.34,2143.27,2119.34,2131.14,0.6518,2137.8366666666666,2138.7920833333333
2026-03-20 15:00:00+00:00,2132.66,2132.68,2121.64,2129.45,0.4413,2136.2983333333336,2139.565416666667
2026-03-20 16:00:00+00:00,2137.16,2137.16,2132.79,2132.79,0.0992,2134.08,2140.2287499999998
2026-03-20 17:00:00+00:00,2139.34,2140.43,2127.16,2127.3,0.1115,2131.936666666667,2140.13125
2026-03-20 18:00:00+00:00,2123.36,2126.74,2123.36,2126.74,0.0907,2129.726666666667,2140.4175
2026-03-20 19:00:00+00:00,2128.63,2132.68,2125.88,2132.68,0.7593,2130.0166666666664,2140.03625
2026-03-20 20:00:00+00:00,2135.96,2135.96,2131.6,2134.86,4.1162,2130.6366666666668,2139.6745833333334
2026-03-20 21:00:00+00:00,2143.16,2155.32,2143.16,2148.0,1.3201,2133.728333333333,2139.860416666667
2026-03-20 22:00:00+00:00,2161.42,2166.05,2156.67,2157.89,1.8657,2137.911666666667,2140.7166666666667
2026-03-20 23:00:00+00:00,2146.61,2146.61,2146.61,2146.61,0.1102,2141.1299999999997,2141.1029166666667
2026-03-21 00:00:00+00:00,2146.61,2146.61,2146.61,2146.61,0.0,2144.4416666666666,2141.4891666666667
2026-03-21 01:00:00+00:00,2146.61,2146.61,2146.61,2146.61,0.0,2146.763333333334,2140.9508333333333
2026-03-21 02:00:00+00:00,2146.61,2146.61,2146.61,2146.61,0.0,2148.721666666667,2141.090416666667
2026-03-21 03:00:00+00:00,2152.5,2152.5,2152.5,2152.5,0.1572,2149.471666666667,2141.4754166666667
2026-03-21 04:00:00+00:00,2151.31,2151.31,2151.31,2151.31,0.0071,2148.3750000000005,2141.8108333333334
2026-03-21 05:00:00+00:00,2151.31,2151.31,2151.31,2151.31,0.0,2149.1583333333333,2141.89
2026-03-21 06:00:00+00:00,2151.31,2151.31,2151.31,2151.31,0.0,2149.9416666666666,2142.5437500000003
2026-03-21 07:00:00+00:00,2151.31,2151.31,2151.31,2151.31,0.0,2150.725,2142.7608333333333
2026-03-21 08:00:00+00:00,2155.72,2155.72,2151.38,2152.3,0.4267,2151.673333333333,2142.2170833333334
2026-03-21 09:00:00+00:00,2156.81,2156.81,2156.74,2156.75,0.2523,2152.3816666666667,2142.97
2026-03-21 10:00:00+00:00,2157.83,2157.85,2156.41,2157.85,0.0398,2153.471666666667,2143.4595833333333
2026-03-21 11:00:00+00:00,2155.54,2155.54,2155.54,2155.54,0.0672,2154.1766666666667,2144.1004166666667
2026-03-21 12:00:00+00:00,2157.98,2157.98,2157.98,2157.98,0.0692,2155.2883333333334,2144.849583333333
2026-03-21 13:00:00+00:00,2157.96,2157.96,2157.96,2157.96,0.0452,2156.3966666666665,2145.9754166666667
2026-03-21 14:00:00+00:00,2162.13,2162.84,2156.56,2156.56,0.6832,2157.1066666666666,2147.0345833333336
2026-03-21 15:00:00+00:00,2148.03,2152.15,2148.03,2152.15,0.0165,2156.34,2147.9804166666668
2026-03-21 16:00:00+00:00,2146.87,2150.8,2146.87,2150.8,0.0498,2155.165,2148.7308333333335
2026-03-21 17:00:00+00:00,2150.02,2150.03,2147.27,2147.27,0.0795,2153.786666666667,2149.5629166666663
2026-03-21 18:00:00+00:00,2154.42,2154.42,2151.06,2151.09,0.0688,2152.638333333334,2150.5775
2026-03-21 19:00:00+00:00,2152.2,2152.2,2151.07,2151.07,0.1214,2151.4900000000002,2151.34375
2026-03-21 20:00:00+00:00,2153.29,2153.29,2153.29,2153.29,0.0067,2150.945,2152.1116666666667
2026-03-21 21:00:00+00:00,2154.33,2156.6,2154.33,2156.6,0.9559,2151.6866666666665,2152.47
2026-03-21 22:00:00+00:00,2151.01,2151.01,2151.01,2151.01,0.3992,2151.721666666667,2152.1833333333334
2026-03-21 23:00:00+00:00,2148.83,2148.83,2073.16,2082.65,4.8965,2140.9516666666664,2149.5183333333334
2026-03-22 00:00:00+00:00,2076.12,2081.29,2051.0,2081.29,4.8701,2129.318333333333,2146.7966666666666
2026-03-22 01:00:00+00:00,2086.08,2088.19,2084.95,2084.96,3.2735,2118.2999999999997,2144.2279166666667
2026-03-22 02:00:00+00:00,2089.56,2102.93,2089.56,2101.63,0.2984,2109.69,2142.3537499999998
2026-03-22 03:00:00+00:00,2101.63,2101.63,2101.63,2101.63,0.0,2100.5283333333336,2140.2341666666666
2026-03-22 04:00:00+00:00,2101.63,2101.63,2101.63,2101.63,0.0,2092.2983333333336,2138.164166666667
2026-03-22 05:00:00+00:00,2101.63,2101.63,2101.63,2101.63,0.0,2095.4616666666666,2136.0941666666668
2026-03-22 06:00:00+00:00,2101.63,2101.63,2101.63,2101.63,0.0,2098.851666666667,2134.0241666666666
2026-03-22 07:00:00+00:00,2111.19,2111.19,2099.59,2103.6,0.4714,2101.9583333333335,2132.03625
2026-03-22 08:00:00+00:00,2093.77,2093.77,2076.54,2086.94,2.717,2099.51,2129.3129166666668
2026-03-22 09:00:00+00:00,2090.0,2094.97,2083.14,2086.41,3.0306,2096.9733333333334,2126.3820833333334
2026-03-22 10:00:00+00:00,2081.39,2081.39,2081.39,2081.39,0.1079,2093.6,2123.19625
2026-03-22 11:00:00+00:00,2076.17,2076.17,2068.44,2068.44,0.6291,2088.068333333333,2119.5670833333334
2026-03-22 12:00:00+00:00,2074.02,2086.51,2074.02,2084.26,0.2595,2085.1733333333336,2116.4954166666666
2026-03-22 13:00:00+00:00,2087.84,2087.84,2079.95,2079.95,0.1964,2081.2316666666666,2113.2450000000003
2026-03-22 14:00:00+00:00,2075.5,2080.91,2075.5,2079.8,1.1159,2080.0416666666665,2110.0466666666666
2026-03-22 15:00:00+00:00,2079.8,2079.8,2079.8,2079.8,0.0,2078.94,2107.0320833333335
2026-03-22 16:00:00+00:00,2079.8,2079.8,2079.8,2079.8,0.0116,2078.6749999999997,2104.07375
2026-03-22 17:00:00+00:00,2083.32,2083.32,2083.32,2083.32,0.0086,2081.155,2101.409166666667
2026-03-22 18:00:00+00:00,2077.53,2078.92,2059.97,2061.94,0.997,2077.435,2097.6945833333334
2026-03-22 19:00:00+00:00,2062.85,2062.85,2057.6,2057.6,2.0544,2073.71,2093.8
2026-03-22 20:00:00+00:00,2064.68,2064.72,2058.97,2058.97,0.8878,2070.2383333333332,2089.87
2026-03-22 21:00:00+00:00,2052.64,2052.64,2027.67,2041.75,2.8076,2063.896666666667,2085.0845833333333
2026-03-22 22:00:00+00:00,2060.65,2061.71,2060.65,2061.71,1.1227,2060.8816666666667,2081.36375
2026-03-22 23:00:00+00:00,2064.62,2064.62,2064.62,2064.62,0.0071,2057.765,2080.6124999999997
2026-03-23 00:00:00+00:00,2053.86,2055.56,2047.68,2047.68,1.6992,2055.3883333333333,2079.2120833333333
2026-03-23 01:00:00+00:00,2042.39,2060.81,2042.39,2060.81,0.3646,2055.9233333333336,2078.205833333333
2026-03-23 02:00:00+00:00,2056.44,2056.44,2056.44,2056.44,0.3,2055.5016666666666,2076.3229166666665
2026-03-23 03:00:00+00:00,2057.47,2057.47,2054.3,2054.3,0.048,2057.5933333333332,2074.3508333333334
2026-03-23 04:00:00+00:00,2058.87,2059.93,2058.87,2059.93,0.1004,2057.2966666666666,2072.6133333333332
2026-03-23 05:00:00+00:00,2059.93,2059.93,2059.93,2059.93,0.0,2056.515,2070.8758333333335
2026-03-23 06:00:00+00:00,2059.93,2059.93,2038.17,2038.17,0.329,2054.93,2068.2316666666666
2026-03-23 07:00:00+00:00,2025.0,2042.98,2025.0,2042.98,1.0565,2051.9583333333335,2065.705833333333
2026-03-23 08:00:00+00:00,2054.76,2054.76,2050.4,2054.76,4.2448,2051.6783333333333,2064.3650000000002
2026-03-23 09:00:00+00:00,2036.64,2040.0,2036.64,2038.22,1.0103,2048.9983333333334,2062.3570833333333
2026-03-23 10:00:00+00:00,2044.93,2047.46,2044.89,2047.46,0.2784,2046.92,2060.943333333333
2026-03-23 11:00:00+00:00,2052.66,2191.15,2052.66,2133.24,37.4532,2059.138333333334,2063.643333333333
2026-03-23 12:00:00+00:00,2128.32,2146.86,2109.81,2144.77,5.611,2076.905,2066.1645833333337
2026-03-23 13:00:00+00:00,2151.94,2184.04,2142.3,2184.04,1.9143,2100.4150000000004,2070.5016666666666
2026-03-23 14:00:00+00:00,2184.65,2184.66,2174.3,2178.89,2.0164,2121.103333333333,2074.630416666667
2026-03-23 15:00:00+00:00,2161.52,2161.52,2129.38,2129.38,0.8127,2136.2966666666666,2076.69625
2026-03-23 16:00:00+00:00,2129.38,2136.31,2117.31,2117.31,0.8373,2147.9383333333335,2078.2591666666663
2026-03-23 17:00:00+00:00,2144.22,2154.14,2144.22,2154.14,0.3041,2151.4216666666666,2081.2099999999996
2026-03-23 18:00:00+00:00,2153.99,2165.04,2153.16,2165.04,1.521,2154.7999999999997,2085.505833333333
2026-03-23 19:00:00+00:00,2166.49,2166.49,2150.75,2150.75,0.3591,2149.2516666666666,2089.387083333333
2026-03-23 20:00:00+00:00,2159.91,2159.92,2159.91,2159.92,0.6526,2146.09,2093.5933333333337
2026-03-23 21:00:00+00:00,2157.0,2163.16,2157.0,2158.0,0.626,2150.86,2098.4370833333337
2026-03-23 22:00:00+00:00,2157.0,2157.0,2146.37,2148.32,0.4646,2156.028333333333,2102.045833333333
2026-03-23 23:00:00+00:00,2151.99,2152.0,2146.19,2151.92,0.3333,2155.6583333333333,2105.6833333333334
2026-03-24 00:00:00+00:00,2152.23,2152.23,2134.06,2134.06,0.2485,2150.495,2109.2825
2026-03-24 01:00:00+00:00,2146.33,2146.33,2136.45,2137.29,1.9457,2148.251666666667,2112.4691666666668
2026-03-24 02:00:00+00:00,2139.25,2139.25,2139.25,2139.25,0.1796,2144.806666666667,2115.9195833333333
2026-03-24 03:00:00+00:00,2134.37,2134.79,2134.37,2134.79,0.0393,2140.938333333333,2119.273333333333
2026-03-24 04:00:00+00:00,2150.4,2150.4,2131.62,2131.62,0.1996,2138.155,2122.2604166666665
2026-03-24 05:00:00+00:00,2134.77,2134.8,2134.77,2134.8,0.0469,2135.3016666666667,2125.3799999999997
2026-03-24 06:00:00+00:00,2137.2,2137.2,2137.2,2137.2,0.0026,2135.8250000000003,2129.50625
2026-03-24 07:00:00+00:00,2143.54,2160.71,2143.54,2152.51,1.2862,2138.361666666666,2134.07
2026-03-24 08:00:00+00:00,2163.21,2163.23,2152.51,2160.81,1.0993,2141.955,2138.48875
2026-03-24 09:00:00+00:00,2157.39,2157.39,2152.64,2153.85,1.0594,2145.1316666666667,2143.306666666667
2026-03-24 10:00:00+00:00,2153.85,2153.85,2153.85,2153.85,0.0,2148.8366666666666,2147.7395833333335
2026-03-24 11:00:00+00:00,2153.85,2164.85,2153.85,2164.85,0.6306,2153.845,2149.056666666667
2026-03-24 12:00:00+00:00,2164.85,2165.03,2160.62,2163.06,0.4647,2158.1549999999997,2149.81875
2026-03-24 13:00:00+00:00,2159.69,2159.69,2130.67,2130.67,2.6175,2154.515,2147.595
2026-03-24 14:00:00+00:00,2140.96,2145.86,2117.63,2135.9,42.3756,2150.3633333333332,2145.80375
2026-03-24 15:00:00+00:00,2135.7,2147.05,2135.7,2139.37,0.4473,2147.9500000000003,2146.22
2026-03-24 16:00:00+00:00,2126.57,2130.31,2125.66,2127.94,0.8518,2143.6316666666667,2146.6629166666667
2026-03-24 17:00:00+00:00,2115.29,2116.9,2102.88,2106.11,1.9337,2133.8416666666667,2144.661666666667
2026-03-24 18:00:00+00:00,2108.33,2125.0,2106.1,2119.89,3.1533,2126.646666666667,2142.780416666667
2026-03-24 19:00:00+00:00,2123.27,2123.27,2118.4,2118.42,0.4938,2124.605,2141.4333333333334
2026-03-24 20:00:00+00:00,2120.63,2150.66,2120.61,2149.53,0.9835,2126.8766666666666,2141.0004166666663
2026-03-24 21:00:00+00:00,2141.69,2148.3,2138.3,2148.3,1.0217,2128.3650000000002,2140.59625
2026-03-24 22:00:00+00:00,2148.23,2148.23,2139.4,2145.32,0.5687,2131.2616666666668,2140.47125
2026-03-24 23:00:00+00:00,2151.17,2161.41,2149.53,2160.2,0.7316,2140.2766666666666,2140.81625
2026-03-25 00:00:00+00:00,2154.68,2154.68,2147.85,2147.85,0.1112,2144.9366666666665,2141.3908333333334
2026-03-25 01:00:00+00:00,2156.45,2156.45,2156.45,2156.45,0.047,2151.275,2142.1891666666666
2026-03-25 02:00:00+00:00,2153.15,2161.14,2153.15,2161.14,0.669,2153.2099999999996,2143.10125
2026-03-25 03:00:00+00:00,2153.34,2154.49,2145.02,2145.02,0.9958,2152.6633333333334,2143.5275
2026-03-25 04:00:00+00:00,2145.02,2145.02,2145.02,2145.02,0.0,2152.6133333333332,2144.085833333333
2026-03-25 05:00:00+00:00,2169.47,2172.59,2169.47,2172.59,0.5146,2154.6783333333333,2145.6604166666666
2026-03-25 06:00:00+00:00,2165.81,2172.61,2163.26,2163.26,0.4384,2157.246666666667,2146.7462499999997
2026-03-25 07:00:00+00:00,2168.24,2172.0,2168.24,2172.0,0.0459,2159.8383333333336,2147.5583333333334
2026-03-25 08:00:00+00:00,2177.2,2184.08,2177.2,2184.08,0.6987,2163.661666666667,2148.5279166666664
2026-03-25 09:00:00+00:00,2180.23,2183.63,2180.23,2183.63,0.6552,2170.096666666667,2149.7687499999997
2026-03-25 10:00:00+00:00,2182.43,2185.9,2182.43,2185.9,0.167,2176.91,2151.1041666666665
2026-03-25 11:00:00+00:00,2193.15,2196.5,2184.12,2185.59,4.9931,2179.0766666666664,2151.9683333333337
2026-03-25 12:00:00+00:00,2186.11,2190.77,2177.11,2184.74,2.0573,2182.6566666666663,2152.8716666666664
2026-03-25 13:00:00+00:00,2183.3,2195.0,2183.3,2195.0,0.2611,2186.49,2155.5520833333335
2026-03-25 14:00:00+00:00,2187.66,2188.08,2179.09,2180.26,1.2073,2185.853333333333,2157.400416666667
2026-03-25 15:00:00+00:00,2166.62,2167.73,2150.82,2166.64,1.0283,2183.021666666667,2158.536666666667
2026-03-25 16:00:00+00:00,2160.43,2179.41,2159.74,2175.22,1.1055,2181.2416666666663,2160.5066666666667
2026-03-25 17:00:00+00:00,2172.83,2172.83,2160.54,2162.2,1.4121,2177.3433333333337,2162.84375
2026-03-25 18:00:00+00:00,2167.08,2171.66,2165.09,2165.13,0.4205,2174.075,2164.7287499999998
2026-03-25 19:00:00+00:00,2166.76,2171.92,2166.76,2171.92,0.0848,2170.2283333333335,2166.9579166666667
2026-03-25 20:00:00+00:00,2167.33,2167.33,2162.79,2163.94,0.0964,2167.5083333333337,2167.5583333333334
2026-03-25 21:00:00+00:00,2163.94,2163.94,2163.94,2163.94,0.0,2167.058333333333,2168.21
2026-03-25 22:00:00+00:00,2174.39,2175.18,2174.39,2175.18,0.2044,2167.0516666666667,2169.454166666667
2026-03-25 23:00:00+00:00,2175.18,2175.18,2175.18,2175.18,0.0,2169.215,2170.0783333333334
2026-03-26 00:00:00+00:00,2166.9,2166.9,2166.9,2166.9,0.0279,2169.5099999999998,2170.872083333333
2026-03-26 01:00:00+00:00,2166.9,2166.9,2166.9,2166.9,0.0,2168.6733333333336,2171.3075
2026-03-26 02:00:00+00:00,2145.29,2145.29,2145.29,2145.29,0.224,2165.565,2170.6470833333333
2026-03-26 03:00:00+00:00,2153.42,2155.77,2153.42,2155.77,2.553,2164.2033333333334,2171.095
2026-03-26 04:00:00+00:00,2151.73,2151.73,2151.0,2151.0,0.1717,2160.1733333333336,2171.3441666666668
2026-03-26 05:00:00+00:00,2140.23,2140.23,2113.62,2114.69,0.9067,2150.0916666666667,2168.931666666667
2026-03-26 06:00:00+00:00,2118.82,2118.86,2118.82,2118.86,0.5141,2142.085,2167.0816666666665
2026-03-26 07:00:00+00:00,2118.86,2121.59,2117.09,2121.59,0.0664,2134.5333333333333,2164.9812500000003
2026-03-26 08:00:00+00:00,2123.89,2123.93,2115.71,2117.13,0.5843,2129.84,2162.1916666666666
2026-03-26 09:00:00+00:00,2113.46,2113.46,2079.62,2079.62,4.3223,2117.148333333333,2157.857916666667
2026-03-26 10:00:00+00:00,2077.02,2080.23,2075.91,2078.0,0.2386,2104.9816666666666,2153.3620833333334
2026-03-26 11:00:00+00:00,2068.26,2069.63,2064.0,2067.45,1.9328,2097.1083333333336,2148.4395833333333
2026-03-26 12:00:00+00:00,2071.76,2074.1,2070.53,2074.1,0.3287,2089.648333333333,2143.829583333333
2026-03-26 13:00:00+00:00,2078.59,2084.3,2078.59,2084.3,3.0858,2083.4333333333334,2139.2170833333334
2026-03-26 14:00:00+00:00,2081.02,2081.02,2074.49,2074.49,0.2925,2076.3266666666664,2134.81
2026-03-26 15:00:00+00:00,2069.52,2073.56,2052.23,2073.56,1.1364,2075.3166666666666,2130.931666666667
2026-03-26 16:00:00+00:00,2068.46,2068.46,2062.03,2062.03,0.5745,2072.655,2126.2154166666664
2026-03-26 17:00:00+00:00,2054.38,2054.38,2047.01,2053.21,4.1015,2070.2816666666663,2121.6741666666667
2026-03-26 18:00:00+00:00,2050.22,2050.22,2036.39,2042.6,1.1476,2065.0316666666668,2116.56875
2026-03-26 19:00:00+00:00,2044.96,2051.49,2043.97,2050.43,0.2654,2059.3866666666668,2111.5066666666667
2026-03-26 20:00:00+00:00,2049.34,2076.15,2048.3,2069.25,4.0258,2058.5133333333333,2107.56125
2026-03-26 21:00:00+00:00,2061.46,2073.55,2060.26,2069.02,0.627,2057.7566666666667,2103.60625
2026-03-26 22:00:00+00:00,2070.28,2070.28,2057.61,2066.24,0.2257,2058.4583333333335,2099.0670833333334
2026-03-26 23:00:00+00:00,2059.42,2059.42,2059.42,2059.42,0.1018,2059.4933333333333,2094.24375
2026-03-27 00:00:00+00:00,2060.95,2060.95,2060.95,2060.95,0.0696,2062.5516666666667,2089.8291666666664
2026-03-27 01:00:00+00:00,2071.06,2071.19,2068.99,2068.99,0.2478,2065.645,2085.7495833333337
2026-03-27 02:00:00+00:00,2071.64,2071.64,2071.64,2071.64,0.0115,2066.043333333333,2082.6808333333333
2026-03-27 03:00:00+00:00,2059.48,2059.48,2059.48,2059.48,0.2038,2064.4533333333334,2078.66875
2026-03-27 04:00:00+00:00,2054.08,2054.08,2044.72,2050.0,0.5242,2061.7466666666664,2074.4604166666663
2026-03-27 05:00:00+00:00,2050.0,2050.0,2050.0,2050.0,0.0,2060.1766666666667,2071.765
2026-03-27 06:00:00+00:00,2060.72,2066.1,2060.72,2062.77,0.4933,2060.48,2069.427916666667
2026-03-27 07:00:00+00:00,2060.51,2069.72,2060.51,2065.47,0.3313,2059.8933333333334,2067.089583333333
2026-03-27 08:00:00+00:00,2061.76,2061.76,2048.51,2048.51,1.2441,2056.0383333333334,2064.2304166666668
2026-03-27 09:00:00+00:00,2039.33,2049.52,2036.23,2045.34,0.6998,2053.681666666667,2062.8020833333335
2026-03-27 10:00:00+00:00,2043.18,2044.24,1987.06,1991.74,12.2237,2043.9716666666666,2059.2079166666667
2026-03-27 11:00:00+00:00,1990.05,1994.81,1980.79,1994.28,2.2242,2034.6849999999997,2056.159166666667
2026-03-27 12:00:00+00:00,1991.69,1994.28,1986.61,1987.53,2.5114,2022.1450000000002,2052.5520833333335
2026-03-27 13:00:00+00:00,1991.69,1996.15,1971.13,1980.18,3.5388,2007.93,2048.21375
2026-03-27 14:00:00+00:00,1980.18,1980.28,1973.54,1977.19,0.4412,1996.0433333333333,2044.1595833333333
2026-03-27 15:00:00+00:00,1989.6,1998.99,1988.36,1991.56,1.1491,1987.08,2040.7429166666664
2026-03-27 16:00:00+00:00,1986.32,1987.53,1982.4,1987.53,1.565,1986.3783333333333,2037.6387499999998
2026-03-27 17:00:00+00:00,1986.45,1993.4,1976.72,1976.72,0.787,1983.4516666666668,2034.4516666666666
2026-03-27 18:00:00+00:00,1979.85,1981.83,1977.76,1981.83,0.5975,1982.5016666666668,2031.9195833333333
2026-03-27 19:00:00+00:00,1978.73,1978.77,1978.73,1978.77,0.709,1982.2666666666667,2028.93375
2026-03-27 20:00:00+00:00,1989.85,1989.89,1982.13,1982.16,0.6554,1983.095,2025.305
2026-03-27 21:00:00+00:00,1989.39,1989.39,1985.39,1985.39,0.2852,1982.0666666666666,2021.8204166666667
2026-03-27 22:00:00+00:00,1986.44,1986.44,1986.3,1986.3,0.0924,1981.8616666666665,2018.4895833333333
2026-03-27 23:00:00+00:00,1984.35,1988.45,1984.35,1988.45,0.02,1983.8166666666666,2015.5325
2026-03-28 00:00:00+00:00,1992.98,1992.98,1992.2,1992.2,0.0371,1985.545,2012.6679166666665
2026-03-28 01:00:00+00:00,1988.1,1988.1,1988.1,1988.1,0.0538,1987.0999999999997,2009.2975
2026-03-28 02:00:00+00:00,1988.1,1988.1,1988.1,1988.1,0.0,1988.09,2005.8166666666666
2026-03-28 03:00:00+00:00,1991.12,1991.12,1988.8,1990.12,0.0118,1988.8783333333333,2002.9266666666665
2026-03-28 04:00:00+00:00,1990.12,1990.12,1990.12,1990.12,0.0,1989.515,2000.4316666666666
2026-03-28 05:00:00+00:00,1990.12,1990.12,1990.12,1990.12,0.0,1989.7933333333333,1997.9366666666667
2026-03-28 06:00:00+00:00,1999.64,1999.64,1999.64,1999.64,0.21,1991.033333333333,1995.3062499999999
2026-03-28 07:00:00+00:00,2004.64,2004.64,2004.64,2004.64,0.1012,1993.7899999999997,1992.7716666666668
2026-03-28 08:00:00+00:00,2005.44,2005.44,1999.2,1999.2,0.8546,1995.64,1990.7170833333332
2026-03-28 09:00:00+00:00,1997.0,1997.14,1993.66,1997.14,7.5825,1996.8100000000002,1988.7087499999998
2026-03-28 10:00:00+00:00,1993.68,1993.68,1993.68,1993.68,0.0823,1997.4033333333334,1988.7895833333332
2026-03-28 11:00:00+00:00,1993.68,1993.68,1993.68,1993.68,0.0,1997.9966666666667,1988.7645833333333
2026-03-28 12:00:00+00:00,1999.25,2001.33,1995.02,1998.43,2.5101,1997.795,1989.21875
2026-03-28 13:00:00+00:00,1998.43,2041.84,1998.43,2026.48,2.8077,2001.4350000000002,1991.1479166666668
2026-03-28 14:00:00+00:00,2021.0,2022.84,2018.47,2018.47,1.252,2004.6466666666668,1992.8679166666668
2026-03-28 15:00:00+00:00,2025.48,2036.51,2024.94,2025.63,1.9576,2009.3950000000002,1994.2875000000001
2026-03-28 16:00:00+00:00,2026.54,2026.74,2024.57,2026.74,0.2618,2014.905,1995.92125
2026-03-28 17:00:00+00:00,2022.6,2026.8,2018.47,2019.91,9.6776,2019.2766666666666,1997.7208333333335
2026-03-28 18:00:00+00:00,2023.73,2031.18,2022.77,2022.77,4.589,2023.3333333333333,1999.4266666666665
2026-03-28 19:00:00+00:00,2019.67,2020.68,2019.67,2020.68,0.3939,2022.3666666666668,2001.1729166666667
2026-03-28 20:00:00+00:00,2023.72,2023.88,2023.72,2023.88,0.1711,2023.2683333333334,2002.91125
2026-03-28 21:00:00+00:00,2025.96,2025.96,2009.87,2009.87,0.4942,2020.6416666666667,2003.9312499999999
2026-03-28 22:00:00+00:00,2009.33,2013.79,2009.33,2013.79,0.0417,2018.4833333333336,2005.0766666666666
2026-03-28 23:00:00+00:00,2000.79,2000.79,1993.0,1996.89,0.0971,2014.6466666666668,2005.4283333333333
2026-03-29 00:00:00+00:00,1996.94,1996.94,1993.89,1993.89,0.2933,2009.8333333333333,2005.49875
2026-03-29 01:00:00+00:00,1997.6,2005.6,1997.6,2003.87,0.4266,2007.0316666666668,2006.1558333333332
2026-03-29 02:00:00+00:00,2002.8,2002.8,2002.8,2002.8,0.0142,2003.5183333333332,2006.7683333333334
2026-03-29 03:00:00+00:00,2017.25,2017.25,2017.25,2017.25,0.2082,2004.7483333333332,2007.8987500000003
2026-03-29 04:00:00+00:00,2005.95,2005.95,2005.55,2005.55,0.1986,2003.375,2008.5416666666667
2026-03-29 05:00:00+00:00,2003.57,2003.57,2003.57,2003.57,0.1856,2004.4883333333335,2009.1020833333332
2026-03-29 06:00:00+00:00,2002.13,2002.13,2002.13,2002.13,0.0237,2005.8616666666667,2009.2058333333334
2026-03-29 07:00:00+00:00,2004.71,2005.73,2003.65,2005.73,0.1751,2006.1716666666664,2009.25125
2026-03-29 08:00:00+00:00,2005.73,2005.73,2005.73,2005.73,0.0,2006.66,2009.5233333333335
2026-03-29 09:00:00+00:00,2003.35,2003.35,1998.77,1999.81,0.5542,2003.7533333333333,2009.6345833333335
2026-03-29 10:00:00+00:00,1996.61,1996.61,1995.66,1995.66,0.1414,2002.1049999999998,2009.7170833333337
2026-03-29 11:00:00+00:00,1995.66,2005.42,1995.66,2004.45,0.2085,2002.2516666666668,2010.1658333333335
2026-03-29 12:00:00+00:00,2004.47,2004.47,2000.36,2000.36,0.4571,2001.9566666666667,2010.2462500000001
2026-03-29 13:00:00+00:00,1991.0,1991.87,1986.0,1986.37,2.3617,1998.7299999999998,2008.5749999999998
2026-03-29 14:00:00+00:00,1985.81,1999.93,1985.81,1993.18,0.2299,1996.6383333333333,2007.5212499999998
2026-03-29 15:00:00+00:00,1997.12,1997.12,1989.91,1991.51,0.2525,1995.255,2006.0995833333334
2026-03-29 16:00:00+00:00,1992.74,2001.23,1992.74,1997.98,1.8781,1995.6416666666667,2004.9012500000001
2026-03-29 17:00:00+00:00,1997.99,1998.0,1990.27,1990.27,0.0581,1993.2783333333334,2003.66625
2026-03-29 18:00:00+00:00,1992.42,1997.95,1992.42,1997.95,0.5918,1992.8766666666668,2002.6320833333336
2026-03-29 19:00:00+00:00,1997.95,1997.95,1997.95,1997.95,0.0,1994.8066666666666,2001.6850000000002
2026-03-29 20:00:00+00:00,2004.13,2007.72,2001.11,2002.18,2.1076,1996.3066666666666,2000.7808333333332
2026-03-29 21:00:00+00:00,2003.35,2007.64,2003.35,2004.33,0.1167,1998.4433333333334,2000.5500000000002
2026-03-29 22:00:00+00:00,1993.8,1993.8,1944.12,1944.12,10.3325,1989.4666666666665,1997.6470833333333
2026-03-29 23:00:00+00:00,1985.7,1991.56,1977.41,1984.59,1.6036,1988.5199999999998,1997.1345833333335
2026-03-30 00:00:00+00:00,2002.43,2019.3,2002.43,2005.15,1.4368,1989.72,1997.6037500000002
2026-03-30 01:00:00+00:00,2002.0,2002.0,2002.0,2002.0,0.1,1990.3949999999998,1997.5258333333334
2026-03-30 02:00:00+00:00,2012.0,2032.2,2012.0,2032.2,0.101,1995.3983333333333,1998.7508333333333
2026-03-30 03:00:00+00:00,2029.12,2029.12,2028.96,2028.96,0.0048,1999.5033333333333,1999.2387499999998
2026-03-30 04:00:00+00:00,2040.53,2050.0,2040.53,2045.76,0.7356,2016.4433333333334,2000.9141666666667
2026-03-30 05:00:00+00:00,2054.86,2054.86,2054.86,2054.86,0.4653,2028.155,2003.0512500000002
2026-03-30 06:00:00+00:00,2046.68,2052.38,2038.58,2038.58,4.0619,2033.7266666666667,2004.5699999999997
2026-03-30 07:00:00+00:00,2046.39,2064.48,2043.21,2058.11,0.9929,2043.0783333333336,2006.7524999999998
2026-03-30 08:00:00+00:00,2058.11,2058.11,2058.11,2058.11,0.0,2047.3966666666668,2008.9349999999997
2026-03-30 09:00:00+00:00,2058.11,2058.11,2054.48,2055.35,0.1663,2051.795,2011.2491666666667
2026-03-30 10:00:00+00:00,2052.28,2057.53,2049.73,2056.46,0.1062,2053.5783333333334,2013.7825
2026-03-30 11:00:00+00:00,2057.49,2069.29,2057.49,2067.96,0.6264,2055.7616666666668,2016.42875
2026-03-30 12:00:00+00:00,2074.33,2075.0,2074.32,2074.32,0.3531,2061.7183333333337,2019.5104166666667
2026-03-30 13:00:00+00:00,2073.73,2081.56,2068.74,2068.74,1.0968,2063.49,2022.9425
2026-03-30 14:00:00+00:00,2063.31,2071.37,2047.73,2071.37,2.4525,2065.7,2026.2004166666668
2026-03-30 15:00:00+00:00,2077.33,2077.33,2068.33,2075.55,3.5636,2069.066666666667,2029.7020833333333
2026-03-30 16:00:00+00:00,2069.63,2069.63,2062.3,2062.3,0.4582,2070.04,2032.3820833333332
2026-03-30 17:00:00+00:00,2064.62,2064.62,2039.56,2046.32,1.502,2066.4333333333334,2034.7175
2026-03-30 18:00:00+00:00,2042.11,2042.11,2030.56,2030.56,0.5473,2059.14,2036.0762499999998
2026-03-30 19:00:00+00:00,2027.34,2027.34,2017.7,2027.34,0.7117,2052.24,2037.3008333333335
2026-03-30 20:00:00+00:00,2026.32,2026.32,2026.32,2026.32,0.1431,2044.7316666666666,2038.3066666666666
2026-03-30 21:00:00+00:00,2026.32,2026.32,2026.32,2026.32,0.0,2036.5266666666666,2039.2229166666666
2026-03-30 22:00:00+00:00,2035.72,2035.72,2035.72,2035.72,0.0071,2032.0966666666666,2043.0395833333334
2026-03-30 23:00:00+00:00,2030.45,2030.45,2017.89,2025.74,1.0011,2028.6666666666667,2044.7541666666666
2026-03-31 00:00:00+00:00,2027.31,2027.31,2023.94,2023.94,0.7724,2027.5633333333335,2045.5370833333334
2026-03-31 01:00:00+00:00,2054.01,2088.32,2052.96,2074.81,2.4359,2035.4750000000001,2048.570833333333
2026-03-31 02:00:00+00:00,2074.81,2074.81,2074.81,2074.81,0.0032,2043.5566666666666,2050.34625
2026-03-31 03:00:00+00:00,2074.81,2074.81,2062.63,2062.63,7.7515,2049.6083333333336,2051.749166666667
2026-03-31 04:00:00+00:00,2067.14,2067.14,2058.04,2061.84,0.3721,2053.9616666666666,2052.4191666666666
2026-03-31 05:00:00+00:00,2061.84,2061.84,2061.84,2061.84,0.0,2059.9783333333335,2052.71
2026-03-31 06:00:00+00:00,2055.25,2059.0,2055.25,2055.82,0.8575,2065.2916666666665,2053.4283333333337
2026-03-31 07:00:00+00:00,2059.08,2059.08,2059.08,2059.08,0.0097,2062.67,2053.46875
2026-03-31 08:00:00+00:00,2048.45,2048.45,2038.84,2038.84,0.2342,2056.675,2052.6658333333335
2026-03-31 09:00:00+00:00,2031.3,2031.3,2016.37,2016.38,2.473,2048.9666666666667,2051.0420833333333
2026-03-31 10:00:00+00:00,2024.64,2025.77,2020.77,2025.56,1.8819,2042.92,2049.7545833333334
2026-03-31 11:00:00+00:00,2023.44,2038.38,2023.44,2035.96,1.6243,2038.6066666666666,2048.42125
2026-03-31 12:00:00+00:00,2043.1,2053.74,2033.66,2047.23,1.1939,2037.175,2047.2924999999998
2026-03-31 13:00:00+00:00,2051.5,2072.25,2051.5,2072.25,0.3755,2039.3700000000001,2047.43875
2026-03-31 14:00:00+00:00,2072.25,2089.0,2043.16,2043.16,2.4073,2040.0900000000001,2046.2633333333333
2026-03-31 15:00:00+00:00,2058.6,2064.96,2057.39,2057.39,0.5979,2046.9250000000002,2045.506666666667
2026-03-31 16:00:00+00:00,2068.33,2106.29,2068.33,2090.51,2.7594,2057.75,2046.6820833333334
2026-03-31 17:00:00+00:00,2103.62,2118.32,2088.4,2088.4,1.0373,2066.4900000000002,2048.4354166666667
2026-03-31 18:00:00+00:00,2096.21,2100.49,2096.21,2100.49,0.0642,2075.366666666667,2051.349166666667
2026-03-31 19:00:00+00:00,2101.44,2101.44,2091.42,2091.42,3.7154,2078.561666666667,2054.0191666666665
2026-03-31 20:00:00+00:00,2095.82,2106.39,2095.82,2106.39,0.6796,2089.1,2057.3554166666668
2026-03-31 21:00:00+00:00,2102.09,2107.09,2102.09,2102.62,0.3399,2096.6383333333333,2060.5345833333336
2026-03-31 22:00:00+00:00,2103.77,2103.77,2096.26,2096.28,0.1281,2097.6,2063.0579166666666
2026-03-31 23:00:00+00:00,2097.1,2107.54,2097.1,2105.07,0.7334,2100.3783333333336,2066.3633333333332
2026-04-01 00:00:00+00:00,2102.66,2110.52,2099.8,2110.52,0.5148,2102.05,2069.9708333333333
2026-04-01 01:00:00+00:00,2094.03,2094.03,2094.03,2094.03,0.1375,2102.485,2070.771666666667
2026-04-01 02:00:00+00:00,2093.06,2093.06,2088.4,2088.4,0.0164,2099.486666666667,2071.337916666667
2026-04-01 03:00:00+00:00,2101.04,2101.04,2101.04,2101.04,4.0,2099.2233333333334,2072.938333333333
2026-04-01 04:00:00+00:00,2101.04,2101.04,2101.04,2101.04,0.0042,2100.016666666667,2074.5716666666667
2026-04-01 05:00:00+00:00,2108.58,2130.0,2108.58,2127.29,1.013,2103.72,2077.29875
2026-04-01 06:00:00+00:00,2127.29,2150.04,2127.29,2150.04,2.1618,2110.306666666667,2081.224583333333
2026-04-01 07:00:00+00:00,2137.39,2141.23,2132.15,2132.15,1.631,2116.6600000000003,2084.2691666666665
2026-04-01 08:00:00+00:00,2132.17,2137.79,2132.17,2134.89,0.5439,2124.4083333333333,2088.2712500000002
2026-04-01 09:00:00+00:00,2133.7,2133.7,2129.55,2130.68,0.0764,2129.3483333333334,2093.03375
2026-04-01 10:00:00+00:00,2132.16,2132.16,2120.62,2127.22,5.4321,2133.7116666666666,2097.2695833333332
2026-04-01 11:00:00+00:00,2134.35,2135.49,2134.21,2135.49,3.1793,2135.0783333333334,2101.4166666666665
2026-04-01 12:00:00+00:00,2135.17,2140.37,2127.1,2132.29,3.3972,2132.12,2104.9608333333335
2026-04-01 13:00:00+00:00,2122.92,2133.62,2113.87,2120.51,1.2533,2130.18,2106.971666666667
2026-04-01 14:00:00+00:00,2117.43,2125.86,2117.43,2125.86,1.933,2128.6749999999997,2110.4175
2026-04-01 15:00:00+00:00,2135.45,2137.78,2131.09,2136.67,2.2351,2129.6733333333336,2113.7208333333333
2026-04-01 16:00:00+00:00,2134.33,2150.0,2126.07,2150.0,2.5093,2133.47,2116.1995833333335
2026-04-01 17:00:00+00:00,2154.76,2154.76,2131.03,2136.06,8.288,2133.565,2118.1854166666667
2026-04-01 18:00:00+00:00,2133.05,2133.05,2128.72,2128.72,0.3425,2132.97,2119.3616666666667
2026-04-01 19:00:00+00:00,2129.73,2138.78,2129.73,2138.78,0.3799,2136.015,2121.335
2026-04-01 20:00:00+00:00,2134.23,2143.79,2134.23,2143.79,0.4295,2139.003333333333,2122.8933333333334
2026-04-01 21:00:00+00:00,2151.03,2162.25,2151.01,2162.25,4.5212,2143.2666666666664,2125.377916666667
2026-04-01 22:00:00+00:00,2145.44,2150.13,2145.44,2147.0,0.6489,2142.7666666666664,2127.49125
2026-04-01 23:00:00+00:00,2141.83,2141.83,2139.42,2139.42,0.0592,2143.3266666666664,2128.9225
2026-04-02 00:00:00+00:00,2139.58,2150.63,2139.58,2150.63,0.9693,2146.9783333333335,2130.59375
2026-04-02 01:00:00+00:00,2140.45,2141.71,2099.78,2099.78,0.9002,2140.478333333333,2130.8333333333335
2026-04-02 02:00:00+00:00,2090.0,2090.0,2073.79,2073.79,1.9108,2128.811666666667,2130.224583333333
2026-04-02 03:00:00+00:00,2073.79,2073.79,2047.56,2047.56,0.7649,2109.6966666666667,2127.99625
2026-04-02 04:00:00+00:00,2057.66,2057.66,2057.66,2057.66,0.007,2094.806666666667,2126.18875
2026-04-02 05:00:00+00:00,2049.02,2049.16,2041.42,2049.16,0.7367,2079.7633333333333,2122.9333333333334
2026-04-02 06:00:00+00:00,2047.7,2047.7,2047.57,2047.57,0.4643,2062.5866666666666,2118.66375
2026-04-02 07:00:00+00:00,2047.02,2047.02,2047.02,2047.02,0.0029,2053.793333333333,2115.1166666666663
2026-04-02 08:00:00+00:00,2052.11,2052.11,2047.02,2047.02,0.0714,2049.3316666666665,2111.4554166666667
2026-04-02 09:00:00+00:00,2043.28,2043.28,2043.28,2043.28,0.0403,2048.6183333333333,2107.81375
2026-04-02 10:00:00+00:00,2035.69,2039.49,2032.19,2039.49,0.7208,2045.5900000000001,2104.1583333333333
2026-04-02 11:00:00+00:00,2039.52,2039.52,2026.87,2034.15,1.2842,2043.0883333333334,2099.9358333333334
2026-04-02 12:00:00+00:00,2025.0,2025.0,2025.0,2025.0,0.0701,2039.3266666666668,2095.4654166666664
2026-04-02 13:00:00+00:00,2021.46,2038.59,2020.23,2038.59,3.8136,2037.9216666666669,2092.0520833333335
2026-04-02 14:00:00+00:00,2034.81,2065.59,2034.81,2059.52,3.6617,2040.0049999999999,2089.2879166666667
2026-04-02 15:00:00+00:00,2058.11,2063.98,2054.97,2055.37,1.5278,2042.0200000000002,2085.900416666667
2026-04-02 16:00:00+00:00,2059.57,2070.64,2059.57,2065.43,1.2031,2046.3433333333332,2082.3766666666666
2026-04-02 17:00:00+00:00,2066.9,2066.9,2066.9,2066.9,0.0159,2051.8016666666667,2079.495
2026-04-02 18:00:00+00:00,2050.19,2055.0,2048.12,2055.0,5.4978,2056.8016666666667,2076.423333333333
2026-04-02 19:00:00+00:00,2060.17,2061.44,2059.24,2059.24,0.1038,2060.2433333333333,2073.1091666666666
2026-04-02 20:00:00+00:00,2068.98,2068.98,2068.98,2068.98,0.0099,2061.8199999999997,2069.992083333333
2026-04-02 21:00:00+00:00,2065.78,2065.78,2059.24,2059.24,0.1831,2062.4649999999997,2065.7
2026-04-02 22:00:00+00:00,2059.99,2062.56,2059.99,2062.56,0.0187,2061.986666666666,2062.181666666667
2026-04-02 23:00:00+00:00,2062.56,2062.56,2062.56,2062.56,0.0,2061.2633333333333,2058.9791666666665
2026-04-03 00:00:00+00:00,2056.2,2056.2,2053.95,2053.95,1.1017,2061.088333333333,2054.9508333333333
2026-04-03 01:00:00+00:00,2051.48,2051.48,2051.48,2051.48,0.0236,2059.795,2052.938333333333
2026-04-03 02:00:00+00:00,2049.21,2049.46,2041.54,2044.02,0.5258,2055.6349999999998,2051.6979166666665
2026-04-03 03:00:00+00:00,2052.51,2060.19,2052.51,2060.19,4.7888,2055.7933333333335,2052.2241666666664
2026-04-03 04:00:00+00:00,2051.4,2051.4,2051.4,2051.4,0.2041,2053.9333333333334,2051.9633333333336
2026-04-03 05:00:00+00:00,2060.84,2060.84,2060.84,2060.84,0.2086,2053.6466666666665,2052.45
2026-04-03 06:00:00+00:00,2060.82,2061.78,2060.82,2061.78,0.1659,2054.951666666667,2053.0420833333333
2026-04-03 07:00:00+00:00,2065.56,2066.59,2062.63,2066.52,0.3256,2057.4583333333335,2053.8545833333333
2026-04-03 08:00:00+00:00,2066.6,2066.6,2061.93,2061.93,0.1241,2060.443333333333,2054.4758333333334
2026-04-03 09:00:00+00:00,2063.09,2063.09,2059.84,2059.84,0.1122,2060.385,2055.165833333333
2026-04-03 10:00:00+00:00,2059.39,2059.39,2055.72,2056.78,0.8495,2061.2816666666668,2055.88625
2026-04-03 11:00:00+00:00,2059.9,2063.01,2059.9,2063.01,0.128,2061.6433333333334,2057.08875
2026-04-03 12:00:00+00:00,2059.84,2077.69,2056.78,2056.78,1.1826,2060.81,2058.4129166666667
2026-04-03 13:00:00+00:00,2044.33,2046.62,2044.33,2045.76,0.1828,2057.35,2058.7116666666666
2026-04-03 14:00:00+00:00,2047.83,2053.19,2047.83,2053.19,0.19,2055.8933333333334,2058.4479166666665
2026-04-03 15:00:00+00:00,2052.86,2054.07,2052.86,2054.07,0.0316,2054.931666666667,2058.39375
2026-04-03 16:00:00+00:00,2052.9,2056.16,2052.9,2056.16,0.659,2054.8283333333334,2058.0075
2026-04-03 17:00:00+00:00,2054.05,2056.21,2046.67,2051.8,0.5182,2052.96,2057.3783333333336
2026-04-03 18:00:00+00:00,2052.77,2052.77,2049.58,2049.58,0.2212,2051.7599999999998,2057.1525
2026-04-03 19:00:00+00:00,2046.67,2053.36,2046.67,2053.36,0.1901,2053.0266666666666,2056.9075
2026-04-03 20:00:00+00:00,2054.39,2054.39,2054.39,2054.39,0.0068,2053.226666666667,2056.2995833333334
2026-04-03 21:00:00+00:00,2054.39,2060.0,2054.39,2060.0,0.2739,2054.2149999999997,2056.33125
2026-04-03 22:00:00+00:00,2056.24,2056.24,2056.24,2056.24,0.0305,2054.228333333333,2056.0679166666664
2026-04-03 23:00:00+00:00,2050.0,2050.0,2050.0,2050.0,0.2,2053.9283333333333,2055.5445833333333
2026-04-04 00:00:00+00:00,2053.05,2054.14,2052.29,2054.0,1.5507,2054.665,2055.5466666666666
2026-04-04 01:00:00+00:00,2052.03,2052.03,2052.03,2052.03,0.0235,2054.443333333333,2055.5695833333334
2026-04-04 02:00:00+00:00,2053.08,2053.08,2053.08,2053.08,0.0259,2054.225,2055.9470833333335
2026-04-04 03:00:00+00:00,2052.98,2052.98,2052.98,2052.98,0.0236,2053.055,2055.646666666667
2026-04-04 04:00:00+00:00,2050.89,2050.89,2050.89,2050.89,0.0236,2052.1633333333334,2055.6254166666668
2026-04-04 05:00:00+00:00,2053.03,2053.03,2053.03,2053.03,0.0048,2052.6683333333335,2055.3
2026-04-04 06:00:00+00:00,2054.17,2054.17,2054.17,2054.17,0.0071,2052.6966666666667,2054.9829166666664
2026-04-04 07:00:00+00:00,2054.17,2054.17,2054.17,2054.17,0.0,2053.0533333333333,2054.4683333333332
2026-04-04 08:00:00+00:00,2054.17,2054.17,2054.17,2054.17,0.0,2053.235,2054.145
2026-04-04 09:00:00+00:00,2051.01,2052.16,2049.68,2050.97,0.3243,2052.9,2053.775416666667
2026-04-04 10:00:00+00:00,2050.07,2052.16,2049.04,2052.16,0.1415,2053.111666666667,2053.5829166666667
2026-04-04 11:00:00+00:00,2052.17,2053.16,2052.04,2053.16,1.179,2053.133333333333,2053.1725
2026-04-04 12:00:00+00:00,2053.13,2053.13,2050.84,2050.88,1.3354,2052.585,2052.9266666666667
2026-04-04 13:00:00+00:00,2052.01,2053.12,2050.98,2053.12,0.7563,2052.41,2053.233333333333
2026-04-04 14:00:00+00:00,2046.67,2046.67,2044.21,2044.21,0.0977,2050.75,2052.8591666666666
2026-04-04 15:00:00+00:00,2054.15,2061.36,2054.15,2061.36,0.2944,2052.4816666666666,2053.1629166666667
2026-04-04 16:00:00+00:00,2057.37,2057.39,2057.37,2057.39,0.0462,2053.353333333333,2053.2141666666666
2026-04-04 17:00:00+00:00,2058.48,2058.48,2058.48,2058.48,0.0987,2054.24,2053.4925
2026-04-04 18:00:00+00:00,2057.45,2057.45,2055.97,2056.18,0.1292,2055.1233333333334,2053.7675
2026-04-04 19:00:00+00:00,2061.79,2078.79,2061.79,2065.41,2.4901,2057.1716666666666,2054.2695833333332
2026-04-04 20:00:00+00:00,2063.38,2064.38,2063.38,2064.38,0.1405,2060.5333333333333,2054.6858333333334
2026-04-04 21:00:00+00:00,2064.42,2068.7,2064.42,2068.7,0.1049,2061.7566666666667,2055.048333333333
2026-04-04 22:00:00+00:00,2068.7,2068.7,2068.7,2068.7,0.0,2063.6416666666664,2055.5675
2026-04-04 23:00:00+00:00,2064.3,2064.3,2064.3,2064.3,0.0027,2064.6116666666667,2056.1633333333334
2026-04-05 00:00:00+00:00,2064.96,2064.96,2061.81,2061.81,0.3685,2065.5499999999997,2056.48875
2026-04-05 01:00:00+00:00,2061.81,2061.81,2061.81,2061.81,0.0,2064.9500000000003,2056.8962500000002
2026-04-05 02:00:00+00:00,2061.81,2061.81,2061.81,2061.81,0.0,2064.5216666666665,2057.2599999999998
2026-04-05 03:00:00+00:00,2057.52,2059.62,2055.32,2055.32,0.0136,2062.2916666666665,2057.3574999999996
2026-04-05 04:00:00+00:00,2057.5,2057.54,2056.5,2056.5,0.1457,2060.258333333333,2057.59125
2026-04-05 05:00:00+00:00,2055.4,2055.4,2047.34,2047.34,1000.6076,2057.431666666667,2057.3541666666665
2026-04-05 06:00:00+00:00,2048.75,2048.75,2029.17,2034.77,1.5935,2052.925,2056.545833333333
2026-04-05 07:00:00+00:00,2040.96,2042.13,2036.48,2036.48,0.4333,2048.7033333333334,2055.80875
2026-04-05 08:00:00+00:00,2038.74,2039.76,2038.74,2039.76,0.2223,2045.0283333333334,2055.208333333333
2026-04-05 09:00:00+00:00,2046.85,2046.85,2046.85,2046.85,0.0473,2043.6166666666668,2055.036666666667
2026-04-05 10:00:00+00:00,2045.71,2050.0,2043.74,2047.88,0.668,2042.18,2054.858333333333
2026-04-05 11:00:00+00:00,2044.63,2045.82,2041.36,2041.36,0.1036,2041.1833333333334,2054.366666666667
2026-04-05 12:00:00+00:00,2041.4,2041.4,2022.39,2028.12,0.6095,2040.0749999999998,2053.4183333333335
2026-04-05 13:00:00+00:00,2031.41,2035.78,2030.22,2034.74,0.3124,2039.7849999999999,2052.6525
2026-04-05 14:00:00+00:00,2037.24,2039.34,2037.24,2039.34,0.5697,2039.715,2052.449583333333
2026-04-05 15:00:00+00:00,2039.31,2061.8,2039.31,2056.35,1.2396,2041.2983333333332,2052.2408333333333
2026-04-05 16:00:00+00:00,2056.34,2056.34,2055.13,2055.13,2.1086,2042.506666666667,2052.146666666667
2026-04-05 17:00:00+00:00,2053.02,2062.55,2053.02,2062.47,0.91,2046.0249999999999,2052.3129166666668
2026-04-05 18:00:00+00:00,2063.09,2063.09,2063.09,2063.09,0.0497,2051.8533333333335,2052.6008333333334
2026-04-05 19:00:00+00:00,2063.09,2067.41,2061.63,2063.16,9.4194,2056.59,2052.5070833333334
2026-04-05 20:00:00+00:00,2065.28,2072.41,2065.28,2072.41,0.5028,2062.101666666667,2052.8416666666667
2026-04-05 21:00:00+00:00,2061.73,2061.73,2061.73,2061.73,0.0234,2062.9983333333334,2052.55125
2026-04-05 22:00:00+00:00,2057.09,2080.0,2052.79,2080.0,1.4845,2067.1433333333334,2053.0220833333333
2026-04-05 23:00:00+00:00,2088.17,2121.24,2085.34,2119.11,0.7244,2076.5833333333335,2055.3058333333333
2026-04-06 00:00:00+00:00,2117.74,2124.04,2117.74,2122.95,1.0238,2086.56,2057.853333333333
2026-04-06 01:00:00+00:00,2117.45,2118.97,2117.45,2117.91,0.4077,2095.685,2060.1908333333336
2026-04-06 02:00:00+00:00,2134.98,2134.98,2134.98,2134.98,0.0038,2106.1133333333332,2063.2395833333335
2026-04-06 03:00:00+00:00,2134.21,2141.93,2134.21,2141.93,4.656,2119.48,2066.8483333333334
2026-04-06 04:00:00+00:00,2127.3,2133.04,2127.3,2133.04,0.5123,2128.32,2070.0375
2026-04-06 05:00:00+00:00,2132.08,2132.08,2132.08,2132.08,0.0515,2130.4816666666666,2073.568333333333
2026-04-06 06:00:00+00:00,2131.93,2131.93,2123.03,2125.64,1.6888,2130.93,2077.3545833333333
2026-04-06 07:00:00+00:00,2129.5,2130.55,2129.5,2129.5,2.1452,2132.8616666666667,2081.2304166666668
2026-04-06 08:00:00+00:00,2136.21,2137.45,2132.9,2137.45,0.0287,2133.273333333333,2085.3008333333332
2026-04-06 09:00:00+00:00,2150.0,2169.0,2149.91,2152.3,12.2414,2135.0016666666666,2089.6945833333334
2026-04-06 10:00:00+00:00,2152.3,2152.3,2152.3,2152.3,0.0,2138.2116666666666,2094.0454166666664
2026-04-06 11:00:00+00:00,2151.28,2153.33,2150.0,2153.19,18.2138,2141.73,2098.705
2026-04-06 12:00:00+00:00,2153.19,2153.19,2153.19,2153.19,0.0,2146.3216666666667,2103.9162499999998
2026-04-06 13:00:00+00:00,2141.5,2147.94,2138.78,2147.94,0.4227,2149.395,2108.6329166666665
2026-04-06 14:00:00+00:00,2147.94,2164.69,2139.54,2159.67,1.8706,2153.098333333334,2113.646666666667
2026-04-06 15:00:00+00:00,2167.09,2167.09,2167.09,2167.09,0.2207,2155.5633333333335,2118.2608333333333
2026-04-06 16:00:00+00:00,2164.2,2167.71,2160.59,2164.43,1.7902,2157.5850000000005,2122.815
2026-04-06 17:00:00+00:00,2133.83,2136.26,2129.5,2136.26,0.8229,2154.763333333334,2125.889583333333
2026-04-06 18:00:00+00:00,2136.22,2146.16,2136.22,2145.6,2.4682,2153.4983333333334,2129.3275
2026-04-06 19:00:00+00:00,2144.49,2145.62,2138.92,2141.39,0.1269,2152.4066666666663,2132.5870833333333
2026-04-06 20:00:00+00:00,2150.55,2151.52,2149.91,2149.91,0.7363,2150.78,2135.8162500000003
2026-04-06 21:00:00+00:00,2149.0,2149.0,2144.3,2144.3,0.0693,2146.9816666666666,2139.2566666666667
2026-04-06 22:00:00+00:00,2138.86,2141.2,2105.96,2105.96,1.8378,2137.236666666666,2140.338333333333
2026-04-06 23:00:00+00:00,2101.0,2102.88,2089.15,2089.15,1.8671,2129.385,2139.0899999999997
2026-04-07 00:00:00+00:00,2113.2,2113.2,2113.2,2113.2,0.0466,2123.985,2138.68375
2026-04-07 01:00:00+00:00,2113.2,2113.2,2113.2,2113.2,0.0,2119.286666666667,2138.4874999999997
2026-04-07 02:00:00+00:00,2107.6,2107.6,2107.6,2107.6,0.0094,2112.235,2137.346666666667
2026-04-07 03:00:00+00:00,2107.71,2107.71,2107.71,2107.71,0.1899,2106.1366666666668,2135.920833333333
2026-04-07 04:00:00+00:00,2114.31,2114.31,2114.31,2114.31,0.0887,2107.528333333333,2135.1404166666666
2026-04-07 05:00:00+00:00,2114.31,2114.31,2114.31,2114.31,0.0,2111.7216666666664,2134.4
2026-04-07 06:00:00+00:00,2105.18,2106.32,2100.55,2105.23,0.4104,2110.3933333333334,2133.549583333333
2026-04-07 07:00:00+00:00,2104.17,2104.17,2103.11,2103.11,0.0993,2108.7116666666666,2132.45
2026-04-07 08:00:00+00:00,2107.19,2119.63,2107.19,2119.63,4.3557,2110.7166666666667,2131.7075
2026-04-07 09:00:00+00:00,2121.09,2130.47,2118.84,2127.6,6.5237,2114.0316666666668,2130.6783333333333
2026-04-07 10:00:00+00:00,2129.9,2129.9,2090.23,2090.23,2.4124,2110.0183333333334,2128.0920833333334
2026-04-07 11:00:00+00:00,2086.48,2090.4,2083.26,2090.27,9.5506,2106.0116666666668,2125.4704166666666
2026-04-07 12:00:00+00:00,2090.27,2090.27,2077.36,2085.42,4.8083,2102.71,2122.6466666666665
2026-04-07 13:00:00+00:00,2092.46,2092.46,2076.07,2076.07,2.5328,2098.2033333333334,2119.6520833333334
2026-04-07 14:00:00+00:00,2070.0,2077.68,2067.2,2073.94,3.1668,2090.5883333333336,2116.08
2026-04-07 15:00:00+00:00,2073.17,2081.87,2073.17,2079.48,2.0325,2082.568333333333,2112.429583333333
2026-04-07 16:00:00+00:00,2079.52,2088.48,2079.52,2088.48,1.8887,2082.2766666666666,2109.265
2026-04-07 17:00:00+00:00,2085.79,2099.75,2085.79,2099.75,0.0765,2083.8566666666666,2107.74375
2026-04-07 18:00:00+00:00,2097.56,2097.56,2084.21,2084.21,0.1185,2083.655,2105.1858333333334
2026-04-07 19:00:00+00:00,2083.93,2112.08,2083.93,2112.08,2.653,2089.6566666666668,2103.9645833333334
2026-04-07 20:00:00+00:00,2114.94,2115.84,2114.09,2115.84,0.1633,2096.64,2102.5449999999996
2026-04-07 21:00:00+00:00,2131.04,2150.0,2131.04,2136.24,1.2792,2106.1,2102.209166666667
2026-04-07 22:00:00+00:00,2156.1,2214.45,2156.1,2214.45,10.1792,2127.095,2106.7295833333333
2026-04-07 23:00:00+00:00,2228.16,2259.81,2219.13,2246.99,1.6199,2151.6349999999998,2113.30625
2026-04-08 00:00:00+00:00,2240.45,2246.42,2226.14,2230.63,0.9151,2176.0383333333334,2118.1991666666668
2026-04-08 01:00:00+00:00,2232.84,2239.93,2232.84,2235.57,5.9261,2196.62,2123.297916666667
2026-04-08 02:00:00+00:00,2235.57,2244.99,2232.34,2232.34,0.9855,2216.0366666666664,2128.4954166666666
2026-04-08 03:00:00+00:00,2232.0,2238.74,2232.0,2238.74,0.5641,2233.12,2133.955
2026-04-08 04:00:00+00:00,2242.56,2251.09,2242.56,2246.77,0.9104,2238.5066666666667,2139.4741666666664
2026-04-08 05:00:00+00:00,2242.0,2244.33,2241.7,2241.7,0.4382,2237.625,2144.782083333333
2026-04-08 06:00:00+00:00,2238.64,2250.66,2238.64,2250.66,1.6017,2240.963333333333,2150.8416666666667
2026-04-08 07:00:00+00:00,2252.91,2258.93,2252.91,2254.95,1.0523,2244.193333333333,2157.1683333333335
2026-04-08 08:00:00+00:00,2254.9,2254.9,2254.9,2254.9,0.6208,2247.9533333333334,2162.804583333333
2026-04-08 09:00:00+00:00,2257.3,2260.0,2254.82,2254.82,0.0611,2250.633333333333,2168.1054166666668
2026-04-08 10:00:00+00:00,2253.83,2259.0,2245.15,2245.15,4.804,2250.3633333333332,2174.5604166666667
2026-04-08 11:00:00+00:00,2245.14,2252.59,2242.89,2246.62,3.8286,2251.1833333333334,2181.0750000000003
2026-04-08 12:00:00+00:00,2252.59,2257.36,2247.87,2257.36,3.7657,2252.3,2188.2391666666667
2026-04-08 13:00:00+00:00,2262.54,2265.01,2237.0,2238.06,1.7357,2249.485,2194.98875
2026-04-08 14:00:00+00:00,2240.43,2240.43,2190.84,2190.84,4.9476,2238.8083333333334,2199.8595833333334
2026-04-08 15:00:00+00:00,2196.47,2217.32,2196.47,2216.19,1.5474,2232.3700000000003,2205.5558333333333
2026-04-08 16:00:00+00:00,2217.33,2223.89,2214.13,2223.89,0.4802,2228.8266666666664,2211.1979166666665
2026-04-08 17:00:00+00:00,2223.89,2235.42,2213.94,2235.29,0.9467,2226.9383333333335,2216.8454166666666
2026-04-08 18:00:00+00:00,2230.78,2234.15,2205.43,2205.43,0.9768,2218.2833333333333,2221.8962500000002
2026-04-08 19:00:00+00:00,2200.8,2210.12,2196.9,2210.12,0.4008,2213.6266666666666,2225.98125
2026-04-08 20:00:00+00:00,2215.77,2215.77,2215.69,2215.69,0.3793,2217.7683333333334,2230.141666666667
2026-04-08 21:00:00+00:00,2209.64,2211.81,2209.55,2211.81,1.7474,2217.0383333333334,2233.2904166666663
2026-04-08 22:00:00+00:00,2207.83,2207.83,2188.83,2194.98,1.0524,2212.22,2232.4791666666665
2026-04-08 23:00:00+00:00,2188.31,2189.39,2184.83,2189.39,0.3474,2204.5699999999997,2230.079166666667
2026-04-09 00:00:00+00:00,2194.94,2194.94,2184.14,2185.33,1.0321,2201.22,2228.1916666666666
2026-04-09 01:00:00+00:00,2181.94,2181.94,2164.77,2177.97,1.1619,2195.861666666666,2225.7916666666665
2026-04-09 02:00:00+00:00,2177.97,2177.97,2177.97,2177.97,0.0,2189.5750000000003,2223.52625
2026-04-09 03:00:00+00:00,2177.97,2177.97,2177.97,2177.97,0.0,2183.935,2220.994166666667
2026-04-09 04:00:00+00:00,2180.3,2180.77,2180.3,2180.77,0.2482,2181.5666666666666,2218.244166666667
2026-04-09 05:00:00+00:00,2185.34,2185.34,2181.85,2181.85,0.0202,2180.31,2215.7504166666668
2026-04-09 06:00:00+00:00,2185.31,2185.31,2179.38,2179.38,0.146,2179.318333333333,2212.7804166666665
2026-04-09 07:00:00+00:00,2180.65,2180.66,2180.65,2180.66,0.4527,2179.7666666666664,2209.685
2026-04-09 08:00:00+00:00,2177.39,2184.14,2177.39,2184.14,0.1374,2180.7949999999996,2206.7366666666667
2026-04-09 09:00:00+00:00,2189.44,2191.44,2189.44,2191.44,0.6567,2183.04,2204.0958333333333
2026-04-09 10:00:00+00:00,2189.77,2193.21,2189.77,2190.65,0.7705,2184.6866666666665,2201.825
2026-04-09 11:00:00+00:00,2183.86,2183.86,2179.33,2179.44,0.5302,2184.2850000000003,2199.025833333333
2026-04-09 12:00:00+00:00,2179.35,2185.12,2179.35,2182.59,0.8692,2184.82,2195.910416666667
2026-04-09 13:00:00+00:00,2177.45,2177.45,2162.23,2162.23,0.7506,2181.7483333333334,2192.750833333333
2026-04-09 14:00:00+00:00,2164.46,2179.83,2162.25,2179.83,4.4386,2181.03,2192.2920833333333
2026-04-09 15:00:00+00:00,2170.67,2219.34,2170.67,2216.96,1.8634,2185.2833333333333,2192.3241666666668
2026-04-09 16:00:00+00:00,2220.32,2226.33,2199.27,2199.27,1.6768,2186.72,2191.298333333333
2026-04-09 17:00:00+00:00,2216.37,2218.61,2216.37,2218.61,0.3732,2193.2483333333334,2190.603333333333
2026-04-09 18:00:00+00:00,2219.75,2219.75,2200.17,2200.17,2.9196,2196.1783333333333,2190.3841666666667
2026-04-09 19:00:00+00:00,2213.74,2218.78,2212.53,2214.99,2.2224,2204.971666666667,2190.5870833333333
2026-04-09 20:00:00+00:00,2219.01,2222.42,2217.88,2221.26,0.2658,2211.8766666666666,2190.8191666666667
2026-04-09 21:00:00+00:00,2214.2,2214.2,2210.74,2210.74,0.1403,2210.8399999999997,2190.7745833333333
2026-04-09 22:00:00+00:00,2218.87,2245.0,2208.95,2208.95,1.3504,2212.4533333333334,2191.3566666666666
2026-04-09 23:00:00+00:00,2202.17,2202.17,2186.29,2190.55,0.5789,2207.7766666666666,2191.405
2026-04-10 00:00:00+00:00,2185.68,2190.54,2185.68,2190.54,0.0095,2206.1716666666666,2191.622083333333
2026-04-10 01:00:00+00:00,2191.91,2202.13,2191.91,2199.84,0.4556,2203.646666666667,2192.5333333333333
2026-04-10 02:00:00+00:00,2199.84,2199.84,2199.84,2199.84,0.0,2200.076666666667,2193.4445833333334
2026-04-10 03:00:00+00:00,2191.68,2191.68,2187.05,2187.05,0.0505,2196.1283333333336,2193.8229166666665
2026-04-10 04:00:00+00:00,2187.05,2187.05,2185.35,2185.35,0.0458,2192.195,2194.01375
2026-04-10 05:00:00+00:00,2194.14,2200.65,2194.14,2200.65,0.1147,2193.8783333333336,2194.7970833333334
2026-04-10 06:00:00+00:00,2197.55,2199.8,2192.9,2192.9,1.5889,2194.271666666667,2195.360416666667
2026-04-10 07:00:00+00:00,2187.14,2187.33,2179.24,2179.24,0.9333,2190.838333333333,2195.30125
2026-04-10 08:00:00+00:00,2179.24,2179.24,2179.24,2179.24,0.0,2187.405,2195.0970833333336
2026-04-10 09:00:00+00:00,2188.39,2196.17,2188.39,2196.17,0.3097,2188.9249999999997,2195.2941666666666
2026-04-10 10:00:00+00:00,2193.2,2193.2,2192.06,2192.06,0.0749,2190.0433333333335,2195.3529166666667
2026-04-10 11:00:00+00:00,2203.55,2220.91,2203.55,2218.79,5.0611,2193.0666666666666,2196.9925
2026-04-10 12:00:00+00:00,2219.89,2225.77,2213.63,2221.12,3.6551,2197.77,2198.5979166666666
2026-04-10 13:00:00+00:00,2218.75,2223.08,2212.81,2223.08,1.3878,2205.076666666667,2201.133333333333
2026-04-10 14:00:00+00:00,2223.66,2251.9,2223.66,2244.26,3.1913,2215.9133333333334,2203.8179166666664
2026-04-10 15:00:00+00:00,2243.41,2243.41,2222.81,2222.81,0.6939,2220.3533333333335,2204.0616666666665
2026-04-10 16:00:00+00:00,2225.02,2242.38,2225.02,2242.38,0.6889,2228.74,2205.857916666667
2026-04-10 17:00:00+00:00,2244.36,2247.98,2240.58,2247.98,0.8853,2233.605,2207.0816666666665
2026-04-10 18:00:00+00:00,2245.96,2247.82,2244.17,2247.62,1.6663,2238.0216666666665,2209.0587499999997
2026-04-10 19:00:00+00:00,2251.52,2251.52,2245.53,2247.85,0.28,2242.15,2210.4279166666665
2026-04-10 20:00:00+00:00,2244.11,2256.67,2244.11,2256.67,0.2513,2244.2183333333332,2211.903333333333
2026-04-10 21:00:00+00:00,2256.65,2256.65,2244.44,2255.37,0.58,2249.645,2213.7629166666666
2026-04-10 22:00:00+00:00,2254.42,2254.42,2238.15,2241.76,2.494,2249.5416666666665,2215.13
2026-04-10 23:00:00+00:00,2243.22,2246.07,2243.22,2244.43,0.0998,2248.95,2217.375
2026-04-11 00:00:00+00:00,2240.28,2240.28,2240.28,2240.28,0.0655,2247.726666666667,2219.4474999999998
2026-04-11 01:00:00+00:00,2242.58,2242.58,2236.33,2239.34,1.0348,2246.3083333333334,2221.0933333333337
2026-04-11 02:00:00+00:00,2239.34,2239.34,2239.34,2239.34,0.0,2243.42,2222.7391666666667
2026-04-11 03:00:00+00:00,2251.74,2251.74,2250.86,2250.86,0.0436,2242.6683333333335,2225.397916666667
2026-04-11 04:00:00+00:00,2243.22,2243.22,2243.22,2243.22,0.0033,2242.9116666666664,2227.8091666666664
2026-04-11 05:00:00+00:00,2230.8,2235.55,2230.8,2235.55,0.3902,2241.431666666667,2229.2633333333333
2026-04-11 06:00:00+00:00,2234.03,2234.03,2233.73,2233.73,0.1009,2240.34,2230.9645833333334
2026-04-11 07:00:00+00:00,2237.33,2237.33,2231.36,2231.36,1.0964,2239.01,2233.13625
2026-04-11 08:00:00+00:00,2236.16,2240.03,2234.59,2236.55,6.6754,2238.545,2235.5241666666666
2026-04-11 09:00:00+00:00,2234.31,2234.31,2234.31,2234.31,0.0214,2235.7866666666664,2237.1133333333332
2026-04-11 10:00:00+00:00,2242.78,2242.78,2242.78,2242.78,0.0754,2235.7133333333336,2239.226666666667
2026-04-11 11:00:00+00:00,2245.09,2248.82,2245.09,2248.82,0.3437,2237.9249999999997,2240.4779166666667
2026-04-11 12:00:00+00:00,2246.49,2247.37,2246.49,2247.37,0.6618,2240.1983333333333,2241.5716666666667
2026-04-11 13:00:00+00:00,2245.09,2245.09,2236.03,2241.09,1.7096,2241.82,2242.3220833333335
2026-04-11 14:00:00+00:00,2242.81,2244.07,2242.81,2244.07,0.1807,2243.0733333333333,2242.3141666666666
2026-04-11 15:00:00+00:00,2245.32,2253.11,2245.32,2248.35,0.1711,2245.4133333333334,2243.378333333333
2026-04-11 16:00:00+00:00,2248.38,2274.25,2248.38,2271.74,1.5397,2250.2400000000002,2244.601666666667
2026-04-11 17:00:00+00:00,2260.83,2264.31,2260.08,2260.56,0.0564,2252.1966666666667,2245.1258333333335
2026-04-11 18:00:00+00:00,2260.42,2308.0,2260.03,2305.39,4.5635,2261.8666666666663,2247.5329166666666
2026-04-11 19:00:00+00:00,2312.11,2326.74,2312.11,2318.37,2.6346,2274.7466666666664,2250.47125
2026-04-11 20:00:00+00:00,2311.79,2311.79,2293.75,2293.75,0.8095,2283.0266666666666,2252.01625
2026-04-11 21:00:00+00:00,2298.78,2303.52,2298.48,2303.52,0.1063,2292.2216666666664,2254.0225
2026-04-11 22:00:00+00:00,2301.27,2301.27,2290.02,2290.02,1.2513,2295.268333333333,2256.0333333333333
2026-04-11 23:00:00+00:00,2290.02,2290.02,2282.78,2286.47,0.573,2299.5866666666666,2257.785
2026-04-12 00:00:00+00:00,2286.12,2286.25,2280.45,2280.45,1.0303,2295.43,2259.4587500000002
2026-04-12 01:00:00+00:00,2282.7,2282.7,2217.49,2217.49,3.3613,2278.6166666666663,2258.548333333333
2026-04-12 02:00:00+00:00,2224.01,2225.22,2221.75,2221.75,1.2542,2266.6166666666663,2257.815416666667
2026-04-12 03:00:00+00:00,2219.8,2223.65,2215.85,2215.85,2.3605,2252.005,2256.3566666666666
2026-04-12 04:00:00+00:00,2213.73,2213.73,2213.51,2213.55,1.0736,2239.2599999999998,2255.1204166666666
2026-04-12 05:00:00+00:00,2220.0,2220.0,2220.0,2220.0,0.0453,2228.181666666667,2254.4725000000003
2026-04-12 06:00:00+00:00,2221.22,2221.22,2215.05,2217.81,0.9933,2217.741666666667,2253.8091666666664
2026-04-12 07:00:00+00:00,2215.59,2215.59,2215.59,2215.59,0.0367,2217.4249999999997,2253.1520833333334
2026-04-12 08:00:00+00:00,2217.72,2219.99,2215.46,2215.46,0.7135,2216.3766666666666,2252.2733333333335
2026-04-12 09:00:00+00:00,2215.46,2215.46,2215.46,2215.46,0.0725,2216.3116666666665,2251.4879166666665
2026-04-12 10:00:00+00:00,2217.65,2217.69,2197.06,2201.42,2.8547,2214.2900000000004,2249.764583333333
2026-04-12 11:00:00+00:00,2202.41,2205.91,2202.41,2205.91,0.2485,2211.941666666667,2247.976666666667
2026-04-12 12:00:00+00:00,2204.74,2205.72,2199.75,2199.75,0.434,2208.931666666667,2245.9925
2026-04-12 13:00:00+00:00,2195.2,2197.21,2187.11,2187.11,0.5017,2204.185,2243.7433333333333
2026-04-12 14:00:00+00:00,2190.27,2192.69,2181.14,2181.14,2.4941,2198.465,2241.12125
2026-04-12 15:00:00+00:00,2183.43,2186.98,2177.51,2186.47,9.8497,2193.6333333333337,2238.5429166666668
2026-04-12 16:00:00+00:00,2186.47,2186.47,2186.47,2186.47,0.0,2191.141666666667,2234.99
2026-04-12 17:00:00+00:00,2192.34,2205.95,2192.34,2205.95,0.1561,2191.148333333333,2232.7145833333334
2026-04-12 18:00:00+00:00,2203.51,2208.32,2203.51,2208.32,0.0539,2192.5766666666664,2228.67
2026-04-12 19:00:00+00:00,2207.1,2207.1,2205.96,2205.96,0.1098,2195.7183333333332,2223.98625
2026-04-12 20:00:00+00:00,2197.35,2214.07,2197.16,2210.0,2.5698,2200.528333333333,2220.4966666666664
2026-04-12 21:00:00+00:00,2215.0,2215.0,2206.75,2210.0,0.1007,2204.45,2216.6
2026-04-12 22:00:00+00:00,2210.96,2210.96,2187.65,2199.1,6.3866,2206.555,2212.8116666666665
2026-04-12 23:00:00+00:00,2199.1,2199.1,2199.1,2199.1,0.0,2205.4133333333334,2209.17125
2026-04-13 00:00:00+00:00,2189.74,2207.87,2189.74,2206.28,0.5831,2205.0733333333333,2206.080833333333
2026-04-13 01:00:00+00:00,2206.18,2206.75,2202.07,2206.75,1.5259,2205.205,2205.633333333333
2026-04-13 02:00:00+00:00,2196.05,2196.05,2195.25,2195.25,0.0593,2202.7466666666664,2204.5291666666667
2026-04-13 03:00:00+00:00,2192.83,2194.31,2192.83,2194.06,0.6348,2200.09,2203.62125
2026-04-13 04:00:00+00:00,2197.46,2197.46,2197.46,2197.46,0.2756,2199.8166666666666,2202.9508333333333
2026-04-13 05:00:00+00:00,2188.22,2189.0,2187.13,2189.0,0.787,2198.133333333333,2201.659166666667
2026-04-13 06:00:00+00:00,2194.87,2200.0,2194.87,2200.0,0.2213,2197.0866666666666,2200.9170833333333
2026-04-13 07:00:00+00:00,2195.05,2195.05,2184.67,2187.47,2.7581,2193.8733333333334,2199.7454166666666
2026-04-13 08:00:00+00:00,2185.28,2185.28,2179.55,2185.2,0.626,2192.1983333333333,2198.4845833333334
2026-04-13 09:00:00+00:00,2192.64,2192.68,2188.85,2188.85,0.6384,2191.33,2197.375833333333
2026-04-13 10:00:00+00:00,2187.74,2187.74,2182.78,2183.89,3.9236,2189.068333333333,2196.6454166666667
2026-04-13 11:00:00+00:00,2187.6,2190.0,2187.6,2190.0,0.0977,2189.235,2195.9824999999996
2026-04-13 12:00:00+00:00,2185.31,2196.9,2175.84,2196.9,2.5788,2188.7183333333332,2195.86375
2026-04-13 13:00:00+00:00,2198.52,2211.11,2186.17,2199.76,1.0581,2190.766666666667,2196.3908333333334
2026-04-13 14:00:00+00:00,2206.33,2222.0,2206.33,2222.0,0.4461,2196.9,2198.0933333333332
2026-04-13 15:00:00+00:00,2219.66,2222.0,2204.35,2204.35,0.233,2199.483333333333,2198.8383333333336
2026-04-13 16:00:00+00:00,2205.89,2235.06,2205.89,2235.06,2.6433,2208.0116666666668,2200.8629166666665
2026-04-13 17:00:00+00:00,2227.31,2229.06,2227.31,2229.06,0.106,2214.521666666667,2201.8258333333333
2026-04-13 18:00:00+00:00,2226.25,2234.82,2222.0,2234.82,3.0546,2220.8416666666667,2202.93
2026-04-13 19:00:00+00:00,2233.59,2268.11,2230.04,2268.11,7.544,2232.2333333333336,2205.5195833333332
2026-04-13 20:00:00+00:00,2259.21,2259.21,2257.77,2257.77,0.445,2238.195,2207.5099999999998
2026-04-13 21:00:00+00:00,2255.28,2263.6,2255.28,2261.88,1.3948,2247.7833333333333,2209.6716666666666
2026-04-13 22:00:00+00:00,2281.18,2360.0,2281.18,2354.0,9.8906,2267.606666666667,2216.125833333333
2026-04-13 23:00:00+00:00,2358.51,2393.44,2350.37,2374.83,5.22,2291.901666666667,2223.4479166666665
2026-04-14 00:00:00+00:00,2374.83,2377.67,2369.5,2369.5,5.7215,2314.3483333333334,2230.24875
2026-04-14 01:00:00+00:00,2362.78,2369.28,2362.78,2369.28,0.1116,2331.2099999999996,2237.0208333333335
2026-04-14 02:00:00+00:00,2371.98,2371.98,2371.98,2371.98,0.2107,2350.2450000000003,2244.3845833333335
2026-04-14 03:00:00+00:00,2371.98,2371.98,2371.98,2371.98,0.0,2368.595,2251.7979166666664
2026-04-14 04:00:00+00:00,2365.59,2365.59,2365.19,2365.3,0.3602,2370.478333333333,2258.7912499999998
2026-04-14 05:00:00+00:00,2366.81,2366.97,2363.97,2363.97,0.3136,2368.6683333333335,2266.0816666666665
2026-04-14 06:00:00+00:00,2360.43,2366.89,2360.43,2366.89,0.2037,2368.233333333333,2273.0354166666666
2026-04-14 07:00:00+00:00,2388.65,2388.65,2374.21,2374.21,4.0406,2369.055,2280.81625
2026-04-14 08:00:00+00:00,2378.05,2392.3,2376.83,2387.56,2.1942,2371.6516666666666,2289.2479166666667
2026-04-14 09:00:00+00:00,2388.3,2388.5,2387.56,2388.5,0.426,2374.405,2297.5666666666666
2026-04-14 10:00:00+00:00,2386.69,2386.69,2375.2,2376.47,2.144,2376.266666666667,2305.590833333333
2026-04-14 11:00:00+00:00,2374.47,2374.47,2374.47,2374.47,0.009,2378.0166666666664,2313.2770833333334
2026-04-14 12:00:00+00:00,2374.41,2376.4,2369.0,2374.39,2000.6901,2379.2666666666664,2320.6725
2026-04-14 13:00:00+00:00,2384.53,2392.56,2384.53,2390.15,0.3369,2381.9233333333336,2328.6054166666668
2026-04-14 14:00:00+00:00,2387.91,2413.69,2358.31,2358.31,5.4246,2377.048333333333,2334.285
2026-04-14 15:00:00+00:00,2353.74,2371.35,2341.18,2371.35,4.3186,2374.19,2341.2433333333333
2026-04-14 16:00:00+00:00,2367.84,2369.11,2331.17,2331.17,2.0269,2366.64,2345.2479166666667
2026-04-14 17:00:00+00:00,2341.25,2341.25,2336.0,2336.0,0.4608,2360.2283333333335,2349.70375
2026-04-14 18:00:00+00:00,2336.39,2338.72,2316.1,2316.1,2.1678,2350.513333333333,2353.0904166666664
2026-04-14 19:00:00+00:00,2316.1,2319.41,2312.0,2312.0,0.0378,2337.4883333333332,2354.9191666666666
2026-04-14 20:00:00+00:00,2319.88,2319.88,2315.3,2315.3,0.0857,2330.32,2357.31625
2026-04-14 21:00:00+00:00,2317.43,2317.43,2317.43,2317.43,0.1077,2321.3333333333335,2359.630833333333
2026-04-14 22:00:00+00:00,2323.06,2323.06,2317.13,2318.22,1.1896,2319.1749999999997,2358.14
2026-04-14 23:00:00+00:00,2322.81,2324.86,2321.98,2324.86,0.8882,2317.318333333333,2356.0579166666666
2026-04-15 00:00:00+00:00,2334.64,2334.64,2333.71,2333.71,0.0668,2320.2533333333336,2354.5666666666666
2026-04-15 01:00:00+00:00,2336.58,2336.58,2335.37,2335.37,0.0645,2324.1483333333335,2353.15375
2026-04-15 02:00:00+00:00,2335.09,2335.09,2319.24,2319.24,0.2902,2324.805,2350.9562499999997
2026-04-15 03:00:00+00:00,2319.24,2319.24,2319.24,2319.24,0.0,2325.1066666666666,2348.75875
2026-04-15 04:00:00+00:00,2332.47,2333.62,2332.47,2333.62,0.019,2327.673333333333,2347.43875
2026-04-15 05:00:00+00:00,2333.62,2333.62,2333.62,2333.62,0.0,2329.133333333333,2346.1741666666667
2026-04-15 06:00:00+00:00,2320.68,2320.68,2320.68,2320.68,0.0066,2326.9616666666666,2344.24875
2026-04-15 07:00:00+00:00,2323.53,2323.53,2311.18,2319.87,3.5,2324.378333333333,2341.9845833333334
2026-04-15 08:00:00+00:00,2324.65,2333.9,2323.48,2323.48,0.7103,2325.0849999999996,2339.3145833333333
2026-04-15 09:00:00+00:00,2324.31,2326.71,2324.31,2326.71,0.071,2326.33,2336.7400000000002
2026-04-15 10:00:00+00:00,2314.04,2326.57,2314.04,2326.57,0.126,2325.155,2334.6608333333334
2026-04-15 11:00:00+00:00,2320.54,2327.81,2320.54,2327.81,0.18,2324.1866666666665,2332.7166666666667
2026-04-15 12:00:00+00:00,2337.06,2337.42,2332.63,2337.42,0.8694,2326.9766666666665,2331.17625
2026-04-15 13:00:00+00:00,2332.66,2333.86,2320.79,2320.79,0.9821,2327.13,2328.2862499999997
2026-04-15 14:00:00+00:00,2332.71,2337.42,2332.71,2337.42,0.0415,2329.4533333333334,2327.4158333333335
2026-04-15 15:00:00+00:00,2339.74,2348.96,2323.81,2331.44,2.0311,2330.241666666667,2325.752916666667
2026-04-15 16:00:00+00:00,2331.55,2348.55,2331.55,2340.84,0.8875,2332.6200000000003,2326.1558333333332
2026-04-15 17:00:00+00:00,2354.17,2355.97,2343.29,2343.29,2.109,2335.2000000000003,2326.4595833333333
2026-04-15 18:00:00+00:00,2351.08,2351.08,2351.08,2351.08,0.0905,2337.476666666667,2327.9170833333333
2026-04-15 19:00:00+00:00,2360.61,2367.35,2360.61,2367.35,0.7489,2345.2366666666667,2330.2233333333334
2026-04-15 20:00:00+00:00,2368.67,2368.67,2361.49,2365.41,0.1344,2349.9016666666666,2332.3112499999997
2026-04-15 21:00:00+00:00,2356.9,2360.55,2356.9,2360.55,0.1312,2354.7533333333336,2334.107916666667
2026-04-15 22:00:00+00:00,2370.53,2370.53,2363.63,2363.66,1.3434,2358.556666666667,2336.00125
2026-04-15 23:00:00+00:00,2358.1,2358.1,2350.51,2352.43,2.0641,2360.08,2337.15
2026-04-16 00:00:00+00:00,2352.43,2352.43,2352.43,2352.43,0.0,2360.305,2337.93
2026-04-16 01:00:00+00:00,2351.55,2351.55,2351.55,2351.55,0.205,2357.6716666666666,2338.6041666666665
2026-04-16 02:00:00+00:00,2351.55,2351.55,2351.55,2351.55,0.0,2355.3616666666667,2339.9504166666666
2026-04-16 03:00:00+00:00,2358.69,2362.6,2358.69,2362.6,0.5115,2355.7033333333334,2341.7570833333334
2026-04-16 04:00:00+00:00,2357.88,2361.21,2351.86,2351.86,0.3604,2353.7366666666667,2342.5170833333336
2026-04-16 05:00:00+00:00,2355.14,2355.14,2355.14,2355.14,0.0623,2354.1883333333335,2343.41375
2026-04-16 06:00:00+00:00,2359.94,2359.94,2353.96,2353.96,0.0955,2354.443333333333,2344.8004166666665
2026-04-16 07:00:00+00:00,2355.32,2355.32,2337.52,2337.81,2.5451,2352.153333333333,2345.547916666667
2026-04-16 08:00:00+00:00,2339.71,2345.77,2338.33,2338.33,0.3213,2349.95,2346.1666666666665
2026-04-16 09:00:00+00:00,2348.75,2348.75,2340.32,2340.32,0.0417,2346.236666666666,2346.73375
2026-04-16 10:00:00+00:00,2333.68,2333.68,2329.99,2331.89,1.85,2342.9083333333333,2346.9554166666667
2026-04-16 11:00:00+00:00,2332.1,2332.1,2332.1,2332.1,0.2143,2339.068333333333,2347.1341666666667
2026-04-16 12:00:00+00:00,2341.0,2347.74,2339.0,2340.25,3.3964,2336.7833333333333,2347.2520833333333
2026-04-16 13:00:00+00:00,2337.95,2337.95,2294.72,2307.04,4.1013,2331.655,2346.679166666667
2026-04-16 14:00:00+00:00,2302.54,2307.46,2283.98,2307.46,4.8962,2326.51,2345.4308333333333
2026-04-16 15:00:00+00:00,2314.99,2348.7,2314.99,2340.95,3.0242,2326.6150000000002,2345.8270833333336
2026-04-16 16:00:00+00:00,2340.95,2348.64,2312.5,2312.5,1.3567,2323.383333333333,2344.64625
2026-04-16 17:00:00+00:00,2316.22,2328.34,2316.22,2328.34,0.4985,2322.7566666666667,2344.023333333333
2026-04-16 18:00:00+00:00,2324.79,2340.21,2322.4,2340.21,0.3467,2322.75,2343.5704166666665
2026-04-16 19:00:00+00:00,2342.57,2359.83,2337.37,2359.83,0.6354,2331.5483333333336,2343.2570833333334
2026-04-16 20:00:00+00:00,2358.88,2358.89,2349.25,2349.25,0.2146,2338.513333333334,2342.5837500000002
2026-04-16 21:00:00+00:00,2342.9,2342.9,2342.9,2342.9,0.0085,2338.8383333333336,2341.8483333333334
2026-04-16 22:00:00+00:00,2342.9,2342.9,2341.78,2341.78,0.0083,2343.7183333333337,2340.936666666667
2026-04-16 23:00:00+00:00,2351.53,2351.53,2351.53,2351.53,0.076,2347.5833333333335,2340.8991666666666
2026-04-17 00:00:00+00:00,2343.26,2346.44,2343.26,2346.44,0.0759,2348.621666666667,2340.6495833333333
2026-04-17 01:00:00+00:00,2343.83,2343.83,2329.26,2334.32,1.7555,2344.3700000000003,2339.931666666667
2026-04-17 02:00:00+00:00,2330.57,2330.57,2330.57,2330.57,0.0429,2341.2566666666667,2339.0575000000003
2026-04-17 03:00:00+00:00,2331.33,2331.33,2327.52,2327.52,0.1895,2338.693333333333,2337.5958333333333
2026-04-17 04:00:00+00:00,2327.52,2327.52,2327.52,2327.52,0.0,2336.316666666667,2336.5816666666665
2026-04-17 05:00:00+00:00,2327.52,2327.52,2327.52,2327.52,0.0,2332.315,2335.4308333333333
2026-04-17 06:00:00+00:00,2325.5,2330.38,2325.37,2330.38,0.3158,2329.6383333333333,2334.4483333333333
2026-04-17 07:00:00+00:00,2330.38,2330.38,2330.38,2330.38,0.0,2328.981666666667,2334.13875
2026-04-17 08:00:00+00:00,2336.14,2352.36,2336.14,2352.36,0.0225,2332.6133333333332,2334.7233333333334
2026-04-17 09:00:00+00:00,2353.27,2360.96,2353.27,2357.65,0.9749,2337.635,2335.445416666667
2026-04-17 10:00:00+00:00,2356.2,2356.2,2338.84,2338.84,1.0001,2339.521666666667,2335.735
2026-04-17 11:00:00+00:00,2349.03,2357.86,2349.03,2354.97,12.8291,2344.096666666667,2336.6879166666668
2026-04-17 12:00:00+00:00,2357.89,2380.74,2357.89,2372.7,1.6792,2351.15,2338.04
2026-04-17 13:00:00+00:00,2366.43,2435.32,2366.43,2435.32,12.3909,2368.64,2343.3849999999998
2026-04-17 14:00:00+00:00,2445.0,2455.93,2428.41,2448.97,10.612,2384.7416666666663,2349.28125
2026-04-17 15:00:00+00:00,2445.94,2449.93,2436.52,2444.09,102.2415,2399.148333333333,2353.57875
2026-04-17 16:00:00+00:00,2449.32,2464.53,2448.16,2454.66,1.4119,2418.4516666666664,2359.5020833333333
2026-04-17 17:00:00+00:00,2439.41,2439.41,2425.2,2425.2,0.5964,2430.1566666666663,2363.5379166666667
2026-04-17 18:00:00+00:00,2435.22,2435.22,2421.13,2421.51,1.5602,2438.2916666666665,2366.9254166666665
2026-04-17 19:00:00+00:00,2426.54,2430.13,2426.54,2430.13,0.0515,2437.4266666666667,2369.8545833333333
2026-04-17 20:00:00+00:00,2435.45,2435.66,2421.17,2429.02,0.3632,2434.101666666667,2373.1783333333333
2026-04-17 21:00:00+00:00,2427.65,2429.61,2421.13,2429.61,0.3438,2431.6883333333335,2376.7912499999998
2026-04-17 22:00:00+00:00,2428.25,2431.99,2427.85,2431.99,0.7773,2427.91,2380.5499999999997
2026-04-17 23:00:00+00:00,2421.09,2421.09,2420.62,2420.62,0.049,2427.1466666666665,2383.42875
2026-04-18 00:00:00+00:00,2423.29,2423.29,2411.75,2422.78,1.3533,2427.358333333333,2386.6095833333334
2026-04-18 01:00:00+00:00,2422.78,2422.78,2422.78,2422.78,0.0,2426.133333333333,2390.2954166666664
2026-04-18 02:00:00+00:00,2424.46,2424.46,2424.46,2424.46,0.0206,2425.3733333333334,2394.2075
2026-04-18 03:00:00+00:00,2410.78,2412.76,2401.19,2402.75,1.8691,2420.896666666667,2397.3420833333334
2026-04-18 04:00:00+00:00,2403.76,2404.9,2401.04,2401.04,0.9161,2415.7383333333332,2400.4054166666665
2026-04-18 05:00:00+00:00,2408.52,2408.52,2408.52,2408.52,0.0883,2413.721666666667,2403.780416666667
2026-04-18 06:00:00+00:00,2412.31,2412.31,2407.29,2409.98,0.4269,2411.588333333333,2407.097083333333
2026-04-18 07:00:00+00:00,2411.07,2411.07,2403.71,2406.04,0.158,2408.7983333333336,2410.2495833333332
2026-04-18 08:00:00+00:00,2392.7,2392.7,2370.3,2375.9,3.1326,2400.705,2411.2304166666668
2026-04-18 09:00:00+00:00,2377.33,2379.41,2377.24,2379.41,0.3656,2396.815,2412.1370833333335
2026-04-18 10:00:00+00:00,2367.38,2367.38,2355.88,2362.63,1.6959,2390.4133333333334,2413.1283333333336
2026-04-18 11:00:00+00:00,2360.18,2360.18,2349.07,2349.34,1.0945,2380.55,2412.8937499999997
2026-04-18 12:00:00+00:00,2356.56,2360.23,2356.56,2360.22,0.2302,2372.2566666666667,2412.37375
2026-04-18 13:00:00+00:00,2353.97,2358.93,2351.38,2358.93,0.2023,2364.405,2409.1908333333336
2026-04-18 14:00:00+00:00,2356.5,2367.48,2355.78,2367.48,0.7223,2363.0016666666666,2405.795416666667
2026-04-18 15:00:00+00:00,2363.88,2366.03,2361.98,2361.98,0.1107,2360.096666666667,2402.3741666666665
2026-04-18 16:00:00+00:00,2362.51,2371.08,2361.17,2361.17,2.772,2359.853333333333,2398.47875
2026-04-18 17:00:00+00:00,2362.48,2366.13,2357.0,2366.11,0.4876,2362.648333333333,2396.0166666666664
2026-04-18 18:00:00+00:00,2362.5,2362.5,2342.34,2352.58,1.0746,2361.375,2393.1445833333332
2026-04-18 19:00:00+00:00,2354.48,2354.48,2349.05,2349.05,1.1465,2359.728333333333,2389.76625
2026-04-18 20:00:00+00:00,2346.64,2351.52,2346.64,2351.52,0.1536,2357.068333333333,2386.537083333333
2026-04-18 21:00:00+00:00,2351.52,2351.52,2351.52,2351.52,0.0,2355.3250000000003,2383.2833333333333
2026-04-18 22:00:00+00:00,2352.56,2376.36,2352.56,2359.38,5.4804,2355.0266666666666,2380.257916666667
2026-04-18 23:00:00+00:00,2356.91,2359.22,2352.72,2354.93,9.0392,2353.1633333333334,2377.5208333333335
2026-04-19 00:00:00+00:00,2351.01,2351.01,2351.01,2351.01,0.0247,2352.9016666666666,2374.530416666667
2026-04-19 01:00:00+00:00,2351.06,2351.06,2350.0,2350.0,1.0846,2353.06,2371.4979166666667
2026-04-19 02:00:00+00:00,2347.01,2347.01,2339.43,2342.2,0.5512,2351.5066666666667,2368.070416666667
2026-04-19 03:00:00+00:00,2335.0,2342.47,2335.0,2342.47,1.2429,2349.9983333333334,2365.55875
2026-04-19 04:00:00+00:00,2342.47,2342.47,2329.94,2329.94,1.6687,2345.0916666666667,2362.59625
2026-04-19 05:00:00+00:00,2334.41,2334.41,2334.41,2334.41,0.3141,2341.6716666666666,2359.508333333333
2026-04-19 06:00:00+00:00,2329.68,2331.51,2326.12,2327.51,2.9232,2337.755,2356.0720833333335
2026-04-19 07:00:00+00:00,2314.83,2317.56,2302.31,2317.56,6.5302,2332.3483333333334,2352.3854166666665
2026-04-19 08:00:00+00:00,2316.44,2316.44,2311.5,2311.5,0.1935,2327.2316666666666,2349.702083333333
2026-04-19 09:00:00+00:00,2314.89,2314.89,2311.28,2312.36,0.1307,2322.2133333333336,2346.9083333333333
2026-04-19 10:00:00+00:00,2307.98,2315.86,2307.98,2314.73,0.4184,2319.6783333333333,2344.9125
2026-04-19 11:00:00+00:00,2321.08,2330.29,2321.08,2330.29,4.1301,2318.991666666667,2344.11875
2026-04-19 12:00:00+00:00,2331.74,2334.64,2328.59,2331.19,1.2501,2319.605,2342.909166666667
2026-04-19 13:00:00+00:00,2340.24,2343.89,2338.87,2340.31,0.2373,2323.396666666667,2342.1333333333337
2026-04-19 14:00:00+00:00,2333.06,2341.48,2327.67,2340.74,1.7302,2328.27,2341.0191666666665
2026-04-19 15:00:00+00:00,2339.18,2339.18,2330.39,2332.89,0.5689,2331.6916666666666,2339.8070833333336
2026-04-19 16:00:00+00:00,2328.1,2328.1,2306.31,2315.05,1.802,2331.745,2337.8854166666665
2026-04-19 17:00:00+00:00,2312.1,2312.1,2300.0,2301.18,3.5763,2326.8933333333334,2335.18
2026-04-19 18:00:00+00:00,2295.0,2300.03,2292.44,2296.04,1.7686,2321.035,2332.8241666666668
2026-04-19 19:00:00+00:00,2301.26,2301.26,2299.66,2299.66,0.5867,2314.2599999999998,2330.76625
2026-04-19 20:00:00+00:00,2296.45,2296.47,2280.17,2282.2,0.6121,2304.5033333333336,2327.877916666667
2026-04-19 21:00:00+00:00,2281.35,2286.34,2281.35,2286.34,0.9252,2296.745,2325.162083333333
2026-04-19 22:00:00+00:00,2260.31,2274.53,2257.07,2274.53,2.2296,2289.991666666667,2321.6266666666666
2026-04-19 23:00:00+00:00,2266.34,2268.2,2266.34,2268.2,0.2389,2284.495,2318.0129166666666
2026-04-20 00:00:00+00:00,2268.52,2280.0,2268.52,2280.0,5.0957,2281.8216666666667,2315.0541666666663
2026-04-20 01:00:00+00:00,2280.0,2280.0,2280.0,2280.0,0.0,2278.545,2312.1375
2026-04-20 02:00:00+00:00,2286.04,2286.04,2276.94,2281.14,0.4382,2278.3683333333333,2309.5933333333332
2026-04-20 03:00:00+00:00,2281.14,2281.14,2281.14,2281.14,0.0,2277.5016666666666,2307.0379166666667
2026-04-20 04:00:00+00:00,2282.73,2282.75,2282.73,2282.75,0.2118,2278.8716666666664,2305.0716666666663
2026-04-20 05:00:00+00:00,2282.75,2282.75,2282.75,2282.75,0.0,2281.2966666666666,2302.9191666666666
2026-04-20 06:00:00+00:00,2273.22,2279.22,2273.22,2279.22,0.7622,2281.1666666666665,2300.907083333333
2026-04-20 07:00:00+00:00,2286.96,2330.39,2286.96,2294.33,1.3263,2283.555,2299.9391666666666
2026-04-20 08:00:00+00:00,2294.86,2309.33,2291.33,2291.33,2.5156,2285.253333333333,2299.09875
2026-04-20 09:00:00+00:00,2296.34,2313.83,2296.34,2313.83,0.7118,2290.7016666666664,2299.16
2026-04-20 10:00:00+00:00,2320.17,2320.17,2304.86,2306.53,0.0896,2294.665,2298.818333333333
2026-04-20 11:00:00+00:00,2303.57,2312.93,2301.6,2312.93,2.2843,2299.6949999999997,2298.095
2026-04-20 12:00:00+00:00,2318.36,2318.36,2318.36,2318.36,0.0208,2306.2183333333332,2297.5604166666667
2026-04-20 13:00:00+00:00,2324.55,2324.64,2303.41,2315.32,0.799,2309.7166666666667,2296.5191666666665
2026-04-20 14:00:00+00:00,2309.35,2309.35,2291.33,2291.33,1.7865,2309.7166666666667,2294.4604166666663
2026-04-20 15:00:00+00:00,2286.6,2315.84,2286.6,2314.62,1.5189,2309.8483333333334,2293.6991666666668
2026-04-20 16:00:00+00:00,2310.42,2310.42,2303.54,2309.32,0.4479,2310.313333333333,2293.4604166666663
2026-04-20 17:00:00+00:00,2300.0,2320.2,2300.0,2320.2,0.5469,2311.525,2294.2529166666664
2026-04-20 18:00:00+00:00,2328.77,2343.87,2326.31,2339.48,3.2946,2315.045,2296.0629166666668
2026-04-20 19:00:00+00:00,2333.7,2337.26,2331.95,2332.49,0.3035,2317.9066666666668,2297.4308333333333
2026-04-20 20:00:00+00:00,2332.49,2339.6,2329.24,2338.03,0.657,2325.69,2299.7570833333334
2026-04-20 21:00:00+00:00,2337.87,2341.5,2321.24,2321.54,1.7476,2326.8433333333332,2301.2237499999997
2026-04-20 22:00:00+00:00,2322.0,2322.03,2319.6,2319.6,0.0671,2328.556666666667,2303.101666666667
2026-04-20 23:00:00+00:00,2319.87,2319.87,2311.97,2311.97,1.1197,2327.185,2304.9254166666665
2026-04-21 00:00:00+00:00,2315.98,2321.0,2315.98,2321.0,0.2204,2324.105,2306.63375
2026-04-21 01:00:00+00:00,2315.91,2315.91,2315.91,2315.91,0.0302,2321.3416666666667,2308.13
2026-04-21 02:00:00+00:00,2312.47,2313.62,2310.16,2313.62,0.0164,2317.273333333333,2309.483333333333
2026-04-21 03:00:00+00:00,2304.81,2308.79,2304.04,2304.95,1.3298,2314.508333333333,2310.4754166666667
2026-04-21 04:00:00+00:00,2317.04,2317.04,2317.04,2317.04,0.0863,2314.0816666666665,2311.9041666666667
2026-04-21 05:00:00+00:00,2317.04,2317.04,2317.04,2317.04,0.0,2314.9266666666667,2313.3329166666667
2026-04-21 06:00:00+00:00,2313.32,2317.29,2309.97,2317.29,0.2276,2314.3083333333334,2314.9191666666666
2026-04-21 07:00:00+00:00,2314.14,2319.84,2314.14,2319.84,0.203,2314.9633333333336,2315.9820833333333
2026-04-21 08:00:00+00:00,2318.6,2336.68,2316.54,2328.44,0.3339,2317.433333333333,2317.528333333333
2026-04-21 09:00:00+00:00,2326.78,2326.78,2326.78,2326.78,0.2151,2321.0716666666667,2318.067916666667
2026-04-21 10:00:00+00:00,2328.0,2336.61,2328.0,2336.61,0.1227,2324.3333333333335,2319.32125
2026-04-21 11:00:00+00:00,2325.07,2328.33,2318.0,2328.33,1.3165,2326.215,2319.962916666667
2026-04-21 12:00:00+00:00,2323.27,2323.27,2314.14,2314.14,0.4226,2325.69,2319.787083333333
2026-04-21 13:00:00+00:00,2307.45,2314.93,2306.53,2314.93,2.7238,2324.8716666666664,2319.7708333333335
2026-04-21 14:00:00+00:00,2308.53,2323.27,2308.53,2314.87,0.6913,2322.61,2320.7516666666666
2026-04-21 15:00:00+00:00,2299.99,2310.05,2299.99,2307.78,0.1858,2319.443333333333,2320.4666666666667
2026-04-21 16:00:00+00:00,2318.88,2321.34,2313.09,2315.5,1.7257,2315.9249999999997,2320.7241666666664
2026-04-21 17:00:00+00:00,2309.46,2318.99,2291.15,2311.74,0.9595,2313.16,2320.371666666667
2026-04-21 18:00:00+00:00,2306.86,2308.45,2303.19,2304.86,0.5966,2311.6133333333332,2318.929166666667
2026-04-21 19:00:00+00:00,2320.24,2320.26,2293.04,2294.87,0.9412,2308.27,2317.3616666666667
2026-04-21 20:00:00+00:00,2308.99,2321.0,2308.99,2317.22,1.6793,2308.661666666667,2316.4945833333336
2026-04-21 21:00:00+00:00,2319.37,2319.37,2314.5,2314.5,0.3066,2309.7816666666668,2316.20125
2026-04-21 22:00:00+00:00,2305.82,2309.68,2305.82,2309.68,0.0389,2308.8116666666665,2315.7879166666667
2026-04-21 23:00:00+00:00,2317.27,2325.43,2317.11,2325.43,0.4501,2311.0933333333332,2316.34875
2026-04-22 00:00:00+00:00,2325.71,2325.71,2325.71,2325.71,0.0418,2314.568333333333,2316.545
2026-04-22 01:00:00+00:00,2325.71,2325.71,2325.71,2325.71,0.0,2319.7083333333335,2316.9533333333334
2026-04-22 02:00:00+00:00,2338.98,2360.33,2338.98,2359.96,1.6521,2326.8316666666665,2318.8841666666667
2026-04-22 03:00:00+00:00,2374.17,2376.58,2367.53,2367.54,1.3385,2335.6716666666666,2321.492083333333
2026-04-22 04:00:00+00:00,2367.54,2367.54,2367.54,2367.54,0.0,2345.315,2323.59625
2026-04-22 05:00:00+00:00,2368.49,2411.83,2368.49,2403.18,5.6076,2358.273333333333,2327.1854166666667
2026-04-22 06:00:00+00:00,2393.08,2393.08,2391.58,2391.58,15.2674,2369.2516666666666,2330.2808333333337
2026-04-22 07:00:00+00:00,2396.78,2396.78,2385.7,2390.36,0.8717,2380.0266666666666,2333.2191666666668
2026-04-22 08:00:00+00:00,2393.0,2393.0,2387.61,2389.24,1.0342,2384.9066666666663,2335.7525
2026-04-22 09:00:00+00:00,2392.12,2394.49,2386.38,2386.38,0.1247,2388.0466666666666,2338.235833333333
2026-04-22 10:00:00+00:00,2388.18,2391.99,2388.18,2391.99,0.2104,2392.1216666666664,2340.543333333333
2026-04-22 11:00:00+00:00,2391.81,2393.13,2391.81,2393.13,0.5863,2390.4466666666663,2343.2433333333333
2026-04-22 12:00:00+00:00,2399.67,2404.53,2399.67,2404.53,1.8861,2392.605,2347.009583333333
2026-04-22 13:00:00+00:00,2409.0,2417.97,2409.0,2412.39,3.1989,2396.2766666666666,2351.070416666667
2026-04-22 14:00:00+00:00,2417.76,2417.76,2395.8,2403.7,0.915,2398.686666666667,2354.7716666666665
2026-04-22 15:00:00+00:00,2396.53,2412.79,2396.53,2407.85,1.4785,2402.265,2358.9412500000003
2026-04-22 16:00:00+00:00,2407.85,2411.18,2388.91,2388.91,0.3542,2401.7516666666666,2362.0
2026-04-22 17:00:00+00:00,2394.95,2402.32,2394.95,2402.32,1.2576,2403.2833333333333,2365.7741666666666
2026-04-22 18:00:00+00:00,2403.4,2403.4,2403.4,2403.4,0.2993,2403.095,2369.88
2026-04-22 19:00:00+00:00,2393.39,2405.88,2393.39,2396.91,0.4665,2400.515,2374.1316666666667
2026-04-22 20:00:00+00:00,2397.21,2401.72,2393.48,2393.56,1.2537,2398.825,2377.3125
2026-04-22 21:00:00+00:00,2395.83,2405.99,2395.83,2405.99,0.1565,2398.515,2381.1245833333332
2026-04-22 22:00:00+00:00,2403.59,2403.59,2397.28,2399.67,0.2329,2400.3083333333334,2384.8741666666665
2026-04-22 23:00:00+00:00,2397.3,2397.3,2380.47,2382.24,0.2725,2396.9616666666666,2387.24125
2026-04-23 00:00:00+00:00,2375.15,2378.14,2346.09,2372.83,2.415,2391.8666666666663,2389.204583333333
2026-04-23 01:00:00+00:00,2372.83,2372.83,2372.83,2372.83,0.0,2387.853333333333,2391.1679166666668
2026-04-23 02:00:00+00:00,2358.79,2358.79,2348.14,2351.82,1.7478,2380.896666666667,2390.82875
2026-04-23 03:00:00+00:00,2349.11,2349.11,2337.65,2337.65,0.5864,2369.5066666666667,2389.5833333333335
2026-04-23 04:00:00+00:00,2348.2,2348.2,2348.18,2348.18,0.5,2360.9249999999997,2388.7766666666666
2026-04-23 05:00:00+00:00,2345.38,2345.38,2345.38,2345.38,0.0034,2354.7816666666668,2386.3683333333333
2026-04-23 06:00:00+00:00,2354.79,2357.35,2352.24,2355.51,1.913,2351.895,2384.8654166666665
2026-04-23 07:00:00+00:00,2350.84,2353.92,2343.4,2344.15,1.3258,2347.1150000000002,2382.94
2026-04-23 08:00:00+00:00,2343.43,2343.43,2338.0,2340.45,1.6667,2345.22,2380.907083333333
2026-04-23 09:00:00+00:00,2335.55,2335.55,2315.93,2324.33,2.2769,2343.0,2378.3216666666667
2026-04-23 10:00:00+00:00,2312.76,2320.87,2309.79,2320.87,5.0086,2338.4483333333333,2375.3583333333336
2026-04-23 11:00:00+00:00,2317.32,2332.35,2317.32,2332.35,0.5878,2336.2766666666666,2372.8258333333333
2026-04-23 12:00:00+00:00,2334.18,2334.18,2323.53,2329.11,1.4887,2331.8766666666666,2369.6833333333334
2026-04-23 13:00:00+00:00,2325.58,2328.48,2318.87,2318.87,2.9866,2327.6633333333334,2365.7866666666664
2026-04-23 14:00:00+00:00,2321.12,2335.93,2321.12,2333.82,1.0319,2326.558333333333,2362.875
2026-04-23 15:00:00+00:00,2331.64,2340.51,2324.44,2334.33,0.3919,2328.225,2359.8116666666665
2026-04-23 16:00:00+00:00,2333.1,2333.1,2333.1,2333.1,0.1056,2330.2633333333333,2357.48625
2026-04-23 17:00:00+00:00,2319.8,2319.8,2291.41,2312.67,2.4648,2326.983333333333,2353.7508333333335
2026-04-23 18:00:00+00:00,2314.78,2315.11,2312.82,2315.11,0.4802,2324.65,2350.072083333333
2026-04-23 19:00:00+00:00,2304.58,2313.86,2304.58,2310.88,0.5873,2323.318333333333,2346.4874999999997
2026-04-23 20:00:00+00:00,2320.83,2325.67,2320.83,2325.52,0.639,2321.935,2343.6524999999997
2026-04-23 21:00:00+00:00,2325.88,2329.55,2324.86,2329.55,1.2577,2321.1383333333333,2340.4675
2026-04-23 22:00:00+00:00,2332.13,2332.13,2332.13,2332.13,0.0393,2320.976666666667,2337.653333333333
2026-04-23 23:00:00+00:00,2328.33,2328.33,2328.33,2328.33,0.215,2323.5866666666666,2335.407083333333
2026-04-24 00:00:00+00:00,2334.07,2334.07,2334.07,2334.07,0.1286,2326.7466666666664,2333.7920833333333
2026-04-24 01:00:00+00:00,2328.64,2328.64,2328.64,2328.64,0.0107,2329.7066666666665,2331.9508333333333
2026-04-24 02:00:00+00:00,2331.11,2331.11,2325.69,2325.69,0.4777,2329.735,2330.8620833333334
2026-04-24 03:00:00+00:00,2317.21,2317.21,2302.28,2303.26,1.3711,2325.353333333333,2329.429166666667
2026-04-24 04:00:00+00:00,2303.26,2303.26,2303.26,2303.26,0.0,2320.5416666666665,2327.5575
2026-04-24 05:00:00+00:00,2303.61,2315.82,2303.61,2315.82,0.6441,2318.456666666667,2326.3258333333333
2026-04-24 06:00:00+00:00,2314.89,2314.89,2313.55,2313.56,0.4001,2315.0383333333334,2324.5779166666666
2026-04-24 07:00:00+00:00,2311.23,2311.23,2311.23,2311.23,0.0082,2312.1366666666668,2323.2062499999997
2026-04-24 08:00:00+00:00,2318.44,2319.38,2314.39,2319.37,16.3174,2311.0833333333335,2322.3279166666666
2026-04-24 09:00:00+00:00,2314.26,2314.26,2308.89,2311.41,1.1089,2312.441666666667,2321.789583333333
2026-04-24 10:00:00+00:00,2313.88,2318.17,2313.88,2318.17,0.142,2314.9266666666667,2321.6770833333335
2026-04-24 11:00:00+00:00,2319.17,2319.17,2319.17,2319.17,0.0023,2315.485,2321.127916666667
2026-04-24 12:00:00+00:00,2332.46,2332.46,2319.2,2321.58,1.2304,2316.8216666666667,2320.8141666666666
2026-04-24 13:00:00+00:00,2329.77,2329.77,2328.9,2328.9,0.0124,2319.766666666667,2321.232083333334
2026-04-24 14:00:00+00:00,2310.86,2313.91,2310.86,2313.91,0.0707,2318.8566666666666,2320.4025
2026-04-24 15:00:00+00:00,2313.05,2325.37,2305.0,2325.37,1.7027,2321.183333333333,2320.0291666666667
2026-04-24 16:00:00+00:00,2324.06,2324.09,2315.55,2315.55,0.5974,2320.7466666666664,2319.297916666667
2026-04-24 17:00:00+00:00,2316.76,2321.57,2315.5,2317.65,1.0066,2320.4933333333333,2319.5054166666664
2026-04-24 18:00:00+00:00,2320.39,2320.39,2313.88,2319.25,0.3986,2320.105,2319.677916666667
2026-04-24 19:00:00+00:00,2325.27,2325.27,2322.83,2322.83,0.5403,2319.0933333333332,2320.1758333333332
2026-04-24 20:00:00+00:00,2321.33,2321.33,2321.33,2321.33,0.2153,2320.33,2320.0012500000003
2026-04-24 21:00:00+00:00,2327.98,2327.98,2315.32,2315.32,1.7004,2318.655,2319.4083333333333
2026-04-24 22:00:00+00:00,2308.28,2310.62,2308.28,2310.62,0.0961,2317.8333333333335,2318.5120833333335
2026-04-24 23:00:00+00:00,2310.62,2310.62,2310.62,2310.62,0.0,2316.661666666667,2317.7741666666666
2026-04-25 00:00:00+00:00,2310.62,2310.62,2310.62,2310.62,0.0,2315.2233333333334,2316.7970833333334
2026-04-25 01:00:00+00:00,2310.62,2310.62,2310.62,2310.62,0.0,2313.1883333333335,2316.04625
2026-04-25 02:00:00+00:00,2318.37,2318.37,2316.32,2316.32,0.0195,2312.3533333333335,2315.6558333333332
2026-04-25 03:00:00+00:00,2316.32,2316.32,2316.32,2316.32,0.0,2312.52,2316.2
2026-04-25 04:00:00+00:00,2320.18,2320.18,2318.49,2318.49,0.0231,2313.8316666666665,2316.8345833333333
2026-04-25 05:00:00+00:00,2318.49,2318.49,2318.49,2318.49,0.0,2315.143333333333,2316.9458333333337
2026-04-25 06:00:00+00:00,2317.81,2317.81,2317.81,2317.81,0.0064,2316.3416666666667,2317.1229166666667
2026-04-25 07:00:00+00:00,2317.79,2317.79,2317.79,2317.79,0.01,2317.536666666667,2317.3962500000002
2026-04-25 08:00:00+00:00,2319.55,2319.55,2318.46,2318.46,0.4086,2317.893333333333,2317.358333333333
2026-04-25 09:00:00+00:00,2320.23,2320.25,2320.23,2320.25,0.1366,2318.548333333333,2317.726666666667
2026-04-25 10:00:00+00:00,2321.88,2321.88,2321.88,2321.88,0.431,2319.1133333333332,2317.88125
2026-04-25 11:00:00+00:00,2321.88,2321.88,2321.88,2321.88,0.0063,2319.6783333333333,2317.994166666667
2026-04-25 12:00:00+00:00,2318.04,2318.04,2315.66,2315.67,0.7059,2319.3216666666667,2317.7479166666667
2026-04-25 13:00:00+00:00,2318.18,2318.89,2318.18,2318.25,0.3932,2319.398333333333,2317.304166666667
2026-04-25 14:00:00+00:00,2318.12,2319.45,2317.01,2319.45,0.407,2319.5633333333335,2317.535
2026-04-25 15:00:00+00:00,2317.11,2319.46,2317.11,2319.41,0.4436,2319.4233333333336,2317.2866666666664
2026-04-25 16:00:00+00:00,2310.81,2310.82,2303.88,2310.82,0.5948,2317.58,2317.0895833333334
2026-04-25 17:00:00+00:00,2309.46,2313.26,2309.46,2310.94,0.5089,2315.7566666666667,2316.81
2026-04-25 18:00:00+00:00,2312.0,2314.49,2310.99,2314.49,0.2455,2315.56,2316.6116666666667
2026-04-25 19:00:00+00:00,2312.04,2312.04,2310.95,2310.95,0.3351,2314.3433333333332,2316.1166666666663
2026-04-25 20:00:00+00:00,2310.7,2313.31,2310.7,2313.31,0.5182,2313.3199999999997,2315.7825
2026-04-25 21:00:00+00:00,2316.51,2316.51,2315.85,2315.86,0.2768,2312.728333333333,2315.805
2026-04-25 22:00:00+00:00,2317.04,2318.22,2317.04,2318.22,0.0611,2313.9616666666666,2316.1216666666664
2026-04-25 23:00:00+00:00,2319.28,2321.38,2319.28,2321.38,0.4803,2315.7016666666664,2316.57
2026-04-26 00:00:00+00:00,2314.07,2314.07,2312.91,2312.91,0.0581,2315.438333333333,2316.6654166666663
2026-04-26 01:00:00+00:00,2318.16,2318.16,2318.16,2318.16,0.0104,2316.64,2316.9795833333333
2026-04-26 02:00:00+00:00,2318.16,2318.16,2318.16,2318.16,0.0,2317.4483333333333,2317.05625
2026-04-26 03:00:00+00:00,2309.05,2312.51,2305.74,2312.51,0.7587,2316.89,2316.8975
2026-04-26 04:00:00+00:00,2312.51,2312.51,2312.51,2312.51,0.0,2315.938333333333,2316.6483333333335
2026-04-26 05:00:00+00:00,2322.54,2333.62,2322.54,2333.62,2.1521,2317.978333333333,2317.27875
2026-04-26 06:00:00+00:00,2329.69,2329.69,2329.69,2329.69,0.495,2320.775,2317.77375
2026-04-26 07:00:00+00:00,2331.1,2331.1,2331.1,2331.1,0.0103,2322.931666666667,2318.3283333333334
2026-04-26 08:00:00+00:00,2331.1,2331.1,2331.1,2331.1,0.0,2325.0883333333336,2318.855
2026-04-26 09:00:00+00:00,2332.15,2334.47,2332.15,2334.47,0.0218,2328.7483333333334,2319.4474999999998
2026-04-26 10:00:00+00:00,2336.82,2336.82,2333.33,2333.33,0.0799,2332.2183333333332,2319.9245833333334
2026-04-26 11:00:00+00:00,2335.61,2338.08,2335.61,2337.94,0.23,2332.938333333333,2320.59375
2026-04-26 12:00:00+00:00,2334.4,2334.4,2334.4,2334.4,0.1098,2333.7233333333334,2321.3741666666665
2026-04-26 13:00:00+00:00,2334.4,2334.4,2334.4,2334.4,0.0,2334.273333333333,2322.0470833333334
2026-04-26 14:00:00+00:00,2341.12,2350.2,2341.12,2349.0,1.6023,2337.2566666666667,2323.278333333333
2026-04-26 15:00:00+00:00,2349.01,2349.01,2344.91,2347.65,1.6246,2339.4533333333334,2324.455
2026-04-26 16:00:00+00:00,2346.92,2347.87,2345.72,2347.31,2.7671,2341.7833333333333,2325.9754166666667
2026-04-26 17:00:00+00:00,2346.6,2348.86,2346.6,2348.86,0.1595,2343.603333333333,2327.5554166666666
2026-04-26 18:00:00+00:00,2350.74,2367.74,2349.85,2363.15,1.4375,2348.395,2329.5829166666667
2026-04-26 19:00:00+00:00,2361.91,2372.94,2361.91,2370.24,0.4256,2354.3683333333333,2332.0533333333333
2026-04-26 20:00:00+00:00,2369.05,2369.05,2365.33,2365.33,0.2089,2357.09,2334.2208333333333
2026-04-26 21:00:00+00:00,2367.57,2369.0,2344.11,2367.5,8.6364,2360.398333333333,2336.3725
2026-04-26 22:00:00+00:00,2369.0,2375.0,2369.0,2375.0,0.1344,2365.0133333333333,2338.7383333333332
2026-04-26 23:00:00+00:00,2366.94,2366.94,2366.94,2366.94,0.0109,2368.0266666666666,2340.6366666666668
2026-04-27 00:00:00+00:00,2373.64,2384.45,2363.03,2384.45,0.5067,2371.5766666666664,2343.6175
2026-04-27 01:00:00+00:00,2395.0,2402.19,2391.78,2391.78,0.0343,2375.1666666666665,2346.685
2026-04-27 02:00:00+00:00,2391.78,2391.78,2391.78,2391.78,0.01,2379.5750000000003,2349.7525
2026-04-27 03:00:00+00:00,2392.23,2392.23,2390.59,2390.59,0.7612,2383.4233333333336,2353.005833333333
2026-04-27 04:00:00+00:00,2395.96,2395.96,2389.72,2389.72,0.3989,2385.8766666666666,2356.2229166666666
2026-04-27 05:00:00+00:00,2380.92,2380.92,2320.7,2320.7,1.0629,2378.1699999999996,2355.684583333333
2026-04-27 06:00:00+00:00,2319.91,2328.46,2318.57,2321.33,0.4444,2367.65,2355.33625
2026-04-27 07:00:00+00:00,2317.83,2320.94,2316.58,2319.38,1.9249,2355.5833333333335,2354.8479166666666
2026-04-27 08:00:00+00:00,2316.72,2316.72,2315.64,2315.64,0.2346,2342.8933333333334,2354.20375
2026-04-27 09:00:00+00:00,2319.68,2323.78,2319.68,2323.78,4.561,2331.7583333333337,2353.7583333333337
2026-04-27 10:00:00+00:00,2322.22,2322.22,2321.64,2321.64,0.0291,2320.4116666666664,2353.2712500000002
2026-04-27 11:00:00+00:00,2322.7,2322.7,2321.07,2321.07,0.3412,2320.4733333333334,2352.568333333333
2026-04-27 12:00:00+00:00,2321.91,2321.91,2317.94,2317.94,0.3379,2319.9083333333333,2351.8825
2026-04-27 13:00:00+00:00,2314.76,2314.76,2304.53,2310.84,0.388,2318.485,2350.9008333333336
2026-04-27 14:00:00+00:00,2313.91,2330.23,2313.9,2330.23,1.0719,2320.9166666666665,2350.11875
2026-04-27 15:00:00+00:00,2300.7,2300.7,2270.19,2278.9,2.3624,2313.4366666666665,2347.2541666666666
2026-04-27 16:00:00+00:00,2275.29,2278.93,2275.29,2277.78,0.2195,2306.1266666666666,2344.357083333334
2026-04-27 17:00:00+00:00,2282.37,2293.11,2282.37,2289.5,1.05,2300.8650000000002,2341.8837500000004
2026-04-27 18:00:00+00:00,2288.14,2290.74,2288.14,2290.74,0.1896,2296.3316666666665,2338.866666666667
2026-04-27 19:00:00+00:00,2289.62,2289.62,2276.02,2276.02,0.7804,2290.528333333333,2334.9408333333336
2026-04-27 20:00:00+00:00,2293.3,2293.33,2293.3,2293.33,0.7746,2284.3783333333336,2331.9408333333336
2026-04-27 21:00:00+00:00,2291.5,2291.5,2291.5,2291.5,0.0612,2286.478333333333,2328.7741666666666
2026-04-27 22:00:00+00:00,2289.16,2289.91,2289.16,2289.91,0.229,2288.5,2325.22875
2026-04-27 23:00:00+00:00,2297.01,2304.36,2297.01,2304.36,0.2069,2290.976666666667,2322.6212499999997
2026-04-28 00:00:00+00:00,2304.54,2304.54,2304.54,2304.54,0.0089,2293.2766666666666,2319.2916666666665
2026-04-28 01:00:00+00:00,2299.36,2299.36,2299.36,2299.36,0.0055,2297.1666666666665,2315.4408333333336
2026-04-28 02:00:00+00:00,2299.36,2299.36,2299.36,2299.36,0.0,2298.1716666666666,2311.5899999999997
2026-04-28 03:00:00+00:00,2299.36,2299.36,2299.36,2299.36,0.0,2299.4816666666666,2307.78875
2026-04-28 04:00:00+00:00,2285.94,2291.06,2285.94,2289.92,0.4631,2299.4833333333336,2303.6304166666664
2026-04-28 05:00:00+00:00,2294.86,2296.03,2288.72,2289.95,0.1219,2297.0816666666665,2302.349166666667
2026-04-28 06:00:00+00:00,2289.95,2291.02,2276.02,2278.4,1.0119,2292.725,2300.5604166666667
2026-04-28 07:00:00+00:00,2278.69,2285.25,2278.69,2284.11,0.6295,2290.1833333333334,2299.0908333333336
2026-04-28 08:00:00+00:00,2288.77,2288.77,2285.16,2285.16,0.1502,2287.8166666666666,2297.8208333333337
2026-04-28 09:00:00+00:00,2287.58,2287.58,2282.71,2282.71,0.3284,2285.0416666666665,2296.1095833333334
2026-04-28 10:00:00+00:00,2282.83,2287.53,2282.71,2286.35,0.2369,2284.4466666666663,2294.6391666666664
2026-04-28 11:00:00+00:00,2281.72,2281.72,2281.72,2281.72,0.0169,2283.0750000000003,2292.9995833333332
2026-04-28 12:00:00+00:00,2276.86,2279.76,2276.86,2278.13,1.0648,2283.03,2291.3408333333336
2026-04-28 13:00:00+00:00,2276.92,2284.71,2259.64,2272.66,1.9079,2281.1216666666664,2289.75
2026-04-28 14:00:00+00:00,2273.91,2273.91,2268.17,2268.17,0.0381,2278.29,2287.1641666666665
2026-04-28 15:00:00+00:00,2273.85,2276.21,2273.85,2276.21,0.3679,2277.2066666666665,2287.0520833333335
2026-04-28 16:00:00+00:00,2276.25,2276.25,2276.25,2276.25,0.0042,2275.523333333333,2286.9883333333332
2026-04-28 17:00:00+00:00,2284.07,2292.61,2282.0,2292.59,0.7499,2277.3349999999996,2287.117083333333
2026-04-28 18:00:00+00:00,2289.9,2296.01,2288.77,2296.01,1.4018,2280.315,2287.3366666666666
2026-04-28 19:00:00+00:00,2296.01,2303.4,2291.27,2303.17,1.4134,2285.4,2288.467916666667
2026-04-28 20:00:00+00:00,2300.49,2300.49,2300.0,2300.0,0.1483,2290.705,2288.7458333333334
2026-04-28 21:00:00+00:00,2296.96,2296.96,2288.76,2288.77,0.2435,2292.7983333333336,2288.6320833333334
2026-04-28 22:00:00+00:00,2288.77,2288.77,2288.77,2288.77,0.0,2294.885,2288.5845833333333
2026-04-28 23:00:00+00:00,2285.21,2288.75,2285.21,2288.75,1.2522,2294.2450000000003,2287.934166666667
2026-04-29 00:00:00+00:00,2288.75,2288.75,2288.75,2288.75,0.0,2293.035,2287.2762500000003
2026-04-29 01:00:00+00:00,2281.78,2281.78,2281.78,2281.78,0.1711,2289.4700000000003,2286.5437500000003
2026-04-29 02:00:00+00:00,2288.47,2288.47,2285.18,2285.32,0.333,2287.023333333333,2285.9587500000002
2026-04-29 03:00:00+00:00,2299.39,2314.53,2299.34,2309.46,0.8261,2290.471666666667,2286.3795833333334
2026-04-29 04:00:00+00:00,2316.0,2340.0,2316.0,2340.0,5.0887,2299.01,2288.46625
2026-04-29 05:00:00+00:00,2325.87,2330.67,2324.75,2330.54,3.0641,2305.975,2290.1575
2026-04-29 06:00:00+00:00,2328.52,2329.45,2328.52,2329.45,0.0356,2312.758333333333,2292.284583333333
2026-04-29 07:00:00+00:00,2323.52,2328.28,2323.52,2325.7,2.9885,2320.0783333333334,2294.0175000000004
2026-04-29 08:00:00+00:00,2323.84,2326.35,2323.33,2326.35,0.2356,2326.9166666666665,2295.73375
2026-04-29 09:00:00+00:00,2327.0,2344.39,2323.99,2344.39,0.9628,2332.7383333333332,2298.30375
2026-04-29 10:00:00+00:00,2345.92,2345.92,2332.02,2332.02,0.1981,2331.4083333333333,2300.2066666666665
2026-04-29 11:00:00+00:00,2333.87,2333.87,2331.43,2332.54,0.1504,2331.7416666666663,2302.3241666666668
2026-04-29 12:00:00+00:00,2332.53,2332.53,2311.39,2311.39,0.2893,2328.7316666666666,2303.7099999999996
2026-04-29 13:00:00+00:00,2314.98,2314.98,2299.27,2302.5,0.8817,2324.865,2304.9533333333334
2026-04-29 14:00:00+00:00,2301.53,2301.53,2301.53,2301.53,0.0022,2320.728333333333,2306.3433333333337
2026-04-29 15:00:00+00:00,2283.77,2283.77,2269.68,2269.68,0.456,2308.2766666666666,2306.0712500000004
2026-04-29 16:00:00+00:00,2270.76,2276.86,2265.31,2265.31,0.7563,2297.1583333333333,2305.615416666667
2026-04-29 17:00:00+00:00,2270.95,2278.04,2269.94,2278.04,0.5014,2288.0750000000003,2305.0091666666667
2026-04-29 18:00:00+00:00,2284.1,2284.1,2222.94,2236.61,4.1299,2275.611666666667,2302.534166666667
2026-04-29 19:00:00+00:00,2231.99,2235.1,2225.7,2225.7,0.9314,2262.811666666667,2299.30625
2026-04-29 20:00:00+00:00,2241.48,2245.49,2241.48,2245.49,0.05,2253.471666666667,2297.035
2026-04-29 21:00:00+00:00,2242.46,2258.45,2239.43,2254.45,1.5999,2250.933333333333,2295.605
2026-04-29 22:00:00+00:00,2252.66,2252.66,2252.66,2252.66,0.0575,2248.8250000000003,2294.1004166666667
2026-04-29 23:00:00+00:00,2252.66,2252.66,2252.66,2252.66,0.0,2244.595,2292.596666666667
2026-04-30 00:00:00+00:00,2265.71,2267.35,2265.71,2267.35,0.0268,2249.718333333333,2291.705
2026-04-30 01:00:00+00:00,2271.39,2271.39,2271.39,2271.39,0.2201,2257.3333333333335,2291.2720833333333
2026-04-30 02:00:00+00:00,2252.45,2252.45,2249.12,2249.12,0.4442,2257.938333333333,2289.76375
2026-04-30 03:00:00+00:00,2249.12,2249.12,2249.12,2249.12,0.0,2257.0499999999997,2287.2495833333332
2026-04-30 04:00:00+00:00,2246.31,2246.38,2246.31,2246.38,0.4291,2256.0033333333336,2283.3487499999997
2026-04-30 05:00:00+00:00,2241.68,2241.68,2241.68,2241.68,0.223,2254.1733333333336,2279.64625
2026-04-30 06:00:00+00:00,2240.01,2247.79,2240.01,2247.79,0.3056,2250.9133333333334,2276.24375
2026-04-30 07:00:00+00:00,2246.61,2246.61,2243.33,2243.33,0.7047,2246.2366666666667,2272.8116666666665
2026-04-30 08:00:00+00:00,2256.17,2257.85,2256.17,2256.54,0.4475,2247.4733333333334,2269.9029166666664
2026-04-30 09:00:00+00:00,2256.57,2268.52,2256.57,2263.58,1.4058,2249.8833333333337,2266.5358333333334
2026-04-30 10:00:00+00:00,2257.3,2261.92,2257.3,2259.43,0.1109,2252.058333333333,2263.51125
2026-04-30 11:00:00+00:00,2265.45,2266.45,2251.37,2257.41,1.6136,2254.68,2260.380833333333
2026-04-30 12:00:00+00:00,2255.95,2266.46,2255.95,2265.2,0.1067,2257.5816666666665,2258.4562499999997
2026-04-30 13:00:00+00:00,2265.2,2265.53,2255.01,2265.53,0.4787,2261.2816666666668,2256.9158333333335
2026-04-30 14:00:00+00:00,2268.56,2272.74,2246.51,2254.38,3.5886,2260.9216666666666,2254.9512499999996
2026-04-30 15:00:00+00:00,2264.97,2272.14,2262.75,2272.14,1.0003,2262.3483333333334,2255.0537499999996
2026-04-30 16:00:00+00:00,2259.97,2260.0,2256.5,2257.72,2.2008,2262.063333333333,2254.7374999999997
2026-04-30 17:00:00+00:00,2257.72,2257.72,2257.72,2257.72,0.0,2262.1150000000002,2253.8908333333334
2026-04-30 18:00:00+00:00,2254.26,2262.32,2254.26,2262.32,0.2478,2261.6349999999998,2254.9620833333333
2026-04-30 19:00:00+00:00,2263.49,2264.74,2263.49,2264.74,0.2359,2261.503333333333,2256.58875
2026-04-30 20:00:00+00:00,2260.06,2264.69,2260.06,2264.68,0.0728,2263.22,2257.3883333333333
2026-04-30 21:00:00+00:00,2262.39,2262.39,2254.34,2254.35,0.2206,2260.255,2257.3841666666663
2026-04-30 22:00:00+00:00,2254.35,2254.35,2254.35,2254.35,0.1,2259.693333333333,2257.454583333333
2026-04-30 23:00:00+00:00,2253.77,2256.18,2253.77,2256.18,0.3717,2259.4366666666665,2257.6012499999997
2026-05-01 00:00:00+00:00,2262.38,2262.38,2258.88,2258.88,0.082,2258.8633333333332,2257.2483333333334
2026-05-01 01:00:00+00:00,2266.8,2268.67,2266.8,2268.67,0.2428,2259.5183333333334,2257.1349999999998
2026-05-01 02:00:00+00:00,2263.52,2266.36,2263.52,2266.36,0.0443,2259.7983333333336,2257.853333333333
2026-05-01 03:00:00+00:00,2285.0,2285.93,2283.1,2285.08,1.3791,2264.92,2259.351666666667
2026-05-01 04:00:00+00:00,2283.08,2283.96,2283.08,2283.96,0.0296,2269.855,2260.9175
2026-05-01 05:00:00+00:00,2283.96,2283.96,2283.96,2283.96,0.0,2274.485,2262.679166666667
2026-05-01 06:00:00+00:00,2282.29,2282.29,2274.93,2274.93,2.4497,2277.16,2263.81
2026-05-01 07:00:00+00:00,2274.93,2274.93,2274.93,2274.93,0.0,2278.2033333333334,2265.1266666666666
2026-05-01 08:00:00+00:00,2274.93,2274.93,2274.93,2274.93,0.0,2279.6316666666667,2265.8929166666667
2026-05-01 09:00:00+00:00,2283.89,2291.52,2280.33,2280.34,6.6633,2278.8416666666667,2266.59125
2026-05-01 10:00:00+00:00,2279.89,2279.89,2279.89,2279.89,0.0092,2278.1633333333334,2267.44375
2026-05-01 11:00:00+00:00,2284.11,2284.13,2284.11,2284.13,0.1373,2278.191666666667,2268.5570833333336
2026-05-01 12:00:00+00:00,2284.14,2304.0,2284.14,2304.0,1.7759,2283.036666666667,2270.17375
2026-05-01 13:00:00+00:00,2310.0,2318.42,2310.0,2318.42,2.1745,2290.285,2272.3775
2026-05-01 14:00:00+00:00,2318.42,2318.42,2307.22,2307.22,2.5571,2295.6666666666665,2274.579166666667
2026-05-01 15:00:00+00:00,2307.22,2312.12,2303.22,2303.22,0.7812,2299.48,2275.8741666666665
2026-05-01 16:00:00+00:00,2303.34,2303.63,2303.34,2303.63,0.4342,2303.4366666666665,2277.787083333333
2026-05-01 17:00:00+00:00,2304.81,2308.65,2304.81,2308.65,2.5878,2307.523333333333,2279.909166666667
2026-05-01 18:00:00+00:00,2308.59,2310.95,2306.03,2306.03,0.0925,2307.861666666666,2281.7304166666668
2026-05-01 19:00:00+00:00,2304.93,2304.93,2304.87,2304.87,0.0626,2305.6033333333335,2283.4025
2026-05-01 20:00:00+00:00,2303.66,2303.66,2282.16,2282.16,1.5825,2301.4266666666667,2284.130833333333
2026-05-01 21:00:00+00:00,2285.43,2291.9,2285.43,2291.9,0.6784,2299.54,2285.695416666667
2026-05-01 22:00:00+00:00,2291.9,2291.9,2291.9,2291.9,0.0,2297.5850000000005,2287.26
2026-05-01 23:00:00+00:00,2291.84,2293.36,2291.84,2293.36,0.2303,2295.0366666666664,2288.809166666667
2026-05-02 00:00:00+00:00,2293.36,2293.36,2293.36,2293.36,0.0,2292.9249999999997,2290.245833333333
