1782864000000000,73.67000000,73.88000000,73.36000000,73.65000000,84635.39400000,1782867599999999,6232671.65673000,30419,44261.01500000,3259849.08986000,0
1782867600000000,73.65000000,74.36000000,72.25000000,73.95000000,178813.08300000,1782871199999999,13118636.51739000,98382,91886.61400000,6747988.80263000,0
1782871200000000,73.95000000,75.03000000,73.79000000,74.78000000,131997.89400000,1782874799999999,9848209.15499000,59849,75926.06800000,5665480.48192000,0
1782874800000000,74.78000000,75.69000000,74.35000000,75.48000000,211277.21700000,1782878399999999,15861424.36733000,55778,100910.00500000,7574574.30421000,0
1782878400000000,75.48000000,75.87000000,75.25000000,75.57000000,129662.04400000,1782881999999999,9795774.85022000,44667,68540.06900000,5178547.27120000,0
1782882000000000,75.56000000,75.79000000,75.14000000,75.25000000,77826.11400000,1782885599999999,5864891.96667000,27895,35534.12800000,2677961.74537000,0
1782885600000000,75.24000000,75.28000000,73.96000000,74.31000000,137912.85300000,1782889199999999,10271968.31510000,47657,68540.96700000,5105404.21749000,0
1782889200000000,74.32000000,74.96000000,74.10000000,74.87000000,117148.12600000,1782892799999999,8732977.91844000,39713,63510.94000000,4734215.50604000,0
1782892800000000,74.87000000,75.52000000,74.46000000,75.44000000,111391.91900000,1782896399999999,8341021.64216000,47001,55111.01400000,4127838.93318000,0
1782896400000000,75.44000000,75.58000000,75.05000000,75.45000000,166959.04800000,1782899999999999,12569430.76271000,37913,81479.25800000,6133577.89060000,0
1782900000000000,75.46000000,75.57000000,74.97000000,74.99000000,78051.01400000,1782903599999999,5876893.60999000,29668,37174.15300000,2799002.59680000,0
1782903600000000,74.99000000,75.32000000,74.64000000,74.84000000,137050.26400000,1782907199999999,10264723.33400000,42275,67320.80600000,5042600.21511000,0
1782907200000000,74.84000000,74.96000000,74.27000000,74.62000000,148280.33600000,1782910799999999,11055375.58045000,49475,73700.11700000,5495301.76544000,0
1782910800000000,74.61000000,76.34000000,74.61000000,76.04000000,314220.09000000,1782914399999999,23701966.62520000,114370,179471.15000000,13545832.09109000,0
1782914400000000,76.04000000,77.27000000,75.64000000,76.97000000,381964.18500000,1782917999999999,29252160.69115000,136693,215970.64100000,16533546.86192000,0
1782918000000000,76.97000000,77.80000000,76.82000000,77.43000000,207929.07800000,1782921599999999,16078425.94367000,88936,104526.02500000,8082328.85044000,0
1782921600000000,77.43000000,78.25000000,76.91000000,77.17000000,227425.26800000,1782925199999999,17649919.79789000,61074,110779.96100000,8599311.78480000,0
1782925200000000,77.17000000,77.98000000,76.85000000,77.77000000,109490.59400000,1782928799999999,8482716.18354000,38914,55491.50000000,4300706.35242000,0
1782928800000000,77.77000000,77.91000000,77.29000000,77.42000000,88106.47800000,1782932399999999,6838600.73690000,34493,36800.58100000,2856590.71268000,0
1782932400000000,77.42000000,77.69000000,76.80000000,77.00000000,78208.05900000,1782935999999999,6042757.83613000,33279,30600.91900000,2364725.61023000,0
1782936000000000,77.01000000,77.51000000,76.59000000,77.42000000,91107.04600000,1782939599999999,7016005.56713000,31003,45183.54900000,3479915.14389000,0
1782939600000000,77.43000000,78.70000000,77.43000000,78.42000000,143842.98100000,1782943199999999,11234168.22266000,48335,77898.39200000,6084098.10072000,0
1782943200000000,78.41000000,78.96000000,77.77000000,77.87000000,152885.59200000,1782946799999999,11982696.04937000,53786,82617.13000000,6476042.96630000,0
1782946800000000,77.86000000,77.90000000,77.26000000,77.46000000,107140.61900000,1782950399999999,8311053.30004000,41479,53012.26700000,4112238.91509000,0
1782950400000000,77.46000000,77.46000000,76.90000000,77.26000000,99982.11300000,1782953999999999,7721793.65850000,35942,52092.89300000,4023758.04430000,0
1782954000000000,77.27000000,78.71000000,77.23000000,78.20000000,88273.78900000,1782957599999999,6889094.53230000,40912,50148.16000000,3913136.03519000,0
1782957600000000,78.20000000,78.60000000,77.80000000,78.44000000,63065.31100000,1782961199999999,4935913.75267000,33622,32709.77300000,2560220.29585000,0
1782961200000000,78.44000000,78.96000000,77.76000000,78.72000000,189947.76300000,1782964799999999,14886600.21030000,48931,79112.20800000,6209420.96720000,0
1782964800000000,78.71000000,78.72000000,78.06000000,78.29000000,74617.90700000,1782968399999999,5848936.04182000,22879,34146.50900000,2677069.54395000,0
1782968400000000,78.28000000,78.36000000,77.79000000,78.11000000,51191.28500000,1782971999999999,3997053.99199000,19697,21754.77600000,1698785.52617000,0
1782972000000000,78.11000000,78.64000000,77.74000000,77.90000000,89241.45000000,1782975599999999,6973483.59719000,32492,41057.36500000,3209819.81400000,0
1782975600000000,77.91000000,78.20000000,77.59000000,77.99000000,78501.17700000,1782979199999999,6111948.94894000,32425,40110.67700000,3123201.37247000,0
1782979200000000,78.00000000,78.52000000,77.94000000,78.48000000,81362.81500000,1782982799999999,6368789.14389000,27701,46319.31200000,3625526.48514000,0
1782982800000000,78.48000000,79.80000000,78.29000000,79.50000000,280892.53000000,1782986399999999,22224436.66977000,71360,162934.49900000,12893481.80261000,0
1782986400000000,79.49000000,82.18000000,79.43000000,82.09000000,546659.94500000,1782989999999999,44208627.78353000,145563,308720.72800000,24973055.75846000,0
1782990000000000,82.09000000,82.78000000,81.51000000,82.38000000,451490.05600000,1782993599999999,37135946.79002000,156648,239960.49600000,19740858.85468000,0
1782993600000000,82.37000000,82.45000000,81.12000000,81.41000000,342925.02000000,1782997199999999,28042836.31047000,120313,152343.51500000,12461497.25274000,0
1782997200000000,81.40000000,81.99000000,80.72000000,81.51000000,271405.63700000,1783000799999999,22110308.33786000,117967,136890.99500000,11154306.06586000,0
1783000800000000,81.50000000,81.53000000,80.12000000,80.54000000,225131.86800000,1783004399999999,18174755.35009000,104998,108584.41700000,8764399.20616000,0
1783004400000000,80.54000000,80.92000000,80.09000000,80.86000000,106735.75100000,1783007999999999,8600930.15189000,55033,60578.97800000,4881445.86063000,0
1783008000000000,80.87000000,81.11000000,80.15000000,80.56000000,130433.90700000,1783011599999999,10513528.94587000,56910,71097.02600000,5730764.61938000,0
1783011600000000,80.55000000,81.24000000,80.51000000,80.63000000,181782.19800000,1783015199999999,14699354.97252000,49552,110334.72200000,8921051.17610000,0
1783015200000000,80.64000000,81.26000000,80.64000000,81.04000000,75834.33000000,1783018799999999,6142404.15113000,32761,37915.13200000,3071272.53832000,0
1783018800000000,81.04000000,81.32000000,80.80000000,80.83000000,72905.77600000,1783022399999999,5905403.64260000,32394,41020.62600000,3322995.63680000,0
1783022400000000,80.84000000,81.11000000,80.58000000,81.03000000,71255.41800000,1783025999999999,5755325.62948000,20289,35090.29900000,2835149.12827000,0
1783026000000000,81.03000000,81.17000000,80.50000000,80.80000000,39918.89900000,1783029599999999,3228129.76748000,17963,21670.79300000,1752358.37755000,0
1783029600000000,80.79000000,80.89000000,80.41000000,80.66000000,89672.33700000,1783033199999999,7228807.71400000,26171,32974.00500000,2658664.45750000,0
1783033200000000,80.66000000,80.78000000,80.50000000,80.73000000,37276.52800000,1783036799999999,3006228.16916000,21053,17862.51800000,1440487.33743000,0
1783036800000000,80.72000000,80.92000000,80.52000000,80.75000000,62314.82400000,1783040399999999,5032898.73352000,31398,30308.34700000,2447948.33770000,0
1783040400000000,80.74000000,81.69000000,80.71000000,81.48000000,80882.38100000,1783043999999999,6575672.34263000,34097,47543.23600000,3863837.82645000,0
1783044000000000,81.49000000,81.68000000,80.66000000,80.82000000,57374.16300000,1783047599999999,4657698.53750000,28731,26175.75100000,2125780.48708000,0
1783047600000000,80.81000000,80.98000000,80.34000000,80.73000000,62469.67100000,1783051199999999,5040908.43104000,27246,35322.48600000,2850240.96636000,0
1783051200000000,80.72000000,80.81000000,80.44000000,80.51000000,54434.02400000,1783054799999999,4387728.82952000,17947,24991.27100000,2015009.37119000,0
1783054800000000,80.50000000,81.26000000,80.47000000,81.15000000,46309.42000000,1783058399999999,3745520.45555000,26287,26440.07000000,2138077.56698000,0
1783058400000000,81.16000000,81.39000000,80.73000000,80.96000000,88714.08100000,1783061999999999,7190256.82844000,28225,38937.10000000,3155356.71802000,0
1783062000000000,80.97000000,81.51000000,80.83000000,81.22000000,55121.27400000,1783065599999999,4475958.33088000,22829,25153.08400000,2042284.93441000,0
1783065600000000,81.23000000,81.53000000,80.84000000,80.92000000,80455.14600000,1783069199999999,6530176.92625000,33304,40674.90800000,3301094.20029000,0
1783069200000000,80.91000000,81.30000000,80.67000000,81.02000000,70838.60100000,1783072799999999,5734127.58198000,31974,34402.06900000,2784913.11016000,0
1783072800000000,81.02000000,81.88000000,80.87000000,81.54000000,121888.58400000,1783076399999999,9920698.43233000,41292,67304.87500000,5479043.38371000,0
1783076400000000,81.55000000,81.71000000,81.25000000,81.58000000,76519.84000000,1783079999999999,6236078.48649000,37207,27657.72800000,2254770.12761000,0
1783080000000000,81.57000000,81.78000000,81.23000000,81.53000000,81760.05500000,1783083599999999,6658483.33806000,31424,30828.56000000,2511176.14815000,0
1783083600000000,81.54000000,81.85000000,81.43000000,81.61000000,70317.39500000,1783087199999999,5740071.66157000,29774,41096.36700000,3355162.39433000,0
1783087200000000,81.61000000,81.84000000,80.91000000,81.69000000,77681.25800000,1783090799999999,6318780.61597000,44319,34319.09400000,2792539.45265000,0
1783090800000000,81.69000000,82.06000000,81.15000000,81.21000000,90757.54500000,1783094399999999,7398611.37472000,44462,51946.28800000,4234197.75617000,0
1783094400000000,81.21000000,81.57000000,81.08000000,81.54000000,45739.96600000,1783097999999999,3720236.54247000,22967,20984.45700000,1707055.27810000,0
1783098000000000,81.54000000,81.98000000,81.47000000,81.78000000,58286.51700000,1783101599999999,4764654.72002000,21729,29737.51500000,2430778.03317000,0
1783101600000000,81.79000000,82.37000000,81.63000000,82.12000000,78448.81900000,1783105199999999,6428931.49582000,24088,41233.55500000,3380313.35756000,0
1783105200000000,82.12000000,83.22000000,82.08000000,82.48000000,161096.19400000,1783108799999999,13324094.85047000,48839,85026.34800000,7032180.70587000,0
1783108800000000,82.47000000,83.00000000,82.24000000,82.72000000,106115.34100000,1783112399999999,8763652.46615000,50006,56363.61000000,4654158.02091000,0
1783112400000000,82.72000000,83.05000000,82.16000000,82.66000000,61940.77000000,1783115999999999,5115340.38309000,33143,29059.40700000,2400096.57489000,0
1783116000000000,82.67000000,82.68000000,82.25000000,82.34000000,39911.66500000,1783119599999999,3289225.44615000,19697,19310.82700000,1591578.39964000,0
1783119600000000,82.35000000,82.51000000,82.18000000,82.34000000,39839.84900000,1783123199999999,3281596.17175000,16239,19318.64600000,1591248.08980000,0
1783123200000000,82.35000000,82.74000000,82.26000000,82.39000000,58520.84500000,1783126799999999,4829117.18986000,25381,29198.11400000,2409571.51713000,0
1783126800000000,82.39000000,82.39000000,81.80000000,81.95000000,69235.89200000,1783130399999999,5678351.60793000,27361,25117.04900000,2059918.10511000,0
1783130400000000,81.94000000,82.40000000,81.90000000,82.18000000,32896.71900000,1783133999999999,2700098.21847000,15801,18418.48900000,1511862.00237000,0
1783134000000000,82.18000000,82.85000000,82.05000000,82.74000000,153657.82700000,1783137599999999,12663248.62889000,25222,95548.34000000,7873765.44855000,0
1783137600000000,82.74000000,83.98000000,82.66000000,83.48000000,162634.45500000,1783141199999999,13569949.80584000,54306,83968.43100000,7002882.51511000,0
1783141200000000,83.47000000,83.49000000,82.90000000,83.38000000,83305.77500000,1783144799999999,6935405.40306000,31703,42857.83700000,3568377.81148000,0
1783144800000000,83.38000000,83.59000000,82.39000000,82.55000000,226691.07400000,1783148399999999,18792018.64901000,39382,62210.44100000,5154275.79953000,0
1783148400000000,82.55000000,82.83000000,82.26000000,82.72000000,68091.52400000,1783151999999999,5617195.08748000,22770,32662.47800000,2694385.55516000,0
1783152000000000,82.72000000,82.78000000,82.25000000,82.32000000,69486.76900000,1783155599999999,5732513.18762000,25239,40649.36700000,3353340.93408000,0
1783155600000000,82.31000000,82.34000000,81.61000000,81.74000000,88799.72400000,1783159199999999,7275287.06979000,34047,39236.76900000,3214371.87312000,0
1783159200000000,81.74000000,81.94000000,81.42000000,81.65000000,62870.63900000,1783162799999999,5133790.19432000,18269,30864.81200000,2520514.34060000,0
1783162800000000,81.64000000,81.93000000,81.53000000,81.82000000,71552.89200000,1783166399999999,5850770.40916000,16606,33187.13100000,2714456.89871000,0
1783166400000000,81.82000000,82.00000000,81.36000000,81.59000000,67204.92700000,1783169999999999,5486408.05182000,19155,32405.79900000,2645585.28017000,0
1783170000000000,81.59000000,81.92000000,81.39000000,81.66000000,45424.28100000,1783173599999999,3706543.07878000,22624,23242.53200000,1896842.87773000,0
1783173600000000,81.65000000,81.87000000,81.55000000,81.80000000,45005.88500000,1783177199999999,3678173.31265000,21320,24683.65600000,2017153.03895000,0
1783177200000000,81.80000000,82.42000000,81.72000000,82.23000000,96810.21700000,1783180799999999,7953132.41058000,47101,50449.73400000,4145140.43969000,0
1783180800000000,82.24000000,82.39000000,82.00000000,82.22000000,52344.21700000,1783184399999999,4303699.26464000,25771,26285.54300000,2161365.79573000,0
1783184400000000,82.21000000,82.83000000,81.90000000,82.52000000,95043.36300000,1783187999999999,7832251.18363000,38269,51713.35300000,4263276.92831000,0
1783188000000000,82.53000000,82.62000000,82.10000000,82.27000000,50845.90000000,1783191599999999,4187065.04545000,21525,25354.44200000,2087655.96456000,0
1783191600000000,82.27000000,82.34000000,81.71000000,81.88000000,61567.92800000,1783195199999999,5044705.50121000,23579,25255.88300000,2069482.58066000,0
1783195200000000,81.88000000,82.29000000,81.58000000,81.98000000,63181.48200000,1783198799999999,5174999.62198000,22906,38439.67700000,3149141.29516000,0
1783198800000000,81.99000000,82.23000000,81.85000000,82.00000000,29808.96800000,1783202399999999,2444393.60600000,13817,15512.10400000,1271881.58901000,0
1783202400000000,81.99000000,82.04000000,81.79000000,81.94000000,18657.32500000,1783205999999999,1527914.29067000,11469,9771.29300000,800283.07818000,0
1783206000000000,81.93000000,81.94000000,81.45000000,81.80000000,80151.83400000,1783209599999999,6552995.39186000,19568,25834.29500000,2111398.44334000,0
1783209600000000,81.80000000,81.84000000,81.12000000,81.30000000,69479.95100000,1783213199999999,5655702.40871000,23665,28877.77900000,2350693.00397000,0
1783213200000000,81.31000000,81.46000000,80.54000000,80.84000000,134936.55800000,1783216799999999,10929882.37472000,33188,62881.96200000,5094693.07843000,0
1783216800000000,80.85000000,80.89000000,80.20000000,80.36000000,84342.82000000,1783220399999999,6788447.00696000,29805,37077.52400000,2985017.25703000,0
1783220400000000,80.37000000,80.61000000,80.35000000,80.56000000,41507.31400000,1783223999999999,3341125.61688000,14727,22321.29500000,1796765.88754000,0
1783224000000000,80.56000000,80.87000000,80.41000000,80.60000000,42993.24100000,1783227599999999,3467509.50156000,15310,23991.79600000,1935490.02158000,0
1783227600000000,80.59000000,80.59000000,80.24000000,80.48000000,33560.91500000,1783231199999999,2700618.93050000,13872,13623.05500000,1096191.65230000,0
1783231200000000,80.48000000,80.67000000,80.34000000,80.60000000,30317.29200000,1783234799999999,2441282.19828000,11797,15924.51000000,1282398.18285000,0
1783234800000000,80.60000000,80.77000000,80.37000000,80.72000000,34536.57200000,1783238399999999,2782406.23218000,12531,15213.69800000,1225860.98324000,0
1783238400000000,80.72000000,80.87000000,80.46000000,80.50000000,44572.81700000,1783241999999999,3593149.24929000,13716,22395.25400000,1805288.75881000,0
1783242000000000,80.50000000,80.55000000,79.68000000,79.90000000,95986.94100000,1783245599999999,7681401.18622000,30624,38874.57400000,3109746.75729000,0
1783245600000000,79.90000000,80.45000000,79.75000000,80.44000000,61161.69000000,1783249199999999,4902399.95493000,17275,28977.90800000,2322555.83161000,0
1783249200000000,80.44000000,80.66000000,80.36000000,80.57000000,42339.19700000,1783252799999999,3409458.64268000,14010,18215.89100000,1466834.45330000,0
1783252800000000,80.57000000,81.32000000,80.37000000,80.76000000,91543.40200000,1783256399999999,7401913.09253000,27348,56358.56100000,4555486.67361000,0
1783256400000000,80.76000000,81.25000000,80.69000000,81.25000000,56120.09400000,1783259999999999,4545144.07919000,17821,33812.46200000,2738727.55878000,0
1783260000000000,81.25000000,81.60000000,81.03000000,81.46000000,58191.79100000,1783263599999999,4729751.16511000,24009,32471.93200000,2639460.34048000,0
1783263600000000,81.45000000,81.75000000,81.12000000,81.36000000,43155.88800000,1783267199999999,3512517.01252000,25044,20792.25100000,1692414.22363000,0
1783267200000000,81.36000000,81.54000000,80.91000000,81.10000000,53830.87000000,1783270799999999,4372689.61333000,20627,21843.39100000,1774354.02353000,0
1783270800000000,81.09000000,81.38000000,81.01000000,81.14000000,33068.05200000,1783274399999999,2683566.55446000,18277,16197.96800000,1314535.66771000,0
1783274400000000,81.14000000,81.27000000,81.00000000,81.01000000,19898.95800000,1783277999999999,1615114.40084000,12101,8608.24100000,698808.02645000,0
1783278000000000,81.01000000,81.13000000,80.81000000,81.04000000,43057.02700000,1783281599999999,3486420.91673000,15536,27881.16800000,2257257.37092000,0
1783281600000000,81.04000000,81.18000000,80.96000000,81.07000000,19029.15400000,1783285199999999,1542224.14790000,10643,11115.65900000,900852.13488000,0
1783285200000000,81.08000000,82.22000000,80.79000000,81.80000000,79328.09000000,1783288799999999,6473012.89884000,43397,39410.26000000,3217284.51517000,0
1783288800000000,81.80000000,82.43000000,81.65000000,81.82000000,129910.54100000,1783292399999999,10658220.30095000,54828,68750.73800000,5641087.40569000,0
1783292400000000,81.82000000,82.08000000,81.44000000,81.59000000,62612.96400000,1783295999999999,5118099.34923000,31401,29212.88100000,2388489.64300000,0
1783296000000000,81.59000000,82.24000000,81.11000000,82.20000000,76464.00400000,1783299599999999,6245443.97439000,48454,41306.14700000,3376241.19904000,0
1783299600000000,82.20000000,82.33000000,81.48000000,81.55000000,57155.66900000,1783303199999999,4682854.59589000,34574,25935.10100000,2125516.50187000,0
1783303200000000,81.54000000,81.68000000,80.82000000,81.01000000,108512.70200000,1783306799999999,8820584.91343000,43632,64635.06200000,5254945.66936000,0
1783306800000000,81.01000000,81.05000000,80.45000000,80.80000000,63018.98500000,1783310399999999,5088316.58745000,29820,34638.02100000,2797566.09018000,0
1783310400000000,80.80000000,81.02000000,80.70000000,80.82000000,62372.52400000,1783313999999999,5046087.35056000,19065,29512.38600000,2387380.65641000,0
1783314000000000,80.81000000,80.82000000,80.15000000,80.42000000,53010.58100000,1783317599999999,4264865.93374000,25810,27651.20900000,2224420.31963000,0
1783317600000000,80.42000000,80.53000000,80.26000000,80.35000000,37071.64000000,1783321199999999,2979917.93524000,18465,20561.68100000,1652703.67268000,0
1783321200000000,80.36000000,81.02000000,80.27000000,80.82000000,70798.67300000,1783324799999999,5709804.08697000,21698,38539.11000000,3108555.95131000,0
1783324800000000,80.83000000,81.08000000,80.30000000,80.49000000,49045.97700000,1783328399999999,3955071.78989000,21320,24793.47700000,1999366.27397000,0
1783328400000000,80.49000000,80.50000000,80.06000000,80.08000000,49014.90400000,1783331999999999,3935140.12399000,19934,28191.23500000,2263477.38051000,0
1783332000000000,80.07000000,80.71000000,80.06000000,80.67000000,66359.70300000,1783335599999999,5332555.05156000,20377,42262.48700000,3394757.87731000,0
1783335600000000,80.66000000,81.00000000,80.38000000,80.39000000,57350.22300000,1783339199999999,4633053.34238000,21191,28964.46400000,2340627.36120000,0
1783339200000000,80.39000000,80.64000000,79.27000000,79.46000000,252460.46000000,1783342799999999,20186641.27603000,116274,110754.58200000,8859996.88088000,0
1783342800000000,79.46000000,80.91000000,79.23000000,80.16000000,199929.19700000,1783346399999999,15963553.02453000,97513,120978.06100000,9652172.55753000,0
1783346400000000,80.17000000,80.79000000,79.86000000,80.29000000,113912.29100000,1783349999999999,9142694.78305000,69548,56761.88800000,4557319.23042000,0
1783350000000000,80.30000000,81.54000000,80.29000000,81.50000000,158256.05900000,1783353599999999,12814074.33623000,75725,86642.27600000,7018782.92760000,0
1783353600000000,81.50000000,82.40000000,81.29000000,82.10000000,225823.93400000,1783357199999999,18499972.04883000,75130,121758.76700000,9976751.53332000,0
1783357200000000,82.10000000,82.19000000,81.45000000,81.65000000,81411.15000000,1783360799999999,6666262.64716000,39455,40675.62300000,3329639.89883000,0
1783360800000000,81.64000000,82.30000000,81.31000000,81.99000000,149312.05800000,1783364399999999,12225593.93925000,42605,104888.34600000,8589423.50425000,0
1783364400000000,81.99000000,82.18000000,81.81000000,82.07000000,69461.11600000,1783367999999999,5696352.12069000,25615,42184.89600000,3459792.67155000,0
1783368000000000,82.08000000,82.25000000,81.68000000,82.10000000,42002.28900000,1783371599999999,3439715.46512000,19030,20088.69500000,1645880.07048000,0
1783371600000000,82.10000000,83.74000000,82.06000000,82.82000000,229534.24500000,1783375199999999,19026476.42973000,78825,130350.54700000,10809699.93501000,0
1783375200000000,82.83000000,82.88000000,82.25000000,82.32000000,69758.17000000,1783378799999999,5758421.41158000,23011,33507.49000000,2766293.21966000,0
1783378800000000,82.33000000,82.43000000,81.91000000,81.94000000,51571.08600000,1783382399999999,4235241.66499000,25721,20164.83400000,1656187.39865000,0
1783382400000000,81.94000000,82.50000000,81.82000000,82.36000000,86146.14500000,1783385999999999,7085581.88021000,29628,56015.37100000,4608751.78060000,0
1783386000000000,82.36000000,82.37000000,81.81000000,81.90000000,48516.33500000,1783389599999999,3979552.60523000,25520,23374.51700000,1917521.12686000,0
1783389600000000,81.90000000,81.99000000,81.29000000,81.35000000,46660.55300000,1783393199999999,3807719.44432000,22933,22762.54800000,1857722.74020000,0
1783393200000000,81.36000000,81.48000000,80.97000000,81.05000000,56727.77800000,1783396799999999,4605975.02814000,22073,28132.01100000,2284795.55272000,0
1783396800000000,81.05000000,81.10000000,80.65000000,80.92000000,57179.65000000,1783400399999999,4624717.43314000,22775,32776.06300000,2650874.23466000,0
1783400400000000,80.91000000,81.22000000,80.46000000,81.11000000,76897.66700000,1783403999999999,6216020.06720000,24870,41655.57400000,3367537.30449000,0
1783404000000000,81.11000000,81.64000000,80.81000000,81.54000000,66490.69600000,1783407599999999,5398300.93872000,21012,28181.45700000,2288644.46670000,0
1783407600000000,81.55000000,81.76000000,81.35000000,81.50000000,70326.79200000,1783411199999999,5736516.16793000,19827,33077.51800000,2698382.45003000,0
1783411200000000,81.51000000,81.60000000,81.21000000,81.28000000,115628.84200000,1783414799999999,9414599.82441000,24539,57720.13500000,4699301.74255000,0
1783414800000000,81.28000000,81.49000000,81.14000000,81.31000000,61966.22500000,1783418399999999,5036877.61016000,20197,28866.35900000,2346433.35614000,0
1783418400000000,81.31000000,81.59000000,80.93000000,80.99000000,77915.60700000,1783421999999999,6325731.49657000,31204,44359.71300000,3601349.11082000,0
1783422000000000,80.99000000,81.40000000,80.76000000,81.32000000,55060.77200000,1783425599999999,4461732.61908000,23725,26852.63100000,2176421.95761000,0
1783425600000000,81.32000000,82.00000000,81.30000000,81.45000000,109334.51700000,1783429199999999,8932056.98252000,45214,44543.87600000,3638825.88814000,0
1783429200000000,81.45000000,81.62000000,80.66000000,80.84000000,124183.56400000,1783432799999999,10067108.40656000,84396,74636.39400000,6049622.42353000,0
1783432800000000,80.85000000,81.92000000,80.51000000,81.81000000,131754.05200000,1783436399999999,10680071.94604000,89996,64431.29100000,5225461.43754000,0
1783436400000000,81.81000000,82.36000000,81.50000000,82.11000000,124871.50800000,1783439999999999,10235637.47429000,68192,60476.38000000,4957558.04122000,0
1783440000000000,82.11000000,82.57000000,81.82000000,82.22000000,81896.25200000,1783443599999999,6731448.02634000,47744,43400.26000000,3568545.09858000,0
1783443600000000,82.21000000,82.79000000,82.09000000,82.72000000,60810.99100000,1783447199999999,5014346.82371000,36061,32387.71600000,2671323.60188000,0
1783447200000000,82.73000000,82.73000000,81.24000000,81.30000000,68631.64600000,1783450799999999,5632052.77131000,36908,29435.91200000,2416696.42620000,0
1783450800000000,81.30000000,81.56000000,80.78000000,81.37000000,101089.13300000,1783454399999999,8207343.19487000,46766,58089.35500000,4716814.39725000,0
1783454400000000,81.38000000,81.49000000,81.01000000,81.17000000,37655.91000000,1783457999999999,3060597.89474000,18034,17716.37800000,1439679.63454000,0
1783458000000000,81.17000000,81.42000000,80.57000000,80.84000000,77130.44500000,1783461599999999,6235005.15163000,25822,32553.39000000,2632413.36916000,0
1783461600000000,80.83000000,81.10000000,80.34000000,80.88000000,71034.46100000,1783465199999999,5733345.20700000,25618,34073.00800000,2751598.12678000,0
1783465200000000,80.87000000,81.15000000,80.51000000,80.58000000,51079.97600000,1783468799999999,4134217.01472000,21990,22166.87600000,1793815.73977000,0
1783468800000000,80.58000000,80.78000000,80.35000000,80.37000000,92383.66400000,1783472399999999,7445331.94654000,31375,48531.21900000,3911224.21926000,0
1783472400000000,80.37000000,80.42000000,78.82000000,79.10000000,168955.66800000,1783475999999999,13435925.23290000,54719,65994.22300000,5241510.03622000,0
1783476000000000,79.09000000,79.18000000,78.22000000,79.06000000,145442.63000000,1783479599999999,11464851.38402000,59952,67396.62400000,5312381.77481000,0
1783479600000000,79.07000000,79.34000000,78.62000000,78.73000000,65768.24300000,1783483199999999,5199384.25633000,25735,34649.15500000,2740237.55508000,0
1783483200000000,78.73000000,78.93000000,78.35000000,78.64000000,47502.72600000,1783486799999999,3737571.40331000,22820,18776.42200000,1478009.77719000,0
1783486800000000,78.65000000,78.82000000,78.35000000,78.42000000,75950.02800000,1783490399999999,5969362.11818000,23712,41933.00500000,3296025.81085000,0
1783490400000000,78.43000000,78.46000000,77.95000000,78.23000000,105746.59500000,1783493999999999,8270785.16097000,33658,46088.18800000,3605966.51628000,0
1783494000000000,78.23000000,78.34000000,77.80000000,78.28000000,174640.78300000,1783497599999999,13628171.27290000,33709,108874.36700000,8494704.35252000,0
1783497600000000,78.29000000,78.43000000,76.90000000,77.25000000,201507.59500000,1783501199999999,15610176.13909000,86116,85535.59200000,6628634.15967000,0
1783501200000000,77.26000000,77.49000000,77.01000000,77.19000000,78732.56500000,1783504799999999,6082100.70171000,35167,35390.91200000,2734669.29811000,0
1783504800000000,77.19000000,77.50000000,76.94000000,77.33000000,66068.26500000,1783508399999999,5102139.84916000,21052,33676.27900000,2601614.05997000,0
1783508400000000,77.33000000,77.71000000,77.08000000,77.56000000,75575.29400000,1783511999999999,5847948.69001000,26311,44220.62500000,3421496.84396000,0
1783512000000000,77.56000000,77.66000000,77.02000000,77.03000000,67212.05400000,1783515599999999,5202255.22423000,23424,33352.91200000,2582861.94317000,0
1783515600000000,77.03000000,77.47000000,76.64000000,77.31000000,196699.75700000,1783519199999999,15144570.96089000,58255,74023.64400000,5703886.42149000,0
1783519200000000,77.30000000,77.42000000,76.71000000,77.11000000,113392.18900000,1783522799999999,8739998.86246000,53020,50539.16300000,3896955.62817000,0
1783522800000000,77.11000000,77.15000000,76.29000000,76.75000000,104437.48400000,1783526399999999,8004381.48595000,40659,45890.21100000,3516575.45095000,0
1783526400000000,76.76000000,77.36000000,76.76000000,77.29000000,75682.97300000,1783529999999999,5832814.52816000,29212,45421.58600000,3500636.15412000,0
1783530000000000,77.29000000,77.68000000,77.04000000,77.13000000,77173.09500000,1783533599999999,5969567.04791000,26352,42537.85900000,3291305.20558000,0
1783533600000000,77.13000000,77.36000000,76.82000000,77.14000000,40185.33700000,1783537199999999,3099445.14373000,20473,22979.68800000,1772531.86830000,0
1783537200000000,77.15000000,77.49000000,76.95000000,77.42000000,49770.50500000,1783540799999999,3842023.16554000,20588,26303.38900000,2030641.68139000,0
1783540800000000,77.42000000,77.57000000,77.05000000,77.17000000,37142.42900000,1783544399999999,2869477.74931000,14846,15581.15600000,1203646.01970000,0
1783544400000000,77.18000000,77.35000000,76.93000000,77.26000000,30357.61700000,1783547999999999,2342053.01152000,14699,17364.45100000,1339611.29812000,0
1783548000000000,77.26000000,77.59000000,77.18000000,77.55000000,43417.44300000,1783551599999999,3359916.24035000,14323,22642.57300000,1752062.00678000,0
1783551600000000,77.54000000,77.95000000,77.43000000,77.83000000,37658.42100000,1783555199999999,2924695.43527000,16246,21338.33200000,1657257.11518000,0
1783555200000000,77.83000000,77.90000000,77.52000000,77.71000000,53552.59800000,1783558799999999,4160430.91085000,21513,31019.61100000,2409601.87893000,0
1783558800000000,77.72000000,78.78000000,77.25000000,77.35000000,116679.78100000,1783562399999999,9104032.82481000,49691,54264.12000000,4237267.64732000,0
1783562400000000,77.35000000,77.84000000,76.98000000,77.07000000,64513.21400000,1783565999999999,4992435.87609000,27508,33042.65500000,2558216.24917000,0
1783566000000000,77.06000000,77.41000000,76.71000000,77.38000000,53488.68200000,1783569599999999,4125356.18889000,24238,30754.13000000,2372558.58200000,0
1783569600000000,77.39000000,78.04000000,77.22000000,77.99000000,49556.85300000,1783573199999999,3844730.76744000,21414,20429.52500000,1586154.98029000,0
1783573200000000,77.98000000,78.40000000,77.74000000,78.40000000,77144.52100000,1783576799999999,6019741.36419000,27644,42568.81800000,3322140.88110000,0
1783576800000000,78.40000000,78.62000000,78.11000000,78.49000000,68073.73900000,1783580399999999,5337459.24523000,25792,38319.66800000,3005215.06801000,0
1783580400000000,78.50000000,78.83000000,78.14000000,78.21000000,90359.84700000,1783583999999999,7081659.60253000,28828,43207.16100000,3386565.57408000,0
1783584000000000,78.22000000,78.41000000,77.96000000,78.11000000,56128.50800000,1783587599999999,4387270.96923000,19845,25976.17500000,2030527.16552000,0
1783587600000000,78.11000000,78.18000000,77.86000000,78.14000000,44117.53700000,1783591199999999,3442181.69031000,20347,19494.96200000,1521250.54380000,0
1783591200000000,78.13000000,78.22000000,77.52000000,77.68000000,83102.41400000,1783594799999999,6478783.84796000,25763,32129.08200000,2504634.89686000,0
1783594800000000,77.69000000,77.78000000,77.32000000,77.61000000,50326.61000000,1783598399999999,3901051.40686000,21425,19666.96200000,1524256.03999000,0
1783598400000000,77.61000000,78.21000000,77.41000000,77.64000000,153550.33700000,1783601999999999,11937653.43747000,46499,70418.78100000,5475827.76829000,0
1783602000000000,77.64000000,78.49000000,77.35000000,78.22000000,87817.54100000,1783605599999999,6841923.32129000,48392,40672.98600000,3169752.39948000,0
1783605600000000,78.22000000,78.35000000,77.58000000,77.88000000,63101.34700000,1783609199999999,4913803.33765000,40468,36739.77800000,2860525.69973000,0
1783609200000000,77.88000000,78.20000000,77.51000000,77.63000000,54848.79200000,1783612799999999,4267579.12653000,32340,25898.22200000,2015354.70890000,0
1783612800000000,77.63000000,77.81000000,77.26000000,77.69000000,53100.10000000,1783616399999999,4117910.55796000,27753,30736.99400000,2383741.23537000,0
1783616400000000,77.69000000,78.16000000,77.63000000,78.06000000,51133.22600000,1783619999999999,3983324.52783000,24201,23444.33600000,1826953.14678000,0
1783620000000000,78.06000000,78.43000000,78.00000000,78.19000000,51711.54000000,1783623599999999,4044870.69542000,24936,26931.10700000,2106694.51918000,0
1783623600000000,78.20000000,78.32000000,77.91000000,78.15000000,29760.19000000,1783627199999999,2324937.48550000,16273,15794.62600000,1233837.34299000,0
1783627200000000,78.16000000,78.32000000,77.98000000,78.15000000,24332.18500000,1783630799999999,1901384.00516000,12590,12587.24500000,983730.41964000,0
1783630800000000,78.16000000,78.29000000,77.90000000,78.04000000,28433.06100000,1783634399999999,2219658.59218000,11877,14773.33200000,1153145.72620000,0
1783634400000000,78.05000000,78.29000000,77.99000000,78.11000000,25710.48800000,1783637999999999,2009409.65617000,12688,13643.03900000,1066322.23866000,0
1783638000000000,78.11000000,78.21000000,77.74000000,78.04000000,27894.72300000,1783641599999999,2175295.92209000,15987,11266.26800000,878510.20466000,0
1783641600000000,78.05000000,78.16000000,77.79000000,78.12000000,40025.56400000,1783645199999999,3121713.89024000,22354,15895.27100000,1239776.69993000,0
1783645200000000,78.12000000,79.45000000,77.94000000,79.05000000,103044.32100000,1783648799999999,8119958.24589000,41470,57407.48700000,4526515.27581000,0
1783648800000000,79.06000000,79.16000000,78.83000000,79.05000000,60267.89800000,1783652399999999,4760005.40232000,23821,34387.86000000,2715950.49980000,0
1783652400000000,79.05000000,79.13000000,78.73000000,79.07000000,89571.36000000,1783655999999999,7065730.83637000,17536,57596.59700000,4543130.00352000,0
1783656000000000,79.07000000,79.11000000,78.84000000,78.97000000,35451.25100000,1783659599999999,2801101.73940000,13525,18253.20300000,1442284.99823000,0
1783659600000000,78.97000000,79.37000000,78.87000000,79.18000000,105417.13200000,1783663199999999,8332321.86061000,15823,51775.21400000,4092026.28782000,0
1783663200000000,79.18000000,79.24000000,78.86000000,78.92000000,38219.56300000,1783666799999999,3020097.56981000,13431,17234.57000000,1362198.04998000,0
1783666800000000,78.92000000,79.08000000,78.75000000,78.87000000,39607.52100000,1783670399999999,3124814.27788000,10734,16606.81600000,1310527.20179000,0
1783670400000000,78.87000000,79.42000000,78.81000000,79.20000000,89265.76400000,1783673999999999,7075801.48490000,22535,49342.23400000,3910492.83705000,0
1783674000000000,79.19000000,79.38000000,78.95000000,79.22000000,69921.11700000,1783677599999999,5538640.38192000,19308,36585.27200000,2898781.16047000,0
1783677600000000,79.23000000,79.68000000,79.15000000,79.39000000,65102.53600000,1783681199999999,5170791.21630000,19541,39410.29900000,3130251.52771000,0
1783681200000000,79.40000000,79.52000000,79.18000000,79.36000000,45431.97600000,1783684799999999,3606230.32667000,17194,24880.14200000,1975010.25594000,0
1783684800000000,79.37000000,79.56000000,78.90000000,78.92000000,65434.65800000,1783688399999999,5184438.91481000,20735,31526.57600000,2498206.36064000,0
1783688400000000,78.92000000,79.35000000,78.77000000,78.99000000,83014.20000000,1783691999999999,6558136.74817000,34860,48751.04200000,3851414.80928000,0
1783692000000000,78.98000000,78.98000000,77.07000000,77.91000000,417405.18100000,1783695599999999,32535756.95966000,114981,190717.28800000,14859790.64688000,0
1783695600000000,77.90000000,78.36000000,77.78000000,78.14000000,82710.13600000,1783699199999999,6461182.16730000,42084,45973.88700000,3591302.96621000,0
1783699200000000,78.15000000,78.26000000,77.66000000,78.14000000,61178.96300000,1783702799999999,4770330.49020000,29581,33540.77900000,2615288.63972000,0
1783702800000000,78.14000000,78.17000000,77.58000000,77.59000000,81808.23600000,1783706399999999,6365392.81934000,22648,37303.46400000,2902894.71950000,0
1783706400000000,77.58000000,77.91000000,77.33000000,77.53000000,70765.37100000,1783709999999999,5491150.82922000,22517,35999.05300000,2793236.04093000,0
1783710000000000,77.52000000,78.05000000,77.45000000,77.89000000,43414.32900000,1783713599999999,3379885.07815000,19683,24709.95700000,1923489.49009000,0
1783713600000000,77.90000000,77.99000000,77.71000000,77.76000000,34881.23400000,1783717199999999,2715447.35925000,13349,21229.66700000,1652805.02522000,0
1783717200000000,77.75000000,78.11000000,77.73000000,78.00000000,31525.61300000,1783720799999999,2457610.80759000,12784,22615.88100000,1762936.53431000,0
1783720800000000,78.00000000,78.25000000,77.94000000,78.17000000,62504.20700000,1783724399999999,4880420.31803000,17151,36396.25100000,2841724.07690000,0
1783724400000000,78.17000000,78.18000000,77.93000000,78.13000000,37763.94400000,1783727999999999,2948209.49218000,13261,21892.75100000,1709169.79139000,0
1783728000000000,78.14000000,78.14000000,77.79000000,77.85000000,42959.28500000,1783731599999999,3347704.89489000,11695,21757.18300000,1695625.02564000,0
1783731600000000,77.85000000,78.07000000,77.47000000,77.54000000,57564.12200000,1783735199999999,4476099.76013000,21707,25401.93800000,1975537.06573000,0
1783735200000000,77.54000000,77.83000000,77.49000000,77.78000000,52804.73200000,1783738799999999,4101553.69708000,15870,28218.06800000,2191956.69324000,0
1783738800000000,77.78000000,77.88000000,77.60000000,77.79000000,35187.02400000,1783742399999999,2736038.70222000,15561,17268.10500000,1342742.06650000,0
1783742400000000,77.80000000,77.86000000,77.65000000,77.74000000,28642.92700000,1783745999999999,2227034.94320000,12394,14908.64600000,1159234.62391000,0
1783746000000000,77.74000000,77.98000000,77.60000000,77.90000000,36626.90600000,1783749599999999,2849444.56319000,14211,12164.49600000,946496.41682000,0
1783749600000000,77.91000000,78.12000000,77.79000000,78.06000000,46872.82000000,1783753199999999,3655298.62075000,20916,13781.97800000,1074677.47209000,0
1783753200000000,78.07000000,78.11000000,77.93000000,78.00000000,45980.87700000,1783756799999999,3587434.57065000,14848,18518.16800000,1444719.02906000,0
1783756800000000,77.99000000,78.18000000,77.95000000,78.17000000,26548.00700000,1783760399999999,2072402.36650000,11986,11274.98700000,880139.79872000,0
1783760400000000,78.16000000,78.34000000,77.83000000,77.84000000,39556.46900000,1783763999999999,3089029.14928000,17053,16794.89900000,1311781.02568000,0
1783764000000000,77.84000000,78.11000000,77.75000000,78.05000000,51207.44200000,1783767599999999,3989908.27505000,16944,35621.15600000,2775420.42960000,0
1783767600000000,78.05000000,78.15000000,77.99000000,78.13000000,25814.21900000,1783771199999999,2015354.49456000,8742,14588.36000000,1138992.68660000,0
1783771200000000,78.13000000,78.21000000,77.95000000,78.08000000,25724.66600000,1783774799999999,2008783.67380000,8823,14052.87600000,1097368.88887000,0
1783774800000000,78.09000000,78.45000000,78.03000000,78.18000000,32274.22900000,1783778399999999,2523009.50233000,11400,17338.92900000,1355605.47912000,0
1783778400000000,78.17000000,78.74000000,78.17000000,78.50000000,43928.04800000,1783781999999999,3447023.85473000,19175,24540.15900000,1925237.10673000,0
1783782000000000,78.50000000,78.88000000,77.97000000,78.38000000,107261.41500000,1783785599999999,8413245.09978000,38023,57588.93300000,4519469.66227000,0
1783785600000000,78.39000000,78.40000000,77.63000000,77.94000000,289995.38800000,1783789199999999,22616725.78390000,41306,187703.21500000,14634619.22565000,0
1783789200000000,77.93000000,78.19000000,77.82000000,78.09000000,47887.01600000,1783792799999999,3734980.35187000,21636,33951.77900000,2647882.23160000,0
1783792800000000,78.08000000,78.31000000,78.00000000,78.08000000,45323.20200000,1783796399999999,3540364.09257000,14726,19821.97000000,1548599.38860000,0
1783796400000000,78.08000000,78.15000000,77.88000000,78.15000000,40047.64200000,1783799999999999,3124049.40241000,12804,22887.42800000,1785415.27670000,0
1783800000000000,78.15000000,78.28000000,78.11000000,78.17000000,18030.69200000,1783803599999999,1409737.40786000,6762,12214.94200000,955056.98605000,0
1783803600000000,78.17000000,78.32000000,78.13000000,78.23000000,33181.68300000,1783807199999999,2596269.44180000,10205,20670.96100000,1617403.99994000,0
1783807200000000,78.23000000,78.27000000,77.75000000,77.89000000,42089.59800000,1783810799999999,3282690.62049000,19175,19751.73700000,1540697.67152000,0
1783810800000000,77.89000000,77.93000000,76.77000000,76.79000000,125960.05800000,1783814399999999,9723963.42559000,41205,53091.41800000,4098402.36752000,0
1783814400000000,76.79000000,76.88000000,75.65000000,76.11000000,140521.18800000,1783817999999999,10712061.53272000,54971,59067.75600000,4500453.81149000,0
1783818000000000,76.10000000,76.88000000,76.04000000,76.84000000,68315.62000000,1783821599999999,5228267.90558000,25878,37138.17800000,2842598.65849000,0
1783821600000000,76.83000000,76.92000000,76.63000000,76.86000000,37965.73800000,1783825199999999,2915519.20229000,16328,21690.44900000,1665649.42847000,0
1783825200000000,76.86000000,77.09000000,76.75000000,77.04000000,67755.80300000,1783828799999999,5212687.77342000,16435,31774.91600000,2444689.38262000,0
1783828800000000,77.05000000,77.08000000,76.61000000,76.71000000,36569.95200000,1783832399999999,2810500.97282000,12988,14657.25000000,1126504.54230000,0
1783832400000000,76.71000000,76.83000000,76.38000000,76.44000000,32721.92000000,1783835999999999,2505494.37683000,10836,12330.57200000,943919.22066000,0
1783836000000000,76.44000000,76.44000000,75.85000000,76.37000000,55318.34100000,1783839599999999,4211070.36748000,22267,24211.97200000,1843598.32760000,0
1783839600000000,76.37000000,76.71000000,76.31000000,76.51000000,36837.44900000,1783843199999999,2819623.30544000,11766,19909.62000000,1523834.01673000,0
1783843200000000,76.52000000,76.83000000,76.47000000,76.70000000,35106.01300000,1783846799999999,2690556.31765000,12001,23185.48300000,1776731.55300000,0
1783846800000000,76.71000000,76.91000000,76.39000000,76.75000000,38331.34800000,1783850399999999,2938290.67929000,13064,19706.36900000,1511271.71206000,0
1783850400000000,76.76000000,76.85000000,76.66000000,76.71000000,17467.21600000,1783853999999999,1340610.19379000,8812,9199.19900000,706020.91522000,0
1783854000000000,76.72000000,77.28000000,76.53000000,76.95000000,40113.96400000,1783857599999999,3087176.96673000,18692,19191.85500000,1476517.65767000,0
1783857600000000,76.94000000,77.24000000,76.78000000,77.19000000,56862.27500000,1783861199999999,4380047.86151000,18997,33273.73700000,2562570.34565000,0
1783861200000000,77.19000000,77.49000000,77.13000000,77.15000000,46390.15000000,1783864799999999,3586629.04636000,17942,24928.57200000,1927341.09557000,0
1783864800000000,77.16000000,77.71000000,76.97000000,77.55000000,60382.37500000,1783868399999999,4668279.30436000,19386,35558.06700000,2749947.01061000,0
1783868400000000,77.55000000,77.62000000,77.28000000,77.46000000,56923.48900000,1783871999999999,4407090.30708000,21862,24633.95800000,1907021.15327000,0
1783872000000000,77.47000000,77.67000000,77.38000000,77.54000000,49559.07400000,1783875599999999,3842234.70499000,15893,20486.73100000,1588070.30512000,0
1783875600000000,77.55000000,77.61000000,77.23000000,77.35000000,19306.60500000,1783879199999999,1495095.00213000,9993,8300.16000000,642731.95131000,0
1783879200000000,77.35000000,77.65000000,77.24000000,77.57000000,28119.63600000,1783882799999999,2177732.04426000,11172,16158.41700000,1251505.98987000,0
1783882800000000,77.58000000,77.78000000,77.44000000,77.68000000,18703.97300000,1783886399999999,1451298.66250000,9735,9586.01000000,743767.57830000,0
1783886400000000,77.67000000,77.71000000,77.44000000,77.46000000,13127.96100000,1783889999999999,1018161.10971000,7831,5594.26700000,433869.33069000,0
1783890000000000,77.46000000,77.70000000,76.97000000,77.10000000,44216.03600000,1783893599999999,3415787.90261000,17791,20156.09200000,1556778.63691000,0
1783893600000000,77.10000000,77.10000000,76.46000000,76.77000000,72297.14200000,1783897199999999,5544822.69899000,39283,37061.37100000,2841929.58444000,0
1783897200000000,76.77000000,76.95000000,76.65000000,76.92000000,34101.69200000,1783900799999999,2618075.46199000,14398,17939.92600000,1377464.48882000,0
1783900800000000,76.92000000,78.20000000,76.82000000,77.52000000,150612.79000000,1783904399999999,11696868.71929000,74020,79756.28300000,6194061.78317000,0
1783904400000000,77.52000000,77.66000000,76.29000000,76.32000000,92200.46600000,1783907999999999,7096499.80070000,52319,49390.87700000,3801742.07432000,0
1783908000000000,76.32000000,76.67000000,76.13000000,76.48000000,59194.65200000,1783911599999999,4525512.62634000,36740,30296.81800000,2316378.58579000,0
1783911600000000,76.48000000,76.50000000,75.43000000,75.86000000,108422.12400000,1783915199999999,8224118.93300000,49254,45721.23300000,3468440.55981000,0
1783915200000000,75.87000000,76.17000000,75.72000000,75.92000000,75432.49400000,1783918799999999,5730816.92278000,25519,34867.05500000,2648946.94542000,0
1783918800000000,75.93000000,76.47000000,75.74000000,76.40000000,88725.33100000,1783922399999999,6758452.68156000,30470,49676.99200000,3785015.36648000,0
1783922400000000,76.40000000,76.59000000,76.28000000,76.34000000,49233.86300000,1783925999999999,3762302.09501000,20359,28665.58100000,2190754.43317000,0
1783926000000000,76.34000000,76.69000000,76.23000000,76.44000000,50502.84900000,1783929599999999,3863236.73495000,18863,28556.15600000,2184230.55846000,0
1783929600000000,76.45000000,76.90000000,76.36000000,76.73000000,41703.12800000,1783933199999999,3192080.48221000,18024,26644.19100000,2039463.08809000,0
1783933200000000,76.74000000,76.75000000,76.60000000,76.62000000,22876.29600000,1783936799999999,1753962.38508000,9491,11952.89200000,916501.24512000,0
1783936800000000,76.63000000,76.63000000,76.10000000,76.29000000,49372.31700000,1783940399999999,3768750.11630000,17354,22599.23900000,1724995.06945000,0
1783940400000000,76.29000000,76.59000000,76.28000000,76.34000000,50822.90800000,1783943999999999,3882029.52923000,17150,16301.12200000,1245559.20789000,0
1783944000000000,76.35000000,76.41000000,75.74000000,75.85000000,66390.11500000,1783947599999999,5044823.47134000,26288,32747.28500000,2488374.99353000,0
1783947600000000,75.85000000,75.95000000,75.11000000,75.40000000,95621.72800000,1783951199999999,7219648.00633000,42944,46735.02900000,3529040.64658000,0
1783951200000000,75.40000000,76.18000000,75.34000000,76.16000000,103230.01100000,1783954799999999,7822973.27740000,57575,51763.46800000,3923561.20149000,0
1783954800000000,76.16000000,76.31000000,75.75000000,75.81000000,53539.79700000,1783958399999999,4070797.01614000,24797,26687.74900000,2028840.80061000,0
1783958400000000,75.82000000,76.04000000,75.20000000,75.30000000,43155.53200000,1783961999999999,3259991.82423000,26284,20434.95000000,1544021.01209000,0
1783962000000000,75.30000000,75.47000000,74.52000000,74.59000000,102893.88300000,1783965599999999,7711464.56960000,39240,41804.52600000,3132839.53344000,0
1783965600000000,74.60000000,75.04000000,74.57000000,74.86000000,49735.28800000,1783969199999999,3720728.66699000,26089,24505.81100000,1833585.45650000,0
1783969200000000,74.87000000,75.25000000,74.75000000,75.20000000,47155.21200000,1783972799999999,3534913.81623000,19665,26820.92600000,2011229.56349000,0
1783972800000000,75.19000000,75.35000000,74.59000000,74.80000000,49368.80300000,1783976399999999,3700591.37055000,20636,21579.93800000,1617678.96110000,0
1783976400000000,74.81000000,74.81000000,74.10000000,74.42000000,69663.11800000,1783979999999999,5183664.05811000,25587,32716.24800000,2434178.65584000,0
1783980000000000,74.41000000,74.75000000,74.40000000,74.52000000,39885.17300000,1783983599999999,2976290.88396000,16483,22698.12900000,1694023.04017000,0
1783983600000000,74.52000000,75.02000000,74.41000000,75.01000000,38910.48400000,1783987199999999,2907778.28867000,16388,21735.94000000,1624630.91984000,0
1783987200000000,75.02000000,75.49000000,74.83000000,75.45000000,72029.00100000,1783990799999999,5413220.84801000,27268,43330.52600000,3256807.60130000,0
1783990800000000,75.45000000,75.56000000,75.22000000,75.30000000,41260.90900000,1783994399999999,3108969.16493000,19283,19438.39500000,1464776.99362000,0
1783994400000000,75.31000000,75.33000000,74.87000000,75.08000000,37800.25200000,1783997999999999,2840734.15040000,16803,18341.23400000,1378343.94452000,0
1783998000000000,75.08000000,75.17000000,74.56000000,75.15000000,32083.39000000,1784001599999999,2401533.25006000,17580,17231.87700000,1289824.46239000,0
1784001600000000,75.15000000,75.34000000,75.04000000,75.15000000,33710.00900000,1784005199999999,2534809.28589000,15262,17177.05000000,1291663.32445000,0
1784005200000000,75.16000000,75.48000000,75.10000000,75.42000000,31768.12500000,1784008799999999,2393977.51653000,15271,18271.32700000,1376841.89309000,0
1784008800000000,75.41000000,75.44000000,75.10000000,75.16000000,53315.76500000,1784012399999999,4012156.87903000,14348,18755.24400000,1411220.10899000,0
1784012400000000,75.16000000,75.26000000,74.91000000,74.97000000,40095.74500000,1784015999999999,3010175.42809000,17140,22007.83700000,1652188.25906000,0
1784016000000000,74.98000000,75.39000000,74.85000000,75.16000000,33657.53100000,1784019599999999,2528646.68182000,14558,18433.96900000,1384914.78002000,0
1784019600000000,75.16000000,75.31000000,74.88000000,75.08000000,30784.63400000,1784023199999999,2311949.88171000,14048,17234.20300000,1293981.87403000,0
1784023200000000,75.08000000,75.60000000,74.96000000,75.47000000,51927.46300000,1784026799999999,3908781.28938000,22524,26901.25900000,2024947.19191000,0
1784026800000000,75.48000000,75.62000000,75.34000000,75.40000000,71205.36200000,1784030399999999,5375203.71514000,18205,36514.69900000,2756197.08123000,0
1784030400000000,75.40000000,76.98000000,75.19000000,76.86000000,291221.75800000,1784033999999999,22157713.79075000,86253,162374.79600000,12357410.08002000,0
1784034000000000,76.86000000,77.73000000,76.50000000,76.94000000,254275.16900000,1784037599999999,19599511.98851000,84357,133564.87000000,10295456.66389000,0
1784037600000000,76.94000000,77.50000000,76.68000000,77.35000000,125652.70500000,1784041199999999,9674287.59040000,56585,72943.16000000,5616759.88777000,0
1784041200000000,77.35000000,77.95000000,77.18000000,77.38000000,163057.89600000,1784044799999999,12634808.48211000,54357,94743.84300000,7341546.18961000,0
1784044800000000,77.39000000,77.65000000,77.12000000,77.28000000,63318.69100000,1784048399999999,4900580.69484000,28639,33162.93000000,2566707.46381000,0
1784048400000000,77.29000000,77.30000000,76.81000000,77.18000000,60735.23800000,1784051999999999,4680008.24314000,24740,25261.66700000,1946411.97356000,0
1784052000000000,77.18000000,77.34000000,77.00000000,77.29000000,43864.27600000,1784055599999999,3385263.08999000,18408,22727.06400000,1754037.10251000,0
1784055600000000,77.30000000,77.53000000,77.11000000,77.17000000,50931.22200000,1784059199999999,3936600.80694000,19362,24029.82400000,1857277.01187000,0
1784059200000000,77.18000000,77.22000000,76.93000000,77.18000000,35902.24600000,1784062799999999,2765711.83456000,13915,14761.63100000,1137244.78594000,0
1784062800000000,77.18000000,77.41000000,77.13000000,77.21000000,39432.50400000,1784066399999999,3046786.55286000,12401,18605.68600000,1437651.87249000,0
1784066400000000,77.22000000,77.95000000,77.10000000,77.62000000,89696.17100000,1784069999999999,6960691.82510000,26026,53022.05000000,4114133.06447000,0
1784070000000000,77.63000000,77.92000000,77.55000000,77.87000000,50253.54000000,1784073599999999,3907343.11550000,17117,33230.72000000,2584124.08334000,0
1784073600000000,77.87000000,77.92000000,77.47000000,77.66000000,47671.99400000,1784077199999999,3703198.67443000,16767,21176.96600000,1645573.92390000,0
1784077200000000,77.67000000,77.82000000,77.28000000,77.44000000,61605.76700000,1784080799999999,4777420.92390000,22000,32533.15900000,2522867.41283000,0
1784080800000000,77.43000000,77.59000000,77.03000000,77.29000000,74804.37700000,1784084399999999,5777535.76708000,21443,37588.31800000,2902800.16327000,0
1784084400000000,77.30000000,77.90000000,77.23000000,77.78000000,47465.87800000,1784087999999999,3681215.37024000,16043,32673.53700000,2533926.51613000,0
1784088000000000,77.78000000,78.18000000,77.54000000,78.02000000,55833.13500000,1784091599999999,4350292.94786000,20703,33382.28400000,2601535.32623000,0
1784091600000000,78.02000000,78.33000000,77.65000000,78.26000000,75424.95300000,1784095199999999,5881126.46819000,30196,41625.19400000,3245849.53600000,0
1784095200000000,78.26000000,78.70000000,77.94000000,77.94000000,167363.77600000,1784098799999999,13113816.53843000,42049,85713.59800000,6715788.41264000,0
1784098800000000,77.95000000,78.01000000,77.40000000,77.42000000,54867.19800000,1784102399999999,4263011.15804000,20062,24833.61300000,1929024.27195000,0
1784102400000000,77.42000000,77.62000000,77.23000000,77.58000000,62008.64900000,1784105999999999,4801451.62373000,21028,37919.58300000,2936011.39553000,0
1784106000000000,77.57000000,77.91000000,77.43000000,77.49000000,38046.60900000,1784109599999999,2955366.03674000,11572,19556.11300000,1519252.92401000,0
1784109600000000,77.49000000,77.71000000,77.23000000,77.37000000,49120.59200000,1784113199999999,3802778.61084000,15304,26045.98300000,2016123.26931000,0
1784113200000000,77.37000000,77.53000000,77.34000000,77.52000000,37779.81300000,1784116799999999,2925664.28005000,11709,20759.75100000,1607640.86939000,0
1784116800000000,77.53000000,78.31000000,77.26000000,78.28000000,125652.33900000,1784120399999999,9779722.38428000,44286,77692.67600000,6047282.81706000,0
1784120400000000,78.28000000,79.04000000,77.71000000,78.11000000,253391.64100000,1784123999999999,19908696.97610000,101690,130687.83300000,10269745.54291000,0
1784124000000000,78.11000000,78.39000000,77.78000000,78.22000000,98123.19900000,1784127599999999,7663981.32707000,67541,54655.77300000,4269772.77554000,0
1784127600000000,78.22000000,78.25000000,77.76000000,78.07000000,100345.68900000,1784131199999999,7834078.33155000,39686,50718.98900000,3960415.48068000,0
1784131200000000,78.06000000,78.12000000,77.07000000,77.63000000,115744.44400000,1784134799999999,8976108.44890000,41146,63192.17900000,4900762.58677000,0
1784134800000000,77.63000000,78.05000000,77.50000000,77.82000000,63500.61300000,1784138399999999,4936894.25757000,21928,31790.76100000,2471736.99089000,0
1784138400000000,77.82000000,78.09000000,77.51000000,77.58000000,47315.92400000,1784141999999999,3685238.79569000,18572,27596.31600000,2149734.82887000,0
1784142000000000,77.59000000,77.69000000,76.94000000,77.18000000,82691.57500000,1784145599999999,6389189.83294000,29994,47346.30400000,3658332.46900000,0
1784145600000000,77.18000000,77.54000000,77.10000000,77.38000000,30726.91800000,1784149199999999,2376256.86458000,11496,17892.66300000,1383780.83364000,0
1784149200000000,77.38000000,77.52000000,77.24000000,77.41000000,32917.94100000,1784152799999999,2546688.59475000,13830,18821.77800000,1456181.33512000,0
1784152800000000,77.41000000,77.74000000,77.30000000,77.48000000,36814.47100000,1784156399999999,2854577.71599000,12784,18740.16600000,1453023.94567000,0
1784156400000000,77.48000000,77.61000000,77.21000000,77.29000000,30174.09300000,1784159999999999,2335550.61066000,9755,13755.63800000,1064624.36824000,0
1784160000000000,77.28000000,77.48000000,76.70000000,76.95000000,65093.46600000,1784163599999999,5015095.22024000,21303,28001.04000000,2157843.71694000,0
1784163600000000,76.94000000,77.15000000,76.70000000,77.09000000,64948.07400000,1784167199999999,4997672.88844000,20584,31948.17700000,2458605.88825000,0
1784167200000000,77.09000000,77.15000000,76.86000000,77.13000000,28369.74400000,1784170799999999,2185228.12196000,9171,14641.05700000,1127749.03893000,0
1784170800000000,77.13000000,77.28000000,76.81000000,76.95000000,53232.30300000,1784174399999999,4100873.88286000,12093,19622.20400000,1511309.94759000,0
1784174400000000,76.95000000,77.02000000,76.59000000,76.81000000,56859.37500000,1784177999999999,4368019.47884000,12778,24566.32400000,1887023.07998000,0
1784178000000000,76.82000000,77.52000000,76.74000000,77.48000000,66397.32100000,1784181599999999,5131100.97282000,21206,32095.67100000,2479843.77128000,0
1784181600000000,77.49000000,77.64000000,77.12000000,77.35000000,54368.90600000,1784185199999999,4209243.68973000,18167,22312.86000000,1727428.46803000,0
1784185200000000,77.35000000,77.35000000,76.14000000,76.41000000,156919.38000000,1784188799999999,12002310.14409000,30672,80910.13000000,6185831.29349000,0
1784188800000000,76.42000000,76.48000000,75.64000000,76.16000000,169472.80400000,1784192399999999,12883837.79326000,42047,73758.73700000,5609463.92606000,0
1784192400000000,76.16000000,76.26000000,75.99000000,76.02000000,55355.61800000,1784195999999999,4213153.18094000,19243,32258.94800000,2455079.60483000,0
1784196000000000,76.03000000,76.35000000,76.01000000,76.21000000,26069.46000000,1784199599999999,1986445.33378000,11567,13239.50200000,1008788.63418000,0
1784199600000000,76.21000000,76.29000000,76.04000000,76.28000000,43120.89600000,1784203199999999,3284046.15311000,19429,21672.23000000,1650671.54769000,0
1784203200000000,76.27000000,76.29000000,75.69000000,75.93000000,82239.06300000,1784206799999999,6251808.88974000,26817,46210.84300000,3514229.97311000,0
1784206800000000,75.92000000,76.63000000,75.91000000,76.36000000,86343.70800000,1784210399999999,6590280.59158000,34045,45242.88500000,3453121.92283000,0
1784210400000000,76.36000000,76.80000000,76.19000000,76.49000000,66142.58600000,1784213999999999,5063104.33229000,37332,36102.78700000,2764085.32826000,0
1784214000000000,76.50000000,76.86000000,76.00000000,76.63000000,63718.35400000,1784217599999999,4874484.46267000,34019,32897.29600000,2516689.50872000,0
1784217600000000,76.63000000,76.63000000,76.10000000,76.27000000,41365.78300000,1784221199999999,3157761.07161000,27921,19651.43100000,1500208.43355000,0
1784221200000000,76.27000000,76.27000000,75.39000000,75.61000000,90894.28800000,1784224799999999,6892710.71930000,29197,42776.28200000,3243752.05036000,0
1784224800000000,75.62000000,75.92000000,75.43000000,75.74000000,61014.12000000,1784228399999999,4618938.76706000,22253,31255.66900000,2365736.63402000,0
1784228400000000,75.73000000,75.94000000,75.62000000,75.81000000,40538.51800000,1784231999999999,3073165.66881000,16765,20325.52100000,1540847.19090000,0
1784232000000000,75.80000000,75.90000000,75.70000000,75.80000000,19713.70100000,1784235599999999,1494411.71324000,9449,10768.26200000,816325.16004000,0
1784235600000000,75.79000000,76.08000000,75.77000000,75.94000000,24126.56500000,1784239199999999,1832551.67630000,9093,13273.87300000,1008142.29050000,0
1784239200000000,75.95000000,76.04000000,75.24000000,75.32000000,38814.83800000,1784242799999999,2934085.50407000,14513,17510.82300000,1323849.88983000,0
1784242800000000,75.32000000,75.42000000,75.01000000,75.32000000,70335.80700000,1784246399999999,5289835.01447000,25797,27622.99100000,2077708.19839000,0
1784246400000000,75.33000000,75.56000000,74.92000000,75.55000000,61959.45300000,1784249999999999,4663546.28352000,21137,24469.89700000,1842749.07256000,0
1784250000000000,75.56000000,75.75000000,74.98000000,75.10000000,53980.09400000,1784253599999999,4071278.73184000,21747,26051.41600000,1965656.56803000,0
1784253600000000,75.09000000,75.28000000,74.75000000,75.00000000,60917.52000000,1784257199999999,4568593.55195000,23648,26184.23400000,1964018.88555000,0
1784257200000000,75.00000000,75.45000000,74.99000000,75.23000000,28547.11000000,1784260799999999,2149235.44508000,13746,15047.76700000,1133049.43724000,0
1784260800000000,75.23000000,75.34000000,74.75000000,75.24000000,57934.70000000,1784264399999999,4348876.54883000,16945,27739.78200000,2083257.20569000,0
1784264400000000,75.23000000,75.23000000,74.29000000,74.40000000,76026.50000000,1784267999999999,5676799.10145000,26401,29698.51100000,2217042.52067000,0
1784268000000000,74.39000000,74.77000000,74.31000000,74.60000000,48343.23100000,1784271599999999,3606052.60251000,20894,24243.08200000,1808435.12594000,0
1784271600000000,74.60000000,74.76000000,74.42000000,74.61000000,53882.31600000,1784275199999999,4019109.94893000,17772,26602.16000000,1984115.64899000,0
1784275200000000,74.62000000,74.69000000,74.20000000,74.53000000,57543.24000000,1784278799999999,4285464.44475000,20305,22715.17400000,1692283.63790000,0
1784278800000000,74.53000000,74.82000000,74.47000000,74.65000000,28292.69700000,1784282399999999,2111934.62339000,12396,19073.36700000,1423845.33946000,0
1784282400000000,74.66000000,74.88000000,74.63000000,74.80000000,38575.96100000,1784285999999999,2884564.14870000,14768,22276.05600000,1665861.46917000,0
1784286000000000,74.80000000,75.00000000,74.64000000,74.86000000,41451.53400000,1784289599999999,3102581.56311000,12930,23496.99700000,1758826.85868000,0
1784289600000000,74.86000000,74.88000000,74.37000000,74.40000000,48894.81500000,1784293199999999,3647456.04743000,15512,23267.12700000,1735554.20130000,0
1784293200000000,74.40000000,74.40000000,73.39000000,74.33000000,211034.55400000,1784296799999999,15579354.13493000,76953,95707.74700000,7065310.15140000,0
1784296800000000,74.34000000,74.81000000,74.09000000,74.32000000,112199.42700000,1784300399999999,8353784.85700000,55786,61560.76600000,4583667.82936000,0
1784300400000000,74.32000000,74.78000000,73.80000000,74.77000000,79182.48200000,1784303999999999,5880702.01054000,40285,46172.97500000,3429591.47111000,0
1784304000000000,74.78000000,75.12000000,74.61000000,74.94000000,68877.71100000,1784307599999999,5155862.70680000,31199,34363.98300000,2572514.96110000,0
1784307600000000,74.95000000,75.60000000,74.95000000,75.24000000,62078.65900000,1784311199999999,4675676.77833000,29433,34523.27600000,2599993.33854000,0
1784311200000000,75.24000000,75.41000000,74.98000000,75.32000000,34049.59900000,1784314799999999,2559791.92221000,21814,17514.99400000,1316708.49922000,0
1784314800000000,75.32000000,75.37000000,74.86000000,75.20000000,38983.10600000,1784318399999999,2928620.45496000,19646,21135.47400000,1587738.02592000,0
1784318400000000,75.20000000,75.21000000,74.89000000,75.11000000,32625.44200000,1784321999999999,2448577.03771000,13390,19727.95800000,1480750.20423000,0
1784322000000000,75.11000000,75.24000000,74.96000000,75.01000000,26405.71600000,1784325599999999,1982688.55994000,9932,16010.85100000,1202423.93543000,0
1784325600000000,75.01000000,75.13000000,74.84000000,75.02000000,19069.92000000,1784329199999999,1429625.35288000,10469,8750.39900000,655983.08216000,0
1784329200000000,75.03000000,75.14000000,74.85000000,75.04000000,20637.28800000,1784332799999999,1547526.64393000,6456,10629.06400000,797115.94815000,0
1784332800000000,75.04000000,75.27000000,74.99000000,75.09000000,20031.21400000,1784336399999999,1504808.33301000,7309,11039.17600000,829463.28328000,0
1784336400000000,75.10000000,75.24000000,75.04000000,75.23000000,21660.39600000,1784339999999999,1627317.75499000,6490,13198.40200000,991830.05989000,0
1784340000000000,75.23000000,75.45000000,75.15000000,75.21000000,27213.66600000,1784343599999999,2049387.89821000,9340,18871.22000000,1421255.32443000,0
1784343600000000,75.21000000,75.38000000,75.14000000,75.38000000,17634.65900000,1784347199999999,1326771.87924000,7059,10232.88100000,769921.72325000,0
1784347200000000,75.37000000,75.39000000,75.05000000,75.10000000,18664.41300000,1784350799999999,1403178.78459000,5729,10991.75000000,826316.40175000,0
1784350800000000,75.11000000,75.12000000,74.87000000,74.92000000,26531.73600000,1784354399999999,1989730.76811000,13521,14654.64800000,1099016.15469000,0
1784354400000000,74.93000000,75.09000000,74.92000000,74.98000000,14717.25300000,1784357999999999,1104002.69801000,6354,9234.77700000,692797.33690000,0
1784358000000000,74.98000000,75.05000000,74.90000000,74.97000000,25960.21900000,1784361599999999,1945894.01363000,6050,14890.59500000,1116096.10296000,0
1784361600000000,74.97000000,75.04000000,74.79000000,74.96000000,25244.00400000,1784365199999999,1891742.17394000,7490,16246.31300000,1217598.50048000,0
1784365200000000,74.96000000,75.01000000,74.66000000,74.85000000,27390.79000000,1784368799999999,2048976.86152000,8048,12591.24100000,942053.56929000,0
1784368800000000,74.84000000,74.95000000,74.80000000,74.91000000,18490.98700000,1784372399999999,1384423.50890000,5743,11611.89300000,869433.88615000,0
1784372400000000,74.91000000,75.02000000,74.89000000,74.97000000,15168.53300000,1784375999999999,1136963.39432000,4738,7785.07300000,583546.10762000,0
1784376000000000,74.96000000,75.19000000,74.72000000,75.01000000,28522.92500000,1784379599999999,2137652.63931000,10882,15269.60000000,1144657.49261000,0
1784379600000000,75.00000000,75.01000000,74.50000000,74.73000000,47164.34800000,1784383199999999,3523845.08429000,19836,28605.52800000,2136870.90637000,0
1784383200000000,74.73000000,75.01000000,74.65000000,74.98000000,24448.01600000,1784386799999999,1829372.38599000,11500,14022.34100000,1049151.86576000,0
1784386800000000,74.99000000,75.04000000,74.81000000,74.97000000,19994.63000000,1784390399999999,1498351.40758000,8995,8417.38400000,630781.80154000,0
1784390400000000,74.96000000,75.29000000,74.84000000,75.17000000,50772.55900000,1784393999999999,3813135.35613000,23113,17870.94300000,1342387.65467000,0
1784394000000000,75.17000000,75.41000000,75.06000000,75.35000000,51531.41600000,1784397599999999,3877234.30236000,26046,19093.17500000,1436805.48456000,0
1784397600000000,75.36000000,75.67000000,75.18000000,75.29000000,60282.56800000,1784401199999999,4543106.02197000,21192,26310.67700000,1983474.27454000,0
1784401200000000,75.28000000,75.45000000,75.23000000,75.44000000,15936.11200000,1784404799999999,1200566.58475000,9188,7398.63500000,557428.26365000,0
1784404800000000,75.45000000,75.58000000,75.34000000,75.47000000,21091.68100000,1784408399999999,1591538.65160000,8390,11584.69300000,874393.55797000,0
1784408400000000,75.47000000,75.64000000,75.35000000,75.49000000,26048.57800000,1784411999999999,1966674.14168000,8767,14038.34400000,1060042.14691000,0
1784412000000000,75.48000000,75.61000000,75.39000000,75.57000000,30048.33400000,1784415599999999,2269572.79763000,8115,21049.42500000,1590099.09571000,0
1784415600000000,75.57000000,75.60000000,75.40000000,75.52000000,16462.65800000,1784419199999999,1243097.19359000,5639,9856.04300000,744196.54396000,0
1784419200000000,75.53000000,75.68000000,75.45000000,75.63000000,27362.28800000,1784422799999999,2067067.82453000,6761,19179.57000000,1448988.58409000,0
1784422800000000,75.64000000,75.74000000,75.51000000,75.68000000,78324.54200000,1784426399999999,5922220.00115000,9029,36323.91500000,2746257.04578000,0
1784426400000000,75.68000000,76.57000000,75.67000000,76.21000000,114697.43800000,1784429999999999,8738539.96255000,31919,61822.01300000,4708665.83729000,0
1784430000000000,76.20000000,76.45000000,75.81000000,75.96000000,43953.32500000,1784433599999999,3340936.28682000,13107,20235.63100000,1537909.58391000,0
1784433600000000,75.95000000,76.08000000,75.74000000,76.00000000,29404.94000000,1784437199999999,2232107.94163000,8588,14157.09100000,1074734.89307000,0
1784437200000000,76.01000000,76.10000000,75.90000000,75.97000000,21801.01900000,1784440799999999,1656716.21884000,5648,12894.60900000,979855.44424000,0
1784440800000000,75.98000000,76.17000000,75.95000000,76.11000000,80281.40500000,1784444399999999,6105655.56498000,8825,38616.85600000,2936899.70884000,0
1784444400000000,76.12000000,76.34000000,76.01000000,76.14000000,72095.72100000,1784447999999999,5491755.91612000,9164,40016.34000000,3048394.50786000,0
1784448000000000,76.14000000,76.38000000,76.08000000,76.28000000,57040.77900000,1784451599999999,4348813.83753000,9716,29664.04000000,2261465.74992000,0
1784451600000000,76.28000000,76.31000000,75.93000000,75.99000000,33880.78600000,1784455199999999,2578314.18961000,7759,16444.78800000,1251445.84910000,0
1784455200000000,75.99000000,76.53000000,75.90000000,76.26000000,35511.58700000,1784458799999999,2706395.84069000,10377,21691.95800000,1653424.15231000,0
1784458800000000,76.26000000,76.41000000,76.04000000,76.06000000,45535.16200000,1784462399999999,3470732.04962000,10532,23133.28300000,1763455.13875000,0
1784462400000000,76.07000000,76.18000000,75.76000000,76.01000000,60224.90000000,1784465999999999,4575806.10025000,18726,30893.18900000,2347199.58905000,0
1784466000000000,76.02000000,76.15000000,75.88000000,76.12000000,34585.47700000,1784469599999999,2628318.77958000,13120,18169.87300000,1380807.30288000,0
1784469600000000,76.12000000,76.70000000,76.05000000,76.43000000,57378.97700000,1784473199999999,4383665.45143000,16992,32908.08000000,2513852.28011000,0
1784473200000000,76.43000000,76.48000000,76.08000000,76.21000000,32607.67000000,1784476799999999,2486479.69356000,11980,15432.28000000,1176736.72559000,0
1784476800000000,76.22000000,76.29000000,75.87000000,75.92000000,31299.01400000,1784480399999999,2380125.23786000,12601,13224.63400000,1005684.14087000,0
1784480400000000,75.92000000,76.23000000,75.59000000,75.97000000,64127.53100000,1784483999999999,4870786.89929000,18873,31588.88700000,2400490.96052000,0
1784484000000000,75.96000000,75.98000000,75.37000000,75.75000000,56509.70200000,1784487599999999,4272666.30281000,19754,22792.75100000,1723774.73376000,0
1784487600000000,75.76000000,75.89000000,75.63000000,75.88000000,25324.55000000,1784491199999999,1919561.00987000,9664,12069.21800000,914879.36658000,0
1784491200000000,75.89000000,76.15000000,75.87000000,76.14000000,27280.97300000,1784494799999999,2072732.46582000,8345,12561.14100000,954309.07767000,0
1784494800000000,76.14000000,76.24000000,75.71000000,75.78000000,34537.46500000,1784498399999999,2624629.63662000,11124,15897.81000000,1208003.91247000,0
1784498400000000,75.78000000,76.42000000,75.63000000,76.10000000,60392.25900000,1784501999999999,4595556.75289000,29857,28163.90100000,2142264.04443000,0
1784502000000000,76.10000000,76.57000000,75.88000000,76.38000000,52752.93600000,1784505599999999,4023571.44761000,19705,27863.87000000,2125055.08525000,0
1784505600000000,76.38000000,77.12000000,76.13000000,76.57000000,142220.37500000,1784509199999999,10915227.39920000,48457,77170.79800000,5922731.17597000,0
1784509200000000,76.57000000,77.40000000,76.29000000,76.39000000,94828.46300000,1784512799999999,7287095.37413000,45309,48427.76100000,3721439.43336000,0
1784512800000000,76.39000000,77.20000000,76.37000000,76.98000000,57997.61900000,1784516399999999,4454955.76149000,36228,30149.67700000,2315048.00657000,0
1784516400000000,76.98000000,77.09000000,76.54000000,76.76000000,35865.16300000,1784519999999999,2754615.31127000,23048,20562.28800000,1579364.25294000,0
1784520000000000,76.76000000,76.95000000,76.30000000,76.46000000,41790.90900000,1784523599999999,3202708.53036000,21133,19422.84200000,1488761.07083000,0
1784523600000000,76.46000000,76.50000000,75.78000000,75.92000000,76866.31900000,1784527199999999,5842719.26606000,34033,31982.37800000,2432052.52419000,0
1784527200000000,75.93000000,76.05000000,75.50000000,75.64000000,78138.12700000,1784530799999999,5922449.09746000,30698,29879.33700000,2265199.74975000,0
1784530800000000,75.64000000,76.25000000,75.54000000,76.22000000,57291.58700000,1784534399999999,4347711.78005000,19615,23286.85100000,1767207.45945000,0
1784534400000000,76.22000000,76.44000000,75.90000000,76.15000000,73433.35900000,1784537999999999,5592498.40591000,22686,29737.45000000,2264231.64609000,0
1784538000000000,76.16000000,76.75000000,76.08000000,76.47000000,64685.31000000,1784541599999999,4950409.64095000,17507,34672.61600000,2653993.81858000,0
1784541600000000,76.47000000,76.69000000,76.34000000,76.34000000,32489.46800000,1784545199999999,2484619.51824000,11998,16327.38900000,1248801.67888000,0
1784545200000000,76.35000000,77.24000000,76.31000000,77.14000000,112096.92400000,1784548799999999,8616306.81222000,34223,58299.18200000,4479739.06496000,0
1784548800000000,77.14000000,77.15000000,76.67000000,76.75000000,67140.68500000,1784552399999999,5160363.95391000,23370,34041.80100000,2616077.72509000,0
1784552400000000,76.75000000,77.14000000,76.14000000,76.29000000,91294.78500000,1784555999999999,6998429.65702000,39235,40099.93800000,3075160.09516000,0
1784556000000000,76.29000000,76.47000000,75.79000000,76.15000000,111307.29800000,1784559599999999,8480450.38926000,49554,58982.43500000,4494349.59411000,0
1784559600000000,76.16000000,77.92000000,76.11000000,77.76000000,195124.76200000,1784563199999999,15079372.91882000,56163,117918.23000000,9114455.72885000,0
1784563200000000,77.77000000,77.88000000,77.45000000,77.66000000,94822.62400000,1784566799999999,7364160.87441000,31622,39019.54600000,3030523.95923000,0
1784566800000000,77.66000000,77.91000000,77.36000000,77.74000000,65988.75700000,1784570399999999,5122530.33442000,20842,32710.63000000,2539679.79935000,0
1784570400000000,77.75000000,78.38000000,77.60000000,77.67000000,141524.46800000,1784573999999999,11041247.16496000,34218,77037.63600000,6010599.18354000,0
1784574000000000,77.66000000,77.73000000,77.29000000,77.63000000,87186.55300000,1784577599999999,6760290.96355000,24454,45544.27800000,3531524.62069000,0
1784577600000000,77.64000000,78.05000000,77.54000000,77.88000000,46134.85800000,1784581199999999,3591980.08285000,15317,28672.83300000,2233434.36683000,0
1784581200000000,77.88000000,78.03000000,77.74000000,77.74000000,44662.49600000,1784584799999999,3480228.48578000,12297,16446.82400000,1281518.21535000,0
1784584800000000,77.74000000,77.84000000,77.44000000,77.44000000,31402.73200000,1784588399999999,2437118.98640000,12619,12655.80800000,982166.08205000,0
1784588400000000,77.44000000,77.89000000,77.43000000,77.85000000,22907.21000000,1784591999999999,1780077.22423000,9881,11751.40500000,913105.15203000,0
1784592000000000,77.85000000,78.29000000,77.75000000,78.12000000,41708.87700000,1784595599999999,3254387.91868000,19380,21906.18200000,1709782.74920000,0
1784595600000000,78.11000000,78.22000000,77.83000000,77.84000000,36842.28300000,1784599199999999,2873726.30489000,13633,17324.63100000,1351421.40575000,0
1784599200000000,77.84000000,78.25000000,77.66000000,78.02000000,24413.71600000,1784602799999999,1902158.57737000,12681,13583.79600000,1058534.76972000,0
1784602800000000,78.03000000,78.55000000,78.02000000,78.19000000,56817.03800000,1784606399999999,4448790.72636000,18384,29650.66100000,2321734.68901000,0
1784606400000000,78.20000000,78.39000000,78.02000000,78.13000000,59952.52800000,1784609999999999,4685263.49192000,15420,30824.20700000,2408708.58830000,0
1784610000000000,78.12000000,78.67000000,78.11000000,78.45000000,53244.59200000,1784613599999999,4173046.16076000,17495,30153.05300000,2363084.73130000,0
1784613600000000,78.46000000,78.88000000,78.30000000,78.67000000,76914.70300000,1784617199999999,6047059.23475000,21355,44917.71400000,3531717.33203000,0
1784617200000000,78.67000000,78.75000000,78.48000000,78.56000000,63730.42800000,1784620799999999,5009812.60263000,16385,34364.65000000,2701603.14669000,0
1784620800000000,78.57000000,78.75000000,78.34000000,78.36000000,80898.65400000,1784624399999999,6350317.40236000,19543,38682.31600000,3036680.70351000,0
1784624400000000,78.37000000,78.51000000,78.15000000,78.43000000,54285.50900000,1784627999999999,4250976.39753000,14073,29882.23100000,2340184.83462000,0
1784628000000000,78.43000000,78.49000000,78.07000000,78.22000000,53365.37100000,1784631599999999,4180446.88362000,13810,28400.68900000,2225021.59340000,0
1784631600000000,78.22000000,78.43000000,78.10000000,78.36000000,49535.42100000,1784635199999999,3874836.10029000,10829,22383.99600000,1751239.01879000,0
1784635200000000,78.36000000,78.55000000,78.27000000,78.52000000,48335.76900000,1784638799999999,3790108.26875000,15402,25252.98300000,1980468.36917000,0
1784638800000000,78.53000000,78.64000000,78.21000000,78.58000000,66463.22900000,1784642399999999,5213491.76774000,25043,28822.21500000,2260770.54493000,0
1784642400000000,78.58000000,78.64000000,77.90000000,78.00000000,130101.20800000,1784645999999999,10182268.07275000,32389,65079.58000000,5093428.96366000,0
1784646000000000,78.01000000,78.16000000,77.79000000,78.14000000,80428.60100000,1784649599999999,6269814.87591000,23793,41997.93600000,3274247.13891000,0
1784649600000000,78.15000000,78.25000000,77.97000000,78.19000000,38634.78600000,1784653199999999,3017718.79608000,14460,17058.46400000,1332501.98623000,0
1784653200000000,78.20000000,78.24000000,77.42000000,77.72000000,70521.68000000,1784656799999999,5484416.95824000,23511,30301.70100000,2356302.74442000,0
1784656800000000,77.72000000,78.00000000,77.60000000,77.85000000,30551.99000000,1784660399999999,2378235.19965000,13547,13512.25800000,1052126.85753000,0
1784660400000000,77.86000000,78.00000000,77.71000000,77.87000000,46450.92600000,1784663999999999,3616318.69009000,15208,23792.08800000,1852087.01239000,0
1784664000000000,77.86000000,78.11000000,77.80000000,77.91000000,31742.75100000,1784667599999999,2474212.43304000,9067,11310.57600000,881670.55798000,0
1784667600000000,77.90000000,78.14000000,77.80000000,78.05000000,38934.84900000,1784671199999999,3037765.78792000,12186,19642.18100000,1532610.61562000,0
1784671200000000,78.04000000,78.06000000,77.85000000,78.00000000,23978.20000000,1784674799999999,1869861.48578000,9996,11392.62600000,888401.47056000,0
1784674800000000,77.99000000,78.20000000,77.81000000,78.12000000,25708.21100000,1784678399999999,2005420.10938000,8232,11364.67000000,886338.65996000,0
1784678400000000,78.13000000,78.59000000,78.11000000,78.46000000,51416.65800000,1784681999999999,4033110.91138000,17754,24013.44600000,1883339.47864000,0
1784682000000000,78.45000000,78.52000000,78.15000000,78.34000000,40447.47100000,1784685599999999,3169833.63225000,14577,22643.60400000,1774763.63223000,0
1784685600000000,78.35000000,78.51000000,78.09000000,78.13000000,33521.62800000,1784689199999999,2624517.65390000,14015,18079.61300000,1415646.59023000,0
1784689200000000,78.12000000,78.24000000,77.81000000,77.87000000,29868.79100000,1784692799999999,2331227.03979000,12907,12604.58900000,983896.15570000,0
1784692800000000,77.87000000,78.23000000,77.83000000,78.06000000,78686.96400000,1784696399999999,6145846.03565000,14423,40741.86500000,3181925.01521000,0
1784696400000000,78.06000000,78.08000000,77.41000000,77.43000000,84324.56500000,1784699999999999,6552031.77543000,19273,37235.71800000,2893349.60087000,0
1784700000000000,77.43000000,77.50000000,77.01000000,77.29000000,80790.30600000,1784703599999999,6239692.22773000,21912,40372.83500000,3118250.33145000,0
1784703600000000,77.30000000,77.32000000,77.00000000,77.10000000,49497.98000000,1784707199999999,3818960.77664000,15211,21026.50000000,1622607.84622000,0
1784707200000000,77.11000000,77.52000000,77.06000000,77.43000000,49938.79900000,1784710799999999,3860008.81678000,13321,22947.66100000,1773460.12634000,0
1784710800000000,77.43000000,77.59000000,77.29000000,77.55000000,43825.04500000,1784714399999999,3393097.04831000,11879,24320.58100000,1883030.16834000,0
1784714400000000,77.56000000,77.74000000,77.45000000,77.68000000,53474.89400000,1784717999999999,4147920.53255000,10267,26880.50100000,2085129.53917000,0
1784718000000000,77.68000000,77.82000000,77.48000000,77.56000000,56884.38300000,1784721599999999,4417081.52039000,11441,29236.81700000,2270270.15490000,0
1784721600000000,77.56000000,77.57000000,77.02000000,77.24000000,57718.29000000,1784725199999999,4458452.00342000,17323,27859.76500000,2151726.13483000,0
1784725200000000,77.24000000,77.95000000,77.14000000,77.87000000,96044.93800000,1784728799999999,7456701.55655000,29148,58649.27900000,4553768.53756000,0
1784728800000000,77.87000000,78.47000000,77.40000000,77.90000000,99355.58300000,1784732399999999,7740998.40258000,43427,59714.41400000,4654311.24540000,0
1784732400000000,77.90000000,78.85000000,77.90000000,78.47000000,120444.67400000,1784735999999999,9455466.54922000,50764,55065.93300000,4320766.27164000,0
1784736000000000,78.46000000,78.81000000,78.10000000,78.58000000,76423.85200000,1784739599999999,5998701.51846000,31723,33064.18600000,2595465.28410000,0
1784739600000000,78.57000000,78.65000000,78.15000000,78.21000000,46544.13600000,1784743199999999,3648646.67700000,22121,24016.75900000,1882762.68061000,0
1784743200000000,78.22000000,78.29000000,77.46000000,77.74000000,73601.43600000,1784746799999999,5723153.24759000,33756,42461.12400000,3300964.98278000,0
1784746800000000,77.75000000,77.81000000,77.31000000,77.66000000,50840.72100000,1784750399999999,3944388.89578000,20614,23203.89900000,1800486.64225000,0
1784750400000000,77.66000000,77.96000000,77.58000000,77.80000000,38686.56100000,1784753999999999,3008147.07677000,19917,19441.49300000,1511638.85079000,0
1784754000000000,77.80000000,78.08000000,77.68000000,78.02000000,24815.50600000,1784757599999999,1933321.28287000,14938,12165.95000000,947831.76084000,0
1784757600000000,78.02000000,78.12000000,77.70000000,78.01000000,57888.02300000,1784761199999999,4513580.61104000,20890,27410.16800000,2137246.12939000,0
1784761200000000,78.01000000,78.03000000,77.50000000,77.97000000,29610.96900000,1784764799999999,2302235.56512000,15691,11339.62800000,881570.60691000,0
1784764800000000,77.97000000,78.54000000,77.97000000,78.27000000,81695.10100000,1784768399999999,6400345.12701000,36030,30200.90900000,2365353.06041000,0
1784768400000000,78.27000000,78.41000000,77.87000000,77.90000000,36815.18400000,1784771999999999,2875116.91781000,19942,16450.21200000,1284362.44937000,0
1784772000000000,77.90000000,77.90000000,77.40000000,77.76000000,58028.58800000,1784775599999999,4504982.35482000,28628,39403.58500000,3059038.81708000,0
1784775600000000,77.76000000,77.79000000,77.47000000,77.60000000,24067.66400000,1784779199999999,1867953.91984000,11915,11258.85200000,873842.40689000,0
1784779200000000,77.60000000,77.83000000,77.38000000,77.53000000,50125.41100000,1784782799999999,3889643.71771000,12221,20515.93100000,1592666.20147000,0
1784782800000000,77.53000000,77.72000000,77.40000000,77.53000000,31751.76400000,1784786399999999,2461408.10966000,9351,14187.74300000,1099865.34107000,0
1784786400000000,77.53000000,77.59000000,77.37000000,77.57000000,41875.87700000,1784789999999999,3243799.46014000,8922,16854.40700000,1306079.58310000,0
1784790000000000,77.58000000,77.58000000,77.04000000,77.16000000,80186.86000000,1784793599999999,6188918.33662000,20079,32972.29400000,2544557.81492000,0
1784793600000000,77.16000000,77.50000000,77.11000000,77.47000000,28996.01000000,1784797199999999,2242343.29208000,9774,17081.82500000,1320810.52194000,0
1784797200000000,77.47000000,77.65000000,77.40000000,77.49000000,28715.22300000,1784800799999999,2227152.98866000,9706,15489.45800000,1201431.04380000,0
1784800800000000,77.49000000,77.81000000,77.43000000,77.74000000,27480.23300000,1784804399999999,2134718.95965000,8847,16214.23300000,1259332.73639000,0
1784804400000000,77.75000000,77.87000000,77.57000000,77.67000000,54206.68800000,1784807999999999,4213121.32307000,12419,22825.16000000,1773904.43227000,0
1784808000000000,77.67000000,77.74000000,76.50000000,76.94000000,145824.70300000,1784811599999999,11234257.59442000,44217,59599.48900000,4592057.04988000,0
1784811600000000,76.94000000,77.05000000,76.57000000,76.70000000,106880.04900000,1784815199999999,8211159.75883000,48887,57059.59400000,4384314.95235000,0
1784815200000000,76.70000000,76.89000000,76.34000000,76.43000000,74047.13500000,1784818799999999,5675206.56062000,33598,33508.40900000,2568324.10033000,0
1784818800000000,76.44000000,76.45000000,75.86000000,76.39000000,115003.15000000,1784822399999999,8760133.66617000,38391,58925.88700000,4488879.53648000,0
1784822400000000,76.39000000,76.39000000,75.83000000,76.01000000,53233.21200000,1784825999999999,4050113.42400000,20198,24589.73100000,1870777.77969000,0
1784826000000000,76.00000000,76.17000000,75.47000000,75.65000000,61167.22700000,1784829599999999,4639345.14103000,22138,24937.48600000,1891725.71009000,0
1784829600000000,75.65000000,75.85000000,75.56000000,75.81000000,38326.21100000,1784833199999999,2902682.00117000,16987,17242.26300000,1305846.95881000,0
1784833200000000,75.81000000,75.85000000,75.43000000,75.75000000,46737.96100000,1784836799999999,3536134.60817000,16335,23213.93900000,1756025.57582000,0
1784836800000000,75.74000000,76.18000000,75.71000000,76.12000000,30168.21600000,1784840399999999,2294235.39215000,10546,17946.24400000,1364723.63955000,0
1784840400000000,76.12000000,76.28000000,75.92000000,76.05000000,39843.91900000,1784843999999999,3031186.88707000,11475,23391.64700000,1779654.58095000,0
1784844000000000,76.05000000,76.25000000,75.86000000,76.19000000,36336.12200000,1784847599999999,2764307.99433000,12477,19419.27600000,1477583.65594000,0
1784847600000000,76.19000000,76.26000000,75.87000000,75.88000000,55139.41800000,1784851199999999,4196252.08307000,11141,28532.80000000,2172253.77313000,0
1784851200000000,75.88000000,75.90000000,75.53000000,75.82000000,43222.25500000,1784854799999999,3274101.14948000,18361,21725.54700000,1645825.35994000,0
1784854800000000,75.83000000,76.13000000,75.66000000,75.70000000,42561.10100000,1784858399999999,3230472.75089000,16195,21613.08600000,1640385.74371000,0
1784858400000000,75.70000000,75.92000000,75.30000000,75.53000000,46804.63400000,1784861999999999,3538660.15005000,16890,23174.97300000,1752547.81387000,0
1784862000000000,75.54000000,75.96000000,75.48000000,75.83000000,37385.31400000,1784865599999999,2834409.25028000,14404,18591.06000000,1409499.68637000,0
1784865600000000,75.84000000,75.86000000,75.60000000,75.66000000,24433.56800000,1784869199999999,1850452.19273000,8689,12160.82600000,920943.79238000,0
1784869200000000,75.66000000,75.92000000,75.59000000,75.80000000,41435.77100000,1784872799999999,3140394.59713000,9759,19849.26700000,1504174.21701000,0
1784872800000000,75.80000000,76.02000000,75.73000000,75.85000000,26210.68300000,1784876399999999,1988280.26079000,8464,15415.24800000,1169332.51880000,0
1784876400000000,75.85000000,76.45000000,75.78000000,76.07000000,63913.67600000,1784879999999999,4865982.84412000,22174,27234.45700000,2073859.85631000,0
1784880000000000,76.08000000,76.11000000,75.71000000,75.78000000,44069.01800000,1784883599999999,3344447.90864000,10018,19524.88000000,1482410.60451000,0
1784883600000000,75.78000000,75.83000000,75.36000000,75.62000000,97113.03400000,1784887199999999,7339026.85680000,18486,31516.56400000,2381800.86606000,0
1784887200000000,75.62000000,75.65000000,75.38000000,75.49000000,43053.33200000,1784890799999999,3251219.44833000,11374,17669.20400000,1334348.31419000,0
1784890800000000,75.49000000,75.51000000,74.97000000,75.20000000,76788.06100000,1784894399999999,5773226.14455000,21657,38592.32700000,2902263.89348000,0
1784894400000000,75.20000000,75.30000000,74.81000000,74.86000000,49301.95600000,1784897999999999,3701809.77702000,15259,26625.75800000,1999288.00494000,0
1784898000000000,74.86000000,74.93000000,73.99000000,74.22000000,176220.18300000,1784901599999999,13116088.29316000,51739,77104.59000000,5739612.49114000,0
1784901600000000,74.21000000,74.27000000,73.61000000,74.03000000,134189.48200000,1784905199999999,9918364.10944000,42362,79122.87800000,5849361.33875000,0
1784905200000000,74.03000000,74.30000000,73.69000000,74.04000000,112269.24200000,1784908799999999,8316576.55829000,29157,65197.54600000,4829583.77895000,0
1784908800000000,74.04000000,74.22000000,73.71000000,73.90000000,78505.92900000,1784912399999999,5809570.93728000,17184,45671.34200000,3380251.79309000,0
1784912400000000,73.90000000,74.15000000,73.86000000,74.05000000,57279.45100000,1784915999999999,4238798.54995000,12931,27504.07900000,2035297.06329000,0
1784916000000000,74.04000000,74.08000000,73.90000000,73.98000000,30109.60500000,1784919599999999,2228168.12981000,10347,15674.01200000,1159899.21341000,0
1784919600000000,73.98000000,74.05000000,73.79000000,73.97000000,44077.87300000,1784923199999999,3258397.33836000,13503,22040.06500000,1629386.04956000,0
1784923200000000,73.97000000,74.03000000,73.73000000,73.77000000,36326.30400000,1784926799999999,2683573.81443000,7997,13052.38200000,964008.33898000,0
1784926800000000,73.77000000,73.84000000,73.44000000,73.63000000,89226.30700000,1784930399999999,6571511.70890000,15073,35384.12600000,2606913.74009000,0
1784930400000000,73.64000000,73.99000000,73.63000000,73.94000000,21729.79500000,1784933999999999,1604605.34456000,6729,12459.23100000,920136.40403000,0
1784934000000000,73.94000000,74.03000000,73.85000000,73.96000000,33861.69100000,1784937599999999,2503260.86087000,6769,13570.49600000,1003301.08124000,0
1784937600000000,73.97000000,74.16000000,73.94000000,74.13000000,50874.47100000,1784941199999999,3765421.20356000,7555,22537.56700000,1668383.17692000,0
1784941200000000,74.13000000,74.26000000,74.00000000,74.13000000,20670.28300000,1784944799999999,1532065.35629000,6884,10467.35500000,775866.67625000,0
1784944800000000,74.12000000,74.22000000,74.05000000,74.11000000,18917.72600000,1784948399999999,1402601.24792000,5985,9953.91200000,738024.40581000,0
1784948400000000,74.12000000,74.33000000,74.05000000,74.14000000,22548.57000000,1784951999999999,1673062.18910000,6580,10956.38800000,813032.98912000,0
1784952000000000,74.14000000,74.36000000,74.13000000,74.32000000,64546.74700000,1784955599999999,4794709.48181000,6949,40980.31200000,3044123.47436000,0
1784955600000000,74.32000000,74.36000000,73.91000000,73.99000000,47724.00000000,1784959199999999,3541279.14988000,6134,13877.52400000,1029676.32660000,0
1784959200000000,73.98000000,74.03000000,73.77000000,74.03000000,32739.26000000,1784962799999999,2419837.51438000,7530,17066.03200000,1261280.03738000,0
1784962800000000,74.03000000,74.06000000,73.79000000,73.79000000,29525.98900000,1784966399999999,2181762.51908000,5539,12692.87200000,937815.78841000,0
1784966400000000,73.79000000,73.87000000,73.56000000,73.79000000,34273.62100000,1784969999999999,2527991.84767000,9362,15360.61500000,1133101.80132000,0
1784970000000000,73.80000000,74.04000000,73.76000000,74.00000000,21826.79800000,1784973599999999,1613627.90477000,5810,13573.38300000,1003574.93823000,0
1784973600000000,73.99000000,74.04000000,73.91000000,73.98000000,18611.84400000,1784977199999999,1376938.50430000,5272,11147.68600000,824783.85376000,0
1784977200000000,73.99000000,74.05000000,73.86000000,73.92000000,19510.07900000,1784980799999999,1442960.96149000,5804,9307.31700000,688457.05504000,0
1784980800000000,73.92000000,73.99000000,73.85000000,73.97000000,23754.79400000,1784984399999999,1755821.74164000,5632,11941.82700000,882615.38589000,0
1784984400000000,73.97000000,74.20000000,73.94000000,73.98000000,25480.93800000,1784987999999999,1886653.60341000,8060,15325.02000000,1134655.78178000,0
1784988000000000,73.99000000,74.08000000,73.78000000,74.06000000,40279.11200000,1784991599999999,2976335.40654000,10339,22464.64100000,1660107.10512000,0
1784991600000000,74.06000000,74.31000000,74.00000000,74.18000000,29684.26800000,1784995199999999,2201777.57155000,9111,16712.05500000,1239576.44124000,0
1784995200000000,74.18000000,74.42000000,74.09000000,74.32000000,25950.99600000,1784998799999999,1926773.69585000,10389,14543.69000000,1079818.07045000,0
1784998800000000,74.32000000,74.67000000,74.30000000,74.48000000,39255.66400000,1785002399999999,2925142.91372000,10715,21758.49400000,1621314.40867000,0
1785002400000000,74.47000000,74.72000000,74.46000000,74.66000000,36606.31100000,1785005999999999,2730337.72873000,9430,21469.40600000,1601810.74666000,0
1785006000000000,74.67000000,74.73000000,74.53000000,74.57000000,23220.24500000,1785009599999999,1732643.29268000,6486,10526.35300000,785516.23856000,0
1785009600000000,74.57000000,74.58000000,74.40000000,74.45000000,26574.78300000,1785013199999999,1978915.43808000,6532,9509.38600000,708084.06774000,0
1785013200000000,74.45000000,74.60000000,74.28000000,74.46000000,28244.19900000,1785016799999999,2102365.61942000,7565,12105.98900000,901390.40825000,0
1785016800000000,74.46000000,74.53000000,74.30000000,74.50000000,27449.99000000,1785020399999999,2043012.11913000,6504,13180.44600000,980974.49063000,0
1785020400000000,74.50000000,74.55000000,74.41000000,74.52000000,18545.06100000,1785023999999999,1381208.44066000,4172,9581.17100000,713597.00102000,0
1785024000000000,74.53000000,74.96000000,74.47000000,74.79000000,38912.30700000,1785027599999999,2909161.68718000,10476,20087.92700000,1501869.96551000,0
1785027600000000,74.78000000,74.90000000,74.67000000,74.82000000,23314.00000000,1785031199999999,1742991.80521000,6729,12929.69900000,966735.73118000,0
1785031200000000,74.82000000,74.93000000,74.72000000,74.90000000,30022.76400000,1785034799999999,2246599.41317000,8089,19203.43100000,1437090.35621000,0
1785034800000000,74.90000000,75.05000000,74.82000000,75.03000000,32424.97600000,1785038399999999,2430444.22398000,8702,20708.80400000,1552275.41834000,0
1785038400000000,75.04000000,75.23000000,74.95000000,75.07000000,30512.27500000,1785041999999999,2291278.17840000,9741,17383.82400000,1305446.74778000,0
1785042000000000,75.07000000,75.18000000,74.95000000,75.02000000,25894.44200000,1785045599999999,1943902.88599000,7886,15300.39800000,1148617.35979000,0
1785045600000000,75.02000000,75.13000000,74.74000000,75.12000000,35996.48200000,1785049199999999,2696751.29574000,9676,14615.80100000,1094585.33756000,0
1785049200000000,75.13000000,75.15000000,74.85000000,74.87000000,16199.98100000,1785052799999999,1214750.57805000,6379,6596.09500000,494669.22031000,0
1785052800000000,74.88000000,75.06000000,74.85000000,74.98000000,17864.61800000,1785056399999999,1338467.99361000,5057,9936.68800000,744473.07644000,0
1785056400000000,74.99000000,75.28000000,74.98000000,75.07000000,34008.99600000,1785059999999999,2555367.58604000,9123,19967.93400000,1500465.55507000,0
1785060000000000,75.08000000,75.25000000,75.03000000,75.12000000,23667.69800000,1785063599999999,1778614.44712000,7973,10372.63700000,779469.04076000,0
1785063600000000,75.12000000,75.17000000,74.90000000,74.95000000,27133.68600000,1785067199999999,2035571.31038000,8018,11639.23100000,873163.20116000,0
1785067200000000,74.95000000,75.14000000,74.81000000,74.89000000,26167.51000000,1785070799999999,1961307.57539000,8164,15349.46700000,1150553.99864000,0
1785070800000000,74.89000000,74.97000000,74.75000000,74.94000000,31669.56400000,1785074399999999,2370392.26139000,7860,11598.29800000,868387.00329000,0
1785074400000000,74.94000000,75.23000000,74.89000000,75.06000000,31518.98600000,1785077999999999,2365425.13192000,13638,18491.10100000,1387658.13151000,0
1785078000000000,75.05000000,75.50000000,74.97000000,75.49000000,46310.76200000,1785081599999999,3486254.06766000,18261,26128.89400000,1966680.78340000,0
1785081600000000,75.48000000,75.99000000,75.31000000,75.53000000,66132.35400000,1785085199999999,5000224.50024000,22551,31487.11500000,2381116.63310000,0
1785085200000000,75.53000000,75.60000000,75.30000000,75.38000000,23907.64400000,1785088799999999,1803545.62297000,9831,11331.13900000,854736.56071000,0
1785088800000000,75.38000000,75.45000000,75.28000000,75.39000000,16053.60800000,1785092399999999,1209881.09085000,6604,7302.66600000,550367.85913000,0
1785092400000000,75.40000000,75.46000000,75.25000000,75.34000000,19920.97200000,1785095999999999,1500207.77339000,8882,13018.68400000,980350.09831000,0
1785096000000000,75.34000000,75.40000000,75.31000000,75.34000000,19239.10900000,1785099599999999,1449820.66500000,8579,12916.20100000,973333.78470000,0
1785099600000000,75.33000000,75.77000000,75.32000000,75.65000000,31601.58500000,1785103199999999,2387920.42596000,14031,15898.88200000,1201256.38151000,0
1785103200000000,75.65000000,76.82000000,75.65000000,76.71000000,153652.00900000,1785106799999999,11733107.71040000,44354,95440.00200000,7288669.92252000,0
1785106800000000,76.72000000,77.10000000,76.52000000,76.76000000,90287.04500000,1785110399999999,6931739.59504000,28581,40350.89400000,3099557.74565000,0
1785110400000000,76.77000000,76.80000000,76.19000000,76.35000000,54768.35900000,1785113999999999,4189875.93759000,22122,22137.77400000,1693677.43856000,0
1785114000000000,76.34000000,76.53000000,75.98000000,76.52000000,50926.37700000,1785117599999999,3884589.05258000,19173,27746.89000000,2117190.48577000,0
1785117600000000,76.53000000,76.68000000,76.37000000,76.44000000,65492.48500000,1785121199999999,5012090.92406000,15318,31527.36900000,2412767.53450000,0
1785121200000000,76.44000000,76.55000000,76.33000000,76.40000000,40759.32400000,1785124799999999,3115253.39119000,11145,18360.93200000,1403254.88922000,0
1785124800000000,76.41000000,76.64000000,76.26000000,76.30000000,54875.62400000,1785128399999999,4192200.45471000,13276,21170.26500000,1617801.74122000,0
1785128400000000,76.30000000,76.64000000,76.26000000,76.56000000,56446.07900000,1785131999999999,4311982.74650000,18281,32469.95700000,2480488.67518000,0
1785132000000000,76.56000000,76.99000000,76.53000000,76.73000000,46646.16500000,1785135599999999,3582633.62283000,20641,21984.38200000,1688552.74163000,0
1785135600000000,76.73000000,76.76000000,76.40000000,76.47000000,55900.83700000,1785139199999999,4282234.76561000,14088,32572.55800000,2495754.01427000,0
1785139200000000,76.48000000,76.51000000,76.23000000,76.30000000,34790.12400000,1785142799999999,2656325.63192000,13251,18749.15800000,1431629.76456000,0
1785142800000000,76.29000000,76.56000000,76.13000000,76.49000000,41205.92100000,1785146399999999,3143973.88263000,12455,20648.24900000,1575737.16426000,0
1785146400000000,76.48000000,76.68000000,76.41000000,76.61000000,28409.91900000,1785149999999999,2174999.89598000,9336,17370.87300000,1329976.83738000,0
1785150000000000,76.62000000,76.69000000,76.48000000,76.50000000,41141.61200000,1785153599999999,3151364.88734000,11149,26761.74900000,2050019.00019000,0
1785153600000000,76.51000000,77.06000000,76.25000000,76.86000000,110176.29600000,1785157199999999,8458430.57269000,27618,58830.22600000,4518605.27279000,0
1785157200000000,76.86000000,77.50000000,76.46000000,76.92000000,150638.31800000,1785160799999999,11606368.83729000,56299,76863.25400000,5925381.28968000,0
1785160800000000,76.91000000,77.00000000,75.03000000,75.48000000,187765.09300000,1785164399999999,14222548.50343000,83965,79325.41500000,6005422.29846000,0
1785164400000000,75.48000000,75.62000000,75.09000000,75.28000000,81593.19200000,1785167999999999,6152141.05540000,40386,45173.03400000,3406594.15551000,0
1785168000000000,75.29000000,75.99000000,75.15000000,75.95000000,62460.75100000,1785171599999999,4721232.65078000,26788,37428.63600000,2829570.19004000,0
1785171600000000,75.96000000,76.25000000,75.82000000,75.91000000,36076.44100000,1785175199999999,2742125.01291000,18079,19232.86500000,1461851.14489000,0
1785175200000000,75.91000000,75.99000000,75.27000000,75.62000000,46253.31300000,1785178799999999,3493974.21328000,18735,22226.67600000,1678304.33531000,0
1785178800000000,75.62000000,76.06000000,75.50000000,75.98000000,42249.34100000,1785182399999999,3204770.93265000,19090,21302.71900000,1615848.78422000,0
1785182400000000,75.98000000,76.14000000,75.80000000,75.98000000,20571.15900000,1785185999999999,1562326.87519000,11094,10922.68100000,829523.36911000,0
1785186000000000,75.98000000,75.99000000,75.51000000,75.60000000,35178.03800000,1785189599999999,2662436.68522000,15393,20732.42600000,1569327.78821000,0
1785189600000000,75.60000000,75.62000000,74.02000000,74.06000000,143003.21900000,1785193199999999,10698363.22869000,43107,47325.21700000,3539835.51600000,0
1785193200000000,74.06000000,74.41000000,73.74000000,74.20000000,120945.94400000,1785196799999999,8959289.43368000,42884,66080.20900000,4896325.63503000,0
1785196800000000,74.21000000,74.29000000,73.68000000,73.73000000,71875.75800000,1785200399999999,5316526.51089000,26007,32385.48800000,2395635.18103000,0
1785200400000000,73.73000000,73.75000000,72.86000000,73.21000000,177511.82100000,1785203999999999,13000799.73842000,48874,68142.15400000,4990871.85885000,0
1785204000000000,73.20000000,73.47000000,73.07000000,73.37000000,72823.67800000,1785207599999999,5339695.05757000,20046,46249.09400000,3391916.09490000,0
1785207600000000,73.38000000,73.42000000,73.17000000,73.28000000,51756.54000000,1785211199999999,3793697.51157000,14177,20354.53100000,1492007.05395000,0
1785211200000000,73.28000000,73.29000000,73.00000000,73.22000000,49496.14400000,1785214799999999,3621549.23422000,14659,23593.92400000,1726189.80997000,0
1785214800000000,73.22000000,73.55000000,73.20000000,73.27000000,49679.36100000,1785218399999999,3645345.09374000,15552,24537.43900000,1800578.34112000,0
1785218400000000,73.27000000,73.49000000,73.13000000,73.44000000,50948.13400000,1785221999999999,3735481.80420000,12559,24662.00300000,1808432.24519000,0
1785222000000000,73.45000000,73.49000000,73.14000000,73.30000000,45893.66300000,1785225599999999,3366182.86484000,12250,18070.47900000,1325050.67494000,0
1785225600000000,73.29000000,73.44000000,73.15000000,73.37000000,53519.85500000,1785229199999999,3923066.26190000,11864,22520.39600000,1650716.61103000,0
1785229200000000,73.37000000,73.51000000,73.20000000,73.26000000,49240.82900000,1785232799999999,3613335.03591000,9596,16493.28300000,1210289.38743000,0
1785232800000000,73.26000000,73.33000000,73.13000000,73.15000000,38564.22000000,1785236399999999,2824230.93479000,11072,20545.23500000,1504651.06270000,0
1785236400000000,73.15000000,73.35000000,72.89000000,73.20000000,110894.35200000,1785239999999999,8103888.74346000,20494,44068.61600000,3221324.23762000,0
1785240000000000,73.20000000,73.46000000,73.12000000,73.39000000,52809.05600000,1785243599999999,3869922.35212000,13739,30913.65500000,2265820.92695000,0
1785243600000000,73.39000000,73.44000000,72.36000000,72.72000000,159602.30800000,1785247199999999,11612593.79908000,46516,72339.83900000,5263057.46398000,0
1785247200000000,72.71000000,73.50000000,72.54000000,73.43000000,82942.38200000,1785250799999999,6054117.39900000,40774,49480.76300000,3612614.39148000,0
1785250800000000,73.43000000,74.59000000,73.31000000,74.35000000,158600.61400000,1785254399999999,11758004.64680000,55459,76755.20700000,5690266.30082000,0
1785254400000000,74.35000000,74.58000000,74.05000000,74.42000000,55788.79200000,1785257999999999,4143006.58168000,25594,27749.70100000,2061039.40452000,0
1785258000000000,74.42000000,74.44000000,73.56000000,73.83000000,57376.52600000,1785261599999999,4237696.11199000,26481,26391.92100000,1949237.61083000,0
1785261600000000,73.83000000,74.06000000,73.80000000,73.88000000,25472.13500000,1785265199999999,1882519.38153000,18803,15272.51700000,1128745.79744000,0
1785265200000000,73.89000000,74.39000000,73.83000000,74.33000000,44770.63300000,1785268799999999,3318076.22429000,18372,21675.61600000,1606193.66814000,0
1785268800000000,74.32000000,74.37000000,74.01000000,74.05000000,33335.25000000,1785272399999999,2473115.52277000,13970,16345.55800000,1212629.69678000,0
1785272400000000,74.05000000,74.40000000,74.00000000,74.15000000,34007.06100000,1785275999999999,2522409.30308000,11276,19280.87900000,1429909.86818000,0
1785276000000000,74.15000000,74.24000000,73.43000000,73.44000000,49610.91300000,1785279599999999,3662952.15171000,15815,19711.35600000,1455555.98100000,0
1785279600000000,73.44000000,73.86000000,73.17000000,73.83000000,120705.42300000,1785283199999999,8881995.94251000,21345,59999.51900000,4417829.58016000,0
1785283200000000,73.83000000,74.20000000,73.77000000,73.78000000,81989.11900000,1785286799999999,6068142.89606000,24720,49371.31100000,3654516.74267000,0
1785286800000000,73.77000000,73.81000000,73.22000000,73.27000000,33387.32600000,1785290399999999,2455998.18863000,22484,16551.69500000,1217530.20794000,0
1785290400000000,73.27000000,73.98000000,73.08000000,73.69000000,52566.21300000,1785293999999999,3864325.87277000,26998,27778.97700000,2041209.41431000,0
1785294000000000,73.70000000,73.76000000,73.01000000,73.09000000,66739.44200000,1785297599999999,4889650.11491000,22572,32500.15400000,2382437.19754000,0
1785297600000000,73.09000000,73.48000000,72.73000000,73.45000000,97299.09800000,1785301199999999,7111787.52123000,27584,57470.21500000,4201149.50955000,0
1785301200000000,73.45000000,73.80000000,73.34000000,73.68000000,49226.88300000,1785304799999999,3622235.80035000,15311,25569.92900000,1881734.37009000,0
1785304800000000,73.67000000,74.10000000,73.53000000,74.08000000,57200.98800000,1785308399999999,4230129.38524000,15860,31454.79400000,2325897.63200000,0
1785308400000000,74.08000000,74.28000000,73.99000000,74.26000000,36403.03700000,1785311999999999,2696642.72162000,10132,20654.17900000,1530120.00194000,0
1785312000000000,74.25000000,74.33000000,73.72000000,73.95000000,56724.89500000,1785315599999999,4199192.85462000,14868,29362.47000000,2173963.29172000,0
1785315600000000,73.95000000,74.32000000,73.92000000,74.14000000,33088.25700000,1785319199999999,2451763.33253000,11279,16271.18300000,1205644.81139000,0
1785319200000000,74.14000000,74.14000000,73.79000000,73.91000000,35638.69100000,1785322799999999,2637025.37368000,10447,13659.85600000,1010962.87275000,0
1785322800000000,73.92000000,74.10000000,73.84000000,73.96000000,30283.33500000,1785326399999999,2239891.77026000,9329,13646.70700000,1009527.43577000,0
1785326400000000,73.96000000,73.96000000,73.46000000,73.52000000,43719.78400000,1785329999999999,3218550.50056000,17248,17142.06800000,1262177.98338000,0
1785330000000000,73.53000000,73.77000000,73.34000000,73.72000000,49707.53400000,1785333599999999,3656847.22766000,27371,24000.89800000,1765870.61063000,0
1785333600000000,73.73000000,73.92000000,73.10000000,73.28000000,68632.34100000,1785337199999999,5037850.95092000,31346,38994.18900000,2862754.94328000,0
1785337200000000,73.28000000,73.46000000,72.98000000,73.12000000,67070.29300000,1785340799999999,4910535.87427000,24638,22781.10000000,1668631.52867000,0
1785340800000000,73.13000000,73.37000000,72.91000000,73.28000000,53762.10700000,1785344399999999,3930384.01668000,21352,21304.03100000,1558035.84433000,0
1785344400000000,73.28000000,73.95000000,73.17000000,73.94000000,59545.93800000,1785347999999999,4374618.02618000,23316,35465.68800000,2605226.68436000,0
1785348000000000,73.94000000,74.53000000,73.44000000,74.23000000,241665.95500000,1785351599999999,17911266.28599000,75953,129327.69300000,9584989.74897000,0
1785351600000000,74.23000000,74.38000000,72.73000000,72.76000000,97147.11000000,1785355199999999,7135462.01571000,51992,41762.15100000,3068559.07914000,0
1785355200000000,72.76000000,73.21000000,72.44000000,72.65000000,112012.19500000,1785358799999999,8149596.76679000,46411,66793.72000000,4859936.82658000,0
1785358800000000,72.65000000,73.18000000,72.32000000,73.18000000,58959.58200000,1785362399999999,4288564.42792000,27569,29048.28600000,2114372.57479000,0
1785362400000000,73.19000000,73.80000000,73.19000000,73.65000000,73478.18100000,1785365999999999,5408300.22304000,24327,37019.53700000,2724095.96499000,0
1785366000000000,73.64000000,73.75000000,73.42000000,73.68000000,41405.57100000,1785369599999999,3048103.38714000,14300,22901.70000000,1686025.33384000,0
1785369600000000,73.69000000,73.87000000,73.14000000,73.30000000,44772.11100000,1785373199999999,3291670.78196000,20564,21384.03500000,1572100.58876000,0
1785373200000000,73.29000000,74.20000000,73.27000000,74.02000000,49686.13800000,1785376799999999,3666754.26536000,25421,28547.87600000,2106252.29685000,0
1785376800000000,74.03000000,74.14000000,73.82000000,73.83000000,39815.69600000,1785380399999999,2946896.61400000,16776,19969.47200000,1478073.01060000,0
1785380400000000,73.84000000,74.00000000,73.66000000,73.71000000,43543.10700000,1785383999999999,3213046.28774000,17283,24440.28200000,1803193.83369000,0
1785384000000000,73.71000000,73.74000000,73.50000000,73.52000000,32109.18400000,1785387599999999,2363385.68438000,11854,16074.75200000,1183302.61193000,0
1785387600000000,73.52000000,73.86000000,73.42000000,73.70000000,32861.93400000,1785391199999999,2420459.85146000,14182,12584.85200000,926573.31174000,0
1785391200000000,73.70000000,73.76000000,73.48000000,73.53000000,32408.27900000,1785394799999999,2386601.22763000,10792,14574.97100000,1073173.01148000,0
1785394800000000,73.53000000,73.81000000,73.39000000,73.41000000,50601.42600000,1785398399999999,3724698.34696000,18570,23022.96400000,1695408.17475000,0
1785398400000000,73.42000000,73.83000000,73.30000000,73.81000000,59937.19900000,1785401999999999,4410714.55951000,19833,26809.51600000,1973518.85991000,0
1785402000000000,73.81000000,74.22000000,73.80000000,74.05000000,72266.96000000,1785405599999999,5349082.50783000,18478,23364.10000000,1729926.32643000,0
1785405600000000,74.06000000,74.21000000,73.83000000,73.90000000,42130.75900000,1785409199999999,3120991.39617000,9427,17338.94700000,1284559.94491000,0
1785409200000000,73.90000000,74.33000000,73.90000000,74.23000000,46070.40900000,1785412799999999,3415585.39655000,10516,28526.95100000,2115153.15789000,0
1785412800000000,74.22000000,74.49000000,74.08000000,74.41000000,64699.06600000,1785416399999999,4806156.63700000,15431,36215.53900000,2690450.53321000,0
1785416400000000,74.40000000,74.90000000,74.12000000,74.69000000,87770.99200000,1785419999999999,6538645.70329000,26953,49285.33900000,3672967.46711000,0
1785420000000000,74.68000000,74.78000000,74.29000000,74.64000000,67698.72600000,1785423599999999,5049691.61563000,28339,32779.81900000,2445505.49119000,0
1785423600000000,74.64000000,74.86000000,74.46000000,74.65000000,52816.09400000,1785427199999999,3942102.22514000,21532,29293.45500000,2186304.01574000,0
1785427200000000,74.65000000,74.84000000,74.45000000,74.58000000,69138.77900000,1785430799999999,5161463.74478000,16237,34032.34600000,2540628.27820000,0
1785430800000000,74.59000000,74.89000000,74.42000000,74.76000000,47305.21700000,1785434399999999,3530540.08458000,13901,20544.37000000,1533387.82786000,0
1785434400000000,74.77000000,74.98000000,74.49000000,74.52000000,35899.15600000,1785437999999999,2681756.37974000,11832,17689.56500000,1321502.07684000,0
1785438000000000,74.53000000,74.82000000,74.52000000,74.78000000,41825.39000000,1785441599999999,3122958.69757000,13699,18747.29500000,1399883.69504000,0
1785441600000000,74.78000000,74.92000000,74.44000000,74.49000000,66662.89900000,1785445199999999,4977010.44881000,16236,33857.10700000,2528213.95263000,0
1785445200000000,74.48000000,74.61000000,74.43000000,74.49000000,36240.54600000,1785448799999999,2700637.08349000,10605,13438.84700000,1001413.16307000,0
1785448800000000,74.49000000,74.89000000,74.40000000,74.75000000,49811.38800000,1785452399999999,3721412.63495000,18616,18844.17900000,1408164.57269000,0
1785452400000000,74.75000000,74.99000000,74.47000000,74.51000000,52791.99600000,1785455999999999,3944686.20030000,17052,22117.35300000,1653301.46388000,0
1785456000000000,74.52000000,74.66000000,74.43000000,74.49000000,37646.96700000,1785459599999999,2805862.72982000,13533,18042.57300000,1344684.64092000,0
1785459600000000,74.49000000,75.29000000,74.28000000,74.40000000,115936.68600000,1785463199999999,8681484.26695000,38371,60019.02200000,4496108.42209000,0
1785463200000000,74.39000000,74.56000000,74.08000000,74.15000000,49190.35700000,1785466799999999,3651949.84043000,21880,20941.66800000,1554702.25933000,0
1785466800000000,74.16000000,74.35000000,73.88000000,74.14000000,55166.67700000,1785470399999999,4089301.59642000,17098,21730.54700000,1611294.67058000,0
1785470400000000,74.14000000,74.15000000,73.72000000,73.83000000,78751.99700000,1785473999999999,5815344.44229000,24431,44736.56300000,3303332.29095000,0
1785474000000000,73.83000000,74.32000000,73.82000000,74.24000000,61919.08700000,1785477599999999,4590124.48343000,18164,28586.52000000,2118846.20161000,0
1785477600000000,74.25000000,74.54000000,74.01000000,74.11000000,48082.62600000,1785481199999999,3572225.97334000,18446,18828.72300000,1399001.99870000,0
1785481200000000,74.10000000,74.10000000,73.51000000,73.68000000,83285.54500000,1785484799999999,6137167.91006000,24092,53453.04900000,3937658.46367000,0
1785484800000000,73.68000000,73.80000000,73.52000000,73.66000000,46409.87000000,1785488399999999,3419062.67503000,12524,25233.38200000,1858962.16183000,0
1785488400000000,73.66000000,73.71000000,73.39000000,73.48000000,45192.46300000,1785491999999999,3322606.77410000,13014,14989.42100000,1102244.46307000,0
1785492000000000,73.48000000,73.65000000,73.29000000,73.56000000,75398.10300000,1785495599999999,5545718.02636000,14583,20433.44100000,1502841.64827000,0
1785495600000000,73.55000000,73.71000000,73.47000000,73.57000000,23747.60600000,1785499199999999,1747201.93380000,9384,10523.43400000,774302.46706000,0
1785499200000000,73.57000000,73.65000000,73.37000000,73.63000000,36926.61700000,1785502799999999,2714308.88068000,12339,14167.70400000,1041561.65496000,0
1785502800000000,73.63000000,73.82000000,73.17000000,73.29000000,65441.37000000,1785506399999999,4807951.25551000,29764,24666.99000000,1812924.37860000,0
1785506400000000,73.28000000,73.69000000,72.80000000,73.05000000,172784.63900000,1785509999999999,12648295.56466000,62201,76579.41500000,5605717.72881000,0
1785510000000000,73.05000000,73.22000000,72.88000000,73.10000000,56660.99900000,1785513599999999,4136794.90018000,20005,26245.75100000,1916107.69181000,0
1785513600000000,73.11000000,73.35000000,72.98000000,73.30000000,41562.25900000,1785517199999999,3041578.18242000,17550,23127.79300000,1692489.94461000,0
1785517200000000,73.29000000,73.44000000,73.17000000,73.35000000,39080.46900000,1785520799999999,2865334.46603000,16617,20520.55500000,1504523.19938000,0
1785520800000000,73.35000000,73.48000000,72.94000000,73.12000000,32090.43500000,1785524399999999,2349541.17082000,13074,12784.32500000,936571.48391000,0
1785524400000000,73.11000000,73.29000000,72.92000000,73.08000000,33006.05800000,1785527999999999,2412490.46530000,12213,15627.47600000,1142370.49313000,0
1785528000000000,73.08000000,73.23000000,72.93000000,72.95000000,42253.11700000,1785531599999999,3086064.82847000,12608,16403.22700000,1198117.45754000,0
1785531600000000,72.96000000,73.10000000,72.56000000,72.73000000,44612.30800000,1785535199999999,3250822.85067000,12059,16880.38500000,1230266.00953000,0
1785535200000000,72.72000000,72.95000000,72.67000000,72.85000000,34931.12500000,1785538799999999,2544401.31483000,9274,13670.28900000,995740.32368000,0
1785538800000000,72.85000000,72.96000000,72.80000000,72.87000000,17920.67100000,1785542399999999,1306251.61589000,5138,10361.77300000,755233.31850000,0
