1775001600000000,83.19000000,83.58000000,82.85000000,83.40000000,116027.24600000,1775005199999999,9653213.69301000,40313,73454.35200000,6112451.64293000,0
1775005200000000,83.41000000,83.47000000,82.72000000,82.73000000,110495.77300000,1775008799999999,9176331.10668000,39996,40046.00400000,3327159.17335000,0
1775008800000000,82.74000000,82.91000000,82.48000000,82.65000000,88838.45400000,1775012399999999,7349670.59534000,31382,30493.52900000,2523407.09594000,0
1775012400000000,82.65000000,83.49000000,82.65000000,83.43000000,85944.14400000,1775015999999999,7153353.26482000,36091,41748.70000000,3474319.07741000,0
1775016000000000,83.44000000,83.86000000,83.26000000,83.74000000,88247.88900000,1775019599999999,7372277.55542000,27607,43730.70700000,3654677.06493000,0
1775019600000000,83.75000000,84.32000000,83.36000000,84.14000000,167165.59200000,1775023199999999,14041019.96586000,41005,98267.62100000,8256288.29812000,0
1775023200000000,84.14000000,84.74000000,84.02000000,84.45000000,177830.24900000,1775026799999999,15010750.49734000,48382,98682.32100000,8330346.88122000,0
1775026800000000,84.46000000,84.74000000,83.81000000,83.84000000,145404.67100000,1775030399999999,12249081.22473000,40694,57075.81700000,4809461.28121000,0
1775030400000000,83.84000000,84.06000000,83.43000000,83.62000000,146907.27000000,1775033999999999,12299695.46206000,36127,68897.30500000,5768910.17914000,0
1775034000000000,83.63000000,83.77000000,83.14000000,83.38000000,109881.68300000,1775037599999999,9163837.27408000,27682,41885.45700000,3494040.41826000,0
1775037600000000,83.38000000,83.50000000,83.07000000,83.38000000,81067.59500000,1775041199999999,6754787.56908000,22057,43911.58200000,3659664.83561000,0
1775041200000000,83.37000000,83.58000000,83.17000000,83.37000000,74746.57300000,1775044799999999,6229934.44041000,21768,37315.75200000,3110508.61538000,0
1775044800000000,83.37000000,83.73000000,82.80000000,83.03000000,199960.54400000,1775048399999999,16637939.99319000,59045,104367.02900000,8683352.02589000,0
1775048400000000,83.04000000,83.44000000,82.40000000,82.67000000,218718.10900000,1775051999999999,18128408.11321000,69535,97867.46300000,8114925.59982000,0
1775052000000000,82.66000000,83.56000000,82.51000000,83.39000000,129609.47000000,1775055599999999,10771717.67587000,58605,70529.37100000,5861458.24796000,0
1775055600000000,83.39000000,83.88000000,83.09000000,83.63000000,145917.33800000,1775059199999999,12181373.96983000,46858,76166.14000000,6356995.75755000,0
1775059200000000,83.62000000,85.33000000,83.08000000,85.26000000,390123.78500000,1775062799999999,33025954.99432000,84179,187544.72400000,15871065.64444000,0
1775062800000000,85.25000000,86.65000000,84.25000000,84.44000000,616272.70200000,1775066399999999,52704318.48132000,135382,326756.50200000,27970604.31237000,0
1775066400000000,84.43000000,84.49000000,83.55000000,83.66000000,216910.20800000,1775069999999999,18226427.24739000,70775,88798.19200000,7459577.39717000,0
1775070000000000,83.65000000,84.43000000,83.64000000,83.82000000,112939.11300000,1775073599999999,9484106.92610000,43369,65908.24700000,5532454.64940000,0
1775073600000000,83.83000000,83.88000000,82.30000000,82.57000000,316647.92700000,1775077199999999,26263995.07119000,66821,144862.61200000,12003215.63033000,0
1775077200000000,82.57000000,83.18000000,81.42000000,81.86000000,326505.00100000,1775080799999999,26898940.78395000,68131,165604.38700000,13647014.27912000,0
1775080800000000,81.85000000,81.94000000,80.77000000,81.17000000,463686.52600000,1775084399999999,37661067.23022000,72426,245134.18200000,19909564.25734000,0
1775084400000000,81.17000000,81.45000000,81.02000000,81.18000000,146888.25800000,1775087999999999,11937297.79504000,33468,84483.44700000,6865710.31472000,0
1775088000000000,81.19000000,81.77000000,80.92000000,81.63000000,198692.28300000,1775091599999999,16158497.39793000,44790,122184.46400000,9939676.54997000,0
1775091600000000,81.63000000,81.63000000,78.97000000,79.34000000,702613.93600000,1775095199999999,56224901.98959000,207559,310605.14500000,24867890.21563000,0
1775095200000000,79.34000000,79.34000000,78.30000000,78.87000000,302770.45200000,1775098799999999,23841173.14824000,87361,148585.93300000,11700049.63626000,0
1775098800000000,78.87000000,79.41000000,78.69000000,79.01000000,215221.87400000,1775102399999999,17007111.99526000,48338,117697.26700000,9305773.71620000,0
1775102400000000,79.01000000,79.19000000,78.75000000,78.82000000,167055.79800000,1775105999999999,13196502.48352000,36088,98065.95800000,7747799.08471000,0
1775106000000000,78.83000000,79.43000000,78.62000000,79.26000000,157478.90800000,1775109599999999,12435583.71801000,33676,99397.47400000,7849138.69040000,0
1775109600000000,79.26000000,79.43000000,78.95000000,79.12000000,86802.46000000,1775113199999999,6872847.67481000,24579,48083.76700000,3807158.86735000,0
1775113200000000,79.13000000,79.67000000,79.00000000,79.65000000,105177.82200000,1775116799999999,8349477.40313000,23067,67389.00400000,5350717.36365000,0
1775116800000000,79.64000000,79.64000000,79.04000000,79.12000000,90547.61100000,1775120399999999,7178556.39404000,20779,42270.70400000,3351214.96125000,0
1775120400000000,79.12000000,79.36000000,78.93000000,79.26000000,93954.13700000,1775123999999999,7437077.11958000,21357,48236.48000000,3818935.36373000,0
1775124000000000,79.27000000,79.32000000,78.80000000,78.90000000,78991.59500000,1775127599999999,6238585.98853000,21335,36146.71800000,2855310.48747000,0
1775127600000000,78.90000000,78.99000000,78.20000000,78.31000000,148254.60300000,1775131199999999,11653836.37088000,31815,77703.12200000,6109049.52908000,0
1775131200000000,78.32000000,78.59000000,77.90000000,77.97000000,197811.94800000,1775134799999999,15466134.00430000,44608,86751.01300000,6784984.10050000,0
1775134800000000,77.96000000,78.25000000,76.70000000,77.74000000,382868.64100000,1775138399999999,29631160.78999000,93426,210240.66300000,16271142.04576000,0
1775138400000000,77.74000000,79.73000000,77.51000000,79.07000000,364053.23500000,1775141999999999,28633039.25670000,111636,236063.71800000,18555222.04600000,0
1775142000000000,79.07000000,79.25000000,78.35000000,79.03000000,155636.86500000,1775145599999999,12276246.12846000,59753,79018.78800000,6234726.78809000,0
1775145600000000,79.03000000,79.88000000,78.71000000,79.43000000,158990.83900000,1775149199999999,12622046.87857000,51362,88579.38600000,7031473.26012000,0
1775149200000000,79.42000000,79.67000000,78.55000000,78.59000000,142495.53300000,1775152799999999,11279820.21307000,46022,62902.95300000,4984214.46439000,0
1775152800000000,78.59000000,79.28000000,78.43000000,79.13000000,107582.84300000,1775156399999999,8481212.68052000,32687,59576.71600000,4697947.41459000,0
1775156400000000,79.13000000,79.25000000,78.70000000,78.98000000,90831.43600000,1775159999999999,7176169.99381000,26458,42090.47300000,3325809.70307000,0
1775160000000000,78.99000000,79.37000000,78.77000000,79.16000000,89222.85900000,1775163599999999,7061561.19582000,24827,46279.09500000,3662975.57458000,0
1775163600000000,79.17000000,79.24000000,78.63000000,78.97000000,60590.98100000,1775167199999999,4781101.17607000,20489,28426.98900000,2243887.98651000,0
1775167200000000,78.96000000,79.14000000,78.73000000,78.99000000,57726.55100000,1775170799999999,4560100.99102000,20792,31685.04800000,2502900.65017000,0
1775170800000000,78.99000000,79.15000000,78.80000000,78.94000000,54651.05300000,1775174399999999,4314379.59828000,16956,30902.53200000,2439555.50271000,0
1775174400000000,78.95000000,79.38000000,78.87000000,79.23000000,78128.31900000,1775177999999999,6184898.26058000,25879,32575.75000000,2578958.58618000,0
1775178000000000,79.23000000,79.79000000,79.00000000,79.17000000,92445.15200000,1775181599999999,7334280.52885000,27196,46265.72900000,3672162.36859000,0
1775181600000000,79.18000000,79.60000000,78.85000000,79.34000000,99358.89100000,1775185199999999,7867735.39443000,30713,53911.88900000,4269592.67851000,0
1775185200000000,79.34000000,79.45000000,78.99000000,79.00000000,97247.35600000,1775188799999999,7704909.78058000,25833,49612.10800000,3932233.66277000,0
1775188800000000,79.00000000,79.53000000,78.99000000,79.32000000,111135.40200000,1775192399999999,8806697.58950000,25028,53780.98200000,4261742.82022000,0
1775192400000000,79.32000000,79.65000000,79.06000000,79.33000000,63190.81700000,1775195999999999,5017277.87964000,20122,34130.77200000,2710432.02359000,0
1775196000000000,79.33000000,79.71000000,79.20000000,79.65000000,49213.31300000,1775199599999999,3909893.39063000,18079,27798.85100000,2208934.47495000,0
1775199600000000,79.65000000,80.16000000,79.45000000,79.96000000,134713.46700000,1775203199999999,10759335.70931000,30189,99483.17000000,7947281.91737000,0
1775203200000000,79.96000000,80.17000000,79.64000000,79.77000000,87758.29500000,1775206799999999,7012033.22169000,22616,47557.30400000,3800771.18962000,0
1775206800000000,79.77000000,80.21000000,79.65000000,79.96000000,117351.42000000,1775210399999999,9377036.90743000,22135,41814.99000000,3342373.44854000,0
1775210400000000,79.96000000,80.20000000,79.69000000,80.15000000,89581.14300000,1775213999999999,7164334.30984000,21398,51117.44900000,4088817.81327000,0
1775214000000000,80.16000000,80.47000000,79.89000000,80.18000000,91553.87000000,1775217599999999,7335727.98140000,23872,49594.88700000,3974955.43534000,0
1775217600000000,80.18000000,80.91000000,79.23000000,79.34000000,165855.35000000,1775221199999999,13274486.84593000,46080,79948.88100000,6404277.06263000,0
1775221200000000,79.34000000,79.62000000,79.17000000,79.60000000,104138.36800000,1775224799999999,8264999.24188000,30026,56970.24900000,4521805.58241000,0
1775224800000000,79.60000000,80.33000000,79.43000000,80.25000000,99555.59100000,1775228399999999,7959662.97950000,29129,58519.59900000,4679369.02194000,0
1775228400000000,80.24000000,80.65000000,80.14000000,80.33000000,131705.25600000,1775231999999999,10590177.31957000,35155,76272.10500000,6132858.88244000,0
1775232000000000,80.33000000,80.67000000,80.23000000,80.56000000,125165.99300000,1775235599999999,10069656.67335000,29788,68356.53700000,5500329.77312000,0
1775235600000000,80.55000000,80.56000000,79.89000000,80.20000000,69415.87000000,1775239199999999,5568599.59240000,22528,41258.62400000,3310223.61833000,0
1775239200000000,80.19000000,80.45000000,80.08000000,80.13000000,85158.76500000,1775242799999999,6833378.84545000,17319,53625.42400000,4303092.35419000,0
1775242800000000,80.13000000,80.30000000,79.87000000,80.21000000,74087.11200000,1775246399999999,5933598.15937000,17707,46229.69900000,3702809.50482000,0
1775246400000000,80.21000000,80.33000000,80.16000000,80.20000000,44248.26100000,1775249999999999,3551475.91093000,11288,31829.65000000,2554711.60216000,0
1775250000000000,80.20000000,80.73000000,80.12000000,80.40000000,84658.95300000,1775253599999999,6811465.16972000,20540,60671.31000000,4881390.37092000,0
1775253600000000,80.41000000,80.50000000,79.92000000,80.15000000,69753.54300000,1775257199999999,5595487.18979000,18658,35953.26600000,2885222.78540000,0
1775257200000000,80.16000000,80.54000000,80.13000000,80.40000000,65419.23300000,1775260799999999,5252857.80182000,13987,44330.61700000,3559447.94627000,0
1775260800000000,80.39000000,80.42000000,80.15000000,80.24000000,56986.54900000,1775264399999999,4573985.28666000,12416,31978.04200000,2566732.85696000,0
1775264400000000,80.23000000,80.34000000,80.06000000,80.14000000,54973.59900000,1775267999999999,4405963.37317000,10581,37783.40600000,3028116.87053000,0
1775268000000000,80.14000000,80.34000000,80.07000000,80.19000000,65160.80800000,1775271599999999,5224466.87817000,12377,45202.48900000,3624381.97121000,0
1775271600000000,80.18000000,80.29000000,80.16000000,80.18000000,29018.66300000,1775275199999999,2328095.89358000,6537,16989.23300000,1363006.25776000,0
1775275200000000,80.18000000,80.32000000,80.15000000,80.26000000,19975.28100000,1775278799999999,1602629.63204000,6369,10311.75900000,827291.19267000,0
1775278800000000,80.26000000,80.30000000,80.11000000,80.20000000,57290.30300000,1775282399999999,4593914.93068000,9841,16319.88300000,1308714.58340000,0
1775282400000000,80.19000000,80.54000000,80.14000000,80.46000000,26493.46500000,1775285999999999,2127457.77276000,8655,15727.03600000,1262897.18574000,0
1775286000000000,80.47000000,80.49000000,80.21000000,80.32000000,26720.19100000,1775289599999999,2146189.88904000,7731,11957.55200000,960255.94335000,0
1775289600000000,80.32000000,80.40000000,79.93000000,79.99000000,21625.42100000,1775293199999999,1733558.51379000,8823,9009.96200000,722313.02129000,0
1775293200000000,79.98000000,80.10000000,79.92000000,80.04000000,32317.56700000,1775296799999999,2585280.56650000,8311,17737.71300000,1418879.86258000,0
1775296800000000,80.04000000,80.29000000,80.02000000,80.24000000,48628.48300000,1775300399999999,3897091.52000000,11811,25362.27700000,2032558.39157000,0
1775300400000000,80.23000000,80.29000000,80.04000000,80.21000000,43563.57500000,1775303999999999,3493026.15864000,15724,15006.41200000,1203038.80753000,0
1775304000000000,80.20000000,80.25000000,80.01000000,80.10000000,23509.01100000,1775307599999999,1884346.61229000,7974,9591.18800000,768874.12765000,0
1775307600000000,80.11000000,80.26000000,79.93000000,80.03000000,42115.38600000,1775311199999999,3373466.72046000,10955,17406.80000000,1394312.05801000,0
1775311200000000,80.03000000,80.37000000,79.57000000,80.36000000,79005.69300000,1775314799999999,6315839.14710000,22237,41049.70400000,3283220.65828000,0
1775314800000000,80.35000000,81.61000000,80.27000000,81.10000000,300533.56200000,1775318399999999,24356833.58752000,53182,148923.65500000,12065306.37305000,0
1775318400000000,81.10000000,81.35000000,80.70000000,80.74000000,135478.50800000,1775321999999999,10977384.07961000,24864,54887.46300000,4449491.97533000,0
1775322000000000,80.75000000,81.03000000,80.61000000,80.93000000,59516.43400000,1775325599999999,4810308.37156000,13719,34570.38800000,2793924.50952000,0
1775325600000000,80.93000000,81.13000000,80.70000000,80.84000000,55736.89000000,1775329199999999,4507051.73643000,12133,24268.46400000,1961804.78218000,0
1775329200000000,80.84000000,81.32000000,80.75000000,80.85000000,80586.31200000,1775332799999999,6526416.50565000,21938,43435.84100000,3518351.49865000,0
1775332800000000,80.86000000,80.87000000,80.62000000,80.81000000,42197.01400000,1775336399999999,3407897.07845000,10821,19782.89000000,1597559.24146000,0
1775336400000000,80.80000000,81.04000000,80.76000000,80.92000000,194621.83200000,1775339999999999,15743694.99992000,23209,97706.66300000,7902288.89148000,0
1775340000000000,80.93000000,81.06000000,80.88000000,81.00000000,39947.84900000,1775343599999999,3234304.46384000,11456,20285.61000000,1642348.38090000,0
1775343600000000,81.00000000,81.00000000,80.70000000,80.83000000,26928.37100000,1775347199999999,2175610.42194000,7917,13610.19500000,1099571.28850000,0
1775347200000000,80.84000000,80.85000000,80.54000000,80.70000000,32065.42300000,1775350799999999,2587959.09782000,9443,13770.21600000,1111428.33645000,0
1775350800000000,80.70000000,80.79000000,80.49000000,80.51000000,32829.58800000,1775354399999999,2646984.65074000,10932,12222.99000000,985579.47870000,0
1775354400000000,80.50000000,80.64000000,80.37000000,80.59000000,42963.30800000,1775357999999999,3457622.93505000,11311,16606.97600000,1336877.36239000,0
1775358000000000,80.59000000,80.62000000,80.41000000,80.55000000,14283.61900000,1775361599999999,1150340.95504000,6951,7172.67700000,577711.15216000,0
1775361600000000,80.55000000,80.58000000,80.29000000,80.33000000,44259.41200000,1775365199999999,3561043.73780000,12665,26106.82600000,2100669.66502000,0
1775365200000000,80.33000000,80.43000000,80.14000000,80.31000000,49078.88700000,1775368799999999,3941740.51515000,13920,31071.43200000,2495460.45610000,0
1775368800000000,80.30000000,80.38000000,79.41000000,79.59000000,153896.64900000,1775372399999999,12273812.41064000,33786,60716.14100000,4841935.56640000,0
1775372400000000,79.59000000,79.88000000,79.51000000,79.60000000,70495.29700000,1775375999999999,5619451.93297000,14322,37317.93500000,2975041.44798000,0
1775376000000000,79.59000000,79.71000000,79.54000000,79.62000000,52925.65500000,1775379599999999,4214508.06786000,9221,27888.60300000,2221102.67366000,0
1775379600000000,79.62000000,79.88000000,79.62000000,79.84000000,26469.59300000,1775383199999999,2111822.42322000,8108,15055.30100000,1201236.57526000,0
1775383200000000,79.83000000,80.24000000,79.78000000,79.84000000,47152.19700000,1775386799999999,3770352.87330000,10834,26423.48100000,2113196.71679000,0
1775386800000000,79.84000000,79.92000000,79.75000000,79.90000000,31689.33600000,1775390399999999,2530239.66366000,8965,13299.31600000,1061885.25853000,0
1775390400000000,79.91000000,79.95000000,78.80000000,79.00000000,102171.65300000,1775393999999999,8096727.39624000,30756,45972.88400000,3640654.80642000,0
1775394000000000,79.01000000,79.25000000,78.52000000,79.21000000,101430.70700000,1775397599999999,8005620.17488000,29338,56687.67400000,4475182.42576000,0
1775397600000000,79.21000000,79.48000000,79.13000000,79.29000000,39060.52600000,1775401199999999,3098439.51313000,15425,22439.20100000,1779984.09047000,0
1775401200000000,79.29000000,80.33000000,79.00000000,79.60000000,146587.81200000,1775404799999999,11688534.25165000,44558,73109.60100000,5829076.40137000,0
1775404800000000,79.59000000,79.82000000,79.39000000,79.46000000,54565.51100000,1775408399999999,4344122.29560000,17771,20986.71800000,1671302.04183000,0
1775408400000000,79.47000000,79.93000000,79.37000000,79.90000000,45366.93900000,1775411999999999,3616666.18263000,19778,23882.71800000,1903559.63973000,0
1775412000000000,79.89000000,80.14000000,79.71000000,79.95000000,60124.34400000,1775415599999999,4805407.26076000,25363,26330.79200000,2104660.87117000,0
1775415600000000,79.96000000,80.23000000,79.54000000,79.83000000,45422.46700000,1775419199999999,3632832.01883000,20493,17410.47900000,1392573.47269000,0
1775419200000000,79.83000000,80.22000000,79.81000000,80.16000000,42413.32400000,1775422799999999,3394419.84600000,14738,18521.55700000,1481990.81302000,0
1775422800000000,80.16000000,80.19000000,79.51000000,79.75000000,59461.94300000,1775426399999999,4743814.54200000,17682,25160.10200000,2007172.69066000,0
1775426400000000,79.74000000,80.69000000,79.10000000,80.58000000,153206.21500000,1775429999999999,12240585.33155000,57907,83125.65300000,6641884.40858000,0
1775430000000000,80.58000000,82.13000000,80.46000000,81.89000000,284518.15300000,1775433599999999,23211142.79588000,86401,156451.68600000,12763255.43390000,0
1775433600000000,81.89000000,82.97000000,81.89000000,82.32000000,321786.17000000,1775437199999999,26543506.70126000,94711,169380.38000000,13972933.81110000,0
1775437200000000,82.33000000,82.42000000,81.68000000,81.69000000,124398.73600000,1775440799999999,10198546.17834000,42979,48952.89500000,4013488.82224000,0
1775440800000000,81.70000000,82.80000000,81.66000000,82.41000000,126010.62400000,1775444399999999,10390962.58840000,52147,64853.07500000,5346802.02942000,0
1775444400000000,82.41000000,82.48000000,81.94000000,82.11000000,111803.74900000,1775447999999999,9179841.35088000,28828,48048.18300000,3944834.15319000,0
1775448000000000,82.11000000,82.34000000,81.79000000,82.00000000,57686.35500000,1775451599999999,4733906.37292000,17942,27422.30600000,2251365.05394000,0
1775451600000000,81.99000000,82.08000000,81.84000000,81.91000000,44096.80800000,1775455199999999,3613457.61581000,13591,20231.81700000,1657956.21917000,0
1775455200000000,81.90000000,82.14000000,80.97000000,81.50000000,143148.26100000,1775458799999999,11670903.85283000,38132,63255.02800000,5161934.15020000,0
1775458800000000,81.50000000,81.97000000,81.35000000,81.82000000,98203.56800000,1775462399999999,8019274.07466000,25921,54894.59400000,4482817.07319000,0
1775462400000000,81.83000000,82.26000000,81.71000000,82.00000000,84426.12000000,1775465999999999,6920426.62465000,22025,48229.84700000,3953667.79624000,0
1775466000000000,81.99000000,83.20000000,81.88000000,82.47000000,234322.44900000,1775469599999999,19340428.87393000,51275,134799.05400000,11125904.41863000,0
1775469600000000,82.47000000,82.90000000,82.47000000,82.68000000,121346.88800000,1775473199999999,10029177.80585000,23813,57509.09800000,4753539.45480000,0
1775473200000000,82.68000000,82.68000000,82.31000000,82.45000000,57661.29400000,1775476799999999,4755639.01439000,17657,23578.09800000,1944505.65306000,0
1775476800000000,82.44000000,82.53000000,82.21000000,82.30000000,73258.95300000,1775480399999999,6033550.28730000,21451,34169.53300000,2814237.13488000,0
1775480400000000,82.30000000,82.67000000,82.18000000,82.46000000,95528.56100000,1775483999999999,7872158.80817000,39064,45722.23800000,3768239.15269000,0
1775484000000000,82.46000000,82.81000000,81.73000000,82.23000000,156260.22500000,1775487599999999,12849134.90608000,66150,79978.58200000,6580104.14907000,0
1775487600000000,82.22000000,82.46000000,82.00000000,82.27000000,102517.59800000,1775491199999999,8424056.57262000,41535,52137.61500000,4284752.37071000,0
1775491200000000,82.28000000,82.48000000,81.58000000,81.59000000,102812.70400000,1775494799999999,8433037.09939000,33893,53220.23900000,4368112.32207000,0
1775494800000000,81.60000000,81.79000000,81.19000000,81.64000000,107304.44300000,1775498399999999,8746601.12575000,40850,53952.38600000,4399342.09404000,0
1775498400000000,81.64000000,82.22000000,81.55000000,81.88000000,73543.38100000,1775501999999999,6023905.19367000,24504,38550.08100000,3156992.76108000,0
1775502000000000,81.87000000,81.98000000,81.56000000,81.90000000,64721.55200000,1775505599999999,5289927.92755000,18897,33022.29500000,2699175.07542000,0
1775505600000000,81.91000000,82.15000000,81.81000000,82.00000000,51548.96800000,1775509199999999,4228662.22841000,16016,26349.28300000,2161632.96382000,0
1775509200000000,82.00000000,82.00000000,81.38000000,81.49000000,59480.88300000,1775512799999999,4854672.64845000,16646,21772.79800000,1778010.07683000,0
1775512800000000,81.48000000,81.51000000,80.16000000,80.17000000,113072.87800000,1775516399999999,9143535.40795000,33518,44907.32000000,3634220.57903000,0
1775516400000000,80.17000000,80.29000000,79.60000000,80.03000000,205429.39600000,1775519999999999,16423544.89711000,54767,107993.10800000,8634911.70485000,0
1775520000000000,80.03000000,80.23000000,79.60000000,79.91000000,149835.74300000,1775523599999999,11967051.09273000,46038,70615.99600000,5639617.57084000,0
1775523600000000,79.91000000,80.14000000,79.38000000,79.53000000,106294.91100000,1775527199999999,8484710.04226000,37459,48646.04400000,3883564.11497000,0
1775527200000000,79.53000000,79.90000000,79.47000000,79.72000000,55004.43500000,1775530799999999,4383629.98390000,21752,27690.63900000,2207186.85746000,0
1775530800000000,79.73000000,79.91000000,79.70000000,79.80000000,49909.67900000,1775534399999999,3982820.86037000,16909,23929.19700000,1909462.34418000,0
1775534400000000,79.80000000,80.17000000,79.67000000,79.92000000,53054.29400000,1775537999999999,4238647.51535000,15074,34647.72300000,2768566.29725000,0
1775538000000000,79.93000000,79.97000000,79.46000000,79.61000000,82943.27500000,1775541599999999,6606537.73764000,17214,35373.07800000,2817692.04033000,0
1775541600000000,79.60000000,79.65000000,79.31000000,79.53000000,67709.24400000,1775545199999999,5382728.37971000,18288,33473.76000000,2661114.52821000,0
1775545200000000,79.54000000,79.94000000,79.45000000,79.87000000,100102.49900000,1775548799999999,7978797.81856000,18642,49775.49900000,3968449.91185000,0
1775548800000000,79.87000000,80.36000000,79.82000000,80.14000000,109240.90000000,1775552399999999,8751315.69482000,26033,58832.13000000,4712557.98085000,0
1775552400000000,80.15000000,80.59000000,80.15000000,80.39000000,89717.17300000,1775555999999999,7210187.17391000,23193,47067.26800000,3783542.85116000,0
1775556000000000,80.38000000,80.46000000,79.22000000,79.37000000,157809.51000000,1775559599999999,12586208.44831000,39871,78569.83500000,6266621.33987000,0
1775559600000000,79.37000000,79.55000000,78.95000000,79.21000000,140332.81800000,1775563199999999,11120366.46714000,37704,74354.27600000,5893398.03455000,0
1775563200000000,79.22000000,79.39000000,78.69000000,79.14000000,184497.57900000,1775566799999999,14582203.91799000,41682,95092.89300000,7517349.98453000,0
1775566800000000,79.14000000,79.24000000,78.83000000,78.87000000,101290.58000000,1775570399999999,8007355.39383000,35252,50634.33600000,4003073.67381000,0
1775570400000000,78.88000000,79.06000000,78.40000000,78.59000000,126202.77800000,1775573999999999,9934672.98551000,45692,61841.67300000,4870089.53501000,0
1775574000000000,78.59000000,78.99000000,78.38000000,78.86000000,119576.02700000,1775577599999999,9415881.67957000,31630,58814.72000000,4633809.44413000,0
1775577600000000,78.86000000,79.19000000,78.65000000,78.89000000,81371.02400000,1775581199999999,6422152.99825000,23548,41548.04600000,3278517.86112000,0
1775581200000000,78.89000000,81.00000000,78.83000000,80.07000000,304322.38800000,1775584799999999,24308779.26235000,59130,160999.19200000,12858542.39959000,0
1775584800000000,80.07000000,80.23000000,79.51000000,79.94000000,118328.06400000,1775588399999999,9460468.50766000,33447,56283.78300000,4499603.51782000,0
1775588400000000,79.93000000,81.83000000,79.89000000,81.63000000,347574.85500000,1775591999999999,28143724.63445000,104582,180997.18400000,14651019.01730000,0
1775592000000000,81.63000000,82.41000000,81.63000000,81.93000000,257327.64300000,1775595599999999,21106504.27589000,65418,130216.68900000,10682011.12334000,0
1775595600000000,81.94000000,83.24000000,81.87000000,82.91000000,234588.31100000,1775599199999999,19405307.96800000,86987,132591.67800000,10970916.74633000,0
1775599200000000,82.92000000,85.24000000,82.91000000,85.24000000,560183.24400000,1775602799999999,47050023.05310000,205758,292536.82000000,24577572.39935000,0
1775602800000000,85.24000000,87.02000000,85.10000000,85.56000000,715381.54600000,1775606399999999,61489160.89333000,269654,352081.32900000,30272450.32131000,0
1775606400000000,85.56000000,85.90000000,84.26000000,84.76000000,247016.52100000,1775609999999999,21016965.33386000,90613,105889.20100000,9009069.24903000,0
1775610000000000,84.77000000,84.98000000,84.45000000,84.69000000,113515.96700000,1775613599999999,9611377.10244000,42455,56261.54400000,4764355.60452000,0
1775613600000000,84.68000000,84.97000000,84.40000000,84.61000000,104830.33400000,1775617199999999,8873263.89120000,37195,44962.88400000,3806839.37946000,0
1775617200000000,84.60000000,84.68000000,84.37000000,84.56000000,115037.83900000,1775620799999999,9724087.81168000,29415,36753.40400000,3106772.25607000,0
1775620800000000,84.56000000,85.03000000,84.49000000,84.49000000,134212.64100000,1775624399999999,11384927.24845000,30043,69486.89100000,5895619.10235000,0
1775624400000000,84.50000000,84.76000000,84.16000000,84.22000000,91747.55800000,1775627999999999,7755559.73491000,24681,45886.92900000,3879857.62432000,0
1775628000000000,84.22000000,84.71000000,83.89000000,84.55000000,111881.62800000,1775631599999999,9440648.32001000,28759,52782.68400000,4454098.26408000,0
1775631600000000,84.55000000,84.71000000,84.21000000,84.50000000,113837.13400000,1775635199999999,9611026.80296000,35302,57695.37700000,4872069.89457000,0
1775635200000000,84.51000000,84.88000000,84.43000000,84.86000000,85905.27800000,1775638799999999,7268373.59060000,23019,49234.81000000,4165051.61074000,0
1775638800000000,84.86000000,84.98000000,84.53000000,84.66000000,60955.44900000,1775642399999999,5167351.35806000,19063,31298.15400000,2653862.58401000,0
1775642400000000,84.66000000,84.80000000,84.49000000,84.50000000,70221.60200000,1775645999999999,5943042.32144000,17874,30218.45600000,2557502.06699000,0
1775646000000000,84.50000000,84.83000000,84.11000000,84.45000000,176098.96400000,1775649599999999,14873580.64572000,35474,93515.35700000,7898618.10791000,0
1775649600000000,84.46000000,84.69000000,84.09000000,84.54000000,132750.31000000,1775653199999999,11213221.17124000,32563,72893.51700000,6159255.30271000,0
1775653200000000,84.54000000,84.98000000,83.92000000,84.05000000,261365.71500000,1775656799999999,22068436.11260000,83528,128491.96000000,10852919.92701000,0
1775656800000000,84.05000000,84.16000000,82.51000000,82.90000000,311306.46900000,1775660399999999,25872220.68783000,91379,145644.69100000,12103538.90898000,0
1775660400000000,82.90000000,83.46000000,82.80000000,83.34000000,168179.44500000,1775663999999999,13981856.62211000,44629,103751.57300000,8625434.18749000,0
1775664000000000,83.33000000,83.60000000,83.05000000,83.48000000,71291.38900000,1775667599999999,5941553.67245000,28133,38342.96900000,3196248.04955000,0
1775667600000000,83.49000000,84.18000000,83.30000000,83.97000000,91151.92100000,1775671199999999,7634974.39674000,34332,55463.25800000,4644580.56361000,0
1775671200000000,83.98000000,84.03000000,82.82000000,82.93000000,114437.64200000,1775674799999999,9542971.61036000,44392,51102.91200000,4261208.13871000,0
1775674800000000,82.93000000,83.24000000,82.77000000,83.19000000,64469.38100000,1775678399999999,5348622.34526000,26347,36806.46900000,3054288.42010000,0
1775678400000000,83.19000000,83.38000000,83.02000000,83.28000000,49413.96200000,1775681999999999,4112954.08620000,20961,24073.71300000,2003946.50220000,0
1775682000000000,83.27000000,83.61000000,83.18000000,83.40000000,43964.37500000,1775685599999999,3667973.78293000,18769,21817.63300000,1820322.45955000,0
1775685600000000,83.40000000,83.44000000,82.60000000,82.63000000,72635.81000000,1775689199999999,6022045.43269000,25397,24566.02100000,2036813.28597000,0
1775689200000000,82.63000000,83.02000000,82.24000000,82.57000000,146531.21400000,1775692799999999,12099743.45388000,46131,56780.55600000,4690296.22641000,0
1775692800000000,82.56000000,82.67000000,82.08000000,82.21000000,132005.33600000,1775696399999999,10863431.66933000,35169,47299.47800000,3892753.91109000,0
1775696400000000,82.21000000,82.35000000,81.70000000,82.22000000,183222.12400000,1775699999999999,15029374.70521000,43161,82838.35200000,6797781.04801000,0
1775700000000000,82.23000000,82.44000000,82.06000000,82.12000000,64351.47800000,1775703599999999,5291506.16676000,18708,33980.51500000,2794284.63858000,0
1775703600000000,82.12000000,82.18000000,81.87000000,82.03000000,87386.51800000,1775707199999999,7166485.55770000,17753,37725.62100000,3094232.15924000,0
1775707200000000,82.02000000,82.03000000,81.82000000,81.84000000,61470.34900000,1775710799999999,5036369.21256000,14153,23856.60100000,1954405.65861000,0
1775710800000000,81.83000000,82.33000000,81.74000000,82.17000000,73144.19000000,1775714399999999,6000563.91260000,20811,44545.42900000,3654079.74818000,0
1775714400000000,82.17000000,82.37000000,81.85000000,82.18000000,52778.67800000,1775717999999999,4335338.40349000,20581,19876.22600000,1632833.66366000,0
1775718000000000,82.18000000,82.48000000,82.18000000,82.29000000,48643.21700000,1775721599999999,4004293.59672000,15026,27436.53900000,2258646.42930000,0
1775721600000000,82.29000000,82.65000000,82.16000000,82.48000000,45985.47900000,1775725199999999,3790993.16436000,16801,27359.95200000,2255999.65113000,0
1775725200000000,82.47000000,82.69000000,82.11000000,82.61000000,64800.18800000,1775728799999999,5339519.46280000,24182,33427.81500000,2754949.12113000,0
1775728800000000,82.60000000,82.66000000,82.37000000,82.58000000,45852.28200000,1775732399999999,3785359.67985000,19310,21591.69800000,1782621.81338000,0
1775732400000000,82.58000000,82.71000000,82.03000000,82.18000000,71393.51600000,1775735999999999,5876755.95851000,19614,26563.65700000,2186266.34851000,0
1775736000000000,82.18000000,82.39000000,81.94000000,82.28000000,72628.78600000,1775739599999999,5969190.18129000,23360,37942.34300000,3118729.26360000,0
1775739600000000,82.28000000,82.42000000,81.57000000,81.87000000,82373.58900000,1775743199999999,6751580.82290000,35159,43169.03600000,3538091.50952000,0
1775743200000000,81.87000000,82.32000000,81.40000000,82.19000000,92354.17900000,1775746799999999,7556821.29387000,40917,48082.31000000,3935314.13027000,0
1775746800000000,82.19000000,83.94000000,81.91000000,83.75000000,278939.12300000,1775750399999999,23214237.39281000,90627,188118.24800000,15673446.48143000,0
1775750400000000,83.75000000,84.24000000,82.92000000,83.68000000,193520.17500000,1775753999999999,16189780.96466000,69338,100508.81400000,8412933.73529000,0
1775754000000000,83.68000000,84.69000000,83.66000000,84.65000000,217434.93000000,1775757599999999,18312965.21224000,69944,134564.25800000,11337533.33735000,0
1775757600000000,84.65000000,84.70000000,83.45000000,83.83000000,179510.68500000,1775761199999999,15089335.23535000,60860,88038.98200000,7402030.51133000,0
1775761200000000,83.83000000,84.31000000,83.41000000,84.17000000,153751.56500000,1775764799999999,12914352.07578000,46330,70437.25900000,5913773.79981000,0
1775764800000000,84.16000000,84.53000000,84.09000000,84.27000000,80470.02400000,1775768399999999,6784526.52957000,32180,46197.87600000,3895718.90062000,0
1775768400000000,84.26000000,84.72000000,84.13000000,84.27000000,122337.75100000,1775771999999999,10319106.18925000,40015,74375.86500000,6272831.36700000,0
1775772000000000,84.27000000,85.95000000,83.95000000,83.99000000,268929.04700000,1775775599999999,22826461.12704000,85947,145927.66900000,12393655.47044000,0
1775775600000000,83.99000000,84.06000000,83.15000000,83.33000000,102644.42000000,1775779199999999,8574833.54556000,40292,46937.53200000,3919801.02224000,0
1775779200000000,83.33000000,83.39000000,82.89000000,83.13000000,106076.78900000,1775782799999999,8816361.79569000,38985,54698.97200000,4546389.34201000,0
1775782800000000,83.12000000,83.79000000,82.82000000,83.16000000,97896.81400000,1775786399999999,8153438.21952000,38277,53466.07200000,4454860.41155000,0
1775786400000000,83.16000000,83.46000000,83.03000000,83.25000000,58872.21600000,1775789999999999,4898648.75581000,20730,38691.11900000,3218773.26449000,0
1775790000000000,83.25000000,83.27000000,82.62000000,82.90000000,74110.81200000,1775793599999999,6147351.12419000,21074,33158.20000000,2749980.07183000,0
1775793600000000,82.89000000,83.53000000,82.87000000,83.36000000,78773.17300000,1775797199999999,6553131.21393000,16498,40184.50500000,3342267.78300000,0
1775797200000000,83.35000000,83.59000000,83.12000000,83.39000000,54937.26000000,1775800799999999,4581898.13368000,19018,29289.56800000,2442773.51218000,0
1775800800000000,83.39000000,83.47000000,83.10000000,83.20000000,70158.70300000,1775804399999999,5841290.99347000,18054,39777.33200000,3311583.66838000,0
1775804400000000,83.20000000,83.27000000,82.86000000,82.95000000,47465.29800000,1775807999999999,3945144.32701000,16866,21526.31400000,1789175.66275000,0
1775808000000000,82.95000000,83.11000000,82.70000000,82.92000000,133201.20200000,1775811599999999,11045460.93390000,24877,80774.96900000,6698034.97700000,0
1775811600000000,82.92000000,83.59000000,82.90000000,83.53000000,99364.00700000,1775815199999999,8281448.75155000,22897,65275.05800000,5440343.73546000,0
1775815200000000,83.52000000,83.54000000,83.11000000,83.31000000,65271.58700000,1775818799999999,5440195.75674000,22413,26286.34100000,2190125.82351000,0
1775818800000000,83.31000000,83.74000000,83.30000000,83.52000000,134945.20800000,1775822399999999,11280750.52726000,23899,79747.42700000,6666314.05098000,0
1775822400000000,83.52000000,84.42000000,83.36000000,84.11000000,183460.86900000,1775825999999999,15389003.33680000,45604,95665.87100000,8026591.69777000,0
1775826000000000,84.11000000,84.40000000,83.59000000,84.27000000,133036.04900000,1775829599999999,11182830.17296000,41044,73541.30200000,6183293.61187000,0
1775829600000000,84.27000000,85.24000000,84.19000000,85.08000000,216425.38700000,1775833199999999,18360383.08344000,77686,115998.90700000,9840263.81730000,0
1775833200000000,85.08000000,85.58000000,84.07000000,84.24000000,160429.16600000,1775836799999999,13608819.57293000,54237,73877.99700000,6271297.34225000,0
1775836800000000,84.25000000,84.91000000,84.14000000,84.84000000,85238.65000000,1775840399999999,7199051.01657000,36941,39787.99600000,3360819.11606000,0
1775840400000000,84.84000000,84.90000000,84.45000000,84.87000000,52014.46400000,1775843999999999,4407047.73536000,23922,28351.55800000,2402417.15263000,0
1775844000000000,84.88000000,85.27000000,84.62000000,85.21000000,57375.27800000,1775847599999999,4871930.45594000,24477,32931.84100000,2796840.44834000,0
1775847600000000,85.21000000,85.47000000,85.11000000,85.44000000,60754.56700000,1775851199999999,5180317.20109000,20629,27645.94400000,2357514.01509000,0
1775851200000000,85.45000000,85.67000000,85.05000000,85.45000000,69761.56800000,1775854799999999,5953725.45229000,24362,32605.01200000,2782914.54570000,0
1775854800000000,85.44000000,85.45000000,84.97000000,85.23000000,52339.23200000,1775858399999999,4454309.12366000,18868,19458.48200000,1656149.18648000,0
1775858400000000,85.24000000,85.28000000,84.65000000,84.87000000,59124.25100000,1775861999999999,5021551.83442000,18329,21171.87300000,1799372.15915000,0
1775862000000000,84.87000000,84.95000000,84.75000000,84.83000000,35045.79300000,1775865599999999,2972401.90681000,14994,13190.95800000,1118744.06633000,0
1775865600000000,84.83000000,84.85000000,84.52000000,84.68000000,28546.48000000,1775869199999999,2417099.25392000,12298,13393.86100000,1134154.81878000,0
1775869200000000,84.68000000,84.73000000,84.38000000,84.67000000,36725.16500000,1775872799999999,3104277.85208000,13147,18212.81700000,1539947.47546000,0
1775872800000000,84.68000000,84.93000000,84.59000000,84.80000000,39096.63900000,1775876399999999,3313255.48987000,12650,24155.87100000,2047198.64528000,0
1775876400000000,84.81000000,84.90000000,84.31000000,84.40000000,47538.69400000,1775879999999999,4022210.59449000,12246,18232.10800000,1542648.72137000,0
1775880000000000,84.40000000,84.62000000,84.21000000,84.38000000,49222.32000000,1775883599999999,4152683.76814000,15649,25566.54200000,2157233.03706000,0
1775883600000000,84.38000000,84.40000000,84.05000000,84.09000000,63764.29300000,1775887199999999,5369935.70421000,19592,29624.06900000,2495077.55079000,0
1775887200000000,84.09000000,84.19000000,83.87000000,84.13000000,49293.30100000,1775890799999999,4142350.47452000,16861,29554.74800000,2483939.01772000,0
1775890800000000,84.13000000,84.35000000,84.07000000,84.28000000,33463.68400000,1775894399999999,2818387.94010000,9609,20801.15100000,1752108.47336000,0
1775894400000000,84.27000000,84.43000000,84.17000000,84.17000000,34965.90400000,1775897999999999,2948364.67611000,9629,16039.05000000,1352262.85009000,0
1775898000000000,84.16000000,84.80000000,84.14000000,84.50000000,59388.34300000,1775901599999999,5019052.90998000,18200,34125.96300000,2884359.46749000,0
1775901600000000,84.49000000,84.53000000,83.95000000,84.05000000,60670.40200000,1775905199999999,5109034.68471000,15028,32230.89000000,2715088.86330000,0
1775905200000000,84.06000000,84.28000000,83.80000000,84.24000000,51201.76700000,1775908799999999,4303585.39310000,17969,31562.15800000,2653091.17261000,0
1775908800000000,84.24000000,84.57000000,84.06000000,84.24000000,64550.74300000,1775912399999999,5443573.13085000,13476,45115.16600000,3805667.35423000,0
1775912400000000,84.23000000,84.32000000,83.84000000,84.11000000,48225.85300000,1775915999999999,4054599.19433000,19975,24770.30600000,2082367.31418000,0
1775916000000000,84.11000000,84.42000000,84.02000000,84.38000000,82096.42400000,1775919599999999,6916348.26673000,20791,19636.25800000,1654289.58549000,0
1775919600000000,84.38000000,84.88000000,84.21000000,84.66000000,113695.96200000,1775923199999999,9616962.40638000,31738,49417.14700000,4182635.94439000,0
1775923200000000,84.67000000,85.40000000,84.60000000,84.98000000,69762.01600000,1775926799999999,5928229.99753000,27625,38514.17400000,3273801.70258000,0
1775926800000000,84.98000000,85.01000000,84.68000000,84.80000000,44810.65400000,1775930399999999,3802358.32712000,16411,21145.45300000,1794552.97892000,0
1775930400000000,84.80000000,85.80000000,84.64000000,85.48000000,166783.80300000,1775933999999999,14234397.72881000,41864,96597.31300000,8248625.07973000,0
1775934000000000,85.48000000,86.26000000,85.42000000,86.01000000,132164.50900000,1775937599999999,11349425.03370000,40460,78636.34500000,6753334.55328000,0
1775937600000000,86.01000000,86.08000000,85.12000000,85.40000000,79054.72000000,1775941199999999,6758134.62507000,28091,31666.30900000,2707607.33746000,0
1775941200000000,85.41000000,85.54000000,85.20000000,85.34000000,37853.41100000,1775944799999999,3230953.85597000,15980,16710.09700000,1426529.77538000,0
1775944800000000,85.33000000,86.19000000,85.05000000,85.28000000,114525.56800000,1775948399999999,9805376.08513000,27673,65552.25300000,5611828.73401000,0
1775948400000000,85.28000000,85.28000000,84.52000000,84.93000000,63501.22800000,1775951999999999,5389936.60374000,22835,30020.22700000,2548249.53414000,0
1775952000000000,84.94000000,85.00000000,84.70000000,84.90000000,45244.29700000,1775955599999999,3840559.04288000,17976,23406.50800000,1987221.35907000,0
1775955600000000,84.89000000,84.98000000,82.04000000,82.31000000,308493.58300000,1775959199999999,25665146.15830000,99067,119490.22400000,9925803.12211000,0
1775959200000000,82.30000000,83.03000000,81.84000000,82.67000000,184059.69600000,1775962799999999,15185310.64873000,59111,88833.41300000,7334985.74215000,0
1775962800000000,82.67000000,82.79000000,82.32000000,82.33000000,92852.06600000,1775966399999999,7664327.65815000,26306,47487.53200000,3919937.30213000,0
1775966400000000,82.32000000,82.46000000,82.15000000,82.21000000,65456.67300000,1775969999999999,5385231.79596000,18243,27940.76900000,2298921.57191000,0
1775970000000000,82.22000000,82.49000000,82.06000000,82.40000000,73411.84500000,1775973599999999,6044083.23137000,21205,44514.82800000,3665088.51606000,0
1775973600000000,82.40000000,82.50000000,82.20000000,82.27000000,56546.41200000,1775977199999999,4655283.29252000,15237,27648.31700000,2275976.75435000,0
1775977200000000,82.27000000,82.45000000,82.23000000,82.27000000,36842.00100000,1775980799999999,3033384.40898000,12459,18351.24600000,1510975.31493000,0
1775980800000000,82.28000000,82.31000000,82.15000000,82.29000000,46663.04100000,1775984399999999,3837240.12132000,10934,28650.69100000,2356141.97517000,0
1775984400000000,82.29000000,82.41000000,82.13000000,82.21000000,60498.18200000,1775987999999999,4977214.59327000,11999,35470.60700000,2918690.64719000,0
1775988000000000,82.21000000,82.34000000,81.93000000,82.04000000,54315.17500000,1775991599999999,4461227.40435000,15221,23583.43300000,1937468.56461000,0
1775991600000000,82.04000000,82.36000000,81.92000000,82.22000000,98856.38600000,1775995199999999,8115247.74875000,15156,39940.35000000,3279716.87677000,0
1775995200000000,82.21000000,82.56000000,81.88000000,82.02000000,130758.90700000,1775998799999999,10758384.22540000,28801,64803.89500000,5333805.57734000,0
1775998800000000,82.01000000,82.23000000,81.77000000,81.89000000,116659.08300000,1776002399999999,9563136.70026000,29866,55779.78600000,4572988.24274000,0
1776002400000000,81.89000000,82.10000000,81.29000000,81.56000000,184978.18200000,1776005999999999,15101864.66097000,38220,88440.92100000,7224523.54002000,0
1776006000000000,81.57000000,81.82000000,81.27000000,81.59000000,86391.83500000,1776009599999999,7045512.61305000,22792,37355.92800000,3047336.70662000,0
1776009600000000,81.59000000,81.88000000,81.53000000,81.88000000,39104.61400000,1776013199999999,3195505.68011000,14118,22917.68000000,1872812.03593000,0
1776013200000000,81.88000000,82.30000000,81.75000000,82.18000000,55990.85200000,1776016799999999,4591188.04586000,18019,30477.79500000,2499327.52018000,0
1776016800000000,82.19000000,82.32000000,82.04000000,82.13000000,44304.43000000,1776020399999999,3639898.85885000,12999,27202.95800000,2235021.10957000,0
1776020400000000,82.14000000,82.32000000,81.92000000,81.99000000,27307.16100000,1776023999999999,2242307.05835000,9634,12812.00600000,1052328.86591000,0
1776024000000000,81.98000000,82.88000000,81.94000000,82.67000000,82141.45900000,1776027599999999,6768002.58413000,20334,43140.98700000,3556410.19558000,0
1776027600000000,82.68000000,82.88000000,82.44000000,82.80000000,62715.43700000,1776031199999999,5184556.43715000,22206,34455.64000000,2848695.46605000,0
1776031200000000,82.79000000,82.82000000,81.37000000,81.98000000,153139.80900000,1776034799999999,12545882.86411000,70456,69617.19000000,5703574.44146000,0
1776034800000000,81.98000000,81.98000000,81.27000000,81.53000000,68060.74000000,1776038399999999,5547600.89014000,29448,23314.51400000,1900794.10733000,0
1776038400000000,81.54000000,82.22000000,81.40000000,82.15000000,82279.65700000,1776041999999999,6732584.35386000,33865,45881.03900000,3755239.15352000,0
1776042000000000,82.15000000,82.35000000,81.97000000,82.33000000,65671.91100000,1776045599999999,5394511.25007000,25516,27560.13700000,2264128.10980000,0
1776045600000000,82.33000000,82.44000000,81.89000000,81.94000000,56634.82600000,1776049199999999,4653542.19050000,21178,29729.54800000,2442867.98134000,0
1776049200000000,81.95000000,82.07000000,81.73000000,81.91000000,40186.90600000,1776052799999999,3290652.49866000,16408,15954.07300000,1306520.28972000,0
1776052800000000,81.90000000,82.25000000,81.85000000,81.90000000,29772.84400000,1776056399999999,2441756.75426000,14010,16884.24800000,1384861.10239000,0
1776056400000000,81.91000000,81.99000000,81.54000000,81.85000000,37385.63600000,1776059999999999,3056150.98400000,16028,14186.89600000,1159893.39534000,0
1776060000000000,81.85000000,82.60000000,81.81000000,82.36000000,90795.83900000,1776063599999999,7473338.19615000,25924,54546.36600000,4489743.29181000,0
1776063600000000,82.36000000,82.41000000,81.86000000,82.17000000,58374.44500000,1776067199999999,4790227.53910000,18015,23242.63300000,1907767.50523000,0
1776067200000000,82.17000000,82.32000000,81.74000000,81.86000000,95661.88000000,1776070799999999,7851199.84889000,25844,60375.74900000,4956271.04037000,0
1776070800000000,81.87000000,82.22000000,81.76000000,81.86000000,92083.04300000,1776074399999999,7545492.82568000,22519,34545.56400000,2831447.93260000,0
1776074400000000,81.86000000,81.97000000,81.64000000,81.73000000,53558.16300000,1776077999999999,4381702.26256000,26584,29515.82800000,2415082.98380000,0
1776078000000000,81.73000000,82.05000000,81.69000000,81.86000000,50123.55500000,1776081599999999,4103094.14396000,21449,28519.79000000,2334309.70100000,0
1776081600000000,81.86000000,82.79000000,81.82000000,82.54000000,100934.57000000,1776085199999999,8311370.76601000,30288,49965.19100000,4112133.69932000,0
1776085200000000,82.54000000,83.67000000,82.29000000,83.60000000,232735.15100000,1776088799999999,19287422.99665000,71910,141919.66800000,11762963.82024000,0
1776088800000000,83.60000000,83.81000000,82.76000000,83.77000000,203777.82200000,1776092399999999,16974973.66316000,70039,113562.65200000,9460085.05884000,0
1776092400000000,83.76000000,83.82000000,82.35000000,82.65000000,144120.07900000,1776095999999999,11960180.08423000,58297,66319.24500000,5504958.91128000,0
1776096000000000,82.66000000,83.62000000,82.34000000,83.35000000,148206.82400000,1776099599999999,12326279.34158000,77807,88599.94100000,7367571.16995000,0
1776099600000000,83.35000000,83.84000000,83.01000000,83.05000000,82216.63700000,1776103199999999,6858718.68300000,39534,44217.34700000,3690552.27388000,0
1776103200000000,83.05000000,83.27000000,82.58000000,83.22000000,78705.86400000,1776106799999999,6531130.64004000,31549,39645.40200000,3290390.45736000,0
1776106800000000,83.21000000,84.25000000,83.10000000,84.09000000,183354.55100000,1776110399999999,15351528.94147000,59098,103365.31900000,8656276.80968000,0
1776110400000000,84.09000000,84.36000000,83.81000000,83.93000000,148194.59600000,1776113999999999,12453929.24772000,36021,76038.99300000,6390509.49733000,0
1776114000000000,83.93000000,84.14000000,83.83000000,83.95000000,71960.20700000,1776117599999999,6042248.27002000,27516,31841.06800000,2673681.73052000,0
1776117600000000,83.95000000,86.47000000,83.94000000,86.22000000,440130.76200000,1776121199999999,37669122.30693000,149674,247287.44700000,21159993.47858000,0
1776121200000000,86.22000000,86.81000000,85.91000000,86.51000000,363524.64700000,1776124799999999,31399885.62557000,119096,183286.20800000,15834733.20415000,0
1776124800000000,86.51000000,86.75000000,85.37000000,85.91000000,332884.83400000,1776128399999999,28695397.12135000,73942,143071.84600000,12341409.56229000,0
1776128400000000,85.90000000,86.12000000,85.67000000,85.95000000,121817.32300000,1776131999999999,10468573.31710000,38939,59972.86600000,5155088.38974000,0
1776132000000000,85.96000000,86.39000000,85.80000000,86.22000000,156685.60600000,1776135599999999,13496725.23289000,40432,77692.14800000,6694450.80477000,0
1776135600000000,86.21000000,86.27000000,85.98000000,86.05000000,65868.90100000,1776139199999999,5672472.95428000,23456,29476.28900000,2538742.74946000,0
1776139200000000,86.05000000,86.06000000,85.56000000,85.89000000,96691.97300000,1776142799999999,8296585.14537000,21877,47110.49100000,4042082.75358000,0
1776142800000000,85.89000000,85.92000000,85.43000000,85.50000000,56679.20300000,1776146399999999,4857356.24439000,21520,23648.82600000,2026976.23865000,0
1776146400000000,85.50000000,86.09000000,85.50000000,85.94000000,78580.52400000,1776149999999999,6742000.70408000,18888,41485.88400000,3559073.44411000,0
1776150000000000,85.95000000,86.20000000,85.79000000,85.88000000,133553.61000000,1776153599999999,11483076.94485000,32078,63962.94400000,5499884.43991000,0
1776153600000000,85.88000000,86.38000000,85.72000000,86.12000000,100718.98800000,1776157199999999,8668522.23096000,27053,56109.97000000,4830338.94156000,0
1776157200000000,86.13000000,86.26000000,85.97000000,86.08000000,72971.60000000,1776160799999999,6283154.11331000,17100,35891.91600000,3090804.40133000,0
1776160800000000,86.08000000,86.56000000,86.00000000,86.01000000,105853.74700000,1776164399999999,9129321.27948000,21675,58245.71300000,5024481.50481000,0
1776164400000000,86.01000000,86.11000000,85.60000000,85.78000000,174896.81200000,1776167999999999,15018790.22244000,31205,96701.45000000,8305219.94745000,0
1776168000000000,85.78000000,86.00000000,85.60000000,85.96000000,96400.84600000,1776171599999999,8271542.45988000,30414,55354.69500000,4750369.50043000,0
1776171600000000,85.96000000,87.41000000,85.92000000,87.29000000,300261.89800000,1776175199999999,26062021.62211000,75998,188989.21100000,16405588.57797000,0
1776175200000000,87.30000000,87.67000000,86.01000000,86.02000000,365845.85400000,1776178799999999,31774808.37649000,98677,180311.16800000,15667021.00586000,0
1776178800000000,86.02000000,86.32000000,85.25000000,85.95000000,229750.81600000,1776182399999999,19701554.14043000,73013,114344.54200000,9806178.95457000,0
1776182400000000,85.95000000,86.17000000,84.77000000,85.04000000,190450.40800000,1776185999999999,16282409.46451000,53813,76708.88900000,6560287.28399000,0
1776186000000000,85.04000000,85.45000000,84.70000000,85.24000000,98970.16500000,1776189599999999,8423588.46544000,39305,49447.00200000,4208796.77609000,0
1776189600000000,85.25000000,85.42000000,83.89000000,84.08000000,133156.72200000,1776193199999999,11254561.87051000,48920,59255.81700000,5011023.81916000,0
1776193200000000,84.08000000,84.32000000,83.71000000,83.95000000,148166.86700000,1776196799999999,12444110.34691000,44071,66638.84400000,5598887.50185000,0
1776196800000000,83.94000000,84.14000000,83.41000000,83.61000000,125333.73200000,1776200399999999,10494805.29468000,31102,44651.37200000,3738052.58733000,0
1776200400000000,83.61000000,83.95000000,83.54000000,83.82000000,75895.94900000,1776203999999999,6353522.80441000,24064,39766.87100000,3329125.56346000,0
1776204000000000,83.81000000,83.94000000,83.30000000,83.51000000,159541.96900000,1776207599999999,13325576.84154000,35951,77705.08100000,6490953.59214000,0
1776207600000000,83.51000000,84.06000000,83.46000000,83.72000000,112006.34500000,1776211199999999,9382692.06108000,26190,64456.29900000,5400429.35614000,0
1776211200000000,83.72000000,84.06000000,83.53000000,83.78000000,191698.64300000,1776214799999999,16056190.44356000,43362,99414.26300000,8327864.47226000,0
1776214800000000,83.78000000,84.03000000,83.55000000,83.91000000,132604.63900000,1776218399999999,11110748.50651000,37262,65768.52600000,5511409.90813000,0
1776218400000000,83.92000000,84.02000000,83.13000000,83.40000000,129297.80300000,1776221999999999,10798002.22262000,35818,69770.73600000,5826983.19206000,0
1776222000000000,83.40000000,83.52000000,83.29000000,83.45000000,39882.13900000,1776225599999999,3325838.20208000,18497,19804.38500000,1651541.72883000,0
1776225600000000,83.45000000,83.66000000,83.32000000,83.61000000,53482.98000000,1776229199999999,4467257.73448000,21653,28070.40500000,2344925.54615000,0
1776229200000000,83.60000000,83.79000000,82.95000000,83.14000000,129880.49600000,1776232799999999,10808328.81428000,35463,53233.66800000,4432345.35408000,0
1776232800000000,83.13000000,83.14000000,82.86000000,83.01000000,66020.40200000,1776236399999999,5479220.58440000,23733,35501.05100000,2946458.68586000,0
1776236400000000,83.01000000,83.22000000,82.65000000,82.92000000,114464.79400000,1776239999999999,9485049.96400000,34675,52693.20300000,4366468.18746000,0
1776240000000000,82.92000000,83.29000000,82.71000000,83.14000000,81498.95200000,1776243599999999,6764055.76491000,24417,47233.72700000,3920889.19459000,0
1776243600000000,83.14000000,83.24000000,82.87000000,83.16000000,73375.28600000,1776247199999999,6095518.63231000,24758,31129.94200000,2585879.74040000,0
1776247200000000,83.16000000,83.66000000,82.90000000,83.15000000,93362.48700000,1776250799999999,7768277.62384000,33576,50794.35100000,4226692.44128000,0
1776250800000000,83.16000000,83.68000000,83.06000000,83.61000000,98363.23900000,1776254399999999,8205468.74641000,31417,57445.13800000,4792276.05755000,0
1776254400000000,83.60000000,83.89000000,83.38000000,83.72000000,100348.26800000,1776257999999999,8392841.22194000,35232,51515.02900000,4309154.71192000,0
1776258000000000,83.71000000,83.81000000,83.21000000,83.63000000,120686.84500000,1776261599999999,10077535.30342000,51053,62559.18800000,5224747.71957000,0
1776261600000000,83.63000000,84.49000000,83.41000000,84.30000000,157451.70200000,1776265199999999,13236649.75816000,54934,94774.35100000,7969782.83442000,0
1776265200000000,84.31000000,84.47000000,83.50000000,84.00000000,141872.25800000,1776268799999999,11906871.36488000,48561,63261.07000000,5309767.47517000,0
1776268800000000,84.00000000,84.70000000,83.90000000,84.54000000,128392.20600000,1776272399999999,10842361.89600000,47085,69220.60300000,5844889.72151000,0
1776272400000000,84.54000000,85.14000000,84.44000000,84.69000000,129574.96000000,1776275999999999,10983534.74854000,43743,69731.45600000,5913256.57953000,0
1776276000000000,84.70000000,85.06000000,84.59000000,85.03000000,78508.13600000,1776279599999999,6666205.06475000,32466,34406.40500000,2921597.31256000,0
1776279600000000,85.03000000,85.83000000,84.93000000,85.51000000,151069.12100000,1776283199999999,12899809.78023000,53641,81414.28600000,6953265.25005000,0
1776283200000000,85.51000000,85.56000000,84.63000000,84.79000000,135827.10700000,1776286799999999,11533242.17162000,37503,46078.82700000,3913412.10124000,0
1776286800000000,84.79000000,84.89000000,84.18000000,84.78000000,92419.99800000,1776290399999999,7810092.04715000,31143,49979.62600000,4223560.46820000,0
1776290400000000,84.78000000,85.59000000,84.73000000,85.02000000,93709.13100000,1776293999999999,7981516.84197000,44689,48355.31100000,4119443.78531000,0
1776294000000000,85.02000000,85.03000000,84.62000000,84.90000000,68657.00100000,1776297599999999,5823841.10212000,21886,31395.71200000,2663596.01463000,0
1776297600000000,84.90000000,85.06000000,84.48000000,84.92000000,60078.79200000,1776301199999999,5093178.49830000,21754,29591.46500000,2508451.58645000,0
1776301200000000,84.93000000,84.93000000,84.45000000,84.85000000,48658.32400000,1776304799999999,4121946.97510000,21142,19282.45600000,1633718.86623000,0
1776304800000000,84.84000000,85.58000000,84.71000000,85.10000000,87837.02600000,1776308399999999,7482371.51540000,42420,38881.35000000,3311595.21545000,0
1776308400000000,85.10000000,85.50000000,85.08000000,85.28000000,73354.38700000,1776311999999999,6257686.07144000,34203,41972.33800000,3580840.83592000,0
1776312000000000,85.29000000,85.56000000,84.99000000,85.24000000,61129.35200000,1776315599999999,5213842.97722000,29677,30360.02400000,2589777.96063000,0
1776315600000000,85.23000000,85.52000000,85.06000000,85.40000000,46915.04300000,1776319199999999,4002106.69487000,20069,24930.44400000,2126678.94040000,0
1776319200000000,85.41000000,85.54000000,85.18000000,85.47000000,41697.54200000,1776322799999999,3560927.12026000,19290,21019.06600000,1795259.80708000,0
1776322800000000,85.48000000,85.71000000,85.11000000,85.21000000,92560.61900000,1776326399999999,7913514.42032000,25999,42178.17100000,3605657.50847000,0
1776326400000000,85.21000000,85.31000000,84.90000000,85.03000000,101991.84100000,1776329999999999,8679787.85382000,24385,49225.22400000,4189344.86153000,0
1776330000000000,85.04000000,85.51000000,84.96000000,85.20000000,112014.37800000,1776333599999999,9554130.70787000,23109,62097.98500000,5296626.21053000,0
1776333600000000,85.20000000,85.25000000,84.64000000,85.04000000,98249.50600000,1776337199999999,8353594.54353000,29567,44062.64700000,3746328.06064000,0
1776337200000000,85.04000000,85.17000000,84.94000000,85.07000000,45443.98700000,1776340799999999,3864072.84961000,17190,21407.89600000,1820460.91995000,0
1776340800000000,85.07000000,85.50000000,85.06000000,85.38000000,56250.48900000,1776344399999999,4799155.28967000,25042,28449.87100000,2427543.17201000,0
1776344400000000,85.38000000,86.28000000,83.80000000,84.79000000,288961.16900000,1776347999999999,24638782.71994000,99829,135354.27000000,11545363.81397000,0
1776348000000000,84.79000000,85.70000000,84.06000000,85.39000000,274478.21600000,1776351599999999,23256962.79425000,86356,151892.16100000,12874169.22380000,0
1776351600000000,85.39000000,87.13000000,85.29000000,86.62000000,437622.23500000,1776355199999999,37829705.67937000,117213,245348.17800000,21205016.84129000,0
1776355200000000,86.62000000,87.09000000,85.63000000,85.94000000,202425.78400000,1776358799999999,17506208.16828000,78720,87742.66300000,7591134.22505000,0
1776358800000000,85.93000000,86.78000000,85.69000000,86.64000000,161999.53600000,1776362399999999,13960969.87671000,53597,85239.39500000,7349837.73951000,0
1776362400000000,86.65000000,89.09000000,86.50000000,89.01000000,631298.72600000,1776365999999999,55490476.72249000,137045,400841.12100000,35264154.91487000,0
1776366000000000,89.01000000,90.16000000,88.66000000,90.10000000,365517.14800000,1776369599999999,32681464.90899000,90675,226502.68300000,20262335.87916000,0
1776369600000000,90.10000000,90.53000000,89.24000000,89.59000000,267119.39000000,1776373199999999,23993840.72428000,74895,134335.12100000,12074989.78943000,0
1776373200000000,89.59000000,89.77000000,88.72000000,88.93000000,165612.12300000,1776376799999999,14766998.44602000,52141,66257.34600000,5908791.07505000,0
1776376800000000,88.94000000,89.46000000,88.87000000,89.00000000,130240.87400000,1776380399999999,11612872.06945000,36914,76070.75900000,6785005.34087000,0
1776380400000000,88.99000000,89.22000000,88.81000000,89.05000000,88834.85400000,1776383999999999,7904324.09335000,27263,41427.68400000,3686411.08212000,0
1776384000000000,89.06000000,89.19000000,88.58000000,88.82000000,85258.25100000,1776387599999999,7573340.00215000,28574,34525.91300000,3067716.59947000,0
1776387600000000,88.81000000,89.01000000,87.91000000,88.24000000,112178.83600000,1776391199999999,9914079.96959000,32524,43503.92800000,3845000.53165000,0
1776391200000000,88.24000000,88.36000000,87.55000000,87.86000000,107658.67600000,1776394799999999,9457585.46419000,27335,33932.71700000,2981945.88398000,0
1776394800000000,87.87000000,87.97000000,87.48000000,87.72000000,61419.59400000,1776398399999999,5388162.92256000,19866,24683.62400000,2165793.62084000,0
1776398400000000,87.73000000,88.28000000,87.69000000,88.00000000,69680.33000000,1776401999999999,6136979.10990000,20277,36249.77500000,3191583.46224000,0
1776402000000000,88.01000000,88.01000000,87.41000000,87.41000000,111655.17600000,1776405599999999,9781315.81071000,27154,52984.03000000,4641043.18367000,0
1776405600000000,87.41000000,88.10000000,87.36000000,88.00000000,50926.29100000,1776409199999999,4468510.29045000,19990,27518.41700000,2415471.62837000,0
1776409200000000,88.01000000,88.47000000,87.96000000,88.12000000,118752.07900000,1776412799999999,10468925.00608000,29673,40275.35700000,3553228.30264000,0
1776412800000000,88.13000000,89.08000000,88.11000000,88.93000000,175046.30300000,1776416399999999,15506126.37003000,37292,113195.42400000,10028333.73432000,0
1776416400000000,88.94000000,89.53000000,88.30000000,88.72000000,170811.53300000,1776419999999999,15159216.56093000,56615,83881.27000000,7445847.55518000,0
1776420000000000,88.71000000,88.74000000,87.34000000,87.67000000,225418.91500000,1776423599999999,19836224.90585000,52405,102271.36500000,9000790.41825000,0
1776423600000000,87.67000000,88.33000000,87.62000000,88.21000000,80354.03000000,1776427199999999,7070913.01426000,29062,42413.26500000,3731550.45023000,0
1776427200000000,88.22000000,88.92000000,87.91000000,88.89000000,153748.48500000,1776430799999999,13590222.41205000,58270,89798.58300000,7940061.62766000,0
1776430800000000,88.89000000,90.51000000,88.57000000,90.12000000,1359556.70200000,1776434399999999,121480310.35243000,234679,900630.74800000,80400728.08611000,0
1776434400000000,90.13000000,90.73000000,89.63000000,90.03000000,343923.80800000,1776437999999999,30985571.58218000,108960,178718.26900000,16104235.74077000,0
1776438000000000,90.03000000,90.19000000,89.49000000,89.95000000,232735.55600000,1776441599999999,20907678.82453000,78751,99419.34400000,8933984.64932000,0
1776441600000000,89.95000000,90.59000000,89.89000000,90.42000000,159251.06000000,1776445199999999,14369121.17534000,52120,88674.09000000,8001653.02545000,0
1776445200000000,90.43000000,90.43000000,89.08000000,89.74000000,152668.55900000,1776448799999999,13691956.93076000,66351,70525.23800000,6324547.62281000,0
1776448800000000,89.74000000,89.83000000,88.88000000,89.17000000,112300.51100000,1776452399999999,10013985.43963000,49311,58082.69600000,5179693.00604000,0
1776452400000000,89.17000000,89.51000000,88.92000000,89.23000000,65089.35800000,1776455999999999,5810139.54677000,38669,32512.04400000,2902938.52305000,0
1776456000000000,89.24000000,89.37000000,88.51000000,89.00000000,93772.74300000,1776459599999999,8339201.13015000,34154,30515.01200000,2714291.06002000,0
1776459600000000,89.00000000,89.27000000,88.80000000,89.13000000,60853.08500000,1776463199999999,5421500.81933000,25254,26785.81000000,2386542.87434000,0
1776463200000000,89.12000000,89.47000000,88.94000000,89.22000000,58243.11200000,1776466799999999,5195898.72791000,24362,27304.24300000,2436697.73335000,0
1776466800000000,89.22000000,89.22000000,88.50000000,88.76000000,75905.39500000,1776470399999999,6740316.43021000,25407,36679.43800000,3258038.15272000,0
1776470400000000,88.77000000,89.14000000,88.66000000,88.96000000,48970.67100000,1776473999999999,4351118.38524000,23547,22357.03300000,1986488.35982000,0
1776474000000000,88.97000000,89.16000000,88.69000000,88.86000000,44592.73500000,1776477599999999,3965817.44014000,20688,20690.58600000,1840510.91255000,0
1776477600000000,88.86000000,89.10000000,88.67000000,88.94000000,32482.35700000,1776481199999999,2889161.27552000,17037,21071.37400000,1874679.70999000,0
1776481200000000,88.93000000,88.93000000,88.23000000,88.33000000,71580.66800000,1776484799999999,6341470.26034000,25352,23836.38200000,2113189.68161000,0
1776484800000000,88.34000000,88.55000000,88.24000000,88.36000000,72227.13200000,1776488399999999,6385402.45698000,21285,28873.38300000,2552565.77010000,0
1776488400000000,88.35000000,88.64000000,88.16000000,88.40000000,127683.44400000,1776491999999999,11280251.35949000,22011,52919.72600000,4675572.61778000,0
1776492000000000,88.40000000,88.62000000,88.30000000,88.50000000,56816.06400000,1776495599999999,5027490.00447000,17765,36737.13500000,3251191.83260000,0
1776495600000000,88.51000000,88.55000000,88.30000000,88.45000000,50042.38800000,1776499199999999,4425766.34825000,15063,23775.77600000,2102817.93995000,0
1776499200000000,88.45000000,88.50000000,87.10000000,87.56000000,232918.00000000,1776502799999999,20404904.95135000,58204,91605.25400000,8023064.36537000,0
1776502800000000,87.55000000,87.68000000,87.14000000,87.62000000,98947.07200000,1776506399999999,8650822.68112000,27747,46299.76900000,4048109.97119000,0
1776506400000000,87.62000000,87.63000000,86.77000000,86.97000000,151899.76700000,1776509999999999,13236712.87494000,36058,67811.75800000,5912505.49016000,0
1776510000000000,86.96000000,86.97000000,86.28000000,86.53000000,146972.06300000,1776513599999999,12737309.14063000,37620,62741.99600000,5435403.96942000,0
1776513600000000,86.54000000,86.96000000,86.51000000,86.91000000,98586.97800000,1776517199999999,8556841.67319000,29729,54669.91100000,4745068.72926000,0
1776517200000000,86.90000000,86.98000000,86.41000000,86.74000000,80883.18400000,1776520799999999,7012421.11293000,25515,35314.23400000,3061307.92841000,0
1776520800000000,86.73000000,86.86000000,86.43000000,86.82000000,57419.54400000,1776524399999999,4979035.20217000,19856,29098.93500000,2523668.12793000,0
1776524400000000,86.83000000,86.96000000,86.57000000,86.75000000,59070.87100000,1776527999999999,5127102.55784000,16018,36411.20800000,3161326.66837000,0
1776528000000000,86.75000000,86.98000000,86.43000000,86.70000000,74388.82500000,1776531599999999,6449081.71353000,21438,30270.27400000,2625297.88933000,0
1776531600000000,86.69000000,86.84000000,86.50000000,86.74000000,38873.48400000,1776535199999999,3369189.32266000,12900,14578.20200000,1263843.69649000,0
1776535200000000,86.74000000,86.75000000,85.78000000,85.95000000,121979.48000000,1776538799999999,10510837.08523000,35874,42428.12100000,3655018.46374000,0
1776538800000000,85.95000000,86.29000000,85.93000000,86.13000000,43439.19100000,1776542399999999,3742167.19233000,16338,23558.18400000,2029542.96848000,0
1776542400000000,86.12000000,86.30000000,86.00000000,86.18000000,35078.48300000,1776545999999999,3022290.19312000,14380,17415.96100000,1500740.38711000,0
1776546000000000,86.18000000,86.27000000,86.03000000,86.23000000,34183.22000000,1776549599999999,2945986.13838000,13385,18269.19700000,1574585.45111000,0
1776549600000000,86.23000000,86.36000000,85.92000000,86.30000000,75875.50200000,1776553199999999,6534972.91090000,18903,44771.44100000,3856573.45672000,0
1776553200000000,86.29000000,86.46000000,86.13000000,86.16000000,38279.42000000,1776556799999999,3303073.25794000,13358,18230.25900000,1573588.49951000,0
1776556800000000,86.15000000,86.38000000,85.86000000,86.01000000,57223.94200000,1776560399999999,4924514.84000000,18678,20557.61300000,1769482.90839000,0
1776560400000000,86.02000000,86.23000000,85.60000000,85.76000000,48997.97800000,1776563999999999,4205403.83159000,18409,21727.11100000,1865497.22522000,0
1776564000000000,85.76000000,85.86000000,85.24000000,85.53000000,83467.12000000,1776567599999999,7140447.52425000,26915,32089.30300000,2745604.82412000,0
1776567600000000,85.53000000,85.79000000,85.30000000,85.60000000,41129.48200000,1776571199999999,3520003.80809000,15461,18914.31700000,1619459.38508000,0
1776571200000000,85.60000000,85.96000000,85.14000000,85.58000000,82555.97800000,1776574799999999,7061439.06310000,21902,30542.74200000,2613925.57330000,0
1776574800000000,85.57000000,85.80000000,85.40000000,85.48000000,66328.95100000,1776578399999999,5674626.34470000,16116,31287.25200000,2677108.33424000,0
1776578400000000,85.49000000,85.66000000,85.14000000,85.45000000,83883.28000000,1776581999999999,7166258.29175000,20254,41351.92800000,3532095.51239000,0
1776582000000000,85.45000000,85.45000000,84.43000000,84.88000000,197613.90500000,1776585599999999,16751129.96866000,49436,93976.58200000,7964030.21455000,0
1776585600000000,84.88000000,85.14000000,84.62000000,84.80000000,119645.85200000,1776589199999999,10153767.55994000,26102,63947.44700000,5427766.78288000,0
1776589200000000,84.80000000,85.08000000,84.57000000,84.59000000,132055.57900000,1776592799999999,11197867.69268000,23082,74703.89700000,6337676.34855000,0
1776592800000000,84.59000000,84.90000000,84.44000000,84.79000000,62625.26300000,1776596399999999,5300589.55574000,19362,32328.01400000,2736735.93986000,0
1776596400000000,84.79000000,85.71000000,84.76000000,85.60000000,141872.07900000,1776599999999999,12111824.01280000,33387,89312.14000000,7625413.46050000,0
1776600000000000,85.61000000,85.96000000,85.55000000,85.79000000,96077.57900000,1776603599999999,8232479.28484000,29430,57550.83400000,4931745.41671000,0
1776603600000000,85.79000000,86.96000000,85.76000000,86.33000000,152065.71100000,1776607199999999,13145720.58171000,45916,96814.51500000,8369434.76538000,0
1776607200000000,86.34000000,87.12000000,85.98000000,86.53000000,164411.61000000,1776610799999999,14248295.43390000,42559,93230.27100000,8084412.02237000,0
1776610800000000,86.53000000,86.67000000,85.59000000,86.36000000,140416.06100000,1776614399999999,12097006.78307000,42083,73678.23300000,6348478.26257000,0
1776614400000000,86.35000000,86.50000000,85.72000000,85.86000000,73020.46600000,1776617999999999,6287970.15087000,35499,31631.80000000,2725221.82742000,0
1776618000000000,85.85000000,85.99000000,85.00000000,85.13000000,120654.58800000,1776621599999999,10314268.16932000,45317,45847.30800000,3921623.43850000,0
1776621600000000,85.14000000,85.30000000,84.88000000,85.11000000,92210.06100000,1776625199999999,7844897.65918000,34946,35581.68100000,3027527.04217000,0
1776625200000000,85.10000000,85.55000000,85.10000000,85.33000000,63856.71600000,1776628799999999,5451693.75176000,22099,25537.73300000,2180326.89110000,0
1776628800000000,85.33000000,85.35000000,84.72000000,84.94000000,98797.16700000,1776632399999999,8399076.44392000,29903,46977.79400000,3993861.90906000,0
1776632400000000,84.95000000,85.24000000,84.61000000,84.70000000,50887.13600000,1776635999999999,4323343.84983000,22960,25997.54700000,2209167.50368000,0
1776636000000000,84.69000000,84.69000000,82.94000000,83.77000000,315408.32200000,1776639599999999,26397504.14530000,97423,143370.60100000,11994672.66444000,0
1776639600000000,83.76000000,83.77000000,83.32000000,83.47000000,109644.23900000,1776643199999999,9155294.25626000,32438,43562.19100000,3638972.60695000,0
1776643200000000,83.47000000,84.19000000,83.34000000,84.00000000,141045.71400000,1776646799999999,11817139.77285000,34421,80032.99300000,6704919.55001000,0
1776646800000000,84.00000000,84.56000000,83.96000000,84.35000000,86913.60400000,1776650399999999,7321458.40675000,29660,38225.17300000,3220611.46255000,0
1776650400000000,84.36000000,84.39000000,83.72000000,84.21000000,62274.31000000,1776653999999999,5237625.28559000,21417,27753.27100000,2334042.35920000,0
1776654000000000,84.21000000,84.62000000,84.13000000,84.59000000,38416.72100000,1776657599999999,3242135.23286000,15011,22289.23700000,1881234.08186000,0
1776657600000000,84.59000000,84.62000000,84.26000000,84.58000000,45116.89900000,1776661199999999,3810589.46011000,11982,28716.47100000,2425769.71951000,0
1776661200000000,84.58000000,84.59000000,83.75000000,83.87000000,80771.68100000,1776664799999999,6788632.55625000,17870,47586.38800000,3998866.40337000,0
1776664800000000,83.88000000,84.75000000,83.78000000,84.46000000,87312.48700000,1776668399999999,7353116.85334000,24957,47204.77200000,3977457.25991000,0
1776668400000000,84.47000000,85.76000000,84.44000000,84.73000000,172846.75400000,1776671999999999,14709825.27070000,56399,98297.67000000,8368334.06364000,0
1776672000000000,84.74000000,85.14000000,84.57000000,84.69000000,84844.80600000,1776675599999999,7195445.24461000,27978,43583.11800000,3697199.69687000,0
1776675600000000,84.68000000,85.26000000,84.64000000,85.08000000,68420.16300000,1776679199999999,5815921.09190000,26154,41009.00000000,3485969.34546000,0
1776679200000000,85.08000000,85.40000000,84.82000000,84.86000000,71989.16300000,1776682799999999,6130854.08578000,23235,38668.41100000,3294172.06670000,0
1776682800000000,84.85000000,85.37000000,84.78000000,85.07000000,79807.50600000,1776686399999999,6791017.42111000,21373,41108.47300000,3497657.48780000,0
1776686400000000,85.06000000,85.54000000,84.85000000,85.32000000,94827.02700000,1776689999999999,8080100.41584000,33605,48328.67200000,4118421.94374000,0
1776690000000000,85.32000000,85.54000000,84.87000000,85.31000000,126381.10600000,1776693599999999,10773540.81040000,54158,56294.93500000,4800376.59574000,0
1776693600000000,85.31000000,85.81000000,84.54000000,84.80000000,211847.28700000,1776697199999999,18063243.24394000,73047,121059.48700000,10325882.75022000,0
1776697200000000,84.80000000,85.88000000,84.42000000,85.86000000,191197.26700000,1776700799999999,16308554.04710000,69945,114674.72200000,9793564.86540000,0
1776700800000000,85.86000000,85.88000000,85.26000000,85.31000000,71216.64300000,1776704399999999,6095525.30121000,32949,26350.52100000,2255111.46722000,0
1776704400000000,85.31000000,86.12000000,85.25000000,85.69000000,78669.48800000,1776707999999999,6750201.31632000,37635,43305.26400000,3716116.36547000,0
1776708000000000,85.70000000,86.22000000,85.70000000,86.07000000,170230.15500000,1776711599999999,14640024.68715000,42644,91805.26300000,7895991.99259000,0
1776711600000000,86.07000000,86.11000000,85.77000000,85.80000000,54551.55200000,1776715199999999,4688311.71384000,18808,20327.02600000,1747252.24114000,0
1776715200000000,85.80000000,86.17000000,85.66000000,85.95000000,84584.86600000,1776718799999999,7263497.94785000,22557,43082.76300000,3700341.95234000,0
1776718800000000,85.95000000,86.21000000,85.58000000,85.79000000,58847.70300000,1776722399999999,5052392.81048000,21588,28312.61500000,2431391.90052000,0
1776722400000000,85.80000000,86.07000000,85.60000000,85.70000000,46906.98500000,1776725999999999,4025167.29773000,15793,22131.57400000,1899416.76297000,0
1776726000000000,85.71000000,85.71000000,85.21000000,85.28000000,91326.86300000,1776729599999999,7793384.85346000,22590,29515.68700000,2519019.37612000,0
1776729600000000,85.29000000,85.77000000,85.22000000,85.66000000,60105.10000000,1776733199999999,5137702.32708000,23613,38917.17500000,3326903.25653000,0
1776733200000000,85.66000000,85.83000000,85.35000000,85.43000000,34346.20700000,1776736799999999,2939920.51057000,16120,18645.79800000,1596080.46268000,0
1776736800000000,85.44000000,85.46000000,85.17000000,85.27000000,53373.23000000,1776740399999999,4552318.64977000,22573,30481.93300000,2599926.76419000,0
1776740400000000,85.26000000,85.55000000,85.00000000,85.17000000,108159.26800000,1776743999999999,9223162.21152000,24499,52561.35100000,4484531.67681000,0
1776744000000000,85.17000000,85.47000000,85.02000000,85.44000000,69685.66100000,1776747599999999,5935218.97113000,17931,33597.16600000,2861943.45622000,0
1776747600000000,85.43000000,85.83000000,85.41000000,85.67000000,100744.59500000,1776751199999999,8629922.39259000,28064,45966.82600000,3937846.39161000,0
1776751200000000,85.68000000,85.95000000,85.19000000,85.67000000,82830.90800000,1776754799999999,7089036.66410000,22010,34115.68000000,2919908.78366000,0
1776754800000000,85.68000000,85.98000000,85.41000000,85.71000000,65624.68700000,1776758399999999,5627657.40037000,22269,36415.49500000,3123765.70422000,0
1776758400000000,85.71000000,86.38000000,85.63000000,85.81000000,91833.75700000,1776761999999999,7894678.30762000,29450,49726.91500000,4276178.27563000,0
1776762000000000,85.80000000,85.91000000,85.52000000,85.89000000,48774.10200000,1776765599999999,4182318.72470000,19172,22582.21600000,1937329.73609000,0
1776765600000000,85.89000000,86.32000000,85.84000000,86.16000000,55031.48500000,1776769199999999,4738323.99604000,19150,32106.35400000,2764542.03635000,0
1776769200000000,86.16000000,86.17000000,85.72000000,85.85000000,61157.72700000,1776772799999999,5257616.87407000,23230,32886.39000000,2827173.90200000,0
1776772800000000,85.85000000,86.04000000,85.17000000,85.52000000,100889.04500000,1776776399999999,8629016.97649000,37166,47214.25600000,4039250.94775000,0
1776776400000000,85.51000000,85.85000000,85.30000000,85.81000000,74144.26300000,1776779999999999,6341051.81723000,38688,45869.80700000,3922723.35301000,0
1776780000000000,85.82000000,86.89000000,85.61000000,85.76000000,173602.33300000,1776783599999999,14966856.12076000,73239,95819.60300000,8262603.90941000,0
1776783600000000,85.77000000,86.28000000,85.40000000,86.05000000,100946.10800000,1776787199999999,8669919.37172000,54064,51447.74300000,4419328.68737000,0
1776787200000000,86.05000000,86.30000000,85.66000000,85.69000000,98335.23200000,1776790799999999,8460719.54075000,39166,54284.41100000,4671015.24816000,0
1776790800000000,85.70000000,85.80000000,84.73000000,85.31000000,152884.36300000,1776794399999999,13039323.02369000,72043,69128.48500000,5895285.97341000,0
1776794400000000,85.32000000,85.39000000,84.73000000,85.25000000,89556.45000000,1776797999999999,7619557.73800000,34716,42623.09000000,3625762.98633000,0
1776798000000000,85.24000000,85.72000000,84.31000000,84.57000000,100723.14000000,1776801599999999,8552060.88899000,52519,43063.03300000,3659890.63635000,0
1776801600000000,84.57000000,85.75000000,84.43000000,85.42000000,177588.99900000,1776805199999999,15146290.90263000,46492,104819.83900000,8942288.59973000,0
1776805200000000,85.42000000,85.59000000,85.01000000,85.16000000,57815.66700000,1776808799999999,4930691.17656000,17565,27519.69000000,2347330.93199000,0
1776808800000000,85.15000000,85.45000000,84.99000000,85.36000000,60127.15000000,1776812399999999,5122982.16635000,20355,33617.58100000,2864939.53254000,0
1776812400000000,85.35000000,86.13000000,85.34000000,86.03000000,93307.79200000,1776815999999999,8003538.43204000,34943,50871.43700000,4363567.02486000,0
1776816000000000,86.04000000,86.51000000,86.01000000,86.48000000,127542.21600000,1776819599999999,11005620.48548000,32933,78158.11000000,6744889.19981000,0
1776819600000000,86.49000000,86.53000000,86.09000000,86.27000000,72415.90000000,1776823199999999,6251522.33319000,26379,37184.10800000,3210631.12150000,0
1776823200000000,86.27000000,87.57000000,86.20000000,87.42000000,253231.31600000,1776826799999999,22060035.27651000,75686,150249.27600000,13090812.16837000,0
1776826800000000,87.42000000,87.87000000,87.12000000,87.24000000,131610.95900000,1776830399999999,11513819.81913000,42106,78793.86900000,6894399.96144000,0
1776830400000000,87.25000000,87.33000000,86.97000000,87.08000000,58817.76100000,1776833999999999,5125956.80171000,21233,33410.51500000,2911996.94289000,0
1776834000000000,87.08000000,88.33000000,87.01000000,88.02000000,276098.05300000,1776837599999999,24268162.69215000,57155,162284.34600000,14274445.37142000,0
1776837600000000,88.02000000,88.19000000,87.79000000,87.96000000,142534.28600000,1776841199999999,12543232.23060000,27697,85155.65600000,7495057.72292000,0
1776841200000000,87.96000000,88.27000000,87.70000000,88.05000000,138120.08100000,1776844799999999,12152198.10041000,26900,72964.21500000,6420482.78596000,0
1776844800000000,88.06000000,88.29000000,87.60000000,88.01000000,129429.89400000,1776848399999999,11376258.00866000,29882,67970.83700000,5975467.95302000,0
1776848400000000,88.00000000,88.88000000,87.83000000,88.30000000,167123.19200000,1776851999999999,14782935.13024000,40758,98678.18000000,8727346.38670000,0
1776852000000000,88.30000000,88.43000000,88.13000000,88.33000000,59553.37300000,1776855599999999,5257800.99298000,18338,34676.98300000,3061632.65303000,0
1776855600000000,88.34000000,88.50000000,88.16000000,88.31000000,52236.22500000,1776859199999999,4612021.86224000,17281,30467.70700000,2690288.73165000,0
1776859200000000,88.31000000,88.67000000,88.22000000,88.58000000,128408.46400000,1776862799999999,11356114.09187000,34882,65553.80600000,5797992.28434000,0
1776862800000000,88.58000000,89.18000000,88.44000000,89.10000000,226273.15100000,1776866399999999,20106584.75628000,62869,136182.36800000,12104333.10254000,0
1776866400000000,89.10000000,89.32000000,88.47000000,88.75000000,254829.98500000,1776869999999999,22659960.73885000,63323,118498.47800000,10539217.66857000,0
1776870000000000,88.74000000,88.81000000,87.99000000,88.18000000,220060.94400000,1776873599999999,19434614.47900000,45873,100553.71500000,8879727.94658000,0
1776873600000000,88.19000000,88.46000000,87.53000000,87.65000000,177009.72800000,1776877199999999,15569661.27933000,42662,95650.16000000,8413610.84223000,0
1776877200000000,87.65000000,88.02000000,87.63000000,87.83000000,102242.70700000,1776880799999999,8982305.47434000,27376,61554.20900000,5408814.08864000,0
1776880800000000,87.83000000,88.37000000,87.80000000,87.81000000,78895.42900000,1776884399999999,6949207.60058000,19535,41958.25800000,3694482.31205000,0
1776884400000000,87.82000000,87.83000000,87.09000000,87.37000000,142486.93000000,1776887999999999,12466762.72732000,34728,73583.39200000,6439098.15851000,0
1776888000000000,87.38000000,87.49000000,87.09000000,87.14000000,51156.84100000,1776891599999999,4463790.96411000,14914,18761.93200000,1637107.41162000,0
1776891600000000,87.14000000,87.67000000,87.12000000,87.60000000,38391.91400000,1776895199999999,3355591.19936000,12281,23747.50800000,2075737.75959000,0
1776895200000000,87.59000000,87.72000000,87.30000000,87.43000000,42600.27700000,1776898799999999,3724995.13271000,17381,17877.14100000,1563088.07918000,0
1776898800000000,87.43000000,87.47000000,86.81000000,86.87000000,83802.20900000,1776902399999999,7293816.31181000,22297,47028.65700000,4094023.86073000,0
1776902400000000,86.86000000,87.18000000,85.97000000,86.86000000,172699.66700000,1776905999999999,14973273.34086000,46435,91312.49000000,7922264.62234000,0
1776906000000000,86.87000000,86.87000000,86.12000000,86.44000000,91214.74100000,1776909599999999,7879340.33557000,24713,49518.35300000,4277210.72375000,0
1776909600000000,86.43000000,86.44000000,85.73000000,85.95000000,106182.20200000,1776913199999999,9137230.44558000,31719,47625.36300000,4098484.49214000,0
1776913200000000,85.94000000,86.09000000,85.48000000,85.79000000,73218.06100000,1776916799999999,6277381.38770000,23793,30883.21400000,2648825.03476000,0
1776916800000000,85.78000000,86.00000000,85.65000000,85.96000000,64355.95500000,1776920399999999,5524959.77339000,16391,39442.59800000,3386552.75925000,0
1776920400000000,85.96000000,86.13000000,85.51000000,85.87000000,98369.17800000,1776923999999999,8445928.33450000,26387,47314.06200000,4062260.96771000,0
1776924000000000,85.87000000,86.23000000,85.84000000,86.18000000,74788.93900000,1776927599999999,6437971.75817000,19734,45469.20800000,3914069.89903000,0
1776927600000000,86.19000000,86.24000000,85.86000000,85.90000000,70942.29300000,1776931199999999,6106448.01638000,16925,39771.08200000,3424248.48488000,0
1776931200000000,85.91000000,85.94000000,85.54000000,85.69000000,95461.86400000,1776934799999999,8185696.98368000,25565,40830.17400000,3501028.42367000,0
1776934800000000,85.68000000,85.69000000,85.25000000,85.51000000,75732.37300000,1776938399999999,6474680.79749000,20523,32920.81200000,2815251.64760000,0
1776938400000000,85.51000000,85.60000000,85.20000000,85.41000000,73948.86700000,1776941999999999,6313352.02907000,19953,37531.30100000,3204155.23475000,0
1776942000000000,85.42000000,85.90000000,85.36000000,85.81000000,84102.28100000,1776945599999999,7202726.34721000,20232,56565.21500000,4845566.27294000,0
1776945600000000,85.82000000,86.10000000,85.69000000,85.97000000,80870.77600000,1776949199999999,6950139.11646000,24385,41900.58000000,3601382.31995000,0
1776949200000000,85.97000000,86.04000000,85.57000000,85.77000000,122926.00600000,1776952799999999,10546141.77325000,27091,77554.91200000,6654013.20132000,0
1776952800000000,85.76000000,86.19000000,85.55000000,86.06000000,115785.77700000,1776956399999999,9944443.23019000,33577,74494.84500000,6397799.36120000,0
1776956400000000,86.05000000,86.66000000,85.81000000,86.35000000,268215.49800000,1776959999999999,23142044.26241000,53610,136665.76100000,11792891.61519000,0
1776960000000000,86.36000000,86.42000000,85.78000000,85.81000000,162577.29200000,1776963599999999,14008970.23379000,41169,75114.87800000,6474557.23407000,0
1776963600000000,85.82000000,85.88000000,84.48000000,85.34000000,382435.06000000,1776967199999999,32539949.46744000,114035,172922.92700000,14716567.50638000,0
1776967200000000,85.35000000,85.68000000,85.23000000,85.26000000,158433.07500000,1776970799999999,13539188.84449000,53238,102058.41900000,8722281.67678000,0
1776970800000000,85.26000000,85.58000000,85.15000000,85.30000000,188600.33900000,1776974399999999,16096002.81381000,48686,128994.97000000,11008609.22395000,0
1776974400000000,85.30000000,85.85000000,85.29000000,85.61000000,106937.59800000,1776977999999999,9156615.28883000,26575,73181.08500000,6266260.50566000,0
1776978000000000,85.61000000,86.01000000,85.52000000,85.79000000,63174.88100000,1776981599999999,5418224.86741000,25783,35103.59800000,3009419.83506000,0
1776981600000000,85.80000000,86.25000000,85.80000000,85.97000000,100121.32200000,1776985199999999,8618741.76786000,32085,43138.34600000,3713929.61119000,0
1776985200000000,85.96000000,86.20000000,85.58000000,86.12000000,63569.19400000,1776988799999999,5461896.16418000,16996,31242.92100000,2685366.17557000,0
1776988800000000,86.12000000,86.36000000,86.04000000,86.19000000,58919.73000000,1776992399999999,5080025.40869000,19386,34735.09100000,2995246.32799000,0
1776992400000000,86.19000000,86.32000000,85.82000000,86.28000000,43107.55400000,1776995999999999,3709097.26337000,15711,18777.60800000,1616097.93040000,0
1776996000000000,86.28000000,86.36000000,85.78000000,85.89000000,30027.97600000,1776999599999999,2584344.78506000,13340,13381.44600000,1152259.07933000,0
1776999600000000,85.89000000,85.94000000,85.40000000,85.69000000,92613.02700000,1777003199999999,7932993.11709000,30020,46264.39500000,3962567.81031000,0
1777003200000000,85.69000000,85.71000000,85.14000000,85.32000000,53578.90700000,1777006799999999,4575446.99996000,17210,28864.25000000,2464845.30102000,0
1777006800000000,85.31000000,85.82000000,85.15000000,85.70000000,102036.13900000,1777010399999999,8718439.91494000,22314,53825.59400000,4599194.60797000,0
1777010400000000,85.70000000,85.73000000,85.33000000,85.44000000,43334.76200000,1777013999999999,3706569.26862000,12939,23190.12700000,1983714.86318000,0
1777014000000000,85.44000000,85.62000000,85.34000000,85.51000000,88411.57900000,1777017599999999,7554381.33344000,18476,59050.44000000,5045523.29677000,0
1777017600000000,85.50000000,85.73000000,85.29000000,85.34000000,84858.03500000,1777021199999999,7251772.04523000,17083,51884.58900000,4434555.96507000,0
1777021200000000,85.35000000,85.48000000,84.92000000,85.48000000,91687.32700000,1777024799999999,7807441.01057000,20841,40716.35100000,3468791.66825000,0
1777024800000000,85.47000000,85.76000000,85.18000000,85.71000000,71177.26500000,1777028399999999,6086239.07975000,18789,40921.28000000,3499563.25738000,0
1777028400000000,85.72000000,86.28000000,85.71000000,86.19000000,153894.16800000,1777031999999999,13244753.85369000,37651,83780.60100000,7208605.32735000,0
1777032000000000,86.20000000,86.79000000,86.06000000,86.33000000,163867.00200000,1777035599999999,14165584.66555000,39535,73788.40200000,6378368.87469000,0
1777035600000000,86.34000000,86.60000000,85.86000000,86.09000000,109644.85600000,1777039199999999,9455087.46487000,38547,50667.64100000,4369894.28622000,0
1777039200000000,86.08000000,86.23000000,85.67000000,86.05000000,89286.63100000,1777042799999999,7674826.96693000,39910,42132.82200000,3622211.99878000,0
1777042800000000,86.05000000,86.56000000,85.53000000,86.52000000,106778.77700000,1777046399999999,9190686.34646000,36558,49999.78400000,4305164.03796000,0
1777046400000000,86.52000000,86.58000000,86.09000000,86.35000000,74474.28200000,1777049999999999,6427691.49372000,28903,28756.46800000,2482330.62611000,0
1777050000000000,86.34000000,86.56000000,86.12000000,86.49000000,55769.85600000,1777053599999999,4818636.87089000,21709,26300.37800000,2272492.97907000,0
1777053600000000,86.49000000,86.54000000,85.95000000,86.36000000,36132.27000000,1777057199999999,3117721.42277000,17449,18730.76200000,1616648.25873000,0
1777057200000000,86.37000000,86.53000000,86.25000000,86.33000000,43896.72100000,1777060799999999,3789613.49955000,15743,24984.41400000,2156983.42103000,0
1777060800000000,86.32000000,86.90000000,86.22000000,86.85000000,104016.01500000,1777064399999999,9005934.84790000,23248,55151.91100000,4777714.98689000,0
1777064400000000,86.85000000,86.94000000,86.36000000,86.46000000,54955.94700000,1777067999999999,4760564.88892000,17856,22793.39800000,1974700.64615000,0
1777068000000000,86.45000000,86.46000000,86.10000000,86.17000000,43500.12400000,1777071599999999,3753581.50081000,14664,16317.68300000,1408042.24786000,0
1777071600000000,86.18000000,86.30000000,86.15000000,86.18000000,22605.71300000,1777075199999999,1948817.62417000,8054,13877.54600000,1196400.14076000,0
1777075200000000,86.18000000,86.26000000,86.03000000,86.23000000,28986.53600000,1777078799999999,2496891.30300000,7662,13646.59800000,1175596.91044000,0
1777078800000000,86.23000000,86.36000000,86.13000000,86.27000000,24186.90500000,1777082399999999,2085863.50288000,7122,12653.42000000,1091293.87336000,0
1777082400000000,86.28000000,86.40000000,86.16000000,86.29000000,22169.58800000,1777085999999999,1912625.25867000,6693,8522.19600000,735291.85389000,0
1777086000000000,86.28000000,86.50000000,86.27000000,86.46000000,21495.79900000,1777089599999999,1857206.51261000,6416,15482.46600000,1337792.95467000,0
1777089600000000,86.46000000,86.51000000,86.29000000,86.34000000,20095.54100000,1777093199999999,1736111.35666000,7328,10554.49500000,911885.73548000,0
1777093200000000,86.34000000,86.34000000,86.11000000,86.20000000,38638.35000000,1777096799999999,3329799.43105000,13688,25453.57000000,2193473.30025000,0
1777096800000000,86.20000000,86.66000000,86.19000000,86.45000000,42154.63500000,1777100399999999,3642590.61099000,12088,23214.27100000,2005798.32059000,0
1777100400000000,86.45000000,86.51000000,86.25000000,86.36000000,58814.02500000,1777103999999999,5079766.18029000,11574,24437.06000000,2110501.55756000,0
1777104000000000,86.36000000,86.80000000,86.30000000,86.63000000,74414.26900000,1777107599999999,6443537.86496000,19486,34704.10500000,3004328.83610000,0
1777107600000000,86.62000000,86.80000000,86.57000000,86.58000000,35097.57400000,1777111199999999,3041728.16836000,13176,14651.45700000,1269897.44787000,0
1777111200000000,86.58000000,86.73000000,86.57000000,86.63000000,23513.24900000,1777114799999999,2037209.17728000,8051,11640.24100000,1008535.14676000,0
1777114800000000,86.63000000,86.64000000,86.25000000,86.36000000,47570.77500000,1777118399999999,4110518.26635000,16813,27850.99400000,2406570.56712000,0
1777118400000000,86.36000000,86.43000000,86.23000000,86.39000000,35887.94500000,1777121999999999,3098975.29054000,13403,21407.54100000,1848570.09429000,0
1777122000000000,86.39000000,86.67000000,86.38000000,86.61000000,33820.92600000,1777125599999999,2928306.52365000,10917,12587.46200000,1089611.15025000,0
1777125600000000,86.61000000,86.66000000,86.46000000,86.47000000,30516.35100000,1777129199999999,2642417.70722000,13564,7877.11000000,682134.49351000,0
1777129200000000,86.46000000,86.64000000,86.10000000,86.22000000,34293.68600000,1777132799999999,2962738.97316000,12258,12499.15900000,1080221.80753000,0
1777132800000000,86.22000000,86.33000000,85.61000000,85.88000000,90095.57800000,1777136399999999,7746193.88171000,23150,47655.70200000,4097143.01729000,0
1777136400000000,85.88000000,85.88000000,85.55000000,85.57000000,65893.50400000,1777139999999999,5648413.65238000,17465,27854.42200000,2388174.41622000,0
1777140000000000,85.56000000,85.82000000,85.53000000,85.70000000,132658.50400000,1777143599999999,11369201.29923000,17578,96197.42100000,8244591.05225000,0
1777143600000000,85.69000000,85.72000000,85.55000000,85.68000000,47083.52900000,1777147199999999,4031967.19438000,10162,13677.67700000,1171374.94394000,0
1777147200000000,85.68000000,85.92000000,85.61000000,85.90000000,19049.10400000,1777150799999999,1634509.47241000,8446,8562.93500000,734819.42225000,0
1777150800000000,85.90000000,86.11000000,85.74000000,85.91000000,60195.90100000,1777154399999999,5174975.92468000,21859,18875.29900000,1622269.04931000,0
1777154400000000,85.91000000,86.18000000,85.86000000,86.11000000,26636.79900000,1777157999999999,2292795.01289000,14438,12192.16500000,1049408.95567000,0
1777158000000000,86.11000000,86.20000000,86.04000000,86.18000000,20663.36300000,1777161599999999,1779408.55732000,6738,11513.82900000,991580.69125000,0
1777161600000000,86.19000000,86.22000000,85.93000000,86.03000000,21382.91900000,1777165199999999,1840925.26879000,7741,10373.82300000,893167.34510000,0
1777165200000000,86.03000000,86.13000000,85.97000000,85.97000000,20257.17000000,1777168799999999,1742788.85512000,6795,9589.13900000,825035.27923000,0
1777168800000000,85.97000000,86.40000000,85.97000000,86.40000000,41425.66700000,1777172399999999,3573357.86774000,9524,26390.33600000,2276816.06763000,0
1777172400000000,86.40000000,86.46000000,85.84000000,85.99000000,79527.90200000,1777175999999999,6847567.68909000,14664,29697.96300000,2555020.84192000,0
1777176000000000,85.99000000,86.73000000,85.92000000,86.45000000,94667.56100000,1777179599999999,8179598.14460000,24504,49818.87900000,4303071.38959000,0
1777179600000000,86.44000000,86.70000000,86.15000000,86.45000000,142921.57900000,1777183199999999,12361401.53205000,25852,82862.35300000,7166337.19504000,0
1777183200000000,86.44000000,86.59000000,86.38000000,86.50000000,22622.75200000,1777186799999999,1956430.65982000,8459,10348.77400000,895038.35710000,0
1777186800000000,86.50000000,86.63000000,86.44000000,86.62000000,22892.85800000,1777190399999999,1980452.00399000,6185,11222.28200000,970921.61232000,0
1777190400000000,86.63000000,86.76000000,86.51000000,86.57000000,37931.66800000,1777193999999999,3286192.06248000,12126,16654.15900000,1442820.80623000,0
1777194000000000,86.57000000,86.59000000,86.46000000,86.55000000,21834.95700000,1777197599999999,1889159.58605000,7632,10474.91000000,906348.01244000,0
1777197600000000,86.54000000,86.61000000,86.42000000,86.48000000,33217.87000000,1777201199999999,2873565.13596000,8275,18179.74500000,1572484.41617000,0
1777201200000000,86.47000000,86.64000000,86.46000000,86.48000000,29754.69200000,1777204799999999,2574323.62653000,10575,15283.97100000,1322392.82938000,0
1777204800000000,86.49000000,86.49000000,85.90000000,86.09000000,109065.47700000,1777208399999999,9397422.42501000,22454,50799.10000000,4378014.52597000,0
1777208400000000,86.09000000,86.27000000,85.97000000,86.12000000,97003.61500000,1777211999999999,8352111.16108000,19918,52154.07400000,4490529.18887000,0
1777212000000000,86.12000000,86.50000000,86.06000000,86.42000000,59997.04600000,1777215599999999,5183370.09587000,17663,34351.26800000,2967680.89998000,0
1777215600000000,86.42000000,86.59000000,86.36000000,86.56000000,58213.93100000,1777219199999999,5034772.77261000,16022,21223.63300000,1835702.63012000,0
1777219200000000,86.55000000,86.60000000,86.38000000,86.41000000,36339.70500000,1777222799999999,3143897.09623000,11579,15590.57100000,1348873.27254000,0
1777222800000000,86.42000000,86.59000000,86.27000000,86.53000000,22387.75700000,1777226399999999,1935764.99602000,8380,10513.01600000,909190.40030000,0
1777226400000000,86.53000000,86.99000000,86.43000000,86.82000000,82390.92700000,1777229999999999,7149089.20726000,18412,43527.89400000,3777075.95138000,0
1777230000000000,86.82000000,87.20000000,86.68000000,86.88000000,64929.56900000,1777233599999999,5646097.69598000,18229,35821.35200000,3114898.57692000,0
1777233600000000,86.89000000,86.94000000,86.60000000,86.68000000,39823.07800000,1777237199999999,3456095.34063000,10812,20944.31800000,1817373.47108000,0
1777237200000000,86.69000000,87.14000000,86.19000000,86.83000000,149837.10300000,1777240799999999,12989289.65696000,40585,78197.90900000,6778342.82450000,0
1777240800000000,86.82000000,87.32000000,86.33000000,86.73000000,105092.20400000,1777244399999999,9125463.61788000,34318,53100.37200000,4609689.19391000,0
1777244400000000,86.73000000,87.17000000,86.53000000,86.93000000,59983.44500000,1777247999999999,5208233.89742000,19953,28045.66600000,2435918.60183000,0
1777248000000000,86.93000000,87.40000000,86.53000000,87.35000000,449528.69800000,1777251599999999,39059223.44399000,43805,361260.44700000,31386124.02241000,0
1777251600000000,87.34000000,87.87000000,87.25000000,87.82000000,173120.48200000,1777255199999999,15161796.38207000,50384,71538.33500000,6267304.75962000,0
1777255200000000,87.82000000,88.08000000,87.36000000,87.81000000,107886.37200000,1777258799999999,9468055.39715000,28040,56641.20300000,4972853.91377000,0
1777258800000000,87.81000000,88.07000000,87.69000000,87.72000000,71272.34600000,1777262399999999,6265521.17478000,21057,28781.40600000,2529967.97173000,0
1777262400000000,87.72000000,87.84000000,87.41000000,87.51000000,50545.41100000,1777265999999999,4429821.16677000,17013,18251.23600000,1599660.17152000,0
1777266000000000,87.52000000,87.54000000,85.80000000,85.95000000,334055.43900000,1777269599999999,28840770.09958000,75859,149962.36600000,12941160.37940000,0
1777269600000000,85.95000000,86.06000000,85.42000000,85.72000000,143088.86000000,1777273199999999,12268970.41234000,30997,70631.07400000,6058386.75496000,0
1777273200000000,85.72000000,85.79000000,85.26000000,85.27000000,131489.49200000,1777276799999999,11243953.49945000,27961,75844.84700000,6486347.82905000,0
1777276800000000,85.27000000,85.53000000,85.05000000,85.51000000,144091.35200000,1777280399999999,12290193.63614000,31875,71217.98100000,6075823.14069000,0
1777280400000000,85.51000000,85.63000000,85.15000000,85.49000000,121837.23900000,1777283999999999,10407812.29436000,30499,70551.73100000,6026168.54855000,0
1777284000000000,85.48000000,85.58000000,85.15000000,85.18000000,137125.63700000,1777287599999999,11700045.39235000,21784,61830.55900000,5273082.92659000,0
1777287600000000,85.19000000,85.28000000,85.07000000,85.26000000,47605.48500000,1777291199999999,4054989.90940000,14314,28993.94800000,2469867.62746000,0
1777291200000000,85.26000000,85.26000000,84.91000000,85.09000000,94824.51900000,1777294799999999,8068845.19315000,22788,39873.01600000,3393604.44778000,0
1777294800000000,85.09000000,85.38000000,84.72000000,85.13000000,107504.86600000,1777298399999999,9144790.66668000,39948,46432.52100000,3950370.82663000,0
1777298400000000,85.13000000,85.83000000,85.00000000,85.23000000,128931.46300000,1777301999999999,11005555.21652000,43948,67698.35300000,5778447.60117000,0
1777302000000000,85.23000000,85.24000000,83.63000000,84.17000000,280239.46300000,1777305599999999,23611165.01669000,91414,120482.44300000,10147762.76379000,0
1777305600000000,84.17000000,84.40000000,84.04000000,84.29000000,87373.32400000,1777309199999999,7358153.42578000,29483,38082.92100000,3208296.06798000,0
1777309200000000,84.28000000,84.69000000,84.27000000,84.47000000,69647.05500000,1777312799999999,5885031.48826000,22062,38220.66100000,3229333.93459000,0
1777312800000000,84.47000000,84.70000000,84.42000000,84.57000000,35052.61600000,1777316399999999,2963851.66981000,13823,18766.62900000,1586809.18225000,0
1777316400000000,84.57000000,84.66000000,83.83000000,84.19000000,103227.31700000,1777319999999999,8690249.68634000,25631,42554.40500000,3582350.60084000,0
1777320000000000,84.18000000,84.35000000,84.14000000,84.29000000,45598.60600000,1777323599999999,3841837.14823000,13254,23244.40400000,1958488.01475000,0
1777323600000000,84.28000000,84.51000000,84.11000000,84.27000000,36976.65000000,1777327199999999,3117665.46475000,13705,21550.43400000,1816987.05661000,0
1777327200000000,84.27000000,84.61000000,84.19000000,84.54000000,43183.23000000,1777330799999999,3645936.80249000,13366,22379.91300000,1888806.62804000,0
1777330800000000,84.53000000,84.90000000,84.46000000,84.82000000,64895.76900000,1777334399999999,5494952.79966000,14509,38640.52500000,3272449.91438000,0
1777334400000000,84.82000000,84.93000000,84.59000000,84.83000000,38462.11600000,1777337999999999,3259962.11478000,14149,19201.17400000,1627437.86934000,0
1777338000000000,84.82000000,84.87000000,84.39000000,84.40000000,33356.18400000,1777341599999999,2821720.21637000,12203,18234.92800000,1542730.96523000,0
1777341600000000,84.40000000,84.64000000,83.90000000,84.18000000,77933.31400000,1777345199999999,6570842.90755000,18887,32978.94800000,2781911.98538000,0
1777345200000000,84.17000000,84.20000000,84.02000000,84.17000000,32325.58300000,1777348799999999,2718164.30587000,13958,13503.68900000,1135470.55895000,0
1777348800000000,84.18000000,84.43000000,83.79000000,84.06000000,309426.20200000,1777352399999999,25992260.86854000,25695,215226.29000000,18073924.87524000,0
1777352400000000,84.06000000,84.43000000,84.02000000,84.20000000,91923.26000000,1777355999999999,7742212.29252000,17551,45703.78500000,3849969.52333000,0
1777356000000000,84.21000000,84.31000000,83.68000000,83.95000000,64058.07900000,1777359599999999,5380253.17932000,16949,25975.82500000,2181864.20360000,0
1777359600000000,83.95000000,84.06000000,83.65000000,84.02000000,62941.48000000,1777363199999999,5280156.11904000,15562,33306.79500000,2794710.41575000,0
1777363200000000,84.01000000,84.19000000,83.76000000,83.95000000,41869.25400000,1777366799999999,3515730.53745000,12370,18774.89800000,1576863.30249000,0
1777366800000000,83.95000000,83.97000000,83.42000000,83.64000000,55070.64000000,1777370399999999,4609297.28168000,14786,22068.82300000,1847633.36774000,0
1777370400000000,83.64000000,83.82000000,83.63000000,83.82000000,27404.10900000,1777373999999999,2294948.23823000,9249,14917.87300000,1249389.10695000,0
1777374000000000,83.82000000,83.85000000,83.30000000,83.42000000,61291.25400000,1777377599999999,5118878.66826000,19283,27881.79400000,2328618.43830000,0
1777377600000000,83.42000000,83.74000000,83.25000000,83.69000000,85949.18600000,1777381199999999,7173441.49316000,19306,55457.08100000,4629028.79349000,0
1777381200000000,83.68000000,84.00000000,83.20000000,83.55000000,86257.38700000,1777384799999999,7204854.87083000,28724,42838.26200000,3578437.83702000,0
1777384800000000,83.54000000,83.54000000,82.98000000,83.40000000,133500.13200000,1777388399999999,11108194.13825000,37389,55794.49800000,4643162.46505000,0
1777388400000000,83.41000000,83.51000000,83.22000000,83.46000000,65377.95200000,1777391999999999,5452095.08761000,21129,34137.10600000,2846820.15149000,0
1777392000000000,83.46000000,83.69000000,83.32000000,83.59000000,57718.70000000,1777395599999999,4819411.07421000,17638,34587.49200000,2888343.61655000,0
1777395600000000,83.58000000,83.81000000,83.37000000,83.61000000,44206.38000000,1777399199999999,3696245.53143000,14642,26381.96700000,2206185.63192000,0
1777399200000000,83.61000000,83.83000000,83.59000000,83.81000000,38978.85900000,1777402799999999,3262942.79536000,12049,25265.69400000,2115131.07636000,0
1777402800000000,83.81000000,84.02000000,83.70000000,83.89000000,34416.77000000,1777406399999999,2886328.79966000,12140,19125.99900000,1604329.74651000,0
1777406400000000,83.89000000,83.99000000,83.78000000,83.79000000,27939.98000000,1777409999999999,2343195.27942000,9009,13324.66200000,1117630.54689000,0
1777410000000000,83.78000000,83.95000000,83.62000000,83.73000000,39232.45000000,1777413599999999,3287775.68196000,10606,18494.88300000,1549823.15446000,0
1777413600000000,83.73000000,83.99000000,83.58000000,83.72000000,67692.39500000,1777417199999999,5670982.26883000,11858,42135.71300000,3531115.68993000,0
1777417200000000,83.72000000,84.15000000,83.65000000,84.06000000,87062.77700000,1777420799999999,7305368.58126000,12751,48572.78900000,4074962.00140000,0
1777420800000000,84.06000000,84.19000000,83.82000000,84.07000000,106617.56900000,1777424399999999,8956455.47746000,15957,55741.39800000,4682623.01220000,0
1777424400000000,84.06000000,84.22000000,83.81000000,84.10000000,33665.29800000,1777427999999999,2827488.47607000,13154,17926.91300000,1505826.82148000,0
1777428000000000,84.10000000,84.22000000,83.93000000,84.06000000,26097.62900000,1777431599999999,2194087.15204000,8321,11810.74100000,993066.73009000,0
1777431600000000,84.05000000,84.74000000,84.05000000,84.59000000,71307.94000000,1777435199999999,6020898.70021000,18895,39844.02300000,3365789.48548000,0
1777435200000000,84.60000000,85.06000000,84.45000000,84.95000000,79560.48800000,1777438799999999,6744652.81235000,19427,49530.43800000,4199303.41287000,0
1777438800000000,84.96000000,85.00000000,84.71000000,84.85000000,66751.66800000,1777442399999999,5662590.99921000,14857,33366.89700000,2830834.93345000,0
1777442400000000,84.84000000,85.00000000,84.54000000,84.63000000,74304.65800000,1777445999999999,6299940.49590000,12000,26950.86000000,2285065.17613000,0
1777446000000000,84.63000000,84.86000000,84.60000000,84.71000000,55474.77100000,1777449599999999,4699320.92687000,11101,25342.12000000,2146997.91974000,0
1777449600000000,84.71000000,84.75000000,84.36000000,84.52000000,44525.87400000,1777453199999999,3764038.70285000,11968,21161.00700000,1789035.57270000,0
1777453200000000,84.51000000,85.56000000,83.20000000,85.29000000,281886.94700000,1777456799999999,23969478.20080000,42841,110836.15100000,9430655.55507000,0
1777456800000000,85.30000000,85.55000000,85.13000000,85.14000000,123673.97100000,1777460399999999,10560839.41696000,23161,57806.18400000,4936488.37102000,0
1777460400000000,85.14000000,85.16000000,84.80000000,84.91000000,127030.90000000,1777463999999999,10794191.58919000,16289,53085.45400000,4511260.66003000,0
1777464000000000,84.91000000,84.92000000,83.93000000,84.24000000,164587.67600000,1777467599999999,13870299.53898000,31994,64999.98300000,5476704.65066000,0
1777467600000000,84.24000000,84.28000000,83.65000000,84.00000000,109132.31700000,1777471199999999,9163250.59055000,35978,41889.70200000,3518208.68510000,0
1777471200000000,84.01000000,84.05000000,83.65000000,83.85000000,85181.81800000,1777474799999999,7144476.22242000,25528,32670.27300000,2739984.56978000,0
1777474800000000,83.85000000,83.93000000,83.00000000,83.26000000,207594.12900000,1777478399999999,17294380.51966000,42892,78821.03000000,6565556.12921000,0
1777478400000000,83.25000000,83.65000000,82.97000000,83.13000000,110938.65400000,1777481999999999,9233527.17866000,25029,44470.59700000,3702447.25560000,0
1777482000000000,83.14000000,83.37000000,82.74000000,83.36000000,94361.89800000,1777485599999999,7835492.20723000,26724,53837.89000000,4470743.51999000,0
1777485600000000,83.36000000,83.44000000,81.40000000,82.30000000,381086.93900000,1777489199999999,31226377.50436000,95134,182637.61800000,14962761.53536000,0
1777489200000000,82.30000000,82.36000000,82.00000000,82.19000000,98013.99100000,1777492799999999,8054476.84449000,25340,46315.51900000,3805888.19053000,0
1777492800000000,82.20000000,82.81000000,82.17000000,82.62000000,87281.45400000,1777496399999999,7196123.28266000,24856,49125.96200000,4050244.71198000,0
1777496400000000,82.62000000,83.22000000,82.52000000,82.91000000,71149.84400000,1777499999999999,5896458.69899000,18591,39374.18400000,3263290.07512000,0
1777500000000000,82.91000000,83.13000000,82.81000000,83.07000000,38321.76400000,1777503599999999,3180198.32053000,10413,23778.67500000,1973390.17460000,0
1777503600000000,83.07000000,83.11000000,82.82000000,83.04000000,37515.39900000,1777507199999999,3113849.11228000,10855,20678.25000000,1716491.24371000,0
1777507200000000,83.05000000,84.01000000,83.05000000,83.81000000,135602.64400000,1777510799999999,11324846.31599000,33062,85084.71200000,7105888.36189000,0
1777510800000000,83.80000000,84.00000000,83.66000000,83.75000000,60974.87400000,1777514399999999,5112558.66638000,20326,31379.35700000,2631299.29526000,0
1777514400000000,83.75000000,83.96000000,82.70000000,82.98000000,87928.98800000,1777517999999999,7321394.87600000,37985,40271.41100000,3353843.68102000,0
1777518000000000,82.98000000,83.24000000,82.86000000,83.06000000,34343.42300000,1777521599999999,2851269.17207000,15370,22198.75300000,1842823.05248000,0
1777521600000000,83.06000000,83.09000000,82.37000000,82.39000000,65352.69800000,1777525199999999,5398488.61605000,20428,28989.52500000,2395121.41014000,0
1777525200000000,82.40000000,82.79000000,82.16000000,82.57000000,55332.06000000,1777528799999999,4567922.41790000,16259,32847.51400000,2712511.37206000,0
1777528800000000,82.57000000,83.05000000,82.53000000,82.94000000,41984.12200000,1777532399999999,3476592.85456000,15133,21014.01800000,1740593.36615000,0
1777532400000000,82.95000000,83.39000000,82.90000000,83.35000000,95647.33500000,1777535999999999,7952063.19895000,26386,44594.14000000,3708085.11574000,0
1777536000000000,83.35000000,83.43000000,83.12000000,83.13000000,69631.31300000,1777539599999999,5797911.99841000,17621,35622.69900000,2966223.27539000,0
1777539600000000,83.12000000,83.55000000,83.06000000,83.15000000,41720.70300000,1777543199999999,3474341.13877000,14430,22209.65200000,1850194.85983000,0
1777543200000000,83.14000000,83.22000000,82.92000000,83.00000000,39540.48800000,1777546799999999,3283130.07590000,12092,19146.30100000,1590051.58454000,0
1777546800000000,83.01000000,83.39000000,82.79000000,83.01000000,60285.66200000,1777550399999999,5009104.58214000,17441,31039.37300000,2580156.57289000,0
1777550400000000,83.01000000,83.48000000,82.99000000,83.22000000,51331.05000000,1777553999999999,4273177.86381000,15856,30351.94100000,2526964.93899000,0
1777554000000000,83.22000000,83.56000000,82.88000000,83.21000000,61084.35800000,1777557599999999,5083187.89105000,26506,28605.25700000,2381034.59431000,0
1777557600000000,83.22000000,83.42000000,82.69000000,83.23000000,88355.98000000,1777561199999999,7341462.78274000,32698,39666.39200000,3295756.70608000,0
1777561200000000,83.23000000,83.83000000,83.03000000,83.36000000,87142.85800000,1777564799999999,7267547.14090000,29551,45521.46400000,3797061.00001000,0
1777564800000000,83.36000000,83.43000000,82.94000000,83.02000000,36573.76800000,1777568399999999,3042221.59321000,16465,16183.85600000,1346451.63550000,0
1777568400000000,83.02000000,83.14000000,82.87000000,83.04000000,56559.86800000,1777571999999999,4693858.34710000,24558,38207.31500000,3170814.66424000,0
1777572000000000,83.03000000,83.31000000,82.98000000,83.07000000,33383.34100000,1777575599999999,2775463.91613000,14054,21205.73000000,1763081.84302000,0
1777575600000000,83.06000000,83.29000000,83.00000000,83.04000000,45383.69100000,1777579199999999,3773046.26790000,17833,30559.77900000,2540509.52043000,0
1777579200000000,83.04000000,83.19000000,82.97000000,83.09000000,38846.04600000,1777582799999999,3227924.21730000,19707,26088.16400000,2167803.87546000,0
1777582800000000,83.10000000,83.14000000,82.83000000,82.85000000,31868.21600000,1777586399999999,2644624.61571000,16647,18157.27700000,1506715.33397000,0
1777586400000000,82.86000000,83.04000000,82.78000000,82.85000000,32161.66700000,1777589999999999,2665769.06165000,14221,17186.01600000,1424424.57610000,0
1777590000000000,82.85000000,83.09000000,82.85000000,83.09000000,21556.45800000,1777593599999999,1789191.60140000,6901,9307.03300000,772499.44541000,0
